sample_index,cycle,capture_step_index,step,closed_loop,zc_event,info_hex,phase_A,phase_B,phase_C,vcom_adc,sw_vcom,floating_phase,bemf_calc,BEMF_prev,BEMF_curr,ccr_target,ccr_current,timestamp_start,timestamp_prev,timestamp_curr,timestamp_zc,sample_duration_us,zc_duration_us,sample_interval_us,interpolation_offset_us,elapsed_since_zc_us,delay_target_us,delay_limited_us,delay_trigger_us,delay_PAR
1,1,1,1,0,0,0x01,3,19,31,28,17.667,31.000,13.333,13,14,220,220,25657,34481,34531,,8874,,50,,,,,,50
2,1,1,1,0,0,0x01,3,20,33,29,18.667,33.000,14.333,14,15,220,220,25657,34531,34581,,8924,,50,,,,,,50
3,1,1,1,0,0,0x01,3,19,34,30,18.667,34.000,15.333,15,16,220,220,25657,34581,34631,,8974,,50,,,,,,50
4,1,1,1,0,0,0x01,3,19,36,31,19.333,36.000,16.667,16,17,220,220,25657,34631,34681,,9024,,50,,,,,,50
5,1,1,1,0,0,0x01,3,20,37,31,20.000,37.000,17.000,17,17,220,220,25657,34681,34731,,9074,,50,,,,,,50
6,1,1,1,0,0,0x01,4,20,39,32,21.000,39.000,18.000,17,18,220,220,25657,34731,34781,,9124,,50,,,,,,50
7,1,1,1,0,0,0x01,4,20,40,32,21.333,40.000,18.667,18,19,220,220,25657,34781,34831,,9174,,50,,,,,,50
8,1,1,1,0,0,0x01,4,20,41,32,21.667,41.000,19.333,19,20,220,220,25657,34831,34881,,9224,,50,,,,,,50
9,1,1,1,0,0,0x01,4,20,43,33,22.333,43.000,20.667,20,21,220,220,25657,34881,34931,,9274,,50,,,,,,50
10,1,1,1,0,0,0x01,4,20,44,33,22.667,44.000,21.333,21,22,220,220,25657,34931,34981,,9324,,50,,,,,,50
11,1,1,1,0,0,0x01,4,20,46,34,23.333,46.000,22.667,22,23,220,220,25657,34981,35031,,9374,,50,,,,,,50
12,1,1,1,0,0,0x01,4,20,47,34,23.667,47.000,23.333,23,24,220,220,25657,35031,35081,,9424,,50,,,,,,50
13,1,1,1,0,0,0x01,4,20,48,35,24.000,48.000,24.000,24,24,220,220,25657,35081,35131,,9474,,50,,,,,,50
14,1,1,1,0,0,0x01,8,21,50,36,26.333,50.000,23.667,24,24,220,220,25657,35131,35181,,9524,,50,,,,,,50
15,1,1,1,0,0,0x01,4,20,51,36,25.000,51.000,26.000,24,26,220,220,25657,35181,35231,,9574,,50,,,,,,50
16,1,1,1,0,0,0x01,4,20,52,36,25.333,52.000,26.667,26,27,220,220,25657,35231,35281,,9624,,50,,,,,,50
17,1,1,1,0,0,0x01,4,21,53,36,26.000,53.000,27.000,27,27,220,220,25657,35281,35331,,9674,,50,,,,,,50
18,1,1,1,0,0,0x01,4,21,55,37,26.667,55.000,28.333,27,29,220,220,25657,35331,35381,,9724,,50,,,,,,50
19,1,1,1,0,0,0x01,4,21,57,38,27.333,57.000,29.667,29,30,220,220,25657,35381,35431,,9774,,50,,,,,,50
20,1,1,1,0,0,0x01,4,21,57,38,27.333,57.000,29.667,30,30,220,220,25657,35431,35481,,9824,,50,,,,,,50
21,1,2,2,0,0,0x02,2,12,16,21,10.000,12.000,2.000,3,2,220,220,35721,44531,44581,,8860,,50,,,,,,50
22,1,2,2,0,0,0x02,2,10,17,20,9.667,10.000,0.333,2,1,220,220,35721,44581,44631,,8910,,50,,,,,,50
23,1,2,2,0,0,0x02,2,9,17,20,9.333,9.000,-0.333,1,0,220,220,35721,44631,44681,,8960,,50,,,,,,50
24,1,2,2,0,0,0x02,2,8,17,19,9.000,8.000,-1.000,0,-1,220,220,35721,44681,44731,,9010,,50,,,,,,50
25,1,2,2,0,0,0x02,2,6,17,19,8.333,6.000,-2.333,-1,-2,220,220,35721,44731,44781,,9060,,50,,,,,,50
26,1,2,2,0,0,0x02,2,5,16,18,7.667,5.000,-2.667,-2,-2,220,220,35721,44781,44831,,9110,,50,,,,,,50
27,1,2,2,0,0,0x02,2,3,16,17,7.000,3.000,-4.000,-2,-4,220,220,35721,44831,44881,,9160,,50,,,,,,50
28,1,2,2,0,0,0x02,2,2,16,17,6.667,2.000,-4.667,-4,-4,220,220,35721,44881,44931,,9210,,50,,,,,,50
29,1,2,2,0,0,0x02,2,1,16,17,6.333,1.000,-5.333,-4,-5,220,220,35721,44931,44981,,9260,,50,,,,,,50
30,1,2,2,0,0,0x02,2,0,16,16,6.000,0.000,-6.000,-5,-6,220,220,35721,44981,45031,,9310,,50,,,,,,50
31,1,2,2,0,0,0x02,2,0,16,15,6.000,0.000,-6.000,-6,-6,220,220,35721,45031,45081,,9360,,50,,,,,,50
32,1,2,2,0,0,0x02,2,0,16,15,6.000,0.000,-6.000,-6,-6,220,220,35721,45081,45131,,9410,,50,,,,,,50
33,1,2,2,0,0,0x02,6,0,16,15,7.333,0.000,-7.333,-6,-7,220,220,35721,45131,45181,,9460,,50,,,,,,50
34,1,2,2,0,0,0x02,1,0,15,14,5.333,0.000,-5.333,-7,-5,220,220,35721,45181,45231,,9510,,50,,,,,,50
35,1,2,2,0,0,0x02,1,0,15,13,5.333,0.000,-5.333,-5,-5,220,220,35721,45231,45281,,9560,,50,,,,,,50
36,1,2,2,0,0,0x02,1,0,15,13,5.333,0.000,-5.333,-5,-5,220,220,35721,45281,45331,,9610,,50,,,,,,50
37,1,2,2,0,0,0x02,1,0,15,13,5.333,0.000,-5.333,-5,-5,220,220,35721,45331,45381,,9660,,50,,,,,,50
38,1,2,2,0,0,0x02,1,0,15,12,5.333,0.000,-5.333,-5,-5,220,220,35721,45381,45431,,9710,,50,,,,,,50
39,1,2,2,0,0,0x02,1,0,15,12,5.333,0.000,-5.333,-5,-5,220,220,35721,45431,45481,,9760,,50,,,,,,50
40,1,2,2,0,0,0x02,1,0,15,11,5.333,0.000,-5.333,-5,-5,220,220,35721,45481,45531,,9810,,50,,,,,,50
41,1,3,3,0,0,0x03,26,2,18,26,15.333,26.000,10.667,11,11,220,220,45805,54581,54631,,8826,,50,,,,,,50
42,1,3,3,0,0,0x03,27,2,17,26,15.333,27.000,11.667,11,12,220,220,45805,54631,54681,,8876,,50,,,,,,50
43,1,3,3,0,0,0x03,28,2,18,27,16.000,28.000,12.000,12,12,220,220,45805,54681,54731,,8926,,50,,,,,,50
44,1,3,3,0,0,0x03,29,2,18,26,16.333,29.000,12.667,12,13,220,220,45805,54731,54781,,8976,,50,,,,,,50
45,1,3,3,0,0,0x03,31,2,18,27,17.000,31.000,14.000,13,14,220,220,45805,54781,54831,,9026,,50,,,,,,50
46,1,3,3,0,0,0x03,31,2,17,28,16.667,31.000,14.333,14,15,220,220,45805,54831,54881,,9076,,50,,,,,,50
47,1,3,3,0,0,0x03,33,2,17,28,17.333,33.000,15.667,15,16,220,220,45805,54881,54931,,9126,,50,,,,,,50
48,1,3,3,0,0,0x03,34,2,18,29,18.000,34.000,16.000,16,16,220,220,45805,54931,54981,,9176,,50,,,,,,50
49,1,3,3,0,0,0x03,35,2,17,29,18.000,35.000,17.000,16,17,220,220,45805,54981,55031,,9226,,50,,,,,,50
50,1,3,3,0,0,0x03,36,3,18,30,19.000,36.000,17.000,17,17,220,220,45805,55031,55081,,9276,,50,,,,,,50
51,1,3,3,0,0,0x03,38,2,17,30,19.000,38.000,19.000,17,19,220,220,45805,55081,55131,,9326,,50,,,,,,50
52,1,3,3,0,0,0x03,43,3,18,31,21.333,43.000,21.667,19,22,220,220,45805,55131,55181,,9376,,50,,,,,,50
53,1,3,3,0,0,0x03,39,3,18,31,20.000,39.000,19.000,22,19,220,220,45805,55181,55231,,9426,,50,,,,,,50
54,1,3,3,0,0,0x03,40,2,18,31,20.000,40.000,20.000,19,20,220,220,45805,55231,55281,,9476,,50,,,,,,50
55,1,3,3,0,0,0x03,42,3,18,32,21.000,42.000,21.000,20,21,220,220,45805,55281,55331,,9526,,50,,,,,,50
56,1,3,3,0,0,0x03,43,2,18,32,21.000,43.000,22.000,21,22,220,220,45805,55331,55381,,9576,,50,,,,,,50
57,1,3,3,0,0,0x03,44,3,18,33,21.667,44.000,22.333,22,23,220,220,45805,55381,55431,,9626,,50,,,,,,50
58,1,3,3,0,0,0x03,45,3,18,33,22.000,45.000,23.000,23,23,220,220,45805,55431,55481,,9676,,50,,,,,,50
59,1,3,3,0,0,0x03,46,3,19,34,22.667,46.000,23.333,23,24,220,220,45805,55481,55531,,9726,,50,,,,,,50
60,1,3,3,0,0,0x03,47,3,19,34,23.000,47.000,24.000,24,24,220,220,45805,55531,55581,,9776,,50,,,,,,50
61,1,4,4,0,0,0x04,18,0,0,7,6.000,0.000,-6.000,-6,-6,220,220,55870,64631,64681,,8811,,50,,,,,,50
62,1,4,4,0,0,0x04,17,0,0,7,5.667,0.000,-5.667,-6,-5,220,220,55870,64681,64731,,8861,,50,,,,,,50
63,1,4,4,0,0,0x04,17,0,0,6,5.667,0.000,-5.667,-5,-5,220,220,55870,64731,64781,,8911,,50,,,,,,50
64,1,4,4,0,0,0x04,18,0,0,5,6.000,0.000,-6.000,-5,-6,220,220,55870,64781,64831,,8961,,50,,,,,,50
65,1,4,4,0,0,0x04,17,0,0,5,5.667,0.000,-5.667,-6,-5,220,220,55870,64831,64881,,9011,,50,,,,,,50
66,1,4,4,0,0,0x04,17,0,0,4,5.667,0.000,-5.667,-5,-5,220,220,55870,64881,64931,,9061,,50,,,,,,50
67,1,4,4,0,0,0x04,17,0,0,4,5.667,0.000,-5.667,-5,-5,220,220,55870,64931,64981,,9111,,50,,,,,,50
68,1,4,4,0,0,0x04,17,0,0,3,5.667,0.000,-5.667,-5,-5,220,220,55870,64981,65031,,9161,,50,,,,,,50
69,1,4,4,0,0,0x04,17,0,0,3,5.667,0.000,-5.667,-5,-5,220,220,55870,65031,65081,,9211,,50,,,,,,50
70,1,4,4,0,0,0x04,18,0,0,2,6.000,0.000,-6.000,-5,-6,220,220,55870,65081,65131,,9261,,50,,,,,,50
71,1,4,4,0,0,0x04,22,0,0,2,7.333,0.000,-7.333,-6,-7,220,220,55870,65131,65181,,9311,,50,,,,,,50
72,1,4,4,0,0,0x04,17,0,0,1,5.667,0.000,-5.667,-7,-5,220,220,55870,65181,65231,,9361,,50,,,,,,50
73,1,4,4,0,0,0x04,17,0,0,1,5.667,0.000,-5.667,-5,-5,220,220,55870,65231,65281,,9411,,50,,,,,,50
74,1,4,4,0,0,0x04,17,0,0,0,5.667,0.000,-5.667,-5,-5,220,220,55870,65281,65331,,9461,,50,,,,,,50
75,1,4,4,0,0,0x04,17,0,0,0,5.667,0.000,-5.667,-5,-5,220,220,55870,65331,65381,,9511,,50,,,,,,50
76,1,4,4,0,0,0x04,17,0,0,0,5.667,0.000,-5.667,-5,-5,220,220,55870,65381,65431,,9561,,50,,,,,,50
77,1,4,4,0,0,0x04,17,0,0,0,5.667,0.000,-5.667,-5,-5,220,220,55870,65431,65481,,9611,,50,,,,,,50
78,1,4,4,0,0,0x04,18,0,0,0,6.000,0.000,-6.000,-5,-6,220,220,55870,65481,65531,,9661,,50,,,,,,50
79,1,4,4,0,0,0x04,17,0,0,0,5.667,0.000,-5.667,-6,-5,220,220,55870,65531,45,,9711,,50,,,,,,50
80,1,4,4,0,0,0x04,17,0,0,0,5.667,0.000,-5.667,-5,-5,220,220,55870,45,95,,9761,,50,,,,,,50
81,1,5,5,0,0,0x05,19,0,0,16,6.333,0.000,-6.333,-6,-6,220,220,422,9145,9195,,8773,,50,,,,,,50
82,1,5,5,0,0,0x05,19,0,0,17,6.333,0.000,-6.333,-6,-6,220,220,422,9195,9245,,8823,,50,,,,,,50
83,1,5,5,0,0,0x05,19,1,0,17,6.667,1.000,-5.667,-6,-5,220,220,422,9245,9295,,8873,,50,,,,,,50
84,1,5,5,0,0,0x05,19,2,0,18,7.000,2.000,-5.000,-5,-5,220,220,422,9295,9345,,8923,,50,,,,,,50
85,1,5,5,0,0,0x05,19,4,0,18,7.667,4.000,-3.667,-5,-3,220,220,422,9345,9395,,8973,,50,,,,,,50
86,1,5,5,0,0,0x05,19,5,0,18,8.000,5.000,-3.000,-3,-3,220,220,422,9395,9445,,9023,,50,,,,,,50
87,1,5,5,0,0,0x05,19,7,0,19,8.667,7.000,-1.667,-3,-1,220,220,422,9445,9495,,9073,,50,,,,,,50
88,1,5,5,0,0,0x05,19,8,0,20,9.000,8.000,-1.000,-1,-1,220,220,422,9495,9545,,9123,,50,,,,,,50
89,1,5,5,0,0,0x05,19,9,0,20,9.333,9.000,-0.333,-1,0,220,220,422,9545,9595,,9173,,50,,,,,,50
90,1,5,5,0,0,0x05,24,10,0,21,11.333,10.000,-1.333,0,-1,220,220,422,9595,9645,,9223,,50,,,,,,50
91,1,5,5,0,0,0x05,19,12,0,21,10.333,12.000,1.667,-1,2,220,220,422,9645,9695,,9273,,50,,,,,,50
92,1,5,5,0,0,0x05,19,13,0,21,10.667,13.000,2.333,2,3,220,220,422,9695,9745,,9323,,50,,,,,,50
93,1,5,5,0,0,0x05,20,14,0,22,11.333,14.000,2.667,3,3,220,220,422,9745,9795,,9373,,50,,,,,,50
94,1,5,5,0,0,0x05,19,15,1,22,11.667,15.000,3.333,3,4,220,220,422,9795,9845,,9423,,50,,,,,,50
95,1,5,5,0,0,0x05,20,17,0,23,12.333,17.000,4.667,4,5,220,220,422,9845,9895,,9473,,50,,,,,,50
96,1,5,5,0,0,0x05,20,18,0,24,12.667,18.000,5.333,5,6,220,220,422,9895,9945,,9523,,50,,,,,,50
97,1,5,5,0,0,0x05,20,19,1,24,13.333,19.000,5.667,6,6,220,220,422,9945,9995,,9573,,50,,,,,,50
98,1,5,5,0,0,0x05,20,21,1,25,14.000,21.000,7.000,6,7,220,220,422,9995,10045,,9623,,50,,,,,,50
99,1,5,5,0,0,0x05,20,22,1,25,14.333,22.000,7.667,7,8,220,220,422,10045,10095,,9673,,50,,,,,,50
100,1,5,5,0,0,0x05,20,24,1,25,15.000,24.000,9.000,8,9,220,220,422,10095,10145,,9723,,50,,,,,,50
101,1,6,6,0,0,0x06,0,16,0,14,5.333,0.000,-5.333,-5,-5,220,220,10487,19195,19245,,8758,,50,,,,,,50
102,1,6,6,0,0,0x06,0,17,0,14,5.667,0.000,-5.667,-5,-5,220,220,10487,19245,19295,,8808,,50,,,,,,50
103,1,6,6,0,0,0x06,0,16,0,13,5.333,0.000,-5.333,-5,-5,220,220,10487,19295,19345,,8858,,50,,,,,,50
104,1,6,6,0,0,0x06,0,17,0,13,5.667,0.000,-5.667,-5,-5,220,220,10487,19345,19395,,8908,,50,,,,,,50
105,1,6,6,0,0,0x06,0,16,0,12,5.333,0.000,-5.333,-5,-5,220,220,10487,19395,19445,,8958,,50,,,,,,50
106,1,6,6,0,0,0x06,0,16,0,12,5.333,0.000,-5.333,-5,-5,220,220,10487,19445,19495,,9008,,50,,,,,,50
107,1,6,6,0,0,0x06,0,16,0,11,5.333,0.000,-5.333,-5,-5,220,220,10487,19495,19545,,9058,,50,,,,,,50
108,1,6,6,0,0,0x06,0,16,0,11,5.333,0.000,-5.333,-5,-5,220,220,10487,19545,19595,,9108,,50,,,,,,50
109,1,6,6,0,0,0x06,0,16,0,11,5.333,0.000,-5.333,-5,-5,220,220,10487,19595,19645,,9158,,50,,,,,,50
110,1,6,6,0,0,0x06,0,16,0,10,5.333,0.000,-5.333,-5,-5,220,220,10487,19645,19695,,9208,,50,,,,,,50
111,1,6,6,0,0,0x06,0,16,0,10,5.333,0.000,-5.333,-5,-5,220,220,10487,19695,19745,,9258,,50,,,,,,50
112,1,6,6,0,0,0x06,0,16,0,9,5.333,0.000,-5.333,-5,-5,220,220,10487,19745,19795,,9308,,50,,,,,,50
113,1,6,6,0,0,0x06,0,16,0,9,5.333,0.000,-5.333,-5,-5,220,220,10487,19795,19845,,9358,,50,,,,,,50
114,1,6,6,0,0,0x06,0,16,0,9,5.333,0.000,-5.333,-5,-5,220,220,10487,19845,19895,,9408,,50,,,,,,50
115,1,6,6,0,0,0x06,0,15,0,8,5.000,0.000,-5.000,-5,-5,220,220,10487,19895,19945,,9458,,50,,,,,,50
116,1,6,6,0,0,0x06,0,16,0,8,5.333,0.000,-5.333,-5,-5,220,220,10487,19945,19995,,9508,,50,,,,,,50
117,1,6,6,0,0,0x06,0,15,0,7,5.000,0.000,-5.000,-5,-5,220,220,10487,19995,20045,,9558,,50,,,,,,50
118,1,6,6,0,0,0x06,0,16,0,7,5.333,0.000,-5.333,-5,-5,220,220,10487,20045,20095,,9608,,50,,,,,,50
119,1,6,6,0,0,0x06,0,16,0,7,5.333,0.000,-5.333,-5,-5,220,220,10487,20095,20145,,9658,,50,,,,,,50
120,1,6,6,0,0,0x06,0,16,0,6,5.333,0.000,-5.333,-5,-5,220,220,10487,20145,20195,,9708,,50,,,,,,50
121,2,7,1,0,0,0x01,4,20,43,33,22.333,43.000,20.667,20,21,220,220,20570,29245,29295,,8725,,50,,,,,,50
122,2,7,1,0,0,0x01,4,20,45,33,23.000,45.000,22.000,21,22,220,220,20570,29295,29345,,8775,,50,,,,,,50
123,2,7,1,0,0,0x01,4,20,46,34,23.333,46.000,22.667,22,23,220,220,20570,29345,29395,,8825,,50,,,,,,50
124,2,7,1,0,0,0x01,4,20,47,35,23.667,47.000,23.333,23,24,220,220,20570,29395,29445,,8875,,50,,,,,,50
125,2,7,1,0,0,0x01,4,20,50,36,24.667,50.000,25.333,24,26,220,220,20570,29445,29495,,8925,,50,,,,,,50
126,2,7,1,0,0,0x01,4,21,51,36,25.333,51.000,25.667,26,26,220,220,20570,29495,29545,,8975,,50,,,,,,50
127,2,7,1,0,0,0x01,4,21,52,36,25.667,52.000,26.333,26,27,220,220,20570,29545,29595,,9025,,50,,,,,,50
128,2,7,1,0,0,0x01,8,21,54,37,27.667,54.000,26.333,27,27,220,220,20570,29595,29645,,9075,,50,,,,,,50
129,2,7,1,0,0,0x01,4,21,56,38,27.000,56.000,29.000,27,29,220,220,20570,29645,29695,,9125,,50,,,,,,50
130,2,7,1,0,0,0x01,4,21,57,38,27.333,57.000,29.667,29,30,220,220,20570,29695,29745,,9175,,50,,,,,,50
131,2,7,1,0,0,0x01,4,21,58,38,27.667,58.000,30.333,30,31,220,220,20570,29745,29795,,9225,,50,,,,,,50
132,2,7,1,0,0,0x01,4,21,60,39,28.333,60.000,31.667,31,32,220,220,20570,29795,29845,,9275,,50,,,,,,50
133,2,7,1,0,0,0x01,4,21,61,40,28.667,61.000,32.333,32,33,220,220,20570,29845,29895,,9325,,50,,,,,,50
134,2,7,1,0,0,0x01,4,21,62,40,29.000,62.000,33.000,33,33,220,220,20570,29895,29945,,9375,,50,,,,,,50
135,2,7,1,0,0,0x01,4,21,63,40,29.333,63.000,33.667,33,34,220,220,20570,29945,29995,,9425,,50,,,,,,50
136,2,7,1,0,0,0x01,4,21,65,41,30.000,65.000,35.000,34,35,220,220,20570,29995,30045,,9475,,50,,,,,,50
137,2,7,1,0,0,0x01,4,21,66,41,30.333,66.000,35.667,35,36,220,220,20570,30045,30095,,9525,,50,,,,,,50
138,2,7,1,0,0,0x01,4,21,66,42,30.333,66.000,35.667,36,36,220,220,20570,30095,30145,,9575,,50,,,,,,50
139,2,7,1,0,0,0x01,4,22,68,42,31.333,68.000,36.667,36,37,220,220,20570,30145,30195,,9625,,50,,,,,,50
140,2,7,1,0,0,0x01,4,22,69,42,31.667,69.000,37.333,37,38,220,220,20570,30195,30245,,9675,,50,,,,,,50
141,2,8,2,0,0,0x02,2,17,17,22,12.000,17.000,5.000,6,5,220,220,30636,39295,39345,,8709,,50,,,,,,50
142,2,8,2,0,0,0x02,2,15,17,22,11.333,15.000,3.667,5,4,220,220,30636,39345,39395,,8759,,50,,,,,,50
143,2,8,2,0,0,0x02,2,14,17,21,11.000,14.000,3.000,4,3,220,220,30636,39395,39445,,8809,,50,,,,,,50
144,2,8,2,0,0,0x02,2,13,17,21,10.667,13.000,2.333,3,3,220,220,30636,39445,39495,,8859,,50,,,,,,50
145,2,8,2,0,0,0x02,2,12,17,21,10.333,12.000,1.667,3,2,220,220,30636,39495,39545,,8909,,50,,,,,,50
146,2,8,2,0,0,0x02,2,10,17,20,9.667,10.000,0.333,2,1,220,220,30636,39545,39595,,8959,,50,,,,,,50
147,2,8,2,0,0,0x02,6,8,17,20,10.333,8.000,-2.333,1,-2,220,220,30636,39595,39645,,9009,,50,,,,,,50
148,2,8,2,0,0,0x02,2,7,17,19,8.667,7.000,-1.667,-2,-1,220,220,30636,39645,39695,,9059,,50,,,,,,50
149,2,8,2,0,0,0x02,1,6,17,19,8.000,6.000,-2.000,-1,-2,220,220,30636,39695,39745,,9109,,50,,,,,,50
150,2,8,2,0,0,0x02,2,4,16,18,7.333,4.000,-3.333,-2,-3,220,220,30636,39745,39795,,9159,,50,,,,,,50
151,2,8,2,0,0,0x02,2,3,16,17,7.000,3.000,-4.000,-3,-4,220,220,30636,39795,39845,,9209,,50,,,,,,50
152,2,8,2,0,0,0x02,1,2,16,17,6.333,2.000,-4.333,-4,-4,220,220,30636,39845,39895,,9259,,50,,,,,,50
153,2,8,2,0,0,0x02,2,0,16,16,6.000,0.000,-6.000,-4,-6,220,220,30636,39895,39945,,9309,,50,,,,,,50
154,2,8,2,0,0,0x02,2,0,16,16,6.000,0.000,-6.000,-6,-6,220,220,30636,39945,39995,,9359,,50,,,,,,50
155,2,8,2,0,0,0x02,1,0,16,16,5.667,0.000,-5.667,-6,-5,220,220,30636,39995,40045,,9409,,50,,,,,,50
156,2,8,2,0,0,0x02,2,0,16,15,6.000,0.000,-6.000,-5,-6,220,220,30636,40045,40095,,9459,,50,,,,,,50
157,2,8,2,0,0,0x02,2,0,15,14,5.667,0.000,-5.667,-6,-5,220,220,30636,40095,40145,,9509,,50,,,,,,50
158,2,8,2,0,0,0x02,2,0,15,14,5.667,0.000,-5.667,-5,-5,220,220,30636,40145,40195,,9559,,50,,,,,,50
159,2,8,2,0,0,0x02,2,0,16,13,6.000,0.000,-6.000,-5,-6,220,220,30636,40195,40245,,9609,,50,,,,,,50
160,2,8,2,0,0,0x02,1,0,15,13,5.333,0.000,-5.333,-6,-5,220,220,30636,40245,40295,,9659,,50,,,,,,50
161,2,9,3,0,0,0x03,18,1,17,23,12.000,18.000,6.000,5,6,220,220,40720,49345,49395,,8675,,50,,,,,,50
162,2,9,3,0,0,0x03,19,1,17,24,12.333,19.000,6.667,6,7,220,220,40720,49395,49445,,8725,,50,,,,,,50
163,2,9,3,0,0,0x03,21,1,17,24,13.000,21.000,8.000,7,8,220,220,40720,49445,49495,,8775,,50,,,,,,50
164,2,9,3,0,0,0x03,22,1,17,24,13.333,22.000,8.667,8,9,220,220,40720,49495,49545,,8825,,50,,,,,,50
165,2,9,3,0,0,0x03,23,2,17,25,14.000,23.000,9.000,9,9,220,220,40720,49545,49595,,8875,,50,,,,,,50
166,2,9,3,0,0,0x03,28,2,17,26,15.667,28.000,12.333,9,13,220,220,40720,49595,49645,,8925,,50,,,,,,50
167,2,9,3,0,0,0x03,25,2,18,25,15.000,25.000,10.000,13,10,220,220,40720,49645,49695,,8975,,50,,,,,,50
168,2,9,3,0,0,0x03,26,2,18,26,15.333,26.000,10.667,10,11,220,220,40720,49695,49745,,9025,,50,,,,,,50
169,2,9,3,0,0,0x03,28,2,18,27,16.000,28.000,12.000,11,12,220,220,40720,49745,49795,,9075,,50,,,,,,50
170,2,9,3,0,0,0x03,29,2,17,27,16.000,29.000,13.000,12,13,220,220,40720,49795,49845,,9125,,50,,,,,,50
171,2,9,3,0,0,0x03,31,2,18,28,17.000,31.000,14.000,13,14,220,220,40720,49845,49895,,9175,,50,,,,,,50
172,2,9,3,0,0,0x03,32,2,18,28,17.333,32.000,14.667,14,15,220,220,40720,49895,49945,,9225,,50,,,,,,50
173,2,9,3,0,0,0x03,33,2,18,28,17.667,33.000,15.333,15,16,220,220,40720,49945,49995,,9275,,50,,,,,,50
174,2,9,3,0,0,0x03,34,2,18,29,18.000,34.000,16.000,16,16,220,220,40720,49995,50045,,9325,,50,,,,,,50
175,2,9,3,0,0,0x03,36,2,18,29,18.667,36.000,17.333,16,18,220,220,40720,50045,50095,,9375,,50,,,,,,50
176,2,9,3,0,0,0x03,37,3,18,30,19.333,37.000,17.667,18,18,220,220,40720,50095,50145,,9425,,50,,,,,,50
177,2,9,3,0,0,0x03,38,2,18,30,19.333,38.000,18.667,18,19,220,220,40720,50145,50195,,9475,,50,,,,,,50
178,2,9,3,0,0,0x03,40,3,18,31,20.333,40.000,19.667,19,20,220,220,40720,50195,50245,,9525,,50,,,,,,50
179,2,9,3,0,0,0x03,41,3,18,32,20.667,41.000,20.333,20,21,220,220,40720,50245,50295,,9575,,50,,,,,,50
180,2,9,3,0,0,0x03,42,3,18,32,21.000,42.000,21.000,21,21,220,220,40720,50295,50345,,9625,,50,,,,,,50
181,2,10,4,0,0,0x04,18,0,0,10,6.000,0.000,-6.000,-6,-6,220,220,50784,59395,59445,,8661,,50,,,,,,50
182,2,10,4,0,0,0x04,18,0,0,9,6.000,0.000,-6.000,-6,-6,220,220,50784,59445,59495,,8711,,50,,,,,,50
183,2,10,4,0,0,0x04,18,0,0,9,6.000,0.000,-6.000,-6,-6,220,220,50784,59495,59545,,8761,,50,,,,,,50
184,2,10,4,0,0,0x04,18,0,0,9,6.000,0.000,-6.000,-6,-6,220,220,50784,59545,59595,,8811,,50,,,,,,50
185,2,10,4,0,0,0x04,22,0,0,8,7.333,0.000,-7.333,-6,-7,220,220,50784,59595,59645,,8861,,50,,,,,,50
186,2,10,4,0,0,0x04,18,0,0,7,6.000,0.000,-6.000,-7,-6,220,220,50784,59645,59695,,8911,,50,,,,,,50
187,2,10,4,0,0,0x04,18,0,0,7,6.000,0.000,-6.000,-6,-6,220,220,50784,59695,59745,,8961,,50,,,,,,50
188,2,10,4,0,0,0x04,18,0,0,6,6.000,0.000,-6.000,-6,-6,220,220,50784,59745,59795,,9011,,50,,,,,,50
189,2,10,4,0,0,0x04,18,0,0,6,6.000,0.000,-6.000,-6,-6,220,220,50784,59795,59845,,9061,,50,,,,,,50
190,2,10,4,0,0,0x04,18,0,0,6,6.000,0.000,-6.000,-6,-6,220,220,50784,59845,59895,,9111,,50,,,,,,50
191,2,10,4,0,0,0x04,17,0,0,5,5.667,0.000,-5.667,-6,-5,220,220,50784,59895,59945,,9161,,50,,,,,,50
192,2,10,4,0,0,0x04,17,0,0,5,5.667,0.000,-5.667,-5,-5,220,220,50784,59945,59995,,9211,,50,,,,,,50
193,2,10,4,0,0,0x04,18,0,0,4,6.000,0.000,-6.000,-5,-6,220,220,50784,59995,60045,,9261,,50,,,,,,50
194,2,10,4,0,0,0x04,18,0,0,4,6.000,0.000,-6.000,-6,-6,220,220,50784,60045,60095,,9311,,50,,,,,,50
195,2,10,4,0,0,0x04,17,0,0,3,5.667,0.000,-5.667,-6,-5,220,220,50784,60095,60145,,9361,,50,,,,,,50
196,2,10,4,0,0,0x04,18,0,0,3,6.000,0.000,-6.000,-5,-6,220,220,50784,60145,60195,,9411,,50,,,,,,50
197,2,10,4,0,0,0x04,18,0,0,3,6.000,0.000,-6.000,-6,-6,220,220,50784,60195,60245,,9461,,50,,,,,,50
198,2,10,4,0,0,0x04,18,0,0,2,6.000,0.000,-6.000,-6,-6,220,220,50784,60245,60295,,9511,,50,,,,,,50
199,2,10,4,0,0,0x04,18,0,0,2,6.000,0.000,-6.000,-6,-6,220,220,50784,60295,60345,,9561,,50,,,,,,50
200,2,10,4,0,0,0x04,18,0,0,2,6.000,0.000,-6.000,-6,-6,220,220,50784,60345,60395,,9611,,50,,,,,,50
201,2,11,5,0,0,0x05,20,9,0,20,9.667,9.000,-0.667,-1,0,220,220,60869,3909,3959,,8626,,50,,,,,,50
202,2,11,5,0,0,0x05,20,11,0,21,10.333,11.000,0.667,0,1,220,220,60869,3959,4009,,8676,,50,,,,,,50
203,2,11,5,0,0,0x05,20,12,0,21,10.667,12.000,1.333,1,2,220,220,60869,4009,4059,,8726,,50,,,,,,50
204,2,11,5,0,0,0x05,24,14,0,23,12.667,14.000,1.333,2,2,220,220,60869,4059,4109,,8776,,50,,,,,,50
205,2,11,5,0,0,0x05,20,15,0,23,11.667,15.000,3.333,2,4,220,220,60869,4109,4159,,8826,,50,,,,,,50
206,2,11,5,0,0,0x05,20,16,0,23,12.000,16.000,4.000,4,4,220,220,60869,4159,4209,,8876,,50,,,,,,50
207,2,11,5,0,0,0x05,20,18,0,23,12.667,18.000,5.333,4,6,220,220,60869,4209,4259,,8926,,50,,,,,,50
208,2,11,5,0,0,0x05,20,20,0,24,13.333,20.000,6.667,6,7,220,220,60869,4259,4309,,8976,,50,,,,,,50
209,2,11,5,0,0,0x05,20,21,0,25,13.667,21.000,7.333,7,8,220,220,60869,4309,4359,,9026,,50,,,,,,50
210,2,11,5,0,0,0x05,20,22,1,25,14.333,22.000,7.667,8,8,220,220,60869,4359,4409,,9076,,50,,,,,,50
211,2,11,5,0,0,0x05,20,24,0,26,14.667,24.000,9.333,8,10,220,220,60869,4409,4459,,9126,,50,,,,,,50
212,2,11,5,0,0,0x05,20,25,1,26,15.333,25.000,9.667,10,10,220,220,60869,4459,4509,,9176,,50,,,,,,50
213,2,11,5,0,0,0x05,20,27,1,27,16.000,27.000,11.000,10,11,220,220,60869,4509,4559,,9226,,50,,,,,,50
214,2,11,5,0,0,0x05,20,28,1,27,16.333,28.000,11.667,11,12,220,220,60869,4559,4609,,9276,,50,,,,,,50
215,2,11,5,0,0,0x05,20,29,1,28,16.667,29.000,12.333,12,13,220,220,60869,4609,4659,,9326,,50,,,,,,50
216,2,11,5,0,0,0x05,20,31,1,28,17.333,31.000,13.667,13,14,220,220,60869,4659,4709,,9376,,50,,,,,,50
217,2,11,5,0,0,0x05,20,33,1,29,18.000,33.000,15.000,14,15,220,220,60869,4709,4759,,9426,,50,,,,,,50
218,2,11,5,0,0,0x05,21,34,1,29,18.667,34.000,15.333,15,16,220,220,60869,4759,4809,,9476,,50,,,,,,50
219,2,11,5,0,0,0x05,21,35,1,30,19.000,35.000,16.000,16,16,220,220,60869,4809,4859,,9526,,50,,,,,,50
220,2,11,5,0,0,0x05,21,37,1,30,19.667,37.000,17.333,16,18,220,220,60869,4859,4909,,9576,,50,,,,,,50
221,2,12,6,0,0,0x06,13,18,0,21,10.333,13.000,2.667,4,3,220,220,5397,13959,14009,,8612,,50,,,,,,50
222,2,12,6,0,0,0x06,12,18,0,20,10.000,12.000,2.000,3,2,220,220,5397,14009,14059,,8662,,50,,,,,,50
223,2,12,6,0,0,0x06,16,18,0,20,11.333,16.000,4.667,2,5,220,220,5397,14059,14109,,8712,,50,,,,,,50
224,2,12,6,0,0,0x06,10,18,0,19,9.333,10.000,0.667,5,1,220,220,5397,14109,14159,,8762,,50,,,,,,50
225,2,12,6,0,0,0x06,9,18,0,19,9.000,9.000,0.000,1,0,220,220,5397,14159,14209,,8812,,50,,,,,,50
226,2,12,6,0,0,0x06,8,18,0,18,8.667,8.000,-0.667,0,0,220,220,5397,14209,14259,,8862,,50,,,,,,50
227,2,12,6,0,0,0x06,7,18,0,18,8.333,7.000,-1.333,0,-1,220,220,5397,14259,14309,,8912,,50,,,,,,50
228,2,12,6,0,0,0x06,6,17,0,18,7.667,6.000,-1.667,-1,-1,220,220,5397,14309,14359,,8962,,50,,,,,,50
229,2,12,6,0,0,0x06,4,17,0,17,7.000,4.000,-3.000,-1,-3,220,220,5397,14359,14409,,9012,,50,,,,,,50
230,2,12,6,0,0,0x06,3,17,0,17,6.667,3.000,-3.667,-3,-3,220,220,5397,14409,14459,,9062,,50,,,,,,50
231,2,12,6,0,0,0x06,2,17,0,17,6.333,2.000,-4.333,-3,-4,220,220,5397,14459,14509,,9112,,50,,,,,,50
232,2,12,6,0,0,0x06,1,17,0,16,6.000,1.000,-5.000,-4,-5,220,220,5397,14509,14559,,9162,,50,,,,,,50
233,2,12,6,0,0,0x06,0,17,0,16,5.667,0.000,-5.667,-5,-5,220,220,5397,14559,14609,,9212,,50,,,,,,50
234,2,12,6,0,0,0x06,0,17,0,15,5.667,0.000,-5.667,-5,-5,220,220,5397,14609,14659,,9262,,50,,,,,,50
235,2,12,6,0,0,0x06,0,16,0,15,5.333,0.000,-5.333,-5,-5,220,220,5397,14659,14709,,9312,,50,,,,,,50
236,2,12,6,0,0,0x06,0,16,0,15,5.333,0.000,-5.333,-5,-5,220,220,5397,14709,14759,,9362,,50,,,,,,50
237,2,12,6,0,0,0x06,0,16,0,14,5.333,0.000,-5.333,-5,-5,220,220,5397,14759,14809,,9412,,50,,,,,,50
238,2,12,6,0,0,0x06,0,17,0,13,5.667,0.000,-5.667,-5,-5,220,220,5397,14809,14859,,9462,,50,,,,,,50
239,2,12,6,0,0,0x06,0,16,0,13,5.333,0.000,-5.333,-5,-5,220,220,5397,14859,14909,,9512,,50,,,,,,50
240,2,12,6,0,0,0x06,0,16,0,13,5.333,0.000,-5.333,-5,-5,220,220,5397,14909,14959,,9562,,50,,,,,,50
241,3,13,1,0,0,0x01,3,20,34,30,19.000,34.000,15.000,15,15,220,220,15481,24009,24059,,8578,,50,,,,,,50
242,3,13,1,0,0,0x01,7,20,36,31,21.000,36.000,15.000,15,15,220,220,15481,24059,24109,,8628,,50,,,,,,50
243,3,13,1,0,0,0x01,2,20,37,31,19.667,37.000,17.333,15,18,220,220,15481,24109,24159,,8678,,50,,,,,,50
244,3,13,1,0,0,0x01,3,20,38,31,20.333,38.000,17.667,18,18,220,220,15481,24159,24209,,8728,,50,,,,,,50
245,3,13,1,0,0,0x01,3,20,39,32,20.667,39.000,18.333,18,19,220,220,15481,24209,24259,,8778,,50,,,,,,50
246,3,13,1,0,0,0x01,3,20,40,32,21.000,40.000,19.000,19,19,220,220,15481,24259,24309,,8828,,50,,,,,,50
247,3,13,1,0,0,0x01,4,20,42,33,22.000,42.000,20.000,19,20,220,220,15481,24309,24359,,8878,,50,,,,,,50
248,3,13,1,0,0,0x01,3,20,43,33,22.000,43.000,21.000,20,21,220,220,15481,24359,24409,,8928,,50,,,,,,50
249,3,13,1,0,0,0x01,3,20,44,33,22.333,44.000,21.667,21,22,220,220,15481,24409,24459,,8978,,50,,,,,,50
250,3,13,1,0,0,0x01,3,21,46,34,23.333,46.000,22.667,22,23,220,220,15481,24459,24509,,9028,,50,,,,,,50
251,3,13,1,0,0,0x01,3,21,46,34,23.333,46.000,22.667,23,23,220,220,15481,24509,24559,,9078,,50,,,,,,50
252,3,13,1,0,0,0x01,4,20,47,35,23.667,47.000,23.333,23,24,220,220,15481,24559,24609,,9128,,50,,,,,,50
253,3,13,1,0,0,0x01,3,20,48,35,23.667,48.000,24.333,24,25,220,220,15481,24609,24659,,9178,,50,,,,,,50
254,3,13,1,0,0,0x01,4,21,50,35,25.000,50.000,25.000,25,25,220,220,15481,24659,24709,,9228,,50,,,,,,50
255,3,13,1,0,0,0x01,4,21,50,35,25.000,50.000,25.000,25,25,220,220,15481,24709,24759,,9278,,50,,,,,,50
256,3,13,1,0,0,0x01,3,21,51,36,25.000,51.000,26.000,25,26,220,220,15481,24759,24809,,9328,,50,,,,,,50
257,3,13,1,0,0,0x01,3,21,52,37,25.333,52.000,26.667,26,27,220,220,15481,24809,24859,,9378,,50,,,,,,50
258,3,13,1,0,0,0x01,3,21,53,37,25.667,53.000,27.333,27,28,220,220,15481,24859,24909,,9428,,50,,,,,,50
259,3,13,1,0,0,0x01,3,21,54,37,26.000,54.000,28.000,28,28,220,220,15481,24909,24959,,9478,,50,,,,,,50
260,3,13,1,0,0,0x01,3,21,54,37,26.000,54.000,28.000,28,28,220,220,15481,24959,25009,,9528,,50,,,,,,50
261,3,14,2,0,0,0x02,6,29,18,28,17.667,29.000,11.333,14,12,220,220,25296,33059,33109,,7813,,50,,,,,,50
262,3,14,2,0,0,0x02,2,28,18,26,16.000,28.000,12.000,12,12,220,220,25296,33109,33159,,7863,,50,,,,,,50
263,3,14,2,0,0,0x02,2,26,18,26,15.333,26.000,10.667,12,11,220,220,25296,33159,33209,,7913,,50,,,,,,50
264,3,14,2,0,0,0x02,2,24,18,25,14.667,24.000,9.333,11,10,220,220,25296,33209,33259,,7963,,50,,,,,,50
265,3,14,2,0,0,0x02,2,23,18,25,14.333,23.000,8.667,10,9,220,220,25296,33259,33309,,8013,,50,,,,,,50
266,3,14,2,0,0,0x02,2,22,18,24,14.000,22.000,8.000,9,8,220,220,25296,33309,35409,,10113,,2100,,,,,,50
267,3,14,2,0,0,0x02,2,20,18,24,13.333,20.000,6.667,8,7,220,220,25296,33359,33409,,8113,,50,,,,,,50
268,3,14,2,0,0,0x02,2,19,18,23,13.000,19.000,6.000,7,6,220,220,35133,35459,35509,,376,,50,,,,,,50
269,3,14,2,0,0,0x02,2,17,17,22,12.000,17.000,5.000,6,5,220,220,25296,33459,33509,,8213,,50,,,,,,50
270,3,14,2,0,0,0x02,2,16,17,22,11.667,16.000,4.333,41,40,220,220,35133,35559,35609,,476,,50,,,,,,50
271,3,14,2,0,0,0x02,2,14,17,22,11.000,14.000,3.000,5,3,220,220,25296,33559,33609,,8313,,50,,,,,,50
272,3,15,3,0,0,0x03,2,13,17,21,10.667,2.000,-8.667,39,39,220,220,35133,35659,35709,,576,,50,,,,,,50
273,3,15,3,0,0,0x03,67,1,22,40,30.000,67.000,37.000,39,37,220,220,35133,35709,35759,,626,,50,,,,,,50
274,3,15,3,0,0,0x03,2,9,17,39,9.333,2.000,-7.333,37,36,220,220,35133,35759,35809,,676,,50,,,,,,50
275,3,15,3,0,0,0x03,63,0,21,38,28.000,63.000,35.000,36,35,220,220,35133,35809,35859,,726,,50,,,,,,50
276,3,15,3,0,0,0x03,2,0,21,38,7.667,2.000,-5.667,35,35,220,220,35133,35859,35909,,776,,50,,,,,,50
277,3,15,3,0,0,0x03,60,0,21,38,27.000,60.000,33.000,35,33,220,220,35133,35909,35959,,826,,50,,,,,,50
278,3,15,3,0,0,0x03,57,0,21,37,26.000,57.000,31.000,33,31,220,220,35133,35959,36009,,876,,50,,,,,,50
279,3,15,3,0,0,0x03,56,0,21,37,25.667,56.000,30.333,31,31,220,220,35133,36009,36059,,926,,50,,,,,,50
280,3,15,3,0,0,0x03,59,1,21,37,27.000,59.000,32.000,31,32,220,220,35133,36059,36109,,976,,50,,,,,,50
281,3,15,3,0,0,0x03,0,0,17,16,5.667,0.000,-5.667,-5,-5,220,220,35133,43109,43159,,8026,,50,,,,,,50
282,3,15,3,0,0,0x03,0,0,17,16,5.667,0.000,-5.667,-5,-5,220,220,35133,43159,43209,,8076,,50,,,,,,50
283,3,15,3,0,0,0x03,0,0,17,16,5.667,0.000,-5.667,-5,-5,220,220,35133,43209,43259,,8126,,50,,,,,,50
284,3,15,3,0,0,0x03,2,0,17,17,6.333,2.000,-4.333,-5,-4,220,220,35133,43259,43309,,8176,,50,,,,,,50
285,3,15,3,0,0,0x03,3,0,17,17,6.667,3.000,-3.667,-4,-3,220,220,35133,43309,43359,,8226,,50,,,,,,50
286,3,15,3,0,0,0x03,4,0,17,18,7.000,4.000,-3.000,-3,-3,220,220,35133,43359,43409,,8276,,50,,,,,,50
287,3,15,3,0,0,0x03,5,0,17,18,7.333,5.000,-2.333,-3,-2,220,220,35133,43409,43459,,8326,,50,,,,,,50
288,3,15,3,0,0,0x03,6,0,17,19,7.667,6.000,-1.667,-2,-1,220,220,35133,43459,43509,,8376,,50,,,,,,50
289,3,15,3,0,0,0x03,8,0,17,19,8.333,8.000,-0.333,-1,0,220,220,35133,43509,43559,,8426,,50,,,,,,50
290,3,15,3,0,0,0x03,9,0,17,20,8.667,9.000,0.333,0,1,220,220,35133,43559,43609,,8476,,50,,,,,,50
291,3,15,3,0,0,0x03,10,1,17,20,9.333,10.000,0.667,1,1,220,220,35133,43609,43659,,8526,,50,,,,,,50
292,3,15,3,0,0,0x03,11,0,18,20,9.667,11.000,1.333,1,2,220,220,35133,43659,43709,,8576,,50,,,,,,50
293,3,15,3,0,0,0x03,13,1,18,21,10.667,13.000,2.333,2,3,220,220,35133,43709,43759,,8626,,50,,,,,,50
294,3,15,3,0,0,0x03,14,1,17,21,10.667,14.000,3.333,3,4,220,220,35133,43759,43809,,8676,,50,,,,,,50
295,3,15,3,0,0,0x03,15,1,17,22,11.000,15.000,4.000,4,4,220,220,35133,43809,43859,,8726,,50,,,,,,50
296,3,15,3,0,0,0x03,16,1,18,22,11.667,16.000,4.333,4,5,220,220,35133,43859,43909,,8776,,50,,,,,,50
297,3,15,3,0,0,0x03,18,1,18,23,12.333,18.000,5.667,5,6,220,220,35133,43909,43959,,8826,,50,,,,,,50
298,3,15,3,0,0,0x03,19,1,18,23,12.667,19.000,6.333,6,7,220,220,35133,43959,44009,,8876,,50,,,,,,50
299,3,15,3,0,0,0x03,20,1,17,24,12.667,20.000,7.333,7,8,220,220,35133,44009,44059,,8926,,50,,,,,,50
300,3,15,3,0,0,0x03,25,2,18,24,15.000,25.000,10.000,8,10,220,220,35133,44059,44109,,8976,,50,,,,,,50
301,3,16,4,0,0,0x04,18,0,0,14,6.000,0.000,-6.000,-6,-6,220,220,44948,53159,53209,,8261,,50,,,,,,50
302,3,16,4,0,0,0x04,19,0,0,13,6.333,0.000,-6.333,-6,-6,220,220,44948,53209,53259,,8311,,50,,,,,,50
303,3,16,4,0,0,0x04,19,0,0,13,6.333,0.000,-6.333,-6,-6,220,220,44948,53259,53309,,8361,,50,,,,,,50
304,3,16,4,0,0,0x04,18,0,0,12,6.000,0.000,-6.000,-6,-6,220,220,44948,53309,53359,,8411,,50,,,,,,50
305,3,16,4,0,0,0x04,18,0,0,11,6.000,0.000,-6.000,-6,-6,220,220,44948,53359,53409,,8461,,50,,,,,,50
306,3,16,4,0,0,0x04,18,0,0,11,6.000,0.000,-6.000,-6,-6,220,220,44948,53409,53459,,8511,,50,,,,,,50
307,3,16,4,0,0,0x04,18,0,0,11,6.000,0.000,-6.000,-6,-6,220,220,44948,53459,53509,,8561,,50,,,,,,50
308,3,16,4,0,0,0x04,19,0,0,10,6.333,0.000,-6.333,-6,-6,220,220,44948,53509,53559,,8611,,50,,,,,,50
309,3,16,4,0,0,0x04,18,0,0,10,6.000,0.000,-6.000,-6,-6,220,220,44948,53559,53609,,8661,,50,,,,,,50
310,3,16,4,0,0,0x04,18,0,0,10,6.000,0.000,-6.000,-6,-6,220,220,44948,53609,53659,,8711,,50,,,,,,50
311,3,16,4,0,0,0x04,18,0,0,9,6.000,0.000,-6.000,-6,-6,220,220,44948,53659,53709,,8761,,50,,,,,,50
312,3,16,4,0,0,0x04,18,0,0,9,6.000,0.000,-6.000,-6,-6,220,220,44948,53709,53759,,8811,,50,,,,,,50
313,3,16,4,0,0,0x04,18,0,0,8,6.000,0.000,-6.000,-6,-6,220,220,44948,53759,53809,,8861,,50,,,,,,50
314,3,16,4,0,0,0x04,18,0,0,8,6.000,0.000,-6.000,-6,-6,220,220,44948,53809,53859,,8911,,50,,,,,,50
315,3,16,4,0,0,0x04,18,0,0,7,6.000,0.000,-6.000,-6,-6,220,220,44948,53859,53909,,8961,,50,,,,,,50
316,3,16,4,0,0,0x04,18,0,0,7,6.000,0.000,-6.000,-6,-6,220,220,44948,53909,53959,,9011,,50,,,,,,50
317,3,16,4,0,0,0x04,18,0,0,6,6.000,0.000,-6.000,-6,-6,220,220,44948,53959,54009,,9061,,50,,,,,,50
318,3,16,4,0,0,0x04,18,0,0,6,6.000,0.000,-6.000,-6,-6,220,220,44948,54009,54059,,9111,,50,,,,,,50
319,3,16,4,0,0,0x04,22,0,0,6,7.333,0.000,-7.333,-6,-7,220,220,44948,54059,54109,,9161,,50,,,,,,50
320,3,16,4,0,0,0x04,18,0,0,5,6.000,0.000,-6.000,-7,-6,220,220,44948,54109,54159,,9211,,50,,,,,,50
321,3,17,5,0,0,0x05,20,8,0,20,9.333,8.000,-1.333,-1,-1,220,220,54782,63209,63259,,8477,,50,,,,,,50
322,3,17,5,0,0,0x05,20,11,0,21,10.333,11.000,0.667,-1,1,220,220,54782,63259,63309,,8527,,50,,,,,,50
323,3,17,5,0,0,0x05,20,12,0,21,10.667,12.000,1.333,1,2,220,220,54782,63309,63359,,8577,,50,,,,,,50
324,3,17,5,0,0,0x05,20,13,0,22,11.000,13.000,2.000,2,2,220,220,54782,63359,63409,,8627,,50,,,,,,50
325,3,17,5,0,0,0x05,20,15,0,22,11.667,15.000,3.333,2,4,220,220,54782,63409,63459,,8677,,50,,,,,,50
326,3,17,5,0,0,0x05,20,16,0,23,12.000,16.000,4.000,4,4,220,220,54782,63459,63509,,8727,,50,,,,,,50
327,3,17,5,0,0,0x05,20,17,0,23,12.333,17.000,4.667,4,5,220,220,54782,63509,63559,,8777,,50,,,,,,50
328,3,17,5,0,0,0x05,20,19,0,23,13.000,19.000,6.000,5,6,220,220,54782,63559,63609,,8827,,50,,,,,,50
329,3,17,5,0,0,0x05,20,20,0,24,13.333,20.000,6.667,6,7,220,220,54782,63609,63659,,8877,,50,,,,,,50
330,3,17,5,0,0,0x05,20,21,1,25,14.000,21.000,7.000,7,7,220,220,54782,63659,63709,,8927,,50,,,,,,50
331,3,17,5,0,0,0x05,20,23,1,25,14.667,23.000,8.333,7,9,220,220,54782,63709,63759,,8977,,50,,,,,,50
332,3,17,5,0,0,0x05,20,24,1,26,15.000,24.000,9.000,9,9,220,220,54782,63759,63809,,9027,,50,,,,,,50
333,3,17,5,0,0,0x05,20,25,1,26,15.333,25.000,9.667,9,10,220,220,54782,63809,63859,,9077,,50,,,,,,50
334,3,17,5,0,0,0x05,20,27,1,27,16.000,27.000,11.000,10,11,220,220,54782,63859,63909,,9127,,50,,,,,,50
335,3,17,5,0,0,0x05,21,28,1,27,16.667,28.000,11.333,11,12,220,220,54782,63909,63959,,9177,,50,,,,,,50
336,3,17,5,0,0,0x05,20,29,1,27,16.667,29.000,12.333,12,13,220,220,54782,63959,64009,,9227,,50,,,,,,50
337,3,17,5,0,0,0x05,21,31,1,28,17.667,31.000,13.333,13,14,220,220,54782,64009,64059,,9277,,50,,,,,,50
338,3,17,5,0,0,0x05,25,32,1,29,19.333,32.000,12.667,14,13,220,220,54782,64059,64109,,9327,,50,,,,,,50
339,3,17,5,0,0,0x05,21,33,1,29,18.333,33.000,14.667,13,15,220,220,54782,64109,64159,,9377,,50,,,,,,50
340,3,17,5,0,0,0x05,21,34,1,30,18.667,34.000,15.333,15,16,220,220,54782,64159,64209,,9427,,50,,,,,,50
341,3,18,6,0,0,0x06,0,17,0,15,5.667,0.000,-5.667,-5,-5,220,220,64597,7723,7773,,8712,,50,,,,,,50
342,3,18,6,0,0,0x06,0,17,0,14,5.667,0.000,-5.667,-5,-5,220,220,64597,7773,7823,,8762,,50,,,,,,50
343,3,18,6,0,0,0x06,0,17,0,14,5.667,0.000,-5.667,-5,-5,220,220,64597,7823,7873,,8812,,50,,,,,,50
344,3,18,6,0,0,0x06,0,17,0,13,5.667,0.000,-5.667,-5,-5,220,220,64597,7873,7923,,8862,,50,,,,,,50
345,3,18,6,0,0,0x06,0,16,0,13,5.333,0.000,-5.333,-5,-5,220,220,64597,7923,7973,,8912,,50,,,,,,50
346,3,18,6,0,0,0x06,0,16,0,13,5.333,0.000,-5.333,-5,-5,220,220,64597,7973,8023,,8962,,50,,,,,,50
347,3,18,6,0,0,0x06,0,17,0,12,5.667,0.000,-5.667,-5,-5,220,220,64597,8023,8073,,9012,,50,,,,,,50
348,3,18,6,0,0,0x06,0,17,0,12,5.667,0.000,-5.667,-5,-5,220,220,64597,8073,8123,,9062,,50,,,,,,50
349,3,18,6,0,0,0x06,0,16,0,11,5.333,0.000,-5.333,-5,-5,220,220,64597,8123,8173,,9112,,50,,,,,,50
350,3,18,6,0,0,0x06,0,16,0,11,5.333,0.000,-5.333,-5,-5,220,220,64597,8173,8223,,9162,,50,,,,,,50
351,3,18,6,0,0,0x06,0,16,0,11,5.333,0.000,-5.333,-5,-5,220,220,64597,8223,8273,,9212,,50,,,,,,50
352,3,18,6,0,0,0x06,0,16,0,10,5.333,0.000,-5.333,-5,-5,220,220,64597,8273,8323,,9262,,50,,,,,,50
353,3,18,6,0,0,0x06,0,16,0,10,5.333,0.000,-5.333,-5,-5,220,220,64597,8323,8373,,9312,,50,,,,,,50
354,3,18,6,0,0,0x06,0,16,0,9,5.333,0.000,-5.333,-5,-5,220,220,64597,8373,8423,,9362,,50,,,,,,50
355,3,18,6,0,0,0x06,0,16,0,9,5.333,0.000,-5.333,-5,-5,220,220,64597,8423,8473,,9412,,50,,,,,,50
356,3,18,6,0,0,0x06,0,16,0,8,5.333,0.000,-5.333,-5,-5,220,220,64597,8473,8523,,9462,,50,,,,,,50
357,3,18,6,0,0,0x06,0,16,0,8,5.333,0.000,-5.333,-5,-5,220,220,64597,8523,8573,,9512,,50,,,,,,50
358,3,18,6,0,0,0x06,0,16,0,8,5.333,0.000,-5.333,-5,-5,220,220,64597,8573,8623,,9562,,50,,,,,,50
359,3,18,6,0,0,0x06,0,15,0,7,5.000,0.000,-5.000,-5,-5,220,220,64597,8623,8673,,9612,,50,,,,,,50
360,3,18,6,0,0,0x06,0,15,0,7,5.000,0.000,-5.000,-5,-5,220,220,64597,8673,8723,,9662,,50,,,,,,50
361,4,19,1,0,0,0x01,0,19,2,18,7.000,2.000,-5.000,-6,-5,220,220,8894,16773,16823,,7929,,50,,,,,,50
362,4,19,1,0,0,0x01,1,19,3,18,7.667,3.000,-4.667,-5,-4,220,220,8894,16823,16873,,7979,,50,,,,,,50
363,4,19,1,0,0,0x01,1,18,4,19,7.667,4.000,-3.667,-4,-3,220,220,8894,16873,16923,,8029,,50,,,,,,50
364,4,19,1,0,0,0x01,1,19,6,19,8.667,6.000,-2.667,-3,-2,220,220,8894,16923,16973,,8079,,50,,,,,,50
365,4,19,1,0,0,0x01,1,19,8,20,9.333,8.000,-1.333,-2,-1,220,220,8894,16973,17023,,8129,,50,,,,,,50
366,4,19,1,0,0,0x01,1,19,9,20,9.667,9.000,-0.667,-1,0,220,220,8894,17023,17073,,8179,,50,,,,,,50
367,4,19,1,0,0,0x01,2,19,10,21,10.333,10.000,-0.333,0,0,220,220,8894,17073,17123,,8229,,50,,,,,,50
368,4,19,1,0,0,0x01,2,19,11,21,10.667,11.000,0.333,0,1,220,220,8894,17123,17173,,8279,,50,,,,,,50
369,4,19,1,0,0,0x01,2,19,13,22,11.333,13.000,1.667,1,2,220,220,8894,17173,17223,,8329,,50,,,,,,50
370,4,19,1,0,0,0x01,2,19,14,22,11.667,14.000,2.333,2,3,220,220,8894,17223,17273,,8379,,50,,,,,,50
371,4,19,1,0,0,0x01,2,19,15,23,12.000,15.000,3.000,3,3,220,220,8894,17273,17323,,8429,,50,,,,,,50
372,4,19,1,0,0,0x01,2,19,17,24,12.667,17.000,4.333,3,5,220,220,8894,17323,17373,,8479,,50,,,,,,50
373,4,19,1,0,0,0x01,2,19,18,24,13.000,18.000,5.000,5,5,220,220,8894,17373,17423,,8529,,50,,,,,,50
374,4,19,1,0,0,0x01,2,19,20,24,13.667,20.000,6.333,5,7,220,220,8894,17423,17473,,8579,,50,,,,,,50
375,4,19,1,0,0,0x01,3,19,21,25,14.333,21.000,6.667,7,7,220,220,8894,17473,17523,,8629,,50,,,,,,50
376,4,19,1,0,0,0x01,7,19,22,26,16.000,22.000,6.000,7,6,220,220,8894,17523,17573,,8679,,50,,,,,,50
377,4,19,1,0,0,0x01,3,19,24,26,15.333,24.000,8.667,6,9,220,220,8894,17573,17623,,8729,,50,,,,,,50
378,4,19,1,0,0,0x01,3,19,25,27,15.667,25.000,9.333,9,10,220,220,8894,17623,17673,,8779,,50,,,,,,50
379,4,19,1,0,0,0x01,2,19,26,26,15.667,26.000,10.333,10,11,220,220,8894,17673,17723,,8829,,50,,,,,,50
380,4,19,1,0,0,0x01,3,19,28,27,16.667,28.000,11.333,11,12,220,220,8894,17723,17773,,8879,,50,,,,,,50
381,4,20,2,0,0,0x02,2,21,18,24,13.667,21.000,7.333,9,8,220,220,18709,26823,26873,,8164,,50,,,,,,50
382,4,20,2,0,0,0x02,2,20,18,24,13.333,20.000,6.667,8,7,220,220,18709,26873,26923,,8214,,50,,,,,,50
383,4,20,2,0,0,0x02,2,19,18,23,13.000,19.000,6.000,7,6,220,220,18709,26923,26973,,8264,,50,,,,,,50
384,4,20,2,0,0,0x02,2,18,18,23,12.667,18.000,5.333,6,6,220,220,18709,26973,27023,,8314,,50,,,,,,50
385,4,20,2,0,0,0x02,2,16,18,22,12.000,16.000,4.000,6,4,220,220,18709,27023,27073,,8364,,50,,,,,,50
386,4,20,2,0,0,0x02,2,15,17,22,11.333,15.000,3.667,4,4,220,220,18709,27073,27123,,8414,,50,,,,,,50
387,4,20,2,0,0,0x02,2,14,17,21,11.000,14.000,3.000,4,3,220,220,18709,27123,27173,,8464,,50,,,,,,50
388,4,20,2,0,0,0x02,2,13,17,21,10.667,13.000,2.333,3,3,220,220,18709,27173,27223,,8514,,50,,,,,,50
389,4,20,2,0,0,0x02,2,11,17,21,10.000,11.000,1.000,3,1,220,220,18709,27223,27273,,8564,,50,,,,,,50
390,4,20,2,0,0,0x02,2,10,17,20,9.667,10.000,0.333,1,1,220,220,18709,27273,27323,,8614,,50,,,,,,50
391,4,20,2,0,0,0x02,2,9,17,19,9.333,9.000,-0.333,1,0,220,220,18709,27323,27373,,8664,,50,,,,,,50
392,4,20,2,0,0,0x02,1,8,17,19,8.667,8.000,-0.667,0,0,220,220,18709,27373,27423,,8714,,50,,,,,,50
393,4,20,2,0,0,0x02,2,6,16,19,8.000,6.000,-2.000,0,-2,220,220,18709,27423,27473,,8764,,50,,,,,,50
394,4,20,2,0,0,0x02,1,5,16,18,7.333,5.000,-2.333,-2,-2,220,220,18709,27473,27523,,8814,,50,,,,,,50
395,4,20,2,0,0,0x02,6,3,16,18,8.333,3.000,-5.333,-2,-5,220,220,18709,27523,27573,,8864,,50,,,,,,50
396,4,20,2,0,0,0x02,1,3,16,17,6.667,3.000,-3.667,-5,-3,220,220,18709,27573,27623,,8914,,50,,,,,,50
397,4,20,2,0,0,0x02,1,1,16,17,6.000,1.000,-5.000,-3,-5,220,220,18709,27623,27673,,8964,,50,,,,,,50
398,4,20,2,0,0,0x02,1,0,16,16,5.667,0.000,-5.667,-5,-5,220,220,18709,27673,27723,,9014,,50,,,,,,50
399,4,20,2,0,0,0x02,2,0,16,16,6.000,0.000,-6.000,-5,-6,220,220,18709,27723,27773,,9064,,50,,,,,,50
400,4,20,2,0,0,0x02,1,0,16,15,5.667,0.000,-5.667,-6,-5,220,220,18709,27773,27823,,9114,,50,,,,,,50
401,4,21,3,0,0,0x03,16,1,17,22,11.333,16.000,4.667,4,5,220,220,28544,36873,36923,,8379,,50,,,,,,50
402,4,21,3,0,0,0x03,17,1,18,23,12.000,17.000,5.000,5,5,220,220,28544,36923,36973,,8429,,50,,,,,,50
403,4,21,3,0,0,0x03,19,1,18,23,12.667,19.000,6.333,5,7,220,220,28544,36973,37023,,8479,,50,,,,,,50
404,4,21,3,0,0,0x03,20,1,17,24,12.667,20.000,7.333,7,8,220,220,28544,37023,37073,,8529,,50,,,,,,50
405,4,21,3,0,0,0x03,21,1,18,24,13.333,21.000,7.667,8,8,220,220,28544,37073,37123,,8579,,50,,,,,,50
406,4,21,3,0,0,0x03,23,1,18,25,14.000,23.000,9.000,8,9,220,220,28544,37123,37173,,8629,,50,,,,,,50
407,4,21,3,0,0,0x03,24,1,18,25,14.333,24.000,9.667,9,10,220,220,28544,37173,37223,,8679,,50,,,,,,50
408,4,21,3,0,0,0x03,25,2,18,26,15.000,25.000,10.000,10,10,220,220,28544,37223,37273,,8729,,50,,,,,,50
409,4,21,3,0,0,0x03,27,2,18,26,15.667,27.000,11.333,10,12,220,220,28544,37273,37323,,8779,,50,,,,,,50
410,4,21,3,0,0,0x03,28,2,18,26,16.000,28.000,12.000,12,12,220,220,28544,37323,37373,,8829,,50,,,,,,50
411,4,21,3,0,0,0x03,29,2,18,27,16.333,29.000,12.667,12,13,220,220,28544,37373,37423,,8879,,50,,,,,,50
412,4,21,3,0,0,0x03,31,2,18,28,17.000,31.000,14.000,13,14,220,220,28544,37423,37473,,8929,,50,,,,,,50
413,4,21,3,0,0,0x03,32,2,18,28,17.333,32.000,14.667,14,15,220,220,28544,37473,37523,,8979,,50,,,,,,50
414,4,21,3,0,0,0x03,37,2,18,29,19.000,37.000,18.000,15,18,220,220,28544,37523,37573,,9029,,50,,,,,,50
415,4,21,3,0,0,0x03,34,2,18,29,18.000,34.000,16.000,18,16,220,220,28544,37573,37623,,9079,,50,,,,,,50
416,4,21,3,0,0,0x03,36,2,18,29,18.667,36.000,17.333,16,18,220,220,28544,37623,37673,,9129,,50,,,,,,50
417,4,21,3,0,0,0x03,37,2,18,30,19.000,37.000,18.000,18,18,220,220,28544,37673,37723,,9179,,50,,,,,,50
418,4,21,3,0,0,0x03,38,3,18,30,19.667,38.000,18.333,18,19,220,220,28544,37723,37773,,9229,,50,,,,,,50
419,4,21,3,0,0,0x03,39,2,18,31,19.667,39.000,19.333,19,20,220,220,28544,37773,37823,,9279,,50,,,,,,50
420,4,21,3,0,0,0x03,41,3,18,31,20.667,41.000,20.333,20,21,220,220,28544,37823,37873,,9329,,50,,,,,,50
421,4,22,4,0,0,0x04,19,0,0,13,6.333,0.000,-6.333,-6,-6,220,220,38362,46923,46973,,8611,,50,,,,,,50
422,4,22,4,0,0,0x04,19,0,0,12,6.333,0.000,-6.333,-6,-6,220,220,38362,46973,47023,,8661,,50,,,,,,50
423,4,22,4,0,0,0x04,19,0,0,12,6.333,0.000,-6.333,-6,-6,220,220,38362,47023,47073,,8711,,50,,,,,,50
424,4,22,4,0,0,0x04,19,0,0,12,6.333,0.000,-6.333,-6,-6,220,220,38362,47073,47123,,8761,,50,,,,,,50
425,4,22,4,0,0,0x04,18,0,0,11,6.000,0.000,-6.000,-6,-6,220,220,38362,47123,47173,,8811,,50,,,,,,50
426,4,22,4,0,0,0x04,18,0,0,11,6.000,0.000,-6.000,-6,-6,220,220,38362,47173,47223,,8861,,50,,,,,,50
427,4,22,4,0,0,0x04,18,0,0,10,6.000,0.000,-6.000,-6,-6,220,220,38362,47223,47273,,8911,,50,,,,,,50
428,4,22,4,0,0,0x04,18,0,0,10,6.000,0.000,-6.000,-6,-6,220,220,38362,47273,47323,,8961,,50,,,,,,50
429,4,22,4,0,0,0x04,18,0,0,9,6.000,0.000,-6.000,-6,-6,220,220,38362,47323,47373,,9011,,50,,,,,,50
430,4,22,4,0,0,0x04,18,0,0,9,6.000,0.000,-6.000,-6,-6,220,220,38362,47373,47423,,9061,,50,,,,,,50
431,4,22,4,0,0,0x04,18,0,0,8,6.000,0.000,-6.000,-6,-6,220,220,38362,47423,47473,,9111,,50,,,,,,50
432,4,22,4,0,0,0x04,18,0,0,8,6.000,0.000,-6.000,-6,-6,220,220,38362,47473,47523,,9161,,50,,,,,,50
433,4,22,4,0,0,0x04,22,0,0,8,7.333,0.000,-7.333,-6,-7,220,220,38362,47523,47573,,9211,,50,,,,,,50
434,4,22,4,0,0,0x04,18,0,0,7,6.000,0.000,-6.000,-7,-6,220,220,38362,47573,47623,,9261,,50,,,,,,50
435,4,22,4,0,0,0x04,18,0,0,6,6.000,0.000,-6.000,-6,-6,220,220,38362,47623,47673,,9311,,50,,,,,,50
436,4,22,4,0,0,0x04,18,0,0,6,6.000,0.000,-6.000,-6,-6,220,220,38362,47673,47723,,9361,,50,,,,,,50
437,4,22,4,0,0,0x04,18,0,0,5,6.000,0.000,-6.000,-6,-6,220,220,38362,47723,47773,,9411,,50,,,,,,50
438,4,22,4,0,0,0x04,18,0,0,5,6.000,0.000,-6.000,-6,-6,220,220,38362,47773,47823,,9461,,50,,,,,,50
439,4,22,4,0,0,0x04,18,0,0,4,6.000,0.000,-6.000,-6,-6,220,220,38362,47823,47873,,9511,,50,,,,,,50
440,4,22,4,0,0,0x04,18,0,0,4,6.000,0.000,-6.000,-6,-6,220,220,38362,47873,47923,,9561,,50,,,,,,50
441,4,23,5,0,0,0x05,19,0,0,10,6.333,0.000,-6.333,-6,-6,220,220,48196,55973,56023,,7827,,50,,,,,,50
442,4,23,5,0,0,0x05,19,0,0,11,6.333,0.000,-6.333,-6,-6,220,220,48196,56023,56073,,7877,,50,,,,,,50
443,4,23,5,0,0,0x05,19,0,0,12,6.333,0.000,-6.333,-6,-6,220,220,48196,56073,56123,,7927,,50,,,,,,50
444,4,23,5,0,0,0x05,19,0,0,12,6.333,0.000,-6.333,-6,-6,220,220,48196,56123,56173,,7977,,50,,,,,,50
445,4,23,5,0,0,0x05,19,0,0,13,6.333,0.000,-6.333,-6,-6,220,220,48196,56173,56223,,8027,,50,,,,,,50
446,4,23,5,0,0,0x05,19,0,0,13,6.333,0.000,-6.333,-6,-6,220,220,48196,56223,56273,,8077,,50,,,,,,50
447,4,23,5,0,0,0x05,19,0,0,14,6.333,0.000,-6.333,-6,-6,220,220,48196,56273,56323,,8127,,50,,,,,,50
448,4,23,5,0,0,0x05,19,0,0,14,6.333,0.000,-6.333,-6,-6,220,220,48196,56323,56373,,8177,,50,,,,,,50
449,4,23,5,0,0,0x05,19,0,0,15,6.333,0.000,-6.333,-6,-6,220,220,48196,56373,56423,,8227,,50,,,,,,50
450,4,23,5,0,0,0x05,19,0,0,15,6.333,0.000,-6.333,-6,-6,220,220,48196,58471,58523,,10327,,52,,,,,,50
451,4,23,5,0,0,0x05,19,0,0,16,6.333,0.000,-6.333,-6,-6,220,220,48196,56473,56523,,8327,,50,,,,,,50
452,4,24,6,0,0,0x06,24,0,0,17,8.000,24.000,16.000,-5,-5,220,220,58012,58573,58623,,611,,50,,,,,,50
453,5,25,5,0,0,0x05,20,0,0,17,6.667,0.000,-6.667,-8,-6,220,220,48196,56573,56623,,8427,,50,,,,,,50
454,5,26,6,0,0,0x06,20,2,0,2,7.333,20.000,12.667,-5,-5,220,220,58012,58673,58723,,711,,50,,,,,,50
455,5,27,5,0,0,0x05,19,3,0,18,7.333,3.000,-4.333,-5,-4,220,220,48196,56673,58773,,10577,,2100,,,,,,50
456,5,28,6,0,0,0x06,19,18,0,4,12.333,19.000,6.667,-5,-6,220,220,58012,58773,58823,,811,,50,,,,,,50
457,5,28,6,0,0,0x06,0,17,0,4,5.667,0.000,-5.667,-6,-5,220,220,58012,58823,58873,,861,,50,,,,,,50
458,5,28,6,0,0,0x06,0,17,0,4,5.667,0.000,-5.667,-5,-5,220,220,58012,58873,58923,,911,,50,,,,,,50
459,5,28,6,0,0,0x06,0,17,0,5,5.667,0.000,-5.667,-5,-5,220,220,58012,58923,58973,,961,,50,,,,,,50
460,5,28,6,0,0,0x06,0,18,0,6,6.000,0.000,-6.000,-5,-6,220,220,58012,58973,59023,,1011,,50,,,,,,50
461,5,28,6,0,0,0x06,15,18,0,21,11.000,15.000,4.000,5,4,220,220,58012,487,537,,8061,,50,,,,,,50
462,5,28,6,0,0,0x06,13,18,0,21,10.333,13.000,2.667,4,3,220,220,58012,537,587,,8111,,50,,,,,,50
463,5,28,6,0,0,0x06,12,18,0,20,10.000,12.000,2.000,3,2,220,220,58012,587,637,,8161,,50,,,,,,50
464,5,28,6,0,0,0x06,11,18,0,20,9.667,11.000,1.333,2,2,220,220,58012,637,687,,8211,,50,,,,,,50
465,5,28,6,0,0,0x06,10,18,0,19,9.333,10.000,0.667,2,1,220,220,58012,687,737,,8261,,50,,,,,,50
466,5,28,6,0,0,0x06,9,18,0,20,9.000,9.000,0.000,1,0,220,220,58012,737,787,,8311,,50,,,,,,50
467,5,28,6,0,0,0x06,7,18,0,18,8.333,7.000,-1.333,0,-1,220,220,58012,787,837,,8361,,50,,,,,,50
468,5,28,6,0,0,0x06,6,18,0,18,8.000,6.000,-2.000,-1,-2,220,220,58012,837,887,,8411,,50,,,,,,50
469,5,28,6,0,0,0x06,5,18,0,17,7.667,5.000,-2.667,-2,-2,220,220,58012,887,937,,8461,,50,,,,,,50
470,5,28,6,0,0,0x06,4,17,0,17,7.000,4.000,-3.000,-2,-3,220,220,58012,937,987,,8511,,50,,,,,,50
471,5,28,6,0,0,0x06,7,17,0,17,8.000,7.000,-1.000,-3,-1,220,220,58012,987,1037,,8561,,50,,,,,,50
472,5,28,6,0,0,0x06,2,17,0,16,6.333,2.000,-4.333,-1,-4,220,220,58012,1037,1087,,8611,,50,,,,,,50
473,5,28,6,0,0,0x06,0,17,0,16,5.667,0.000,-5.667,-4,-5,220,220,58012,1087,1137,,8661,,50,,,,,,50
474,5,28,6,0,0,0x06,0,17,0,15,5.667,0.000,-5.667,-5,-5,220,220,58012,1137,1187,,8711,,50,,,,,,50
475,5,28,6,0,0,0x06,0,17,0,15,5.667,0.000,-5.667,-5,-5,220,220,58012,1187,1237,,8761,,50,,,,,,50
476,5,28,6,0,0,0x06,0,17,0,15,5.667,0.000,-5.667,-5,-5,220,220,58012,1237,1287,,8811,,50,,,,,,50
477,5,28,6,0,0,0x06,0,16,0,14,5.333,0.000,-5.333,-5,-5,220,220,58012,1287,1337,,8861,,50,,,,,,50
478,5,28,6,0,0,0x06,0,16,0,14,5.333,0.000,-5.333,-5,-5,220,220,58012,1337,1387,,8911,,50,,,,,,50
479,5,28,6,0,0,0x06,0,17,0,13,5.667,0.000,-5.667,-5,-5,220,220,58012,1387,1437,,8961,,50,,,,,,50
480,5,28,6,0,0,0x06,0,16,0,13,5.333,0.000,-5.333,-5,-5,220,220,58012,1437,1487,,9011,,50,,,,,,50
481,5,29,1,0,0,0x01,2,19,26,27,15.667,26.000,10.333,9,11,220,220,2310,10537,10587,,8277,,50,,,,,,50
482,5,29,1,0,0,0x01,3,20,27,27,16.667,27.000,10.333,11,11,220,220,2310,10587,10637,,8327,,50,,,,,,50
483,5,29,1,0,0,0x01,3,20,29,28,17.333,29.000,11.667,11,12,220,220,2310,10637,10687,,8377,,50,,,,,,50
484,5,29,1,0,0,0x01,3,20,30,28,17.667,30.000,12.333,12,13,220,220,2310,10687,10737,,8427,,50,,,,,,50
485,5,29,1,0,0,0x01,3,20,32,29,18.333,32.000,13.667,13,14,220,220,2310,10737,10787,,8477,,50,,,,,,50
486,5,29,1,0,0,0x01,3,20,32,29,18.333,32.000,13.667,14,14,220,220,2310,10787,10837,,8527,,50,,,,,,50
487,5,29,1,0,0,0x01,3,20,34,30,19.000,34.000,15.000,14,15,220,220,2310,10837,10887,,8577,,50,,,,,,50
488,5,29,1,0,0,0x01,3,20,36,30,19.667,36.000,16.333,15,17,220,220,2310,10887,10937,,8627,,50,,,,,,50
489,5,29,1,0,0,0x01,3,20,37,31,20.000,37.000,17.000,17,17,220,220,2310,10937,10987,,8677,,50,,,,,,50
490,5,29,1,0,0,0x01,8,20,38,32,22.000,38.000,16.000,17,16,220,220,2310,10987,11037,,8727,,50,,,,,,50
491,5,29,1,0,0,0x01,3,20,40,32,21.000,40.000,19.000,16,19,220,220,2310,11037,11087,,8777,,50,,,,,,50
492,5,29,1,0,0,0x01,4,20,41,33,21.667,41.000,19.333,19,20,220,220,2310,11087,11137,,8827,,50,,,,,,50
493,5,29,1,0,0,0x01,4,21,43,33,22.667,43.000,20.333,20,21,220,220,2310,11137,11187,,8877,,50,,,,,,50
494,5,29,1,0,0,0x01,3,20,44,33,22.333,44.000,21.667,21,22,220,220,2310,11187,11237,,8927,,50,,,,,,50
495,5,29,1,0,0,0x01,4,21,45,34,23.333,45.000,21.667,22,22,220,220,2310,11237,11287,,8977,,50,,,,,,50
496,5,29,1,0,0,0x01,4,21,46,35,23.667,46.000,22.333,22,23,220,220,2310,11287,11337,,9027,,50,,,,,,50
497,5,29,1,0,0,0x01,4,21,48,35,24.333,48.000,23.667,23,24,220,220,2310,11337,11387,,9077,,50,,,,,,50
498,5,29,1,0,0,0x01,4,21,49,35,24.667,49.000,24.333,24,25,220,220,2310,11387,11437,,9127,,50,,,,,,50
499,5,29,1,0,0,0x01,4,21,50,36,25.000,50.000,25.000,25,25,220,220,2310,11437,11487,,9177,,50,,,,,,50
500,5,29,1,0,0,0x01,4,21,51,36,25.333,51.000,25.667,25,26,220,220,2310,11487,11537,,9227,,50,,,,,,50
501,5,30,2,0,0,0x02,2,24,18,25,14.667,24.000,9.333,11,10,220,220,12125,20587,20637,,8512,,50,,,,,,50
502,5,30,2,0,0,0x02,2,23,18,25,14.333,23.000,8.667,10,9,220,220,12125,20637,20687,,8562,,50,,,,,,50
503,5,30,2,0,0,0x02,2,22,18,24,14.000,22.000,8.000,9,8,220,220,12125,20687,20737,,8612,,50,,,,,,50
504,5,30,2,0,0,0x02,2,21,18,24,13.667,21.000,7.333,8,8,220,220,12125,20737,20787,,8662,,50,,,,,,50
505,5,30,2,0,0,0x02,2,19,17,23,12.667,19.000,6.333,8,7,220,220,12125,20787,20837,,8712,,50,,,,,,50
506,5,30,2,0,0,0x02,2,18,18,23,12.667,18.000,5.333,7,6,220,220,12125,20837,20887,,8762,,50,,,,,,50
507,5,30,2,0,0,0x02,2,17,18,23,12.333,17.000,4.667,6,5,220,220,12125,20887,20937,,8812,,50,,,,,,50
508,5,30,2,0,0,0x02,2,16,17,22,11.667,16.000,4.333,5,5,220,220,12125,20937,20987,,8862,,50,,,,,,50
509,5,30,2,0,0,0x02,6,14,17,22,12.333,14.000,1.667,5,2,220,220,12125,20987,21037,,8912,,50,,,,,,50
510,5,30,2,0,0,0x02,2,13,17,21,10.667,13.000,2.333,2,3,220,220,12125,21037,21087,,8962,,50,,,,,,50
511,5,30,2,0,0,0x02,1,12,17,21,10.000,12.000,2.000,3,2,220,220,12125,21087,21137,,9012,,50,,,,,,50
512,5,30,2,0,0,0x02,2,10,17,20,9.667,10.000,0.333,2,1,220,220,12125,21137,21187,,9062,,50,,,,,,50
513,5,30,2,0,0,0x02,2,9,16,20,9.000,9.000,0.000,1,0,220,220,12125,21187,21237,,9112,,50,,,,,,50
514,5,30,2,0,0,0x02,2,8,17,19,9.000,8.000,-1.000,0,-1,220,220,12125,21237,21287,,9162,,50,,,,,,50
515,5,30,2,0,0,0x02,2,6,16,19,8.000,6.000,-2.000,-1,-2,220,220,12125,21287,21337,,9212,,50,,,,,,50
516,5,30,2,0,0,0x02,2,5,16,18,7.667,5.000,-2.667,-2,-2,220,220,12125,21337,21387,,9262,,50,,,,,,50
517,5,30,2,0,0,0x02,2,4,16,18,7.333,4.000,-3.333,-2,-3,220,220,12125,21387,21437,,9312,,50,,,,,,50
518,5,30,2,0,0,0x02,2,3,16,17,7.000,3.000,-4.000,-3,-4,220,220,12125,21437,21487,,9362,,50,,,,,,50
519,5,30,2,0,0,0x02,2,2,16,17,6.667,2.000,-4.667,-4,-4,220,220,12125,21487,21537,,9412,,50,,,,,,50
520,5,30,2,0,0,0x02,2,0,16,16,6.000,0.000,-6.000,-4,-6,220,220,12125,21537,21587,,9462,,50,,,,,,50
521,6,31,3,0,0,0x03,25,1,18,25,14.667,25.000,10.333,10,11,220,220,21958,30637,30687,,8729,,50,,,,,,50
522,6,31,3,0,0,0x03,26,2,18,26,15.333,26.000,10.667,11,11,220,220,21958,30687,30737,,8779,,50,,,,,,50
523,6,31,3,0,0,0x03,27,2,18,26,15.667,27.000,11.333,11,12,220,220,21958,30737,30787,,8829,,50,,,,,,50
524,6,31,3,0,0,0x03,28,2,18,26,16.000,28.000,12.000,12,12,220,220,21958,30787,30837,,8879,,50,,,,,,50
525,6,31,3,0,0,0x03,29,2,18,27,16.333,29.000,12.667,12,13,220,220,21958,30837,30887,,8929,,50,,,,,,50
526,6,31,3,0,0,0x03,30,2,18,27,16.667,30.000,13.333,13,14,220,220,21958,30887,30937,,8979,,50,,,,,,50
527,6,31,3,0,0,0x03,31,2,18,28,17.000,31.000,14.000,14,14,220,220,21958,30937,30987,,9029,,50,,,,,,50
528,6,31,3,0,0,0x03,36,2,18,29,18.667,36.000,17.333,14,18,220,220,21958,30987,31037,,9079,,50,,,,,,50
529,6,31,3,0,0,0x03,33,2,18,29,17.667,33.000,15.333,18,16,220,220,21958,31037,31087,,9129,,50,,,,,,50
530,6,31,3,0,0,0x03,34,2,18,29,18.000,34.000,16.000,16,16,220,220,21958,31087,31137,,9179,,50,,,,,,50
531,6,31,3,0,0,0x03,36,2,18,29,18.667,36.000,17.333,16,18,220,220,21958,31137,31187,,9229,,50,,,,,,50
532,6,31,3,0,0,0x03,36,2,18,30,18.667,36.000,17.333,18,18,220,220,21958,31187,31237,,9279,,50,,,,,,50
533,6,31,3,0,0,0x03,38,2,18,30,19.333,38.000,18.667,18,19,220,220,21958,31237,31287,,9329,,50,,,,,,50
534,6,31,3,0,0,0x03,39,2,19,31,20.000,39.000,19.000,19,19,220,220,21958,31287,31337,,9379,,50,,,,,,50
535,6,31,3,0,0,0x03,40,3,18,31,20.333,40.000,19.667,19,20,220,220,21958,31337,31387,,9429,,50,,,,,,50
536,6,31,3,0,0,0x03,40,2,18,31,20.000,40.000,20.000,20,20,220,220,21958,31387,31437,,9479,,50,,,,,,50
537,6,31,3,0,0,0x03,41,3,18,32,20.667,41.000,20.333,20,21,220,220,21958,31437,31487,,9529,,50,,,,,,50
538,6,31,3,0,0,0x03,43,2,19,32,21.333,43.000,21.667,21,22,220,220,21958,31487,31537,,9579,,50,,,,,,50
539,6,31,3,0,0,0x03,44,3,18,33,21.667,44.000,22.333,22,23,220,220,21958,31537,31587,,9629,,50,,,,,,50
540,6,31,3,0,0,0x03,45,2,18,33,21.667,45.000,23.333,23,24,220,220,21958,31587,31637,,9679,,50,,,,,,50
541,6,32,4,0,0,0x04,19,0,0,16,6.333,0.000,-6.333,-6,-6,220,220,31773,39687,39737,,7964,,50,,,,,,50
542,6,32,4,0,0,0x04,19,0,0,15,6.333,0.000,-6.333,-6,-6,220,220,31773,39737,39787,,8014,,50,,,,,,50
543,6,32,4,0,0,0x04,19,0,0,15,6.333,0.000,-6.333,-6,-6,220,220,31773,39787,39837,,8064,,50,,,,,,50
544,6,32,4,0,0,0x04,19,0,0,14,6.333,0.000,-6.333,-6,-6,220,220,31773,39837,39887,,8114,,50,,,,,,50
545,6,32,4,0,0,0x04,19,0,0,13,6.333,0.000,-6.333,-6,-6,220,220,31773,39887,39937,,8164,,50,,,,,,50
546,6,32,4,0,0,0x04,18,0,0,13,6.000,0.000,-6.000,-6,-6,220,220,31773,39937,39987,,8214,,50,,,,,,50
547,6,32,4,0,0,0x04,23,0,0,13,7.667,0.000,-7.667,-6,-7,220,220,31773,39987,40037,,8264,,50,,,,,,50
548,6,32,4,0,0,0x04,18,0,0,12,6.000,0.000,-6.000,-7,-6,220,220,31773,40037,40087,,8314,,50,,,,,,50
549,6,32,4,0,0,0x04,18,0,0,11,6.000,0.000,-6.000,-6,-6,220,220,31773,40087,40137,,8364,,50,,,,,,50
550,6,32,4,0,0,0x04,18,0,0,10,6.000,0.000,-6.000,-6,-6,220,220,31773,40137,40187,,8414,,50,,,,,,50
551,6,32,4,0,0,0x04,18,0,0,10,6.000,0.000,-6.000,-6,-6,220,220,31773,40187,40237,,8464,,50,,,,,,50
552,6,32,4,0,0,0x04,18,0,0,9,6.000,0.000,-6.000,-6,-6,220,220,31773,40237,40287,,8514,,50,,,,,,50
553,6,32,4,0,0,0x04,18,0,0,9,6.000,0.000,-6.000,-6,-6,220,220,31773,40287,40337,,8564,,50,,,,,,50
554,6,32,4,0,0,0x04,18,0,0,8,6.000,0.000,-6.000,-6,-6,220,220,31773,40337,40387,,8614,,50,,,,,,50
555,6,32,4,0,0,0x04,18,0,0,8,6.000,0.000,-6.000,-6,-6,220,220,31773,40387,40437,,8664,,50,,,,,,50
556,6,32,4,0,0,0x04,18,0,0,7,6.000,0.000,-6.000,-6,-6,220,220,31773,40437,40487,,8714,,50,,,,,,50
557,6,32,4,0,0,0x04,17,0,0,7,5.667,0.000,-5.667,-6,-5,220,220,31773,40487,40537,,8764,,50,,,,,,50
558,6,32,4,0,0,0x04,18,0,0,6,6.000,0.000,-6.000,-5,-6,220,220,31773,40537,40587,,8814,,50,,,,,,50
559,6,32,4,0,0,0x04,18,0,0,6,6.000,0.000,-6.000,-6,-6,220,220,31773,40587,40637,,8864,,50,,,,,,50
560,6,32,4,0,0,0x04,17,0,0,4,5.667,0.000,-5.667,-6,-5,220,220,31773,40637,40687,,8914,,50,,,,,,50
561,6,33,5,0,0,0x05,19,0,0,13,6.333,0.000,-6.333,-6,-6,220,220,41607,49737,49787,,8180,,50,,,,,,50
562,6,33,5,0,0,0x05,19,0,0,14,6.333,0.000,-6.333,-6,-6,220,220,41607,49787,49837,,8230,,50,,,,,,50
563,6,33,5,0,0,0x05,19,0,0,14,6.333,0.000,-6.333,-6,-6,220,220,41607,49837,49887,,8280,,50,,,,,,50
564,6,33,5,0,0,0x05,19,0,0,15,6.333,0.000,-6.333,-6,-6,220,220,41607,49887,49937,,8330,,50,,,,,,50
565,6,33,5,0,0,0x05,19,0,0,15,6.333,0.000,-6.333,-6,-6,220,220,41607,49937,49987,,8380,,50,,,,,,50
566,6,33,5,0,0,0x05,24,0,0,16,8.000,0.000,-8.000,-6,-8,220,220,41607,49987,50037,,8430,,50,,,,,,50
567,6,33,5,0,0,0x05,20,0,0,16,6.667,0.000,-6.667,-8,-6,220,220,41607,50037,50087,,8480,,50,,,,,,50
568,6,33,5,0,0,0x05,19,0,0,17,6.333,0.000,-6.333,-6,-6,220,220,41607,50087,50137,,8530,,50,,,,,,50
569,6,33,5,0,0,0x05,19,1,0,17,6.667,1.000,-5.667,-6,-5,220,220,41607,50137,50187,,8580,,50,,,,,,50
570,6,33,5,0,0,0x05,19,2,0,18,7.000,2.000,-5.000,-5,-5,220,220,41607,50187,50237,,8630,,50,,,,,,50
571,6,33,5,0,0,0x05,20,4,0,18,8.000,4.000,-4.000,-5,-4,220,220,41607,50237,50287,,8680,,50,,,,,,50
572,6,33,5,0,0,0x05,20,5,0,19,8.333,5.000,-3.333,-4,-3,220,220,41607,50287,50337,,8730,,50,,,,,,50
573,6,33,5,0,0,0x05,20,6,0,19,8.667,6.000,-2.667,-3,-2,220,220,41607,50337,50387,,8780,,50,,,,,,50
574,6,33,5,0,0,0x05,19,8,0,20,9.000,8.000,-1.000,-2,-1,220,220,41607,50387,50437,,8830,,50,,,,,,50
575,6,33,5,0,0,0x05,19,9,0,20,9.333,9.000,-0.333,-1,0,220,220,41607,50437,50487,,8880,,50,,,,,,50
576,6,33,5,0,0,0x05,20,10,0,20,10.000,10.000,0.000,0,0,220,220,41607,50487,50537,,8930,,50,,,,,,50
577,6,33,5,0,0,0x05,20,12,0,22,10.667,12.000,1.333,0,2,220,220,41607,50537,50587,,8980,,50,,,,,,50
578,6,33,5,0,0,0x05,20,13,0,22,11.000,13.000,2.000,2,2,220,220,41607,50587,50637,,9030,,50,,,,,,50
579,6,33,5,0,0,0x05,20,15,0,22,11.667,15.000,3.333,2,4,220,220,41607,50637,50687,,9080,,50,,,,,,50
580,6,33,5,0,0,0x05,20,16,0,22,12.000,16.000,4.000,4,4,220,220,41607,50687,50737,,9130,,50,,,,,,50
581,6,34,6,0,0,0x06,8,17,0,18,8.333,8.000,-0.333,0,0,220,220,51422,59787,59837,,8415,,50,,,,,,50
582,6,34,6,0,0,0x06,7,18,0,18,8.333,7.000,-1.333,0,-1,220,220,51422,59837,59887,,8465,,50,,,,,,50
583,6,34,6,0,0,0x06,5,18,0,18,7.667,5.000,-2.667,-1,-2,220,220,51422,59887,59937,,8515,,50,,,,,,50
584,6,34,6,0,0,0x06,4,17,0,17,7.000,4.000,-3.000,-2,-3,220,220,51422,59937,59987,,8565,,50,,,,,,50
585,6,34,6,0,0,0x06,7,18,0,18,8.333,7.000,-1.333,-3,-1,220,220,51422,59987,60037,,8615,,50,,,,,,50
586,6,34,6,0,0,0x06,2,17,0,17,6.333,2.000,-4.333,-1,-4,220,220,51422,60037,60087,,8665,,50,,,,,,50
587,6,34,6,0,0,0x06,1,17,0,16,6.000,1.000,-5.000,-4,-5,220,220,51422,60087,60137,,8715,,50,,,,,,50
588,6,34,6,0,0,0x06,0,17,0,16,5.667,0.000,-5.667,-5,-5,220,220,51422,60137,60187,,8765,,50,,,,,,50
589,6,34,6,0,0,0x06,0,16,0,15,5.333,0.000,-5.333,-5,-5,220,220,51422,60187,60237,,8815,,50,,,,,,50
590,6,34,6,0,0,0x06,0,17,0,15,5.667,0.000,-5.667,-5,-5,220,220,51422,60237,60287,,8865,,50,,,,,,50
591,6,34,6,0,0,0x06,0,17,0,14,5.667,0.000,-5.667,-5,-5,220,220,51422,60287,60337,,8915,,50,,,,,,50
592,6,34,6,0,0,0x06,0,17,0,14,5.667,0.000,-5.667,-5,-5,220,220,51422,60337,60387,,8965,,50,,,,,,50
593,6,34,6,0,0,0x06,0,17,0,13,5.667,0.000,-5.667,-5,-5,220,220,51422,60387,60437,,9015,,50,,,,,,50
594,6,34,6,0,0,0x06,0,16,0,13,5.333,0.000,-5.333,-5,-5,220,220,51422,60437,60487,,9065,,50,,,,,,50
595,6,34,6,0,0,0x06,0,16,0,13,5.333,0.000,-5.333,-5,-5,220,220,51422,60487,60537,,9115,,50,,,,,,50
596,6,34,6,0,0,0x06,0,16,0,12,5.333,0.000,-5.333,-5,-5,220,220,51422,60537,60587,,9165,,50,,,,,,50
597,6,34,6,0,0,0x06,0,16,0,11,5.333,0.000,-5.333,-5,-5,220,220,51422,60587,60637,,9215,,50,,,,,,50
598,6,34,6,0,0,0x06,0,16,0,11,5.333,0.000,-5.333,-5,-5,220,220,51422,60637,60687,,9265,,50,,,,,,50
599,6,34,6,0,0,0x06,0,16,0,11,5.333,0.000,-5.333,-5,-5,220,220,51422,60687,60737,,9315,,50,,,,,,50
600,6,34,6,0,0,0x06,0,16,0,10,5.333,0.000,-5.333,-5,-5,220,220,51422,60737,60787,,9365,,50,,,,,,50
601,6,35,1,0,0,0x01,1,19,3,18,7.667,3.000,-4.667,-5,-4,220,220,61256,3301,3351,,7631,,50,,,,,,50
602,6,35,1,0,0,0x01,1,19,5,19,8.333,5.000,-3.333,-4,-3,220,220,61256,3351,3401,,7681,,50,,,,,,50
603,6,35,1,0,0,0x01,1,19,6,19,8.667,6.000,-2.667,-3,-2,220,220,61256,3401,3451,,7731,,50,,,,,,50
604,6,35,1,0,0,0x01,6,19,8,20,11.000,8.000,-3.000,-2,-3,220,220,61256,3451,3501,,7781,,50,,,,,,50
605,6,35,1,0,0,0x01,1,19,9,21,9.667,9.000,-0.667,-3,0,220,220,61256,3501,3551,,7831,,50,,,,,,50
606,6,35,1,0,0,0x01,2,19,10,21,10.333,10.000,-0.333,0,0,220,220,61256,3551,3601,,7881,,50,,,,,,50
607,6,35,1,0,0,0x01,2,19,12,22,11.000,12.000,1.000,0,1,220,220,61256,3601,3651,,7931,,50,,,,,,50
608,6,35,1,0,0,0x01,2,19,14,22,11.667,14.000,2.333,1,3,220,220,61256,3651,3701,,7981,,50,,,,,,50
609,6,35,1,0,0,0x01,2,19,15,22,12.000,15.000,3.000,3,3,220,220,61256,3701,3751,,8031,,50,,,,,,50
610,6,35,1,0,0,0x01,2,19,16,23,12.333,16.000,3.667,3,4,220,220,61256,3751,3801,,8081,,50,,,,,,50
611,6,35,1,0,0,0x01,2,19,18,24,13.000,18.000,5.000,4,5,220,220,61256,3801,3851,,8131,,50,,,,,,50
612,6,35,1,0,0,0x01,3,19,19,24,13.667,19.000,5.333,5,6,220,220,61256,3851,3901,,8181,,50,,,,,,50
613,6,35,1,0,0,0x01,3,19,21,25,14.333,21.000,6.667,6,7,220,220,61256,3901,3951,,8231,,50,,,,,,50
614,6,35,1,0,0,0x01,3,19,22,25,14.667,22.000,7.333,7,8,220,220,61256,3951,4001,,8281,,50,,,,,,50
615,6,35,1,0,0,0x01,2,19,23,25,14.667,23.000,8.333,8,9,220,220,61256,4001,4051,,8331,,50,,,,,,50
616,6,35,1,0,0,0x01,2,19,25,27,15.333,25.000,9.667,9,10,220,220,61256,4051,4101,,8381,,50,,,,,,50
617,6,35,1,0,0,0x01,3,20,27,27,16.667,27.000,10.333,10,11,220,220,61256,4101,4151,,8431,,50,,,,,,50
618,6,35,1,0,0,0x01,3,20,28,27,17.000,28.000,11.000,11,11,220,220,61256,6201,6251,,10531,,50,,,,,,50
619,6,35,1,0,0,0x01,3,20,29,28,17.333,29.000,11.667,11,12,220,220,61256,4201,4251,,8531,,50,,,,,,50
620,6,36,2,0,0,0x02,0,0,18,14,6.000,0.000,-6.000,-6,-6,220,220,5285,6301,6351,,1066,,50,,,,,,50
621,6,36,2,0,0,0x02,2,22,18,24,14.000,22.000,8.000,9,8,220,220,5285,13351,13401,,8116,,50,,,,,,50
622,6,36,2,0,0,0x02,2,20,18,24,13.333,20.000,6.667,8,7,220,220,5285,13401,13451,,8166,,50,,,,,,50
623,6,36,2,0,0,0x02,6,19,18,24,14.333,19.000,4.667,7,5,220,220,5285,13451,13501,,8216,,50,,,,,,50
624,6,36,2,0,0,0x02,2,18,18,23,12.667,18.000,5.333,5,6,220,220,5285,13501,13551,,8266,,50,,,,,,50
625,6,36,2,0,0,0x02,2,16,17,22,11.667,16.000,4.333,6,5,220,220,5285,13551,13601,,8316,,50,,,,,,50
626,6,36,2,0,0,0x02,2,15,18,22,11.667,15.000,3.333,5,4,220,220,5285,13601,13651,,8366,,50,,,,,,50
627,6,36,2,0,0,0x02,2,13,17,21,10.667,13.000,2.333,4,3,220,220,5285,13651,13701,,8416,,50,,,,,,50
628,6,36,2,0,0,0x02,2,12,17,21,10.333,12.000,1.667,3,2,220,220,5285,13701,13751,,8466,,50,,,,,,50
629,6,36,2,0,0,0x02,2,11,17,20,10.000,11.000,1.000,2,1,220,220,5285,13751,13801,,8516,,50,,,,,,50
630,6,36,2,0,0,0x02,2,9,17,20,9.333,9.000,-0.333,1,0,220,220,5285,13801,13851,,8566,,50,,,,,,50
631,6,36,2,0,0,0x02,2,8,17,19,9.000,8.000,-1.000,0,-1,220,220,5285,13851,13901,,8616,,50,,,,,,50
632,6,36,2,0,0,0x02,1,7,17,18,8.333,7.000,-1.333,-1,-1,220,220,5285,13901,13951,,8666,,50,,,,,,50
633,6,36,2,0,0,0x02,1,6,16,18,7.667,6.000,-1.667,-1,-1,220,220,5285,13951,14001,,8716,,50,,,,,,50
634,6,36,2,0,0,0x02,1,4,17,18,7.333,4.000,-3.333,-1,-3,220,220,5285,14001,14051,,8766,,50,,,,,,50
635,6,36,2,0,0,0x02,1,3,16,18,6.667,3.000,-3.667,-3,-3,220,220,5285,14051,14101,,8816,,50,,,,,,50
636,6,36,2,0,0,0x02,1,2,16,17,6.333,2.000,-4.333,-3,-4,220,220,5285,14101,14151,,8866,,50,,,,,,50
637,6,36,2,0,0,0x02,1,1,16,16,6.000,1.000,-5.000,-4,-5,220,220,5285,14151,14201,,8916,,50,,,,,,50
638,6,36,2,0,0,0x02,1,0,16,16,5.667,0.000,-5.667,-5,-5,220,220,5285,14201,14251,,8966,,50,,,,,,50
639,6,36,2,0,0,0x02,1,0,16,15,5.667,0.000,-5.667,-5,-5,220,220,5285,14251,14301,,9016,,50,,,,,,50
640,6,36,2,0,0,0x02,1,0,16,15,5.667,0.000,-5.667,-5,-5,220,220,5285,14301,14351,,9066,,50,,,,,,50
641,7,37,3,0,0,0x03,0,0,17,12,5.667,0.000,-5.667,-5,-5,220,220,14872,22401,22451,,7579,,50,,,,,,50
642,7,37,3,0,0,0x03,0,0,17,12,5.667,0.000,-5.667,-5,-5,220,220,14872,22451,22501,,7629,,50,,,,,,50
643,7,37,3,0,0,0x03,0,0,17,12,5.667,0.000,-5.667,-5,-5,220,220,14872,22501,22551,,7679,,50,,,,,,50
644,7,37,3,0,0,0x03,0,0,17,12,5.667,0.000,-5.667,-5,-5,220,220,14872,22551,22601,,7729,,50,,,,,,50
645,7,37,3,0,0,0x03,0,0,17,13,5.667,0.000,-5.667,-5,-5,220,220,14872,22601,22651,,7779,,50,,,,,,50
646,7,37,3,0,0,0x03,0,0,17,14,5.667,0.000,-5.667,-5,-5,220,220,14872,22651,22701,,7829,,50,,,,,,50
647,7,37,3,0,0,0x03,0,0,17,14,5.667,0.000,-5.667,-5,-5,220,220,14872,22701,22751,,7879,,50,,,,,,50
648,7,37,3,0,0,0x03,0,0,17,14,5.667,0.000,-5.667,-5,-5,220,220,14872,22751,22801,,7929,,50,,,,,,50
649,7,37,3,0,0,0x03,0,0,17,15,5.667,0.000,-5.667,-5,-5,220,220,14872,22801,22851,,7979,,50,,,,,,50
650,7,37,3,0,0,0x03,0,0,17,15,5.667,0.000,-5.667,-5,-5,220,220,14872,22851,22901,,8029,,50,,,,,,50
651,7,37,3,0,0,0x03,0,0,17,16,5.667,0.000,-5.667,-5,-5,220,220,14872,22901,22951,,8079,,50,,,,,,50
652,7,38,4,0,0,0x04,0,0,17,16,5.667,17.000,11.333,-6,-6,220,220,24438,25001,25051,,613,,50,,,,,,50
653,7,39,3,0,0,0x03,0,0,17,16,5.667,0.000,-5.667,-5,-5,220,220,14872,23001,23051,,8179,,50,,,,,,50
654,7,40,4,0,0,0x04,1,0,17,10,6.000,17.000,11.000,-7,-7,220,220,24438,25101,25151,,713,,50,,,,,,50
655,7,41,3,0,0,0x03,2,0,18,17,6.667,2.000,-4.667,-5,-4,220,220,14872,23101,23151,,8279,,50,,,,,,50
656,7,42,4,0,0,0x04,3,0,0,11,1.000,0.000,-1.000,-6,-7,220,220,24438,25201,25251,,813,,50,,,,,,50
657,7,42,4,0,0,0x04,20,0,0,12,6.667,0.000,-6.667,-7,-6,220,220,24438,25251,25301,,863,,50,,,,,,50
658,7,42,4,0,0,0x04,21,0,0,12,7.000,0.000,-7.000,-6,-7,220,220,24438,25301,25351,,913,,50,,,,,,50
659,7,42,4,0,0,0x04,20,0,0,13,6.667,0.000,-6.667,-7,-6,220,220,24438,25351,25401,,963,,50,,,,,,50
660,7,42,4,0,0,0x04,20,0,0,14,6.667,0.000,-6.667,-6,-6,220,220,24438,25401,25451,,1013,,50,,,,,,50
661,7,42,4,0,0,0x04,23,0,0,14,7.667,0.000,-7.667,-6,-7,220,220,24438,32451,32501,,8063,,50,,,,,,50
662,7,42,4,0,0,0x04,19,0,0,14,6.333,0.000,-6.333,-7,-6,220,220,24438,32501,32551,,8113,,50,,,,,,50
663,7,42,4,0,0,0x04,19,0,0,13,6.333,0.000,-6.333,-6,-6,220,220,24438,32551,32601,,8163,,50,,,,,,50
664,7,42,4,0,0,0x04,19,0,0,12,6.333,0.000,-6.333,-6,-6,220,220,24438,32601,32651,,8213,,50,,,,,,50
665,7,42,4,0,0,0x04,19,0,0,12,6.333,0.000,-6.333,-6,-6,220,220,24438,32651,32701,,8263,,50,,,,,,50
666,7,42,4,0,0,0x04,19,0,0,12,6.333,0.000,-6.333,-6,-6,220,220,24438,32701,32751,,8313,,50,,,,,,50
667,7,42,4,0,0,0x04,19,0,0,11,6.333,0.000,-6.333,-6,-6,220,220,24438,32751,32801,,8363,,50,,,,,,50
668,7,42,4,0,0,0x04,19,0,0,11,6.333,0.000,-6.333,-6,-6,220,220,24438,32801,32851,,8413,,50,,,,,,50
669,7,42,4,0,0,0x04,19,0,0,10,6.333,0.000,-6.333,-6,-6,220,220,24438,32851,32901,,8463,,50,,,,,,50
670,7,42,4,0,0,0x04,19,0,0,10,6.333,0.000,-6.333,-6,-6,220,220,24438,32901,32951,,8513,,50,,,,,,50
671,7,42,4,0,0,0x04,19,0,0,10,6.333,0.000,-6.333,-6,-6,220,220,24438,32951,33001,,8563,,50,,,,,,50
672,7,42,4,0,0,0x04,18,0,0,9,6.000,0.000,-6.000,-6,-6,220,220,24438,33001,33051,,8613,,50,,,,,,50
673,7,42,4,0,0,0x04,19,0,0,9,6.333,0.000,-6.333,-6,-6,220,220,24438,33051,33101,,8663,,50,,,,,,50
674,7,42,4,0,0,0x04,18,0,0,8,6.000,0.000,-6.000,-6,-6,220,220,24438,33101,33151,,8713,,50,,,,,,50
675,7,42,4,0,0,0x04,18,0,0,8,6.000,0.000,-6.000,-6,-6,220,220,24438,33151,33201,,8763,,50,,,,,,50
676,7,42,4,0,0,0x04,19,0,0,8,6.333,0.000,-6.333,-6,-6,220,220,24438,33201,33251,,8813,,50,,,,,,50
677,7,42,4,0,0,0x04,18,0,0,8,6.000,0.000,-6.000,-6,-6,220,220,24438,33251,33301,,8863,,50,,,,,,50
678,7,42,4,0,0,0x04,18,0,0,7,6.000,0.000,-6.000,-6,-6,220,220,24438,33301,33351,,8913,,50,,,,,,50
679,7,42,4,0,0,0x04,18,0,0,7,6.000,0.000,-6.000,-6,-6,220,220,24438,33351,33401,,8963,,50,,,,,,50
680,7,42,4,0,0,0x04,18,0,0,6,6.000,0.000,-6.000,-6,-6,220,220,24438,33401,33451,,9013,,50,,,,,,50
681,8,43,5,0,0,0x05,20,14,0,22,11.333,14.000,2.667,1,3,220,220,34023,42501,42551,,8528,,50,,,,,,50
682,8,43,5,0,0,0x05,20,16,0,23,12.000,16.000,4.000,3,4,220,220,34023,42551,42601,,8578,,50,,,,,,50
683,8,43,5,0,0,0x05,20,17,0,23,12.333,17.000,4.667,4,5,220,220,34023,42601,42651,,8628,,50,,,,,,50
684,8,43,5,0,0,0x05,20,19,0,24,13.000,19.000,6.000,5,6,220,220,34023,42651,42701,,8678,,50,,,,,,50
685,8,43,5,0,0,0x05,20,20,0,24,13.333,20.000,6.667,6,7,220,220,34023,42701,42751,,8728,,50,,,,,,50
686,8,43,5,0,0,0x05,20,22,0,25,14.000,22.000,8.000,7,8,220,220,34023,42751,42801,,8778,,50,,,,,,50
687,8,43,5,0,0,0x05,20,23,0,26,14.333,23.000,8.667,8,9,220,220,34023,42801,42851,,8828,,50,,,,,,50
688,8,43,5,0,0,0x05,20,25,1,26,15.333,25.000,9.667,9,10,220,220,34023,42851,42901,,8878,,50,,,,,,50
689,8,43,5,0,0,0x05,21,26,0,26,15.667,26.000,10.333,10,11,220,220,34023,42901,42951,,8928,,50,,,,,,50
690,8,43,5,0,0,0x05,20,28,1,27,16.333,28.000,11.667,11,12,220,220,34023,42951,43001,,8978,,50,,,,,,50
691,8,43,5,0,0,0x05,20,29,1,28,16.667,29.000,12.333,12,13,220,220,34023,43001,43051,,9028,,50,,,,,,50
692,8,43,5,0,0,0x05,20,31,1,28,17.333,31.000,13.667,13,14,220,220,34023,43051,43101,,9078,,50,,,,,,50
693,8,43,5,0,0,0x05,21,33,1,29,18.333,33.000,14.667,14,15,220,220,34023,43101,43151,,9128,,50,,,,,,50
694,8,43,5,0,0,0x05,21,34,1,29,18.667,34.000,15.333,15,16,220,220,34023,43151,43201,,9178,,50,,,,,,50
695,8,43,5,0,0,0x05,21,35,1,30,19.000,35.000,16.000,16,16,220,220,34023,43201,43251,,9228,,50,,,,,,50
696,8,43,5,0,0,0x05,21,37,1,31,19.667,37.000,17.333,16,18,220,220,34023,43251,43301,,9278,,50,,,,,,50
697,8,43,5,0,0,0x05,21,39,2,31,20.667,39.000,18.333,18,19,220,220,34023,43301,43351,,9328,,50,,,,,,50
698,8,43,5,0,0,0x05,21,40,2,31,21.000,40.000,19.000,19,19,220,220,34023,43351,43401,,9378,,50,,,,,,50
699,8,43,5,0,0,0x05,21,41,1,32,21.000,41.000,20.000,19,20,220,220,34023,43401,43451,,9428,,50,,,,,,50
700,8,43,5,0,0,0x05,25,43,1,33,23.000,43.000,20.000,20,20,220,220,34023,43451,43501,,9478,,50,,,,,,50
701,8,44,6,0,0,0x06,22,19,0,24,13.667,22.000,8.333,10,9,220,220,43587,51551,51601,,8014,,50,,,,,,50
702,8,44,6,0,0,0x06,22,19,0,23,13.667,22.000,8.333,9,9,220,220,43587,51601,51651,,8064,,50,,,,,,50
703,8,44,6,0,0,0x06,21,19,0,23,13.333,21.000,7.667,9,8,220,220,43587,51651,51701,,8114,,50,,,,,,50
704,8,44,6,0,0,0x06,19,19,0,23,12.667,19.000,6.333,8,7,220,220,43587,51701,51751,,8164,,50,,,,,,50
705,8,44,6,0,0,0x06,18,18,0,22,12.000,18.000,6.000,7,6,220,220,43587,51751,51801,,8214,,50,,,,,,50
706,8,44,6,0,0,0x06,17,19,0,22,12.000,17.000,5.000,6,5,220,220,43587,51801,51851,,8264,,50,,,,,,50
707,8,44,6,0,0,0x06,16,19,0,21,11.667,16.000,4.333,5,5,220,220,43587,51851,51901,,8314,,50,,,,,,50
708,8,44,6,0,0,0x06,14,18,0,21,10.667,14.000,3.333,5,4,220,220,43587,51901,51951,,8364,,50,,,,,,50
709,8,44,6,0,0,0x06,13,18,0,21,10.333,13.000,2.667,4,3,220,220,43587,51951,52001,,8414,,50,,,,,,50
710,8,44,6,0,0,0x06,12,18,0,20,10.000,12.000,2.000,3,2,220,220,43587,52001,52051,,8464,,50,,,,,,50
711,8,44,6,0,0,0x06,11,18,0,20,9.667,11.000,1.333,2,2,220,220,43587,52051,52101,,8514,,50,,,,,,50
712,8,44,6,0,0,0x06,9,18,0,19,9.000,9.000,0.000,2,0,220,220,43587,52101,52151,,8564,,50,,,,,,50
713,8,44,6,0,0,0x06,8,18,0,19,8.667,8.000,-0.667,0,0,220,220,43587,52151,52201,,8614,,50,,,,,,50
714,8,44,6,0,0,0x06,7,18,0,18,8.333,7.000,-1.333,0,-1,220,220,43587,52201,52251,,8664,,50,,,,,,50
715,8,44,6,0,0,0x06,6,18,0,18,8.000,6.000,-2.000,-1,-2,220,220,43587,52251,52301,,8714,,50,,,,,,50
716,8,44,6,0,0,0x06,5,18,0,18,7.667,5.000,-2.667,-2,-2,220,220,43587,52301,52351,,8764,,50,,,,,,50
717,8,44,6,0,0,0x06,4,17,0,17,7.000,4.000,-3.000,-2,-3,220,220,43587,52351,52401,,8814,,50,,,,,,50
718,8,44,6,0,0,0x06,3,17,0,17,6.667,3.000,-3.667,-3,-3,220,220,43587,52401,52451,,8864,,50,,,,,,50
719,8,44,6,0,0,0x06,6,18,0,17,8.000,6.000,-2.000,-3,-2,220,220,43587,52451,52501,,8914,,50,,,,,,50
720,8,44,6,0,0,0x06,0,17,0,16,5.667,0.000,-5.667,-2,-5,220,220,43587,52501,52551,,8964,,50,,,,,,50
721,8,45,1,0,0,0x01,2,19,27,27,16.000,27.000,11.000,10,11,220,220,53170,61601,61651,,8481,,50,,,,,,50
722,8,45,1,0,0,0x01,3,20,29,27,17.333,29.000,11.667,11,12,220,220,53170,61651,61701,,8531,,50,,,,,,50
723,8,45,1,0,0,0x01,3,20,29,28,17.333,29.000,11.667,12,12,220,220,53170,61701,61751,,8581,,50,,,,,,50
724,8,45,1,0,0,0x01,3,20,31,28,18.000,31.000,13.000,12,13,220,220,53170,61751,61801,,8631,,50,,,,,,50
725,8,45,1,0,0,0x01,3,20,32,29,18.333,32.000,13.667,13,14,220,220,53170,61801,61851,,8681,,50,,,,,,50
726,8,45,1,0,0,0x01,3,20,34,29,19.000,34.000,15.000,14,15,220,220,53170,61851,61901,,8731,,50,,,,,,50
727,8,45,1,0,0,0x01,3,20,35,30,19.333,35.000,15.667,15,16,220,220,53170,61901,61951,,8781,,50,,,,,,50
728,8,45,1,0,0,0x01,3,20,36,31,19.667,36.000,16.333,16,17,220,220,53170,61951,62001,,8831,,50,,,,,,50
729,8,45,1,0,0,0x01,3,20,37,30,20.000,37.000,17.000,17,17,220,220,53170,62001,62051,,8881,,50,,,,,,50
730,8,45,1,0,0,0x01,4,20,38,31,20.667,38.000,17.333,17,18,220,220,53170,62051,62101,,8931,,50,,,,,,50
731,8,45,1,0,0,0x01,3,20,40,32,21.000,40.000,19.000,18,19,220,220,53170,62101,62151,,8981,,50,,,,,,50
732,8,45,1,0,0,0x01,3,20,41,32,21.333,41.000,19.667,19,20,220,220,53170,62151,62201,,9031,,50,,,,,,50
733,8,45,1,0,0,0x01,3,21,42,33,22.000,42.000,20.000,20,20,220,220,53170,62201,62251,,9081,,50,,,,,,50
734,8,45,1,0,0,0x01,3,20,43,33,22.000,43.000,21.000,20,21,220,220,53170,62251,62301,,9131,,50,,,,,,50
735,8,45,1,0,0,0x01,3,21,44,33,22.667,44.000,21.333,21,22,220,220,53170,62301,62351,,9181,,50,,,,,,50
736,8,45,1,0,0,0x01,3,21,45,34,23.000,45.000,22.000,22,22,220,220,53170,62351,62401,,9231,,50,,,,,,50
737,8,45,1,0,0,0x01,3,20,46,34,23.000,46.000,23.000,22,23,220,220,53170,62401,62451,,9281,,50,,,,,,50
738,8,45,1,0,0,0x01,8,20,47,35,25.000,47.000,22.000,23,22,220,220,53170,62451,62501,,9331,,50,,,,,,50
739,8,45,1,0,0,0x01,3,21,48,34,24.000,48.000,24.000,22,24,220,220,53170,62501,62551,,9381,,50,,,,,,50
740,8,45,1,0,0,0x01,3,21,48,35,24.000,48.000,24.000,24,24,220,220,53170,62551,62601,,9431,,50,,,,,,50
741,8,46,2,0,0,0x02,2,24,18,25,14.667,24.000,9.333,10,10,220,220,62735,5115,5165,,7966,,50,,,,,,50
742,8,46,2,0,0,0x02,2,23,18,25,14.333,23.000,8.667,10,9,220,220,62735,5165,5215,,8016,,50,,,,,,50
743,8,46,2,0,0,0x02,2,21,18,24,13.667,21.000,7.333,9,8,220,220,62735,5215,5265,,8066,,50,,,,,,50
744,8,46,2,0,0,0x02,2,20,18,23,13.333,20.000,6.667,8,7,220,220,62735,5265,5315,,8116,,50,,,,,,50
745,8,46,2,0,0,0x02,2,19,18,23,13.000,19.000,6.000,7,6,220,220,62735,5315,5365,,8166,,50,,,,,,50
746,8,46,2,0,0,0x02,2,17,17,22,12.000,17.000,5.000,6,5,220,220,62735,5365,5415,,8216,,50,,,,,,50
747,8,46,2,0,0,0x02,2,16,18,22,12.000,16.000,4.000,5,4,220,220,62735,5415,5465,,8266,,50,,,,,,50
748,8,46,2,0,0,0x02,2,15,17,21,11.333,15.000,3.667,4,4,220,220,62735,5465,5515,,8316,,50,,,,,,50
749,8,46,2,0,0,0x02,2,13,17,21,10.667,13.000,2.333,4,3,220,220,62735,5515,5565,,8366,,50,,,,,,50
750,8,46,2,0,0,0x02,2,12,17,20,10.333,12.000,1.667,3,2,220,220,62735,5565,5615,,8416,,50,,,,,,50
751,8,46,2,0,0,0x02,2,10,17,20,9.667,10.000,0.333,2,1,220,220,62735,5615,5665,,8466,,50,,,,,,50
752,8,46,2,0,0,0x02,2,9,17,20,9.333,9.000,-0.333,1,0,220,220,62735,5665,5715,,8516,,50,,,,,,50
753,8,46,2,0,0,0x02,2,8,17,20,9.000,8.000,-1.000,0,-1,220,220,62735,5715,5765,,8566,,50,,,,,,50
754,8,46,2,0,0,0x02,2,7,17,19,8.667,7.000,-1.667,-1,-1,220,220,62735,5765,5815,,8616,,50,,,,,,50
755,8,46,2,0,0,0x02,1,5,17,18,7.667,5.000,-2.667,-1,-2,220,220,62735,5815,5865,,8666,,50,,,,,,50
756,8,46,2,0,0,0x02,1,4,17,18,7.333,4.000,-3.333,-2,-3,220,220,62735,5865,5915,,8716,,50,,,,,,50
757,8,46,2,0,0,0x02,6,3,16,17,8.333,3.000,-5.333,-3,-5,220,220,62735,5915,5965,,8766,,50,,,,,,50
758,8,46,2,0,0,0x02,2,2,16,17,6.667,2.000,-4.667,-5,-4,220,220,62735,5965,6015,,8816,,50,,,,,,50
759,8,46,2,0,0,0x02,2,0,16,16,6.000,0.000,-6.000,-4,-6,220,220,62735,6015,6065,,8866,,50,,,,,,50
760,8,46,2,0,0,0x02,2,0,16,16,6.000,0.000,-6.000,-6,-6,220,220,62735,6065,6115,,8916,,50,,,,,,50
761,8,47,3,0,0,0x03,18,1,17,23,12.000,18.000,6.000,5,6,220,220,6787,15165,15215,,8428,,50,,,,,,50
762,8,47,3,0,0,0x03,19,1,18,23,12.667,19.000,6.333,6,7,220,220,6787,15215,15265,,8478,,50,,,,,,50
763,8,47,3,0,0,0x03,21,1,18,24,13.333,21.000,7.667,7,8,220,220,6787,15265,15315,,8528,,50,,,,,,50
764,8,47,3,0,0,0x03,21,1,18,24,13.333,21.000,7.667,8,8,220,220,6787,15315,15365,,8578,,50,,,,,,50
765,8,47,3,0,0,0x03,23,1,18,25,14.000,23.000,9.000,8,9,220,220,6787,15365,15415,,8628,,50,,,,,,50
766,8,47,3,0,0,0x03,24,1,18,25,14.333,24.000,9.667,9,10,220,220,6787,15415,15465,,8678,,50,,,,,,50
767,8,47,3,0,0,0x03,25,2,18,26,15.000,25.000,10.000,10,10,220,220,6787,15465,15515,,8728,,50,,,,,,50
768,8,47,3,0,0,0x03,26,2,17,26,15.000,26.000,11.000,10,11,220,220,6787,15515,15565,,8778,,50,,,,,,50
769,8,47,3,0,0,0x03,28,2,18,27,16.000,28.000,12.000,11,12,220,220,6787,15565,15615,,8828,,50,,,,,,50
770,8,47,3,0,0,0x03,29,2,18,27,16.333,29.000,12.667,12,13,220,220,6787,15615,15665,,8878,,50,,,,,,50
771,8,47,3,0,0,0x03,30,2,18,28,16.667,30.000,13.333,13,14,220,220,6787,15665,15715,,8928,,50,,,,,,50
772,8,47,3,0,0,0x03,31,2,18,28,17.000,31.000,14.000,14,14,220,220,6787,15715,15765,,8978,,50,,,,,,50
773,8,47,3,0,0,0x03,32,2,18,28,17.333,32.000,14.667,14,15,220,220,6787,15765,15815,,9028,,50,,,,,,50
774,8,47,3,0,0,0x03,34,2,19,29,18.333,34.000,15.667,15,16,220,220,6787,15815,15865,,9078,,50,,,,,,50
775,8,47,3,0,0,0x03,35,2,18,29,18.333,35.000,16.667,16,17,220,220,6787,15865,15915,,9128,,50,,,,,,50
776,8,47,3,0,0,0x03,41,2,18,30,20.333,41.000,20.667,17,21,220,220,6787,15915,15965,,9178,,50,,,,,,50
777,8,47,3,0,0,0x03,37,2,18,30,19.000,37.000,18.000,21,18,220,220,6787,15965,16015,,9228,,50,,,,,,50
778,8,47,3,0,0,0x03,38,2,19,30,19.667,38.000,18.333,18,19,220,220,6787,16015,16065,,9278,,50,,,,,,50
779,8,47,3,0,0,0x03,40,2,18,31,20.000,40.000,20.000,19,20,220,220,6787,16065,16115,,9328,,50,,,,,,50
780,8,47,3,0,0,0x03,41,2,18,32,20.333,41.000,20.667,20,21,220,220,6787,16115,16165,,9378,,50,,,,,,50
781,8,48,4,0,0,0x04,21,0,12,21,11.000,12.000,1.000,3,1,220,220,16351,24215,24265,,7914,,50,,,,,,50
782,8,48,4,0,0,0x04,20,0,11,20,10.333,11.000,0.667,1,1,220,220,16351,24265,24315,,7964,,50,,,,,,50
783,8,48,4,0,0,0x04,20,0,10,20,10.000,10.000,0.000,1,0,220,220,16351,24315,24365,,8014,,50,,,,,,50
784,8,48,4,0,0,0x04,20,0,8,20,9.333,8.000,-1.333,0,-1,220,220,16351,24365,24415,,8064,,50,,,,,,50
785,8,48,4,0,0,0x04,20,0,7,19,9.000,7.000,-2.000,-1,-2,220,220,16351,24415,24465,,8114,,50,,,,,,50
786,8,48,4,0,0,0x04,20,0,5,19,8.333,5.000,-3.333,-2,-3,220,220,16351,24465,24515,,8164,,50,,,,,,50
787,8,48,4,0,0,0x04,20,0,4,18,8.000,4.000,-4.000,-3,-4,220,220,16351,24515,24565,,8214,,50,,,,,,50
788,8,48,4,0,0,0x04,20,0,3,18,7.667,3.000,-4.667,-4,-4,220,220,16351,24565,24615,,8264,,50,,,,,,50
789,8,48,4,0,0,0x04,19,0,1,17,6.667,1.000,-5.667,-4,-5,220,220,16351,24615,24665,,8314,,50,,,,,,50
790,8,48,4,0,0,0x04,19,0,0,17,6.333,0.000,-6.333,-5,-6,220,220,16351,24665,24715,,8364,,50,,,,,,50
791,8,48,4,0,0,0x04,19,0,0,16,6.333,0.000,-6.333,-6,-6,220,220,16351,24715,24765,,8414,,50,,,,,,50
792,8,48,4,0,0,0x04,19,0,0,16,6.333,0.000,-6.333,-6,-6,220,220,16351,24765,24815,,8464,,50,,,,,,50
793,8,48,4,0,0,0x04,19,0,0,15,6.333,0.000,-6.333,-6,-6,220,220,16351,24815,24865,,8514,,50,,,,,,50
794,8,48,4,0,0,0x04,19,0,0,15,6.333,0.000,-6.333,-6,-6,220,220,16351,24865,24915,,8564,,50,,,,,,50
795,8,48,4,0,0,0x04,23,0,0,15,7.667,0.000,-7.667,-6,-7,220,220,16351,24915,24965,,8614,,50,,,,,,50
796,8,48,4,0,0,0x04,19,0,0,14,6.333,0.000,-6.333,-7,-6,220,220,16351,24965,25015,,8664,,50,,,,,,50
797,8,48,4,0,0,0x04,18,0,0,13,6.000,0.000,-6.000,-6,-6,220,220,16351,25015,25065,,8714,,50,,,,,,50
798,8,48,4,0,0,0x04,19,0,0,13,6.333,0.000,-6.333,-6,-6,220,220,16351,25065,25115,,8764,,50,,,,,,50
799,8,48,4,0,0,0x04,19,0,0,12,6.333,0.000,-6.333,-6,-6,220,220,16351,25115,25165,,8814,,50,,,,,,50
800,8,48,4,0,0,0x04,18,0,0,12,6.000,0.000,-6.000,-6,-6,220,220,16351,25165,25215,,8864,,50,,,,,,50
801,9,49,5,0,0,0x05,20,3,0,18,7.667,3.000,-4.667,-5,-4,220,220,25936,34265,34315,,8379,,50,,,,,,50
802,9,49,5,0,0,0x05,20,5,0,18,8.333,5.000,-3.333,-4,-3,220,220,25936,34315,34365,,8429,,50,,,,,,50
803,9,49,5,0,0,0x05,20,6,0,19,8.667,6.000,-2.667,-3,-2,220,220,25936,34365,34415,,8479,,50,,,,,,50
804,9,49,5,0,0,0x05,20,7,0,20,9.000,7.000,-2.000,-2,-2,220,220,25936,34415,34465,,8529,,50,,,,,,50
805,9,49,5,0,0,0x05,20,9,0,20,9.667,9.000,-0.667,-2,0,220,220,25936,34465,34515,,8579,,50,,,,,,50
806,9,49,5,0,0,0x05,20,10,0,20,10.000,10.000,0.000,0,0,220,220,25936,34515,34565,,8629,,50,,,,,,50
807,9,49,5,0,0,0x05,20,12,0,21,10.667,12.000,1.333,0,2,220,220,25936,34565,34615,,8679,,50,,,,,,50
808,9,49,5,0,0,0x05,20,13,0,21,11.000,13.000,2.000,2,2,220,220,25936,34615,34665,,8729,,50,,,,,,50
809,9,49,5,0,0,0x05,20,14,0,22,11.333,14.000,2.667,2,3,220,220,25936,34665,34715,,8779,,50,,,,,,50
810,9,49,5,0,0,0x05,20,15,0,22,11.667,15.000,3.333,3,4,220,220,25936,34715,34765,,8829,,50,,,,,,50
811,9,49,5,0,0,0x05,20,17,0,23,12.333,17.000,4.667,4,5,220,220,25936,34765,34815,,8879,,50,,,,,,50
812,9,49,5,0,0,0x05,20,17,0,23,12.333,17.000,4.667,5,5,220,220,25936,34815,34865,,8929,,50,,,,,,50
813,9,49,5,0,0,0x05,20,18,1,23,13.000,18.000,5.000,5,5,220,220,25936,34865,34915,,8979,,50,,,,,,50
814,9,49,5,0,0,0x05,25,20,0,24,15.000,20.000,5.000,5,5,220,220,25936,34915,34965,,9029,,50,,,,,,50
815,9,49,5,0,0,0x05,20,21,1,24,14.000,21.000,7.000,5,7,220,220,25936,34965,35015,,9079,,50,,,,,,50
816,9,49,5,0,0,0x05,20,22,1,25,14.333,22.000,7.667,7,8,220,220,25936,35015,35065,,9129,,50,,,,,,50
817,9,49,5,0,0,0x05,20,24,1,26,15.000,24.000,9.000,8,9,220,220,25936,35065,35115,,9179,,50,,,,,,50
818,9,49,5,0,0,0x05,20,25,1,26,15.333,25.000,9.667,9,10,220,220,25936,35115,35165,,9229,,50,,,,,,50
819,9,49,5,0,0,0x05,20,26,1,27,15.667,26.000,10.333,10,11,220,220,25936,35165,35215,,9279,,50,,,,,,50
820,9,49,5,0,0,0x05,21,28,1,26,16.667,28.000,11.333,11,12,220,220,25936,35215,35265,,9329,,50,,,,,,50
821,9,50,6,0,0,0x06,15,18,0,21,11.000,15.000,4.000,5,4,220,220,35500,43315,43365,,7865,,50,,,,,,50
822,9,50,6,0,0,0x06,14,18,0,21,10.667,14.000,3.333,4,4,220,220,35500,43365,43415,,7915,,50,,,,,,50
823,9,50,6,0,0,0x06,12,18,0,21,10.000,12.000,2.000,4,2,220,220,35500,43415,43465,,7965,,50,,,,,,50
824,9,50,6,0,0,0x06,11,18,0,20,9.667,11.000,1.333,2,2,220,220,35500,43465,43515,,8015,,50,,,,,,50
825,9,50,6,0,0,0x06,10,18,0,19,9.333,10.000,0.667,2,1,220,220,35500,43515,43565,,8065,,50,,,,,,50
826,9,50,6,0,0,0x06,9,18,0,19,9.000,9.000,0.000,1,0,220,220,35500,43565,43615,,8115,,50,,,,,,50
827,9,50,6,0,0,0x06,7,18,0,18,8.333,7.000,-1.333,0,-1,220,220,35500,43615,43665,,8165,,50,,,,,,50
828,9,50,6,0,0,0x06,6,17,0,18,7.667,6.000,-1.667,-1,-1,220,220,35500,43665,43715,,8215,,50,,,,,,50
829,9,50,6,0,0,0x06,5,17,0,17,7.333,5.000,-2.333,-1,-2,220,220,35500,43715,43765,,8265,,50,,,,,,50
830,9,50,6,0,0,0x06,3,17,0,17,6.667,3.000,-3.667,-2,-3,220,220,35500,43765,43815,,8315,,50,,,,,,50
831,9,50,6,0,0,0x06,2,17,0,16,6.333,2.000,-4.333,-3,-4,220,220,35500,43815,43865,,8365,,50,,,,,,50
832,9,50,6,0,0,0x06,1,17,0,16,6.000,1.000,-5.000,-4,-5,220,220,35500,43865,43915,,8415,,50,,,,,,50
833,9,50,6,0,0,0x06,3,17,0,16,6.667,3.000,-3.667,-5,-3,220,220,35500,43915,43965,,8465,,50,,,,,,50
834,9,50,6,0,0,0x06,0,17,0,15,5.667,0.000,-5.667,-3,-5,220,220,35500,43965,44015,,8515,,50,,,,,,50
835,9,50,6,0,0,0x06,0,17,0,14,5.667,0.000,-5.667,-5,-5,220,220,35500,44015,44065,,8565,,50,,,,,,50
836,9,50,6,0,0,0x06,0,16,0,14,5.333,0.000,-5.333,-5,-5,220,220,35500,44065,44115,,8615,,50,,,,,,50
837,9,50,6,0,0,0x06,0,16,0,14,5.333,0.000,-5.333,-5,-5,220,220,35500,44115,44165,,8665,,50,,,,,,50
838,9,50,6,0,0,0x06,0,16,0,13,5.333,0.000,-5.333,-5,-5,220,220,35500,44165,44215,,8715,,50,,,,,,50
839,9,50,6,0,0,0x06,0,16,0,12,5.333,0.000,-5.333,-5,-5,220,220,35500,44215,44265,,8765,,50,,,,,,50
840,9,50,6,0,0,0x06,0,16,0,12,5.333,0.000,-5.333,-5,-5,220,220,35500,44265,44315,,8815,,50,,,,,,50
841,9,51,1,0,0,0x01,2,19,18,24,13.000,18.000,5.000,4,5,220,220,45085,53365,53415,,8330,,50,,,,,,50
842,9,51,1,0,0,0x01,2,19,19,24,13.333,19.000,5.667,5,6,220,220,45085,53415,53465,,8380,,50,,,,,,50
843,9,51,1,0,0,0x01,2,19,21,25,14.000,21.000,7.000,6,7,220,220,45085,53465,53515,,8430,,50,,,,,,50
844,9,51,1,0,0,0x01,2,19,22,25,14.333,22.000,7.667,7,8,220,220,45085,53515,53565,,8480,,50,,,,,,50
845,9,51,1,0,0,0x01,2,20,23,26,15.000,23.000,8.000,8,8,220,220,45085,53565,53615,,8530,,50,,,,,,50
846,9,51,1,0,0,0x01,3,19,25,26,15.667,25.000,9.333,8,10,220,220,45085,53615,53665,,8580,,50,,,,,,50
847,9,51,1,0,0,0x01,3,19,26,27,16.000,26.000,10.000,10,10,220,220,45085,53665,53715,,8630,,50,,,,,,50
848,9,51,1,0,0,0x01,3,19,28,27,16.667,28.000,11.333,10,12,220,220,45085,53715,53765,,8680,,50,,,,,,50
849,9,51,1,0,0,0x01,3,19,29,28,17.000,29.000,12.000,12,12,220,220,45085,53765,53815,,8730,,50,,,,,,50
850,9,51,1,0,0,0x01,3,20,30,28,17.667,30.000,12.333,12,13,220,220,45085,53815,53865,,8780,,50,,,,,,50
851,9,51,1,0,0,0x01,3,19,32,29,18.000,32.000,14.000,13,14,220,220,45085,53865,53915,,8830,,50,,,,,,50
852,9,51,1,0,0,0x01,8,20,33,30,20.333,33.000,12.667,14,13,220,220,45085,53915,53965,,8880,,50,,,,,,50
853,9,51,1,0,0,0x01,3,19,34,30,18.667,34.000,15.333,13,16,220,220,45085,53965,54015,,8930,,50,,,,,,50
854,9,51,1,0,0,0x01,3,20,36,30,19.667,36.000,16.333,16,17,220,220,45085,54015,54065,,8980,,50,,,,,,50
855,9,51,1,0,0,0x01,3,20,37,31,20.000,37.000,17.000,17,17,220,220,45085,54065,54115,,9030,,50,,,,,,50
856,9,51,1,0,0,0x01,3,20,39,31,20.667,39.000,18.333,17,19,220,220,45085,54115,54165,,9080,,50,,,,,,50
857,9,51,1,0,0,0x01,3,20,40,32,21.000,40.000,19.000,19,19,220,220,45085,54165,54215,,9130,,50,,,,,,50
858,9,51,1,0,0,0x01,3,20,41,32,21.333,41.000,19.667,19,20,220,220,45085,54215,54265,,9180,,50,,,,,,50
859,9,51,1,0,0,0x01,3,20,42,33,21.667,42.000,20.333,20,21,220,220,45085,54265,54315,,9230,,50,,,,,,50
860,9,51,1,0,0,0x01,4,20,43,33,22.333,43.000,20.667,21,21,220,220,45085,54315,54365,,9280,,50,,,,,,50
861,9,52,2,0,0,0x02,2,34,19,29,18.333,34.000,15.667,17,16,220,220,54649,62415,62465,,7816,,50,,,,,,50
862,9,52,2,0,0,0x02,2,34,19,29,18.333,34.000,15.667,16,16,220,220,54649,62465,62515,,7866,,50,,,,,,50
863,9,52,2,0,0,0x02,2,32,19,28,17.667,32.000,14.333,16,15,220,220,54649,62515,62565,,7916,,50,,,,,,50
864,9,52,2,0,0,0x02,2,31,19,27,17.333,31.000,13.667,15,14,220,220,54649,62565,62615,,7966,,50,,,,,,50
865,9,52,2,0,0,0x02,2,29,19,27,16.667,29.000,12.333,14,13,220,220,54649,62615,62665,,8016,,50,,,,,,50
866,9,52,2,0,0,0x02,2,28,18,26,16.000,28.000,12.000,13,12,220,220,54649,62665,62715,,8066,,50,,,,,,50
867,9,52,2,0,0,0x02,2,27,18,26,15.667,27.000,11.333,12,12,220,220,54649,62715,62765,,8116,,50,,,,,,50
868,9,52,2,0,0,0x02,2,25,18,25,15.000,25.000,10.000,12,10,220,220,54649,62765,62815,,8166,,50,,,,,,50
869,9,52,2,0,0,0x02,2,24,18,25,14.667,24.000,9.333,10,10,220,220,54649,62815,62865,,8216,,50,,,,,,50
870,9,52,2,0,0,0x02,2,22,18,24,14.000,22.000,8.000,10,8,220,220,54649,62865,62915,,8266,,50,,,,,,50
871,9,52,2,0,0,0x02,6,22,18,24,15.333,22.000,6.667,8,7,220,220,54649,62915,62965,,8316,,50,,,,,,50
872,9,52,2,0,0,0x02,2,20,18,24,13.333,20.000,6.667,7,7,220,220,54649,62965,63015,,8366,,50,,,,,,50
873,9,52,2,0,0,0x02,2,18,17,23,12.333,18.000,5.667,7,6,220,220,54649,63015,63065,,8416,,50,,,,,,50
874,9,52,2,0,0,0x02,2,18,17,23,12.333,18.000,5.667,6,6,220,220,54649,63065,63115,,8466,,50,,,,,,50
875,9,52,2,0,0,0x02,2,16,17,22,11.667,16.000,4.333,6,5,220,220,54649,63115,63165,,8516,,50,,,,,,50
876,9,52,2,0,0,0x02,2,14,17,22,11.000,14.000,3.000,5,3,220,220,54649,63165,63215,,8566,,50,,,,,,50
877,9,52,2,0,0,0x02,2,13,17,21,10.667,13.000,2.333,3,3,220,220,54649,63215,63265,,8616,,50,,,,,,50
878,9,52,2,0,0,0x02,2,12,17,20,10.333,12.000,1.667,3,2,220,220,54649,63265,63315,,8666,,50,,,,,,50
879,9,52,2,0,0,0x02,2,10,17,20,9.667,10.000,0.333,2,1,220,220,54649,63315,63365,,8716,,50,,,,,,50
880,9,52,2,0,0,0x02,2,9,17,20,9.333,9.000,-0.333,1,0,220,220,54649,63365,63415,,8766,,50,,,,,,50
881,9,53,3,0,0,0x03,12,0,18,21,10.000,12.000,2.000,2,2,220,220,64213,6929,6979,,8302,,50,,,,,,50
882,9,53,3,0,0,0x03,14,0,17,22,10.333,14.000,3.667,2,4,220,220,64213,6979,7029,,8352,,50,,,,,,50
883,9,53,3,0,0,0x03,15,1,17,22,11.000,15.000,4.000,4,4,220,220,64213,7029,7079,,8402,,50,,,,,,50
884,9,53,3,0,0,0x03,16,1,18,22,11.667,16.000,4.333,4,5,220,220,64213,7079,7129,,8452,,50,,,,,,50
885,9,53,3,0,0,0x03,18,1,17,23,12.000,18.000,6.000,5,6,220,220,64213,7129,7179,,8502,,50,,,,,,50
886,9,53,3,0,0,0x03,19,1,18,23,12.667,19.000,6.333,6,7,220,220,64213,7179,7229,,8552,,50,,,,,,50
887,9,53,3,0,0,0x03,20,1,18,24,13.000,20.000,7.000,7,7,220,220,64213,7229,7279,,8602,,50,,,,,,50
888,9,53,3,0,0,0x03,20,1,18,24,13.000,20.000,7.000,7,7,220,220,64213,7279,7329,,8652,,50,,,,,,50
889,9,53,3,0,0,0x03,22,1,18,25,13.667,22.000,8.333,7,9,220,220,64213,7329,7379,,8702,,50,,,,,,50
890,9,53,3,0,0,0x03,28,2,18,25,16.000,28.000,12.000,9,12,220,220,64213,7379,7429,,8752,,50,,,,,,50
891,9,53,3,0,0,0x03,24,1,18,25,14.333,24.000,9.667,12,10,220,220,64213,7429,7479,,8802,,50,,,,,,50
892,9,53,3,0,0,0x03,25,2,18,26,15.000,25.000,10.000,10,10,220,220,64213,7479,7529,,8852,,50,,,,,,50
893,9,53,3,0,0,0x03,27,2,18,26,15.667,27.000,11.333,10,12,220,220,64213,7529,7579,,8902,,50,,,,,,50
894,9,53,3,0,0,0x03,28,2,18,27,16.000,28.000,12.000,12,12,220,220,64213,7579,7629,,8952,,50,,,,,,50
895,9,53,3,0,0,0x03,29,2,18,27,16.333,29.000,12.667,12,13,220,220,64213,7629,7679,,9002,,50,,,,,,50
896,9,53,3,0,0,0x03,30,2,18,27,16.667,30.000,13.333,13,14,220,220,64213,7679,7729,,9052,,50,,,,,,50
897,9,53,3,0,0,0x03,31,2,18,28,17.000,31.000,14.000,14,14,220,220,64213,7729,7779,,9102,,50,,,,,,50
898,9,53,3,0,0,0x03,32,2,18,28,17.333,32.000,14.667,14,15,220,220,64213,7779,7829,,9152,,50,,,,,,50
899,9,53,3,0,0,0x03,33,2,18,29,17.667,33.000,15.333,15,16,220,220,64213,7829,7879,,9202,,50,,,,,,50
900,9,53,3,0,0,0x03,34,2,18,29,18.000,34.000,16.000,16,16,220,220,64213,7879,7929,,9252,,50,,,,,,50
901,9,54,4,0,0,0x04,20,0,4,18,8.000,4.000,-4.000,-2,-4,220,220,8262,15979,16029,,7767,,50,,,,,,50
902,9,54,4,0,0,0x04,19,0,2,18,7.000,2.000,-5.000,-4,-5,220,220,8262,16029,16079,,7817,,50,,,,,,50
903,9,54,4,0,0,0x04,19,0,1,17,6.667,1.000,-5.667,-5,-5,220,220,8262,16079,16129,,7867,,50,,,,,,50
904,9,54,4,0,0,0x04,20,0,0,17,6.667,0.000,-6.667,-5,-6,220,220,8262,16129,16179,,7917,,50,,,,,,50
905,9,54,4,0,0,0x04,20,0,0,16,6.667,0.000,-6.667,-6,-6,220,220,8262,16179,16229,,7967,,50,,,,,,50
906,9,54,4,0,0,0x04,20,0,0,16,6.667,0.000,-6.667,-6,-6,220,220,8262,16229,16279,,8017,,50,,,,,,50
907,9,54,4,0,0,0x04,19,0,0,16,6.333,0.000,-6.333,-6,-6,220,220,8262,16279,16329,,8067,,50,,,,,,50
908,9,54,4,0,0,0x04,19,0,0,15,6.333,0.000,-6.333,-6,-6,220,220,8262,16329,16379,,8117,,50,,,,,,50
909,9,54,4,0,0,0x04,23,0,0,15,7.667,0.000,-7.667,-6,-7,220,220,8262,16379,16429,,8167,,50,,,,,,50
910,9,54,4,0,0,0x04,19,0,0,14,6.333,0.000,-6.333,-7,-6,220,220,8262,16429,16479,,8217,,50,,,,,,50
911,9,54,4,0,0,0x04,19,0,0,13,6.333,0.000,-6.333,-6,-6,220,220,8262,16479,16529,,8267,,50,,,,,,50
912,9,54,4,0,0,0x04,19,0,0,13,6.333,0.000,-6.333,-6,-6,220,220,8262,16529,16579,,8317,,50,,,,,,50
913,9,54,4,0,0,0x04,19,0,0,12,6.333,0.000,-6.333,-6,-6,220,220,8262,16579,16629,,8367,,50,,,,,,50
914,9,54,4,0,0,0x04,19,0,0,12,6.333,0.000,-6.333,-6,-6,220,220,8262,16629,16679,,8417,,50,,,,,,50
915,9,54,4,0,0,0x04,19,0,0,11,6.333,0.000,-6.333,-6,-6,220,220,8262,16679,16729,,8467,,50,,,,,,50
916,9,54,4,0,0,0x04,19,0,0,11,6.333,0.000,-6.333,-6,-6,220,220,8262,16729,16779,,8517,,50,,,,,,50
917,9,54,4,0,0,0x04,19,0,0,10,6.333,0.000,-6.333,-6,-6,220,220,8262,16779,16829,,8567,,50,,,,,,50
918,9,54,4,0,0,0x04,18,0,0,10,6.000,0.000,-6.000,-6,-6,220,220,8262,16829,16879,,8617,,50,,,,,,50
919,9,54,4,0,0,0x04,18,0,0,10,6.000,0.000,-6.000,-6,-6,220,220,8262,16879,16929,,8667,,50,,,,,,50
920,9,54,4,0,0,0x04,18,0,0,9,6.000,0.000,-6.000,-6,-6,220,220,8262,16929,16979,,8717,,50,,,,,,50
921,10,55,5,0,0,0x05,19,0,0,12,6.333,0.000,-6.333,-6,-6,220,220,17827,26029,26079,,8252,,50,,,,,,50
922,10,55,5,0,0,0x05,19,0,0,12,6.333,0.000,-6.333,-6,-6,220,220,17827,26079,26129,,8302,,50,,,,,,50
923,10,55,5,0,0,0x05,19,0,0,12,6.333,0.000,-6.333,-6,-6,220,220,17827,26129,26179,,8352,,50,,,,,,50
924,10,55,5,0,0,0x05,20,0,0,13,6.667,0.000,-6.667,-6,-6,220,220,17827,26179,26229,,8402,,50,,,,,,50
925,10,55,5,0,0,0x05,19,0,0,13,6.333,0.000,-6.333,-6,-6,220,220,17827,26229,26279,,8452,,50,,,,,,50
926,10,55,5,0,0,0x05,19,0,0,14,6.333,0.000,-6.333,-6,-6,220,220,17827,26279,26329,,8502,,50,,,,,,50
927,10,55,5,0,0,0x05,19,0,0,14,6.333,0.000,-6.333,-6,-6,220,220,17827,26329,26379,,8552,,50,,,,,,50
928,10,55,5,0,0,0x05,24,0,0,15,8.000,0.000,-8.000,-6,-8,220,220,17827,26379,26429,,8602,,50,,,,,,50
929,10,55,5,0,0,0x05,19,0,0,15,6.333,0.000,-6.333,-8,-6,220,220,17827,26429,26479,,8652,,50,,,,,,50
930,10,55,5,0,0,0x05,20,0,0,16,6.667,0.000,-6.667,-6,-6,220,220,17827,26479,26529,,8702,,50,,,,,,50
931,10,55,5,0,0,0x05,19,0,0,16,6.333,0.000,-6.333,-6,-6,220,220,17827,26529,26579,,8752,,50,,,,,,50
932,10,55,5,0,0,0x05,20,0,0,17,6.667,0.000,-6.667,-6,-6,220,220,17827,26579,26629,,8802,,50,,,,,,50
933,10,55,5,0,0,0x05,19,1,0,17,6.667,1.000,-5.667,-6,-5,220,220,17827,26629,26679,,8852,,50,,,,,,50
934,10,55,5,0,0,0x05,19,2,0,17,7.000,2.000,-5.000,-5,-5,220,220,17827,26679,26729,,8902,,50,,,,,,50
935,10,55,5,0,0,0x05,20,3,0,18,7.667,3.000,-4.667,-5,-4,220,220,17827,26729,26779,,8952,,50,,,,,,50
936,10,55,5,0,0,0x05,20,4,0,18,8.000,4.000,-4.000,-4,-4,220,220,17827,26779,26829,,9002,,50,,,,,,50
937,10,55,5,0,0,0x05,19,6,0,19,8.333,6.000,-2.333,-4,-2,220,220,17827,26829,26879,,9052,,50,,,,,,50
938,10,55,5,0,0,0x05,19,7,0,20,8.667,7.000,-1.667,-2,-1,220,220,17827,26879,26929,,9102,,50,,,,,,50
939,10,55,5,0,0,0x05,20,8,0,20,9.333,8.000,-1.333,-1,-1,220,220,17827,26929,26979,,9152,,50,,,,,,50
940,10,55,5,0,0,0x05,20,9,0,20,9.667,9.000,-0.667,-1,0,220,220,17827,26979,27029,,9202,,50,,,,,,50
941,10,56,6,0,0,0x06,13,18,0,21,10.333,13.000,2.667,3,3,220,220,27410,35079,35129,,7719,,50,,,,,,50
942,10,56,6,0,0,0x06,12,18,0,20,10.000,12.000,2.000,3,2,220,220,27410,35129,35179,,7769,,50,,,,,,50
943,10,56,6,0,0,0x06,11,18,0,20,9.667,11.000,1.333,2,2,220,220,27410,35179,35229,,7819,,50,,,,,,50
944,10,56,6,0,0,0x06,10,18,0,19,9.333,10.000,0.667,2,1,220,220,27410,35229,35279,,7869,,50,,,,,,50
945,10,56,6,0,0,0x06,9,18,0,19,9.000,9.000,0.000,1,0,220,220,27410,35279,35329,,7919,,50,,,,,,50
946,10,56,6,0,0,0x06,8,18,0,19,8.667,8.000,-0.667,0,0,220,220,27410,35329,35379,,7969,,50,,,,,,50
947,10,56,6,0,0,0x06,11,18,0,19,9.667,11.000,1.333,0,2,220,220,27410,35379,35429,,8019,,50,,,,,,50
948,10,56,6,0,0,0x06,6,18,0,17,8.000,6.000,-2.000,2,-2,220,220,27410,35429,35479,,8069,,50,,,,,,50
949,10,56,6,0,0,0x06,5,17,0,18,7.333,5.000,-2.333,-2,-2,220,220,27410,35479,35529,,8119,,50,,,,,,50
950,10,56,6,0,0,0x06,4,18,0,17,7.333,4.000,-3.333,-2,-3,220,220,27410,35529,35579,,8169,,50,,,,,,50
951,10,56,6,0,0,0x06,3,17,0,16,6.667,3.000,-3.667,-3,-3,220,220,27410,35579,35629,,8219,,50,,,,,,50
952,10,56,6,0,0,0x06,2,17,0,16,6.333,2.000,-4.333,-3,-4,220,220,27410,35629,35679,,8269,,50,,,,,,50
953,10,56,6,0,0,0x06,1,17,0,16,6.000,1.000,-5.000,-4,-5,220,220,27410,35679,35729,,8319,,50,,,,,,50
954,10,56,6,0,0,0x06,0,17,0,16,5.667,0.000,-5.667,-5,-5,220,220,27410,35729,35779,,8369,,50,,,,,,50
955,10,56,6,0,0,0x06,0,17,0,15,5.667,0.000,-5.667,-5,-5,220,220,27410,35779,35829,,8419,,50,,,,,,50
956,10,56,6,0,0,0x06,0,17,0,15,5.667,0.000,-5.667,-5,-5,220,220,27410,35829,35879,,8469,,50,,,,,,50
957,10,56,6,0,0,0x06,0,17,0,14,5.667,0.000,-5.667,-5,-5,220,220,27410,35879,35929,,8519,,50,,,,,,50
958,10,56,6,0,0,0x06,0,17,0,14,5.667,0.000,-5.667,-5,-5,220,220,27410,35929,35979,,8569,,50,,,,,,50
959,10,56,6,0,0,0x06,0,17,0,13,5.667,0.000,-5.667,-5,-5,220,220,27410,35979,36029,,8619,,50,,,,,,50
960,10,56,6,0,0,0x06,0,17,0,13,5.667,0.000,-5.667,-5,-5,220,220,27410,36029,36079,,8669,,50,,,,,,50
961,10,57,1,0,0,0x01,3,19,27,27,16.333,27.000,10.667,10,11,220,220,36974,45129,45179,,8205,,50,,,,,,50
962,10,57,1,0,0,0x01,3,20,29,28,17.333,29.000,11.667,11,12,220,220,36974,45179,45229,,8255,,50,,,,,,50
963,10,57,1,0,0,0x01,3,20,31,28,18.000,31.000,13.000,12,13,220,220,36974,45229,45279,,8305,,50,,,,,,50
964,10,57,1,0,0,0x01,3,20,32,29,18.333,32.000,13.667,13,14,220,220,36974,45279,45329,,8355,,50,,,,,,50
965,10,57,1,0,0,0x01,3,20,34,30,19.000,34.000,15.000,14,15,220,220,36974,45329,45379,,8405,,50,,,,,,50
966,10,57,1,0,0,0x01,8,20,36,31,21.333,36.000,14.667,15,15,220,220,36974,45379,45429,,8455,,50,,,,,,50
967,10,57,1,0,0,0x01,3,20,37,31,20.000,37.000,17.000,15,17,220,220,36974,45429,45479,,8505,,50,,,,,,50
968,10,57,1,0,0,0x01,4,20,39,32,21.000,39.000,18.000,17,18,220,220,36974,45479,45529,,8555,,50,,,,,,50
969,10,57,1,0,0,0x01,4,20,40,32,21.333,40.000,18.667,18,19,220,220,36974,45529,45579,,8605,,50,,,,,,50
970,10,57,1,0,0,0x01,4,20,41,32,21.667,41.000,19.333,19,20,220,220,36974,45579,45629,,8655,,50,,,,,,50
971,10,57,1,0,0,0x01,4,20,43,33,22.333,43.000,20.667,20,21,220,220,36974,45629,45679,,8705,,50,,,,,,50
972,10,57,1,0,0,0x01,4,20,45,34,23.000,45.000,22.000,21,22,220,220,36974,45679,45729,,8755,,50,,,,,,50
973,10,57,1,0,0,0x01,4,21,46,34,23.667,46.000,22.333,22,23,220,220,36974,45729,45779,,8805,,50,,,,,,50
974,10,57,1,0,0,0x01,4,20,48,35,24.000,48.000,24.000,23,24,220,220,36974,45779,45829,,8855,,50,,,,,,50
975,10,57,1,0,0,0x01,4,20,49,35,24.333,49.000,24.667,24,25,220,220,36974,45829,45879,,8905,,50,,,,,,50
976,10,57,1,0,0,0x01,4,21,51,36,25.333,51.000,25.667,25,26,220,220,36974,45879,45929,,8955,,50,,,,,,50
977,10,57,1,0,0,0x01,4,21,51,36,25.333,51.000,25.667,26,26,220,220,36974,45929,45979,,9005,,50,,,,,,50
978,10,57,1,0,0,0x01,4,21,53,36,26.000,53.000,27.000,26,27,220,220,36974,45979,46029,,9055,,50,,,,,,50
979,10,57,1,0,0,0x01,4,21,54,37,26.333,54.000,27.667,27,28,220,220,36974,46029,46079,,9105,,50,,,,,,50
980,10,57,1,0,0,0x01,4,21,55,38,26.667,55.000,28.333,28,29,220,220,36974,46079,46129,,9155,,50,,,,,,50
981,10,58,2,0,0,0x02,2,36,19,30,19.000,36.000,17.000,18,17,220,220,46309,54179,54229,,7920,,50,,,,,,50
982,10,58,2,0,0,0x02,2,35,19,29,18.667,35.000,16.333,17,17,220,220,46309,54229,54279,,7970,,50,,,,,,50
983,10,58,2,0,0,0x02,2,34,19,29,18.333,34.000,15.667,17,16,220,220,46309,54279,54329,,8020,,50,,,,,,50
984,10,58,2,0,0,0x02,2,32,19,28,17.667,32.000,14.333,16,15,220,220,46309,54329,54379,,8070,,50,,,,,,50
985,10,58,2,0,0,0x02,6,31,19,28,18.667,31.000,12.333,15,13,220,220,46309,54379,54429,,8120,,50,,,,,,50
986,10,58,2,0,0,0x02,2,30,19,27,17.000,30.000,13.000,13,13,220,220,46309,54429,54479,,8170,,50,,,,,,50
987,10,58,2,0,0,0x02,2,29,18,27,16.333,29.000,12.667,13,13,220,220,46309,54479,54529,,8220,,50,,,,,,50
988,10,58,2,0,0,0x02,2,27,19,26,16.000,27.000,11.000,13,11,220,220,46309,54529,54579,,8270,,50,,,,,,50
989,10,58,2,0,0,0x02,2,26,19,26,15.667,26.000,10.333,11,11,220,220,46309,54579,54629,,8320,,50,,,,,,50
990,10,58,2,0,0,0x02,2,25,18,25,15.000,25.000,10.000,11,10,220,220,46309,54629,54679,,8370,,50,,,,,,50
991,10,58,2,0,0,0x02,2,23,18,25,14.333,23.000,8.667,10,9,220,220,46309,54679,54729,,8420,,50,,,,,,50
992,10,58,2,0,0,0x02,2,22,18,24,14.000,22.000,8.000,9,8,220,220,46309,54729,54779,,8470,,50,,,,,,50
993,10,58,2,0,0,0x02,2,21,18,24,13.667,21.000,7.333,8,8,220,220,46309,54779,54829,,8520,,50,,,,,,50
994,10,58,2,0,0,0x02,2,20,18,23,13.333,20.000,6.667,8,7,220,220,46309,54829,54879,,8570,,50,,,,,,50
995,10,58,2,0,0,0x02,2,18,17,23,12.333,18.000,5.667,7,6,220,220,46309,54879,54929,,8620,,50,,,,,,50
996,10,58,2,0,0,0x02,2,17,18,23,12.333,17.000,4.667,6,5,220,220,46309,54929,54979,,8670,,50,,,,,,50
997,10,58,2,0,0,0x02,2,16,18,22,12.000,16.000,4.000,5,4,220,220,46309,54979,55029,,8720,,50,,,,,,50
998,10,58,2,0,0,0x02,2,15,17,21,11.333,15.000,3.667,4,4,220,220,46309,55029,55079,,8770,,50,,,,,,50
999,10,58,2,0,0,0x02,2,13,17,21,10.667,13.000,2.333,4,3,220,220,46309,55079,55129,,8820,,50,,,,,,50
1000,10,58,2,0,0,0x02,2,12,17,21,10.333,12.000,1.667,3,2,220,220,46309,55129,55179,,8870,,50,,,,,,50
1001,10,59,3,0,0,0x03,0,0,17,16,5.667,0.000,-5.667,-5,-5,220,220,55624,63229,63279,,7655,,50,,,,,,50
1002,10,59,3,0,0,0x03,1,0,17,16,6.000,1.000,-5.000,-5,-5,220,220,55624,63279,63329,,7705,,50,,,,,,50
1003,10,59,3,0,0,0x03,2,0,17,17,6.333,2.000,-4.333,-5,-4,220,220,55624,63329,63379,,7755,,50,,,,,,50
1004,10,59,3,0,0,0x03,7,0,17,18,8.000,7.000,-1.000,-4,-1,220,220,55624,63379,63429,,7805,,50,,,,,,50
1005,10,59,3,0,0,0x03,4,0,17,18,7.000,4.000,-3.000,-1,-3,220,220,55624,63429,63479,,7855,,50,,,,,,50
1006,10,59,3,0,0,0x03,5,0,18,18,7.667,5.000,-2.667,-3,-2,220,220,55624,63479,63529,,7905,,50,,,,,,50
1007,10,59,3,0,0,0x03,6,0,17,19,7.667,6.000,-1.667,-2,-1,220,220,55624,63529,63579,,7955,,50,,,,,,50
1008,10,59,3,0,0,0x03,8,0,17,19,8.333,8.000,-0.333,-1,0,220,220,55624,63579,63629,,8005,,50,,,,,,50
1009,10,59,3,0,0,0x03,9,0,17,20,8.667,9.000,0.333,0,1,220,220,55624,63629,63679,,8055,,50,,,,,,50
1010,10,59,3,0,0,0x03,10,0,18,20,9.333,10.000,0.667,1,1,220,220,55624,63679,63729,,8105,,50,,,,,,50
1011,10,59,3,0,0,0x03,11,0,18,21,9.667,11.000,1.333,1,2,220,220,55624,63729,63779,,8155,,50,,,,,,50
1012,10,59,3,0,0,0x03,12,1,17,21,10.000,12.000,2.000,2,2,220,220,55624,63779,63829,,8205,,50,,,,,,50
1013,10,59,3,0,0,0x03,13,1,18,21,10.667,13.000,2.333,2,3,220,220,55624,63829,63879,,8255,,50,,,,,,50
1014,10,59,3,0,0,0x03,15,1,17,21,11.000,15.000,4.000,3,4,220,220,55624,63879,63929,,8305,,50,,,,,,50
1015,10,59,3,0,0,0x03,16,1,17,22,11.333,16.000,4.667,4,5,220,220,55624,63929,63979,,8355,,50,,,,,,50
1016,10,59,3,0,0,0x03,17,1,18,22,12.000,17.000,5.000,5,5,220,220,55624,63979,64029,,8405,,50,,,,,,50
1017,10,59,3,0,0,0x03,18,1,17,23,12.000,18.000,6.000,5,6,220,220,55624,64029,64079,,8455,,50,,,,,,50
1018,10,59,3,0,0,0x03,19,1,18,23,12.667,19.000,6.333,6,7,220,220,55624,64079,64129,,8505,,50,,,,,,50
1019,10,59,3,0,0,0x03,20,1,18,24,13.000,20.000,7.000,7,7,220,220,55624,64129,64179,,8555,,50,,,,,,50
1020,10,59,3,0,0,0x03,21,1,17,24,13.000,21.000,8.000,7,8,220,220,55624,64179,64229,,8605,,50,,,,,,50
1021,10,60,4,0,0,0x04,21,0,16,23,12.333,16.000,3.667,5,4,220,220,64958,6743,6793,,7371,,50,,,,,,50
1022,10,60,4,0,0,0x04,21,0,15,22,12.000,15.000,3.000,4,3,220,220,64958,6793,6843,,7421,,50,,,,,,50
1023,10,60,4,0,0,0x04,25,0,13,22,12.667,13.000,0.333,3,1,220,220,64958,6843,6893,,7471,,50,,,,,,50
1024,10,60,4,0,0,0x04,21,0,12,21,11.000,12.000,1.000,1,1,220,220,64958,6893,6943,,7521,,50,,,,,,50
1025,10,60,4,0,0,0x04,21,0,10,21,10.333,10.000,-0.333,1,0,220,220,64958,6943,6993,,7571,,50,,,,,,50
1026,10,60,4,0,0,0x04,20,0,9,20,9.667,9.000,-0.667,0,0,220,220,64958,6993,7043,,7621,,50,,,,,,50
1027,10,60,4,0,0,0x04,20,0,8,20,9.333,8.000,-1.333,0,-1,220,220,64958,7043,7093,,7671,,50,,,,,,50
1028,10,60,4,0,0,0x04,20,0,6,19,8.667,6.000,-2.667,-1,-2,220,220,64958,7093,7143,,7721,,50,,,,,,50
1029,10,60,4,0,0,0x04,20,0,5,19,8.333,5.000,-3.333,-2,-3,220,220,64958,7143,7193,,7771,,50,,,,,,50
1030,10,60,4,0,0,0x04,20,0,4,18,8.000,4.000,-4.000,-3,-4,220,220,64958,7193,7243,,7821,,50,,,,,,50
1031,10,60,4,0,0,0x04,20,0,2,18,7.333,2.000,-5.333,-4,-5,220,220,64958,7243,7293,,7871,,50,,,,,,50
1032,10,60,4,0,0,0x04,20,0,1,17,7.000,1.000,-6.000,-5,-6,220,220,64958,7293,7343,,7921,,50,,,,,,50
1033,10,60,4,0,0,0x04,20,0,0,17,6.667,0.000,-6.667,-6,-6,220,220,64958,7343,7393,,7971,,50,,,,,,50
1034,10,60,4,0,0,0x04,19,0,0,16,6.333,0.000,-6.333,-6,-6,220,220,64958,7393,7443,,8021,,50,,,,,,50
1035,10,60,4,0,0,0x04,19,0,0,16,6.333,0.000,-6.333,-6,-6,220,220,64958,7443,7493,,8071,,50,,,,,,50
1036,10,60,4,0,0,0x04,19,0,0,15,6.333,0.000,-6.333,-6,-6,220,220,64958,7493,7543,,8121,,50,,,,,,50
1037,10,60,4,0,0,0x04,19,0,0,15,6.333,0.000,-6.333,-6,-6,220,220,64958,7543,7593,,8171,,50,,,,,,50
1038,10,60,4,0,0,0x04,19,0,0,14,6.333,0.000,-6.333,-6,-6,220,220,8740,9643,9693,,953,,50,,,,,,50
1039,10,60,4,0,0,0x04,19,0,0,14,6.333,0.000,-6.333,-6,-6,220,220,64958,7643,7693,,8271,,50,,,,,,50
1040,11,61,5,0,0,0x05,21,25,0,25,15.333,25.000,9.667,11,10,220,220,8740,9743,9793,,1053,,50,,,,,,50
1041,11,61,5,0,0,0x05,20,0,0,17,6.667,0.000,-6.667,-6,-6,220,220,8740,16793,16843,,8103,,50,,,,,,50
1042,11,61,5,0,0,0x05,24,0,0,18,8.000,0.000,-8.000,-6,-8,220,220,8740,16843,16893,,8153,,50,,,,,,50
1043,11,61,5,0,0,0x05,20,1,0,17,7.000,1.000,-6.000,-8,-6,220,220,8740,16893,16943,,8203,,50,,,,,,50
1044,11,61,5,0,0,0x05,20,3,0,18,7.667,3.000,-4.667,-6,-4,220,220,8740,16943,16993,,8253,,50,,,,,,50
1045,11,61,5,0,0,0x05,20,4,0,18,8.000,4.000,-4.000,-4,-4,220,220,8740,16993,17043,,8303,,50,,,,,,50
1046,11,61,5,0,0,0x05,20,6,0,19,8.667,6.000,-2.667,-4,-2,220,220,8740,17043,17093,,8353,,50,,,,,,50
1047,11,61,5,0,0,0x05,20,7,0,19,9.000,7.000,-2.000,-2,-2,220,220,8740,17093,17143,,8403,,50,,,,,,50
1048,11,61,5,0,0,0x05,20,8,0,20,9.333,8.000,-1.333,-2,-1,220,220,8740,17143,17193,,8453,,50,,,,,,50
1049,11,61,5,0,0,0x05,20,9,0,21,9.667,9.000,-0.667,-1,0,220,220,8740,17193,17243,,8503,,50,,,,,,50
1050,11,61,5,0,0,0x05,20,10,0,21,10.000,10.000,0.000,0,0,220,220,8740,17243,17293,,8553,,50,,,,,,50
1051,11,61,5,0,0,0x05,20,12,0,21,10.667,12.000,1.333,0,2,220,220,8740,17293,17343,,8603,,50,,,,,,50
1052,11,61,5,0,0,0x05,20,13,0,22,11.000,13.000,2.000,2,2,220,220,8740,17343,17393,,8653,,50,,,,,,50
1053,11,61,5,0,0,0x05,20,14,0,22,11.333,14.000,2.667,2,3,220,220,8740,17393,17443,,8703,,50,,,,,,50
1054,11,61,5,0,0,0x05,20,16,0,23,12.000,16.000,4.000,3,4,220,220,8740,17443,17493,,8753,,50,,,,,,50
1055,11,61,5,0,0,0x05,20,17,0,23,12.333,17.000,4.667,4,5,220,220,8740,17493,17543,,8803,,50,,,,,,50
1056,11,61,5,0,0,0x05,20,18,0,23,12.667,18.000,5.333,5,6,220,220,8740,17543,17593,,8853,,50,,,,,,50
1057,11,61,5,0,0,0x05,20,20,0,24,13.333,20.000,6.667,6,7,220,220,8740,17593,17643,,8903,,50,,,,,,50
1058,11,61,5,0,0,0x05,20,21,0,24,13.667,21.000,7.333,7,8,220,220,8740,17643,17693,,8953,,50,,,,,,50
1059,11,61,5,0,0,0x05,20,22,0,25,14.000,22.000,8.000,8,8,220,220,8740,17693,17743,,9003,,50,,,,,,50
1060,11,61,5,0,0,0x05,20,24,1,25,15.000,24.000,9.000,8,9,220,220,8740,17743,17793,,9053,,50,,,,,,50
1061,11,62,6,0,0,0x06,31,20,0,26,17.000,31.000,14.000,12,14,220,220,18073,25843,25893,,7820,,50,,,,,,50
1062,11,62,6,0,0,0x06,26,19,0,25,15.000,26.000,11.000,14,11,220,220,18073,25893,25943,,7870,,50,,,,,,50
1063,11,62,6,0,0,0x06,24,19,0,25,14.333,24.000,9.667,11,10,220,220,18073,25943,25993,,7920,,50,,,,,,50
1064,11,62,6,0,0,0x06,23,19,0,24,14.000,23.000,9.000,10,9,220,220,18073,25993,26043,,7970,,50,,,,,,50
1065,11,62,6,0,0,0x06,22,19,0,24,13.667,22.000,8.333,9,9,220,220,18073,26043,26093,,8020,,50,,,,,,50
1066,11,62,6,0,0,0x06,21,19,0,24,13.333,21.000,7.667,9,8,220,220,18073,26093,26143,,8070,,50,,,,,,50
1067,11,62,6,0,0,0x06,19,19,0,23,12.667,19.000,6.333,8,7,220,220,18073,26143,26193,,8120,,50,,,,,,50
1068,11,62,6,0,0,0x06,19,18,0,23,12.333,19.000,6.667,7,7,220,220,18073,26193,26243,,8170,,50,,,,,,50
1069,11,62,6,0,0,0x06,18,18,0,22,12.000,18.000,6.000,7,6,220,220,18073,26243,26293,,8220,,50,,,,,,50
1070,11,62,6,0,0,0x06,17,18,0,22,11.667,17.000,5.333,6,6,220,220,18073,26293,26343,,8270,,50,,,,,,50
1071,11,62,6,0,0,0x06,16,18,0,21,11.333,16.000,4.667,6,5,220,220,18073,26343,26393,,8320,,50,,,,,,50
1072,11,62,6,0,0,0x06,15,18,0,22,11.000,15.000,4.000,5,4,220,220,18073,26393,26443,,8370,,50,,,,,,50
1073,11,62,6,0,0,0x06,14,18,0,21,10.667,14.000,3.333,4,4,220,220,18073,26443,26493,,8420,,50,,,,,,50
1074,11,62,6,0,0,0x06,12,18,0,20,10.000,12.000,2.000,4,2,220,220,18073,26493,26543,,8470,,50,,,,,,50
1075,11,62,6,0,0,0x06,11,18,0,20,9.667,11.000,1.333,2,2,220,220,18073,26543,26593,,8520,,50,,,,,,50
1076,11,62,6,0,0,0x06,11,18,0,20,9.667,11.000,1.333,2,2,220,220,18073,26593,26643,,8570,,50,,,,,,50
1077,11,62,6,0,0,0x06,10,18,0,19,9.333,10.000,0.667,2,1,220,220,18073,26643,26693,,8620,,50,,,,,,50
1078,11,62,6,0,0,0x06,8,18,0,19,8.667,8.000,-0.667,1,0,220,220,18073,26693,26743,,8670,,50,,,,,,50
1079,11,62,6,0,0,0x06,7,18,0,18,8.333,7.000,-1.333,0,-1,220,220,18073,26743,26793,,8720,,50,,,,,,50
1080,11,62,6,0,0,0x06,6,18,0,18,8.000,6.000,-2.000,-1,-2,220,220,18073,26793,26843,,8770,,50,,,,,,50
1081,11,63,1,0,0,0x01,1,19,12,21,10.667,12.000,1.333,0,2,220,220,27387,34893,34943,,7556,,50,,,,,,50
1082,11,63,1,0,0,0x01,1,20,13,22,11.333,13.000,1.667,2,2,220,220,27387,34943,34993,,7606,,50,,,,,,50
1083,11,63,1,0,0,0x01,2,19,14,22,11.667,14.000,2.333,2,3,220,220,27387,34993,35043,,7656,,50,,,,,,50
1084,11,63,1,0,0,0x01,2,20,16,23,12.667,16.000,3.333,3,4,220,220,27387,35043,35093,,7706,,50,,,,,,50
1085,11,63,1,0,0,0x01,2,20,17,23,13.000,17.000,4.000,4,4,220,220,27387,35093,35143,,7756,,50,,,,,,50
1086,11,63,1,0,0,0x01,2,19,18,24,13.000,18.000,5.000,4,5,220,220,27387,35143,35193,,7806,,50,,,,,,50
1087,11,63,1,0,0,0x01,2,19,19,24,13.333,19.000,5.667,5,6,220,220,27387,35193,35243,,7856,,50,,,,,,50
1088,11,63,1,0,0,0x01,2,19,20,24,13.667,20.000,6.333,6,7,220,220,27387,35243,35293,,7906,,50,,,,,,50
1089,11,63,1,0,0,0x01,2,20,22,25,14.667,22.000,7.333,7,8,220,220,27387,35293,35343,,7956,,50,,,,,,50
1090,11,63,1,0,0,0x01,2,20,23,25,15.000,23.000,8.000,8,8,220,220,27387,35343,35393,,8006,,50,,,,,,50
1091,11,63,1,0,0,0x01,2,19,24,26,15.000,24.000,9.000,8,9,220,220,27387,35393,35443,,8056,,50,,,,,,50
1092,11,63,1,0,0,0x01,2,20,25,26,15.667,25.000,9.333,9,10,220,220,27387,35443,35493,,8106,,50,,,,,,50
1093,11,63,1,0,0,0x01,2,20,27,27,16.333,27.000,10.667,10,11,220,220,27387,35493,35543,,8156,,50,,,,,,50
1094,11,63,1,0,0,0x01,3,20,28,27,17.000,28.000,11.000,11,11,220,220,27387,35543,35593,,8206,,50,,,,,,50
1095,11,63,1,0,0,0x01,3,20,29,28,17.333,29.000,11.667,11,12,220,220,27387,35593,35643,,8256,,50,,,,,,50
1096,11,63,1,0,0,0x01,3,20,30,28,17.667,30.000,12.333,12,13,220,220,27387,35643,35693,,8306,,50,,,,,,50
1097,11,63,1,0,0,0x01,3,20,31,29,18.000,31.000,13.000,13,13,220,220,27387,35693,35743,,8356,,50,,,,,,50
1098,11,63,1,0,0,0x01,3,20,32,29,18.333,32.000,13.667,13,14,220,220,27387,35743,35793,,8406,,50,,,,,,50
1099,11,63,1,0,0,0x01,3,20,33,29,18.667,33.000,14.333,14,15,220,220,27387,35793,35843,,8456,,50,,,,,,50
1100,11,63,1,0,0,0x01,7,20,34,30,20.333,34.000,13.667,15,14,220,220,27387,35843,35893,,8506,,50,,,,,,50
1101,11,64,2,0,0,0x02,2,13,17,21,10.667,13.000,2.333,3,3,220,220,36725,44943,44993,,8268,,50,,,,,,50
1102,11,64,2,0,0,0x02,2,12,17,21,10.333,12.000,1.667,3,2,220,220,36725,44993,45043,,8318,,50,,,,,,50
1103,11,64,2,0,0,0x02,2,10,17,20,9.667,10.000,0.333,2,1,220,220,36725,45043,45093,,8368,,50,,,,,,50
1104,11,64,2,0,0,0x02,2,9,17,20,9.333,9.000,-0.333,1,0,220,220,36725,45093,45143,,8418,,50,,,,,,50
1105,11,64,2,0,0,0x02,2,7,17,19,8.667,7.000,-1.667,0,-1,220,220,36725,45143,45193,,8468,,50,,,,,,50
1106,11,64,2,0,0,0x02,1,6,16,18,7.667,6.000,-1.667,-1,-1,220,220,36725,45193,45243,,8518,,50,,,,,,50
1107,11,64,2,0,0,0x02,1,5,16,18,7.333,5.000,-2.333,-1,-2,220,220,36725,45243,45293,,8568,,50,,,,,,50
1108,11,64,2,0,0,0x02,1,3,16,17,6.667,3.000,-3.667,-2,-3,220,220,36725,45293,45343,,8618,,50,,,,,,50
1109,11,64,2,0,0,0x02,1,2,16,17,6.333,2.000,-4.333,-3,-4,220,220,36725,45343,45393,,8668,,50,,,,,,50
1110,11,64,2,0,0,0x02,1,0,16,16,5.667,0.000,-5.667,-4,-5,220,220,36725,45393,45443,,8718,,50,,,,,,50
1111,11,64,2,0,0,0x02,1,0,16,16,5.667,0.000,-5.667,-5,-5,220,220,36725,45443,45493,,8768,,50,,,,,,50
1112,11,64,2,0,0,0x02,1,0,16,15,5.667,0.000,-5.667,-5,-5,220,220,36725,45493,45543,,8818,,50,,,,,,50
1113,11,64,2,0,0,0x02,1,0,16,15,5.667,0.000,-5.667,-5,-5,220,220,36725,45543,45593,,8868,,50,,,,,,50
1114,11,64,2,0,0,0x02,1,0,16,14,5.667,0.000,-5.667,-5,-5,220,220,36725,45593,45643,,8918,,50,,,,,,50
1115,11,64,2,0,0,0x02,1,0,16,14,5.667,0.000,-5.667,-5,-5,220,220,36725,45643,45693,,8968,,50,,,,,,50
1116,11,64,2,0,0,0x02,1,0,16,13,5.667,0.000,-5.667,-5,-5,220,220,36725,45693,45743,,9018,,50,,,,,,50
1117,11,64,2,0,0,0x02,1,0,15,13,5.333,0.000,-5.333,-5,-5,220,220,36725,45743,45793,,9068,,50,,,,,,50
1118,11,64,2,0,0,0x02,1,0,16,13,5.667,0.000,-5.667,-5,-5,220,220,36725,45793,45843,,9118,,50,,,,,,50
1119,11,64,2,0,0,0x02,5,0,16,13,7.000,0.000,-7.000,-5,-7,220,220,36725,45843,45893,,9168,,50,,,,,,50
1120,11,64,2,0,0,0x02,1,0,15,12,5.333,0.000,-5.333,-7,-5,220,220,36725,45893,45943,,9218,,50,,,,,,50
1121,11,65,3,0,0,0x03,0,0,17,16,5.667,0.000,-5.667,-5,-5,220,220,46039,53993,54043,,8004,,50,,,,,,50
1122,11,65,3,0,0,0x03,1,0,17,17,6.000,1.000,-5.000,-5,-5,220,220,46039,54043,54093,,8054,,50,,,,,,50
1123,11,65,3,0,0,0x03,2,0,17,17,6.333,2.000,-4.333,-5,-4,220,220,46039,54093,54143,,8104,,50,,,,,,50
1124,11,65,3,0,0,0x03,3,0,18,17,7.000,3.000,-4.000,-4,-4,220,220,46039,54143,54193,,8154,,50,,,,,,50
1125,11,65,3,0,0,0x03,4,0,17,18,7.000,4.000,-3.000,-4,-3,220,220,46039,54193,54243,,8204,,50,,,,,,50
1126,11,65,3,0,0,0x03,5,0,17,18,7.333,5.000,-2.333,-3,-2,220,220,46039,54243,54293,,8254,,50,,,,,,50
1127,11,65,3,0,0,0x03,6,0,18,18,8.000,6.000,-2.000,-2,-2,220,220,46039,54293,54343,,8304,,50,,,,,,50
1128,11,65,3,0,0,0x03,7,0,17,19,8.000,7.000,-1.000,-2,-1,220,220,46039,54343,54393,,8354,,50,,,,,,50
1129,11,65,3,0,0,0x03,9,0,17,19,8.667,9.000,0.333,-1,1,220,220,46039,54393,54443,,8404,,50,,,,,,50
1130,11,65,3,0,0,0x03,9,0,17,19,8.667,9.000,0.333,1,1,220,220,46039,54443,54493,,8454,,50,,,,,,50
1131,11,65,3,0,0,0x03,11,0,17,20,9.333,11.000,1.667,1,2,220,220,46039,54493,54543,,8504,,50,,,,,,50
1132,11,65,3,0,0,0x03,12,0,17,21,9.667,12.000,2.333,2,3,220,220,46039,54543,54593,,8554,,50,,,,,,50
1133,11,65,3,0,0,0x03,13,1,17,21,10.333,13.000,2.667,3,3,220,220,46039,54593,54643,,8604,,50,,,,,,50
1134,11,65,3,0,0,0x03,13,0,17,21,10.000,13.000,3.000,3,3,220,220,46039,54643,54693,,8654,,50,,,,,,50
1135,11,65,3,0,0,0x03,15,1,18,22,11.333,15.000,3.667,3,4,220,220,46039,54693,54743,,8704,,50,,,,,,50
1136,11,65,3,0,0,0x03,16,1,18,22,11.667,16.000,4.333,4,5,220,220,46039,54743,54793,,8754,,50,,,,,,50
1137,11,65,3,0,0,0x03,17,1,17,22,11.667,17.000,5.333,5,6,220,220,46039,54793,54843,,8804,,50,,,,,,50
1138,11,65,3,0,0,0x03,22,1,18,23,13.667,22.000,8.333,6,9,220,220,46039,54843,54893,,8854,,50,,,,,,50
1139,11,65,3,0,0,0x03,19,1,18,23,12.667,19.000,6.333,9,7,220,220,46039,54893,54943,,8904,,50,,,,,,50
1140,11,65,3,0,0,0x03,20,1,18,24,13.000,20.000,7.000,7,7,220,220,46039,54943,54993,,8954,,50,,,,,,50
1141,11,66,4,0,0,0x04,20,0,5,18,8.333,5.000,-3.333,-2,-3,220,220,55373,63043,63093,,7720,,50,,,,,,50
1142,11,66,4,0,0,0x04,20,0,3,18,7.667,3.000,-4.667,-3,-4,220,220,55373,63093,63143,,7770,,50,,,,,,50
1143,11,66,4,0,0,0x04,19,0,1,17,6.667,1.000,-5.667,-4,-5,220,220,55373,63143,63193,,7820,,50,,,,,,50
1144,11,66,4,0,0,0x04,20,0,1,17,7.000,1.000,-6.000,-5,-6,220,220,55373,63193,63243,,7870,,50,,,,,,50
1145,11,66,4,0,0,0x04,20,0,0,16,6.667,0.000,-6.667,-6,-6,220,220,55373,63243,63293,,7920,,50,,,,,,50
1146,11,66,4,0,0,0x04,19,0,0,16,6.333,0.000,-6.333,-6,-6,220,220,55373,63293,63343,,7970,,50,,,,,,50
1147,11,66,4,0,0,0x04,19,0,0,16,6.333,0.000,-6.333,-6,-6,220,220,55373,63343,63393,,8020,,50,,,,,,50
1148,11,66,4,0,0,0x04,19,0,0,15,6.333,0.000,-6.333,-6,-6,220,220,55373,63393,63443,,8070,,50,,,,,,50
1149,11,66,4,0,0,0x04,19,0,0,14,6.333,0.000,-6.333,-6,-6,220,220,55373,63443,63493,,8120,,50,,,,,,50
1150,11,66,4,0,0,0x04,19,0,0,14,6.333,0.000,-6.333,-6,-6,220,220,55373,63493,63543,,8170,,50,,,,,,50
1151,11,66,4,0,0,0x04,19,0,0,13,6.333,0.000,-6.333,-6,-6,220,220,55373,63543,63593,,8220,,50,,,,,,50
1152,11,66,4,0,0,0x04,19,0,0,13,6.333,0.000,-6.333,-6,-6,220,220,55373,63593,63643,,8270,,50,,,,,,50
1153,11,66,4,0,0,0x04,19,0,0,13,6.333,0.000,-6.333,-6,-6,220,220,55373,63643,63693,,8320,,50,,,,,,50
1154,11,66,4,0,0,0x04,19,0,0,12,6.333,0.000,-6.333,-6,-6,220,220,55373,63693,63743,,8370,,50,,,,,,50
1155,11,66,4,0,0,0x04,19,0,0,12,6.333,0.000,-6.333,-6,-6,220,220,55373,63743,63793,,8420,,50,,,,,,50
1156,11,66,4,0,0,0x04,19,0,0,11,6.333,0.000,-6.333,-6,-6,220,220,55373,63793,63843,,8470,,50,,,,,,50
1157,11,66,4,0,0,0x04,23,0,0,11,7.667,0.000,-7.667,-6,-7,220,220,55373,63843,63893,,8520,,50,,,,,,50
1158,11,66,4,0,0,0x04,18,0,0,10,6.000,0.000,-6.000,-7,-6,220,220,55373,63893,63943,,8570,,50,,,,,,50
1159,11,66,4,0,0,0x04,19,0,0,10,6.333,0.000,-6.333,-6,-6,220,220,55373,63943,63993,,8620,,50,,,,,,50
1160,11,66,4,0,0,0x04,18,0,0,9,6.000,0.000,-6.000,-6,-6,220,220,55373,63993,64043,,8670,,50,,,,,,50
1161,12,67,5,0,0,0x05,19,0,0,10,6.333,0.000,-6.333,-6,-6,220,220,64687,6557,6607,,7456,,50,,,,,,50
1162,12,67,5,0,0,0x05,19,0,0,10,6.333,0.000,-6.333,-6,-6,220,220,64687,6607,6657,,7506,,50,,,,,,50
1163,12,67,5,0,0,0x05,19,0,0,11,6.333,0.000,-6.333,-6,-6,220,220,64687,6657,6707,,7556,,50,,,,,,50
1164,12,67,5,0,0,0x05,19,0,0,12,6.333,0.000,-6.333,-6,-6,220,220,64687,6707,6757,,7606,,50,,,,,,50
1165,12,67,5,0,0,0x05,19,0,0,12,6.333,0.000,-6.333,-6,-6,220,220,64687,6757,6807,,7656,,50,,,,,,50
1166,12,67,5,0,0,0x05,19,0,0,12,6.333,0.000,-6.333,-6,-6,220,220,64687,6807,6857,,7706,,50,,,,,,50
1167,12,67,5,0,0,0x05,19,0,0,13,6.333,0.000,-6.333,-6,-6,220,220,64687,6857,6907,,7756,,50,,,,,,50
1168,12,67,5,0,0,0x05,19,0,0,13,6.333,0.000,-6.333,-6,-6,220,220,64687,6907,6957,,7806,,50,,,,,,50
1169,12,67,5,0,0,0x05,20,0,0,14,6.667,0.000,-6.667,-6,-6,220,220,64687,6957,7007,,7856,,50,,,,,,50
1170,12,67,5,0,0,0x05,20,0,0,14,6.667,0.000,-6.667,-6,-6,220,220,64687,7007,7057,,7906,,50,,,,,,50
1171,12,67,5,0,0,0x05,20,0,0,15,6.667,0.000,-6.667,-6,-6,220,220,64687,7057,7107,,7956,,50,,,,,,50
1172,12,67,5,0,0,0x05,20,0,0,15,6.667,0.000,-6.667,-6,-6,220,220,64687,7107,7157,,8006,,50,,,,,,50
1173,12,67,5,0,0,0x05,20,0,0,16,6.667,0.000,-6.667,-6,-6,220,220,64687,7157,7207,,8056,,50,,,,,,50
1174,12,67,5,0,0,0x05,20,0,0,17,6.667,0.000,-6.667,-6,-6,220,220,64687,7207,7257,,8106,,50,,,,,,50
1175,12,67,5,0,0,0x05,19,0,0,17,6.333,0.000,-6.333,-6,-6,220,220,64687,7257,7307,,8156,,50,,,,,,50
1176,12,67,5,0,0,0x05,24,2,0,18,8.667,2.000,-6.667,-6,-6,220,220,64687,7307,7357,,8206,,50,,,,,,50
1177,12,67,5,0,0,0x05,20,3,0,18,7.667,3.000,-4.667,-6,-4,220,220,64687,7357,7407,,8256,,50,,,,,,50
1178,12,67,5,0,0,0x05,20,4,0,19,8.000,4.000,-4.000,-4,-4,220,220,64687,7407,7457,,8306,,50,,,,,,50
1179,12,67,5,0,0,0x05,20,6,0,19,8.667,6.000,-2.667,-4,-2,220,220,64687,7457,7507,,8356,,50,,,,,,50
1180,12,67,5,0,0,0x05,20,7,0,20,9.000,7.000,-2.000,-2,-2,220,220,64687,7507,7557,,8406,,50,,,,,,50
1181,12,68,6,0,0,0x06,8,18,0,19,8.667,8.000,-0.667,1,0,220,220,8484,16607,16657,,8173,,50,,,,,,50
1182,12,68,6,0,0,0x06,7,18,0,19,8.333,7.000,-1.333,0,-1,220,220,8484,16657,16707,,8223,,50,,,,,,50
1183,12,68,6,0,0,0x06,6,18,0,18,8.000,6.000,-2.000,-1,-2,220,220,8484,16707,16757,,8273,,50,,,,,,50
1184,12,68,6,0,0,0x06,5,18,0,17,7.667,5.000,-2.667,-2,-2,220,220,8484,16757,16807,,8323,,50,,,,,,50
1185,12,68,6,0,0,0x06,4,18,0,17,7.333,4.000,-3.333,-2,-3,220,220,8484,16807,16857,,8373,,50,,,,,,50
1186,12,68,6,0,0,0x06,2,17,0,17,6.333,2.000,-4.333,-3,-4,220,220,8484,16857,16907,,8423,,50,,,,,,50
1187,12,68,6,0,0,0x06,1,17,0,16,6.000,1.000,-5.000,-4,-5,220,220,8484,16907,16957,,8473,,50,,,,,,50
1188,12,68,6,0,0,0x06,0,17,0,16,5.667,0.000,-5.667,-5,-5,220,220,8484,16957,17007,,8523,,50,,,,,,50
1189,12,68,6,0,0,0x06,0,17,0,16,5.667,0.000,-5.667,-5,-5,220,220,8484,17007,17057,,8573,,50,,,,,,50
1190,12,68,6,0,0,0x06,0,17,0,15,5.667,0.000,-5.667,-5,-5,220,220,8484,17057,17107,,8623,,50,,,,,,50
1191,12,68,6,0,0,0x06,0,17,0,15,5.667,0.000,-5.667,-5,-5,220,220,8484,17107,17157,,8673,,50,,,,,,50
1192,12,68,6,0,0,0x06,0,16,0,14,5.333,0.000,-5.333,-5,-5,220,220,8484,17157,17207,,8723,,50,,,,,,50
1193,12,68,6,0,0,0x06,0,17,0,14,5.667,0.000,-5.667,-5,-5,220,220,8484,17207,17257,,8773,,50,,,,,,50
1194,12,68,6,0,0,0x06,0,17,0,13,5.667,0.000,-5.667,-5,-5,220,220,8484,17257,17307,,8823,,50,,,,,,50
1195,12,68,6,0,0,0x06,0,16,0,13,5.333,0.000,-5.333,-5,-5,220,220,8484,17307,17357,,8873,,50,,,,,,50
1196,12,68,6,0,0,0x06,0,17,0,12,5.667,0.000,-5.667,-5,-5,220,220,8484,17357,17407,,8923,,50,,,,,,50
1197,12,68,6,0,0,0x06,0,17,0,12,5.667,0.000,-5.667,-5,-5,220,220,8484,17407,17457,,8973,,50,,,,,,50
1198,12,68,6,0,0,0x06,0,17,0,12,5.667,0.000,-5.667,-5,-5,220,220,8484,17457,17507,,9023,,50,,,,,,50
1199,12,68,6,0,0,0x06,0,16,0,11,5.333,0.000,-5.333,-5,-5,220,220,8484,17507,17557,,9073,,50,,,,,,50
1200,12,68,6,0,0,0x06,0,16,0,11,5.333,0.000,-5.333,-5,-5,220,220,8484,17557,17607,,9123,,50,,,,,,50
1201,12,69,1,0,0,0x01,1,19,4,18,8.000,4.000,-4.000,-4,-4,220,220,17799,25657,25707,,7908,,50,,,,,,50
1202,12,69,1,0,0,0x01,1,19,5,19,8.333,5.000,-3.333,-4,-3,220,220,17799,25707,25757,,7958,,50,,,,,,50
1203,12,69,1,0,0,0x01,1,18,7,20,8.667,7.000,-1.667,-3,-1,220,220,17799,25757,25807,,8008,,50,,,,,,50
1204,12,69,1,0,0,0x01,1,19,7,20,9.000,7.000,-2.000,-1,-2,220,220,17799,25807,25857,,8058,,50,,,,,,50
1205,12,69,1,0,0,0x01,2,19,9,21,10.000,9.000,-1.000,-2,-1,220,220,17799,25857,25907,,8108,,50,,,,,,50
1206,12,69,1,0,0,0x01,2,19,11,21,10.667,11.000,0.333,-1,1,220,220,17799,25907,25957,,8158,,50,,,,,,50
1207,12,69,1,0,0,0x01,2,19,12,21,11.000,12.000,1.000,1,1,220,220,17799,25957,26007,,8208,,50,,,,,,50
1208,12,69,1,0,0,0x01,2,19,13,22,11.333,13.000,1.667,1,2,220,220,17799,26007,26057,,8258,,50,,,,,,50
1209,12,69,1,0,0,0x01,2,19,14,22,11.667,14.000,2.333,2,3,220,220,17799,26057,26107,,8308,,50,,,,,,50
1210,12,69,1,0,0,0x01,2,19,16,23,12.333,16.000,3.667,3,4,220,220,17799,26107,26157,,8358,,50,,,,,,50
1211,12,69,1,0,0,0x01,2,19,17,23,12.667,17.000,4.333,4,5,220,220,17799,26157,26207,,8408,,50,,,,,,50
1212,12,69,1,0,0,0x01,2,19,18,24,13.000,18.000,5.000,5,5,220,220,17799,26207,26257,,8458,,50,,,,,,50
1213,12,69,1,0,0,0x01,2,19,20,24,13.667,20.000,6.333,5,7,220,220,17799,26257,26307,,8508,,50,,,,,,50
1214,12,69,1,0,0,0x01,6,20,22,25,16.000,22.000,6.000,7,6,220,220,17799,26307,26357,,8558,,50,,,,,,50
1215,12,69,1,0,0,0x01,2,20,22,25,14.667,22.000,7.333,6,8,220,220,17799,26357,26407,,8608,,50,,,,,,50
1216,12,69,1,0,0,0x01,2,19,24,26,15.000,24.000,9.000,8,9,220,220,17799,26407,26457,,8658,,50,,,,,,50
1217,12,69,1,0,0,0x01,3,19,25,26,15.667,25.000,9.333,9,10,220,220,17799,26457,26507,,8708,,50,,,,,,50
1218,12,69,1,0,0,0x01,3,19,26,27,16.000,26.000,10.000,10,10,220,220,17799,26507,26557,,8758,,50,,,,,,50
1219,12,69,1,0,0,0x01,3,19,27,27,16.333,27.000,10.667,10,11,220,220,17799,26557,26607,,8808,,50,,,,,,50
1220,12,69,1,0,0,0x01,3,19,28,27,16.667,28.000,11.333,11,12,220,220,17799,26607,26657,,8858,,50,,,,,,50
1221,12,70,2,0,0,0x02,2,31,19,28,17.333,31.000,13.667,15,14,220,220,27133,34707,34757,,7624,,50,,,,,,50
1222,12,70,2,0,0,0x02,2,29,19,27,16.667,29.000,12.333,14,13,220,220,27133,34757,34807,,7674,,50,,,,,,50
1223,12,70,2,0,0,0x02,2,29,19,27,16.667,29.000,12.333,13,13,220,220,27133,34807,34857,,7724,,50,,,,,,50
1224,12,70,2,0,0,0x02,2,27,18,26,15.667,27.000,11.333,13,12,220,220,27133,34857,34907,,7774,,50,,,,,,50
1225,12,70,2,0,0,0x02,2,26,18,25,15.333,26.000,10.667,12,11,220,220,27133,34907,34957,,7824,,50,,,,,,50
1226,12,70,2,0,0,0x02,2,25,18,25,15.000,25.000,10.000,11,10,220,220,27133,34957,35007,,7874,,50,,,,,,50
1227,12,70,2,0,0,0x02,2,24,18,25,14.667,24.000,9.333,10,10,220,220,27133,35007,35057,,7924,,50,,,,,,50
1228,12,70,2,0,0,0x02,2,23,18,25,14.333,23.000,8.667,10,9,220,220,27133,35057,35107,,7974,,50,,,,,,50
1229,12,70,2,0,0,0x02,2,21,18,24,13.667,21.000,7.333,9,8,220,220,27133,35107,35157,,8024,,50,,,,,,50
1230,12,70,2,0,0,0x02,2,20,18,24,13.333,20.000,6.667,8,7,220,220,27133,35157,35207,,8074,,50,,,,,,50
1231,12,70,2,0,0,0x02,2,19,18,23,13.000,19.000,6.000,7,6,220,220,27133,35207,35257,,8124,,50,,,,,,50
1232,12,70,2,0,0,0x02,2,18,18,23,12.667,18.000,5.333,6,6,220,220,27133,35257,35307,,8174,,50,,,,,,50
1233,12,70,2,0,0,0x02,6,16,17,23,13.000,16.000,3.000,6,3,220,220,27133,35307,35357,,8224,,50,,,,,,50
1234,12,70,2,0,0,0x02,2,16,17,22,11.667,16.000,4.333,3,5,220,220,27133,35357,35407,,8274,,50,,,,,,50
1235,12,70,2,0,0,0x02,2,14,17,21,11.000,14.000,3.000,5,3,220,220,27133,35407,35457,,8324,,50,,,,,,50
1236,12,70,2,0,0,0x02,2,13,17,21,10.667,13.000,2.333,3,3,220,220,27133,35457,35507,,8374,,50,,,,,,50
1237,12,70,2,0,0,0x02,2,11,17,20,10.000,11.000,1.000,3,1,220,220,27133,35507,35557,,8424,,50,,,,,,50
1238,12,70,2,0,0,0x02,2,11,17,20,10.000,11.000,1.000,1,1,220,220,27133,35557,35607,,8474,,50,,,,,,50
1239,12,70,2,0,0,0x02,2,10,17,20,9.667,10.000,0.333,1,1,220,220,27133,35607,35657,,8524,,50,,,,,,50
1240,12,70,2,0,0,0x02,1,8,17,19,8.667,8.000,-0.667,1,0,220,220,27133,35657,35707,,8574,,50,,,,,,50
1241,12,71,3,0,0,0x03,0,0,17,14,5.667,0.000,-5.667,-5,-5,220,220,36448,43757,43807,,7359,,50,,,,,,50
1242,12,71,3,0,0,0x03,0,0,17,14,5.667,0.000,-5.667,-5,-5,220,220,36448,43807,43857,,7409,,50,,,,,,50
1243,12,71,3,0,0,0x03,0,0,17,15,5.667,0.000,-5.667,-5,-5,220,220,36448,43857,43907,,7459,,50,,,,,,50
1244,12,71,3,0,0,0x03,0,0,17,15,5.667,0.000,-5.667,-5,-5,220,220,36448,43907,43957,,7509,,50,,,,,,50
1245,12,71,3,0,0,0x03,0,0,17,15,5.667,0.000,-5.667,-5,-5,220,220,36448,43957,44007,,7559,,50,,,,,,50
1246,12,71,3,0,0,0x03,0,0,17,16,5.667,0.000,-5.667,-5,-5,220,220,36448,44007,44057,,7609,,50,,,,,,50
1247,12,71,3,0,0,0x03,1,0,17,16,6.000,1.000,-5.000,-5,-5,220,220,36448,44057,44107,,7659,,50,,,,,,50
1248,12,71,3,0,0,0x03,1,0,17,17,6.000,1.000,-5.000,-5,-5,220,220,45783,46157,46207,,424,,50,,,,,,50
1249,12,71,3,0,0,0x03,3,0,17,18,6.667,3.000,-3.667,-5,-3,220,220,36448,44157,44207,,7759,,50,,,,,,50
1250,12,71,3,0,0,0x03,5,0,17,18,7.333,5.000,-2.333,-7,-6,220,220,45783,46257,46307,,524,,50,,,,,,50
1251,12,71,3,0,0,0x03,6,0,17,19,7.667,6.000,-1.667,-2,-1,220,220,36448,44257,44307,,7859,,50,,,,,,50
1252,12,72,4,0,0,0x04,11,0,17,19,9.333,17.000,7.667,-8,-6,220,220,45783,46357,46407,,624,,50,,,,,,50
1253,12,72,4,0,0,0x04,8,0,0,7,2.667,0.000,-2.667,-6,-6,220,220,45783,46407,46457,,674,,50,,,,,,50
1254,12,72,4,0,0,0x04,10,0,18,8,9.333,18.000,8.667,-6,-7,220,220,45783,46457,46507,,724,,50,,,,,,50
1255,12,72,4,0,0,0x04,20,0,0,8,6.667,0.000,-6.667,-7,-6,220,220,45783,46507,46557,,774,,50,,,,,,50
1256,12,72,4,0,0,0x04,12,0,0,9,4.000,0.000,-4.000,-6,-6,220,220,45783,46557,46607,,824,,50,,,,,,50
1257,12,72,4,0,0,0x04,20,0,0,10,6.667,0.000,-6.667,-6,-6,220,220,45783,46607,46657,,874,,50,,,,,,50
1258,12,72,4,0,0,0x04,20,0,0,10,6.667,0.000,-6.667,-6,-6,220,220,45783,46657,46707,,924,,50,,,,,,50
1259,12,72,4,0,0,0x04,20,0,0,11,6.667,0.000,-6.667,-6,-6,220,220,45783,46707,46757,,974,,50,,,,,,50
1260,12,72,4,0,0,0x04,21,0,0,12,7.000,0.000,-7.000,-6,-7,220,220,45783,46757,46807,,1024,,50,,,,,,50
1261,12,72,4,0,0,0x04,20,0,4,18,8.000,4.000,-4.000,-3,-4,220,220,45783,53807,53857,,8074,,50,,,,,,50
1262,12,72,4,0,0,0x04,20,0,2,18,7.333,2.000,-5.333,-4,-5,220,220,45783,53857,53907,,8124,,50,,,,,,50
1263,12,72,4,0,0,0x04,20,0,1,17,7.000,1.000,-6.000,-5,-6,220,220,45783,53907,53957,,8174,,50,,,,,,50
1264,12,72,4,0,0,0x04,19,0,0,17,6.333,0.000,-6.333,-6,-6,220,220,45783,53957,54007,,8224,,50,,,,,,50
1265,12,72,4,0,0,0x04,20,0,0,16,6.667,0.000,-6.667,-6,-6,220,220,45783,54007,54057,,8274,,50,,,,,,50
1266,12,72,4,0,0,0x04,19,0,0,16,6.333,0.000,-6.333,-6,-6,220,220,45783,54057,54107,,8324,,50,,,,,,50
1267,12,72,4,0,0,0x04,19,0,0,15,6.333,0.000,-6.333,-6,-6,220,220,45783,54107,54157,,8374,,50,,,,,,50
1268,12,72,4,0,0,0x04,19,0,0,15,6.333,0.000,-6.333,-6,-6,220,220,45783,54157,54207,,8424,,50,,,,,,50
1269,12,72,4,0,0,0x04,19,0,0,14,6.333,0.000,-6.333,-6,-6,220,220,45783,54207,54257,,8474,,50,,,,,,50
1270,12,72,4,0,0,0x04,19,0,0,14,6.333,0.000,-6.333,-6,-6,220,220,45783,54257,54307,,8524,,50,,,,,,50
1271,12,72,4,0,0,0x04,23,0,0,14,7.667,0.000,-7.667,-6,-7,220,220,45783,54307,54357,,8574,,50,,,,,,50
1272,12,72,4,0,0,0x04,19,0,0,13,6.333,0.000,-6.333,-7,-6,220,220,45783,54357,54407,,8624,,50,,,,,,50
1273,12,72,4,0,0,0x04,19,0,0,12,6.333,0.000,-6.333,-6,-6,220,220,45783,54407,54457,,8674,,50,,,,,,50
1274,12,72,4,0,0,0x04,19,0,0,12,6.333,0.000,-6.333,-6,-6,220,220,45783,54457,54507,,8724,,50,,,,,,50
1275,12,72,4,0,0,0x04,18,0,0,11,6.000,0.000,-6.000,-6,-6,220,220,45783,54507,54557,,8774,,50,,,,,,50
1276,12,72,4,0,0,0x04,19,0,0,11,6.333,0.000,-6.333,-6,-6,220,220,45783,54557,54607,,8824,,50,,,,,,50
1277,12,72,4,0,0,0x04,18,0,0,10,6.000,0.000,-6.000,-6,-6,220,220,45783,54607,54657,,8874,,50,,,,,,50
1278,12,72,4,0,0,0x04,19,0,0,10,6.333,0.000,-6.333,-6,-6,220,220,45783,54657,54707,,8924,,50,,,,,,50
1279,12,72,4,0,0,0x04,18,0,0,10,6.000,0.000,-6.000,-6,-6,220,220,45783,54707,54757,,8974,,50,,,,,,50
1280,12,72,4,0,0,0x04,18,0,0,9,6.000,0.000,-6.000,-6,-6,220,220,45783,54757,54807,,9024,,50,,,,,,50
1281,13,73,5,0,0,0x05,19,0,0,12,6.333,0.000,-6.333,-6,-6,220,220,55097,62857,62907,,7810,,50,,,,,,50
1282,13,73,5,0,0,0x05,19,0,0,12,6.333,0.000,-6.333,-6,-6,220,220,55097,62907,62957,,7860,,50,,,,,,50
1283,13,73,5,0,0,0x05,19,0,0,12,6.333,0.000,-6.333,-6,-6,220,220,55097,62957,63007,,7910,,50,,,,,,50
1284,13,73,5,0,0,0x05,19,0,0,13,6.333,0.000,-6.333,-6,-6,220,220,55097,63007,63057,,7960,,50,,,,,,50
1285,13,73,5,0,0,0x05,19,0,0,13,6.333,0.000,-6.333,-6,-6,220,220,55097,63057,63107,,8010,,50,,,,,,50
1286,13,73,5,0,0,0x05,19,0,0,14,6.333,0.000,-6.333,-6,-6,220,220,55097,63107,63157,,8060,,50,,,,,,50
1287,13,73,5,0,0,0x05,19,0,0,15,6.333,0.000,-6.333,-6,-6,220,220,55097,63157,63207,,8110,,50,,,,,,50
1288,13,73,5,0,0,0x05,19,0,0,15,6.333,0.000,-6.333,-6,-6,220,220,55097,63207,63257,,8160,,50,,,,,,50
1289,13,73,5,0,0,0x05,20,0,0,15,6.667,0.000,-6.667,-6,-6,220,220,55097,63257,63307,,8210,,50,,,,,,50
1290,13,73,5,0,0,0x05,24,0,0,16,8.000,0.000,-8.000,-6,-8,220,220,55097,63307,63357,,8260,,50,,,,,,50
1291,13,73,5,0,0,0x05,20,0,0,16,6.667,0.000,-6.667,-8,-6,220,220,55097,63357,63407,,8310,,50,,,,,,50
1292,13,73,5,0,0,0x05,20,0,0,17,6.667,0.000,-6.667,-6,-6,220,220,55097,63407,63457,,8360,,50,,,,,,50
1293,13,73,5,0,0,0x05,20,1,0,18,7.000,1.000,-6.000,-6,-6,220,220,55097,63457,63507,,8410,,50,,,,,,50
1294,13,73,5,0,0,0x05,19,3,0,17,7.333,3.000,-4.333,-6,-4,220,220,55097,63507,63557,,8460,,50,,,,,,50
1295,13,73,5,0,0,0x05,20,4,0,18,8.000,4.000,-4.000,-4,-4,220,220,55097,63557,63607,,8510,,50,,,,,,50
1296,13,73,5,0,0,0x05,20,5,0,19,8.333,5.000,-3.333,-4,-3,220,220,55097,63607,63657,,8560,,50,,,,,,50
1297,13,73,5,0,0,0x05,19,6,0,20,8.333,6.000,-2.333,-3,-2,220,220,55097,63657,63707,,8610,,50,,,,,,50
1298,13,73,5,0,0,0x05,20,8,0,20,9.333,8.000,-1.333,-2,-1,220,220,55097,63707,63757,,8660,,50,,,,,,50
1299,13,73,5,0,0,0x05,20,9,0,20,9.667,9.000,-0.667,-1,0,220,220,55097,63757,63807,,8710,,50,,,,,,50
1300,13,73,5,0,0,0x05,20,10,0,20,10.000,10.000,0.000,0,0,220,220,55097,63807,63857,,8760,,50,,,,,,50
1301,13,74,6,0,0,0x06,25,19,0,25,14.667,25.000,10.333,12,11,220,220,64431,6371,6421,,7526,,50,,,,,,50
1302,13,74,6,0,0,0x06,24,19,0,24,14.333,24.000,9.667,11,10,220,220,64431,6421,6471,,7576,,50,,,,,,50
1303,13,74,6,0,0,0x06,24,19,0,24,14.333,24.000,9.667,10,10,220,220,64431,6471,6521,,7626,,50,,,,,,50
1304,13,74,6,0,0,0x06,22,19,0,24,13.667,22.000,8.333,10,9,220,220,64431,6521,6571,,7676,,50,,,,,,50
1305,13,74,6,0,0,0x06,21,19,0,23,13.333,21.000,7.667,9,8,220,220,64431,6571,6621,,7726,,50,,,,,,50
1306,13,74,6,0,0,0x06,20,19,0,23,13.000,20.000,7.000,8,7,220,220,64431,6621,6671,,7776,,50,,,,,,50
1307,13,74,6,0,0,0x06,19,19,0,22,12.667,19.000,6.333,7,7,220,220,64431,6671,6721,,7826,,50,,,,,,50
1308,13,74,6,0,0,0x06,17,19,0,22,12.000,17.000,5.000,7,5,220,220,64431,6721,6771,,7876,,50,,,,,,50
1309,13,74,6,0,0,0x06,21,19,0,22,13.333,21.000,7.667,5,8,220,220,64431,6771,6821,,7926,,50,,,,,,50
1310,13,74,6,0,0,0x06,16,18,0,21,11.333,16.000,4.667,8,5,220,220,64431,6821,6871,,7976,,50,,,,,,50
1311,13,74,6,0,0,0x06,14,18,0,21,10.667,14.000,3.333,5,4,220,220,64431,6871,6921,,8026,,50,,,,,,50
1312,13,74,6,0,0,0x06,13,18,0,20,10.333,13.000,2.667,4,3,220,220,64431,6921,6971,,8076,,50,,,,,,50
1313,13,74,6,0,0,0x06,12,18,0,20,10.000,12.000,2.000,3,2,220,220,64431,6971,7021,,8126,,50,,,,,,50
1314,13,74,6,0,0,0x06,11,18,0,20,9.667,11.000,1.333,2,2,220,220,64431,7021,7071,,8176,,50,,,,,,50
1315,13,74,6,0,0,0x06,10,18,0,20,9.333,10.000,0.667,2,1,220,220,64431,7071,7121,,8226,,50,,,,,,50
1316,13,74,6,0,0,0x06,9,18,0,19,9.000,9.000,0.000,1,0,220,220,64431,7121,7171,,8276,,50,,,,,,50
1317,13,74,6,0,0,0x06,8,18,0,18,8.667,8.000,-0.667,0,0,220,220,64431,7171,7221,,8326,,50,,,,,,50
1318,13,74,6,0,0,0x06,7,18,0,18,8.333,7.000,-1.333,0,-1,220,220,64431,7221,7271,,8376,,50,,,,,,50
1319,13,74,6,0,0,0x06,6,18,0,18,8.000,6.000,-2.000,-1,-2,220,220,64431,7271,7321,,8426,,50,,,,,,50
1320,13,74,6,0,0,0x06,5,17,0,17,7.333,5.000,-2.333,-2,-2,220,220,64431,7321,7371,,8476,,50,,,,,,50
1321,13,75,1,0,0,0x01,1,19,0,17,6.667,0.000,-6.667,-6,-6,220,220,8211,15421,15471,,7260,,50,,,,,,50
1322,13,75,1,0,0,0x01,1,19,2,18,7.333,2.000,-5.333,-6,-5,220,220,8211,15471,15521,,7310,,50,,,,,,50
1323,13,75,1,0,0,0x01,1,19,3,18,7.667,3.000,-4.667,-5,-4,220,220,8211,15521,15571,,7360,,50,,,,,,50
1324,13,75,1,0,0,0x01,1,19,4,19,8.000,4.000,-4.000,-4,-4,220,220,8211,15571,15621,,7410,,50,,,,,,50
1325,13,75,1,0,0,0x01,1,19,6,19,8.667,6.000,-2.667,-4,-2,220,220,8211,15621,15671,,7460,,50,,,,,,50
1326,13,75,1,0,0,0x01,1,19,7,20,9.000,7.000,-2.000,-2,-2,220,220,8211,15671,15721,,7510,,50,,,,,,50
1327,13,75,1,0,0,0x01,1,19,8,20,9.333,8.000,-1.333,-2,-1,220,220,8211,15721,15771,,7560,,50,,,,,,50
1328,13,75,1,0,0,0x01,5,19,10,21,11.333,10.000,-1.333,-1,-1,220,220,8211,15771,15821,,7610,,50,,,,,,50
1329,13,75,1,0,0,0x01,1,19,11,21,10.333,11.000,0.667,-1,1,220,220,8211,15821,15871,,7660,,50,,,,,,50
1330,13,75,1,0,0,0x01,1,19,12,22,10.667,12.000,1.333,1,2,220,220,8211,15871,15921,,7710,,50,,,,,,50
1331,13,75,1,0,0,0x01,1,19,13,22,11.000,13.000,2.000,2,2,220,220,8211,15921,15971,,7760,,50,,,,,,50
1332,13,75,1,0,0,0x01,2,19,15,22,12.000,15.000,3.000,2,3,220,220,8211,15971,16021,,7810,,50,,,,,,50
1333,13,75,1,0,0,0x01,2,19,16,23,12.333,16.000,3.667,3,4,220,220,8211,16021,16071,,7860,,50,,,,,,50
1334,13,75,1,0,0,0x01,2,19,17,23,12.667,17.000,4.333,4,5,220,220,8211,16071,16121,,7910,,50,,,,,,50
1335,13,75,1,0,0,0x01,2,19,19,24,13.333,19.000,5.667,5,6,220,220,8211,16121,16171,,7960,,50,,,,,,50
1336,13,75,1,0,0,0x01,2,19,20,25,13.667,20.000,6.333,6,7,220,220,8211,16171,16221,,8010,,50,,,,,,50
1337,13,75,1,0,0,0x01,2,19,22,25,14.333,22.000,7.667,7,8,220,220,8211,16221,16271,,8060,,50,,,,,,50
1338,13,75,1,0,0,0x01,2,20,23,25,15.000,23.000,8.000,8,8,220,220,8211,16271,16321,,8110,,50,,,,,,50
1339,13,75,1,0,0,0x01,2,19,24,26,15.000,24.000,9.000,8,9,220,220,8211,16321,16371,,8160,,50,,,,,,50
1340,13,75,1,0,0,0x01,2,20,25,26,15.667,25.000,9.333,9,10,220,220,8211,16371,16421,,8210,,50,,,,,,50
1341,13,76,2,0,0,0x02,2,54,21,36,25.667,54.000,28.333,29,29,220,220,17294,24471,24521,,7227,,50,,,,,,50
1342,13,76,2,0,0,0x02,3,53,21,36,25.667,53.000,27.333,29,28,220,220,17294,24521,24571,,7277,,50,,,,,,50
1343,13,76,2,0,0,0x02,2,52,21,35,25.000,52.000,27.000,28,27,220,220,17294,24571,24621,,7327,,50,,,,,,50
1344,13,76,2,0,0,0x02,2,50,21,35,24.333,50.000,25.667,27,26,220,220,17294,24621,24671,,7377,,50,,,,,,50
1345,13,76,2,0,0,0x02,2,49,20,34,23.667,49.000,25.333,26,26,220,220,17294,24671,24721,,7427,,50,,,,,,50
1346,13,76,2,0,0,0x02,2,48,20,34,23.333,48.000,24.667,26,25,220,220,17294,24721,24771,,7477,,50,,,,,,50
1347,13,76,2,0,0,0x02,6,46,21,34,24.333,46.000,21.667,25,22,220,220,17294,24771,24821,,7527,,50,,,,,,50
1348,13,76,2,0,0,0x02,2,45,21,33,22.667,45.000,22.333,22,23,220,220,17294,24821,24871,,7577,,50,,,,,,50
1349,13,76,2,0,0,0x02,2,44,20,33,22.000,44.000,22.000,23,22,220,220,17294,24871,24921,,7627,,50,,,,,,50
1350,13,76,2,0,0,0x02,2,43,20,32,21.667,43.000,21.333,22,22,220,220,17294,24921,24971,,7677,,50,,,,,,50
1351,13,76,2,0,0,0x02,2,41,20,31,21.000,41.000,20.000,22,20,220,220,17294,24971,25021,,7727,,50,,,,,,50
1352,13,76,2,0,0,0x02,2,40,20,31,20.667,40.000,19.333,20,20,220,220,17294,25021,25071,,7777,,50,,,,,,50
1353,13,76,2,0,0,0x02,2,38,19,31,19.667,38.000,18.333,20,19,220,220,17294,25071,25121,,7827,,50,,,,,,50
1354,13,76,2,0,0,0x02,2,37,19,30,19.333,37.000,17.667,19,18,220,220,17294,25121,25171,,7877,,50,,,,,,50
1355,13,76,2,0,0,0x02,2,36,19,30,19.000,36.000,17.000,18,17,220,220,17294,25171,25221,,7927,,50,,,,,,50
1356,13,76,2,0,0,0x02,2,35,19,29,18.667,35.000,16.333,17,17,220,220,17294,25221,25271,,7977,,50,,,,,,50
1357,13,76,2,0,0,0x02,2,34,19,29,18.333,34.000,15.667,17,16,220,220,17294,25271,25321,,8027,,50,,,,,,50
1358,13,76,2,0,0,0x02,2,32,19,28,17.667,32.000,14.333,16,15,220,220,17294,25321,25371,,8077,,50,,,,,,50
1359,13,76,2,0,0,0x02,2,31,19,28,17.333,31.000,13.667,15,14,220,220,17294,25371,25421,,8127,,50,,,,,,50
1360,13,76,2,0,0,0x02,2,30,19,27,17.000,30.000,13.000,14,13,220,220,17294,25421,25471,,8177,,50,,,,,,50
1361,13,77,3,0,0,0x03,0,0,17,16,5.667,0.000,-5.667,-6,-5,220,220,26359,33521,33571,,7212,,50,,,,,,50
1362,13,77,3,0,0,0x03,1,0,17,17,6.000,1.000,-5.000,-5,-5,220,220,26359,33571,33621,,7262,,50,,,,,,50
1363,13,77,3,0,0,0x03,2,0,17,17,6.333,2.000,-4.333,-5,-4,220,220,26359,33621,33671,,7312,,50,,,,,,50
1364,13,77,3,0,0,0x03,3,0,18,17,7.000,3.000,-4.000,-4,-4,220,220,26359,33671,33721,,7362,,50,,,,,,50
1365,13,77,3,0,0,0x03,4,0,18,18,7.333,4.000,-3.333,-4,-3,220,220,26359,33721,33771,,7412,,50,,,,,,50
1366,13,77,3,0,0,0x03,10,0,17,19,9.000,10.000,1.000,-3,1,220,220,26359,33771,33821,,7462,,50,,,,,,50
1367,13,77,3,0,0,0x03,6,0,18,19,8.000,6.000,-2.000,1,-2,220,220,26359,33821,33871,,7512,,50,,,,,,50
1368,13,77,3,0,0,0x03,7,0,17,19,8.000,7.000,-1.000,-2,-1,220,220,26359,33871,33921,,7562,,50,,,,,,50
1369,13,77,3,0,0,0x03,8,0,17,19,8.333,8.000,-0.333,-1,0,220,220,26359,33921,33971,,7612,,50,,,,,,50
1370,13,77,3,0,0,0x03,9,0,17,20,8.667,9.000,0.333,0,1,220,220,26359,33971,34021,,7662,,50,,,,,,50
1371,13,77,3,0,0,0x03,10,0,18,20,9.333,10.000,0.667,1,1,220,220,26359,34021,34071,,7712,,50,,,,,,50
1372,13,77,3,0,0,0x03,11,0,18,20,9.667,11.000,1.333,1,2,220,220,26359,34071,34121,,7762,,50,,,,,,50
1373,13,77,3,0,0,0x03,12,1,18,21,10.333,12.000,1.667,2,2,220,220,26359,34121,34171,,7812,,50,,,,,,50
1374,13,77,3,0,0,0x03,13,0,18,21,10.333,13.000,2.667,2,3,220,220,26359,34171,34221,,7862,,50,,,,,,50
1375,13,77,3,0,0,0x03,14,0,17,22,10.333,14.000,3.667,3,4,220,220,26359,34221,34271,,7912,,50,,,,,,50
1376,13,77,3,0,0,0x03,15,1,17,21,11.000,15.000,4.000,4,4,220,220,26359,34271,34321,,7962,,50,,,,,,50
1377,13,77,3,0,0,0x03,16,0,18,22,11.333,16.000,4.667,4,5,220,220,26359,34321,34371,,8012,,50,,,,,,50
1378,13,77,3,0,0,0x03,17,1,18,22,12.000,17.000,5.000,5,5,220,220,26359,34371,34421,,8062,,50,,,,,,50
1379,13,77,3,0,0,0x03,18,1,18,23,12.333,18.000,5.667,5,6,220,220,26359,34421,34471,,8112,,50,,,,,,50
1380,13,77,3,0,0,0x03,19,1,18,23,12.667,19.000,6.333,6,7,220,220,26359,34471,34521,,8162,,50,,,,,,50
1381,13,78,4,0,0,0x04,21,0,16,23,12.333,16.000,3.667,5,4,220,220,35443,42571,42621,,7178,,50,,,,,,50
1382,13,78,4,0,0,0x04,21,0,15,22,12.000,15.000,3.000,4,3,220,220,35443,42621,42671,,7228,,50,,,,,,50
1383,13,78,4,0,0,0x04,20,0,13,22,11.000,13.000,2.000,3,2,220,220,35443,42671,42721,,7278,,50,,,,,,50
1384,13,78,4,0,0,0x04,20,0,12,21,10.667,12.000,1.333,2,2,220,220,35443,42721,42771,,7328,,50,,,,,,50
1385,13,78,4,0,0,0x04,25,0,11,21,12.000,11.000,-1.000,2,-1,220,220,35443,42771,42821,,7378,,50,,,,,,50
1386,13,78,4,0,0,0x04,21,0,9,20,10.000,9.000,-1.000,-1,-1,220,220,35443,42821,42871,,7428,,50,,,,,,50
1387,13,78,4,0,0,0x04,20,0,8,20,9.333,8.000,-1.333,-1,-1,220,220,35443,42871,42921,,7478,,50,,,,,,50
1388,13,78,4,0,0,0x04,20,0,6,19,8.667,6.000,-2.667,-1,-2,220,220,35443,42921,42971,,7528,,50,,,,,,50
1389,13,78,4,0,0,0x04,20,0,4,18,8.000,4.000,-4.000,-2,-4,220,220,35443,42971,43021,,7578,,50,,,,,,50
1390,13,78,4,0,0,0x04,20,0,3,18,7.667,3.000,-4.667,-4,-4,220,220,35443,43021,43071,,7628,,50,,,,,,50
1391,13,78,4,0,0,0x04,19,0,2,17,7.000,2.000,-5.000,-4,-5,220,220,35443,43071,43121,,7678,,50,,,,,,50
1392,13,78,4,0,0,0x04,19,0,0,17,6.333,0.000,-6.333,-5,-6,220,220,35443,43121,43171,,7728,,50,,,,,,50
1393,13,78,4,0,0,0x04,20,0,0,16,6.667,0.000,-6.667,-6,-6,220,220,35443,43171,43221,,7778,,50,,,,,,50
1394,13,78,4,0,0,0x04,19,0,0,15,6.333,0.000,-6.333,-6,-6,220,220,35443,43221,43271,,7828,,50,,,,,,50
1395,13,78,4,0,0,0x04,19,0,0,15,6.333,0.000,-6.333,-6,-6,220,220,35443,43271,43321,,7878,,50,,,,,,50
1396,13,78,4,0,0,0x04,19,0,0,14,6.333,0.000,-6.333,-6,-6,220,220,35443,43321,43371,,7928,,50,,,,,,50
1397,13,78,4,0,0,0x04,19,0,0,14,6.333,0.000,-6.333,-6,-6,220,220,35443,43371,43421,,7978,,50,,,,,,50
1398,13,78,4,0,0,0x04,19,0,0,13,6.333,0.000,-6.333,-6,-6,220,220,35443,43421,43471,,8028,,50,,,,,,50
1399,13,78,4,0,0,0x04,19,0,0,13,6.333,0.000,-6.333,-6,-6,220,220,35443,43471,43521,,8078,,50,,,,,,50
1400,13,78,4,0,0,0x04,19,0,0,12,6.333,0.000,-6.333,-6,-6,220,220,35443,43521,43571,,8128,,50,,,,,,50
1401,14,79,5,0,0,0x05,19,0,0,4,6.333,0.000,-6.333,-6,-6,220,220,44507,51621,51671,,7164,,50,,,,,,50
1402,14,79,5,0,0,0x05,19,0,0,4,6.333,0.000,-6.333,-6,-6,220,220,44507,51671,51721,,7214,,50,,,,,,50
1403,14,79,5,0,0,0x05,19,0,0,5,6.333,0.000,-6.333,-6,-6,220,220,44507,51721,51771,,7264,,50,,,,,,50
1404,14,79,5,0,0,0x05,23,0,0,6,7.667,0.000,-7.667,-6,-7,220,220,44507,51771,51821,,7314,,50,,,,,,50
1405,14,79,5,0,0,0x05,19,0,0,6,6.333,0.000,-6.333,-7,-6,220,220,44507,51821,51871,,7364,,50,,,,,,50
1406,14,79,5,0,0,0x05,19,0,0,6,6.333,0.000,-6.333,-6,-6,220,220,44507,51871,51921,,7414,,50,,,,,,50
1407,14,79,5,0,0,0x05,19,0,0,7,6.333,0.000,-6.333,-6,-6,220,220,44507,51921,51971,,7464,,50,,,,,,50
1408,14,79,5,0,0,0x05,19,0,0,8,6.333,0.000,-6.333,-6,-6,220,220,44507,51971,52021,,7514,,50,,,,,,50
1409,14,79,5,0,0,0x05,19,0,0,8,6.333,0.000,-6.333,-6,-6,220,220,44507,52021,52071,,7564,,50,,,,,,50
1410,14,79,5,0,0,0x05,19,0,0,9,6.333,0.000,-6.333,-6,-6,220,220,44507,52071,52121,,7614,,50,,,,,,50
1411,14,79,5,0,0,0x05,19,0,0,9,6.333,0.000,-6.333,-6,-6,220,220,44507,52121,52171,,7664,,50,,,,,,50
1412,14,79,5,0,0,0x05,20,0,0,9,6.667,0.000,-6.667,-6,-6,220,220,44507,52171,52221,,7714,,50,,,,,,50
1413,14,79,5,0,0,0x05,20,0,0,10,6.667,0.000,-6.667,-6,-6,220,220,44507,52221,52271,,7764,,50,,,,,,50
1414,14,79,5,0,0,0x05,19,0,0,10,6.333,0.000,-6.333,-6,-6,220,220,44507,52271,52321,,7814,,50,,,,,,50
1415,14,79,5,0,0,0x05,20,0,0,11,6.667,0.000,-6.667,-6,-6,220,220,44507,52321,52371,,7864,,50,,,,,,50
1416,14,80,6,0,0,0x06,20,17,0,8,12.333,20.000,7.667,-5,-5,220,220,53590,54421,54471,,881,,50,,,,,,50
1417,14,81,5,0,0,0x05,20,0,0,12,6.667,0.000,-6.667,-6,-6,220,220,44507,52421,52471,,7964,,50,,,,,,50
1418,14,82,6,0,0,0x06,0,17,0,9,5.667,0.000,-5.667,-5,-5,220,220,53590,54521,54571,,981,,50,,,,,,50
1419,14,83,5,0,0,0x05,20,0,0,13,6.667,0.000,-6.667,-6,-6,220,220,44507,52521,52571,,8064,,50,,,,,,50
1420,14,84,6,0,0,0x06,0,17,0,10,5.667,0.000,-5.667,-5,-5,220,220,53590,54621,54671,,1081,,50,,,,,,50
1421,14,84,6,0,0,0x06,32,20,0,28,17.333,32.000,14.667,16,15,220,220,53590,60671,60721,,7131,,50,,,,,,50
1422,14,84,6,0,0,0x06,31,20,0,27,17.000,31.000,14.000,15,14,220,220,53590,60721,60771,,7181,,50,,,,,,50
1423,14,84,6,0,0,0x06,34,20,0,27,18.000,34.000,16.000,14,16,220,220,53590,60771,60821,,7231,,50,,,,,,50
1424,14,84,6,0,0,0x06,29,20,0,26,16.333,29.000,12.667,16,13,220,220,53590,60821,60871,,7281,,50,,,,,,50
1425,14,84,6,0,0,0x06,27,20,0,25,15.667,27.000,11.333,13,12,220,220,53590,60871,60921,,7331,,50,,,,,,50
1426,14,84,6,0,0,0x06,26,19,0,25,15.000,26.000,11.000,12,11,220,220,53590,60921,60971,,7381,,50,,,,,,50
1427,14,84,6,0,0,0x06,25,19,0,25,14.667,25.000,10.333,11,11,220,220,53590,60971,61021,,7431,,50,,,,,,50
1428,14,84,6,0,0,0x06,24,20,0,24,14.667,24.000,9.333,11,10,220,220,53590,61021,61071,,7481,,50,,,,,,50
1429,14,84,6,0,0,0x06,22,19,0,24,13.667,22.000,8.333,10,9,220,220,53590,61071,61121,,7531,,50,,,,,,50
1430,14,84,6,0,0,0x06,22,19,0,24,13.667,22.000,8.333,9,9,220,220,53590,61121,61171,,7581,,50,,,,,,50
1431,14,84,6,0,0,0x06,20,19,0,23,13.000,20.000,7.000,9,7,220,220,53590,61171,61221,,7631,,50,,,,,,50
1432,14,84,6,0,0,0x06,19,19,0,22,12.667,19.000,6.333,7,7,220,220,53590,61221,61271,,7681,,50,,,,,,50
1433,14,84,6,0,0,0x06,18,19,0,23,12.333,18.000,5.667,7,6,220,220,53590,61271,61321,,7731,,50,,,,,,50
1434,14,84,6,0,0,0x06,17,18,0,22,11.667,17.000,5.333,6,6,220,220,53590,61321,61371,,7781,,50,,,,,,50
1435,14,84,6,0,0,0x06,16,19,0,22,11.667,16.000,4.333,6,5,220,220,53590,61371,61421,,7831,,50,,,,,,50
1436,14,84,6,0,0,0x06,15,18,0,21,11.000,15.000,4.000,5,4,220,220,53590,61421,61471,,7881,,50,,,,,,50
1437,14,84,6,0,0,0x06,14,18,0,21,10.667,14.000,3.333,4,4,220,220,53590,61471,61521,,7931,,50,,,,,,50
1438,14,84,6,0,0,0x06,12,18,0,20,10.000,12.000,2.000,4,2,220,220,53590,61521,61571,,7981,,50,,,,,,50
1439,14,84,6,0,0,0x06,11,18,0,20,9.667,11.000,1.333,2,2,220,220,53590,61571,61621,,8031,,50,,,,,,50
1440,15,85,1,0,0,0x01,1,20,24,25,15.000,24.000,9.000,11,9,220,220,62658,63671,63721,,1063,,50,,,,,,50
1441,15,85,1,0,0,0x01,0,19,0,15,6.333,0.000,-6.333,-6,-6,220,220,62658,4185,4235,,7113,,50,,,,,,50
1442,15,85,1,0,0,0x01,4,19,0,15,7.667,0.000,-7.667,-6,-7,220,220,62658,4235,4285,,7163,,50,,,,,,50
1443,15,85,1,0,0,0x01,0,19,0,15,6.333,0.000,-6.333,-7,-6,220,220,62658,4285,4335,,7213,,50,,,,,,50
1444,15,85,1,0,0,0x01,0,19,0,16,6.333,0.000,-6.333,-6,-6,220,220,62658,4335,4385,,7263,,50,,,,,,50
1445,15,85,1,0,0,0x01,1,19,0,16,6.667,0.000,-6.667,-6,-6,220,220,62658,4385,4435,,7313,,50,,,,,,50
1446,15,85,1,0,0,0x01,1,19,0,17,6.667,0.000,-6.667,-6,-6,220,220,62658,4435,4485,,7363,,50,,,,,,50
1447,15,85,1,0,0,0x01,1,19,2,18,7.333,2.000,-5.333,-6,-5,220,220,62658,4485,4535,,7413,,50,,,,,,50
1448,15,85,1,0,0,0x01,1,19,2,18,7.333,2.000,-5.333,-5,-5,220,220,62658,4535,4585,,7463,,50,,,,,,50
1449,15,85,1,0,0,0x01,1,19,4,18,8.000,4.000,-4.000,-5,-4,220,220,62658,4585,4635,,7513,,50,,,,,,50
1450,15,85,1,0,0,0x01,1,19,5,19,8.333,5.000,-3.333,-4,-3,220,220,62658,4635,4685,,7563,,50,,,,,,50
1451,15,85,1,0,0,0x01,1,19,6,19,8.667,6.000,-2.667,-3,-2,220,220,62658,4685,4735,,7613,,50,,,,,,50
1452,15,85,1,0,0,0x01,1,19,7,20,9.000,7.000,-2.000,-2,-2,220,220,62658,4735,4785,,7663,,50,,,,,,50
1453,15,85,1,0,0,0x01,2,19,9,20,10.000,9.000,-1.000,-2,-1,220,220,62658,4785,4835,,7713,,50,,,,,,50
1454,15,85,1,0,0,0x01,1,19,10,21,10.000,10.000,0.000,-1,0,220,220,62658,4835,4885,,7763,,50,,,,,,50
1455,15,85,1,0,0,0x01,1,19,12,21,10.667,12.000,1.333,0,2,220,220,62658,4885,4935,,7813,,50,,,,,,50
1456,15,85,1,0,0,0x01,1,19,13,22,11.000,13.000,2.000,2,2,220,220,62658,4935,4985,,7863,,50,,,,,,50
1457,15,85,1,0,0,0x01,2,19,14,22,11.667,14.000,2.333,2,3,220,220,62658,4985,5035,,7913,,50,,,,,,50
1458,15,86,2,0,0,0x02,0,0,17,13,5.667,0.000,-5.667,-6,-5,220,220,6208,7085,7135,,927,,50,,,,,,50
1459,15,87,1,0,0,0x01,2,19,17,24,12.667,17.000,4.333,4,5,220,220,62658,5085,5135,,8013,,50,,,,,,50
1460,15,88,2,0,0,0x02,1,0,17,15,6.000,0.000,-6.000,-5,-6,220,220,6208,7185,7235,,1027,,50,,,,,,50
1461,15,88,2,0,0,0x02,6,45,20,33,23.667,45.000,21.333,24,22,220,220,6208,13235,13285,,7077,,50,,,,,,50
1462,15,88,2,0,0,0x02,2,44,20,33,22.000,44.000,22.000,22,22,220,220,6208,13285,13335,,7127,,50,,,,,,50
1463,15,88,2,0,0,0x02,2,43,20,32,21.667,43.000,21.333,22,22,220,220,6208,13335,13385,,7177,,50,,,,,,50
1464,15,88,2,0,0,0x02,2,41,20,31,21.000,41.000,20.000,22,20,220,220,6208,13385,13435,,7227,,50,,,,,,50
1465,15,88,2,0,0,0x02,2,40,20,31,20.667,40.000,19.333,20,20,220,220,6208,13435,13485,,7277,,50,,,,,,50
1466,15,88,2,0,0,0x02,2,39,20,31,20.333,39.000,18.667,20,19,220,220,6208,13485,13535,,7327,,50,,,,,,50
1467,15,88,2,0,0,0x02,2,37,19,30,19.333,37.000,17.667,19,18,220,220,6208,13535,13585,,7377,,50,,,,,,50
1468,15,88,2,0,0,0x02,2,36,20,29,19.333,36.000,16.667,18,17,220,220,6208,13585,13635,,7427,,50,,,,,,50
1469,15,88,2,0,0,0x02,2,35,19,29,18.667,35.000,16.333,17,17,220,220,6208,13635,13685,,7477,,50,,,,,,50
1470,15,88,2,0,0,0x02,2,33,19,28,18.000,33.000,15.000,17,15,220,220,6208,13685,13735,,7527,,50,,,,,,50
1471,15,88,2,0,0,0x02,2,32,19,28,17.667,32.000,14.333,15,15,220,220,6208,13735,13785,,7577,,50,,,,,,50
1472,15,88,2,0,0,0x02,2,31,19,27,17.333,31.000,13.667,15,14,220,220,6208,13785,13835,,7627,,50,,,,,,50
1473,15,88,2,0,0,0x02,2,29,19,27,16.667,29.000,12.333,14,13,220,220,6208,13835,13885,,7677,,50,,,,,,50
1474,15,89,3,0,0,0x03,2,28,19,36,16.333,2.000,-14.333,30,29,220,220,15275,15935,15985,,710,,50,,,,,,50
1475,15,90,2,0,0,0x02,2,27,19,26,16.000,27.000,11.000,12,11,220,220,6208,13935,13985,,7777,,50,,,,,,50
1476,16,91,3,0,0,0x03,2,1,20,34,7.667,2.000,-5.667,29,27,220,220,15275,16035,16085,,810,,50,,,,,,50
1477,16,91,3,0,0,0x03,49,1,20,34,23.333,49.000,25.667,27,26,220,220,15275,16085,16135,,860,,50,,,,,,50
1478,16,91,3,0,0,0x03,48,1,20,33,23.000,48.000,25.000,26,25,220,220,15275,16135,16185,,910,,50,,,,,,50
1479,16,91,3,0,0,0x03,46,1,19,33,22.000,46.000,24.000,25,24,220,220,15275,16185,16235,,960,,50,,,,,,50
1480,16,91,3,0,0,0x03,48,1,20,32,23.000,48.000,25.000,24,25,220,220,15275,16235,16285,,1010,,50,,,,,,50
1481,16,91,3,0,0,0x03,0,0,17,9,5.667,0.000,-5.667,-5,-5,220,220,15275,22285,22335,,7060,,50,,,,,,50
1482,16,91,3,0,0,0x03,0,0,17,9,5.667,0.000,-5.667,-5,-5,220,220,15275,22335,22385,,7110,,50,,,,,,50
1483,16,91,3,0,0,0x03,0,0,17,10,5.667,0.000,-5.667,-5,-5,220,220,15275,22385,22435,,7160,,50,,,,,,50
1484,16,91,3,0,0,0x03,0,0,17,10,5.667,0.000,-5.667,-5,-5,220,220,15275,22435,22485,,7210,,50,,,,,,50
1485,16,91,3,0,0,0x03,0,0,17,11,5.667,0.000,-5.667,-5,-5,220,220,15275,22485,22535,,7260,,50,,,,,,50
1486,16,91,3,0,0,0x03,0,0,17,11,5.667,0.000,-5.667,-5,-5,220,220,15275,22535,24635,,9360,,2100,,,,,,50
1487,16,91,3,0,0,0x03,0,0,17,12,5.667,0.000,-5.667,-5,-5,220,220,15275,22585,22635,,7360,,50,,,,,,50
1488,16,91,3,0,0,0x03,0,0,17,12,5.667,0.000,-5.667,-5,-5,220,220,24359,24685,24735,,376,,50,,,,,,50
1489,16,91,3,0,0,0x03,0,0,17,13,5.667,0.000,-5.667,-5,-5,220,220,15275,22685,22735,,7460,,50,,,,,,50
1490,16,91,3,0,0,0x03,0,0,17,13,5.667,0.000,-5.667,-6,-6,220,220,24359,24785,24835,,476,,50,,,,,,50
1491,16,91,3,0,0,0x03,0,0,17,13,5.667,0.000,-5.667,-5,-5,220,220,15275,22785,24885,,9610,,2100,,,,,,50
1492,16,92,4,0,0,0x04,0,0,17,14,5.667,17.000,11.333,-6,-6,220,220,24359,24885,24935,,576,,50,,,,,,50
1493,16,92,4,0,0,0x04,21,0,0,11,7.000,0.000,-7.000,-6,-7,220,220,24359,24935,24985,,626,,50,,,,,,50
1494,16,92,4,0,0,0x04,0,0,17,12,5.667,17.000,11.333,-7,-6,220,220,24359,24985,25035,,676,,50,,,,,,50
1495,16,92,4,0,0,0x04,20,0,0,12,6.667,0.000,-6.667,-6,-6,220,220,24359,25035,25085,,726,,50,,,,,,50
1496,16,92,4,0,0,0x04,21,0,0,13,7.000,0.000,-7.000,-6,-7,220,220,24359,25085,25135,,776,,50,,,,,,50
1497,16,92,4,0,0,0x04,21,0,0,14,7.000,0.000,-7.000,-7,-7,220,220,24359,25135,25185,,826,,50,,,,,,50
1498,16,92,4,0,0,0x04,20,0,0,15,6.667,0.000,-6.667,-7,-6,220,220,24359,25185,25235,,876,,50,,,,,,50
1499,16,92,4,0,0,0x04,25,0,0,15,8.333,0.000,-8.333,-6,-8,220,220,24359,25235,25285,,926,,50,,,,,,50
1500,16,92,4,0,0,0x04,20,0,0,15,6.667,0.000,-6.667,-8,-6,220,220,24359,25285,25335,,976,,50,,,,,,50
1501,16,92,4,0,0,0x04,19,0,0,13,6.333,0.000,-6.333,-6,-6,220,220,24359,32335,32385,,8026,,50,,,,,,50
1502,16,92,4,0,0,0x04,19,0,0,13,6.333,0.000,-6.333,-6,-6,220,220,24359,32385,32435,,8076,,50,,,,,,50
1503,16,92,4,0,0,0x04,19,0,0,13,6.333,0.000,-6.333,-6,-6,220,220,24359,32435,32485,,8126,,50,,,,,,50
1504,16,92,4,0,0,0x04,19,0,0,12,6.333,0.000,-6.333,-6,-6,220,220,24359,32485,32535,,8176,,50,,,,,,50
1505,16,92,4,0,0,0x04,19,0,0,12,6.333,0.000,-6.333,-6,-6,220,220,24359,32535,32585,,8226,,50,,,,,,50
1506,16,92,4,0,0,0x04,19,0,0,11,6.333,0.000,-6.333,-6,-6,220,220,24359,32585,32635,,8276,,50,,,,,,50
1507,16,92,4,0,0,0x04,19,0,0,11,6.333,0.000,-6.333,-6,-6,220,220,24359,32635,32685,,8326,,50,,,,,,50
1508,16,92,4,0,0,0x04,19,0,0,10,6.333,0.000,-6.333,-6,-6,220,220,24359,32685,32735,,8376,,50,,,,,,50
1509,16,92,4,0,0,0x04,19,0,0,10,6.333,0.000,-6.333,-6,-6,220,220,24359,32735,32785,,8426,,50,,,,,,50
1510,16,92,4,0,0,0x04,19,0,0,10,6.333,0.000,-6.333,-6,-6,220,220,24359,32785,32835,,8476,,50,,,,,,50
1511,16,92,4,0,0,0x04,19,0,0,10,6.333,0.000,-6.333,-6,-6,220,220,24359,32835,32885,,8526,,50,,,,,,50
1512,16,92,4,0,0,0x04,19,0,0,9,6.333,0.000,-6.333,-6,-6,220,220,24359,32885,32935,,8576,,50,,,,,,50
1513,16,92,4,0,0,0x04,19,0,0,8,6.333,0.000,-6.333,-6,-6,220,220,24359,32935,32985,,8626,,50,,,,,,50
1514,16,92,4,0,0,0x04,19,0,0,9,6.333,0.000,-6.333,-6,-6,220,220,24359,32985,33035,,8676,,50,,,,,,50
1515,16,92,4,0,0,0x04,19,0,0,8,6.333,0.000,-6.333,-6,-6,220,220,24359,33035,33085,,8726,,50,,,,,,50
1516,16,92,4,0,0,0x04,18,0,0,8,6.000,0.000,-6.000,-6,-6,220,220,24359,33085,33135,,8776,,50,,,,,,50
1517,16,92,4,0,0,0x04,19,0,0,7,6.333,0.000,-6.333,-6,-6,220,220,24359,33135,33185,,8826,,50,,,,,,50
1518,16,92,4,0,0,0x04,18,0,0,7,6.000,0.000,-6.000,-6,-6,220,220,24359,33185,33235,,8876,,50,,,,,,50
1519,16,92,4,0,0,0x04,23,0,0,8,7.667,0.000,-7.667,-6,-7,220,220,24359,33235,33285,,8926,,50,,,,,,50
1520,16,92,4,0,0,0x04,18,0,0,7,6.000,0.000,-6.000,-7,-6,220,220,24359,33285,33335,,8976,,50,,,,,,50
1521,16,93,5,0,0,0x05,20,0,0,16,6.667,0.000,-6.667,-6,-6,220,220,33424,41385,41435,,8011,,50,,,,,,50
1522,16,93,5,0,0,0x05,19,0,0,17,6.333,0.000,-6.333,-6,-6,220,220,33424,41435,41485,,8061,,50,,,,,,50
1523,16,93,5,0,0,0x05,20,1,0,18,7.000,1.000,-6.000,-6,-6,220,220,33424,41485,41535,,8111,,50,,,,,,50
1524,16,93,5,0,0,0x05,20,3,0,18,7.667,3.000,-4.667,-6,-4,220,220,33424,41535,41585,,8161,,50,,,,,,50
1525,16,93,5,0,0,0x05,19,4,0,18,7.667,4.000,-3.667,-4,-3,220,220,33424,41585,41635,,8211,,50,,,,,,50
1526,16,93,5,0,0,0x05,20,6,0,19,8.667,6.000,-2.667,-3,-2,220,220,33424,41635,41685,,8261,,50,,,,,,50
1527,16,93,5,0,0,0x05,20,8,0,20,9.333,8.000,-1.333,-2,-1,220,220,33424,41685,41735,,8311,,50,,,,,,50
1528,16,93,5,0,0,0x05,20,9,0,20,9.667,9.000,-0.667,-1,0,220,220,33424,41735,41785,,8361,,50,,,,,,50
1529,16,93,5,0,0,0x05,20,10,0,21,10.000,10.000,0.000,0,0,220,220,33424,41785,41835,,8411,,50,,,,,,50
1530,16,93,5,0,0,0x05,20,12,0,21,10.667,12.000,1.333,0,2,220,220,33424,41835,41885,,8461,,50,,,,,,50
1531,16,93,5,0,0,0x05,20,14,0,22,11.333,14.000,2.667,2,3,220,220,33424,41885,41935,,8511,,50,,,,,,50
1532,16,93,5,0,0,0x05,20,15,0,22,11.667,15.000,3.333,3,4,220,220,33424,41935,41985,,8561,,50,,,,,,50
1533,16,93,5,0,0,0x05,20,16,0,23,12.000,16.000,4.000,4,4,220,220,33424,41985,42035,,8611,,50,,,,,,50
1534,16,93,5,0,0,0x05,20,18,0,23,12.667,18.000,5.333,4,6,220,220,33424,42035,42085,,8661,,50,,,,,,50
1535,16,93,5,0,0,0x05,20,19,0,24,13.000,19.000,6.000,6,6,220,220,33424,42085,42135,,8711,,50,,,,,,50
1536,16,93,5,0,0,0x05,20,20,0,24,13.333,20.000,6.667,6,7,220,220,33424,42135,42185,,8761,,50,,,,,,50
1537,16,93,5,0,0,0x05,20,22,0,25,14.000,22.000,8.000,7,8,220,220,33424,42185,42235,,8811,,50,,,,,,50
1538,16,93,5,0,0,0x05,24,23,1,26,16.000,23.000,7.000,8,7,220,220,33424,42235,42285,,8861,,50,,,,,,50
1539,16,93,5,0,0,0x05,20,25,1,26,15.333,25.000,9.667,7,10,220,220,33424,42285,42335,,8911,,50,,,,,,50
1540,16,93,5,0,0,0x05,20,26,1,26,15.667,26.000,10.333,10,11,220,220,33424,42335,42385,,8961,,50,,,,,,50
1541,16,94,6,0,0,0x06,21,19,0,23,13.333,21.000,7.667,9,8,220,220,42507,50435,50485,,7978,,50,,,,,,50
1542,16,94,6,0,0,0x06,19,18,0,23,12.333,19.000,6.667,8,7,220,220,42507,50485,50535,,8028,,50,,,,,,50
1543,16,94,6,0,0,0x06,18,19,0,23,12.333,18.000,5.667,7,6,220,220,42507,50535,50585,,8078,,50,,,,,,50
1544,16,94,6,0,0,0x06,17,19,0,22,12.000,17.000,5.000,6,5,220,220,42507,50585,50635,,8128,,50,,,,,,50
1545,16,94,6,0,0,0x06,16,19,0,22,11.667,16.000,4.333,5,5,220,220,42507,50635,50685,,8178,,50,,,,,,50
1546,16,94,6,0,0,0x06,15,18,0,21,11.000,15.000,4.000,5,4,220,220,42507,50685,50735,,8228,,50,,,,,,50
1547,16,94,6,0,0,0x06,14,19,0,21,11.000,14.000,3.000,4,3,220,220,42507,50735,50785,,8278,,50,,,,,,50
1548,16,94,6,0,0,0x06,13,18,0,20,10.333,13.000,2.667,3,3,220,220,42507,50785,50835,,8328,,50,,,,,,50
1549,16,94,6,0,0,0x06,12,18,0,20,10.000,12.000,2.000,3,2,220,220,42507,50835,50885,,8378,,50,,,,,,50
1550,16,94,6,0,0,0x06,11,18,0,20,9.667,11.000,1.333,2,2,220,220,42507,50885,50935,,8428,,50,,,,,,50
1551,16,94,6,0,0,0x06,10,18,0,20,9.333,10.000,0.667,2,1,220,220,42507,50935,50985,,8478,,50,,,,,,50
1552,16,94,6,0,0,0x06,9,18,0,19,9.000,9.000,0.000,1,0,220,220,42507,50985,51035,,8528,,50,,,,,,50
1553,16,94,6,0,0,0x06,8,18,0,19,8.667,8.000,-0.667,0,0,220,220,42507,51035,51085,,8578,,50,,,,,,50
1554,16,94,6,0,0,0x06,7,17,0,18,8.000,7.000,-1.000,0,-1,220,220,42507,51085,51135,,8628,,50,,,,,,50
1555,16,94,6,0,0,0x06,6,17,0,18,7.667,6.000,-1.667,-1,-1,220,220,42507,51135,51185,,8678,,50,,,,,,50
1556,16,94,6,0,0,0x06,5,18,0,17,7.667,5.000,-2.667,-1,-2,220,220,42507,51185,51235,,8728,,50,,,,,,50
1557,16,94,6,0,0,0x06,8,18,0,18,8.667,8.000,-0.667,-2,0,220,220,42507,51235,51285,,8778,,50,,,,,,50
1558,16,94,6,0,0,0x06,3,17,0,17,6.667,3.000,-3.667,0,-3,220,220,42507,51285,51335,,8828,,50,,,,,,50
1559,16,94,6,0,0,0x06,2,17,0,16,6.333,2.000,-4.333,-3,-4,220,220,42507,51335,51385,,8878,,50,,,,,,50
1560,16,94,6,0,0,0x06,1,17,0,16,6.000,1.000,-5.000,-4,-5,220,220,42507,51385,51435,,8928,,50,,,,,,50
1561,16,95,1,0,0,0x01,2,19,19,24,13.333,19.000,5.667,5,6,220,220,51572,59485,59535,,7963,,50,,,,,,50
1562,16,95,1,0,0,0x01,2,19,20,25,13.667,20.000,6.333,6,7,220,220,51572,59535,59585,,8013,,50,,,,,,50
1563,16,95,1,0,0,0x01,3,19,21,25,14.333,21.000,6.667,7,7,220,220,51572,59585,59635,,8063,,50,,,,,,50
1564,16,95,1,0,0,0x01,2,19,22,25,14.333,22.000,7.667,7,8,220,220,51572,59635,59685,,8113,,50,,,,,,50
1565,16,95,1,0,0,0x01,2,19,24,26,15.000,24.000,9.000,8,9,220,220,51572,59685,59735,,8163,,50,,,,,,50
1566,16,95,1,0,0,0x01,2,20,25,26,15.667,25.000,9.333,9,10,220,220,51572,59735,59785,,8213,,50,,,,,,50
1567,16,95,1,0,0,0x01,3,20,26,26,16.333,26.000,9.667,10,10,220,220,51572,59785,59835,,8263,,50,,,,,,50
1568,16,95,1,0,0,0x01,3,19,27,27,16.333,27.000,10.667,10,11,220,220,51572,59835,59885,,8313,,50,,,,,,50
1569,16,95,1,0,0,0x01,3,20,29,28,17.333,29.000,11.667,11,12,220,220,51572,59885,59935,,8363,,50,,,,,,50
1570,16,95,1,0,0,0x01,3,19,29,28,17.000,29.000,12.000,12,12,220,220,51572,59935,59985,,8413,,50,,,,,,50
1571,16,95,1,0,0,0x01,3,20,31,28,18.000,31.000,13.000,12,13,220,220,51572,59985,60035,,8463,,50,,,,,,50
1572,16,95,1,0,0,0x01,3,20,32,29,18.333,32.000,13.667,13,14,220,220,51572,60035,60085,,8513,,50,,,,,,50
1573,16,95,1,0,0,0x01,3,20,33,30,18.667,33.000,14.333,14,15,220,220,51572,60085,60135,,8563,,50,,,,,,50
1574,16,95,1,0,0,0x01,3,20,34,30,19.000,34.000,15.000,15,15,220,220,51572,60135,60185,,8613,,50,,,,,,50
1575,16,95,1,0,0,0x01,3,20,35,30,19.333,35.000,15.667,15,16,220,220,51572,60185,60235,,8663,,50,,,,,,50
1576,16,95,1,0,0,0x01,7,20,37,31,21.333,37.000,15.667,16,16,220,220,51572,60235,60285,,8713,,50,,,,,,50
1577,16,95,1,0,0,0x01,3,21,37,31,20.333,37.000,16.667,16,17,220,220,51572,60285,60335,,8763,,50,,,,,,50
1578,16,95,1,0,0,0x01,4,20,38,32,20.667,38.000,17.333,17,18,220,220,51572,60335,60385,,8813,,50,,,,,,50
1579,16,95,1,0,0,0x01,3,20,40,32,21.000,40.000,19.000,18,19,220,220,51572,60385,60435,,8863,,50,,,,,,50
1580,16,95,1,0,0,0x01,3,20,40,32,21.000,40.000,19.000,19,19,220,220,51572,60435,60485,,8913,,50,,,,,,50
1581,16,96,2,0,0,0x02,2,24,18,25,14.667,24.000,9.333,11,10,220,220,60657,2999,3049,,7928,,50,,,,,,50
1582,16,96,2,0,0,0x02,2,23,18,25,14.333,23.000,8.667,10,9,220,220,60657,3049,3099,,7978,,50,,,,,,50
1583,16,96,2,0,0,0x02,2,22,18,24,14.000,22.000,8.000,9,8,220,220,60657,3099,3149,,8028,,50,,,,,,50
1584,16,96,2,0,0,0x02,2,21,18,24,13.667,21.000,7.333,8,8,220,220,60657,3149,3199,,8078,,50,,,,,,50
1585,16,96,2,0,0,0x02,2,19,18,24,13.000,19.000,6.000,8,6,220,220,60657,3199,3249,,8128,,50,,,,,,50
1586,16,96,2,0,0,0x02,2,19,18,23,13.000,19.000,6.000,6,6,220,220,60657,3249,3299,,8178,,50,,,,,,50
1587,16,96,2,0,0,0x02,2,17,17,23,12.000,17.000,5.000,6,5,220,220,60657,3299,3349,,8228,,50,,,,,,50
1588,16,96,2,0,0,0x02,2,16,18,22,12.000,16.000,4.000,5,4,220,220,60657,3349,3399,,8278,,50,,,,,,50
1589,16,96,2,0,0,0x02,2,14,17,21,11.000,14.000,3.000,4,3,220,220,60657,3399,3449,,8328,,50,,,,,,50
1590,16,96,2,0,0,0x02,1,13,17,21,10.333,13.000,2.667,3,3,220,220,60657,3449,3499,,8378,,50,,,,,,50
1591,16,96,2,0,0,0x02,2,12,17,21,10.333,12.000,1.667,3,2,220,220,60657,3499,3549,,8428,,50,,,,,,50
1592,16,96,2,0,0,0x02,2,10,17,20,9.667,10.000,0.333,2,1,220,220,60657,3549,3599,,8478,,50,,,,,,50
1593,16,96,2,0,0,0x02,2,9,17,20,9.333,9.000,-0.333,1,0,220,220,60657,3599,3649,,8528,,50,,,,,,50
1594,16,96,2,0,0,0x02,2,8,17,19,9.000,8.000,-1.000,0,-1,220,220,60657,3649,3699,,8578,,50,,,,,,50
1595,16,96,2,0,0,0x02,6,7,17,20,10.000,7.000,-3.000,-1,-3,220,220,60657,3699,3749,,8628,,50,,,,,,50
1596,16,96,2,0,0,0x02,1,5,17,18,7.667,5.000,-2.667,-3,-2,220,220,60657,3749,3799,,8678,,50,,,,,,50
1597,16,96,2,0,0,0x02,2,4,17,18,7.667,4.000,-3.667,-2,-3,220,220,60657,3799,3849,,8728,,50,,,,,,50
1598,16,96,2,0,0,0x02,1,4,16,17,7.000,4.000,-3.000,-3,-3,220,220,60657,3849,3899,,8778,,50,,,,,,50
1599,16,96,2,0,0,0x02,2,2,17,17,7.000,2.000,-5.000,-3,-5,220,220,60657,3899,3949,,8828,,50,,,,,,50
1600,16,96,2,0,0,0x02,1,1,16,17,6.000,1.000,-5.000,-5,-5,220,220,60657,3949,3999,,8878,,50,,,,,,50
1601,17,97,3,0,0,0x03,9,0,18,20,9.000,9.000,0.000,0,0,220,220,4185,12049,12099,,7914,,50,,,,,,50
1602,17,97,3,0,0,0x03,10,0,18,20,9.333,10.000,0.667,0,1,220,220,4185,12099,12149,,7964,,50,,,,,,50
1603,17,97,3,0,0,0x03,11,0,17,20,9.333,11.000,1.667,1,2,220,220,4185,12149,12199,,8014,,50,,,,,,50
1604,17,97,3,0,0,0x03,12,1,17,21,10.000,12.000,2.000,2,2,220,220,4185,12199,12249,,8064,,50,,,,,,50
1605,17,97,3,0,0,0x03,13,1,18,21,10.667,13.000,2.333,2,3,220,220,4185,12249,12299,,8114,,50,,,,,,50
1606,17,97,3,0,0,0x03,14,0,17,21,10.333,14.000,3.667,3,4,220,220,4185,12299,12349,,8164,,50,,,,,,50
1607,17,97,3,0,0,0x03,15,1,17,22,11.000,15.000,4.000,4,4,220,220,4185,12349,12399,,8214,,50,,,,,,50
1608,17,97,3,0,0,0x03,16,1,18,23,11.667,16.000,4.333,4,5,220,220,4185,12399,12449,,8264,,50,,,,,,50
1609,17,97,3,0,0,0x03,17,1,17,23,11.667,17.000,5.333,5,6,220,220,4185,12449,12499,,8314,,50,,,,,,50
1610,17,97,3,0,0,0x03,18,1,18,23,12.333,18.000,5.667,6,6,220,220,4185,12499,12549,,8364,,50,,,,,,50
1611,17,97,3,0,0,0x03,20,1,18,24,13.000,20.000,7.000,6,7,220,220,4185,12549,12599,,8414,,50,,,,,,50
1612,17,97,3,0,0,0x03,20,1,18,24,13.000,20.000,7.000,7,7,220,220,4185,12599,12649,,8464,,50,,,,,,50
1613,17,97,3,0,0,0x03,21,1,18,24,13.333,21.000,7.667,7,8,220,220,4185,12649,12699,,8514,,50,,,,,,50
1614,17,97,3,0,0,0x03,27,1,18,25,15.333,27.000,11.667,8,12,220,220,4185,12699,12749,,8564,,50,,,,,,50
1615,17,97,3,0,0,0x03,23,1,18,25,14.000,23.000,9.000,12,9,220,220,4185,12749,12799,,8614,,50,,,,,,50
1616,17,97,3,0,0,0x03,25,1,18,25,14.667,25.000,10.333,9,11,220,220,4185,12799,12849,,8664,,50,,,,,,50
1617,17,97,3,0,0,0x03,26,1,18,26,15.000,26.000,11.000,11,11,220,220,4185,12849,12899,,8714,,50,,,,,,50
1618,17,97,3,0,0,0x03,27,1,18,26,15.333,27.000,11.667,11,12,220,220,4185,12899,12949,,8764,,50,,,,,,50
1619,17,97,3,0,0,0x03,28,2,18,27,16.000,28.000,12.000,12,12,220,220,4185,12949,12999,,8814,,50,,,,,,50
1620,17,97,3,0,0,0x03,29,1,18,27,16.000,29.000,13.000,12,13,220,220,4185,12999,13049,,8864,,50,,,,,,50
1621,17,98,4,0,0,0x04,20,0,10,21,10.000,10.000,0.000,1,0,220,220,13269,21099,21149,,7880,,50,,,,,,50
1622,17,98,4,0,0,0x04,20,0,8,20,9.333,8.000,-1.333,0,-1,220,220,13269,21149,21199,,7930,,50,,,,,,50
1623,17,98,4,0,0,0x04,20,0,7,20,9.000,7.000,-2.000,-1,-2,220,220,13269,21199,21249,,7980,,50,,,,,,50
1624,17,98,4,0,0,0x04,20,0,6,19,8.667,6.000,-2.667,-2,-2,220,220,13269,21249,21299,,8030,,50,,,,,,50
1625,17,98,4,0,0,0x04,20,0,4,18,8.000,4.000,-4.000,-2,-4,220,220,13269,21299,21349,,8080,,50,,,,,,50
1626,17,98,4,0,0,0x04,20,0,3,18,7.667,3.000,-4.667,-4,-4,220,220,13269,21349,21399,,8130,,50,,,,,,50
1627,17,98,4,0,0,0x04,20,0,2,17,7.333,2.000,-5.333,-4,-5,220,220,13269,21399,21449,,8180,,50,,,,,,50
1628,17,98,4,0,0,0x04,20,0,1,17,7.000,1.000,-6.000,-5,-6,220,220,13269,21449,21499,,8230,,50,,,,,,50
1629,17,98,4,0,0,0x04,19,0,0,16,6.333,0.000,-6.333,-6,-6,220,220,13269,21499,21549,,8280,,50,,,,,,50
1630,17,98,4,0,0,0x04,20,0,0,16,6.667,0.000,-6.667,-6,-6,220,220,13269,21549,21599,,8330,,50,,,,,,50
1631,17,98,4,0,0,0x04,19,0,0,15,6.333,0.000,-6.333,-6,-6,220,220,13269,21599,21649,,8380,,50,,,,,,50
1632,17,98,4,0,0,0x04,19,0,0,15,6.333,0.000,-6.333,-6,-6,220,220,13269,21649,21699,,8430,,50,,,,,,50
1633,17,98,4,0,0,0x04,23,0,0,15,7.667,0.000,-7.667,-6,-7,220,220,13269,21699,21749,,8480,,50,,,,,,50
1634,17,98,4,0,0,0x04,19,0,0,14,6.333,0.000,-6.333,-7,-6,220,220,13269,21749,21799,,8530,,50,,,,,,50
1635,17,98,4,0,0,0x04,19,0,0,14,6.333,0.000,-6.333,-6,-6,220,220,13269,21799,21849,,8580,,50,,,,,,50
1636,17,98,4,0,0,0x04,19,0,0,13,6.333,0.000,-6.333,-6,-6,220,220,13269,21849,21899,,8630,,50,,,,,,50
1637,17,98,4,0,0,0x04,19,0,0,13,6.333,0.000,-6.333,-6,-6,220,220,13269,21899,21949,,8680,,50,,,,,,50
1638,17,98,4,0,0,0x04,18,0,0,12,6.000,0.000,-6.000,-6,-6,220,220,13269,21949,21999,,8730,,50,,,,,,50
1639,17,98,4,0,0,0x04,19,0,0,12,6.333,0.000,-6.333,-6,-6,220,220,13269,21999,22049,,8780,,50,,,,,,50
1640,17,98,4,0,0,0x04,19,0,0,12,6.333,0.000,-6.333,-6,-6,220,220,13269,22049,22099,,8830,,50,,,,,,50
1641,17,99,5,0,0,0x05,20,0,0,15,6.667,0.000,-6.667,-6,-6,220,220,22333,30149,30199,,7866,,50,,,,,,50
1642,17,99,5,0,0,0x05,19,0,0,15,6.333,0.000,-6.333,-6,-6,220,220,22333,30199,30249,,7916,,50,,,,,,50
1643,17,99,5,0,0,0x05,19,0,0,15,6.333,0.000,-6.333,-6,-6,220,220,22333,30249,30299,,7966,,50,,,,,,50
1644,17,99,5,0,0,0x05,19,0,0,16,6.333,0.000,-6.333,-6,-6,220,220,22333,30299,30349,,8016,,50,,,,,,50
1645,17,99,5,0,0,0x05,20,0,0,16,6.667,0.000,-6.667,-6,-6,220,220,22333,30349,30399,,8066,,50,,,,,,50
1646,17,99,5,0,0,0x05,19,0,0,17,6.333,0.000,-6.333,-6,-6,220,220,22333,30399,30449,,8116,,50,,,,,,50
1647,17,99,5,0,0,0x05,20,0,0,17,6.667,0.000,-6.667,-6,-6,220,220,22333,30449,30499,,8166,,50,,,,,,50
1648,17,99,5,0,0,0x05,20,2,0,17,7.333,2.000,-5.333,-6,-5,220,220,22333,30499,30549,,8216,,50,,,,,,50
1649,17,99,5,0,0,0x05,20,3,0,17,7.667,3.000,-4.667,-5,-4,220,220,22333,30549,30599,,8266,,50,,,,,,50
1650,17,99,5,0,0,0x05,20,4,0,19,8.000,4.000,-4.000,-4,-4,220,220,22333,30599,30649,,8316,,50,,,,,,50
1651,17,99,5,0,0,0x05,20,5,0,19,8.333,5.000,-3.333,-4,-3,220,220,22333,30649,30699,,8366,,50,,,,,,50
1652,17,99,5,0,0,0x05,24,7,0,20,10.333,7.000,-3.333,-3,-3,220,220,22333,30699,30749,,8416,,50,,,,,,50
1653,17,99,5,0,0,0x05,20,8,0,20,9.333,8.000,-1.333,-3,-1,220,220,22333,30749,30799,,8466,,50,,,,,,50
1654,17,99,5,0,0,0x05,20,9,0,20,9.667,9.000,-0.667,-1,0,220,220,22333,30799,30849,,8516,,50,,,,,,50
1655,17,99,5,0,0,0x05,20,10,0,21,10.000,10.000,0.000,0,0,220,220,22333,30849,30899,,8566,,50,,,,,,50
1656,17,99,5,0,0,0x05,20,12,0,21,10.667,12.000,1.333,0,2,220,220,22333,30899,30949,,8616,,50,,,,,,50
1657,17,99,5,0,0,0x05,20,12,0,22,10.667,12.000,1.333,2,2,220,220,22333,30949,30999,,8666,,50,,,,,,50
1658,17,99,5,0,0,0x05,20,13,0,22,11.000,13.000,2.000,2,2,220,220,22333,30999,31049,,8716,,50,,,,,,50
1659,17,99,5,0,0,0x05,20,15,0,22,11.667,15.000,3.333,2,4,220,220,22333,31049,31099,,8766,,50,,,,,,50
1660,17,99,5,0,0,0x05,20,16,0,22,12.000,16.000,4.000,4,4,220,220,22333,31099,31149,,8816,,50,,,,,,50
1661,17,100,6,0,0,0x06,13,18,0,20,10.333,13.000,2.667,3,3,220,220,31417,39199,39249,,7832,,50,,,,,,50
1662,17,100,6,0,0,0x06,11,18,0,20,9.667,11.000,1.333,3,2,220,220,31417,39249,39299,,7882,,50,,,,,,50
1663,17,100,6,0,0,0x06,10,18,0,19,9.333,10.000,0.667,2,1,220,220,31417,39299,39349,,7932,,50,,,,,,50
1664,17,100,6,0,0,0x06,9,18,0,19,9.000,9.000,0.000,1,0,220,220,31417,39349,39399,,7982,,50,,,,,,50
1665,17,100,6,0,0,0x06,8,18,0,19,8.667,8.000,-0.667,0,0,220,220,31417,39399,39449,,8032,,50,,,,,,50
1666,17,100,6,0,0,0x06,7,18,0,18,8.333,7.000,-1.333,0,-1,220,220,31417,39449,39499,,8082,,50,,,,,,50
1667,17,100,6,0,0,0x06,5,18,0,18,7.667,5.000,-2.667,-1,-2,220,220,31417,39499,39549,,8132,,50,,,,,,50
1668,17,100,6,0,0,0x06,4,17,0,17,7.000,4.000,-3.000,-2,-3,220,220,31417,39549,39599,,8182,,50,,,,,,50
1669,17,100,6,0,0,0x06,3,17,0,17,6.667,3.000,-3.667,-3,-3,220,220,31417,39599,39649,,8232,,50,,,,,,50
1670,17,100,6,0,0,0x06,2,17,0,17,6.333,2.000,-4.333,-3,-4,220,220,31417,39649,39699,,8282,,50,,,,,,50
1671,17,100,6,0,0,0x06,5,17,0,16,7.333,5.000,-2.333,-4,-2,220,220,31417,39699,39749,,8332,,50,,,,,,50
1672,17,100,6,0,0,0x06,0,17,0,16,5.667,0.000,-5.667,-2,-5,220,220,31417,39749,39799,,8382,,50,,,,,,50
1673,17,100,6,0,0,0x06,0,17,0,15,5.667,0.000,-5.667,-5,-5,220,220,31417,39799,39849,,8432,,50,,,,,,50
1674,17,100,6,0,0,0x06,0,17,0,15,5.667,0.000,-5.667,-5,-5,220,220,31417,39849,39899,,8482,,50,,,,,,50
1675,17,100,6,0,0,0x06,0,17,0,14,5.667,0.000,-5.667,-5,-5,220,220,31417,39899,39949,,8532,,50,,,,,,50
1676,17,100,6,0,0,0x06,0,17,0,14,5.667,0.000,-5.667,-5,-5,220,220,31417,39949,39999,,8582,,50,,,,,,50
1677,17,100,6,0,0,0x06,0,17,0,13,5.667,0.000,-5.667,-5,-5,220,220,31417,39999,40049,,8632,,50,,,,,,50
1678,17,100,6,0,0,0x06,0,16,0,13,5.333,0.000,-5.333,-5,-5,220,220,31417,40049,40099,,8682,,50,,,,,,50
1679,17,100,6,0,0,0x06,0,17,0,13,5.667,0.000,-5.667,-5,-5,220,220,31417,40099,40149,,8732,,50,,,,,,50
1680,17,100,6,0,0,0x06,0,16,0,12,5.333,0.000,-5.333,-5,-5,220,220,31417,40149,40199,,8782,,50,,,,,,50
1681,17,101,1,0,0,0x01,0,18,0,10,6.000,0.000,-6.000,-6,-6,220,220,40483,47249,47299,,6816,,50,,,,,,50
1682,17,101,1,0,0,0x01,0,19,0,10,6.333,0.000,-6.333,-6,-6,220,220,40483,47299,47349,,6866,,50,,,,,,50
1683,17,101,1,0,0,0x01,0,19,0,10,6.333,0.000,-6.333,-6,-6,220,220,40483,47349,47399,,6916,,50,,,,,,50
1684,17,101,1,0,0,0x01,0,19,0,11,6.333,0.000,-6.333,-6,-6,220,220,40483,47399,47449,,6966,,50,,,,,,50
1685,17,101,1,0,0,0x01,0,19,0,12,6.333,0.000,-6.333,-6,-6,220,220,40483,47449,47499,,7016,,50,,,,,,50
1686,17,101,1,0,0,0x01,0,18,0,12,6.000,0.000,-6.000,-6,-6,220,220,40483,47499,47549,,7066,,50,,,,,,50
1687,17,101,1,0,0,0x01,0,19,0,13,6.333,0.000,-6.333,-6,-6,220,220,40483,47549,47599,,7116,,50,,,,,,50
1688,17,101,1,0,0,0x01,0,19,0,13,6.333,0.000,-6.333,-6,-6,220,220,40483,47599,47649,,7166,,50,,,,,,50
1689,17,101,1,0,0,0x01,0,19,0,13,6.333,0.000,-6.333,-6,-6,220,220,40483,47649,47699,,7216,,50,,,,,,50
1690,17,101,1,0,0,0x01,4,19,0,14,7.667,0.000,-7.667,-6,-7,220,220,40483,47699,47749,,7266,,50,,,,,,50
1691,17,101,1,0,0,0x01,0,19,0,14,6.333,0.000,-6.333,-7,-6,220,220,40483,47749,47799,,7316,,50,,,,,,50
1692,17,101,1,0,0,0x01,0,19,0,15,6.333,0.000,-6.333,-6,-6,220,220,40483,47799,47849,,7366,,50,,,,,,50
1693,17,101,1,0,0,0x01,0,19,0,15,6.333,0.000,-6.333,-6,-6,220,220,40483,47849,47899,,7416,,50,,,,,,50
1694,17,102,2,0,0,0x02,0,19,0,11,6.333,19.000,12.667,-5,-5,220,220,49318,49949,49999,,681,,50,,,,,,50
1695,18,103,1,0,0,0x01,0,18,0,16,6.000,0.000,-6.000,-6,-6,220,220,40483,47949,47999,,7516,,50,,,,,,50
1696,18,104,2,0,0,0x02,1,0,17,12,6.000,0.000,-6.000,-5,-5,220,220,49318,50049,50099,,781,,50,,,,,,50
1697,18,105,1,0,0,0x01,1,19,0,17,6.667,0.000,-6.667,-6,-6,220,220,40483,48049,48099,,7616,,50,,,,,,50
1698,18,106,2,0,0,0x02,0,0,17,13,5.667,0.000,-5.667,-6,-5,220,220,49318,50149,50199,,881,,50,,,,,,50
1699,18,106,2,0,0,0x02,0,0,17,14,5.667,0.000,-5.667,-5,-5,220,220,49318,50199,50249,,931,,50,,,,,,50
1700,18,106,2,0,0,0x02,0,0,17,14,5.667,0.000,-5.667,-5,-5,220,220,49318,50249,50299,,981,,50,,,,,,50
1701,18,106,2,0,0,0x02,2,52,21,35,25.000,52.000,27.000,28,27,220,220,49318,56299,56349,,7031,,50,,,,,,50
1702,18,106,2,0,0,0x02,2,50,21,35,24.333,50.000,25.667,27,26,220,220,49318,56349,56399,,7081,,50,,,,,,50
1703,18,106,2,0,0,0x02,2,49,20,34,23.667,49.000,25.333,26,26,220,220,49318,56399,56449,,7131,,50,,,,,,50
1704,18,106,2,0,0,0x02,2,47,20,34,23.000,47.000,24.000,26,24,220,220,49318,56449,56499,,7181,,50,,,,,,50
1705,18,106,2,0,0,0x02,2,46,20,33,22.667,46.000,23.333,24,24,220,220,49318,56499,56549,,7231,,50,,,,,,50
1706,18,106,2,0,0,0x02,2,45,20,32,22.333,45.000,22.667,24,23,220,220,49318,56549,56599,,7281,,50,,,,,,50
1707,18,106,2,0,0,0x02,2,44,20,32,22.000,44.000,22.000,23,22,220,220,49318,56599,56649,,7331,,50,,,,,,50
1708,18,106,2,0,0,0x02,2,42,20,32,21.333,42.000,20.667,22,21,220,220,49318,56649,56699,,7381,,50,,,,,,50
1709,18,106,2,0,0,0x02,6,41,20,32,22.333,41.000,18.667,21,19,220,220,49318,56699,56749,,7431,,50,,,,,,50
1710,18,106,2,0,0,0x02,2,39,20,31,20.333,39.000,18.667,19,19,220,220,49318,56749,56799,,7481,,50,,,,,,50
1711,18,106,2,0,0,0x02,2,38,19,31,19.667,38.000,18.333,19,19,220,220,49318,56799,56849,,7531,,50,,,,,,50
1712,18,106,2,0,0,0x02,2,37,19,30,19.333,37.000,17.667,19,18,220,220,49318,56849,56899,,7581,,50,,,,,,50
1713,18,106,2,0,0,0x02,2,36,19,29,19.000,36.000,17.000,18,17,220,220,49318,56899,56949,,7631,,50,,,,,,50
1714,18,106,2,0,0,0x02,2,34,19,29,18.333,34.000,15.667,17,16,220,220,49318,56949,56999,,7681,,50,,,,,,50
1715,18,106,2,0,0,0x02,2,33,19,28,18.000,33.000,15.000,16,15,220,220,49318,56999,57049,,7731,,50,,,,,,50
1716,18,106,2,0,0,0x02,2,32,19,28,17.667,32.000,14.333,15,15,220,220,49318,57049,57099,,7781,,50,,,,,,50
1717,18,106,2,0,0,0x02,2,31,19,27,17.333,31.000,13.667,15,14,220,220,49318,57099,57149,,7831,,50,,,,,,50
1718,18,106,2,0,0,0x02,2,29,19,27,16.667,29.000,12.333,14,13,220,220,49318,57149,57199,,7881,,50,,,,,,50
1719,18,106,2,0,0,0x02,2,28,19,26,16.333,28.000,11.667,13,12,220,220,49318,57199,57249,,7931,,50,,,,,,50
1720,18,106,2,0,0,0x02,2,27,18,26,15.667,27.000,11.333,12,12,220,220,49318,57249,57299,,7981,,50,,,,,,50
1721,18,107,3,0,0,0x03,0,0,17,14,5.667,0.000,-5.667,-5,-5,220,220,58132,65349,65399,,7267,,50,,,,,,50
1722,18,107,3,0,0,0x03,0,0,17,15,5.667,0.000,-5.667,-5,-5,220,220,58132,65399,65449,,7317,,50,,,,,,50
1723,18,107,3,0,0,0x03,0,0,17,15,5.667,0.000,-5.667,-5,-5,220,220,58132,65449,65499,,7367,,50,,,,,,50
1724,18,107,3,0,0,0x03,0,0,17,15,5.667,0.000,-5.667,-5,-5,220,220,58132,65499,13,,7417,,50,,,,,,50
1725,18,107,3,0,0,0x03,0,0,17,16,5.667,0.000,-5.667,-5,-5,220,220,58132,13,63,,7467,,50,,,,,,50
1726,18,107,3,0,0,0x03,0,0,17,16,5.667,0.000,-5.667,-5,-5,220,220,58132,63,113,,7517,,50,,,,,,50
1727,18,107,3,0,0,0x03,1,0,17,17,6.000,1.000,-5.000,-5,-5,220,220,58132,113,163,,7567,,50,,,,,,50
1728,18,107,3,0,0,0x03,6,0,17,18,7.667,6.000,-1.667,-5,-1,220,220,58132,163,213,,7617,,50,,,,,,50
1729,18,107,3,0,0,0x03,3,0,17,17,6.667,3.000,-3.667,-1,-3,220,220,58132,213,263,,7667,,50,,,,,,50
1730,18,107,3,0,0,0x03,4,0,17,18,7.000,4.000,-3.000,-3,-3,220,220,58132,263,313,,7717,,50,,,,,,50
1731,18,107,3,0,0,0x03,5,0,17,18,7.333,5.000,-2.333,-3,-2,220,220,58132,313,363,,7767,,50,,,,,,50
1732,18,107,3,0,0,0x03,6,0,17,18,7.667,6.000,-1.667,-2,-1,220,220,58132,363,413,,7817,,50,,,,,,50
1733,18,107,3,0,0,0x03,7,0,17,19,8.000,7.000,-1.000,-1,-1,220,220,58132,413,463,,7867,,50,,,,,,50
1734,18,107,3,0,0,0x03,8,0,17,19,8.333,8.000,-0.333,-1,0,220,220,58132,463,513,,7917,,50,,,,,,50
1735,18,107,3,0,0,0x03,9,0,17,19,8.667,9.000,0.333,0,1,220,220,58132,513,563,,7967,,50,,,,,,50
1736,18,107,3,0,0,0x03,10,0,17,20,9.000,10.000,1.000,1,1,220,220,58132,563,613,,8017,,50,,,,,,50
1737,18,107,3,0,0,0x03,11,0,17,21,9.333,11.000,1.667,1,2,220,220,58132,613,663,,8067,,50,,,,,,50
1738,18,107,3,0,0,0x03,12,0,17,20,9.667,12.000,2.333,2,3,220,220,58132,663,713,,8117,,50,,,,,,50
1739,18,107,3,0,0,0x03,13,1,18,21,10.667,13.000,2.333,3,3,220,220,58132,713,763,,8167,,50,,,,,,50
1740,18,107,3,0,0,0x03,13,1,18,21,10.667,13.000,2.333,3,3,220,220,58132,763,813,,8217,,50,,,,,,50
1741,18,108,4,0,0,0x04,20,0,6,19,8.667,6.000,-2.667,-2,-2,220,220,1410,8863,8913,,7503,,50,,,,,,50
1742,18,108,4,0,0,0x04,20,0,5,19,8.333,5.000,-3.333,-2,-3,220,220,1410,8913,8963,,7553,,50,,,,,,50
1743,18,108,4,0,0,0x04,20,0,3,18,7.667,3.000,-4.667,-3,-4,220,220,1410,8963,9013,,7603,,50,,,,,,50
1744,18,108,4,0,0,0x04,20,0,2,18,7.333,2.000,-5.333,-4,-5,220,220,1410,9013,9063,,7653,,50,,,,,,50
1745,18,108,4,0,0,0x04,20,0,1,17,7.000,1.000,-6.000,-5,-6,220,220,1410,9063,9113,,7703,,50,,,,,,50
1746,18,108,4,0,0,0x04,20,0,0,17,6.667,0.000,-6.667,-6,-6,220,220,1410,9113,9163,,7753,,50,,,,,,50
1747,18,108,4,0,0,0x04,24,0,0,17,8.000,0.000,-8.000,-6,-8,220,220,1410,9163,9213,,7803,,50,,,,,,50
1748,18,108,4,0,0,0x04,20,0,0,16,6.667,0.000,-6.667,-8,-6,220,220,1410,9213,9263,,7853,,50,,,,,,50
1749,18,108,4,0,0,0x04,19,0,0,16,6.333,0.000,-6.333,-6,-6,220,220,1410,9263,9313,,7903,,50,,,,,,50
1750,18,108,4,0,0,0x04,19,0,0,15,6.333,0.000,-6.333,-6,-6,220,220,1410,9313,9363,,7953,,50,,,,,,50
1751,18,108,4,0,0,0x04,20,0,0,14,6.667,0.000,-6.667,-6,-6,220,220,1410,9363,9413,,8003,,50,,,,,,50
1752,18,108,4,0,0,0x04,19,0,0,13,6.333,0.000,-6.333,-6,-6,220,220,1410,9413,9463,,8053,,50,,,,,,50
1753,18,108,4,0,0,0x04,19,0,0,14,6.333,0.000,-6.333,-6,-6,220,220,1410,9463,9513,,8103,,50,,,,,,50
1754,18,108,4,0,0,0x04,19,0,0,13,6.333,0.000,-6.333,-6,-6,220,220,1410,9513,9563,,8153,,50,,,,,,50
1755,18,108,4,0,0,0x04,19,0,0,13,6.333,0.000,-6.333,-6,-6,220,220,1410,9563,9613,,8203,,50,,,,,,50
1756,18,108,4,0,0,0x04,19,0,0,12,6.333,0.000,-6.333,-6,-6,220,220,1410,9613,9663,,8253,,50,,,,,,50
1757,18,108,4,0,0,0x04,19,0,0,12,6.333,0.000,-6.333,-6,-6,220,220,1410,9663,9713,,8303,,50,,,,,,50
1758,18,108,4,0,0,0x04,19,0,0,11,6.333,0.000,-6.333,-6,-6,220,220,1410,9713,9763,,8353,,50,,,,,,50
1759,18,108,4,0,0,0x04,19,0,0,10,6.333,0.000,-6.333,-6,-6,220,220,1410,9763,9813,,8403,,50,,,,,,50
1760,18,108,4,0,0,0x04,19,0,0,10,6.333,0.000,-6.333,-6,-6,220,220,1410,9813,9863,,8453,,50,,,,,,50
1761,19,109,5,0,0,0x05,19,0,0,9,6.333,0.000,-6.333,-6,-6,220,220,10243,17913,17963,,7720,,50,,,,,,50
1762,19,109,5,0,0,0x05,20,0,0,9,6.667,0.000,-6.667,-6,-6,220,220,10243,17963,18013,,7770,,50,,,,,,50
1763,19,109,5,0,0,0x05,19,0,0,10,6.333,0.000,-6.333,-6,-6,220,220,10243,18013,18063,,7820,,50,,,,,,50
1764,19,109,5,0,0,0x05,19,0,0,10,6.333,0.000,-6.333,-6,-6,220,220,10243,18063,18113,,7870,,50,,,,,,50
1765,19,109,5,0,0,0x05,19,0,0,10,6.333,0.000,-6.333,-6,-6,220,220,10243,18113,18163,,7920,,50,,,,,,50
1766,19,109,5,0,0,0x05,24,0,0,11,8.000,0.000,-8.000,-6,-8,220,220,10243,18163,18213,,7970,,50,,,,,,50
1767,19,109,5,0,0,0x05,19,0,0,11,6.333,0.000,-6.333,-8,-6,220,220,10243,18213,18263,,8020,,50,,,,,,50
1768,19,109,5,0,0,0x05,19,0,0,11,6.333,0.000,-6.333,-6,-6,220,220,10243,18263,18313,,8070,,50,,,,,,50
1769,19,109,5,0,0,0x05,20,0,0,12,6.667,0.000,-6.667,-6,-6,220,220,10243,18313,18363,,8120,,50,,,,,,50
1770,19,109,5,0,0,0x05,19,0,0,12,6.333,0.000,-6.333,-6,-6,220,220,10243,18363,18413,,8170,,50,,,,,,50
1771,19,109,5,0,0,0x05,20,0,0,13,6.667,0.000,-6.667,-6,-6,220,220,10243,18413,18463,,8220,,50,,,,,,50
1772,19,109,5,0,0,0x05,19,0,0,13,6.333,0.000,-6.333,-6,-6,220,220,10243,18463,18513,,8270,,50,,,,,,50
1773,19,109,5,0,0,0x05,19,0,0,14,6.333,0.000,-6.333,-6,-6,220,220,10243,18513,18563,,8320,,50,,,,,,50
1774,19,109,5,0,0,0x05,19,0,0,14,6.333,0.000,-6.333,-6,-6,220,220,10243,18563,18613,,8370,,50,,,,,,50
1775,19,109,5,0,0,0x05,19,0,0,15,6.333,0.000,-6.333,-6,-6,220,220,10243,18613,18663,,8420,,50,,,,,,50
1776,19,109,5,0,0,0x05,20,0,0,15,6.667,0.000,-6.667,-6,-6,220,220,10243,18663,18713,,8470,,50,,,,,,50
1777,19,109,5,0,0,0x05,19,0,0,16,6.333,0.000,-6.333,-6,-6,220,220,10243,18713,18763,,8520,,50,,,,,,50
1778,19,109,5,0,0,0x05,19,0,0,16,6.333,0.000,-6.333,-6,-6,220,220,10243,18763,18813,,8570,,50,,,,,,50
1779,19,109,5,0,0,0x05,19,0,0,16,6.333,0.000,-6.333,-6,-6,220,220,10243,18813,18863,,8620,,50,,,,,,50
1780,19,109,5,0,0,0x05,20,0,0,16,6.667,0.000,-6.667,-6,-6,220,220,10243,18863,18913,,8670,,50,,,,,,50
1781,19,110,6,0,0,0x06,22,19,0,24,13.667,22.000,8.333,9,9,220,220,19062,25913,25963,,6901,,50,,,,,,50
1782,19,110,6,0,0,0x06,22,19,0,24,13.667,22.000,8.333,9,9,220,220,19062,25963,26013,,6951,,50,,,,,,50
1783,19,110,6,0,0,0x06,21,19,0,23,13.333,21.000,7.667,9,8,220,220,19062,26013,26063,,7001,,50,,,,,,50
1784,19,110,6,0,0,0x06,20,19,0,23,13.000,20.000,7.000,8,7,220,220,19062,26063,26113,,7051,,50,,,,,,50
1785,19,110,6,0,0,0x06,19,19,0,23,12.667,19.000,6.333,7,7,220,220,19062,26113,26163,,7101,,50,,,,,,50
1786,19,110,6,0,0,0x06,22,19,0,23,13.667,22.000,8.333,7,9,220,220,19062,26163,26213,,7151,,50,,,,,,50
1787,19,110,6,0,0,0x06,17,19,0,22,12.000,17.000,5.000,9,5,220,220,19062,26213,26263,,7201,,50,,,,,,50
1788,19,110,6,0,0,0x06,16,19,0,22,11.667,16.000,4.333,5,5,220,220,19062,26263,26313,,7251,,50,,,,,,50
1789,19,110,6,0,0,0x06,15,18,0,21,11.000,15.000,4.000,5,4,220,220,19062,26313,26363,,7301,,50,,,,,,50
1790,19,110,6,0,0,0x06,14,19,0,21,11.000,14.000,3.000,4,3,220,220,19062,26363,26413,,7351,,50,,,,,,50
1791,19,110,6,0,0,0x06,13,18,0,21,10.333,13.000,2.667,3,3,220,220,19062,26413,26463,,7401,,50,,,,,,50
1792,19,110,6,0,0,0x06,12,19,0,20,10.333,12.000,1.667,3,2,220,220,19062,26463,26513,,7451,,50,,,,,,50
1793,19,110,6,0,0,0x06,11,19,0,20,10.000,11.000,1.000,2,1,220,220,19062,26513,26563,,7501,,50,,,,,,50
1794,19,110,6,0,0,0x06,11,18,0,19,9.667,11.000,1.333,1,2,220,220,19062,26563,26613,,7551,,50,,,,,,50
1795,19,110,6,0,0,0x06,9,18,0,19,9.000,9.000,0.000,2,0,220,220,19062,26613,26663,,7601,,50,,,,,,50
1796,19,110,6,0,0,0x06,8,18,0,19,8.667,8.000,-0.667,0,12,220,220,27895,28713,28763,,868,,50,,,,,,50
1797,19,110,6,0,0,0x06,8,18,0,18,8.667,8.000,-0.667,0,0,220,220,19062,26713,26763,,7701,,50,,,,,,50
1798,19,111,1,0,0,0x01,1,20,25,26,15.333,25.000,9.667,11,10,220,220,27895,28813,28863,,968,,50,,,,,,50
1799,19,112,6,0,0,0x06,5,18,0,18,7.667,5.000,-2.667,-1,-2,220,220,19062,26813,26863,,7801,,50,,,,,,50
1800,19,113,1,0,0,0x01,1,19,21,25,13.667,21.000,7.333,9,8,220,220,27895,28913,28963,,1068,,50,,,,,,50
1801,19,113,1,0,0,0x01,1,19,0,17,6.667,0.000,-6.667,-6,-6,220,220,27895,34963,35013,,7118,,50,,,,,,50
1802,19,113,1,0,0,0x01,1,19,1,18,7.000,1.000,-6.000,-6,-6,220,220,27895,35013,35063,,7168,,50,,,,,,50
1803,19,113,1,0,0,0x01,1,19,2,18,7.333,2.000,-5.333,-6,-5,220,220,27895,35063,35113,,7218,,50,,,,,,50
1804,19,113,1,0,0,0x01,1,19,4,19,8.000,4.000,-4.000,-5,-4,220,220,27895,35113,35163,,7268,,50,,,,,,50
1805,19,113,1,0,0,0x01,5,19,5,20,9.667,5.000,-4.667,-4,-4,220,220,27895,35163,35213,,7318,,50,,,,,,50
1806,19,113,1,0,0,0x01,1,19,7,20,9.000,7.000,-2.000,-4,-2,220,220,27895,35213,35263,,7368,,50,,,,,,50
1807,19,113,1,0,0,0x01,1,19,9,20,9.667,9.000,-0.667,-2,0,220,220,27895,35263,35313,,7418,,50,,,,,,50
1808,19,113,1,0,0,0x01,2,19,10,21,10.333,10.000,-0.333,0,0,220,220,27895,35313,35363,,7468,,50,,,,,,50
1809,19,113,1,0,0,0x01,1,19,11,21,10.333,11.000,0.667,0,1,220,220,27895,35363,35413,,7518,,50,,,,,,50
1810,19,113,1,0,0,0x01,2,19,13,22,11.333,13.000,1.667,1,2,220,220,27895,35413,35463,,7568,,50,,,,,,50
1811,19,113,1,0,0,0x01,2,19,15,22,12.000,15.000,3.000,2,3,220,220,27895,35463,35513,,7618,,50,,,,,,50
1812,19,113,1,0,0,0x01,2,19,16,23,12.333,16.000,3.667,3,4,220,220,27895,35513,35563,,7668,,50,,,,,,50
1813,19,113,1,0,0,0x01,2,19,18,23,13.000,18.000,5.000,4,5,220,220,27895,35563,35613,,7718,,50,,,,,,50
1814,19,113,1,0,0,0x01,2,19,19,24,13.333,19.000,5.667,5,6,220,220,27895,35613,35663,,7768,,50,,,,,,50
1815,19,113,1,0,0,0x01,2,19,21,25,14.000,21.000,7.000,6,7,220,220,27895,35663,35713,,7818,,50,,,,,,50
1816,19,113,1,0,0,0x01,3,19,22,25,14.667,22.000,7.333,7,8,220,220,27895,35713,35763,,7868,,50,,,,,,50
1817,19,113,1,0,0,0x01,2,19,24,26,15.000,24.000,9.000,8,9,220,220,27895,35763,35813,,7918,,50,,,,,,50
1818,19,113,1,0,0,0x01,2,20,25,26,15.667,25.000,9.333,9,10,220,220,27895,35813,35863,,7968,,50,,,,,,50
1819,19,113,1,0,0,0x01,3,20,27,27,16.667,27.000,10.333,10,11,220,220,27895,35863,35913,,8018,,50,,,,,,50
1820,19,113,1,0,0,0x01,3,20,29,27,17.333,29.000,11.667,11,12,220,220,27895,35913,35963,,8068,,50,,,,,,50
1821,19,114,2,0,0,0x02,3,50,20,35,24.333,50.000,25.667,27,26,220,220,36710,44013,44063,,7353,,50,,,,,,50
1822,19,114,2,0,0,0x02,2,49,21,34,24.000,49.000,25.000,26,25,220,220,36710,44063,44113,,7403,,50,,,,,,50
1823,19,114,2,0,0,0x02,2,47,20,34,23.000,47.000,24.000,25,24,220,220,36710,44113,44163,,7453,,50,,,,,,50
1824,19,114,2,0,0,0x02,7,46,20,34,24.333,46.000,21.667,24,22,220,220,36710,44163,44213,,7503,,50,,,,,,50
1825,19,114,2,0,0,0x02,2,45,20,33,22.333,45.000,22.667,22,23,220,220,36710,44213,44263,,7553,,50,,,,,,50
1826,19,114,2,0,0,0x02,3,43,20,32,22.000,43.000,21.000,23,21,220,220,36710,44263,44313,,7603,,50,,,,,,50
1827,19,114,2,0,0,0x02,2,42,20,32,21.333,42.000,20.667,21,21,220,220,36710,44313,44363,,7653,,50,,,,,,50
1828,19,114,2,0,0,0x02,2,41,20,31,21.000,41.000,20.000,21,20,220,220,36710,44363,44413,,7703,,50,,,,,,50
1829,19,114,2,0,0,0x02,3,40,20,31,21.000,40.000,19.000,20,19,220,220,36710,44413,44463,,7753,,50,,,,,,50
1830,19,114,2,0,0,0x02,2,38,20,31,20.000,38.000,18.000,19,18,220,220,36710,44463,44513,,7803,,50,,,,,,50
1831,19,114,2,0,0,0x02,2,37,20,30,19.667,37.000,17.333,18,18,220,220,36710,44513,44563,,7853,,50,,,,,,50
1832,19,114,2,0,0,0x02,2,36,19,30,19.000,36.000,17.000,18,17,220,220,36710,44563,44613,,7903,,50,,,,,,50
1833,19,114,2,0,0,0x02,2,35,19,29,18.667,35.000,16.333,17,17,220,220,36710,44613,44663,,7953,,50,,,,,,50
1834,19,114,2,0,0,0x02,2,33,19,29,18.000,33.000,15.000,17,15,220,220,36710,44663,44713,,8003,,50,,,,,,50
1835,19,114,2,0,0,0x02,2,32,19,28,17.667,32.000,14.333,15,15,220,220,36710,44713,44763,,8053,,50,,,,,,50
1836,19,114,2,0,0,0x02,2,31,19,28,17.333,31.000,13.667,15,14,220,220,36710,44763,44813,,8103,,50,,,,,,50
1837,19,114,2,0,0,0x02,2,30,19,27,17.000,30.000,13.000,14,13,220,220,36710,44813,44863,,8153,,50,,,,,,50
1838,19,114,2,0,0,0x02,2,29,19,27,16.667,29.000,12.333,13,13,220,220,36710,44863,44913,,8203,,50,,,,,,50
1839,19,114,2,0,0,0x02,2,28,19,26,16.333,28.000,11.667,13,12,220,220,36710,44913,44963,,8253,,50,,,,,,50
1840,19,114,2,0,0,0x02,2,26,18,26,15.333,26.000,10.667,12,11,220,220,36710,44963,45013,,8303,,50,,,,,,50
1841,20,115,3,0,0,0x03,4,0,17,18,7.000,4.000,-3.000,-3,-3,220,220,45542,53063,53113,,7571,,50,,,,,,50
1842,20,115,3,0,0,0x03,5,0,17,18,7.333,5.000,-2.333,-3,-2,220,220,45542,53113,53163,,7621,,50,,,,,,50
1843,20,115,3,0,0,0x03,11,0,17,19,9.333,11.000,1.667,-2,2,220,220,45542,53163,53213,,7671,,50,,,,,,50
1844,20,115,3,0,0,0x03,7,0,17,19,8.000,7.000,-1.000,2,-1,220,220,45542,53213,53263,,7721,,50,,,,,,50
1845,20,115,3,0,0,0x03,8,0,17,20,8.333,8.000,-0.333,-1,0,220,220,45542,53263,53313,,7771,,50,,,,,,50
1846,20,115,3,0,0,0x03,9,0,17,20,8.667,9.000,0.333,0,1,220,220,45542,53313,53363,,7821,,50,,,,,,50
1847,20,115,3,0,0,0x03,10,0,17,21,9.000,10.000,1.000,1,1,220,220,45542,53363,53413,,7871,,50,,,,,,50
1848,20,115,3,0,0,0x03,11,0,18,20,9.667,11.000,1.333,1,2,220,220,45542,53413,53463,,7921,,50,,,,,,50
1849,20,115,3,0,0,0x03,12,0,17,21,9.667,12.000,2.333,2,3,220,220,45542,53463,53513,,7971,,50,,,,,,50
1850,20,115,3,0,0,0x03,13,0,18,21,10.333,13.000,2.667,3,3,220,220,45542,53513,53563,,8021,,50,,,,,,50
1851,20,115,3,0,0,0x03,14,1,18,22,11.000,14.000,3.000,3,3,220,220,45542,53563,53613,,8071,,50,,,,,,50
1852,20,115,3,0,0,0x03,15,1,18,22,11.333,15.000,3.667,3,4,220,220,45542,53613,53663,,8121,,50,,,,,,50
1853,20,115,3,0,0,0x03,16,1,18,22,11.667,16.000,4.333,4,5,220,220,45542,53663,53713,,8171,,50,,,,,,50
1854,20,115,3,0,0,0x03,17,1,18,23,12.000,17.000,5.000,5,5,220,220,45542,53713,53763,,8221,,50,,,,,,50
1855,20,115,3,0,0,0x03,18,1,18,23,12.333,18.000,5.667,5,6,220,220,45542,53763,53813,,8271,,50,,,,,,50
1856,20,115,3,0,0,0x03,19,1,18,24,12.667,19.000,6.333,6,7,220,220,45542,53813,53863,,8321,,50,,,,,,50
1857,20,115,3,0,0,0x03,20,2,17,24,13.000,20.000,7.000,7,7,220,220,45542,53863,53913,,8371,,50,,,,,,50
1858,20,115,3,0,0,0x03,21,1,18,24,13.333,21.000,7.667,7,8,220,220,45542,53913,53963,,8421,,50,,,,,,50
1859,20,115,3,0,0,0x03,22,1,18,24,13.667,22.000,8.333,8,9,220,220,45542,53963,54013,,8471,,50,,,,,,50
1860,20,115,3,0,0,0x03,23,2,18,25,14.333,23.000,8.667,9,9,220,220,45542,54013,54063,,8521,,50,,,,,,50
1861,20,116,4,0,0,0x04,19,0,3,18,7.333,3.000,-4.333,-4,-4,220,220,54357,62113,62163,,7806,,50,,,,,,50
1862,20,116,4,0,0,0x04,24,0,2,18,8.667,2.000,-6.667,-4,-6,220,220,54357,62163,62213,,7856,,50,,,,,,50
1863,20,116,4,0,0,0x04,20,0,0,17,6.667,0.000,-6.667,-6,-6,220,220,54357,62213,62263,,7906,,50,,,,,,50
1864,20,116,4,0,0,0x04,19,0,0,16,6.333,0.000,-6.333,-6,-6,220,220,54357,62263,62313,,7956,,50,,,,,,50
1865,20,116,4,0,0,0x04,20,0,0,16,6.667,0.000,-6.667,-6,-6,220,220,54357,62313,62363,,8006,,50,,,,,,50
1866,20,116,4,0,0,0x04,19,0,0,15,6.333,0.000,-6.333,-6,-6,220,220,54357,62363,62413,,8056,,50,,,,,,50
1867,20,116,4,0,0,0x04,19,0,0,15,6.333,0.000,-6.333,-6,-6,220,220,54357,62413,62463,,8106,,50,,,,,,50
1868,20,116,4,0,0,0x04,19,0,0,14,6.333,0.000,-6.333,-6,-6,220,220,54357,62463,62513,,8156,,50,,,,,,50
1869,20,116,4,0,0,0x04,19,0,0,14,6.333,0.000,-6.333,-6,-6,220,220,54357,62513,62563,,8206,,50,,,,,,50
1870,20,116,4,0,0,0x04,19,0,0,14,6.333,0.000,-6.333,-6,-6,220,220,54357,62563,62613,,8256,,50,,,,,,50
1871,20,116,4,0,0,0x04,19,0,0,13,6.333,0.000,-6.333,-6,-6,220,220,54357,62613,62663,,8306,,50,,,,,,50
1872,20,116,4,0,0,0x04,19,0,0,13,6.333,0.000,-6.333,-6,-6,220,220,54357,62663,62713,,8356,,50,,,,,,50
1873,20,116,4,0,0,0x04,19,0,0,12,6.333,0.000,-6.333,-6,-6,220,220,54357,62713,62763,,8406,,50,,,,,,50
1874,20,116,4,0,0,0x04,19,0,0,12,6.333,0.000,-6.333,-6,-6,220,220,54357,62763,62813,,8456,,50,,,,,,50
1875,20,116,4,0,0,0x04,19,0,0,12,6.333,0.000,-6.333,-6,-6,220,220,54357,62813,62863,,8506,,50,,,,,,50
1876,20,116,4,0,0,0x04,19,0,0,11,6.333,0.000,-6.333,-6,-6,220,220,54357,62863,62913,,8556,,50,,,,,,50
1877,20,116,4,0,0,0x04,19,0,0,11,6.333,0.000,-6.333,-6,-6,220,220,54357,62913,62963,,8606,,50,,,,,,50
1878,20,116,4,0,0,0x04,19,0,0,11,6.333,0.000,-6.333,-6,-6,220,220,54357,62963,63013,,8656,,50,,,,,,50
1879,20,116,4,0,0,0x04,18,0,0,10,6.000,0.000,-6.000,-6,-6,220,220,54357,63013,63063,,8706,,50,,,,,,50
1880,20,117,5,0,0,0x05,18,0,0,10,6.000,0.000,-6.000,-6,-6,220,220,54357,63063,63113,,8756,,50,,,,,,50
1881,20,117,5,0,0,0x05,23,0,0,7,7.667,0.000,-7.667,-6,-7,220,220,63194,4627,4677,,7019,,50,,,,,,50
1882,20,117,5,0,0,0x05,19,0,0,7,6.333,0.000,-6.333,-7,-6,220,220,63194,4677,4727,,7069,,50,,,,,,50
1883,20,117,5,0,0,0x05,19,0,0,8,6.333,0.000,-6.333,-6,-6,220,220,63194,4727,4777,,7119,,50,,,,,,50
1884,20,117,5,0,0,0x05,19,0,0,8,6.333,0.000,-6.333,-6,-6,220,220,63194,4777,4827,,7169,,50,,,,,,50
1885,20,117,5,0,0,0x05,19,0,0,9,6.333,0.000,-6.333,-6,-6,220,220,63194,4827,4877,,7219,,50,,,,,,50
1886,20,117,5,0,0,0x05,19,0,0,9,6.333,0.000,-6.333,-6,-6,220,220,63194,4877,4927,,7269,,50,,,,,,50
1887,20,117,5,0,0,0x05,20,0,0,10,6.667,0.000,-6.667,-6,-6,220,220,63194,4927,4977,,7319,,50,,,,,,50
1888,20,117,5,0,0,0x05,19,0,0,10,6.333,0.000,-6.333,-6,-6,220,220,63194,4977,5027,,7369,,50,,,,,,50
1889,20,117,5,0,0,0x05,19,0,0,11,6.333,0.000,-6.333,-6,-6,220,220,63194,5027,5077,,7419,,50,,,,,,50
1890,20,117,5,0,0,0x05,19,0,0,11,6.333,0.000,-6.333,-6,-6,220,220,63194,5077,5127,,7469,,50,,,,,,50
1891,20,117,5,0,0,0x05,19,0,0,11,6.333,0.000,-6.333,-6,-6,220,220,63194,5127,5177,,7519,,50,,,,,,50
1892,20,117,5,0,0,0x05,20,0,0,12,6.667,0.000,-6.667,-6,-6,220,220,63194,5177,5227,,7569,,50,,,,,,50
1893,20,117,5,0,0,0x05,19,0,0,12,6.333,0.000,-6.333,-6,-6,220,220,63194,5227,5277,,7619,,50,,,,,,50
1894,20,117,5,0,0,0x05,19,0,0,13,6.333,0.000,-6.333,-6,-6,220,220,63194,5277,5327,,7669,,50,,,,,,50
1895,20,117,5,0,0,0x05,20,0,0,13,6.667,0.000,-6.667,-6,-6,220,220,63194,5327,5377,,7719,,50,,,,,,50
1896,20,117,5,0,0,0x05,20,0,0,14,6.667,0.000,-6.667,-6,-6,220,220,63194,5377,5427,,7769,,50,,,,,,50
1897,20,117,5,0,0,0x05,20,0,0,14,6.667,0.000,-6.667,-6,-6,220,220,63194,5427,5477,,7819,,50,,,,,,50
1898,20,117,5,0,0,0x05,20,0,0,15,6.667,0.000,-6.667,-6,-6,220,220,63194,5477,5527,,7869,,50,,,,,,50
1899,20,117,5,0,0,0x05,20,0,0,15,6.667,0.000,-6.667,-6,-6,220,220,63194,5527,5577,,7919,,50,,,,,,50
1900,20,117,5,0,0,0x05,20,0,0,15,6.667,0.000,-6.667,-6,-6,220,220,63194,5577,5627,,7969,,50,,,,,,50
1901,20,118,6,0,0,0x06,35,21,0,28,18.667,35.000,16.333,19,17,220,220,6473,13677,13727,,7254,,50,,,,,,50
1902,20,118,6,0,0,0x06,34,20,0,28,18.000,34.000,16.000,17,16,220,220,6473,13727,13777,,7304,,50,,,,,,50
1903,20,118,6,0,0,0x06,32,20,0,28,17.333,32.000,14.667,16,15,220,220,6473,13777,13827,,7354,,50,,,,,,50
1904,20,118,6,0,0,0x06,31,20,0,27,17.000,31.000,14.000,15,14,220,220,6473,13827,13877,,7404,,50,,,,,,50
1905,20,118,6,0,0,0x06,30,20,0,27,16.667,30.000,13.333,14,14,220,220,6473,13877,13927,,7454,,50,,,,,,50
1906,20,118,6,0,0,0x06,29,20,0,26,16.333,29.000,12.667,14,13,220,220,6473,13927,13977,,7504,,50,,,,,,50
1907,20,118,6,0,0,0x06,28,20,0,26,16.000,28.000,12.000,13,12,220,220,6473,13977,14027,,7554,,50,,,,,,50
1908,20,118,6,0,0,0x06,27,19,0,25,15.333,27.000,11.667,12,12,220,220,6473,14027,14077,,7604,,50,,,,,,50
1909,20,118,6,0,0,0x06,26,20,0,25,15.333,26.000,10.667,12,11,220,220,6473,14077,14127,,7654,,50,,,,,,50
1910,20,118,6,0,0,0x06,25,19,0,25,14.667,25.000,10.333,11,11,220,220,6473,14127,14177,,7704,,50,,,,,,50
1911,20,118,6,0,0,0x06,24,20,0,24,14.667,24.000,9.333,11,10,220,220,6473,14177,14227,,7754,,50,,,,,,50
1912,20,118,6,0,0,0x06,23,19,0,24,14.000,23.000,9.000,10,9,220,220,6473,14227,14277,,7804,,50,,,,,,50
1913,20,118,6,0,0,0x06,22,19,0,24,13.667,22.000,8.333,9,9,220,220,6473,14277,14327,,7854,,50,,,,,,50
1914,20,118,6,0,0,0x06,21,19,0,23,13.333,21.000,7.667,9,8,220,220,6473,14327,14377,,7904,,50,,,,,,50
1915,20,118,6,0,0,0x06,20,19,0,23,13.000,20.000,7.000,8,7,220,220,6473,14377,14427,,7954,,50,,,,,,50
1916,20,118,6,0,0,0x06,19,19,0,22,12.667,19.000,6.333,7,7,220,220,6473,14427,14477,,8004,,50,,,,,,50
1917,20,118,6,0,0,0x06,18,18,0,22,12.000,18.000,6.000,7,6,220,220,6473,14477,14527,,8054,,50,,,,,,50
1918,20,118,6,0,0,0x06,17,18,0,22,11.667,17.000,5.333,6,6,220,220,6473,14527,14577,,8104,,50,,,,,,50
1919,20,118,6,0,0,0x06,16,18,0,22,11.333,16.000,4.667,6,5,220,220,6473,14577,14627,,8154,,50,,,,,,50
1920,20,118,6,0,0,0x06,19,18,0,22,12.333,19.000,6.667,5,7,220,220,6473,14627,14677,,8204,,50,,,,,,50
1921,20,119,1,0,0,0x01,1,19,14,23,11.333,14.000,2.667,2,3,220,220,15307,22727,22777,,7470,,50,,,,,,50
1922,20,119,1,0,0,0x01,2,19,15,23,12.000,15.000,3.000,3,3,220,220,15307,22777,22827,,7520,,50,,,,,,50
1923,20,119,1,0,0,0x01,2,19,16,23,12.333,16.000,3.667,3,4,220,220,15307,22827,22877,,7570,,50,,,,,,50
1924,20,119,1,0,0,0x01,2,19,17,23,12.667,17.000,4.333,4,5,220,220,15307,22877,22927,,7620,,50,,,,,,50
1925,20,119,1,0,0,0x01,2,19,19,24,13.333,19.000,5.667,5,6,220,220,15307,22927,22977,,7670,,50,,,,,,50
1926,20,119,1,0,0,0x01,2,19,20,24,13.667,20.000,6.333,6,7,220,220,15307,22977,23027,,7720,,50,,,,,,50
1927,20,119,1,0,0,0x01,2,20,20,25,14.000,20.000,6.000,7,6,220,220,15307,23027,23077,,7770,,50,,,,,,50
1928,20,119,1,0,0,0x01,2,19,22,25,14.333,22.000,7.667,6,8,220,220,15307,23077,23127,,7820,,50,,,,,,50
1929,20,119,1,0,0,0x01,2,20,23,26,15.000,23.000,8.000,8,8,220,220,15307,23127,23177,,7870,,50,,,,,,50
1930,20,119,1,0,0,0x01,2,20,24,26,15.333,24.000,8.667,8,9,220,220,15307,23177,23227,,7920,,50,,,,,,50
1931,20,119,1,0,0,0x01,2,20,25,26,15.667,25.000,9.333,9,10,220,220,15307,23227,23277,,7970,,50,,,,,,50
1932,20,119,1,0,0,0x01,2,20,26,27,16.000,26.000,10.000,10,10,220,220,15307,23277,23327,,8020,,50,,,,,,50
1933,20,119,1,0,0,0x01,2,20,28,27,16.667,28.000,11.333,10,12,220,220,15307,23327,23377,,8070,,50,,,,,,50
1934,20,119,1,0,0,0x01,2,20,28,27,16.667,28.000,11.333,12,12,220,220,15307,23377,23427,,8120,,50,,,,,,50
1935,20,119,1,0,0,0x01,2,19,30,28,17.000,30.000,13.000,12,13,220,220,15307,23427,23477,,8170,,50,,,,,,50
1936,20,119,1,0,0,0x01,3,20,31,28,18.000,31.000,13.000,13,13,220,220,15307,23477,23527,,8220,,50,,,,,,50
1937,20,119,1,0,0,0x01,3,20,32,29,18.333,32.000,13.667,13,14,220,220,15307,23527,23577,,8270,,50,,,,,,50
1938,20,119,1,0,0,0x01,2,20,32,29,18.000,32.000,14.000,14,14,220,220,15307,23577,23627,,8320,,50,,,,,,50
1939,20,119,1,0,0,0x01,7,20,33,30,20.000,33.000,13.000,14,13,220,220,15307,23627,23677,,8370,,50,,,,,,50
1940,20,119,1,0,0,0x01,3,20,34,30,19.000,34.000,15.000,13,15,220,220,15307,23677,23727,,8420,,50,,,,,,50
1941,20,120,2,0,0,0x02,2,29,19,27,16.667,29.000,12.333,13,13,220,220,24122,31777,31827,,7705,,50,,,,,,50
1942,20,120,2,0,0,0x02,2,27,18,26,15.667,27.000,11.333,13,12,220,220,24122,31827,31877,,7755,,50,,,,,,50
1943,20,120,2,0,0,0x02,2,26,18,26,15.333,26.000,10.667,12,11,220,220,24122,31877,31927,,7805,,50,,,,,,50
1944,20,120,2,0,0,0x02,2,25,18,25,15.000,25.000,10.000,11,10,220,220,24122,31927,31977,,7855,,50,,,,,,50
1945,20,120,2,0,0,0x02,2,24,18,25,14.667,24.000,9.333,10,10,220,220,24122,31977,32027,,7905,,50,,,,,,50
1946,20,120,2,0,0,0x02,2,22,18,24,14.000,22.000,8.000,10,8,220,220,24122,32027,32077,,7955,,50,,,,,,50
1947,20,120,2,0,0,0x02,2,20,18,24,13.333,20.000,6.667,8,7,220,220,24122,32077,32127,,8005,,50,,,,,,50
1948,20,120,2,0,0,0x02,2,19,18,23,13.000,19.000,6.000,7,6,220,220,24122,32127,32177,,8055,,50,,,,,,50
1949,20,120,2,0,0,0x02,2,18,18,23,12.667,18.000,5.333,6,6,220,220,24122,32177,32227,,8105,,50,,,,,,50
1950,20,120,2,0,0,0x02,1,16,18,22,11.667,16.000,4.333,6,5,220,220,24122,32227,32277,,8155,,50,,,,,,50
1951,20,120,2,0,0,0x02,2,15,17,22,11.333,15.000,3.667,5,4,220,220,24122,32277,32327,,8205,,50,,,,,,50
1952,20,120,2,0,0,0x02,2,13,17,22,10.667,13.000,2.333,4,3,220,220,24122,32327,32377,,8255,,50,,,,,,50
1953,20,120,2,0,0,0x02,2,12,17,21,10.333,12.000,1.667,3,2,220,220,24122,32377,32427,,8305,,50,,,,,,50
1954,20,120,2,0,0,0x02,2,11,17,20,10.000,11.000,1.000,2,1,220,220,24122,32427,32477,,8355,,50,,,,,,50
1955,20,120,2,0,0,0x02,2,10,17,20,9.667,10.000,0.333,1,1,220,220,24122,32477,32527,,8405,,50,,,,,,50
1956,20,120,2,0,0,0x02,2,8,17,19,9.000,8.000,-1.000,1,-1,220,220,24122,32527,32577,,8455,,50,,,,,,50
1957,20,120,2,0,0,0x02,2,7,17,19,8.667,7.000,-1.667,-1,-1,220,220,24122,32577,32627,,8505,,50,,,,,,50
1958,20,120,2,0,0,0x02,6,5,17,19,9.333,5.000,-4.333,-1,-4,220,220,24122,32627,32677,,8555,,50,,,,,,50
1959,20,120,2,0,0,0x02,1,4,16,18,7.000,4.000,-3.000,-4,-3,220,220,24122,32677,32727,,8605,,50,,,,,,50
1960,20,120,2,0,0,0x02,1,3,16,17,6.667,3.000,-3.667,-3,-3,220,220,24122,32727,32777,,8655,,50,,,,,,50
1961,21,121,3,0,0,0x03,0,0,17,10,5.667,0.000,-5.667,-5,-5,220,220,32955,39827,39877,,6922,,50,,,,,,50
1962,21,121,3,0,0,0x03,0,0,17,10,5.667,0.000,-5.667,-5,-5,220,220,32955,39877,39927,,6972,,50,,,,,,50
1963,21,121,3,0,0,0x03,0,0,17,11,5.667,0.000,-5.667,-5,-5,220,220,32955,39927,39977,,7022,,50,,,,,,50
1964,21,121,3,0,0,0x03,0,0,17,11,5.667,0.000,-5.667,-5,-5,220,220,32955,39977,40027,,7072,,50,,,,,,50
1965,21,121,3,0,0,0x03,0,0,17,11,5.667,0.000,-5.667,-5,-5,220,220,32955,40027,40077,,7122,,50,,,,,,50
1966,21,121,3,0,0,0x03,0,0,17,12,5.667,0.000,-5.667,-5,-5,220,220,32955,40077,40127,,7172,,50,,,,,,50
1967,21,121,3,0,0,0x03,0,0,17,12,5.667,0.000,-5.667,-5,-5,220,220,32955,40127,40177,,7222,,50,,,,,,50
1968,21,121,3,0,0,0x03,0,0,17,12,5.667,0.000,-5.667,-5,-5,220,220,32955,40177,40227,,7272,,50,,,,,,50
1969,21,121,3,0,0,0x03,0,0,17,13,5.667,0.000,-5.667,-5,-5,220,220,32955,40227,40277,,7322,,50,,,,,,50
1970,21,121,3,0,0,0x03,0,0,17,13,5.667,0.000,-5.667,-5,-5,220,220,32955,40277,40327,,7372,,50,,,,,,50
1971,21,121,3,0,0,0x03,0,0,17,13,5.667,0.000,-5.667,-5,-5,220,220,32955,40327,40377,,7422,,50,,,,,,50
1972,21,121,3,0,0,0x03,0,0,17,14,5.667,0.000,-5.667,-5,-5,220,220,32955,40377,40427,,7472,,50,,,,,,50
1973,21,121,3,0,0,0x03,0,0,17,14,5.667,0.000,-5.667,-5,-5,220,220,32955,40427,40477,,7522,,50,,,,,,50
1974,21,121,3,0,0,0x03,0,0,17,14,5.667,0.000,-5.667,-5,-5,220,220,32955,40477,40527,,7572,,50,,,,,,50
1975,21,121,3,0,0,0x03,0,0,17,15,5.667,0.000,-5.667,-5,-5,220,220,32955,40527,40577,,7622,,50,,,,,,50
1976,21,121,3,0,0,0x03,0,0,17,15,5.667,0.000,-5.667,-5,-5,220,220,41769,42627,42677,,908,,50,,,,,,50
1977,21,121,3,0,0,0x03,2,0,17,16,6.333,2.000,-4.333,-5,-4,220,220,32955,40627,40677,,7722,,50,,,,,,50
1978,21,122,4,0,0,0x04,20,0,0,17,6.667,0.000,-6.667,-7,-6,220,220,41769,42727,42777,,1008,,50,,,,,,50
1979,21,123,3,0,0,0x03,0,0,17,16,5.667,0.000,-5.667,-5,-5,220,220,32955,40727,40777,,7822,,50,,,,,,50
1980,21,124,4,0,0,0x04,20,0,1,17,7.000,1.000,-6.000,-7,-6,220,220,41769,42827,42877,,1108,,50,,,,,,50
1981,21,124,4,0,0,0x04,21,0,15,23,12.000,15.000,3.000,5,3,220,220,41769,48877,48927,,7158,,50,,,,,,50
1982,21,124,4,0,0,0x04,21,0,14,22,11.667,14.000,2.333,3,3,220,220,41769,48927,48977,,7208,,50,,,,,,50
1983,21,124,4,0,0,0x04,21,0,12,21,11.000,12.000,1.000,3,1,220,220,41769,48977,49027,,7258,,50,,,,,,50
1984,21,124,4,0,0,0x04,20,0,11,21,10.333,11.000,0.667,1,1,220,220,41769,49027,49077,,7308,,50,,,,,,50
1985,21,124,4,0,0,0x04,20,0,10,21,10.000,10.000,0.000,1,0,220,220,41769,49077,49127,,7358,,50,,,,,,50
1986,21,124,4,0,0,0x04,20,0,9,20,9.667,9.000,-0.667,0,0,220,220,41769,49127,49177,,7408,,50,,,,,,50
1987,21,124,4,0,0,0x04,21,0,7,20,9.333,7.000,-2.333,0,-2,220,220,41769,49177,49227,,7458,,50,,,,,,50
1988,21,124,4,0,0,0x04,20,0,6,19,8.667,6.000,-2.667,-2,-2,220,220,41769,49227,49277,,7508,,50,,,,,,50
1989,21,124,4,0,0,0x04,20,0,5,18,8.333,5.000,-3.333,-2,-3,220,220,41769,49277,49327,,7558,,50,,,,,,50
1990,21,124,4,0,0,0x04,20,0,3,18,7.667,3.000,-4.667,-3,-4,220,220,41769,49327,49377,,7608,,50,,,,,,50
1991,21,124,4,0,0,0x04,20,0,2,18,7.333,2.000,-5.333,-4,-5,220,220,41769,49377,49427,,7658,,50,,,,,,50
1992,21,124,4,0,0,0x04,20,0,1,17,7.000,1.000,-6.000,-5,-6,220,220,41769,49427,49477,,7708,,50,,,,,,50
1993,21,124,4,0,0,0x04,20,0,0,17,6.667,0.000,-6.667,-6,-6,220,220,41769,49477,49527,,7758,,50,,,,,,50
1994,21,124,4,0,0,0x04,20,0,0,16,6.667,0.000,-6.667,-6,-6,220,220,41769,49527,49577,,7808,,50,,,,,,50
1995,21,124,4,0,0,0x04,19,0,0,16,6.333,0.000,-6.333,-6,-6,220,220,41769,49577,49627,,7858,,50,,,,,,50
1996,21,124,4,0,0,0x04,24,0,0,16,8.000,0.000,-8.000,-6,-8,220,220,41769,49627,49677,,7908,,50,,,,,,50
1997,21,124,4,0,0,0x04,19,0,0,14,6.333,0.000,-6.333,-8,-6,220,220,41769,49677,49727,,7958,,50,,,,,,50
1998,21,124,4,0,0,0x04,19,0,0,14,6.333,0.000,-6.333,-6,-6,220,220,41769,49727,49777,,8008,,50,,,,,,50
1999,21,124,4,0,0,0x04,19,0,0,14,6.333,0.000,-6.333,-6,-6,220,220,41769,49777,49827,,8058,,50,,,,,,50
2000,21,124,4,0,0,0x04,19,0,0,13,6.333,0.000,-6.333,-6,-6,220,220,41769,49827,49877,,8108,,50,,,,,,50
2001,21,125,5,0,0,0x05,19,0,0,9,6.333,0.000,-6.333,-6,-6,220,220,50604,57927,57977,,7373,,50,,,,,,50
2002,21,125,5,0,0,0x05,19,0,0,10,6.333,0.000,-6.333,-6,-6,220,220,50604,57977,58027,,7423,,50,,,,,,50
2003,21,125,5,0,0,0x05,19,0,0,10,6.333,0.000,-6.333,-6,-6,220,220,50604,58027,58077,,7473,,50,,,,,,50
2004,21,125,5,0,0,0x05,19,0,0,10,6.333,0.000,-6.333,-6,-6,220,220,50604,58077,58127,,7523,,50,,,,,,50
2005,21,125,5,0,0,0x05,19,0,0,11,6.333,0.000,-6.333,-6,-6,220,220,50604,58127,58177,,7573,,50,,,,,,50
2006,21,125,5,0,0,0x05,20,0,0,12,6.667,0.000,-6.667,-6,-6,220,220,50604,58177,58227,,7623,,50,,,,,,50
2007,21,125,5,0,0,0x05,19,0,0,12,6.333,0.000,-6.333,-6,-6,220,220,50604,58227,58277,,7673,,50,,,,,,50
2008,21,125,5,0,0,0x05,19,0,0,13,6.333,0.000,-6.333,-6,-6,220,220,50604,58277,58327,,7723,,50,,,,,,50
2009,21,125,5,0,0,0x05,19,0,0,13,6.333,0.000,-6.333,-6,-6,220,220,50604,58327,58377,,7773,,50,,,,,,50
2010,21,125,5,0,0,0x05,19,0,0,13,6.333,0.000,-6.333,-6,-6,220,220,50604,58377,58427,,7823,,50,,,,,,50
2011,21,125,5,0,0,0x05,19,0,0,14,6.333,0.000,-6.333,-6,-6,220,220,50604,58427,58477,,7873,,50,,,,,,50
2012,21,125,5,0,0,0x05,20,0,0,15,6.667,0.000,-6.667,-6,-6,220,220,50604,58477,58527,,7923,,50,,,,,,50
2013,21,125,5,0,0,0x05,20,0,0,15,6.667,0.000,-6.667,-6,-6,220,220,50604,58527,58577,,7973,,50,,,,,,50
2014,21,125,5,0,0,0x05,20,0,0,16,6.667,0.000,-6.667,-6,-6,220,220,50604,58577,58627,,8023,,50,,,,,,50
2015,21,125,5,0,0,0x05,24,0,0,16,8.000,0.000,-8.000,-6,-8,220,220,50604,58627,58677,,8073,,50,,,,,,50
2016,21,125,5,0,0,0x05,20,0,0,16,6.667,0.000,-6.667,-8,-6,220,220,50604,58677,58727,,8123,,50,,,,,,50
2017,21,125,5,0,0,0x05,20,0,0,17,6.667,0.000,-6.667,-6,-6,220,220,50604,58727,58777,,8173,,50,,,,,,50
2018,21,125,5,0,0,0x05,19,1,0,17,6.667,1.000,-5.667,-6,-5,220,220,50604,58777,58827,,8223,,50,,,,,,50
2019,21,125,5,0,0,0x05,20,2,0,17,7.333,2.000,-5.333,-5,-5,220,220,50604,58827,58877,,8273,,50,,,,,,50
2020,21,125,5,0,0,0x05,20,4,0,18,8.000,4.000,-4.000,-5,-4,220,220,50604,58877,58927,,8323,,50,,,,,,50
2021,21,126,6,0,0,0x06,17,19,0,22,12.000,17.000,5.000,7,5,220,220,59418,1441,1491,,7609,,50,,,,,,50
2022,21,126,6,0,0,0x06,16,19,0,22,11.667,16.000,4.333,5,5,220,220,59418,1491,1541,,7659,,50,,,,,,50
2023,21,126,6,0,0,0x06,16,19,0,22,11.667,16.000,4.333,5,5,220,220,59418,1541,1591,,7709,,50,,,,,,50
2024,21,126,6,0,0,0x06,14,19,0,21,11.000,14.000,3.000,5,3,220,220,59418,1591,1641,,7759,,50,,,,,,50
2025,21,126,6,0,0,0x06,13,19,0,20,10.667,13.000,2.333,3,3,220,220,59418,1641,1691,,7809,,50,,,,,,50
2026,21,126,6,0,0,0x06,12,18,0,20,10.000,12.000,2.000,3,2,220,220,59418,1691,1741,,7859,,50,,,,,,50
2027,21,126,6,0,0,0x06,12,18,0,20,10.000,12.000,2.000,2,2,220,220,59418,1741,1791,,7909,,50,,,,,,50
2028,21,126,6,0,0,0x06,11,18,0,20,9.667,11.000,1.333,2,2,220,220,59418,1791,1841,,7959,,50,,,,,,50
2029,21,126,6,0,0,0x06,9,18,0,19,9.000,9.000,0.000,2,0,220,220,59418,1841,1891,,8009,,50,,,,,,50
2030,21,126,6,0,0,0x06,8,18,0,19,8.667,8.000,-0.667,0,0,220,220,59418,1891,1941,,8059,,50,,,,,,50
2031,21,126,6,0,0,0x06,8,18,0,19,8.667,8.000,-0.667,0,0,220,220,59418,1941,1991,,8109,,50,,,,,,50
2032,21,126,6,0,0,0x06,6,18,0,18,8.000,6.000,-2.000,0,-2,220,220,59418,1991,2041,,8159,,50,,,,,,50
2033,21,126,6,0,0,0x06,5,18,0,18,7.667,5.000,-2.667,-2,-2,220,220,59418,2041,2091,,8209,,50,,,,,,50
2034,21,126,6,0,0,0x06,9,18,0,18,9.000,9.000,0.000,-2,0,220,220,59418,2091,2141,,8259,,50,,,,,,50
2035,21,126,6,0,0,0x06,4,18,0,17,7.333,4.000,-3.333,0,-3,220,220,59418,2141,2191,,8309,,50,,,,,,50
2036,21,126,6,0,0,0x06,2,18,0,16,6.667,2.000,-4.667,-3,-4,220,220,59418,2191,2241,,8359,,50,,,,,,50
2037,21,126,6,0,0,0x06,2,18,0,17,6.667,2.000,-4.667,-4,-4,220,220,59418,2241,2291,,8409,,50,,,,,,50
2038,21,126,6,0,0,0x06,1,17,0,16,6.000,1.000,-5.000,-4,-5,220,220,59418,2291,2341,,8459,,50,,,,,,50
2039,21,126,6,0,0,0x06,0,17,0,16,5.667,0.000,-5.667,-5,-5,220,220,59418,2341,2391,,8509,,50,,,,,,50
2040,21,126,6,0,0,0x06,0,17,0,15,5.667,0.000,-5.667,-5,-5,220,220,59418,2391,2441,,8559,,50,,,,,,50
2041,22,127,1,0,0,0x01,0,19,0,10,6.333,0.000,-6.333,-6,-6,220,220,2716,9491,9541,,6825,,50,,,,,,50
2042,22,127,1,0,0,0x01,0,18,0,11,6.000,0.000,-6.000,-6,-6,220,220,2716,9541,9591,,6875,,50,,,,,,50
2043,22,127,1,0,0,0x01,0,18,0,11,6.000,0.000,-6.000,-6,-6,220,220,2716,9591,9641,,6925,,50,,,,,,50
2044,22,127,1,0,0,0x01,0,18,0,12,6.000,0.000,-6.000,-6,-6,220,220,2716,9641,9691,,6975,,50,,,,,,50
2045,22,127,1,0,0,0x01,0,19,0,12,6.333,0.000,-6.333,-6,-6,220,220,2716,9691,9741,,7025,,50,,,,,,50
2046,22,127,1,0,0,0x01,0,18,0,13,6.000,0.000,-6.000,-6,-6,220,220,2716,9741,9791,,7075,,50,,,,,,50
2047,22,127,1,0,0,0x01,0,19,0,13,6.333,0.000,-6.333,-6,-6,220,220,2716,9791,9841,,7125,,50,,,,,,50
2048,22,127,1,0,0,0x01,0,19,0,14,6.333,0.000,-6.333,-6,-6,220,220,2716,9841,9891,,7175,,50,,,,,,50
2049,22,127,1,0,0,0x01,0,19,0,14,6.333,0.000,-6.333,-6,-6,220,220,2716,9891,9941,,7225,,50,,,,,,50
2050,22,127,1,0,0,0x01,0,19,0,14,6.333,0.000,-6.333,-6,-6,220,220,2716,9941,9991,,7275,,50,,,,,,50
2051,22,127,1,0,0,0x01,0,18,0,15,6.000,0.000,-6.000,-6,-6,220,220,2716,9991,10041,,7325,,50,,,,,,50
2052,22,127,1,0,0,0x01,0,19,0,15,6.333,0.000,-6.333,-6,-6,220,220,2716,10041,10091,,7375,,50,,,,,,50
2053,22,127,1,0,0,0x01,4,19,0,17,7.667,0.000,-7.667,-6,-7,220,220,2716,10091,10141,,7425,,50,,,,,,50
2054,22,127,1,0,0,0x01,0,19,0,16,6.333,0.000,-6.333,-7,-6,220,220,2716,10141,10191,,7475,,50,,,,,,50
2055,22,127,1,0,0,0x01,0,19,0,17,6.333,0.000,-6.333,-6,-6,220,220,2716,10191,10241,,7525,,50,,,,,,50
2056,22,127,1,0,0,0x01,0,19,1,18,6.667,1.000,-5.667,-6,-5,220,220,2716,10241,10291,,7575,,50,,,,,,50
2057,22,127,1,0,0,0x01,1,19,2,18,7.333,2.000,-5.333,-5,-5,220,220,2716,10291,10341,,7625,,50,,,,,,50
2058,22,127,1,0,0,0x01,0,19,3,18,7.333,3.000,-4.333,-5,-4,220,220,2716,10341,10391,,7675,,50,,,,,,50
2059,22,127,1,0,0,0x01,1,19,4,18,8.000,4.000,-4.000,-4,-4,220,220,2716,10391,10441,,7725,,50,,,,,,50
2060,22,127,1,0,0,0x01,1,19,5,19,8.333,5.000,-3.333,-4,-3,220,220,2716,10441,10491,,7775,,50,,,,,,50
2061,22,128,2,0,0,0x02,2,34,19,29,18.333,34.000,15.667,17,16,220,220,11281,18541,18591,,7310,,50,,,,,,50
2062,22,128,2,0,0,0x02,2,33,19,28,18.000,33.000,15.000,16,15,220,220,11281,18591,18641,,7360,,50,,,,,,50
2063,22,128,2,0,0,0x02,2,32,19,28,17.667,32.000,14.333,15,15,220,220,11281,18641,18691,,7410,,50,,,,,,50
2064,22,128,2,0,0,0x02,2,30,19,28,17.000,30.000,13.000,15,13,220,220,11281,18691,18741,,7460,,50,,,,,,50
2065,22,128,2,0,0,0x02,2,30,19,27,17.000,30.000,13.000,13,13,220,220,11281,18741,18791,,7510,,50,,,,,,50
2066,22,128,2,0,0,0x02,2,29,19,27,16.667,29.000,12.333,13,13,220,220,11281,18791,18841,,7560,,50,,,,,,50
2067,22,128,2,0,0,0x02,2,27,18,27,15.667,27.000,11.333,13,12,220,220,11281,18841,18891,,7610,,50,,,,,,50
2068,22,128,2,0,0,0x02,2,26,18,26,15.333,26.000,10.667,12,11,220,220,11281,18891,18941,,7660,,50,,,,,,50
2069,22,128,2,0,0,0x02,2,25,19,26,15.333,25.000,9.667,11,10,220,220,11281,18941,18991,,7710,,50,,,,,,50
2070,22,128,2,0,0,0x02,2,25,19,25,15.333,25.000,9.667,10,10,220,220,11281,18991,19041,,7760,,50,,,,,,50
2071,22,128,2,0,0,0x02,1,23,18,25,14.000,23.000,9.000,10,9,220,220,11281,19041,19091,,7810,,50,,,,,,50
2072,22,128,2,0,0,0x02,6,22,18,25,15.333,22.000,6.667,9,7,220,220,11281,19091,19141,,7860,,50,,,,,,50
2073,22,128,2,0,0,0x02,2,21,18,24,13.667,21.000,7.333,7,8,220,220,11281,19141,19191,,7910,,50,,,,,,50
2074,22,128,2,0,0,0x02,2,20,18,23,13.333,20.000,6.667,8,7,220,220,11281,19191,19241,,7960,,50,,,,,,50
2075,22,128,2,0,0,0x02,2,18,18,23,12.667,18.000,5.333,7,6,220,220,11281,19241,19291,,8010,,50,,,,,,50
2076,22,128,2,0,0,0x02,2,18,18,23,12.667,18.000,5.333,6,6,220,220,11281,19291,19341,,8060,,50,,,,,,50
2077,22,128,2,0,0,0x02,2,17,18,22,12.333,17.000,4.667,6,5,220,220,11281,19341,19391,,8110,,50,,,,,,50
2078,22,128,2,0,0,0x02,1,16,18,22,11.667,16.000,4.333,5,5,220,220,11281,19391,19441,,8160,,50,,,,,,50
2079,22,128,2,0,0,0x02,2,14,17,21,11.000,14.000,3.000,5,3,220,220,11281,19441,19491,,8210,,50,,,,,,50
2080,22,128,2,0,0,0x02,2,14,18,21,11.333,14.000,2.667,3,3,220,220,11281,19491,19541,,8260,,50,,,,,,50
2081,22,129,3,0,0,0x03,0,0,17,12,5.667,0.000,-5.667,-5,-5,220,220,19864,26591,26641,,6777,,50,,,,,,50
2082,22,129,3,0,0,0x03,0,0,17,12,5.667,0.000,-5.667,-5,-5,220,220,19864,26641,26691,,6827,,50,,,,,,50
2083,22,129,3,0,0,0x03,0,0,17,13,5.667,0.000,-5.667,-5,-5,220,220,19864,26691,26741,,6877,,50,,,,,,50
2084,22,129,3,0,0,0x03,0,0,17,13,5.667,0.000,-5.667,-5,-5,220,220,19864,26741,26791,,6927,,50,,,,,,50
2085,22,129,3,0,0,0x03,0,0,17,13,5.667,0.000,-5.667,-5,-5,220,220,19864,26791,26841,,6977,,50,,,,,,50
2086,22,129,3,0,0,0x03,0,0,17,14,5.667,0.000,-5.667,-5,-5,220,220,19864,26841,26891,,7027,,50,,,,,,50
2087,22,129,3,0,0,0x03,0,0,17,14,5.667,0.000,-5.667,-5,-5,220,220,19864,26891,26941,,7077,,50,,,,,,50
2088,22,129,3,0,0,0x03,0,0,17,14,5.667,0.000,-5.667,-5,-5,220,220,19864,26941,26991,,7127,,50,,,,,,50
2089,22,129,3,0,0,0x03,0,0,17,15,5.667,0.000,-5.667,-5,-5,220,220,19864,26991,27041,,7177,,50,,,,,,50
2090,22,129,3,0,0,0x03,0,0,17,16,5.667,0.000,-5.667,-5,-5,220,220,19864,27041,27091,,7227,,50,,,,,,50
2091,22,129,3,0,0,0x03,3,0,17,16,6.667,3.000,-3.667,-5,-3,220,220,19864,27091,27141,,7277,,50,,,,,,50
2092,22,129,3,0,0,0x03,0,0,17,16,5.667,0.000,-5.667,-3,-5,220,220,19864,27141,27191,,7327,,50,,,,,,50
2093,22,129,3,0,0,0x03,1,0,17,16,6.000,1.000,-5.000,-5,-5,220,220,19864,27191,27241,,7377,,50,,,,,,50
2094,22,129,3,0,0,0x03,2,0,17,17,6.333,2.000,-4.333,-5,-4,220,220,19864,27241,27291,,7427,,50,,,,,,50
2095,22,129,3,0,0,0x03,3,0,17,17,6.667,3.000,-3.667,-4,-3,220,220,19864,27291,27341,,7477,,50,,,,,,50
2096,22,129,3,0,0,0x03,4,0,17,18,7.000,4.000,-3.000,-3,-3,220,220,19864,27341,27391,,7527,,50,,,,,,50
2097,22,129,3,0,0,0x03,6,0,17,18,7.667,6.000,-1.667,-3,-1,220,220,19864,27391,27441,,7577,,50,,,,,,50
2098,22,129,3,0,0,0x03,7,0,17,19,8.000,7.000,-1.000,-1,-1,220,220,19864,27441,27491,,7627,,50,,,,,,50
2099,22,129,3,0,0,0x03,8,0,17,19,8.333,8.000,-0.333,-1,0,220,220,19864,27491,27541,,7677,,50,,,,,,50
2100,22,129,3,0,0,0x03,9,0,18,20,9.000,9.000,0.000,0,0,220,220,19864,27541,27591,,7727,,50,,,,,,50
2101,22,130,4,0,0,0x04,22,0,20,24,14.000,20.000,6.000,7,6,220,220,28429,35641,35691,,7262,,50,,,,,,50
2102,22,130,4,0,0,0x04,21,0,18,24,13.000,18.000,5.000,6,5,220,220,28429,35691,35741,,7312,,50,,,,,,50
2103,22,130,4,0,0,0x04,21,0,17,23,12.667,17.000,4.333,5,5,220,220,28429,35741,35791,,7362,,50,,,,,,50
2104,22,130,4,0,0,0x04,21,0,16,23,12.333,16.000,3.667,5,4,220,220,28429,35791,35841,,7412,,50,,,,,,50
2105,22,130,4,0,0,0x04,21,0,15,22,12.000,15.000,3.000,4,3,220,220,28429,35841,35891,,7462,,50,,,,,,50
2106,22,130,4,0,0,0x04,21,0,14,22,11.667,14.000,2.333,3,3,220,220,28429,35891,35941,,7512,,50,,,,,,50
2107,22,130,4,0,0,0x04,21,0,12,21,11.000,12.000,1.000,3,1,220,220,28429,35941,35991,,7562,,50,,,,,,50
2108,22,130,4,0,0,0x04,21,0,11,21,10.667,11.000,0.333,1,1,220,220,28429,35991,36041,,7612,,50,,,,,,50
2109,22,130,4,0,0,0x04,20,0,10,20,10.000,10.000,0.000,1,0,220,220,28429,36041,36091,,7662,,50,,,,,,50
2110,22,130,4,0,0,0x04,25,0,9,21,11.333,9.000,-2.333,0,-2,220,220,28429,36091,36141,,7712,,50,,,,,,50
2111,22,130,4,0,0,0x04,20,0,8,20,9.333,8.000,-1.333,-2,-1,220,220,28429,36141,36191,,7762,,50,,,,,,50
2112,22,130,4,0,0,0x04,20,0,6,19,8.667,6.000,-2.667,-1,-2,220,220,28429,36191,36241,,7812,,50,,,,,,50
2113,22,130,4,0,0,0x04,20,0,5,19,8.333,5.000,-3.333,-2,-3,220,220,28429,36241,36291,,7862,,50,,,,,,50
2114,22,130,4,0,0,0x04,20,0,4,18,8.000,4.000,-4.000,-3,-4,220,220,28429,36291,36341,,7912,,50,,,,,,50
2115,22,130,4,0,0,0x04,20,0,3,18,7.667,3.000,-4.667,-4,-4,220,220,28429,36341,36391,,7962,,50,,,,,,50
2116,22,130,4,0,0,0x04,20,0,1,18,7.000,1.000,-6.000,-4,-6,220,220,28429,36391,36441,,8012,,50,,,,,,50
2117,22,130,4,0,0,0x04,20,0,0,17,6.667,0.000,-6.667,-6,-6,220,220,28429,36441,36491,,8062,,50,,,,,,50
2118,22,130,4,0,0,0x04,20,0,0,17,6.667,0.000,-6.667,-6,-6,220,220,28429,36491,36541,,8112,,50,,,,,,50
2119,22,130,4,0,0,0x04,20,0,0,16,6.667,0.000,-6.667,-6,-6,220,220,28429,36541,36591,,8162,,50,,,,,,50
2120,22,130,4,0,0,0x04,19,0,0,16,6.333,0.000,-6.333,-6,-6,220,220,28429,36591,36641,,8212,,50,,,,,,50
2121,22,131,5,0,0,0x05,19,0,0,3,6.333,0.000,-6.333,-6,-6,220,220,37016,43691,43741,,6725,,50,,,,,,50
2122,22,131,5,0,0,0x05,19,0,0,3,6.333,0.000,-6.333,-6,-6,220,220,37016,43741,43791,,6775,,50,,,,,,50
2123,22,131,5,0,0,0x05,19,0,0,4,6.333,0.000,-6.333,-6,-6,220,220,37016,43791,43841,,6825,,50,,,,,,50
2124,22,131,5,0,0,0x05,19,0,0,4,6.333,0.000,-6.333,-6,-6,220,220,37016,43841,43891,,6875,,50,,,,,,50
2125,22,131,5,0,0,0x05,19,0,0,5,6.333,0.000,-6.333,-6,-6,220,220,37016,43891,43941,,6925,,50,,,,,,50
2126,22,131,5,0,0,0x05,19,0,0,5,6.333,0.000,-6.333,-6,-6,220,220,37016,43941,43991,,6975,,50,,,,,,50
2127,22,131,5,0,0,0x05,19,0,0,6,6.333,0.000,-6.333,-6,-6,220,220,37016,43991,44041,,7025,,50,,,,,,50
2128,22,131,5,0,0,0x05,19,0,0,6,6.333,0.000,-6.333,-6,-6,220,220,37016,44041,44091,,7075,,50,,,,,,50
2129,22,131,5,0,0,0x05,24,0,0,7,8.000,0.000,-8.000,-6,-8,220,220,37016,44091,44141,,7125,,50,,,,,,50
2130,22,131,5,0,0,0x05,19,0,0,7,6.333,0.000,-6.333,-8,-6,220,220,37016,44141,44191,,7175,,50,,,,,,50
2131,22,131,5,0,0,0x05,19,0,0,8,6.333,0.000,-6.333,-6,-6,220,220,37016,44191,44241,,7225,,50,,,,,,50
2132,22,131,5,0,0,0x05,19,0,0,8,6.333,0.000,-6.333,-6,-6,220,220,37016,44241,44291,,7275,,50,,,,,,50
2133,22,131,5,0,0,0x05,19,0,0,9,6.333,0.000,-6.333,-6,-6,220,220,37016,44291,44341,,7325,,50,,,,,,50
2134,22,131,5,0,0,0x05,19,0,0,9,6.333,0.000,-6.333,-6,-6,220,220,37016,44341,44391,,7375,,50,,,,,,50
2135,22,131,5,0,0,0x05,19,0,0,10,6.333,0.000,-6.333,-6,-6,220,220,37016,44391,44441,,7425,,50,,,,,,50
2136,22,131,5,0,0,0x05,19,0,0,10,6.333,0.000,-6.333,-6,-6,220,220,37016,44441,44491,,7475,,50,,,,,,50
2137,22,131,5,0,0,0x05,20,0,0,10,6.667,0.000,-6.667,-6,-6,220,220,37016,44491,44541,,7525,,50,,,,,,50
2138,22,131,5,0,0,0x05,19,0,0,11,6.333,0.000,-6.333,-6,-6,220,220,37016,44541,44591,,7575,,50,,,,,,50
2139,22,131,5,0,0,0x05,19,0,0,11,6.333,0.000,-6.333,-6,-6,220,220,37016,44591,44641,,7625,,50,,,,,,50
2140,22,131,5,0,0,0x05,20,0,0,12,6.667,0.000,-6.667,-6,-6,220,220,37016,44641,44691,,7675,,50,,,,,,50
2141,22,132,6,0,0,0x06,27,19,0,26,15.333,27.000,11.667,12,12,220,220,45581,52741,52791,,7210,,50,,,,,,50
2142,22,132,6,0,0,0x06,26,19,0,25,15.000,26.000,11.000,12,11,220,220,45581,52791,52841,,7260,,50,,,,,,50
2143,22,132,6,0,0,0x06,26,20,0,25,15.333,26.000,10.667,11,11,220,220,45581,52841,52891,,7310,,50,,,,,,50
2144,22,132,6,0,0,0x06,24,19,0,24,14.333,24.000,9.667,11,10,220,220,45581,52891,52941,,7360,,50,,,,,,50
2145,22,132,6,0,0,0x06,23,20,0,24,14.333,23.000,8.667,10,9,220,220,45581,52941,52991,,7410,,50,,,,,,50
2146,22,132,6,0,0,0x06,23,19,0,24,14.000,23.000,9.000,9,9,220,220,45581,52991,53041,,7460,,50,,,,,,50
2147,22,132,6,0,0,0x06,21,19,0,23,13.333,21.000,7.667,9,8,220,220,45581,53041,53091,,7510,,50,,,,,,50
2148,22,132,6,0,0,0x06,24,19,0,23,14.333,24.000,9.667,8,10,220,220,45581,53091,53141,,7560,,50,,,,,,50
2149,22,132,6,0,0,0x06,19,19,0,23,12.667,19.000,6.333,10,7,220,220,45581,53141,53191,,7610,,50,,,,,,50
2150,22,132,6,0,0,0x06,19,18,0,23,12.333,19.000,6.667,7,7,220,220,45581,53191,53241,,7660,,50,,,,,,50
2151,22,132,6,0,0,0x06,17,19,0,22,12.000,17.000,5.000,7,5,220,220,45581,53241,53291,,7710,,50,,,,,,50
2152,22,132,6,0,0,0x06,16,19,0,22,11.667,16.000,4.333,5,5,220,220,45581,53291,53341,,7760,,50,,,,,,50
2153,22,132,6,0,0,0x06,16,18,0,22,11.333,16.000,4.667,5,5,220,220,45581,53341,53391,,7810,,50,,,,,,50
2154,22,132,6,0,0,0x06,15,18,0,21,11.000,15.000,4.000,5,4,220,220,45581,53391,53441,,7860,,50,,,,,,50
2155,22,132,6,0,0,0x06,14,19,0,21,11.000,14.000,3.000,4,3,220,220,45581,53441,53491,,7910,,50,,,,,,50
2156,22,132,6,0,0,0x06,12,18,0,20,10.000,12.000,2.000,3,2,220,220,45581,53491,53541,,7960,,50,,,,,,50
2157,22,132,6,0,0,0x06,12,18,0,20,10.000,12.000,2.000,2,2,220,220,45581,53541,53591,,8010,,50,,,,,,50
2158,22,132,6,0,0,0x06,11,18,0,20,9.667,11.000,1.333,2,2,220,220,45581,53591,53641,,8060,,50,,,,,,50
2159,22,132,6,0,0,0x06,10,18,0,20,9.333,10.000,0.667,2,1,220,220,45581,53641,53691,,8110,,50,,,,,,50
2160,22,132,6,0,0,0x06,9,18,0,19,9.000,9.000,0.000,1,0,220,220,45581,53691,53741,,8160,,50,,,,,,50
2161,23,133,1,0,0,0x01,0,19,0,13,6.333,0.000,-6.333,-6,-6,220,220,54166,60791,60841,,6675,,50,,,,,,50
2162,23,133,1,0,0,0x01,0,19,0,14,6.333,0.000,-6.333,-6,-6,220,220,54166,60841,60891,,6725,,50,,,,,,50
2163,23,133,1,0,0,0x01,0,19,0,15,6.333,0.000,-6.333,-6,-6,220,220,54166,60891,60941,,6775,,50,,,,,,50
2164,23,133,1,0,0,0x01,0,19,0,15,6.333,0.000,-6.333,-6,-6,220,220,54166,60941,60991,,6825,,50,,,,,,50
2165,23,133,1,0,0,0x01,0,19,0,15,6.333,0.000,-6.333,-6,-6,220,220,54166,60991,61041,,6875,,50,,,,,,50
2166,23,133,1,0,0,0x01,0,19,0,16,6.333,0.000,-6.333,-6,-6,220,220,54166,61041,61091,,6925,,50,,,,,,50
2167,23,133,1,0,0,0x01,4,19,0,17,7.667,0.000,-7.667,-6,-7,220,220,54166,61091,61141,,6975,,50,,,,,,50
2168,23,133,1,0,0,0x01,0,19,0,17,6.333,0.000,-6.333,-7,-6,220,220,54166,61141,61191,,7025,,50,,,,,,50
2169,23,133,1,0,0,0x01,0,19,1,17,6.667,1.000,-5.667,-6,-5,220,220,54166,61191,61241,,7075,,50,,,,,,50
2170,23,133,1,0,0,0x01,1,19,3,18,7.667,3.000,-4.667,-5,-4,220,220,54166,61241,61291,,7125,,50,,,,,,50
2171,23,133,1,0,0,0x01,1,19,3,18,7.667,3.000,-4.667,-4,-4,220,220,54166,61291,61341,,7175,,50,,,,,,50
2172,23,133,1,0,0,0x01,0,19,5,19,8.000,5.000,-3.000,-4,-3,220,220,54166,61341,61391,,7225,,50,,,,,,50
2173,23,133,1,0,0,0x01,1,19,6,19,8.667,6.000,-2.667,-3,-2,220,220,54166,61391,61441,,7275,,50,,,,,,50
2174,23,133,1,0,0,0x01,1,19,8,20,9.333,8.000,-1.333,-2,-1,220,220,54166,61441,61491,,7325,,50,,,,,,50
2175,23,133,1,0,0,0x01,1,19,9,20,9.667,9.000,-0.667,-1,0,220,220,54166,61491,61541,,7375,,50,,,,,,50
2176,23,133,1,0,0,0x01,1,19,10,21,10.000,10.000,0.000,0,-6,220,220,62730,63591,63641,,911,,50,,,,,,50
2177,23,133,1,0,0,0x01,1,19,11,21,10.333,11.000,0.667,0,1,220,220,54166,61591,61641,,7475,,50,,,,,,50
2178,23,134,2,0,0,0x02,1,0,18,15,6.333,0.000,-6.333,-6,-6,220,220,62730,63691,63741,,1011,,50,,,,,,50
2179,23,135,1,0,0,0x01,2,19,14,22,11.667,14.000,2.333,1,3,220,220,54166,61691,61741,,7575,,50,,,,,,50
2180,23,136,2,0,0,0x02,1,0,17,17,6.000,0.000,-6.000,-6,-6,220,220,62730,63791,63841,,1111,,50,,,,,,50
2181,23,136,2,0,0,0x02,2,51,21,35,24.667,51.000,26.333,28,27,220,220,62730,4305,4355,,7161,,50,,,,,,50
2182,23,136,2,0,0,0x02,2,50,20,35,24.000,50.000,26.000,27,26,220,220,62730,4355,4405,,7211,,50,,,,,,50
2183,23,136,2,0,0,0x02,2,49,21,34,24.000,49.000,25.000,26,25,220,220,62730,4405,4455,,7261,,50,,,,,,50
2184,23,136,2,0,0,0x02,2,48,21,34,23.667,48.000,24.333,25,25,220,220,62730,4455,4505,,7311,,50,,,,,,50
2185,23,136,2,0,0,0x02,2,46,20,33,22.667,46.000,23.333,25,24,220,220,62730,4505,4555,,7361,,50,,,,,,50
2186,23,136,2,0,0,0x02,6,45,20,34,23.667,45.000,21.333,24,22,220,220,62730,4555,4605,,7411,,50,,,,,,50
2187,23,136,2,0,0,0x02,2,45,20,33,22.333,45.000,22.667,22,23,220,220,62730,4605,4655,,7461,,50,,,,,,50
2188,23,136,2,0,0,0x02,2,43,20,33,21.667,43.000,21.333,23,22,220,220,62730,4655,4705,,7511,,50,,,,,,50
2189,23,136,2,0,0,0x02,2,41,20,32,21.000,41.000,20.000,22,20,220,220,62730,4705,4755,,7561,,50,,,,,,50
2190,23,136,2,0,0,0x02,2,40,20,31,20.667,40.000,19.333,20,20,220,220,62730,4755,4805,,7611,,50,,,,,,50
2191,23,136,2,0,0,0x02,2,40,20,31,20.667,40.000,19.333,20,20,220,220,62730,4805,4855,,7661,,50,,,,,,50
2192,23,136,2,0,0,0x02,2,38,19,31,19.667,38.000,18.333,20,19,220,220,62730,4855,4905,,7711,,50,,,,,,50
2193,23,136,2,0,0,0x02,2,37,19,30,19.333,37.000,17.667,19,18,220,220,62730,4905,4955,,7761,,50,,,,,,50
2194,23,136,2,0,0,0x02,2,36,19,30,19.000,36.000,17.000,18,17,220,220,62730,4955,5005,,7811,,50,,,,,,50
2195,23,136,2,0,0,0x02,2,35,19,29,18.667,35.000,16.333,17,17,220,220,62730,5005,5055,,7861,,50,,,,,,50
2196,23,136,2,0,0,0x02,2,33,19,29,18.000,33.000,15.000,17,15,220,220,62730,5055,5105,,7911,,50,,,,,,50
2197,23,136,2,0,0,0x02,2,33,19,28,18.000,33.000,15.000,15,15,220,220,62730,5105,5155,,7961,,50,,,,,,50
2198,23,136,2,0,0,0x02,2,31,19,28,17.333,31.000,13.667,15,14,220,220,62730,5155,5205,,8011,,50,,,,,,50
2199,23,136,2,0,0,0x02,2,30,18,27,16.667,30.000,13.333,14,14,220,220,62730,5205,5255,,8061,,50,,,,,,50
2200,23,136,2,0,0,0x02,2,29,19,27,16.667,29.000,12.333,14,13,220,220,62730,5255,5305,,8111,,50,,,,,,50
2201,23,137,3,0,0,0x03,0,0,17,14,5.667,0.000,-5.667,-5,-5,220,220,5777,12355,12405,,6628,,50,,,,,,50
2202,23,137,3,0,0,0x03,0,0,18,14,6.000,0.000,-6.000,-5,-6,220,220,5777,12405,12455,,6678,,50,,,,,,50
2203,23,137,3,0,0,0x03,0,0,17,14,5.667,0.000,-5.667,-6,-5,220,220,5777,12455,12505,,6728,,50,,,,,,50
2204,23,137,3,0,0,0x03,0,0,17,14,5.667,0.000,-5.667,-5,-5,220,220,5777,12505,12555,,6778,,50,,,,,,50
2205,23,137,3,0,0,0x03,1,0,17,16,6.000,1.000,-5.000,-5,-5,220,220,5777,12555,12605,,6828,,50,,,,,,50
2206,23,137,3,0,0,0x03,0,0,17,16,5.667,0.000,-5.667,-5,-5,220,220,5777,12605,12655,,6878,,50,,,,,,50
2207,23,137,3,0,0,0x03,0,0,17,16,5.667,0.000,-5.667,-5,-5,220,220,5777,12655,12705,,6928,,50,,,,,,50
2208,23,137,3,0,0,0x03,0,0,17,16,5.667,0.000,-5.667,-5,-5,220,220,5777,12705,12755,,6978,,50,,,,,,50
2209,23,137,3,0,0,0x03,1,0,17,16,6.000,1.000,-5.000,-5,-5,220,220,5777,12755,12805,,7028,,50,,,,,,50
2210,23,137,3,0,0,0x03,1,0,17,17,6.000,1.000,-5.000,-5,-5,220,220,5777,12805,12855,,7078,,50,,,,,,50
2211,23,137,3,0,0,0x03,3,0,18,17,7.000,3.000,-4.000,-5,-4,220,220,5777,12855,12905,,7128,,50,,,,,,50
2212,23,137,3,0,0,0x03,3,0,17,17,6.667,3.000,-3.667,-4,-3,220,220,5777,12905,12955,,7178,,50,,,,,,50
2213,23,137,3,0,0,0x03,4,0,17,18,7.000,4.000,-3.000,-3,-3,220,220,5777,12955,13005,,7228,,50,,,,,,50
2214,23,137,3,0,0,0x03,5,0,17,18,7.333,5.000,-2.333,-3,-2,220,220,5777,13005,13055,,7278,,50,,,,,,50
2215,23,137,3,0,0,0x03,6,0,17,18,7.667,6.000,-1.667,-2,-1,220,220,5777,13055,13105,,7328,,50,,,,,,50
2216,23,137,3,0,0,0x03,7,0,17,19,8.000,7.000,-1.000,-1,-1,220,220,5777,13105,13155,,7378,,50,,,,,,50
2217,23,137,3,0,0,0x03,8,0,17,19,8.333,8.000,-0.333,-1,0,220,220,5777,13155,13205,,7428,,50,,,,,,50
2218,23,137,3,0,0,0x03,10,0,17,20,9.000,10.000,1.000,0,1,220,220,5777,13205,13255,,7478,,50,,,,,,50
2219,23,137,3,0,0,0x03,10,0,17,20,9.000,10.000,1.000,1,1,220,220,5777,13255,13305,,7528,,50,,,,,,50
2220,23,137,3,0,0,0x03,10,0,17,20,9.000,10.000,1.000,1,-6,220,220,14342,15355,15405,,1063,,50,,,,,,50
2221,23,138,4,0,0,0x04,21,0,15,23,12.000,15.000,3.000,4,3,220,220,14342,21405,21455,,7113,,50,,,,,,50
2222,23,138,4,0,0,0x04,21,0,13,22,11.333,13.000,1.667,3,2,220,220,14342,21455,21505,,7163,,50,,,,,,50
2223,23,138,4,0,0,0x04,21,0,11,21,10.667,11.000,0.333,2,1,220,220,14342,21505,21555,,7213,,50,,,,,,50
2224,23,138,4,0,0,0x04,25,0,10,21,11.667,10.000,-1.667,1,-1,220,220,14342,21555,21605,,7263,,50,,,,,,50
2225,23,138,4,0,0,0x04,20,0,9,20,9.667,9.000,-0.667,-1,0,220,220,14342,21605,21655,,7313,,50,,,,,,50
2226,23,138,4,0,0,0x04,20,0,7,20,9.000,7.000,-2.000,0,-2,220,220,14342,21655,21705,,7363,,50,,,,,,50
2227,23,138,4,0,0,0x04,20,0,5,19,8.333,5.000,-3.333,-2,-3,220,220,14342,21705,21755,,7413,,50,,,,,,50
2228,23,138,4,0,0,0x04,20,0,4,18,8.000,4.000,-4.000,-3,-4,220,220,14342,21755,21805,,7463,,50,,,,,,50
2229,23,138,4,0,0,0x04,20,0,3,18,7.667,3.000,-4.667,-4,-4,220,220,14342,21805,21855,,7513,,50,,,,,,50
2230,23,138,4,0,0,0x04,20,0,1,17,7.000,1.000,-6.000,-4,-6,220,220,14342,21855,21905,,7563,,50,,,,,,50
2231,23,138,4,0,0,0x04,20,0,0,17,6.667,0.000,-6.667,-6,-6,220,220,14342,21905,21955,,7613,,50,,,,,,50
2232,23,138,4,0,0,0x04,19,0,0,16,6.333,0.000,-6.333,-6,-6,220,220,14342,21955,22005,,7663,,50,,,,,,50
2233,23,138,4,0,0,0x04,19,0,0,15,6.333,0.000,-6.333,-6,-6,220,220,14342,22005,22055,,7713,,50,,,,,,50
2234,23,138,4,0,0,0x04,19,0,0,15,6.333,0.000,-6.333,-6,-6,220,220,14342,22055,22105,,7763,,50,,,,,,50
2235,23,138,4,0,0,0x04,19,0,0,15,6.333,0.000,-6.333,-6,-6,220,220,14342,22105,22155,,7813,,50,,,,,,50
2236,23,138,4,0,0,0x04,19,0,0,14,6.333,0.000,-6.333,-6,-6,220,220,14342,22155,22205,,7863,,50,,,,,,50
2237,23,138,4,0,0,0x04,19,0,0,13,6.333,0.000,-6.333,-6,-6,220,220,14342,22205,22255,,7913,,50,,,,,,50
2238,23,138,4,0,0,0x04,19,0,0,13,6.333,0.000,-6.333,-6,-6,220,220,14342,22255,22305,,7963,,50,,,,,,50
2239,23,138,4,0,0,0x04,19,0,0,12,6.333,0.000,-6.333,-6,-6,220,220,14342,22305,22355,,8013,,50,,,,,,50
2240,23,138,4,0,0,0x04,18,0,0,12,6.000,0.000,-6.000,-6,-6,220,220,14342,22355,22405,,8063,,50,,,,,,50
2241,24,139,5,0,0,0x05,19,0,0,0,6.333,0.000,-6.333,-6,-6,220,220,22926,29455,29505,,6579,,50,,,,,,50
2242,24,139,5,0,0,0x05,18,0,0,0,6.000,0.000,-6.000,-6,-6,220,220,22926,29505,29555,,6629,,50,,,,,,50
2243,24,139,5,0,0,0x05,23,0,0,1,7.667,0.000,-7.667,-6,-7,220,220,22926,29555,29605,,6679,,50,,,,,,50
2244,24,139,5,0,0,0x05,19,0,0,1,6.333,0.000,-6.333,-7,-6,220,220,22926,29605,29655,,6729,,50,,,,,,50
2245,24,139,5,0,0,0x05,19,0,0,1,6.333,0.000,-6.333,-6,-6,220,220,22926,29655,29705,,6779,,50,,,,,,50
2246,24,139,5,0,0,0x05,19,0,0,1,6.333,0.000,-6.333,-6,-6,220,220,22926,29705,29755,,6829,,50,,,,,,50
2247,24,139,5,0,0,0x05,19,0,0,2,6.333,0.000,-6.333,-6,-6,220,220,22926,29755,29805,,6879,,50,,,,,,50
2248,24,139,5,0,0,0x05,19,0,0,3,6.333,0.000,-6.333,-6,-6,220,220,22926,29805,29855,,6929,,50,,,,,,50
2249,24,139,5,0,0,0x05,19,0,0,3,6.333,0.000,-6.333,-6,-6,220,220,22926,29855,29905,,6979,,50,,,,,,50
2250,24,139,5,0,0,0x05,19,0,0,3,6.333,0.000,-6.333,-6,-6,220,220,22926,29905,29955,,7029,,50,,,,,,50
2251,24,139,5,0,0,0x05,19,0,0,4,6.333,0.000,-6.333,-6,-6,220,220,22926,29955,30005,,7079,,50,,,,,,50
2252,24,140,6,0,0,0x06,19,0,0,5,6.333,19.000,12.667,-5,-5,220,220,31496,32055,32105,,609,,50,,,,,,50
2253,24,141,5,0,0,0x05,19,0,0,5,6.333,0.000,-6.333,-6,-6,220,220,22926,30055,30105,,7179,,50,,,,,,50
2254,24,142,6,0,0,0x06,19,0,0,9,6.333,19.000,12.667,-5,-5,220,220,31496,32155,32205,,709,,50,,,,,,50
2255,24,143,5,0,0,0x05,19,0,0,6,6.333,0.000,-6.333,-6,-6,220,220,22926,30155,30205,,7279,,50,,,,,,50
2256,24,144,6,0,0,0x06,19,18,0,10,12.333,19.000,6.667,-5,-6,220,220,31496,32255,32305,,809,,50,,,,,,50
2257,24,144,6,0,0,0x06,19,0,0,7,6.333,19.000,12.667,-6,-6,220,220,31496,32305,32355,,859,,50,,,,,,50
2258,24,144,6,0,0,0x06,0,17,0,10,5.667,0.000,-5.667,-6,-5,220,220,31496,32355,32405,,909,,50,,,,,,50
2259,24,144,6,0,0,0x06,0,18,0,11,6.000,0.000,-6.000,-5,-6,220,220,31496,32405,32455,,959,,50,,,,,,50
2260,24,144,6,0,0,0x06,0,18,0,13,6.000,0.000,-6.000,-6,-6,220,220,31496,32455,32505,,1009,,50,,,,,,50
2261,24,144,6,0,0,0x06,27,19,0,26,15.333,27.000,11.667,13,12,220,220,31496,38505,38555,,7059,,50,,,,,,50
2262,24,144,6,0,0,0x06,31,20,0,26,17.000,31.000,14.000,12,14,220,220,31496,38555,38605,,7109,,50,,,,,,50
2263,24,144,6,0,0,0x06,25,19,0,25,14.667,25.000,10.333,14,11,220,220,31496,38605,38655,,7159,,50,,,,,,50
2264,24,144,6,0,0,0x06,24,19,0,24,14.333,24.000,9.667,11,10,220,220,31496,38655,38705,,7209,,50,,,,,,50
2265,24,144,6,0,0,0x06,23,19,0,24,14.000,23.000,9.000,10,9,220,220,31496,38705,38755,,7259,,50,,,,,,50
2266,24,144,6,0,0,0x06,22,19,0,24,13.667,22.000,8.333,9,9,220,220,31496,38755,38805,,7309,,50,,,,,,50
2267,24,144,6,0,0,0x06,21,19,0,24,13.333,21.000,7.667,9,8,220,220,31496,38805,38855,,7359,,50,,,,,,50
2268,24,144,6,0,0,0x06,20,19,0,23,13.000,20.000,7.000,8,7,220,220,31496,38855,38905,,7409,,50,,,,,,50
2269,24,144,6,0,0,0x06,19,19,0,22,12.667,19.000,6.333,7,7,220,220,31496,38905,38955,,7459,,50,,,,,,50
2270,24,144,6,0,0,0x06,18,19,0,22,12.333,18.000,5.667,7,6,220,220,31496,38955,39005,,7509,,50,,,,,,50
2271,24,144,6,0,0,0x06,17,19,0,22,12.000,17.000,5.000,6,5,220,220,31496,39005,39055,,7559,,50,,,,,,50
2272,24,144,6,0,0,0x06,15,19,0,21,11.333,15.000,3.667,5,4,220,220,31496,39055,39105,,7609,,50,,,,,,50
2273,24,144,6,0,0,0x06,14,18,0,21,10.667,14.000,3.333,4,4,220,220,31496,39105,39155,,7659,,50,,,,,,50
2274,24,144,6,0,0,0x06,14,18,0,21,10.667,14.000,3.333,4,4,220,220,31496,39155,39205,,7709,,50,,,,,,50
2275,24,144,6,0,0,0x06,13,18,0,20,10.333,13.000,2.667,4,3,220,220,31496,39205,39255,,7759,,50,,,,,,50
2276,24,144,6,0,0,0x06,11,18,0,20,9.667,11.000,1.333,3,2,220,220,31496,39255,39305,,7809,,50,,,,,,50
2277,24,144,6,0,0,0x06,10,18,0,19,9.333,10.000,0.667,2,1,220,220,31496,39305,39355,,7859,,50,,,,,,50
2278,24,144,6,0,0,0x06,10,18,0,19,9.333,10.000,0.667,1,1,220,220,31496,39355,39405,,7909,,50,,,,,,50
2279,24,144,6,0,0,0x06,8,18,0,19,8.667,8.000,-0.667,1,0,220,220,31496,39405,39455,,7959,,50,,,,,,50
2280,24,144,6,0,0,0x06,6,18,0,18,8.000,6.000,-2.000,0,-2,220,220,31496,39455,39505,,8009,,50,,,,,,50
2281,25,145,1,0,0,0x01,5,19,5,20,9.667,5.000,-4.667,-4,-4,220,220,40079,47555,47605,,7526,,50,,,,,,50
2282,25,145,1,0,0,0x01,1,19,7,19,9.000,7.000,-2.000,-4,-2,220,220,40079,47605,47655,,7576,,50,,,,,,50
2283,25,145,1,0,0,0x01,1,19,8,20,9.333,8.000,-1.333,-2,-1,220,220,40079,47655,47705,,7626,,50,,,,,,50
2284,25,145,1,0,0,0x01,1,19,9,20,9.667,9.000,-0.667,-1,0,220,220,40079,47705,47755,,7676,,50,,,,,,50
2285,25,145,1,0,0,0x01,1,19,10,21,10.000,10.000,0.000,0,0,220,220,40079,47755,47805,,7726,,50,,,,,,50
2286,25,145,1,0,0,0x01,1,19,12,21,10.667,12.000,1.333,0,2,220,220,40079,47805,47855,,7776,,50,,,,,,50
2287,25,145,1,0,0,0x01,2,19,13,22,11.333,13.000,1.667,2,2,220,220,40079,47855,47905,,7826,,50,,,,,,50
2288,25,145,1,0,0,0x01,1,19,14,22,11.333,14.000,2.667,2,3,220,220,40079,47905,47955,,7876,,50,,,,,,50
2289,25,145,1,0,0,0x01,2,19,15,23,12.000,15.000,3.000,3,3,220,220,40079,47955,48005,,7926,,50,,,,,,50
2290,25,145,1,0,0,0x01,2,19,17,23,12.667,17.000,4.333,3,5,220,220,40079,48005,48055,,7976,,50,,,,,,50
2291,25,145,1,0,0,0x01,2,19,18,23,13.000,18.000,5.000,5,5,220,220,40079,48055,48105,,8026,,50,,,,,,50
2292,25,145,1,0,0,0x01,2,19,19,23,13.333,19.000,5.667,5,6,220,220,40079,48105,48155,,8076,,50,,,,,,50
2293,25,145,1,0,0,0x01,2,19,20,24,13.667,20.000,6.333,6,7,220,220,40079,48155,48205,,8126,,50,,,,,,50
2294,25,145,1,0,0,0x01,2,19,21,25,14.000,21.000,7.000,7,7,220,220,40079,48205,48255,,8176,,50,,,,,,50
2295,25,145,1,0,0,0x01,2,19,22,25,14.333,22.000,7.667,7,8,220,220,40079,48255,48305,,8226,,50,,,,,,50
2296,25,145,1,0,0,0x01,2,19,23,25,14.667,23.000,8.333,8,9,220,220,40079,48305,48355,,8276,,50,,,,,,50
2297,25,145,1,0,0,0x01,2,20,24,26,15.333,24.000,8.667,9,9,220,220,40079,48355,48405,,8326,,50,,,,,,50
2298,25,145,1,0,0,0x01,2,20,26,26,16.000,26.000,10.000,9,10,220,220,40079,48405,48455,,8376,,50,,,,,,50
2299,25,145,1,0,0,0x01,3,20,27,27,16.667,27.000,10.333,10,11,220,220,40079,48455,48505,,8426,,50,,,,,,50
2300,25,145,1,0,0,0x01,2,20,28,27,16.667,28.000,11.333,11,12,220,220,40079,48505,48555,,8476,,50,,,,,,50
2301,25,146,2,0,0,0x02,2,42,20,32,21.333,42.000,20.667,21,21,220,220,48644,55605,55655,,7011,,50,,,,,,50
2302,25,146,2,0,0,0x02,2,41,20,32,21.000,41.000,20.000,21,20,220,220,48644,55655,55705,,7061,,50,,,,,,50
2303,25,146,2,0,0,0x02,2,40,20,31,20.667,40.000,19.333,20,20,220,220,48644,55705,55755,,7111,,50,,,,,,50
2304,25,146,2,0,0,0x02,2,39,20,31,20.333,39.000,18.667,20,19,220,220,48644,55755,55805,,7161,,50,,,,,,50
2305,25,146,2,0,0,0x02,2,38,19,30,19.667,38.000,18.333,19,19,220,220,48644,55805,55855,,7211,,50,,,,,,50
2306,25,146,2,0,0,0x02,2,36,19,30,19.000,36.000,17.000,19,17,220,220,48644,55855,55905,,7261,,50,,,,,,50
2307,25,146,2,0,0,0x02,2,35,19,29,18.667,35.000,16.333,17,17,220,220,48644,55905,55955,,7311,,50,,,,,,50
2308,25,146,2,0,0,0x02,2,35,19,29,18.667,35.000,16.333,17,17,220,220,48644,55955,56005,,7361,,50,,,,,,50
2309,25,146,2,0,0,0x02,2,33,19,28,18.000,33.000,15.000,17,15,220,220,48644,56005,56055,,7411,,50,,,,,,50
2310,25,146,2,0,0,0x02,2,31,19,28,17.333,31.000,13.667,15,14,220,220,48644,56055,56105,,7461,,50,,,,,,50
2311,25,146,2,0,0,0x02,2,31,19,28,17.333,31.000,13.667,14,14,220,220,48644,56105,56155,,7511,,50,,,,,,50
2312,25,146,2,0,0,0x02,2,30,19,27,17.000,30.000,13.000,14,13,220,220,48644,56155,56205,,7561,,50,,,,,,50
2313,25,146,2,0,0,0x02,2,28,19,26,16.333,28.000,11.667,13,12,220,220,48644,56205,56255,,7611,,50,,,,,,50
2314,25,146,2,0,0,0x02,2,27,19,26,16.000,27.000,11.000,12,11,220,220,48644,56255,56305,,7661,,50,,,,,,50
2315,25,146,2,0,0,0x02,2,26,18,26,15.333,26.000,10.667,11,11,220,220,48644,56305,56355,,7711,,50,,,,,,50
2316,25,146,2,0,0,0x02,2,25,18,25,15.000,25.000,10.000,11,10,220,220,48644,56355,56405,,7761,,50,,,,,,50
2317,25,146,2,0,0,0x02,2,23,19,25,14.667,23.000,8.333,10,9,220,220,48644,56405,56455,,7811,,50,,,,,,50
2318,25,146,2,0,0,0x02,2,22,18,24,14.000,22.000,8.000,9,8,220,220,48644,56455,56505,,7861,,50,,,,,,50
2319,25,146,2,0,0,0x02,2,21,19,24,14.000,21.000,7.000,8,7,220,220,48644,56505,56555,,7911,,50,,,,,,50
2320,25,146,2,0,0,0x02,6,20,18,24,14.667,20.000,5.333,7,6,220,220,48644,56555,56605,,7961,,50,,,,,,50
2321,25,147,3,0,0,0x03,0,0,17,14,5.667,0.000,-5.667,-5,-5,220,220,57227,64655,64705,,7478,,50,,,,,,50
2322,25,147,3,0,0,0x03,0,0,17,14,5.667,0.000,-5.667,-5,-5,220,220,57227,64705,64755,,7528,,50,,,,,,50
2323,25,147,3,0,0,0x03,0,0,17,15,5.667,0.000,-5.667,-5,-5,220,220,57227,64755,64805,,7578,,50,,,,,,50
2324,25,147,3,0,0,0x03,0,0,17,15,5.667,0.000,-5.667,-5,-5,220,220,57227,64805,64855,,7628,,50,,,,,,50
2325,25,147,3,0,0,0x03,0,0,17,15,5.667,0.000,-5.667,-5,-5,220,220,57227,64855,64905,,7678,,50,,,,,,50
2326,25,147,3,0,0,0x03,0,0,17,16,5.667,0.000,-5.667,-5,-5,220,220,57227,64905,64955,,7728,,50,,,,,,50
2327,25,147,3,0,0,0x03,0,0,17,16,5.667,0.000,-5.667,-5,-5,220,220,57227,64955,65005,,7778,,50,,,,,,50
2328,25,147,3,0,0,0x03,0,0,17,17,5.667,0.000,-5.667,-5,-5,220,220,57227,65005,65055,,7828,,50,,,,,,50
2329,25,147,3,0,0,0x03,1,0,17,17,6.000,1.000,-5.000,-5,-5,220,220,57227,65055,65105,,7878,,50,,,,,,50
2330,25,147,3,0,0,0x03,2,0,17,17,6.333,2.000,-4.333,-5,-4,220,220,57227,65105,65155,,7928,,50,,,,,,50
2331,25,147,3,0,0,0x03,3,0,17,18,6.667,3.000,-3.667,-4,-3,220,220,57227,65155,65205,,7978,,50,,,,,,50
2332,25,147,3,0,0,0x03,4,0,17,18,7.000,4.000,-3.000,-3,-3,220,220,57227,65205,65255,,8028,,50,,,,,,50
2333,25,147,3,0,0,0x03,5,0,17,18,7.333,5.000,-2.333,-3,-2,220,220,57227,65255,65305,,8078,,50,,,,,,50
2334,25,147,3,0,0,0x03,6,0,17,18,7.667,6.000,-1.667,-2,-1,220,220,57227,65305,65355,,8128,,50,,,,,,50
2335,25,147,3,0,0,0x03,7,0,17,19,8.000,7.000,-1.000,-1,-1,220,220,57227,65355,65405,,8178,,50,,,,,,50
2336,25,147,3,0,0,0x03,8,0,18,19,8.667,8.000,-0.667,-1,0,220,220,57227,65405,65455,,8228,,50,,,,,,50
2337,25,147,3,0,0,0x03,8,0,17,19,8.333,8.000,-0.333,0,0,220,220,57227,65455,65505,,8278,,50,,,,,,50
2338,25,147,3,0,0,0x03,10,0,17,20,9.000,10.000,1.000,0,1,220,220,57227,65505,19,,8328,,50,,,,,,50
2339,25,147,3,0,0,0x03,15,0,18,21,11.000,15.000,4.000,1,4,220,220,57227,19,69,,8378,,50,,,,,,50
2340,25,147,3,0,0,0x03,11,0,17,20,9.333,11.000,1.667,4,2,220,220,57227,69,119,,8428,,50,,,,,,50
2341,25,148,4,0,0,0x04,21,0,12,21,11.000,12.000,1.000,1,1,220,220,256,7169,7219,,6963,,50,,,,,,50
2342,25,148,4,0,0,0x04,20,0,10,21,10.000,10.000,0.000,1,0,220,220,256,7219,7269,,7013,,50,,,,,,50
2343,25,148,4,0,0,0x04,21,0,9,20,10.000,9.000,-1.000,0,-1,220,220,256,7269,7319,,7063,,50,,,,,,50
2344,25,148,4,0,0,0x04,20,0,8,20,9.333,8.000,-1.333,-1,-1,220,220,256,7319,7369,,7113,,50,,,,,,50
2345,25,148,4,0,0,0x04,20,0,7,19,9.000,7.000,-2.000,-1,-2,220,220,256,7369,7419,,7163,,50,,,,,,50
2346,25,148,4,0,0,0x04,20,0,6,19,8.667,6.000,-2.667,-2,-2,220,220,256,7419,7469,,7213,,50,,,,,,50
2347,25,148,4,0,0,0x04,20,0,4,18,8.000,4.000,-4.000,-2,-4,220,220,256,7469,7519,,7263,,50,,,,,,50
2348,25,148,4,0,0,0x04,20,0,3,18,7.667,3.000,-4.667,-4,-4,220,220,256,7519,7569,,7313,,50,,,,,,50
2349,25,148,4,0,0,0x04,20,0,2,18,7.333,2.000,-5.333,-4,-5,220,220,256,7569,7619,,7363,,50,,,,,,50
2350,25,148,4,0,0,0x04,20,0,1,17,7.000,1.000,-6.000,-5,-6,220,220,256,7619,7669,,7413,,50,,,,,,50
2351,25,148,4,0,0,0x04,20,0,0,17,6.667,0.000,-6.667,-6,-6,220,220,256,7669,7719,,7463,,50,,,,,,50
2352,25,148,4,0,0,0x04,20,0,0,16,6.667,0.000,-6.667,-6,-6,220,220,256,7719,7769,,7513,,50,,,,,,50
2353,25,148,4,0,0,0x04,20,0,0,16,6.667,0.000,-6.667,-6,-6,220,220,256,7769,7819,,7563,,50,,,,,,50
2354,25,148,4,0,0,0x04,20,0,0,16,6.667,0.000,-6.667,-6,-6,220,220,256,7819,7869,,7613,,50,,,,,,50
2355,25,148,4,0,0,0x04,20,0,0,15,6.667,0.000,-6.667,-6,-6,220,220,256,7869,7919,,7663,,50,,,,,,50
2356,25,148,4,0,0,0x04,19,0,0,15,6.333,0.000,-6.333,-6,-6,220,220,256,7919,7969,,7713,,50,,,,,,50
2357,25,148,4,0,0,0x04,19,0,0,15,6.333,0.000,-6.333,-6,-6,220,220,256,7969,8019,,7763,,50,,,,,,50
2358,25,148,4,0,0,0x04,24,0,0,15,8.000,0.000,-8.000,-6,-8,220,220,256,8019,8069,,7813,,50,,,,,,50
2359,25,148,4,0,0,0x04,19,0,0,14,6.333,0.000,-6.333,-8,-6,220,220,256,8069,8119,,7863,,50,,,,,,50
2360,25,148,4,0,0,0x04,19,0,0,13,6.333,0.000,-6.333,-6,-6,220,220,256,8119,8169,,7913,,50,,,,,,50
2361,25,149,5,0,0,0x05,19,0,0,11,6.333,0.000,-6.333,-6,-6,220,220,8840,16219,16269,,7429,,50,,,,,,50
2362,25,149,5,0,0,0x05,19,0,0,12,6.333,0.000,-6.333,-6,-6,220,220,8840,16269,16319,,7479,,50,,,,,,50
2363,25,149,5,0,0,0x05,19,0,0,12,6.333,0.000,-6.333,-6,-6,220,220,8840,16319,16369,,7529,,50,,,,,,50
2364,25,149,5,0,0,0x05,19,0,0,13,6.333,0.000,-6.333,-6,-6,220,220,8840,16369,16419,,7579,,50,,,,,,50
2365,25,149,5,0,0,0x05,20,0,0,13,6.667,0.000,-6.667,-6,-6,220,220,8840,16419,16469,,7629,,50,,,,,,50
2366,25,149,5,0,0,0x05,19,0,0,13,6.333,0.000,-6.333,-6,-6,220,220,8840,16469,16519,,7679,,50,,,,,,50
2367,25,149,5,0,0,0x05,19,0,0,14,6.333,0.000,-6.333,-6,-6,220,220,8840,16519,16569,,7729,,50,,,,,,50
2368,25,149,5,0,0,0x05,19,0,0,14,6.333,0.000,-6.333,-6,-6,220,220,8840,16569,16619,,7779,,50,,,,,,50
2369,25,149,5,0,0,0x05,20,0,0,15,6.667,0.000,-6.667,-6,-6,220,220,8840,16619,16669,,7829,,50,,,,,,50
2370,25,149,5,0,0,0x05,20,0,0,15,6.667,0.000,-6.667,-6,-6,220,220,8840,16669,16719,,7879,,50,,,,,,50
2371,25,149,5,0,0,0x05,20,0,0,16,6.667,0.000,-6.667,-6,-6,220,220,8840,16719,16769,,7929,,50,,,,,,50
2372,25,149,5,0,0,0x05,20,0,0,17,6.667,0.000,-6.667,-6,-6,220,220,8840,16769,16819,,7979,,50,,,,,,50
2373,25,149,5,0,0,0x05,20,0,0,17,6.667,0.000,-6.667,-6,-6,220,220,8840,16819,16869,,8029,,50,,,,,,50
2374,25,149,5,0,0,0x05,20,1,0,17,7.000,1.000,-6.000,-6,-6,220,220,8840,16869,16919,,8079,,50,,,,,,50
2375,25,149,5,0,0,0x05,20,3,0,18,7.667,3.000,-4.667,-6,-4,220,220,8840,16919,16969,,8129,,50,,,,,,50
2376,25,149,5,0,0,0x05,19,4,0,18,7.667,4.000,-3.667,-4,-3,220,220,8840,16969,17019,,8179,,50,,,,,,50
2377,25,149,5,0,0,0x05,24,6,0,20,10.000,6.000,-4.000,-3,-4,220,220,8840,17019,17069,,8229,,50,,,,,,50
2378,25,149,5,0,0,0x05,20,7,0,20,9.000,7.000,-2.000,-4,-2,220,220,8840,17069,17119,,8279,,50,,,,,,50
2379,25,149,5,0,0,0x05,20,8,0,20,9.333,8.000,-1.333,-2,-1,220,220,8840,17119,17169,,8329,,50,,,,,,50
2380,25,149,5,0,0,0x05,20,10,0,20,10.000,10.000,0.000,-1,0,220,220,8840,17169,17219,,8379,,50,,,,,,50
2381,25,150,6,0,0,0x06,37,20,0,29,19.000,37.000,18.000,19,18,220,220,17405,24269,24319,,6914,,50,,,,,,50
2382,25,150,6,0,0,0x06,36,20,0,29,18.667,36.000,17.333,18,18,220,220,17405,24319,24369,,6964,,50,,,,,,50
2383,25,150,6,0,0,0x06,35,20,0,29,18.333,35.000,16.667,18,17,220,220,17405,24369,24419,,7014,,50,,,,,,50
2384,25,150,6,0,0,0x06,34,20,0,28,18.000,34.000,16.000,17,16,220,220,17405,24419,24469,,7064,,50,,,,,,50
2385,25,150,6,0,0,0x06,33,20,0,28,17.667,33.000,15.333,16,16,220,220,17405,24469,24519,,7114,,50,,,,,,50
2386,25,150,6,0,0,0x06,32,20,0,28,17.333,32.000,14.667,16,15,220,220,17405,24519,24569,,7164,,50,,,,,,50
2387,25,150,6,0,0,0x06,31,20,0,27,17.000,31.000,14.000,15,14,220,220,17405,24569,24619,,7214,,50,,,,,,50
2388,25,150,6,0,0,0x06,30,20,0,27,16.667,30.000,13.333,14,14,220,220,17405,24619,24669,,7264,,50,,,,,,50
2389,25,150,6,0,0,0x06,29,19,0,26,16.000,29.000,13.000,14,13,220,220,17405,24669,24719,,7314,,50,,,,,,50
2390,25,150,6,0,0,0x06,28,20,0,26,16.000,28.000,12.000,13,12,220,220,17405,24719,24769,,7364,,50,,,,,,50
2391,25,150,6,0,0,0x06,28,20,0,25,16.000,28.000,12.000,12,12,220,220,17405,24769,24819,,7414,,50,,,,,,50
2392,25,150,6,0,0,0x06,26,20,0,25,15.333,26.000,10.667,12,11,220,220,17405,24819,24869,,7464,,50,,,,,,50
2393,25,150,6,0,0,0x06,26,19,0,25,15.000,26.000,11.000,11,11,220,220,17405,24869,24919,,7514,,50,,,,,,50
2394,25,150,6,0,0,0x06,25,20,0,25,15.000,25.000,10.000,11,10,220,220,17405,24919,24969,,7564,,50,,,,,,50
2395,25,150,6,0,0,0x06,24,19,0,25,14.333,24.000,9.667,10,10,220,220,17405,24969,25019,,7614,,50,,,,,,50
2396,25,150,6,0,0,0x06,27,20,0,24,15.667,27.000,11.333,10,12,220,220,17405,25019,25069,,7664,,50,,,,,,50
2397,25,150,6,0,0,0x06,22,19,0,23,13.667,22.000,8.333,12,9,220,220,17405,25069,25119,,7714,,50,,,,,,50
2398,25,150,6,0,0,0x06,21,19,0,24,13.333,21.000,7.667,9,8,220,220,17405,25119,25169,,7764,,50,,,,,,50
2399,25,150,6,0,0,0x06,20,19,0,23,13.000,20.000,7.000,8,7,220,220,17405,25169,25219,,7814,,50,,,,,,50
2400,25,150,6,0,0,0x06,19,19,0,23,12.667,19.000,6.333,7,7,220,220,17405,25219,25269,,7864,,50,,,,,,50
2401,26,151,1,0,0,0x01,0,19,0,10,6.333,0.000,-6.333,-6,-6,220,220,25991,32319,32369,,6378,,50,,,,,,50
2402,26,151,1,0,0,0x01,0,19,0,10,6.333,0.000,-6.333,-6,-6,220,220,25991,32369,32419,,6428,,50,,,,,,50
2403,26,151,1,0,0,0x01,0,19,0,11,6.333,0.000,-6.333,-6,-6,220,220,25991,32419,32469,,6478,,50,,,,,,50
2404,26,151,1,0,0,0x01,0,19,0,12,6.333,0.000,-6.333,-6,-6,220,220,25991,32469,32519,,6528,,50,,,,,,50
2405,26,151,1,0,0,0x01,0,18,0,12,6.000,0.000,-6.000,-6,-6,220,220,25991,32519,32569,,6578,,50,,,,,,50
2406,26,151,1,0,0,0x01,0,19,0,13,6.333,0.000,-6.333,-6,-6,220,220,25991,32569,32619,,6628,,50,,,,,,50
2407,26,151,1,0,0,0x01,0,18,0,13,6.000,0.000,-6.000,-6,-6,220,220,25991,32619,32669,,6678,,50,,,,,,50
2408,26,151,1,0,0,0x01,0,19,0,14,6.333,0.000,-6.333,-6,-6,220,220,25991,32669,32719,,6728,,50,,,,,,50
2409,26,151,1,0,0,0x01,0,18,0,14,6.000,0.000,-6.000,-6,-6,220,220,25991,32719,32769,,6778,,50,,,,,,50
2410,26,151,1,0,0,0x01,0,19,0,14,6.333,0.000,-6.333,-6,-6,220,220,25991,32769,32819,,6828,,50,,,,,,50
2411,26,151,1,0,0,0x01,0,19,0,15,6.333,0.000,-6.333,-6,-6,220,220,25991,32819,32869,,6878,,50,,,,,,50
2412,26,151,1,0,0,0x01,1,19,0,15,6.667,0.000,-6.667,-6,-6,220,220,34306,34919,34969,,663,,50,,,,,,50
2413,26,151,1,0,0,0x01,0,19,0,16,6.333,0.000,-6.333,-6,-6,220,220,25991,32919,32969,,6978,,50,,,,,,50
2414,26,152,2,0,0,0x02,0,19,0,12,6.333,19.000,12.667,-6,-7,220,220,34306,35019,35069,,763,,50,,,,,,50
2415,26,153,1,0,0,0x01,5,19,0,18,8.000,0.000,-8.000,-6,-8,220,220,25991,33019,33069,,7078,,50,,,,,,50
2416,26,154,2,0,0,0x02,1,0,18,14,6.333,0.000,-6.333,-6,-6,220,220,34306,35119,35169,,863,,50,,,,,,50
2417,26,155,1,0,0,0x01,1,19,3,18,7.667,3.000,-4.667,-5,-4,220,220,34306,35169,35219,,913,,50,,,,,,50
2418,26,156,2,0,0,0x02,0,0,18,14,6.000,0.000,-6.000,-6,-6,220,220,34306,35219,35269,,963,,50,,,,,,50
2419,26,156,2,0,0,0x02,1,0,17,15,6.000,0.000,-6.000,-6,-6,220,220,34306,35269,35319,,1013,,50,,,,,,50
2420,26,156,2,0,0,0x02,1,0,18,16,6.333,0.000,-6.333,-6,-6,220,220,34306,35319,35369,,1063,,50,,,,,,50
2421,26,156,2,0,0,0x02,3,46,20,33,23.000,46.000,23.000,24,23,220,220,34306,41369,41419,,7113,,50,,,,,,50
2422,26,156,2,0,0,0x02,3,44,20,33,22.333,44.000,21.667,23,22,220,220,34306,41419,41469,,7163,,50,,,,,,50
2423,26,156,2,0,0,0x02,3,43,20,32,22.000,43.000,21.000,22,21,220,220,34306,41469,41519,,7213,,50,,,,,,50
2424,26,156,2,0,0,0x02,2,43,20,32,21.667,43.000,21.333,21,22,220,220,34306,41519,41569,,7263,,50,,,,,,50
2425,26,156,2,0,0,0x02,2,41,20,32,21.000,41.000,20.000,22,20,220,220,34306,41569,41619,,7313,,50,,,,,,50
2426,26,156,2,0,0,0x02,2,40,20,31,20.667,40.000,19.333,20,20,220,220,34306,41619,41669,,7363,,50,,,,,,50
2427,26,156,2,0,0,0x02,2,38,19,30,19.667,38.000,18.333,20,19,220,220,34306,41669,41719,,7413,,50,,,,,,50
2428,26,156,2,0,0,0x02,2,38,19,30,19.667,38.000,18.333,19,19,220,220,34306,41719,41769,,7463,,50,,,,,,50
2429,26,156,2,0,0,0x02,2,36,19,30,19.000,36.000,17.000,19,17,220,220,34306,41769,41819,,7513,,50,,,,,,50
2430,26,156,2,0,0,0x02,2,35,19,29,18.667,35.000,16.333,17,17,220,220,34306,41819,41869,,7563,,50,,,,,,50
2431,26,156,2,0,0,0x02,2,34,19,29,18.333,34.000,15.667,17,16,220,220,34306,41869,41919,,7613,,50,,,,,,50
2432,26,156,2,0,0,0x02,2,33,19,28,18.000,33.000,15.000,16,15,220,220,34306,41919,41969,,7663,,50,,,,,,50
2433,26,156,2,0,0,0x02,2,31,18,28,17.000,31.000,14.000,15,14,220,220,34306,41969,42019,,7713,,50,,,,,,50
2434,26,156,2,0,0,0x02,6,30,19,28,18.333,30.000,11.667,14,12,220,220,34306,42019,42069,,7763,,50,,,,,,50
2435,26,156,2,0,0,0x02,2,29,19,27,16.667,29.000,12.333,12,13,220,220,34306,42069,42119,,7813,,50,,,,,,50
2436,26,156,2,0,0,0x02,2,28,19,27,16.333,28.000,11.667,13,12,220,220,34306,42119,42169,,7863,,50,,,,,,50
2437,26,156,2,0,0,0x02,2,26,18,26,15.333,26.000,10.667,12,11,220,220,34306,42169,42219,,7913,,50,,,,,,50
2438,26,156,2,0,0,0x02,2,25,18,26,15.000,25.000,10.000,11,10,220,220,34306,42219,42269,,7963,,50,,,,,,50
2439,26,156,2,0,0,0x02,2,24,18,26,14.667,24.000,9.333,10,10,220,220,34306,42269,42319,,8013,,50,,,,,,50
2440,26,156,2,0,0,0x02,2,24,18,25,14.667,24.000,9.333,10,10,220,220,34306,42319,42369,,8063,,50,,,,,,50
2441,27,157,3,0,0,0x03,0,0,17,14,5.667,0.000,-5.667,-5,-5,220,220,42639,49419,49469,,6830,,50,,,,,,50
2442,27,157,3,0,0,0x03,0,0,17,15,5.667,0.000,-5.667,-5,-5,220,220,42639,49469,49519,,6880,,50,,,,,,50
2443,27,157,3,0,0,0x03,0,0,17,15,5.667,0.000,-5.667,-5,-5,220,220,42639,49519,49569,,6930,,50,,,,,,50
2444,27,157,3,0,0,0x03,0,0,17,15,5.667,0.000,-5.667,-5,-5,220,220,42639,49569,49619,,6980,,50,,,,,,50
2445,27,157,3,0,0,0x03,0,0,18,16,6.000,0.000,-6.000,-5,-6,220,220,42639,49619,49669,,7030,,50,,,,,,50
2446,27,157,3,0,0,0x03,0,0,17,16,5.667,0.000,-5.667,-6,-5,220,220,42639,49669,49719,,7080,,50,,,,,,50
2447,27,157,3,0,0,0x03,1,0,17,16,6.000,1.000,-5.000,-5,-5,220,220,42639,49719,49769,,7130,,50,,,,,,50
2448,27,157,3,0,0,0x03,1,0,17,16,6.000,1.000,-5.000,-5,-5,220,220,42639,49769,49819,,7180,,50,,,,,,50
2449,27,157,3,0,0,0x03,2,0,17,17,6.333,2.000,-4.333,-5,-4,220,220,42639,49819,49869,,7230,,50,,,,,,50
2450,27,157,3,0,0,0x03,3,0,17,17,6.667,3.000,-3.667,-4,-3,220,220,42639,49869,49919,,7280,,50,,,,,,50
2451,27,157,3,0,0,0x03,3,0,17,18,6.667,3.000,-3.667,-3,-3,220,220,42639,49919,49969,,7330,,50,,,,,,50
2452,27,157,3,0,0,0x03,5,0,18,18,7.667,5.000,-2.667,-3,-2,220,220,42639,49969,50019,,7380,,50,,,,,,50
2453,27,157,3,0,0,0x03,10,0,18,19,9.333,10.000,0.667,-2,1,220,220,42639,50019,50069,,7430,,50,,,,,,50
2454,27,157,3,0,0,0x03,7,0,17,19,8.000,7.000,-1.000,1,-1,220,220,42639,50069,50119,,7480,,50,,,,,,50
2455,27,157,3,0,0,0x03,8,0,17,19,8.333,8.000,-0.333,-1,0,220,220,42639,50119,50169,,7530,,50,,,,,,50
2456,27,157,3,0,0,0x03,8,0,17,20,8.333,8.000,-0.333,0,0,220,220,42639,50169,50219,,7580,,50,,,,,,50
2457,27,157,3,0,0,0x03,10,0,18,20,9.333,10.000,0.667,0,1,220,220,42639,50219,50269,,7630,,50,,,,,,50
2458,27,157,3,0,0,0x03,10,0,17,20,9.000,10.000,1.000,1,1,220,220,42639,50269,50319,,7680,,50,,,,,,50
2459,27,157,3,0,0,0x03,11,0,18,20,9.667,11.000,1.333,1,2,220,220,42639,50319,50369,,7730,,50,,,,,,50
2460,27,157,3,0,0,0x03,12,0,18,21,10.000,12.000,2.000,2,2,220,220,42639,50369,50419,,7780,,50,,,,,,50
2461,27,158,4,0,0,0x04,23,0,37,31,20.000,37.000,17.000,18,17,220,220,50957,57469,57519,,6562,,50,,,,,,50
2462,27,158,4,0,0,0x04,23,0,35,30,19.333,35.000,15.667,17,16,220,220,50957,57519,57569,,6612,,50,,,,,,50
2463,27,158,4,0,0,0x04,22,0,35,30,19.000,35.000,16.000,16,16,220,220,50957,57569,57619,,6662,,50,,,,,,50
2464,27,158,4,0,0,0x04,23,0,33,29,18.667,33.000,14.333,16,15,220,220,50957,57619,57669,,6712,,50,,,,,,50
2465,27,158,4,0,0,0x04,22,0,31,28,17.667,31.000,13.333,15,14,220,220,50957,57669,57719,,6762,,50,,,,,,50
2466,27,158,4,0,0,0x04,23,0,30,28,17.667,30.000,12.333,14,13,220,220,50957,57719,57769,,6812,,50,,,,,,50
2467,27,158,4,0,0,0x04,22,0,29,28,17.000,29.000,12.000,13,12,220,220,50957,57769,57819,,6862,,50,,,,,,50
2468,27,158,4,0,0,0x04,22,0,28,27,16.667,28.000,11.333,12,12,220,220,50957,57819,57869,,6912,,50,,,,,,50
2469,27,158,4,0,0,0x04,22,0,26,27,16.000,26.000,10.000,12,10,220,220,50957,57869,57919,,6962,,50,,,,,,50
2470,27,158,4,0,0,0x04,22,0,25,26,15.667,25.000,9.333,10,10,220,220,50957,57919,57969,,7012,,50,,,,,,50
2471,27,158,4,0,0,0x04,21,0,24,26,15.000,24.000,9.000,10,9,220,220,50957,57969,58019,,7062,,50,,,,,,50
2472,27,158,4,0,0,0x04,26,0,23,26,16.333,23.000,6.667,9,7,220,220,50957,58019,58069,,7112,,50,,,,,,50
2473,27,158,4,0,0,0x04,22,0,22,25,14.667,22.000,7.333,7,8,220,220,50957,58069,58119,,7162,,50,,,,,,50
2474,27,158,4,0,0,0x04,21,0,20,24,13.667,20.000,6.333,8,7,220,220,50957,58119,58169,,7212,,50,,,,,,50
2475,27,158,4,0,0,0x04,21,0,20,24,13.667,20.000,6.333,7,7,220,220,50957,58169,58219,,7262,,50,,,,,,50
2476,27,158,4,0,0,0x04,21,0,18,24,13.000,18.000,5.000,7,5,220,220,50957,58219,58269,,7312,,50,,,,,,50
2477,27,158,4,0,0,0x04,21,0,17,23,12.667,17.000,4.333,5,5,220,220,50957,58269,58319,,7362,,50,,,,,,50
2478,27,158,4,0,0,0x04,21,0,16,22,12.333,16.000,3.667,5,4,220,220,50957,58319,58369,,7412,,50,,,,,,50
2479,27,158,4,0,0,0x04,21,0,14,22,11.667,14.000,2.333,4,3,220,220,50957,58369,58419,,7462,,50,,,,,,50
2480,27,158,4,0,0,0x04,21,0,13,22,11.333,13.000,1.667,3,2,220,220,50957,58419,58469,,7512,,50,,,,,,50
2481,27,159,5,0,0,0x05,19,0,0,11,6.333,0.000,-6.333,-6,-6,220,220,59292,983,1033,,7277,,50,,,,,,50
2482,27,159,5,0,0,0x05,19,0,0,12,6.333,0.000,-6.333,-6,-6,220,220,59292,1033,1083,,7327,,50,,,,,,50
2483,27,159,5,0,0,0x05,20,0,0,12,6.667,0.000,-6.667,-6,-6,220,220,59292,1083,1133,,7377,,50,,,,,,50
2484,27,159,5,0,0,0x05,19,0,0,12,6.333,0.000,-6.333,-6,-6,220,220,59292,1133,1183,,7427,,50,,,,,,50
2485,27,159,5,0,0,0x05,20,0,0,13,6.667,0.000,-6.667,-6,-6,220,220,59292,1183,1233,,7477,,50,,,,,,50
2486,27,159,5,0,0,0x05,20,0,0,13,6.667,0.000,-6.667,-6,-6,220,220,59292,1233,1283,,7527,,50,,,,,,50
2487,27,159,5,0,0,0x05,20,0,0,13,6.667,0.000,-6.667,-6,-6,220,220,59292,1283,1333,,7577,,50,,,,,,50
2488,27,159,5,0,0,0x05,20,0,0,14,6.667,0.000,-6.667,-6,-6,220,220,59292,1333,1383,,7627,,50,,,,,,50
2489,27,159,5,0,0,0x05,19,0,0,14,6.333,0.000,-6.333,-6,-6,220,220,59292,1383,1433,,7677,,50,,,,,,50
2490,27,159,5,0,0,0x05,19,0,0,15,6.333,0.000,-6.333,-6,-6,220,220,59292,1433,1483,,7727,,50,,,,,,50
2491,27,159,5,0,0,0x05,24,0,0,16,8.000,0.000,-8.000,-6,-8,220,220,59292,1483,1533,,7777,,50,,,,,,50
2492,27,159,5,0,0,0x05,20,0,0,16,6.667,0.000,-6.667,-8,-6,220,220,59292,1533,1583,,7827,,50,,,,,,50
2493,27,159,5,0,0,0x05,20,0,0,16,6.667,0.000,-6.667,-6,-6,220,220,59292,1583,1633,,7877,,50,,,,,,50
2494,27,159,5,0,0,0x05,20,0,0,16,6.667,0.000,-6.667,-6,-6,220,220,59292,1633,1683,,7927,,50,,,,,,50
2495,27,159,5,0,0,0x05,20,0,0,17,6.667,0.000,-6.667,-6,-6,220,220,59292,1683,1733,,7977,,50,,,,,,50
2496,27,159,5,0,0,0x05,20,1,0,17,7.000,1.000,-6.000,-6,-6,220,220,59292,1733,1783,,8027,,50,,,,,,50
2497,27,159,5,0,0,0x05,20,2,0,17,7.333,2.000,-5.333,-6,-5,220,220,59292,1783,1833,,8077,,50,,,,,,50
2498,27,159,5,0,0,0x05,20,3,0,18,7.667,3.000,-4.667,-5,-4,220,220,59292,1833,1883,,8127,,50,,,,,,50
2499,27,159,5,0,0,0x05,20,4,0,18,8.000,4.000,-4.000,-4,-4,220,220,59292,1883,1933,,8177,,50,,,,,,50
2500,27,159,5,0,0,0x05,20,5,0,18,8.333,5.000,-3.333,-4,-3,220,220,59292,1933,1983,,8227,,50,,,,,,50
2501,27,160,6,0,0,0x06,24,19,0,24,14.333,24.000,9.667,11,10,220,220,2069,9033,9083,,7014,,50,,,,,,50
2502,27,160,6,0,0,0x06,23,19,0,24,14.000,23.000,9.000,10,9,220,220,2069,9083,9133,,7064,,50,,,,,,50
2503,27,160,6,0,0,0x06,22,19,0,24,13.667,22.000,8.333,9,9,220,220,2069,9133,9183,,7114,,50,,,,,,50
2504,27,160,6,0,0,0x06,21,19,0,23,13.333,21.000,7.667,9,8,220,220,2069,9183,9233,,7164,,50,,,,,,50
2505,27,160,6,0,0,0x06,19,19,0,23,12.667,19.000,6.333,8,7,220,220,2069,9233,9283,,7214,,50,,,,,,50
2506,27,160,6,0,0,0x06,18,19,0,22,12.333,18.000,5.667,7,6,220,220,2069,9283,9333,,7264,,50,,,,,,50
2507,27,160,6,0,0,0x06,17,19,0,22,12.000,17.000,5.000,6,5,220,220,2069,9333,9383,,7314,,50,,,,,,50
2508,27,160,6,0,0,0x06,16,18,0,21,11.333,16.000,4.667,5,5,220,220,2069,9383,9433,,7364,,50,,,,,,50
2509,27,160,6,0,0,0x06,15,19,0,21,11.333,15.000,3.667,5,4,220,220,2069,9433,9483,,7414,,50,,,,,,50
2510,27,160,6,0,0,0x06,18,18,0,21,12.000,18.000,6.000,4,6,220,220,2069,9483,9533,,7464,,50,,,,,,50
2511,27,160,6,0,0,0x06,13,19,0,20,10.667,13.000,2.333,6,3,220,220,2069,9533,9583,,7514,,50,,,,,,50
2512,27,160,6,0,0,0x06,11,18,0,20,9.667,11.000,1.333,3,2,220,220,2069,9583,9633,,7564,,50,,,,,,50
2513,27,160,6,0,0,0x06,11,18,0,19,9.667,11.000,1.333,2,2,220,220,2069,9633,9683,,7614,,50,,,,,,50
2514,27,160,6,0,0,0x06,10,18,0,19,9.333,10.000,0.667,2,1,220,220,2069,9683,9733,,7664,,50,,,,,,50
2515,27,160,6,0,0,0x06,8,18,0,19,8.667,8.000,-0.667,1,0,220,220,2069,9733,9783,,7714,,50,,,,,,50
2516,27,160,6,0,0,0x06,7,18,0,19,8.333,7.000,-1.333,0,-1,220,220,2069,9783,9833,,7764,,50,,,,,,50
2517,27,160,6,0,0,0x06,6,18,0,18,8.000,6.000,-2.000,-1,-2,220,220,2069,9833,9883,,7814,,50,,,,,,50
2518,27,160,6,0,0,0x06,5,18,0,18,7.667,5.000,-2.667,-2,-2,220,220,2069,9883,9933,,7864,,50,,,,,,50
2519,27,160,6,0,0,0x06,4,18,0,17,7.333,4.000,-3.333,-2,-3,220,220,2069,9933,9983,,7914,,50,,,,,,50
2520,27,160,6,0,0,0x06,3,18,0,17,7.000,3.000,-4.000,-3,-4,220,220,2069,9983,10033,,7964,,50,,,,,,50
2521,27,161,1,0,0,0x01,0,18,0,11,6.000,0.000,-6.000,-6,-6,220,220,10407,17083,17133,,6726,,50,,,,,,50
2522,27,161,1,0,0,0x01,0,18,0,11,6.000,0.000,-6.000,-6,-6,220,220,10407,17133,17183,,6776,,50,,,,,,50
2523,27,161,1,0,0,0x01,0,19,0,11,6.333,0.000,-6.333,-6,-6,220,220,10407,17183,17233,,6826,,50,,,,,,50
2524,27,161,1,0,0,0x01,0,19,0,12,6.333,0.000,-6.333,-6,-6,220,220,10407,17233,17283,,6876,,50,,,,,,50
2525,27,161,1,0,0,0x01,0,18,0,13,6.000,0.000,-6.000,-6,-6,220,220,10407,17283,17333,,6926,,50,,,,,,50
2526,27,161,1,0,0,0x01,0,19,0,13,6.333,0.000,-6.333,-6,-6,220,220,10407,17333,17383,,6976,,50,,,,,,50
2527,27,161,1,0,0,0x01,0,19,0,13,6.333,0.000,-6.333,-6,-6,220,220,10407,17383,17433,,7026,,50,,,,,,50
2528,27,161,1,0,0,0x01,0,19,0,14,6.333,0.000,-6.333,-6,-6,220,220,10407,17433,17483,,7076,,50,,,,,,50
2529,27,161,1,0,0,0x01,4,19,0,14,7.667,0.000,-7.667,-6,-7,220,220,10407,17483,17533,,7126,,50,,,,,,50
2530,27,161,1,0,0,0x01,0,19,0,15,6.333,0.000,-6.333,-7,-6,220,220,10407,17533,17583,,7176,,50,,,,,,50
2531,27,161,1,0,0,0x01,0,19,0,15,6.333,0.000,-6.333,-6,-6,220,220,10407,17583,17633,,7226,,50,,,,,,50
2532,27,161,1,0,0,0x01,0,19,0,15,6.333,0.000,-6.333,-6,-6,220,220,10407,17633,17683,,7276,,50,,,,,,50
2533,27,161,1,0,0,0x01,0,19,0,16,6.333,0.000,-6.333,-6,-6,220,220,10407,17683,17733,,7326,,50,,,,,,50
2534,27,161,1,0,0,0x01,0,19,0,17,6.333,0.000,-6.333,-6,-6,220,220,10407,17733,17783,,7376,,50,,,,,,50
2535,27,161,1,0,0,0x01,1,19,0,17,6.667,0.000,-6.667,-6,-6,220,220,10407,17783,17833,,7426,,50,,,,,,50
2536,27,161,1,0,0,0x01,1,19,1,18,7.000,1.000,-6.000,-6,-6,220,220,10407,17833,17883,,7476,,50,,,,,,50
2537,27,161,1,0,0,0x01,1,19,2,18,7.333,2.000,-5.333,-6,-5,220,220,10407,17883,17933,,7526,,50,,,,,,50
2538,27,161,1,0,0,0x01,1,19,3,18,7.667,3.000,-4.667,-5,-4,220,220,10407,17933,17983,,7576,,50,,,,,,50
2539,27,161,1,0,0,0x01,0,19,4,18,7.667,4.000,-3.667,-4,-3,220,220,10407,17983,18033,,7626,,50,,,,,,50
2540,27,161,1,0,0,0x01,1,19,6,19,8.667,6.000,-2.667,-3,-2,220,220,10407,18033,18083,,7676,,50,,,,,,50
2541,27,162,2,0,0,0x02,3,62,21,39,28.667,62.000,33.333,34,34,220,220,18722,25133,25183,,6461,,50,,,,,,50
2542,27,162,2,0,0,0x02,3,60,21,39,28.000,60.000,32.000,34,32,220,220,18722,25183,25233,,6511,,50,,,,,,50
2543,27,162,2,0,0,0x02,3,59,21,38,27.667,59.000,31.333,32,32,220,220,18722,25233,25283,,6561,,50,,,,,,50
2544,27,162,2,0,0,0x02,2,59,21,38,27.333,59.000,31.667,32,32,220,220,18722,25283,25333,,6611,,50,,,,,,50
2545,27,162,2,0,0,0x02,3,57,21,37,27.000,57.000,30.000,32,30,220,220,18722,25333,25383,,6661,,50,,,,,,50
2546,27,162,2,0,0,0x02,2,56,21,37,26.333,56.000,29.667,30,30,220,220,18722,25383,25433,,6711,,50,,,,,,50
2547,27,162,2,0,0,0x02,3,55,22,37,26.667,55.000,28.333,30,29,220,220,18722,25433,25483,,6761,,50,,,,,,50
2548,27,162,2,0,0,0x02,6,54,21,36,27.000,54.000,27.000,29,27,220,220,18722,25483,25533,,6811,,50,,,,,,50
2549,27,162,2,0,0,0x02,3,52,21,35,25.333,52.000,26.667,27,27,220,220,18722,25533,25583,,6861,,50,,,,,,50
2550,27,162,2,0,0,0x02,2,51,21,35,24.667,51.000,26.333,27,27,220,220,18722,25583,25633,,6911,,50,,,,,,50
2551,27,162,2,0,0,0x02,2,50,21,35,24.333,50.000,25.667,27,26,220,220,18722,25633,25683,,6961,,50,,,,,,50
2552,27,162,2,0,0,0x02,2,49,21,34,24.000,49.000,25.000,26,25,220,220,18722,25683,25733,,7011,,50,,,,,,50
2553,27,162,2,0,0,0x02,2,47,20,34,23.000,47.000,24.000,25,24,220,220,18722,25733,25783,,7061,,50,,,,,,50
2554,27,162,2,0,0,0x02,2,46,20,33,22.667,46.000,23.333,24,24,220,220,18722,25783,25833,,7111,,50,,,,,,50
2555,27,162,2,0,0,0x02,2,45,20,33,22.333,45.000,22.667,24,23,220,220,18722,25833,25883,,7161,,50,,,,,,50
2556,27,162,2,0,0,0x02,2,44,20,32,22.000,44.000,22.000,23,22,220,220,18722,25883,25933,,7211,,50,,,,,,50
2557,27,162,2,0,0,0x02,2,42,20,32,21.333,42.000,20.667,22,21,220,220,18722,25933,25983,,7261,,50,,,,,,50
2558,27,162,2,0,0,0x02,2,41,20,32,21.000,41.000,20.000,21,20,220,220,18722,25983,26033,,7311,,50,,,,,,50
2559,27,162,2,0,0,0x02,2,40,20,31,20.667,40.000,19.333,20,20,220,220,18722,26033,26083,,7361,,50,,,,,,50
2560,27,162,2,0,0,0x02,2,38,20,31,20.000,38.000,18.000,20,18,220,220,18722,26083,26133,,7411,,50,,,,,,50
2561,28,163,3,0,0,0x03,0,0,17,15,5.667,0.000,-5.667,-5,-5,220,220,27056,34183,34233,,7177,,50,,,,,,50
2562,28,163,3,0,0,0x03,0,0,17,15,5.667,0.000,-5.667,-5,-5,220,220,27056,34233,34283,,7227,,50,,,,,,50
2563,28,163,3,0,0,0x03,0,0,17,16,5.667,0.000,-5.667,-5,-5,220,220,27056,34283,34333,,7277,,50,,,,,,50
2564,28,163,3,0,0,0x03,0,0,17,16,5.667,0.000,-5.667,-5,-5,220,220,27056,34333,34383,,7327,,50,,,,,,50
2565,28,163,3,0,0,0x03,0,0,17,16,5.667,0.000,-5.667,-5,-5,220,220,27056,34383,34433,,7377,,50,,,,,,50
2566,28,163,3,0,0,0x03,2,0,18,16,6.667,2.000,-4.667,-5,-4,220,220,27056,34433,34483,,7427,,50,,,,,,50
2567,28,163,3,0,0,0x03,6,0,17,17,7.667,6.000,-1.667,-4,-1,220,220,27056,34483,34533,,7477,,50,,,,,,50
2568,28,163,3,0,0,0x03,3,0,17,17,6.667,3.000,-3.667,-1,-3,220,220,27056,34533,34583,,7527,,50,,,,,,50
2569,28,163,3,0,0,0x03,4,0,17,18,7.000,4.000,-3.000,-3,-3,220,220,27056,34583,34633,,7577,,50,,,,,,50
2570,28,163,3,0,0,0x03,5,0,17,18,7.333,5.000,-2.333,-3,-2,220,220,27056,34633,34683,,7627,,50,,,,,,50
2571,28,163,3,0,0,0x03,5,0,17,18,7.333,5.000,-2.333,-2,-2,220,220,27056,34683,34733,,7677,,50,,,,,,50
2572,28,163,3,0,0,0x03,6,0,17,19,7.667,6.000,-1.667,-2,-1,220,220,27056,34733,34783,,7727,,50,,,,,,50
2573,28,163,3,0,0,0x03,8,0,17,19,8.333,8.000,-0.333,-1,0,220,220,27056,34783,34833,,7777,,50,,,,,,50
2574,28,163,3,0,0,0x03,8,0,18,19,8.667,8.000,-0.667,0,0,220,220,27056,34833,34883,,7827,,50,,,,,,50
2575,28,163,3,0,0,0x03,9,0,17,20,8.667,9.000,0.333,0,1,220,220,27056,34883,34933,,7877,,50,,,,,,50
2576,28,163,3,0,0,0x03,10,0,17,20,9.000,10.000,1.000,1,1,220,220,27056,34933,34983,,7927,,50,,,,,,50
2577,28,163,3,0,0,0x03,11,0,17,20,9.333,11.000,1.667,1,2,220,220,27056,34983,35033,,7977,,50,,,,,,50
2578,28,163,3,0,0,0x03,12,0,17,21,9.667,12.000,2.333,2,3,220,220,27056,35033,35083,,8027,,50,,,,,,50
2579,28,163,3,0,0,0x03,13,0,17,21,10.000,13.000,3.000,3,3,220,220,27056,35083,35133,,8077,,50,,,,,,50
2580,28,163,3,0,0,0x03,14,1,18,22,11.000,14.000,3.000,3,3,220,220,27056,35133,35183,,8127,,50,,,,,,50
2581,28,164,4,0,0,0x04,21,0,16,23,12.333,16.000,3.667,5,4,220,220,35371,42233,42283,,6912,,50,,,,,,50
2582,28,164,4,0,0,0x04,21,0,15,22,12.000,15.000,3.000,4,3,220,220,35371,42283,42333,,6962,,50,,,,,,50
2583,28,164,4,0,0,0x04,21,0,14,22,11.667,14.000,2.333,3,3,220,220,35371,42333,42383,,7012,,50,,,,,,50
2584,28,164,4,0,0,0x04,21,0,12,22,11.000,12.000,1.000,3,1,220,220,35371,42383,42433,,7062,,50,,,,,,50
2585,28,164,4,0,0,0x04,21,0,11,21,10.667,11.000,0.333,1,1,220,220,35371,42433,42483,,7112,,50,,,,,,50
2586,28,164,4,0,0,0x04,25,0,10,21,11.667,10.000,-1.667,1,-1,220,220,35371,42483,42533,,7162,,50,,,,,,50
2587,28,164,4,0,0,0x04,20,0,9,20,9.667,9.000,-0.667,-1,0,220,220,35371,42533,42583,,7212,,50,,,,,,50
2588,28,164,4,0,0,0x04,20,0,7,20,9.000,7.000,-2.000,0,-2,220,220,35371,42583,42633,,7262,,50,,,,,,50
2589,28,164,4,0,0,0x04,20,0,6,19,8.667,6.000,-2.667,-2,-2,220,220,35371,42633,42683,,7312,,50,,,,,,50
2590,28,164,4,0,0,0x04,20,0,5,19,8.333,5.000,-3.333,-2,-3,220,220,35371,42683,42733,,7362,,50,,,,,,50
2591,28,164,4,0,0,0x04,20,0,4,18,8.000,4.000,-4.000,-3,-4,220,220,35371,42733,42783,,7412,,50,,,,,,50
2592,28,164,4,0,0,0x04,20,0,2,18,7.333,2.000,-5.333,-4,-5,220,220,35371,42783,42833,,7462,,50,,,,,,50
2593,28,164,4,0,0,0x04,20,0,2,17,7.333,2.000,-5.333,-5,-5,220,220,35371,42833,42883,,7512,,50,,,,,,50
2594,28,164,4,0,0,0x04,20,0,0,17,6.667,0.000,-6.667,-5,-6,220,220,35371,42883,42933,,7562,,50,,,,,,50
2595,28,164,4,0,0,0x04,20,0,0,17,6.667,0.000,-6.667,-6,-6,220,220,35371,42933,42983,,7612,,50,,,,,,50
2596,28,164,4,0,0,0x04,20,0,0,16,6.667,0.000,-6.667,-6,-6,220,220,35371,42983,43033,,7662,,50,,,,,,50
2597,28,164,4,0,0,0x04,20,0,0,16,6.667,0.000,-6.667,-6,-6,220,220,35371,43033,43083,,7712,,50,,,,,,50
2598,28,164,4,0,0,0x04,20,0,0,15,6.667,0.000,-6.667,-6,-6,220,220,35371,43083,43133,,7762,,50,,,,,,50
2599,28,164,4,0,0,0x04,20,0,0,15,6.667,0.000,-6.667,-6,-6,220,220,35371,43133,43183,,7812,,50,,,,,,50
2600,28,164,4,0,0,0x04,19,0,0,14,6.333,0.000,-6.333,-6,-6,220,220,35371,43183,43233,,7862,,50,,,,,,50
2601,28,165,5,0,0,0x05,19,0,0,0,6.333,0.000,-6.333,-6,-6,220,220,43705,50283,50333,,6628,,50,,,,,,50
2602,28,165,5,0,0,0x05,19,0,0,0,6.333,0.000,-6.333,-6,-6,220,220,43705,50333,50383,,6678,,50,,,,,,50
2603,28,165,5,0,0,0x05,19,0,0,1,6.333,0.000,-6.333,-6,-6,220,220,43705,50383,50433,,6728,,50,,,,,,50
2604,28,165,5,0,0,0x05,19,0,0,1,6.333,0.000,-6.333,-6,-6,220,220,43705,50433,50483,,6778,,50,,,,,,50
2605,28,165,5,0,0,0x05,23,0,0,2,7.667,0.000,-7.667,-6,-7,220,220,43705,50483,50533,,6828,,50,,,,,,50
2606,28,165,5,0,0,0x05,18,0,0,2,6.000,0.000,-6.000,-7,-6,220,220,43705,50533,50583,,6878,,50,,,,,,50
2607,28,165,5,0,0,0x05,19,0,0,2,6.333,0.000,-6.333,-6,-6,220,220,43705,50583,50633,,6928,,50,,,,,,50
2608,28,165,5,0,0,0x05,19,0,0,3,6.333,0.000,-6.333,-6,-6,220,220,43705,50633,50683,,6978,,50,,,,,,50
2609,28,165,5,0,0,0x05,19,0,0,3,6.333,0.000,-6.333,-6,-6,220,220,43705,50683,50733,,7028,,50,,,,,,50
2610,28,165,5,0,0,0x05,19,0,0,4,6.333,0.000,-6.333,-6,-6,220,220,43705,50733,50783,,7078,,50,,,,,,50
2611,28,165,5,0,0,0x05,19,0,0,4,6.333,0.000,-6.333,-6,-6,220,220,43705,50783,50833,,7128,,50,,,,,,50
2612,28,165,5,0,0,0x05,19,0,0,5,6.333,0.000,-6.333,-6,-6,220,220,43705,50833,50883,,7178,,50,,,,,,50
2613,28,165,5,0,0,0x05,19,0,0,5,6.333,0.000,-6.333,-6,-6,220,220,43705,50883,50933,,7228,,50,,,,,,50
2614,28,165,5,0,0,0x05,19,0,0,6,6.333,0.000,-6.333,-6,-6,220,220,43705,50933,50983,,7278,,50,,,,,,50
2615,28,165,5,0,0,0x05,19,0,0,6,6.333,0.000,-6.333,-6,-6,220,220,43705,50983,51033,,7328,,50,,,,,,50
2616,28,165,5,0,0,0x05,19,0,0,6,6.333,0.000,-6.333,-6,-6,220,220,43705,51033,51083,,7378,,50,,,,,,50
2617,28,165,5,0,0,0x05,19,0,0,8,6.333,0.000,-6.333,-6,-6,220,220,43705,51083,51133,,7428,,50,,,,,,50
2618,28,165,5,0,0,0x05,19,0,0,7,6.333,0.000,-6.333,-6,-6,220,220,43705,51133,51183,,7478,,50,,,,,,50
2619,28,165,5,0,0,0x05,19,0,0,8,6.333,0.000,-6.333,-6,-6,220,220,43705,51183,51233,,7528,,50,,,,,,50
2620,28,165,5,0,0,0x05,19,0,0,8,6.333,0.000,-6.333,-6,-6,220,220,43705,51233,51283,,7578,,50,,,,,,50
2621,28,166,6,0,0,0x06,26,19,0,25,15.000,26.000,11.000,12,11,220,220,52019,58333,58383,,6364,,50,,,,,,50
2622,28,166,6,0,0,0x06,25,19,0,25,14.667,25.000,10.333,11,11,220,220,52019,58383,58433,,6414,,50,,,,,,50
2623,28,166,6,0,0,0x06,24,20,0,24,14.667,24.000,9.333,11,10,220,220,52019,58433,58483,,6464,,50,,,,,,50
2624,28,166,6,0,0,0x06,27,19,0,25,15.333,27.000,11.667,10,12,220,220,52019,58483,58533,,6514,,50,,,,,,50
2625,28,166,6,0,0,0x06,22,19,0,24,13.667,22.000,8.333,12,9,220,220,52019,58533,58583,,6564,,50,,,,,,50
2626,28,166,6,0,0,0x06,21,19,0,24,13.333,21.000,7.667,9,8,220,220,52019,58583,58633,,6614,,50,,,,,,50
2627,28,166,6,0,0,0x06,20,19,0,23,13.000,20.000,7.000,8,7,220,220,52019,58633,58683,,6664,,50,,,,,,50
2628,28,166,6,0,0,0x06,19,19,0,23,12.667,19.000,6.333,7,7,220,220,52019,58683,58733,,6714,,50,,,,,,50
2629,28,166,6,0,0,0x06,18,19,0,23,12.333,18.000,5.667,7,6,220,220,52019,58733,58783,,6764,,50,,,,,,50
2630,28,166,6,0,0,0x06,18,19,0,22,12.333,18.000,5.667,18,18,220,220,60355,60833,60883,,528,,50,,,,,,50
2631,28,166,6,0,0,0x06,17,19,0,22,12.000,17.000,5.000,6,5,220,220,52019,58833,58883,,6864,,50,,,,,,50
2632,28,167,1,0,0,0x01,16,18,0,22,11.333,0.000,-11.333,18,16,220,220,60355,60933,60983,,628,,50,,,,,,50
2633,28,168,6,0,0,0x06,15,19,0,21,11.333,15.000,3.667,5,4,220,220,52019,58933,58983,,6964,,50,,,,,,50
2634,29,169,1,0,0,0x01,14,18,0,28,10.667,0.000,-10.667,14,14,220,220,60355,61033,61083,,728,,50,,,,,,50
2635,29,170,6,0,0,0x06,13,18,0,21,10.333,13.000,2.667,4,3,220,220,52019,59033,59083,,7064,,50,,,,,,50
2636,29,171,1,0,0,0x01,12,20,28,27,20.000,28.000,8.000,13,12,220,220,60355,61133,61183,,828,,50,,,,,,50
2637,29,171,1,0,0,0x01,1,20,26,26,15.667,26.000,10.333,12,11,220,220,60355,61183,61233,,878,,50,,,,,,50
2638,29,171,1,0,0,0x01,1,20,25,26,15.333,25.000,9.667,11,10,220,220,60355,61233,61283,,928,,50,,,,,,50
2639,29,171,1,0,0,0x01,1,20,23,25,14.667,23.000,8.333,10,9,220,220,60355,61283,61333,,978,,50,,,,,,50
2640,29,171,1,0,0,0x01,1,19,21,24,13.667,21.000,7.333,9,8,220,220,60355,61333,61383,,1028,,50,,,,,,50
2641,29,171,1,0,0,0x01,0,19,0,17,6.333,0.000,-6.333,-6,-6,220,220,60355,1847,1897,,7078,,50,,,,,,50
2642,29,171,1,0,0,0x01,1,19,0,17,6.667,0.000,-6.667,-6,-6,220,220,60355,1897,1947,,7128,,50,,,,,,50
2643,29,171,1,0,0,0x01,5,19,2,18,8.667,2.000,-6.667,-6,-6,220,220,60355,1947,1997,,7178,,50,,,,,,50
2644,29,171,1,0,0,0x01,1,18,4,18,7.667,4.000,-3.667,-6,-3,220,220,60355,1997,2047,,7228,,50,,,,,,50
2645,29,171,1,0,0,0x01,1,19,5,19,8.333,5.000,-3.333,-3,-3,220,220,60355,2047,2097,,7278,,50,,,,,,50
2646,29,171,1,0,0,0x01,1,19,6,19,8.667,6.000,-2.667,-3,-2,220,220,60355,2097,2147,,7328,,50,,,,,,50
2647,29,171,1,0,0,0x01,1,19,8,20,9.333,8.000,-1.333,-2,-1,220,220,60355,2147,2197,,7378,,50,,,,,,50
2648,29,171,1,0,0,0x01,1,19,10,20,10.000,10.000,0.000,-1,0,220,220,60355,2197,2247,,7428,,50,,,,,,50
2649,29,171,1,0,0,0x01,2,19,11,21,10.667,11.000,0.333,0,1,220,220,60355,2247,2297,,7478,,50,,,,,,50
2650,29,171,1,0,0,0x01,2,19,12,21,11.000,12.000,1.000,1,1,220,220,60355,2297,2347,,7528,,50,,,,,,50
2651,29,171,1,0,0,0x01,2,19,14,22,11.667,14.000,2.333,1,3,220,220,60355,2347,2397,,7578,,50,,,,,,50
2652,29,171,1,0,0,0x01,2,19,16,23,12.333,16.000,3.667,3,4,220,220,60355,2397,2447,,7628,,50,,,,,,50
2653,29,171,1,0,0,0x01,2,19,17,23,12.667,17.000,4.333,4,5,220,220,60355,2447,2497,,7678,,50,,,,,,50
2654,29,171,1,0,0,0x01,2,19,18,24,13.000,18.000,5.000,5,5,220,220,60355,2497,2547,,7728,,50,,,,,,50
2655,29,171,1,0,0,0x01,2,19,20,24,13.667,20.000,6.333,5,7,220,220,60355,2547,2597,,7778,,50,,,,,,50
2656,29,171,1,0,0,0x01,2,19,22,25,14.333,22.000,7.667,7,8,220,220,60355,2597,2647,,7828,,50,,,,,,50
2657,29,171,1,0,0,0x01,2,19,23,25,14.667,23.000,8.333,8,9,220,220,60355,2647,2697,,7878,,50,,,,,,50
2658,29,171,1,0,0,0x01,2,19,24,26,15.000,24.000,9.000,9,9,220,220,60355,2697,2747,,7928,,50,,,,,,50
2659,29,171,1,0,0,0x01,3,20,26,27,16.333,26.000,9.667,9,10,220,220,60355,2747,2797,,7978,,50,,,,,,50
2660,29,171,1,0,0,0x01,3,20,27,27,16.667,27.000,10.333,10,11,220,220,60355,2797,2847,,8028,,50,,,,,,50
2661,29,172,2,0,0,0x02,3,57,21,37,27.000,57.000,30.000,32,30,220,220,3134,9897,9947,,6813,,50,,,,,,50
2662,29,172,2,0,0,0x02,7,56,21,38,28.000,56.000,28.000,30,28,220,220,3134,9947,9997,,6863,,50,,,,,,50
2663,29,172,2,0,0,0x02,2,55,21,37,26.000,55.000,29.000,28,29,220,220,3134,9997,10047,,6913,,50,,,,,,50
2664,29,172,2,0,0,0x02,3,54,21,36,26.000,54.000,28.000,29,28,220,220,3134,10047,10097,,6963,,50,,,,,,50
2665,29,172,2,0,0,0x02,2,53,21,36,25.333,53.000,27.667,28,28,220,220,3134,10097,10147,,7013,,50,,,,,,50
2666,29,172,2,0,0,0x02,3,52,20,35,25.000,52.000,27.000,28,27,220,220,3134,10147,10197,,7063,,50,,,,,,50
2667,29,172,2,0,0,0x02,2,51,21,35,24.667,51.000,26.333,27,27,220,220,3134,10197,10247,,7113,,50,,,,,,50
2668,29,172,2,0,0,0x02,2,49,20,35,23.667,49.000,25.333,27,26,220,220,3134,10247,10297,,7163,,50,,,,,,50
2669,29,172,2,0,0,0x02,2,49,21,35,24.000,49.000,25.000,26,25,220,220,3134,10297,10347,,7213,,50,,,,,,50
2670,29,172,2,0,0,0x02,2,47,20,34,23.000,47.000,24.000,25,24,220,220,3134,10347,10397,,7263,,50,,,,,,50
2671,29,172,2,0,0,0x02,2,46,20,33,22.667,46.000,23.333,24,24,220,220,3134,10397,10447,,7313,,50,,,,,,50
2672,29,172,2,0,0,0x02,2,45,20,33,22.333,45.000,22.667,24,23,220,220,3134,10447,10497,,7363,,50,,,,,,50
2673,29,172,2,0,0,0x02,2,44,20,33,22.000,44.000,22.000,23,22,220,220,3134,10497,10547,,7413,,50,,,,,,50
2674,29,172,2,0,0,0x02,2,43,20,32,21.667,43.000,21.333,22,22,220,220,3134,10547,10597,,7463,,50,,,,,,50
2675,29,172,2,0,0,0x02,2,42,20,32,21.333,42.000,20.667,22,21,220,220,3134,10597,10647,,7513,,50,,,,,,50
2676,29,172,2,0,0,0x02,2,41,20,31,21.000,41.000,20.000,21,20,220,220,3134,10647,10697,,7563,,50,,,,,,50
2677,29,172,2,0,0,0x02,3,40,20,31,21.000,40.000,19.000,20,19,220,220,3134,10697,10747,,7613,,50,,,,,,50
2678,29,172,2,0,0,0x02,2,39,20,31,20.333,39.000,18.667,19,19,220,220,3134,10747,10797,,7663,,50,,,,,,50
2679,29,172,2,0,0,0x02,2,37,20,30,19.667,37.000,17.333,19,18,220,220,3134,10797,10847,,7713,,50,,,,,,50
2680,29,172,2,0,0,0x02,2,36,19,30,19.000,36.000,17.000,18,17,220,220,3134,10847,10897,,7763,,50,,,,,,50
2681,29,173,3,0,0,0x03,0,0,17,13,5.667,0.000,-5.667,-5,-5,220,220,11468,17947,17997,,6529,,50,,,,,,50
2682,29,173,3,0,0,0x03,0,0,17,13,5.667,0.000,-5.667,-5,-5,220,220,11468,17997,18047,,6579,,50,,,,,,50
2683,29,173,3,0,0,0x03,0,0,17,13,5.667,0.000,-5.667,-5,-5,220,220,11468,18047,18097,,6629,,50,,,,,,50
2684,29,173,3,0,0,0x03,0,0,17,13,5.667,0.000,-5.667,-5,-5,220,220,11468,18097,18147,,6679,,50,,,,,,50
2685,29,173,3,0,0,0x03,0,0,17,14,5.667,0.000,-5.667,-5,-5,220,220,11468,18147,18197,,6729,,50,,,,,,50
2686,29,173,3,0,0,0x03,0,0,17,14,5.667,0.000,-5.667,-5,-5,220,220,11468,18197,18247,,6779,,50,,,,,,50
2687,29,173,3,0,0,0x03,0,0,17,14,5.667,0.000,-5.667,-5,-5,220,220,11468,18247,18297,,6829,,50,,,,,,50
2688,29,173,3,0,0,0x03,0,0,17,14,5.667,0.000,-5.667,-5,-5,220,220,11468,18297,18347,,6879,,50,,,,,,50
2689,29,173,3,0,0,0x03,0,0,17,15,5.667,0.000,-5.667,-5,-5,220,220,11468,18347,18397,,6929,,50,,,,,,50
2690,29,173,3,0,0,0x03,0,0,18,15,6.000,0.000,-6.000,-5,-6,220,220,11468,18397,18447,,6979,,50,,,,,,50
2691,29,173,3,0,0,0x03,0,0,17,16,5.667,0.000,-5.667,-6,-5,220,220,11468,18447,18497,,7029,,50,,,,,,50
2692,29,173,3,0,0,0x03,0,0,17,17,5.667,0.000,-5.667,-5,-5,220,220,11468,18497,18547,,7079,,50,,,,,,50
2693,29,173,3,0,0,0x03,1,0,17,17,6.000,1.000,-5.000,-5,-5,220,220,11468,18547,18597,,7129,,50,,,,,,50
2694,29,173,3,0,0,0x03,2,0,17,17,6.333,2.000,-4.333,-5,-4,220,220,11468,18597,18647,,7179,,50,,,,,,50
2695,29,173,3,0,0,0x03,3,0,17,18,6.667,3.000,-3.667,-4,-3,220,220,11468,18647,18697,,7229,,50,,,,,,50
2696,29,173,3,0,0,0x03,4,0,18,18,7.333,4.000,-3.333,-3,-3,220,220,11468,18697,18747,,7279,,50,,,,,,50
2697,29,173,3,0,0,0x03,5,0,17,18,7.333,5.000,-2.333,-3,-2,220,220,11468,18747,18797,,7329,,50,,,,,,50
2698,29,173,3,0,0,0x03,6,0,17,19,7.667,6.000,-1.667,-2,-1,220,220,11468,18797,18847,,7379,,50,,,,,,50
2699,29,173,3,0,0,0x03,8,0,18,19,8.667,8.000,-0.667,-1,0,220,220,11468,18847,18897,,7429,,50,,,,,,50
2700,29,173,3,0,0,0x03,8,0,17,19,8.333,8.000,-0.333,0,0,220,220,11468,18897,18947,,7479,,50,,,,,,50
2701,29,174,4,0,0,0x04,21,0,16,23,12.333,16.000,3.667,3,4,220,220,19783,26997,27047,,7264,,50,,,,,,50
2702,29,174,4,0,0,0x04,21,0,15,22,12.000,15.000,3.000,4,3,220,220,19783,27047,27097,,7314,,50,,,,,,50
2703,29,174,4,0,0,0x04,21,0,14,22,11.667,14.000,2.333,3,3,220,220,19783,27097,27147,,7364,,50,,,,,,50
2704,29,174,4,0,0,0x04,21,0,13,21,11.333,13.000,1.667,3,2,220,220,19783,27147,27197,,7414,,50,,,,,,50
2705,29,174,4,0,0,0x04,21,0,12,21,11.000,12.000,1.000,2,1,220,220,19783,27197,27247,,7464,,50,,,,,,50
2706,29,174,4,0,0,0x04,21,0,10,21,10.333,10.000,-0.333,1,0,220,220,19783,27247,27297,,7514,,50,,,,,,50
2707,29,174,4,0,0,0x04,20,0,9,20,9.667,9.000,-0.667,0,0,220,220,19783,27297,27347,,7564,,50,,,,,,50
2708,29,174,4,0,0,0x04,20,0,8,20,9.333,8.000,-1.333,0,-1,220,220,19783,27347,27397,,7614,,50,,,,,,50
2709,29,174,4,0,0,0x04,21,0,6,19,9.000,6.000,-3.000,-1,-3,220,220,19783,27397,27447,,7664,,50,,,,,,50
2710,29,174,4,0,0,0x04,20,0,5,18,8.333,5.000,-3.333,-3,-3,220,220,19783,27447,27497,,7714,,50,,,,,,50
2711,29,174,4,0,0,0x04,20,0,3,18,7.667,3.000,-4.667,-3,-4,220,220,19783,27497,27547,,7764,,50,,,,,,50
2712,29,174,4,0,0,0x04,20,0,3,18,7.667,3.000,-4.667,-4,-4,220,220,19783,27547,27597,,7814,,50,,,,,,50
2713,29,174,4,0,0,0x04,20,0,1,17,7.000,1.000,-6.000,-4,-6,220,220,19783,27597,27647,,7864,,50,,,,,,50
2714,29,174,4,0,0,0x04,20,0,0,17,6.667,0.000,-6.667,-6,-6,220,220,19783,27647,27697,,7914,,50,,,,,,50
2715,29,174,4,0,0,0x04,20,0,0,16,6.667,0.000,-6.667,-6,-6,220,220,19783,27697,27747,,7964,,50,,,,,,50
2716,29,174,4,0,0,0x04,19,0,0,16,6.333,0.000,-6.333,-6,-6,220,220,19783,27747,27797,,8014,,50,,,,,,50
2717,29,174,4,0,0,0x04,20,0,0,16,6.667,0.000,-6.667,-6,-6,220,220,19783,27797,27847,,8064,,50,,,,,,50
2718,29,174,4,0,0,0x04,20,0,0,15,6.667,0.000,-6.667,-6,-6,220,220,19783,27847,27897,,8114,,50,,,,,,50
2719,29,174,4,0,0,0x04,19,0,0,15,6.333,0.000,-6.333,-6,-6,220,220,19783,27897,27947,,8164,,50,,,,,,50
2720,29,174,4,0,0,0x04,23,0,0,15,7.667,0.000,-7.667,-6,-7,220,220,19783,27947,27997,,8214,,50,,,,,,50
2721,30,175,5,0,0,0x05,19,0,0,8,6.333,0.000,-6.333,-6,-6,220,220,28118,35047,35097,,6979,,50,,,,,,50
2722,30,175,5,0,0,0x05,19,0,0,8,6.333,0.000,-6.333,-6,-6,220,220,28118,35097,35147,,7029,,50,,,,,,50
2723,30,175,5,0,0,0x05,19,0,0,9,6.333,0.000,-6.333,-6,-6,220,220,28118,35147,35197,,7079,,50,,,,,,50
2724,30,175,5,0,0,0x05,20,0,0,9,6.667,0.000,-6.667,-6,-6,220,220,28118,35197,35247,,7129,,50,,,,,,50
2725,30,175,5,0,0,0x05,19,0,0,10,6.333,0.000,-6.333,-6,-6,220,220,28118,35247,35297,,7179,,50,,,,,,50
2726,30,175,5,0,0,0x05,19,0,0,10,6.333,0.000,-6.333,-6,-6,220,220,28118,35297,35347,,7229,,50,,,,,,50
2727,30,175,5,0,0,0x05,20,0,0,10,6.667,0.000,-6.667,-6,-6,220,220,28118,35347,35397,,7279,,50,,,,,,50
2728,30,175,5,0,0,0x05,19,0,0,11,6.333,0.000,-6.333,-6,-6,220,220,28118,35397,35447,,7329,,50,,,,,,50
2729,30,175,5,0,0,0x05,19,0,0,11,6.333,0.000,-6.333,-6,-6,220,220,28118,35447,35497,,7379,,50,,,,,,50
2730,30,175,5,0,0,0x05,20,0,0,12,6.667,0.000,-6.667,-6,-6,220,220,28118,35497,35547,,7429,,50,,,,,,50
2731,30,175,5,0,0,0x05,20,0,0,12,6.667,0.000,-6.667,-6,-6,220,220,28118,35547,35597,,7479,,50,,,,,,50
2732,30,175,5,0,0,0x05,19,0,0,12,6.333,0.000,-6.333,-6,-6,220,220,28118,35597,35647,,7529,,50,,,,,,50
2733,30,175,5,0,0,0x05,20,0,0,13,6.667,0.000,-6.667,-6,-6,220,220,28118,35647,35697,,7579,,50,,,,,,50
2734,30,175,5,0,0,0x05,19,0,0,13,6.333,0.000,-6.333,-6,-6,220,220,28118,35697,35747,,7629,,50,,,,,,50
2735,30,175,5,0,0,0x05,20,0,0,14,6.667,0.000,-6.667,-6,-6,220,220,28118,35747,35797,,7679,,50,,,,,,50
2736,30,175,5,0,0,0x05,20,0,0,14,6.667,0.000,-6.667,-6,-6,220,220,28118,35797,35847,,7729,,50,,,,,,50
2737,30,175,5,0,0,0x05,20,0,0,14,6.667,0.000,-6.667,-6,-6,220,220,28118,35847,35897,,7779,,50,,,,,,50
2738,30,175,5,0,0,0x05,20,0,0,14,6.667,0.000,-6.667,-6,-6,220,220,28118,35897,35947,,7829,,50,,,,,,50
2739,30,175,5,0,0,0x05,24,0,0,16,8.000,0.000,-8.000,-6,-8,220,220,28118,35947,35997,,7879,,50,,,,,,50
2740,30,175,5,0,0,0x05,20,0,0,16,6.667,0.000,-6.667,-8,-6,220,220,28118,35997,36047,,7929,,50,,,,,,50
2741,30,176,6,0,0,0x06,38,21,0,30,19.667,38.000,18.333,19,19,220,220,36432,43097,43147,,6715,,50,,,,,,50
2742,30,176,6,0,0,0x06,37,20,0,30,19.000,37.000,18.000,19,18,220,220,36432,43147,43197,,6765,,50,,,,,,50
2743,30,176,6,0,0,0x06,37,20,0,29,19.000,37.000,18.000,18,18,220,220,36432,43197,43247,,6815,,50,,,,,,50
2744,30,176,6,0,0,0x06,36,20,0,29,18.667,36.000,17.333,18,18,220,220,36432,43247,43297,,6865,,50,,,,,,50
2745,30,176,6,0,0,0x06,34,20,0,28,18.000,34.000,16.000,18,16,220,220,36432,43297,43347,,6915,,50,,,,,,50
2746,30,176,6,0,0,0x06,33,20,0,28,17.667,33.000,15.333,16,16,220,220,36432,43347,43397,,6965,,50,,,,,,50
2747,30,176,6,0,0,0x06,32,20,0,28,17.333,32.000,14.667,16,15,220,220,36432,43397,43447,,7015,,50,,,,,,50
2748,30,176,6,0,0,0x06,32,20,0,27,17.333,32.000,14.667,15,15,220,220,36432,43447,43497,,7065,,50,,,,,,50
2749,30,176,6,0,0,0x06,30,20,0,27,16.667,30.000,13.333,15,14,220,220,36432,43497,43547,,7115,,50,,,,,,50
2750,30,176,6,0,0,0x06,30,20,0,26,16.667,30.000,13.333,14,14,220,220,36432,43547,43597,,7165,,50,,,,,,50
2751,30,176,6,0,0,0x06,28,20,0,26,16.000,28.000,12.000,14,12,220,220,36432,43597,43647,,7215,,50,,,,,,50
2752,30,176,6,0,0,0x06,28,20,0,26,16.000,28.000,12.000,12,12,220,220,36432,43647,43697,,7265,,50,,,,,,50
2753,30,176,6,0,0,0x06,27,20,0,25,15.667,27.000,11.333,12,12,220,220,36432,43697,43747,,7315,,50,,,,,,50
2754,30,176,6,0,0,0x06,26,20,0,25,15.333,26.000,10.667,12,11,220,220,36432,43747,43797,,7365,,50,,,,,,50
2755,30,176,6,0,0,0x06,25,20,0,25,15.000,25.000,10.000,11,10,220,220,36432,43797,43847,,7415,,50,,,,,,50
2756,30,176,6,0,0,0x06,24,19,0,25,14.333,24.000,9.667,10,10,220,220,36432,43847,43897,,7465,,50,,,,,,50
2757,30,176,6,0,0,0x06,23,19,0,24,14.000,23.000,9.000,10,9,220,220,36432,43897,43947,,7515,,50,,,,,,50
2758,30,176,6,0,0,0x06,26,19,0,24,15.000,26.000,11.000,9,11,220,220,36432,43947,43997,,7565,,50,,,,,,50
2759,30,176,6,0,0,0x06,21,19,0,24,13.333,21.000,7.667,11,8,220,220,36432,43997,44047,,7615,,50,,,,,,50
2760,30,176,6,0,0,0x06,20,19,0,23,13.000,20.000,7.000,8,7,220,220,36432,44047,44097,,7665,,50,,,,,,50
2761,30,177,1,0,0,0x01,0,19,0,14,6.333,0.000,-6.333,-6,-6,220,220,44766,51147,51197,,6431,,50,,,,,,50
2762,30,177,1,0,0,0x01,0,18,0,15,6.000,0.000,-6.000,-6,-6,220,220,44766,51197,51247,,6481,,50,,,,,,50
2763,30,177,1,0,0,0x01,0,19,0,15,6.333,0.000,-6.333,-6,-6,220,220,44766,51247,51297,,6531,,50,,,,,,50
2764,30,177,1,0,0,0x01,0,19,0,16,6.333,0.000,-6.333,-6,-6,220,220,44766,51297,51347,,6581,,50,,,,,,50
2765,30,177,1,0,0,0x01,0,19,0,16,6.333,0.000,-6.333,-6,-6,220,220,44766,51347,51397,,6631,,50,,,,,,50
2766,30,177,1,0,0,0x01,0,19,0,16,6.333,0.000,-6.333,-6,-6,220,220,44766,51397,51447,,6681,,50,,,,,,50
2767,30,177,1,0,0,0x01,0,19,0,17,6.333,0.000,-6.333,-6,-6,220,220,44766,51447,51497,,6731,,50,,,,,,50
2768,30,177,1,0,0,0x01,1,19,0,17,6.667,0.000,-6.667,-6,-6,220,220,44766,51497,51547,,6781,,50,,,,,,50
2769,30,177,1,0,0,0x01,1,19,1,17,7.000,1.000,-6.000,-6,-6,220,220,44766,51547,51597,,6831,,50,,,,,,50
2770,30,177,1,0,0,0x01,0,19,3,18,7.333,3.000,-4.333,-6,-4,220,220,44766,51597,51647,,6881,,50,,,,,,50
2771,30,177,1,0,0,0x01,1,19,4,19,8.000,4.000,-4.000,-4,-4,220,220,44766,51647,51697,,6931,,50,,,,,,50
2772,30,177,1,0,0,0x01,1,19,5,19,8.333,5.000,-3.333,-4,-3,220,220,44766,51697,51747,,6981,,50,,,,,,50
2773,30,177,1,0,0,0x01,0,19,7,19,8.667,7.000,-1.667,-3,-1,220,220,44766,51747,51797,,7031,,50,,,,,,50
2774,30,177,1,0,0,0x01,1,19,7,20,9.000,7.000,-2.000,-1,-2,220,220,44766,51797,51847,,7081,,50,,,,,,50
2775,30,177,1,0,0,0x01,1,19,9,20,9.667,9.000,-0.667,-2,0,220,220,44766,51847,51897,,7131,,50,,,,,,50
2776,30,177,1,0,0,0x01,1,20,10,21,10.333,10.000,-0.333,0,0,220,220,44766,51897,51947,,7181,,50,,,,,,50
2777,30,177,1,0,0,0x01,5,19,11,22,11.667,11.000,-0.667,0,0,220,220,44766,51947,51997,,7231,,50,,,,,,50
2778,30,177,1,0,0,0x01,1,19,13,21,11.000,13.000,2.000,0,2,220,220,44766,51997,52047,,7281,,50,,,,,,50
2779,30,177,1,0,0,0x01,1,19,14,22,11.333,14.000,2.667,2,3,220,220,44766,52047,52097,,7331,,50,,,,,,50
2780,30,177,1,0,0,0x01,1,19,15,22,11.667,15.000,3.333,3,4,220,220,44766,52097,52147,,7381,,50,,,,,,50
2781,30,178,2,0,0,0x02,3,60,21,38,28.000,60.000,32.000,33,32,220,220,52831,59197,59247,,6416,,50,,,,,,50
2782,30,178,2,0,0,0x02,3,59,21,38,27.667,59.000,31.333,32,32,220,220,52831,59247,59297,,6466,,50,,,,,,50
2783,30,178,2,0,0,0x02,3,58,21,38,27.333,58.000,30.667,32,31,220,220,52831,59297,59347,,6516,,50,,,,,,50
2784,30,178,2,0,0,0x02,2,57,21,37,26.667,57.000,30.333,31,31,220,220,52831,59347,59397,,6566,,50,,,,,,50
2785,30,178,2,0,0,0x02,3,55,21,37,26.333,55.000,28.667,31,29,220,220,52831,59397,59447,,6616,,50,,,,,,50
2786,30,178,2,0,0,0x02,2,54,21,36,25.667,54.000,28.333,29,29,220,220,52831,59447,59497,,6666,,50,,,,,,50
2787,30,178,2,0,0,0x02,2,53,21,36,25.333,53.000,27.667,29,28,220,220,52831,59497,59547,,6716,,50,,,,,,50
2788,30,178,2,0,0,0x02,3,51,21,36,25.000,51.000,26.000,28,26,220,220,52831,59547,59597,,6766,,50,,,,,,50
2789,30,178,2,0,0,0x02,2,49,21,35,24.000,49.000,25.000,26,25,220,220,52831,59597,59647,,6816,,50,,,,,,50
2790,30,178,2,0,0,0x02,2,48,20,34,23.333,48.000,24.667,25,25,220,220,52831,59647,59697,,6866,,50,,,,,,50
2791,30,178,2,0,0,0x02,2,47,20,34,23.000,47.000,24.000,25,24,220,220,52831,59697,59747,,6916,,50,,,,,,50
2792,30,178,2,0,0,0x02,2,45,20,33,22.333,45.000,22.667,24,23,220,220,52831,59747,59797,,6966,,50,,,,,,50
2793,30,178,2,0,0,0x02,2,44,20,33,22.000,44.000,22.000,23,22,220,220,52831,59797,59847,,7016,,50,,,,,,50
2794,30,178,2,0,0,0x02,2,43,20,32,21.667,43.000,21.333,22,22,220,220,52831,59847,59897,,7066,,50,,,,,,50
2795,30,178,2,0,0,0x02,2,42,20,32,21.333,42.000,20.667,22,21,220,220,52831,59897,59947,,7116,,50,,,,,,50
2796,30,178,2,0,0,0x02,7,40,20,32,22.333,40.000,17.667,21,18,220,220,52831,59947,59997,,7166,,50,,,,,,50
2797,30,178,2,0,0,0x02,2,39,20,30,20.333,39.000,18.667,18,19,220,220,52831,59997,60047,,7216,,50,,,,,,50
2798,30,178,2,0,0,0x02,2,38,20,30,20.000,38.000,18.000,19,18,220,220,52831,60047,60097,,7266,,50,,,,,,50
2799,30,178,2,0,0,0x02,2,37,19,30,19.333,37.000,17.667,18,18,220,220,52831,60097,60147,,7316,,50,,,,,,50
2800,30,178,2,0,0,0x02,2,35,19,29,18.667,35.000,16.333,18,17,220,220,52831,60147,60197,,7366,,50,,,,,,50
2801,30,179,3,0,0,0x03,0,0,16,10,5.333,0.000,-5.333,-5,-5,220,220,60918,1711,1761,,6379,,50,,,,,,50
2802,30,179,3,0,0,0x03,0,0,17,10,5.667,0.000,-5.667,-5,-5,220,220,60918,1761,1811,,6429,,50,,,,,,50
2803,30,179,3,0,0,0x03,0,0,17,10,5.667,0.000,-5.667,-5,-5,220,220,60918,1811,1861,,6479,,50,,,,,,50
2804,30,179,3,0,0,0x03,0,0,17,11,5.667,0.000,-5.667,-5,-5,220,220,60918,1861,1911,,6529,,50,,,,,,50
2805,30,179,3,0,0,0x03,0,0,17,11,5.667,0.000,-5.667,-5,-5,220,220,60918,1911,1961,,6579,,50,,,,,,50
2806,30,179,3,0,0,0x03,0,0,17,11,5.667,0.000,-5.667,-5,-5,220,220,60918,1961,2011,,6629,,50,,,,,,50
2807,30,179,3,0,0,0x03,0,0,17,12,5.667,0.000,-5.667,-5,-5,220,220,60918,2011,2061,,6679,,50,,,,,,50
2808,30,179,3,0,0,0x03,0,0,17,12,5.667,0.000,-5.667,-5,-5,220,220,60918,2061,2111,,6729,,50,,,,,,50
2809,30,179,3,0,0,0x03,0,0,17,12,5.667,0.000,-5.667,-5,-5,220,220,60918,2111,2161,,6779,,50,,,,,,50
2810,30,179,3,0,0,0x03,0,0,17,13,5.667,0.000,-5.667,-5,-5,220,220,60918,2161,2211,,6829,,50,,,,,,50
2811,30,179,3,0,0,0x03,0,0,17,13,5.667,0.000,-5.667,-5,-5,220,220,60918,2211,2261,,6879,,50,,,,,,50
2812,30,179,3,0,0,0x03,0,0,17,13,5.667,0.000,-5.667,-5,-5,220,220,60918,2261,2311,,6929,,50,,,,,,50
2813,30,179,3,0,0,0x03,0,0,17,13,5.667,0.000,-5.667,-5,-5,220,220,60918,2311,2361,,6979,,50,,,,,,50
2814,30,179,3,0,0,0x03,0,0,17,14,5.667,0.000,-5.667,-5,-5,220,220,60918,2361,2411,,7029,,50,,,,,,50
2815,30,179,3,0,0,0x03,0,0,17,14,5.667,0.000,-5.667,-5,-5,220,220,60918,2411,2461,,7079,,50,,,,,,50
2816,30,179,3,0,0,0x03,0,0,17,14,5.667,0.000,-5.667,-5,-5,220,220,60918,2461,2511,,7129,,50,,,,,,50
2817,30,179,3,0,0,0x03,0,0,17,15,5.667,0.000,-5.667,-5,-5,220,220,60918,2511,2561,,7179,,50,,,,,,50
2818,30,179,3,0,0,0x03,0,0,17,15,5.667,0.000,-5.667,-5,-5,220,220,60918,2561,2611,,7229,,50,,,,,,50
2819,30,179,3,0,0,0x03,0,0,17,15,5.667,0.000,-5.667,-5,-5,220,220,60918,2611,2661,,7279,,50,,,,,,50
2820,30,179,3,0,0,0x03,0,0,17,15,5.667,0.000,-5.667,-5,-5,220,220,60918,2661,2711,,7329,,50,,,,,,50
2821,30,180,4,0,0,0x04,22,0,30,28,17.333,30.000,12.667,14,13,220,220,3447,9761,9811,,6364,,50,,,,,,50
2822,30,180,4,0,0,0x04,21,0,29,27,16.667,29.000,12.333,13,13,220,220,3447,9811,9861,,6414,,50,,,,,,50
2823,30,180,4,0,0,0x04,22,0,27,27,16.333,27.000,10.667,13,11,220,220,3447,9861,9911,,6464,,50,,,,,,50
2824,30,180,4,0,0,0x04,22,0,26,26,16.000,26.000,10.000,11,10,220,220,3447,9911,9961,,6514,,50,,,,,,50
2825,30,180,4,0,0,0x04,22,0,24,26,15.333,24.000,8.667,10,9,220,220,3447,9961,10011,,6564,,50,,,,,,50
2826,30,180,4,0,0,0x04,22,0,23,25,15.000,23.000,8.000,9,8,220,220,3447,10011,10061,,6614,,50,,,,,,50
2827,30,180,4,0,0,0x04,22,0,22,24,14.667,22.000,7.333,8,8,220,220,3447,10061,10111,,6664,,50,,,,,,50
2828,30,180,4,0,0,0x04,21,0,21,25,14.000,21.000,7.000,8,7,220,220,3447,10111,10161,,6714,,50,,,,,,50
2829,30,180,4,0,0,0x04,20,0,19,24,13.000,19.000,6.000,7,6,220,220,3447,10161,10211,,6764,,50,,,,,,50
2830,30,180,4,0,0,0x04,21,0,18,23,13.000,18.000,5.000,6,5,220,220,3447,10211,10261,,6814,,50,,,,,,50
2831,30,180,4,0,0,0x04,21,0,16,23,12.333,16.000,3.667,5,4,220,220,3447,10261,10311,,6864,,50,,,,,,50
2832,30,180,4,0,0,0x04,21,0,15,22,12.000,15.000,3.000,4,3,220,220,3447,10311,10361,,6914,,50,,,,,,50
2833,30,180,4,0,0,0x04,21,0,14,21,11.667,14.000,2.333,3,3,220,220,3447,10361,10411,,6964,,50,,,,,,50
2834,30,180,4,0,0,0x04,25,0,13,22,12.667,13.000,0.333,3,1,220,220,3447,10411,10461,,7014,,50,,,,,,50
2835,30,180,4,0,0,0x04,20,0,11,21,10.333,11.000,0.667,1,1,220,220,3447,10461,10511,,7064,,50,,,,,,50
2836,30,180,4,0,0,0x04,20,0,10,20,10.000,10.000,0.000,1,0,220,220,3447,10511,10561,,7114,,50,,,,,,50
2837,30,180,4,0,0,0x04,20,0,9,20,9.667,9.000,-0.667,0,0,220,220,3447,10561,10611,,7164,,50,,,,,,50
2838,30,180,4,0,0,0x04,20,0,7,19,9.000,7.000,-2.000,0,-2,220,220,3447,10611,10661,,7214,,50,,,,,,50
2839,30,180,4,0,0,0x04,20,0,6,19,8.667,6.000,-2.667,-2,-2,220,220,3447,10661,10711,,7264,,50,,,,,,50
2840,30,180,4,0,0,0x04,20,0,5,19,8.333,5.000,-3.333,-2,-3,220,220,3447,10711,10761,,7314,,50,,,,,,50
2841,31,181,5,0,0,0x05,18,0,0,0,6.000,0.000,-6.000,-6,-6,220,220,11531,17811,17861,,6330,,50,,,,,,50
2842,31,181,5,0,0,0x05,18,0,0,0,6.000,0.000,-6.000,-6,-6,220,220,11531,17861,17911,,6380,,50,,,,,,50
2843,31,181,5,0,0,0x05,18,0,0,1,6.000,0.000,-6.000,-6,-6,220,220,11531,17911,17961,,6430,,50,,,,,,50
2844,31,181,5,0,0,0x05,18,0,0,1,6.000,0.000,-6.000,-6,-6,220,220,11531,17961,18011,,6480,,50,,,,,,50
2845,31,181,5,0,0,0x05,19,0,0,2,6.333,0.000,-6.333,-6,-6,220,220,11531,18011,18061,,6530,,50,,,,,,50
2846,31,181,5,0,0,0x05,19,0,0,2,6.333,0.000,-6.333,-6,-6,220,220,11531,18061,18111,,6580,,50,,,,,,50
2847,31,181,5,0,0,0x05,19,0,0,2,6.333,0.000,-6.333,-6,-6,220,220,11531,18111,18161,,6630,,50,,,,,,50
2848,31,181,5,0,0,0x05,19,0,0,3,6.333,0.000,-6.333,-6,-6,220,220,11531,18161,18211,,6680,,50,,,,,,50
2849,31,181,5,0,0,0x05,19,0,0,3,6.333,0.000,-6.333,-6,-6,220,220,11531,18211,18261,,6730,,50,,,,,,50
2850,31,181,5,0,0,0x05,19,0,0,4,6.333,0.000,-6.333,-6,-6,220,220,11531,18261,18311,,6780,,50,,,,,,50
2851,31,181,5,0,0,0x05,19,0,0,5,6.333,0.000,-6.333,-6,-6,220,220,11531,18311,18361,,6830,,50,,,,,,50
2852,31,181,5,0,0,0x05,19,0,0,5,6.333,0.000,-6.333,-6,-6,220,220,11531,18361,18411,,6880,,50,,,,,,50
2853,31,181,5,0,0,0x05,23,0,0,6,7.667,0.000,-7.667,-6,-7,220,220,11531,18411,18461,,6930,,50,,,,,,50
2854,31,181,5,0,0,0x05,19,0,0,6,6.333,0.000,-6.333,-7,-6,220,220,11531,18461,18511,,6980,,50,,,,,,50
2855,31,181,5,0,0,0x05,19,0,0,6,6.333,0.000,-6.333,-6,-6,220,220,11531,18511,18561,,7030,,50,,,,,,50
2856,31,181,5,0,0,0x05,19,0,0,7,6.333,0.000,-6.333,-6,-6,220,220,11531,18561,18611,,7080,,50,,,,,,50
2857,31,181,5,0,0,0x05,19,0,0,7,6.333,0.000,-6.333,-6,-6,220,220,11531,18611,18661,,7130,,50,,,,,,50
2858,31,181,5,0,0,0x05,19,0,0,8,6.333,0.000,-6.333,-6,-6,220,220,11531,18661,18711,,7180,,50,,,,,,50
2859,31,181,5,0,0,0x05,19,0,0,8,6.333,0.000,-6.333,-6,-6,220,220,11531,18711,18761,,7230,,50,,,,,,50
2860,31,181,5,0,0,0x05,19,0,0,8,6.333,0.000,-6.333,-6,-6,220,220,11531,18761,18811,,7280,,50,,,,,,50
2861,31,182,6,0,0,0x06,32,20,0,27,17.333,32.000,14.667,15,15,220,220,19596,25861,25911,,6315,,50,,,,,,50
2862,31,182,6,0,0,0x06,31,20,0,27,17.000,31.000,14.000,15,14,220,220,19596,25911,25961,,6365,,50,,,,,,50
2863,31,182,6,0,0,0x06,30,20,0,27,16.667,30.000,13.333,14,14,220,220,19596,25961,26011,,6415,,50,,,,,,50
2864,31,182,6,0,0,0x06,29,20,0,26,16.333,29.000,12.667,14,13,220,220,19596,26011,26061,,6465,,50,,,,,,50
2865,31,182,6,0,0,0x06,28,20,0,26,16.000,28.000,12.000,13,12,220,220,19596,26061,26111,,6515,,50,,,,,,50
2866,31,182,6,0,0,0x06,27,20,0,26,15.667,27.000,11.333,12,12,220,220,19596,26111,26161,,6565,,50,,,,,,50
2867,31,182,6,0,0,0x06,27,20,0,25,15.667,27.000,11.333,12,12,220,220,19596,26161,26211,,6615,,50,,,,,,50
2868,31,182,6,0,0,0x06,25,20,0,25,15.000,25.000,10.000,12,10,220,220,19596,26211,26261,,6665,,50,,,,,,50
2869,31,182,6,0,0,0x06,25,20,0,25,15.000,25.000,10.000,10,10,220,220,19596,26261,26311,,6715,,50,,,,,,50
2870,31,182,6,0,0,0x06,24,19,0,24,14.333,24.000,9.667,10,10,220,220,19596,26311,26361,,6765,,50,,,,,,50
2871,31,182,6,0,0,0x06,23,19,0,24,14.000,23.000,9.000,10,9,220,220,19596,26361,26411,,6815,,50,,,,,,50
2872,31,182,6,0,0,0x06,26,19,0,24,15.000,26.000,11.000,9,11,220,220,19596,26411,26461,,6865,,50,,,,,,50
2873,31,182,6,0,0,0x06,21,19,0,24,13.333,21.000,7.667,11,8,220,220,19596,26461,26511,,6915,,50,,,,,,50
2874,31,182,6,0,0,0x06,21,19,0,23,13.333,21.000,7.667,8,8,220,220,19596,26511,26561,,6965,,50,,,,,,50
2875,31,182,6,0,0,0x06,19,19,0,23,12.667,19.000,6.333,8,7,220,220,19596,26561,26611,,7015,,50,,,,,,50
2876,31,182,6,0,0,0x06,18,19,0,23,12.333,18.000,5.667,7,6,220,220,19596,26611,26661,,7065,,50,,,,,,50
2877,31,182,6,0,0,0x06,18,19,0,22,12.333,18.000,5.667,6,6,220,220,19596,26661,26711,,7115,,50,,,,,,50
2878,31,182,6,0,0,0x06,17,19,0,22,12.000,17.000,5.000,6,5,220,220,19596,26711,26761,,7165,,50,,,,,,50
2879,31,182,6,0,0,0x06,16,19,0,22,11.667,16.000,4.333,5,5,220,220,19596,26761,26811,,7215,,50,,,,,,50
2880,31,182,6,0,0,0x06,15,19,0,21,11.333,15.000,3.667,5,4,220,220,19596,26811,26861,,7265,,50,,,,,,50
2881,31,183,1,0,0,0x01,0,19,0,7,6.333,0.000,-6.333,-6,-6,220,220,27680,33911,33961,,6281,,50,,,,,,50
2882,31,183,1,0,0,0x01,0,18,0,7,6.000,0.000,-6.000,-6,-6,220,220,27680,33961,34011,,6331,,50,,,,,,50
2883,31,183,1,0,0,0x01,0,18,0,7,6.000,0.000,-6.000,-6,-6,220,220,27680,34011,34061,,6381,,50,,,,,,50
2884,31,183,1,0,0,0x01,0,18,0,8,6.000,0.000,-6.000,-6,-6,220,220,27680,34061,34111,,6431,,50,,,,,,50
2885,31,183,1,0,0,0x01,0,18,0,9,6.000,0.000,-6.000,-6,-6,220,220,27680,34111,34161,,6481,,50,,,,,,50
2886,31,183,1,0,0,0x01,0,18,0,9,6.000,0.000,-6.000,-6,-6,220,220,27680,34161,34211,,6531,,50,,,,,,50
2887,31,183,1,0,0,0x01,0,18,0,9,6.000,0.000,-6.000,-6,-6,220,220,27680,34211,34261,,6581,,50,,,,,,50
2888,31,183,1,0,0,0x01,0,18,0,10,6.000,0.000,-6.000,-6,-6,220,220,27680,34261,34311,,6631,,50,,,,,,50
2889,31,183,1,0,0,0x01,0,18,0,10,6.000,0.000,-6.000,-6,-6,220,220,27680,34311,34361,,6681,,50,,,,,,50
2890,31,183,1,0,0,0x01,0,18,0,11,6.000,0.000,-6.000,-6,-6,220,220,27680,34361,34411,,6731,,50,,,,,,50
2891,31,183,1,0,0,0x01,3,19,0,12,7.333,0.000,-7.333,-6,-7,220,220,27680,34411,34461,,6781,,50,,,,,,50
2892,31,183,1,0,0,0x01,0,19,0,12,6.333,0.000,-6.333,-7,-6,220,220,27680,34461,34511,,6831,,50,,,,,,50
2893,31,183,1,0,0,0x01,0,19,0,12,6.333,0.000,-6.333,-6,-6,220,220,27680,34511,34561,,6881,,50,,,,,,50
2894,31,183,1,0,0,0x01,0,18,0,13,6.000,0.000,-6.000,-6,-6,220,220,27680,34561,34611,,6931,,50,,,,,,50
2895,31,183,1,0,0,0x01,0,18,0,13,6.000,0.000,-6.000,-6,-6,220,220,27680,34611,34661,,6981,,50,,,,,,50
2896,31,183,1,0,0,0x01,0,18,0,14,6.000,0.000,-6.000,-6,-6,220,220,27680,34661,34711,,7031,,50,,,,,,50
2897,31,183,1,0,0,0x01,0,19,0,14,6.333,0.000,-6.333,-6,-6,220,220,27680,34711,34761,,7081,,50,,,,,,50
2898,31,183,1,0,0,0x01,0,19,0,15,6.333,0.000,-6.333,-6,-6,220,220,27680,34761,34811,,7131,,50,,,,,,50
2899,31,183,1,0,0,0x01,0,19,0,15,6.333,0.000,-6.333,-6,-6,220,220,27680,34811,34861,,7181,,50,,,,,,50
2900,31,183,1,0,0,0x01,0,19,0,15,6.333,0.000,-6.333,-6,-6,220,220,27680,34861,34911,,7231,,50,,,,,,50
2901,31,184,2,0,0,0x02,3,51,20,35,24.667,51.000,26.333,28,27,220,220,35744,41961,42011,,6267,,50,,,,,,50
2902,31,184,2,0,0,0x02,3,50,20,35,24.333,50.000,25.667,27,26,220,220,35744,42011,42061,,6317,,50,,,,,,50
2903,31,184,2,0,0,0x02,3,50,21,35,24.667,50.000,25.333,26,26,220,220,35744,42061,42111,,6367,,50,,,,,,50
2904,31,184,2,0,0,0x02,3,49,21,35,24.333,49.000,24.667,26,25,220,220,35744,42111,42161,,6417,,50,,,,,,50
2905,31,184,2,0,0,0x02,3,48,21,34,24.000,48.000,24.000,25,24,220,220,35744,42161,42211,,6467,,50,,,,,,50
2906,31,184,2,0,0,0x02,2,46,20,34,22.667,46.000,23.333,24,24,220,220,35744,42211,42261,,6517,,50,,,,,,50
2907,31,184,2,0,0,0x02,2,46,20,34,22.667,46.000,23.333,24,24,220,220,35744,42261,42311,,6567,,50,,,,,,50
2908,31,184,2,0,0,0x02,3,45,20,33,22.667,45.000,22.333,24,23,220,220,35744,42311,42361,,6617,,50,,,,,,50
2909,31,184,2,0,0,0x02,2,43,20,32,21.667,43.000,21.333,23,22,220,220,35744,42361,42411,,6667,,50,,,,,,50
2910,31,184,2,0,0,0x02,7,43,20,32,23.333,43.000,19.667,22,20,220,220,35744,42411,42461,,6717,,50,,,,,,50
2911,31,184,2,0,0,0x02,2,42,20,32,21.333,42.000,20.667,20,21,220,220,35744,42461,42511,,6767,,50,,,,,,50
2912,31,184,2,0,0,0x02,2,40,19,31,20.333,40.000,19.667,21,20,220,220,35744,42511,42561,,6817,,50,,,,,,50
2913,31,184,2,0,0,0x02,3,39,20,31,20.667,39.000,18.333,20,19,220,220,35744,42561,42611,,6867,,50,,,,,,50
2914,31,184,2,0,0,0x02,2,38,19,30,19.667,38.000,18.333,19,19,220,220,35744,42611,42661,,6917,,50,,,,,,50
2915,31,184,2,0,0,0x02,2,37,19,30,19.333,37.000,17.667,19,18,220,220,35744,42661,42711,,6967,,50,,,,,,50
2916,31,184,2,0,0,0x02,2,36,19,30,19.000,36.000,17.000,18,17,220,220,35744,42711,42761,,7017,,50,,,,,,50
2917,31,184,2,0,0,0x02,2,35,19,29,18.667,35.000,16.333,17,17,220,220,35744,42761,42811,,7067,,50,,,,,,50
2918,31,184,2,0,0,0x02,2,34,19,29,18.333,34.000,15.667,17,16,220,220,35744,42811,42861,,7117,,50,,,,,,50
2919,31,184,2,0,0,0x02,2,34,19,29,18.333,34.000,15.667,16,16,220,220,35744,42861,42911,,7167,,50,,,,,,50
2920,31,184,2,0,0,0x02,2,32,19,28,17.667,32.000,14.333,16,15,220,220,35744,42911,42961,,7217,,50,,,,,,50
2921,31,185,3,0,0,0x03,0,0,17,9,5.667,0.000,-5.667,-5,-5,220,220,43808,50011,50061,,6253,,50,,,,,,50
2922,31,185,3,0,0,0x03,0,0,17,9,5.667,0.000,-5.667,-5,-5,220,220,43808,50061,50111,,6303,,50,,,,,,50
2923,31,185,3,0,0,0x03,0,0,17,10,5.667,0.000,-5.667,-5,-5,220,220,43808,50111,50161,,6353,,50,,,,,,50
2924,31,185,3,0,0,0x03,0,0,17,10,5.667,0.000,-5.667,-5,-5,220,220,43808,50161,50211,,6403,,50,,,,,,50
2925,31,185,3,0,0,0x03,0,0,17,11,5.667,0.000,-5.667,-5,-5,220,220,43808,50211,50261,,6453,,50,,,,,,50
2926,31,185,3,0,0,0x03,0,0,17,11,5.667,0.000,-5.667,-5,-5,220,220,43808,50261,50311,,6503,,50,,,,,,50
2927,31,185,3,0,0,0x03,0,0,17,12,5.667,0.000,-5.667,-5,-5,220,220,43808,50311,50361,,6553,,50,,,,,,50
2928,31,185,3,0,0,0x03,0,0,17,12,5.667,0.000,-5.667,-5,-5,220,220,43808,50361,50411,,6603,,50,,,,,,50
2929,31,185,3,0,0,0x03,0,0,17,13,5.667,0.000,-5.667,-5,-5,220,220,43808,50411,50461,,6653,,50,,,,,,50
2930,31,185,3,0,0,0x03,0,0,17,13,5.667,0.000,-5.667,-5,-5,220,220,43808,50461,50511,,6703,,50,,,,,,50
2931,31,185,3,0,0,0x03,0,0,17,13,5.667,0.000,-5.667,-5,-5,220,220,43808,50511,50561,,6753,,50,,,,,,50
2932,31,185,3,0,0,0x03,0,0,17,14,5.667,0.000,-5.667,-5,-5,220,220,43808,50561,50611,,6803,,50,,,,,,50
2933,31,185,3,0,0,0x03,0,0,17,14,5.667,0.000,-5.667,-5,-5,220,220,43808,50611,50661,,6853,,50,,,,,,50
2934,31,185,3,0,0,0x03,0,0,17,14,5.667,0.000,-5.667,-5,-5,220,220,43808,50661,50711,,6903,,50,,,,,,50
2935,31,185,3,0,0,0x03,0,0,17,15,5.667,0.000,-5.667,-5,-5,220,220,43808,50711,50761,,6953,,50,,,,,,50
2936,31,185,3,0,0,0x03,0,0,17,15,5.667,0.000,-5.667,-5,-5,220,220,43808,50761,50811,,7003,,50,,,,,,50
2937,31,185,3,0,0,0x03,0,0,17,16,5.667,0.000,-5.667,-5,-5,220,220,43808,50811,50861,,7053,,50,,,,,,50
2938,31,185,3,0,0,0x03,0,0,17,16,5.667,0.000,-5.667,-5,-5,220,220,43808,50861,50911,,7103,,50,,,,,,50
2939,31,185,3,0,0,0x03,0,0,18,17,6.000,0.000,-6.000,-5,-6,220,220,43808,50911,50961,,7153,,50,,,,,,50
2940,31,185,3,0,0,0x03,1,0,17,17,6.000,1.000,-5.000,-6,-5,220,220,43808,50961,51011,,7203,,50,,,,,,50
2941,31,186,4,0,0,0x04,23,0,41,32,21.333,41.000,19.667,21,20,220,220,51891,58061,58111,,6220,,50,,,,,,50
2942,31,186,4,0,0,0x04,23,0,40,32,21.000,40.000,19.000,20,19,220,220,51891,58111,58161,,6270,,50,,,,,,50
2943,31,186,4,0,0,0x04,23,0,39,31,20.667,39.000,18.333,19,19,220,220,51891,58161,58211,,6320,,50,,,,,,50
2944,31,186,4,0,0,0x04,23,0,38,31,20.333,38.000,17.667,19,18,220,220,51891,58211,58261,,6370,,50,,,,,,50
2945,31,186,4,0,0,0x04,23,0,36,31,19.667,36.000,16.333,18,17,220,220,51891,58261,58311,,6420,,50,,,,,,50
2946,31,186,4,0,0,0x04,23,0,35,30,19.333,35.000,15.667,17,16,220,220,51891,58311,58361,,6470,,50,,,,,,50
2947,31,186,4,0,0,0x04,23,0,34,30,19.000,34.000,15.000,16,15,220,220,51891,58361,58411,,6520,,50,,,,,,50
2948,31,186,4,0,0,0x04,27,0,33,30,20.000,33.000,13.000,15,13,220,220,51891,58411,58461,,6570,,50,,,,,,50
2949,31,186,4,0,0,0x04,22,0,32,29,18.000,32.000,14.000,13,14,220,220,51891,58461,58511,,6620,,50,,,,,,50
2950,31,186,4,0,0,0x04,22,0,31,28,17.667,31.000,13.333,14,14,220,220,51891,58511,58561,,6670,,50,,,,,,50
2951,31,186,4,0,0,0x04,22,0,30,27,17.333,30.000,12.667,14,13,220,220,51891,58561,58611,,6720,,50,,,,,,50
2952,31,186,4,0,0,0x04,22,0,28,27,16.667,28.000,11.333,13,12,220,220,51891,58611,58661,,6770,,50,,,,,,50
2953,31,186,4,0,0,0x04,22,0,27,27,16.333,27.000,10.667,12,11,220,220,51891,58661,58711,,6820,,50,,,,,,50
2954,31,186,4,0,0,0x04,22,0,26,26,16.000,26.000,10.000,11,10,220,220,51891,58711,58761,,6870,,50,,,,,,50
2955,31,186,4,0,0,0x04,22,0,25,26,15.667,25.000,9.333,10,10,220,220,51891,58761,58811,,6920,,50,,,,,,50
2956,31,186,4,0,0,0x04,22,0,24,26,15.333,24.000,8.667,10,9,220,220,51891,58811,58861,,6970,,50,,,,,,50
2957,31,186,4,0,0,0x04,22,0,23,25,15.000,23.000,8.000,9,8,220,220,51891,58861,58911,,7020,,50,,,,,,50
2958,31,186,4,0,0,0x04,21,0,21,25,14.000,21.000,7.000,8,7,220,220,51891,58911,58961,,7070,,50,,,,,,50
2959,31,186,4,0,0,0x04,22,0,20,24,14.000,20.000,6.000,7,6,220,220,51891,58961,59011,,7120,,50,,,,,,50
2960,31,186,4,0,0,0x04,21,0,19,24,13.333,19.000,5.667,6,6,220,220,51891,59011,59061,,7170,,50,,,,,,50
2961,32,187,5,0,0,0x05,18,0,0,0,6.000,0.000,-6.000,-6,-6,220,220,59955,575,625,,6206,,50,,,,,,50
2962,32,187,5,0,0,0x05,19,0,0,0,6.333,0.000,-6.333,-6,-6,220,220,59955,625,675,,6256,,50,,,,,,50
2963,32,187,5,0,0,0x05,19,0,0,1,6.333,0.000,-6.333,-6,-6,220,220,59955,675,725,,6306,,50,,,,,,50
2964,32,187,5,0,0,0x05,19,0,0,1,6.333,0.000,-6.333,-6,-6,220,220,59955,725,775,,6356,,50,,,,,,50
2965,32,187,5,0,0,0x05,18,0,0,2,6.000,0.000,-6.000,-6,-6,220,220,59955,775,825,,6406,,50,,,,,,50
2966,32,187,5,0,0,0x05,18,0,0,2,6.000,0.000,-6.000,-6,-6,220,220,59955,825,875,,6456,,50,,,,,,50
2967,32,187,5,0,0,0x05,23,0,0,3,7.667,0.000,-7.667,-6,-7,220,220,59955,875,925,,6506,,50,,,,,,50
2968,32,187,5,0,0,0x05,19,0,0,3,6.333,0.000,-6.333,-7,-6,220,220,59955,925,975,,6556,,50,,,,,,50
2969,32,187,5,0,0,0x05,18,0,0,3,6.000,0.000,-6.000,-6,-6,220,220,59955,975,1025,,6606,,50,,,,,,50
2970,32,187,5,0,0,0x05,19,0,0,4,6.333,0.000,-6.333,-6,-6,220,220,59955,1025,1075,,6656,,50,,,,,,50
2971,32,187,5,0,0,0x05,19,0,0,4,6.333,0.000,-6.333,-6,-6,220,220,59955,1075,1125,,6706,,50,,,,,,50
2972,32,187,5,0,0,0x05,19,0,0,5,6.333,0.000,-6.333,-6,-6,220,220,59955,1125,1175,,6756,,50,,,,,,50
2973,32,187,5,0,0,0x05,19,0,0,5,6.333,0.000,-6.333,-6,-6,220,220,59955,1175,1225,,6806,,50,,,,,,50
2974,32,187,5,0,0,0x05,19,0,0,6,6.333,0.000,-6.333,-6,-6,220,220,59955,1225,1275,,6856,,50,,,,,,50
2975,32,187,5,0,0,0x05,19,0,0,6,6.333,0.000,-6.333,-6,-6,220,220,59955,1275,1325,,6906,,50,,,,,,50
2976,32,187,5,0,0,0x05,19,0,0,7,6.333,0.000,-6.333,-6,-6,220,220,59955,1325,1375,,6956,,50,,,,,,50
2977,32,187,5,0,0,0x05,19,0,0,7,6.333,0.000,-6.333,-6,-6,220,220,59955,1375,1425,,7006,,50,,,,,,50
2978,32,187,5,0,0,0x05,19,0,0,7,6.333,0.000,-6.333,-6,-6,220,220,59955,1425,1475,,7056,,50,,,,,,50
2979,32,187,5,0,0,0x05,19,0,0,8,6.333,0.000,-6.333,-6,-6,220,220,59955,1475,1525,,7106,,50,,,,,,50
2980,32,187,5,0,0,0x05,19,0,0,9,6.333,0.000,-6.333,-6,-6,220,220,59955,1525,1575,,7156,,50,,,,,,50
2981,32,188,6,0,0,0x06,42,20,0,31,20.667,42.000,21.333,21,22,220,220,2502,8625,8675,,6173,,50,,,,,,50
2982,32,188,6,0,0,0x06,40,20,0,30,20.000,40.000,20.000,22,20,220,220,2502,8675,8725,,6223,,50,,,,,,50
2983,32,188,6,0,0,0x06,40,21,0,30,20.333,40.000,19.667,20,20,220,220,2502,8725,8775,,6273,,50,,,,,,50
2984,32,188,6,0,0,0x06,39,20,0,30,19.667,39.000,19.333,20,20,220,220,2502,8775,8825,,6323,,50,,,,,,50
2985,32,188,6,0,0,0x06,38,21,0,30,19.667,38.000,18.333,20,19,220,220,2502,8825,8875,,6373,,50,,,,,,50
2986,32,188,6,0,0,0x06,41,21,0,30,20.667,41.000,20.333,19,21,220,220,2502,8875,8925,,6423,,50,,,,,,50
2987,32,188,6,0,0,0x06,36,20,0,29,18.667,36.000,17.333,21,18,220,220,2502,8925,8975,,6473,,50,,,,,,50
2988,32,188,6,0,0,0x06,36,20,0,29,18.667,36.000,17.333,18,18,220,220,2502,8975,9025,,6523,,50,,,,,,50
2989,32,188,6,0,0,0x06,35,21,0,28,18.667,35.000,16.333,18,17,220,220,2502,9025,9075,,6573,,50,,,,,,50
2990,32,188,6,0,0,0x06,34,20,0,28,18.000,34.000,16.000,17,16,220,220,2502,9075,9125,,6623,,50,,,,,,50
2991,32,188,6,0,0,0x06,33,20,0,28,17.667,33.000,15.333,16,16,220,220,2502,9125,9175,,6673,,50,,,,,,50
2992,32,188,6,0,0,0x06,32,20,0,28,17.333,32.000,14.667,16,15,220,220,2502,9175,9225,,6723,,50,,,,,,50
2993,32,188,6,0,0,0x06,32,20,0,27,17.333,32.000,14.667,15,15,220,220,2502,9225,9275,,6773,,50,,,,,,50
2994,32,188,6,0,0,0x06,30,20,0,27,16.667,30.000,13.333,15,14,220,220,2502,9275,9325,,6823,,50,,,,,,50
2995,32,188,6,0,0,0x06,30,20,0,27,16.667,30.000,13.333,14,14,220,220,2502,9325,9375,,6873,,50,,,,,,50
2996,32,188,6,0,0,0x06,29,20,0,26,16.333,29.000,12.667,14,13,220,220,2502,9375,9425,,6923,,50,,,,,,50
2997,32,188,6,0,0,0x06,27,20,0,26,15.667,27.000,11.333,13,12,220,220,2502,9425,9475,,6973,,50,,,,,,50
2998,32,188,6,0,0,0x06,26,19,0,26,15.000,26.000,11.000,12,11,220,220,2502,9475,9525,,7023,,50,,,,,,50
2999,32,188,6,0,0,0x06,26,20,0,25,15.333,26.000,10.667,11,11,220,220,2502,9525,9575,,7073,,50,,,,,,50
3000,32,188,6,0,0,0x06,25,19,0,25,14.667,25.000,10.333,11,11,220,220,2502,9575,9625,,7123,,50,,,,,,50
3001,32,189,1,0,0,0x01,0,19,0,10,6.333,0.000,-6.333,-6,-6,220,220,10567,16675,16725,,6158,,50,,,,,,50
3002,32,189,1,0,0,0x01,0,18,0,11,6.000,0.000,-6.000,-6,-6,220,220,10567,16725,16775,,6208,,50,,,,,,50
3003,32,189,1,0,0,0x01,0,19,0,11,6.333,0.000,-6.333,-6,-6,220,220,10567,16775,16825,,6258,,50,,,,,,50
3004,32,189,1,0,0,0x01,0,19,0,12,6.333,0.000,-6.333,-6,-6,220,220,10567,16825,16875,,6308,,50,,,,,,50
3005,32,189,1,0,0,0x01,3,19,0,13,7.333,0.000,-7.333,-6,-7,220,220,10567,16875,16925,,6358,,50,,,,,,50
3006,32,189,1,0,0,0x01,0,19,0,13,6.333,0.000,-6.333,-7,-6,220,220,10567,16925,16975,,6408,,50,,,,,,50
3007,32,189,1,0,0,0x01,0,19,0,13,6.333,0.000,-6.333,-6,-6,220,220,10567,16975,17025,,6458,,50,,,,,,50
3008,32,189,1,0,0,0x01,0,18,0,13,6.000,0.000,-6.000,-6,-6,220,220,10567,17025,17075,,6508,,50,,,,,,50
3009,32,189,1,0,0,0x01,0,19,0,14,6.333,0.000,-6.333,-6,-6,220,220,10567,17075,17125,,6558,,50,,,,,,50
3010,32,189,1,0,0,0x01,0,19,0,14,6.333,0.000,-6.333,-6,-6,220,220,10567,17125,17175,,6608,,50,,,,,,50
3011,32,189,1,0,0,0x01,0,19,0,15,6.333,0.000,-6.333,-6,-6,220,220,10567,17175,17225,,6658,,50,,,,,,50
3012,32,189,1,0,0,0x01,0,19,0,15,6.333,0.000,-6.333,-6,-6,220,220,10567,17225,17275,,6708,,50,,,,,,50
3013,32,189,1,0,0,0x01,0,19,0,16,6.333,0.000,-6.333,-6,-6,220,220,10567,17275,17325,,6758,,50,,,,,,50
3014,32,189,1,0,0,0x01,0,19,0,16,6.333,0.000,-6.333,-6,-6,220,220,10567,17325,17375,,6808,,50,,,,,,50
3015,32,189,1,0,0,0x01,1,19,0,17,6.667,0.000,-6.667,-6,-6,220,220,10567,17375,17425,,6858,,50,,,,,,50
3016,32,189,1,0,0,0x01,0,19,0,17,6.333,0.000,-6.333,-6,-5,220,220,18651,19475,19525,,874,,50,,,,,,50
3017,32,189,1,0,0,0x01,0,19,2,18,7.000,2.000,-5.000,-6,-5,220,220,10567,17475,17525,,6958,,50,,,,,,50
3018,32,190,2,0,0,0x02,1,0,18,16,6.333,0.000,-6.333,-6,-6,220,220,18651,19575,19625,,974,,50,,,,,,50
3019,32,191,1,0,0,0x01,0,19,4,18,7.667,4.000,-3.667,-4,-3,220,220,10567,17575,17625,,7058,,50,,,,,,50
3020,32,192,2,0,0,0x02,1,0,17,17,6.000,0.000,-6.000,-6,-6,220,220,18651,19675,19725,,1074,,50,,,,,,50
3021,32,192,2,0,0,0x02,3,72,22,43,32.333,72.000,39.667,40,40,220,220,18651,24725,24775,,6124,,50,,,,,,50
3022,32,192,2,0,0,0x02,3,71,22,43,32.000,71.000,39.000,40,39,220,220,18651,24775,24825,,6174,,50,,,,,,50
3023,32,192,2,0,0,0x02,3,69,22,42,31.333,69.000,37.667,39,38,220,220,18651,24825,24875,,6224,,50,,,,,,50
3024,32,192,2,0,0,0x02,7,68,22,42,32.333,68.000,35.667,38,36,220,220,18651,24875,24925,,6274,,50,,,,,,50
3025,32,192,2,0,0,0x02,3,68,22,41,31.000,68.000,37.000,36,37,220,220,18651,24925,24975,,6324,,50,,,,,,50
3026,32,192,2,0,0,0x02,3,66,22,41,30.333,66.000,35.667,37,36,220,220,18651,24975,25025,,6374,,50,,,,,,50
3027,32,192,2,0,0,0x02,3,65,22,40,30.000,65.000,35.000,36,35,220,220,18651,25025,25075,,6424,,50,,,,,,50
3028,32,192,2,0,0,0x02,3,64,22,40,29.667,64.000,34.333,35,35,220,220,18651,25075,25125,,6474,,50,,,,,,50
3029,32,192,2,0,0,0x02,3,63,22,40,29.333,63.000,33.667,35,34,220,220,18651,25125,25175,,6524,,50,,,,,,50
3030,32,192,2,0,0,0x02,3,61,22,39,28.667,61.000,32.333,34,33,220,220,18651,25175,25225,,6574,,50,,,,,,50
3031,32,192,2,0,0,0x02,3,60,22,39,28.333,60.000,31.667,33,32,220,220,18651,25225,25275,,6624,,50,,,,,,50
3032,32,192,2,0,0,0x02,2,59,22,38,27.667,59.000,31.333,32,32,220,220,18651,25275,25325,,6674,,50,,,,,,50
3033,32,192,2,0,0,0x02,3,59,21,38,27.667,59.000,31.333,32,32,220,220,18651,25325,25375,,6724,,50,,,,,,50
3034,32,192,2,0,0,0x02,2,57,21,37,26.667,57.000,30.333,32,31,220,220,18651,25375,25425,,6774,,50,,,,,,50
3035,32,192,2,0,0,0x02,2,56,21,37,26.333,56.000,29.667,31,30,220,220,18651,25425,25475,,6824,,50,,,,,,50
3036,32,192,2,0,0,0x02,3,55,21,37,26.333,55.000,28.667,30,29,220,220,18651,25475,25525,,6874,,50,,,,,,50
3037,32,192,2,0,0,0x02,2,54,21,36,25.667,54.000,28.333,29,29,220,220,18651,25525,25575,,6924,,50,,,,,,50
3038,32,192,2,0,0,0x02,2,53,21,36,25.333,53.000,27.667,29,28,220,220,18651,25575,25625,,6974,,50,,,,,,50
3039,32,192,2,0,0,0x02,2,51,21,35,24.667,51.000,26.333,28,27,220,220,18651,25625,25675,,7024,,50,,,,,,50
3040,33,193,3,0,0,0x03,2,50,21,23,24.333,2.000,-22.333,10,8,220,220,26716,27725,27775,,1059,,50,,,,,,50
3041,33,193,3,0,0,0x03,0,0,17,13,5.667,0.000,-5.667,-5,-5,220,220,26716,32775,32825,,6109,,50,,,,,,50
3042,33,193,3,0,0,0x03,0,0,17,13,5.667,0.000,-5.667,-5,-5,220,220,26716,32825,32875,,6159,,50,,,,,,50
3043,33,193,3,0,0,0x03,0,0,17,14,5.667,0.000,-5.667,-5,-5,220,220,26716,32875,32925,,6209,,50,,,,,,50
3044,33,193,3,0,0,0x03,0,0,17,14,5.667,0.000,-5.667,-5,-5,220,220,26716,32925,32975,,6259,,50,,,,,,50
3045,33,193,3,0,0,0x03,0,0,17,14,5.667,0.000,-5.667,-5,-5,220,220,26716,32975,33025,,6309,,50,,,,,,50
3046,33,193,3,0,0,0x03,0,0,17,14,5.667,0.000,-5.667,-5,-5,220,220,26716,33025,33075,,6359,,50,,,,,,50
3047,33,193,3,0,0,0x03,0,0,17,15,5.667,0.000,-5.667,-5,-5,220,220,26716,33075,33125,,6409,,50,,,,,,50
3048,33,193,3,0,0,0x03,0,0,17,15,5.667,0.000,-5.667,-5,-5,220,220,26716,33125,33175,,6459,,50,,,,,,50
3049,33,193,3,0,0,0x03,0,0,17,15,5.667,0.000,-5.667,-5,-5,220,220,26716,33175,33225,,6509,,50,,,,,,50
3050,33,193,3,0,0,0x03,0,0,17,15,5.667,0.000,-5.667,-5,-5,220,220,26716,33225,33275,,6559,,50,,,,,,50
3051,33,193,3,0,0,0x03,0,0,17,16,5.667,0.000,-5.667,-5,-5,220,220,26716,33275,33325,,6609,,50,,,,,,50
3052,33,193,3,0,0,0x03,0,0,17,16,5.667,0.000,-5.667,-5,-5,220,220,26716,33325,33375,,6659,,50,,,,,,50
3053,33,193,3,0,0,0x03,1,0,17,17,6.000,1.000,-5.000,-5,-5,220,220,26716,33375,33425,,6709,,50,,,,,,50
3054,33,194,4,0,0,0x04,1,0,17,12,6.000,17.000,11.000,-6,-6,220,220,34805,35475,35525,,720,,50,,,,,,50
3055,33,195,3,0,0,0x03,2,0,18,17,6.667,2.000,-4.667,-5,-4,220,220,26716,33475,33525,,6809,,50,,,,,,50
3056,33,196,4,0,0,0x04,3,0,0,14,1.000,0.000,-1.000,-6,-7,220,220,34805,35575,35625,,820,,50,,,,,,50
3057,33,197,3,0,0,0x03,4,0,18,18,7.333,4.000,-3.333,-4,-3,220,220,26716,33575,33625,,6909,,50,,,,,,50
3058,33,198,4,0,0,0x04,20,0,0,15,6.667,0.000,-6.667,-6,-6,220,220,34805,35675,35725,,920,,50,,,,,,50
3059,33,198,4,0,0,0x04,20,0,0,16,6.667,0.000,-6.667,-6,-6,220,220,34805,35725,35775,,970,,50,,,,,,50
3060,33,198,4,0,0,0x04,21,0,0,16,7.000,0.000,-7.000,-6,-7,220,220,34805,35775,35825,,1020,,50,,,,,,50
3061,33,198,4,0,0,0x04,23,0,43,33,22.000,43.000,21.000,23,21,220,220,34805,40825,40875,,6070,,50,,,,,,50
3062,33,198,4,0,0,0x04,28,0,41,33,23.000,41.000,18.000,21,18,220,220,34805,40875,40925,,6120,,50,,,,,,50
3063,33,198,4,0,0,0x04,23,0,40,32,21.000,40.000,19.000,18,19,220,220,34805,40925,40975,,6170,,50,,,,,,50
3064,33,198,4,0,0,0x04,23,0,38,31,20.333,38.000,17.667,19,18,220,220,34805,40975,41025,,6220,,50,,,,,,50
3065,33,198,4,0,0,0x04,23,0,37,31,20.000,37.000,17.000,18,17,220,220,34805,41025,41075,,6270,,50,,,,,,50
3066,33,198,4,0,0,0x04,23,0,36,30,19.667,36.000,16.333,17,17,220,220,34805,41075,41125,,6320,,50,,,,,,50
3067,33,198,4,0,0,0x04,22,0,34,30,18.667,34.000,15.333,17,16,220,220,34805,41125,41175,,6370,,50,,,,,,50
3068,33,198,4,0,0,0x04,22,0,32,29,18.000,32.000,14.000,16,14,220,220,34805,41175,41225,,6420,,50,,,,,,50
3069,33,198,4,0,0,0x04,22,0,31,28,17.667,31.000,13.333,14,14,220,220,34805,41225,41275,,6470,,50,,,,,,50
3070,33,198,4,0,0,0x04,22,0,30,27,17.333,30.000,12.667,14,13,220,220,34805,43325,43375,,8570,,50,,,,,,50
3071,33,198,4,0,0,0x04,22,0,28,27,16.667,28.000,11.333,13,12,220,220,34805,41325,41375,,6570,,50,,,,,,50
3072,34,199,5,0,0,0x05,22,0,26,27,16.000,0.000,-16.000,21,20,220,220,42871,43425,43475,,604,,50,,,,,,50
3073,34,200,4,0,0,0x04,22,0,25,26,15.667,25.000,9.333,10,10,220,220,34805,41425,41475,,6670,,50,,,,,,50
3074,34,201,5,0,0,0x05,22,0,24,30,15.333,0.000,-15.333,19,18,220,220,42871,43525,43575,,704,,50,,,,,,50
3075,34,202,4,0,0,0x04,21,0,22,25,14.333,22.000,7.667,9,8,220,220,42871,43575,43625,,754,,50,,,,,,50
3076,34,203,5,0,0,0x05,21,35,0,29,18.667,35.000,16.333,18,16,220,220,42871,43625,43675,,804,,50,,,,,,50
3077,34,203,5,0,0,0x05,22,33,0,28,18.333,33.000,14.667,16,15,220,220,42871,43675,43725,,854,,50,,,,,,50
3078,34,203,5,0,0,0x05,22,32,0,28,18.000,32.000,14.000,15,14,220,220,42871,43725,43775,,904,,50,,,,,,50
3079,34,203,5,0,0,0x05,22,31,0,27,17.667,31.000,13.333,14,14,220,220,42871,43775,43825,,954,,50,,,,,,50
3080,34,203,5,0,0,0x05,22,29,0,27,17.000,29.000,12.000,14,12,220,220,42871,43825,43875,,1004,,50,,,,,,50
3081,34,203,5,0,0,0x05,23,0,0,6,7.667,0.000,-7.667,-6,-7,220,220,42871,49875,49925,,7054,,50,,,,,,50
3082,34,203,5,0,0,0x05,19,0,0,5,6.333,0.000,-6.333,-7,-6,220,220,42871,49925,49975,,7104,,50,,,,,,50
3083,34,203,5,0,0,0x05,19,0,0,6,6.333,0.000,-6.333,-6,-6,220,220,42871,49975,50025,,7154,,50,,,,,,50
3084,34,203,5,0,0,0x05,19,0,0,7,6.333,0.000,-6.333,-6,-6,220,220,42871,50025,50075,,7204,,50,,,,,,50
3085,34,203,5,0,0,0x05,19,0,0,7,6.333,0.000,-6.333,-6,-6,220,220,42871,50075,50125,,7254,,50,,,,,,50
3086,34,203,5,0,0,0x05,19,0,0,7,6.333,0.000,-6.333,-6,-6,220,220,42871,50125,50175,,7304,,50,,,,,,50
3087,34,203,5,0,0,0x05,19,0,0,8,6.333,0.000,-6.333,-6,-6,220,220,42871,50175,50225,,7354,,50,,,,,,50
3088,34,203,5,0,0,0x05,19,0,0,8,6.333,0.000,-6.333,-6,-6,220,220,42871,50225,50275,,7404,,50,,,,,,50
3089,34,203,5,0,0,0x05,19,0,0,8,6.333,0.000,-6.333,-6,-6,220,220,42871,50275,50325,,7454,,50,,,,,,50
3090,34,203,5,0,0,0x05,19,0,0,9,6.333,0.000,-6.333,-6,-6,220,220,42871,50325,50375,,7504,,50,,,,,,50
3091,34,203,5,0,0,0x05,19,0,0,9,6.333,0.000,-6.333,-6,-6,220,220,42871,50375,50425,,7554,,50,,,,,,50
3092,34,203,5,0,0,0x05,19,0,0,10,6.333,0.000,-6.333,-6,-6,220,220,42871,50425,50475,,7604,,50,,,,,,50
3093,34,203,5,0,0,0x05,19,0,0,10,6.333,0.000,-6.333,-6,-6,220,220,42871,50475,50525,,7654,,50,,,,,,50
3094,34,203,5,0,0,0x05,19,0,0,10,6.333,0.000,-6.333,-6,-6,220,220,42871,50525,50575,,7704,,50,,,,,,50
3095,34,203,5,0,0,0x05,19,0,0,11,6.333,0.000,-6.333,-6,-6,220,220,42871,50575,50625,,7754,,50,,,,,,50
3096,34,203,5,0,0,0x05,19,0,0,12,6.333,0.000,-6.333,-6,-6,220,220,42871,50625,50675,,7804,,50,,,,,,50
3097,34,203,5,0,0,0x05,19,0,0,12,6.333,0.000,-6.333,-6,-6,220,220,42871,50675,50725,,7854,,50,,,,,,50
3098,34,203,5,0,0,0x05,19,0,0,12,6.333,0.000,-6.333,-6,-6,220,220,42871,50725,50775,,7904,,50,,,,,,50
3099,34,203,5,0,0,0x05,19,0,0,13,6.333,0.000,-6.333,-6,-6,220,220,42871,50775,50825,,7954,,50,,,,,,50
3100,34,203,5,0,0,0x05,19,0,0,13,6.333,0.000,-6.333,-6,-6,220,220,42871,50825,50875,,8004,,50,,,,,,50
3101,34,204,6,0,0,0x06,21,19,0,24,13.333,21.000,7.667,12,8,220,220,50956,57925,57975,,7019,,50,,,,,,50
3102,34,204,6,0,0,0x06,20,19,0,23,13.000,20.000,7.000,8,7,220,220,50956,57975,58025,,7069,,50,,,,,,50
3103,34,204,6,0,0,0x06,19,19,0,23,12.667,19.000,6.333,7,7,220,220,50956,58025,58075,,7119,,50,,,,,,50
3104,34,204,6,0,0,0x06,18,19,0,22,12.333,18.000,5.667,7,6,220,220,50956,58075,58125,,7169,,50,,,,,,50
3105,34,204,6,0,0,0x06,17,18,0,22,11.667,17.000,5.333,6,6,220,220,50956,58125,58175,,7219,,50,,,,,,50
3106,34,204,6,0,0,0x06,16,19,0,22,11.667,16.000,4.333,6,5,220,220,50956,58175,58225,,7269,,50,,,,,,50
3107,34,204,6,0,0,0x06,15,18,0,21,11.000,15.000,4.000,5,4,220,220,50956,58225,58275,,7319,,50,,,,,,50
3108,34,204,6,0,0,0x06,14,18,0,21,10.667,14.000,3.333,4,4,220,220,50956,58275,58325,,7369,,50,,,,,,50
3109,34,204,6,0,0,0x06,12,18,0,20,10.000,12.000,2.000,4,2,220,220,50956,58325,58375,,7419,,50,,,,,,50
3110,34,204,6,0,0,0x06,12,18,0,20,10.000,12.000,2.000,2,2,220,220,50956,58375,58425,,7469,,50,,,,,,50
3111,34,204,6,0,0,0x06,11,18,0,20,9.667,11.000,1.333,2,2,220,220,50956,58425,58475,,7519,,50,,,,,,50
3112,34,204,6,0,0,0x06,10,18,0,19,9.333,10.000,0.667,2,1,220,220,50956,58475,58525,,7569,,50,,,,,,50
3113,34,204,6,0,0,0x06,9,18,0,19,9.000,9.000,0.000,1,0,220,220,50956,58525,58575,,7619,,50,,,,,,50
3114,34,204,6,0,0,0x06,7,18,0,18,8.333,7.000,-1.333,0,-1,220,220,50956,58575,58625,,7669,,50,,,,,,50
3115,34,204,6,0,0,0x06,7,18,0,18,8.333,7.000,-1.333,-1,-1,220,220,50956,58625,58675,,7719,,50,,,,,,50
3116,34,204,6,0,0,0x06,6,18,0,18,8.000,6.000,-2.000,-1,-2,220,220,50956,58675,58725,,7769,,50,,,,,,50
3117,34,204,6,0,0,0x06,4,18,0,18,7.333,4.000,-3.333,-2,-3,220,220,50956,58725,58775,,7819,,50,,,,,,50
3118,34,204,6,0,0,0x06,4,17,0,17,7.000,4.000,-3.000,-3,-3,220,220,50956,58775,58825,,7869,,50,,,,,,50
3119,34,204,6,0,0,0x06,2,17,0,16,6.333,2.000,-4.333,-3,-4,220,220,50956,58825,58875,,7919,,50,,,,,,50
3120,34,204,6,0,0,0x06,6,17,0,17,7.667,6.000,-1.667,-4,-1,220,220,50956,58875,58925,,7969,,50,,,,,,50
3121,35,205,1,0,0,0x01,0,18,0,5,6.000,0.000,-6.000,-6,-6,220,220,59022,64975,65025,,6003,,50,,,,,,50
3122,35,205,1,0,0,0x01,0,18,0,6,6.000,0.000,-6.000,-6,-6,220,220,59022,65025,65075,,6053,,50,,,,,,50
3123,35,205,1,0,0,0x01,0,18,0,6,6.000,0.000,-6.000,-6,-6,220,220,59022,65075,65125,,6103,,50,,,,,,50
3124,35,205,1,0,0,0x01,0,18,0,7,6.000,0.000,-6.000,-6,-6,220,220,59022,65125,65175,,6153,,50,,,,,,50
3125,35,205,1,0,0,0x01,0,18,0,7,6.000,0.000,-6.000,-6,-6,220,220,59022,65175,65225,,6203,,50,,,,,,50
3126,35,205,1,0,0,0x01,0,19,0,8,6.333,0.000,-6.333,-6,-6,220,220,59022,65225,65275,,6253,,50,,,,,,50
3127,35,205,1,0,0,0x01,0,18,0,8,6.000,0.000,-6.000,-6,-6,220,220,59022,65275,65325,,6303,,50,,,,,,50
3128,35,205,1,0,0,0x01,0,18,0,9,6.000,0.000,-6.000,-6,-6,220,220,59022,65325,65375,,6353,,50,,,,,,50
3129,35,205,1,0,0,0x01,0,18,0,9,6.000,0.000,-6.000,-6,-6,220,220,59022,65375,65425,,6403,,50,,,,,,50
3130,35,205,1,0,0,0x01,0,18,0,10,6.000,0.000,-6.000,-6,-6,220,220,59022,65425,65475,,6453,,50,,,,,,50
3131,35,205,1,0,0,0x01,0,18,0,10,6.000,0.000,-6.000,-6,-6,220,220,59022,65475,65525,,6503,,50,,,,,,50
3132,35,205,1,0,0,0x01,0,18,0,10,6.000,0.000,-6.000,-6,-6,220,220,59022,65525,39,,6553,,50,,,,,,50
3133,35,205,1,0,0,0x01,0,19,0,11,6.333,0.000,-6.333,-6,-6,220,220,59022,39,89,,6603,,50,,,,,,50
3134,35,205,1,0,0,0x01,0,19,0,11,6.333,0.000,-6.333,-6,-6,220,220,59022,89,139,,6653,,50,,,,,,50
3135,35,205,1,0,0,0x01,0,19,0,12,6.333,0.000,-6.333,-6,-6,220,220,59022,139,189,,6703,,50,,,,,,50
3136,35,205,1,0,0,0x01,0,18,0,12,6.000,0.000,-6.000,-6,-6,220,220,59022,189,239,,6753,,50,,,,,,50
3137,35,205,1,0,0,0x01,0,19,0,13,6.333,0.000,-6.333,-6,-6,220,220,59022,239,289,,6803,,50,,,,,,50
3138,35,205,1,0,0,0x01,0,18,0,13,6.000,0.000,-6.000,-6,-6,220,220,59022,289,339,,6853,,50,,,,,,50
3139,35,205,1,0,0,0x01,4,19,0,14,7.667,0.000,-7.667,-6,-7,220,220,59022,339,389,,6903,,50,,,,,,50
3140,35,205,1,0,0,0x01,0,18,0,14,6.000,0.000,-6.000,-7,-6,220,220,59022,389,439,,6953,,50,,,,,,50
3141,35,206,2,0,0,0x02,3,51,20,35,24.667,51.000,26.333,27,27,220,220,1322,7489,7539,,6217,,50,,,,,,50
3142,35,206,2,0,0,0x02,2,50,21,35,24.333,50.000,25.667,27,26,220,220,1322,7539,7589,,6267,,50,,,,,,50
3143,35,206,2,0,0,0x02,2,49,21,35,24.000,49.000,25.000,26,25,220,220,1322,7589,7639,,6317,,50,,,,,,50
3144,35,206,2,0,0,0x02,3,48,20,35,23.667,48.000,24.333,25,25,220,220,1322,7639,7689,,6367,,50,,,,,,50
3145,35,206,2,0,0,0x02,3,47,21,34,23.667,47.000,23.333,25,24,220,220,1322,7689,7739,,6417,,50,,,,,,50
3146,35,206,2,0,0,0x02,2,46,20,34,22.667,46.000,23.333,24,24,220,220,1322,7739,7789,,6467,,50,,,,,,50
3147,35,206,2,0,0,0x02,2,46,20,33,22.667,46.000,23.333,24,24,220,220,1322,7789,7839,,6517,,50,,,,,,50
3148,35,206,2,0,0,0x02,2,45,20,33,22.333,45.000,22.667,24,23,220,220,1322,7839,7889,,6567,,50,,,,,,50
3149,35,206,2,0,0,0x02,2,44,20,33,22.000,44.000,22.000,23,22,220,220,1322,7889,7939,,6617,,50,,,,,,50
3150,35,206,2,0,0,0x02,3,42,20,32,21.667,42.000,20.333,22,21,220,220,1322,7939,7989,,6667,,50,,,,,,50
3151,35,206,2,0,0,0x02,2,42,20,32,21.333,42.000,20.667,21,21,220,220,1322,7989,8039,,6717,,50,,,,,,50
3152,35,206,2,0,0,0x02,2,41,20,32,21.000,41.000,20.000,21,20,220,220,1322,8039,8089,,6767,,50,,,,,,50
3153,35,206,2,0,0,0x02,2,40,20,31,20.667,40.000,19.333,20,20,220,220,1322,8089,8139,,6817,,50,,,,,,50
3154,35,206,2,0,0,0x02,2,39,20,31,20.333,39.000,18.667,20,19,220,220,1322,8139,8189,,6867,,50,,,,,,50
3155,35,206,2,0,0,0x02,2,38,19,30,19.667,38.000,18.333,19,19,220,220,1322,8189,8239,,6917,,50,,,,,,50
3156,35,206,2,0,0,0x02,2,37,20,30,19.667,37.000,17.333,19,18,220,220,1322,8239,8289,,6967,,50,,,,,,50
3157,35,206,2,0,0,0x02,2,36,19,30,19.000,36.000,17.000,18,17,220,220,1322,8289,8339,,7017,,50,,,,,,50
3158,35,206,2,0,0,0x02,6,35,20,29,20.333,35.000,14.667,17,15,220,220,1322,8339,8389,,7067,,50,,,,,,50
3159,35,206,2,0,0,0x02,2,34,19,29,18.333,34.000,15.667,15,16,220,220,1322,8389,8439,,7117,,50,,,,,,50
3160,35,206,2,0,0,0x02,2,33,19,28,18.000,33.000,15.000,16,15,220,220,1322,8439,8489,,7167,,50,,,,,,50
3161,35,207,3,0,0,0x03,0,0,17,9,5.667,0.000,-5.667,-5,-5,220,220,9137,15539,15589,,6452,,50,,,,,,50
3162,35,207,3,0,0,0x03,0,0,17,10,5.667,0.000,-5.667,-5,-5,220,220,9137,15589,15639,,6502,,50,,,,,,50
3163,35,207,3,0,0,0x03,0,0,17,10,5.667,0.000,-5.667,-5,-5,220,220,9137,15639,15689,,6552,,50,,,,,,50
3164,35,207,3,0,0,0x03,0,0,17,10,5.667,0.000,-5.667,-5,-5,220,220,9137,15689,15739,,6602,,50,,,,,,50
3165,35,207,3,0,0,0x03,0,0,17,11,5.667,0.000,-5.667,-5,-5,220,220,9137,15739,15789,,6652,,50,,,,,,50
3166,35,207,3,0,0,0x03,0,0,17,11,5.667,0.000,-5.667,-5,-5,220,220,9137,15789,15839,,6702,,50,,,,,,50
3167,35,207,3,0,0,0x03,0,0,17,11,5.667,0.000,-5.667,-5,-5,220,220,9137,15839,15889,,6752,,50,,,,,,50
3168,35,207,3,0,0,0x03,0,0,17,12,5.667,0.000,-5.667,-5,-5,220,220,9137,15889,15939,,6802,,50,,,,,,50
3169,35,207,3,0,0,0x03,0,0,17,12,5.667,0.000,-5.667,-5,-5,220,220,9137,15939,15989,,6852,,50,,,,,,50
3170,35,207,3,0,0,0x03,0,0,17,12,5.667,0.000,-5.667,-5,-5,220,220,9137,15989,16039,,6902,,50,,,,,,50
3171,35,207,3,0,0,0x03,0,0,17,13,5.667,0.000,-5.667,-5,-5,220,220,9137,16039,16089,,6952,,50,,,,,,50
3172,35,207,3,0,0,0x03,0,0,17,13,5.667,0.000,-5.667,-5,-5,220,220,9137,16089,16139,,7002,,50,,,,,,50
3173,35,207,3,0,0,0x03,0,0,17,14,5.667,0.000,-5.667,-5,-5,220,220,9137,16139,16189,,7052,,50,,,,,,50
3174,35,207,3,0,0,0x03,0,0,17,14,5.667,0.000,-5.667,-5,-5,220,220,9137,16189,16239,,7102,,50,,,,,,50
3175,35,207,3,0,0,0x03,0,0,17,14,5.667,0.000,-5.667,-5,-5,220,220,9137,16239,16289,,7152,,50,,,,,,50
3176,35,207,3,0,0,0x03,0,0,17,14,5.667,0.000,-5.667,-5,-5,220,220,9137,16289,16339,,7202,,50,,,,,,50
3177,35,207,3,0,0,0x03,0,0,17,15,5.667,0.000,-5.667,-5,-5,220,220,9137,16339,16389,,7252,,50,,,,,,50
3178,35,207,3,0,0,0x03,0,0,17,15,5.667,0.000,-5.667,-5,-5,220,220,9137,16389,16439,,7302,,50,,,,,,50
3179,35,207,3,0,0,0x03,0,0,17,16,5.667,0.000,-5.667,-5,-5,220,220,9137,16439,16489,,7352,,50,,,,,,50
3180,35,207,3,0,0,0x03,0,0,17,16,5.667,0.000,-5.667,-5,-5,220,220,9137,16489,16539,,7402,,50,,,,,,50
3181,35,208,4,0,0,0x04,21,0,14,22,11.667,14.000,2.333,4,3,220,220,16969,23589,23639,,6670,,50,,,,,,50
3182,35,208,4,0,0,0x04,21,0,13,22,11.333,13.000,1.667,3,2,220,220,16969,23639,23689,,6720,,50,,,,,,50
3183,35,208,4,0,0,0x04,21,0,12,21,11.000,12.000,1.000,2,1,220,220,16969,23689,23739,,6770,,50,,,,,,50
3184,35,208,4,0,0,0x04,20,0,11,21,10.333,11.000,0.667,1,1,220,220,16969,23739,23789,,6820,,50,,,,,,50
3185,35,208,4,0,0,0x04,20,0,10,20,10.000,10.000,0.000,1,0,220,220,16969,23789,23839,,6870,,50,,,,,,50
3186,35,208,4,0,0,0x04,21,0,9,20,10.000,9.000,-1.000,0,-1,220,220,16969,23839,23889,,6920,,50,,,,,,50
3187,35,208,4,0,0,0x04,21,0,8,20,9.667,8.000,-1.667,-1,-1,220,220,16969,23889,23939,,6970,,50,,,,,,50
3188,35,208,4,0,0,0x04,20,0,6,19,8.667,6.000,-2.667,-1,-2,220,220,16969,23939,23989,,7020,,50,,,,,,50
3189,35,208,4,0,0,0x04,20,0,5,18,8.333,5.000,-3.333,-2,-3,220,220,16969,23989,24039,,7070,,50,,,,,,50
3190,35,208,4,0,0,0x04,20,0,4,18,8.000,4.000,-4.000,-3,-4,220,220,16969,24039,24089,,7120,,50,,,,,,50
3191,35,208,4,0,0,0x04,20,0,3,18,7.667,3.000,-4.667,-4,-4,220,220,16969,24089,24139,,7170,,50,,,,,,50
3192,35,208,4,0,0,0x04,20,0,2,17,7.333,2.000,-5.333,-4,-5,220,220,16969,24139,24189,,7220,,50,,,,,,50
3193,35,208,4,0,0,0x04,20,0,1,17,7.000,1.000,-6.000,-5,-6,220,220,16969,24189,24239,,7270,,50,,,,,,50
3194,35,208,4,0,0,0x04,20,0,0,17,6.667,0.000,-6.667,-6,-6,220,220,16969,24239,24289,,7320,,50,,,,,,50
3195,35,208,4,0,0,0x04,20,0,0,17,6.667,0.000,-6.667,-6,-6,220,220,16969,24289,24339,,7370,,50,,,,,,50
3196,35,208,4,0,0,0x04,24,0,0,17,8.000,0.000,-8.000,-6,-8,220,220,16969,24339,24389,,7420,,50,,,,,,50
3197,35,208,4,0,0,0x04,19,0,0,16,6.333,0.000,-6.333,-8,-6,220,220,16969,24389,24439,,7470,,50,,,,,,50
3198,35,208,4,0,0,0x04,20,0,0,15,6.667,0.000,-6.667,-6,-6,220,220,16969,24439,24489,,7520,,50,,,,,,50
3199,35,208,4,0,0,0x04,20,0,0,15,6.667,0.000,-6.667,-6,-6,220,220,16969,24489,24539,,7570,,50,,,,,,50
3200,35,208,4,0,0,0x04,20,0,0,15,6.667,0.000,-6.667,-6,-6,220,220,16969,24539,24589,,7620,,50,,,,,,50
3201,35,209,5,0,0,0x05,18,0,0,0,6.000,0.000,-6.000,-6,-6,220,220,24784,30639,30689,,5905,,50,,,,,,50
3202,35,209,5,0,0,0x05,18,0,0,0,6.000,0.000,-6.000,-6,-6,220,220,24784,30689,30739,,5955,,50,,,,,,50
3203,35,209,5,0,0,0x05,18,0,0,0,6.000,0.000,-6.000,-6,-6,220,220,24784,30739,30789,,6005,,50,,,,,,50
3204,35,209,5,0,0,0x05,18,0,0,0,6.000,0.000,-6.000,-6,-6,220,220,24784,30789,30839,,6055,,50,,,,,,50
3205,35,209,5,0,0,0x05,18,0,0,0,6.000,0.000,-6.000,-6,-6,220,220,24784,30839,30889,,6105,,50,,,,,,50
3206,35,209,5,0,0,0x05,18,0,0,0,6.000,0.000,-6.000,-6,-6,220,220,24784,30889,30939,,6155,,50,,,,,,50
3207,35,209,5,0,0,0x05,18,0,0,0,6.000,0.000,-6.000,-6,-6,220,220,24784,30939,30989,,6205,,50,,,,,,50
3208,35,209,5,0,0,0x05,18,0,0,0,6.000,0.000,-6.000,-6,-6,220,220,24784,30989,31039,,6255,,50,,,,,,50
3209,35,209,5,0,0,0x05,19,0,0,1,6.333,0.000,-6.333,-6,-6,220,220,24784,31039,31089,,6305,,50,,,,,,50
3210,35,209,5,0,0,0x05,19,0,0,1,6.333,0.000,-6.333,-6,-6,220,220,24784,31089,31139,,6355,,50,,,,,,50
3211,35,209,5,0,0,0x05,19,0,0,2,6.333,0.000,-6.333,-6,-6,220,220,24784,31139,31189,,6405,,50,,,,,,50
3212,35,209,5,0,0,0x05,19,0,0,2,6.333,0.000,-6.333,-6,-6,220,220,24784,31189,31239,,6455,,50,,,,,,50
3213,35,209,5,0,0,0x05,19,0,0,3,6.333,0.000,-6.333,-6,-6,220,220,24784,31239,31289,,6505,,50,,,,,,50
3214,35,209,5,0,0,0x05,19,0,0,3,6.333,0.000,-6.333,-6,-6,220,220,24784,31289,31339,,6555,,50,,,,,,50
3215,35,209,5,0,0,0x05,23,0,0,4,7.667,0.000,-7.667,-6,-7,220,220,24784,31339,31389,,6605,,50,,,,,,50
3216,35,209,5,0,0,0x05,19,0,0,4,6.333,0.000,-6.333,-7,-6,220,220,24784,31389,31439,,6655,,50,,,,,,50
3217,35,209,5,0,0,0x05,19,0,0,5,6.333,0.000,-6.333,-6,-6,220,220,24784,31439,31489,,6705,,50,,,,,,50
3218,35,209,5,0,0,0x05,19,0,0,5,6.333,0.000,-6.333,-6,-6,220,220,24784,31489,31539,,6755,,50,,,,,,50
3219,35,209,5,0,0,0x05,19,0,0,6,6.333,0.000,-6.333,-6,-6,220,220,24784,31539,31589,,6805,,50,,,,,,50
3220,35,210,6,0,0,0x06,19,0,0,7,6.333,19.000,12.667,-6,-6,220,220,32618,33639,33689,,1071,,50,,,,,,50
3221,35,210,6,0,0,0x06,39,20,0,30,19.667,39.000,19.333,20,20,220,220,32618,38689,38739,,6121,,50,,,,,,50
3222,35,210,6,0,0,0x06,38,20,0,30,19.333,38.000,18.667,20,19,220,220,32618,38739,38789,,6171,,50,,,,,,50
3223,35,210,6,0,0,0x06,38,20,0,30,19.333,38.000,18.667,19,19,220,220,32618,38789,38839,,6221,,50,,,,,,50
3224,35,210,6,0,0,0x06,37,20,0,29,19.000,37.000,18.000,19,18,220,220,32618,38839,38889,,6271,,50,,,,,,50
3225,35,210,6,0,0,0x06,36,20,0,29,18.667,36.000,17.333,18,18,220,220,32618,38889,38939,,6321,,50,,,,,,50
3226,35,210,6,0,0,0x06,35,20,0,29,18.333,35.000,16.667,18,17,220,220,32618,38939,38989,,6371,,50,,,,,,50
3227,35,210,6,0,0,0x06,35,20,0,28,18.333,35.000,16.667,17,17,220,220,32618,38989,39039,,6421,,50,,,,,,50
3228,35,210,6,0,0,0x06,34,20,0,28,18.000,34.000,16.000,17,16,220,220,32618,39039,39089,,6471,,50,,,,,,50
3229,35,210,6,0,0,0x06,33,20,0,28,17.667,33.000,15.333,16,16,220,220,32618,39089,39139,,6521,,50,,,,,,50
3230,35,210,6,0,0,0x06,32,20,0,27,17.333,32.000,14.667,16,15,220,220,32618,39139,39189,,6571,,50,,,,,,50
3231,35,210,6,0,0,0x06,32,20,0,28,17.333,32.000,14.667,15,15,220,220,32618,39189,39239,,6621,,50,,,,,,50
3232,35,210,6,0,0,0x06,31,20,0,27,17.000,31.000,14.000,15,14,220,220,32618,39239,39289,,6671,,50,,,,,,50
3233,35,210,6,0,0,0x06,30,20,0,27,16.667,30.000,13.333,14,14,220,220,32618,39289,39339,,6721,,50,,,,,,50
3234,35,210,6,0,0,0x06,34,20,0,27,18.000,34.000,16.000,14,16,220,220,32618,39339,39389,,6771,,50,,,,,,50
3235,35,210,6,0,0,0x06,28,20,0,26,16.000,28.000,12.000,16,12,220,220,32618,39389,39439,,6821,,50,,,,,,50
3236,35,210,6,0,0,0x06,27,20,0,26,15.667,27.000,11.333,12,12,220,220,32618,39439,39489,,6871,,50,,,,,,50
3237,35,210,6,0,0,0x06,27,20,0,26,15.667,27.000,11.333,12,12,220,220,32618,39489,39539,,6921,,50,,,,,,50
3238,35,210,6,0,0,0x06,26,20,0,25,15.333,26.000,10.667,12,11,220,220,32618,39539,39589,,6971,,50,,,,,,50
3239,35,210,6,0,0,0x06,26,19,0,25,15.000,26.000,11.000,11,11,220,220,32618,39589,39639,,7021,,50,,,,,,50
3240,35,210,6,0,0,0x06,24,19,0,25,14.333,24.000,9.667,11,10,220,220,32618,39639,39689,,7071,,50,,,,,,50
3241,36,211,1,0,0,0x01,0,19,0,11,6.333,0.000,-6.333,-6,-6,220,220,40433,46739,46789,,6356,,50,,,,,,50
3242,36,211,1,0,0,0x01,0,18,0,12,6.000,0.000,-6.000,-6,-6,220,220,40433,46789,46839,,6406,,50,,,,,,50
3243,36,211,1,0,0,0x01,0,19,0,13,6.333,0.000,-6.333,-6,-6,220,220,40433,46839,46889,,6456,,50,,,,,,50
3244,36,211,1,0,0,0x01,0,18,0,13,6.000,0.000,-6.000,-6,-6,220,220,40433,46889,46939,,6506,,50,,,,,,50
3245,36,211,1,0,0,0x01,0,19,0,13,6.333,0.000,-6.333,-6,-6,220,220,40433,46939,46989,,6556,,50,,,,,,50
3246,36,211,1,0,0,0x01,0,19,0,14,6.333,0.000,-6.333,-6,-6,220,220,40433,46989,47039,,6606,,50,,,,,,50
3247,36,211,1,0,0,0x01,0,18,0,14,6.000,0.000,-6.000,-6,-6,220,220,40433,47039,47089,,6656,,50,,,,,,50
3248,36,211,1,0,0,0x01,0,19,0,15,6.333,0.000,-6.333,-6,-6,220,220,40433,47089,47139,,6706,,50,,,,,,50
3249,36,211,1,0,0,0x01,0,18,0,15,6.000,0.000,-6.000,-6,-6,220,220,40433,47139,47189,,6756,,50,,,,,,50
3250,36,211,1,0,0,0x01,0,19,0,16,6.333,0.000,-6.333,-6,-6,220,220,40433,47189,47239,,6806,,50,,,,,,50
3251,36,211,1,0,0,0x01,1,19,0,16,6.667,0.000,-6.667,-6,-6,220,220,40433,47239,47289,,6856,,50,,,,,,50
3252,36,211,1,0,0,0x01,1,19,0,17,6.667,0.000,-6.667,-6,-6,220,220,40433,47289,47339,,6906,,50,,,,,,50
3253,36,211,1,0,0,0x01,5,19,0,17,8.000,0.000,-8.000,-6,-8,220,220,40433,47339,47389,,6956,,50,,,,,,50
3254,36,211,1,0,0,0x01,0,19,2,18,7.000,2.000,-5.000,-8,-5,220,220,40433,47389,47439,,7006,,50,,,,,,50
3255,36,211,1,0,0,0x01,1,18,3,18,7.333,3.000,-4.333,-5,-4,220,220,40433,47439,47489,,7056,,50,,,,,,50
3256,36,211,1,0,0,0x01,1,19,5,19,8.333,5.000,-3.333,-4,-3,220,220,40433,47489,47539,,7106,,50,,,,,,50
3257,36,211,1,0,0,0x01,1,19,6,19,8.667,6.000,-2.667,-3,-2,220,220,40433,47539,47589,,7156,,50,,,,,,50
3258,36,211,1,0,0,0x01,2,19,8,20,9.667,8.000,-1.667,-2,-1,220,220,40433,47589,47639,,7206,,50,,,,,,50
3259,36,211,1,0,0,0x01,2,19,9,20,10.000,9.000,-1.000,-1,-1,220,220,40433,47639,47689,,7256,,50,,,,,,50
3260,36,211,1,0,0,0x01,1,19,10,21,10.000,10.000,0.000,-1,0,220,220,40433,47689,47739,,7306,,50,,,,,,50
3261,36,212,2,0,0,0x02,3,55,21,37,26.333,55.000,28.667,30,29,220,220,48271,54789,54839,,6568,,50,,,,,,50
3262,36,212,2,0,0,0x02,3,54,21,36,26.000,54.000,28.000,29,28,220,220,48271,54839,54889,,6618,,50,,,,,,50
3263,36,212,2,0,0,0x02,3,53,21,36,25.667,53.000,27.333,28,28,220,220,48271,54889,54939,,6668,,50,,,,,,50
3264,36,212,2,0,0,0x02,2,52,21,36,25.000,52.000,27.000,28,27,220,220,48271,54939,54989,,6718,,50,,,,,,50
3265,36,212,2,0,0,0x02,2,51,21,36,24.667,51.000,26.333,27,27,220,220,48271,54989,55039,,6768,,50,,,,,,50
3266,36,212,2,0,0,0x02,2,50,21,34,24.333,50.000,25.667,27,26,220,220,48271,55039,55089,,6818,,50,,,,,,50
3267,36,212,2,0,0,0x02,2,49,20,35,23.667,49.000,25.333,26,26,220,220,48271,55089,55139,,6868,,50,,,,,,50
3268,36,212,2,0,0,0x02,2,48,20,34,23.333,48.000,24.667,26,25,220,220,48271,55139,55189,,6918,,50,,,,,,50
3269,36,212,2,0,0,0x02,2,47,21,34,23.333,47.000,23.667,25,24,220,220,48271,55189,55239,,6968,,50,,,,,,50
3270,36,212,2,0,0,0x02,2,45,20,33,22.333,45.000,22.667,24,23,220,220,48271,55239,55289,,7018,,50,,,,,,50
3271,36,212,2,0,0,0x02,2,45,20,33,22.333,45.000,22.667,23,23,220,220,48271,55289,55339,,7068,,50,,,,,,50
3272,36,212,2,0,0,0x02,7,44,20,33,23.667,44.000,20.333,23,21,220,220,48271,55339,55389,,7118,,50,,,,,,50
3273,36,212,2,0,0,0x02,3,43,20,32,22.000,43.000,21.000,21,21,220,220,48271,55389,55439,,7168,,50,,,,,,50
3274,36,212,2,0,0,0x02,2,42,20,32,21.333,42.000,20.667,21,21,220,220,48271,55439,55489,,7218,,50,,,,,,50
3275,36,212,2,0,0,0x02,3,40,20,31,21.000,40.000,19.000,21,19,220,220,48271,55489,55539,,7268,,50,,,,,,50
3276,36,212,2,0,0,0x02,2,40,20,31,20.667,40.000,19.333,19,20,220,220,48271,55539,55589,,7318,,50,,,,,,50
3277,36,212,2,0,0,0x02,2,38,20,31,20.000,38.000,18.000,20,18,220,220,48271,55589,55639,,7368,,50,,,,,,50
3278,36,212,2,0,0,0x02,2,37,19,30,19.333,37.000,17.667,18,18,220,220,48271,55639,55689,,7418,,50,,,,,,50
3279,36,212,2,0,0,0x02,2,36,19,30,19.000,36.000,17.000,18,17,220,220,48271,55689,55739,,7468,,50,,,,,,50
3280,36,212,2,0,0,0x02,2,35,19,29,18.667,35.000,16.333,17,17,220,220,48271,55739,55789,,7518,,50,,,,,,50
3281,36,213,3,0,0,0x03,1,0,17,17,6.000,1.000,-5.000,-5,-5,220,220,56085,62839,62889,,6804,,50,,,,,,50
3282,36,213,3,0,0,0x03,2,0,17,17,6.333,2.000,-4.333,-5,-4,220,220,56085,62889,62939,,6854,,50,,,,,,50
3283,36,213,3,0,0,0x03,3,0,17,17,6.667,3.000,-3.667,-4,-3,220,220,56085,62939,62989,,6904,,50,,,,,,50
3284,36,213,3,0,0,0x03,4,0,17,17,7.000,4.000,-3.000,-3,-3,220,220,56085,62989,63039,,6954,,50,,,,,,50
3285,36,213,3,0,0,0x03,5,0,17,18,7.333,5.000,-2.333,-3,-2,220,220,56085,63039,63089,,7004,,50,,,,,,50
3286,36,213,3,0,0,0x03,6,0,17,18,7.667,6.000,-1.667,-2,-1,220,220,56085,63089,63139,,7054,,50,,,,,,50
3287,36,213,3,0,0,0x03,7,0,17,19,8.000,7.000,-1.000,-1,-1,220,220,56085,63139,63189,,7104,,50,,,,,,50
3288,36,213,3,0,0,0x03,7,0,17,19,8.000,7.000,-1.000,-1,-1,220,220,56085,63189,63239,,7154,,50,,,,,,50
3289,36,213,3,0,0,0x03,8,0,18,19,8.667,8.000,-0.667,-1,0,220,220,56085,63239,63289,,7204,,50,,,,,,50
3290,36,213,3,0,0,0x03,9,0,17,20,8.667,9.000,0.333,0,1,220,220,56085,63289,63339,,7254,,50,,,,,,50
3291,36,213,3,0,0,0x03,15,0,18,21,11.000,15.000,4.000,1,4,220,220,56085,63339,63389,,7304,,50,,,,,,50
3292,36,213,3,0,0,0x03,10,0,18,20,9.333,10.000,0.667,4,1,220,220,56085,63389,63439,,7354,,50,,,,,,50
3293,36,213,3,0,0,0x03,11,0,18,20,9.667,11.000,1.333,1,2,220,220,56085,63439,63489,,7404,,50,,,,,,50
3294,36,213,3,0,0,0x03,13,0,18,21,10.333,13.000,2.667,2,3,220,220,56085,63489,63539,,7454,,50,,,,,,50
3295,36,213,3,0,0,0x03,13,0,18,21,10.333,13.000,2.667,3,3,220,220,56085,63539,63589,,7504,,50,,,,,,50
3296,36,213,3,0,0,0x03,14,0,17,22,10.333,14.000,3.667,3,4,220,220,56085,63589,63639,,7554,,50,,,,,,50
3297,36,213,3,0,0,0x03,15,0,17,22,10.667,15.000,4.333,4,5,220,220,56085,63639,63689,,7604,,50,,,,,,50
3298,36,213,3,0,0,0x03,16,0,18,22,11.333,16.000,4.667,5,5,220,220,56085,63689,63739,,7654,,50,,,,,,50
3299,36,213,3,0,0,0x03,17,0,18,23,11.667,17.000,5.333,5,6,220,220,56085,63739,63789,,7704,,50,,,,,,50
3300,36,213,3,0,0,0x03,18,0,18,23,12.000,18.000,6.000,6,6,220,220,56085,63789,63839,,7754,,50,,,,,,50
3301,36,214,4,0,0,0x04,24,0,49,36,24.333,49.000,24.667,26,25,220,220,63920,4353,4403,,6019,,50,,,,,,50
3302,36,214,4,0,0,0x04,24,0,48,35,24.000,48.000,24.000,25,24,220,220,63920,4403,4453,,6069,,50,,,,,,50
3303,36,214,4,0,0,0x04,24,0,47,34,23.667,47.000,23.333,24,24,220,220,63920,4453,4503,,6119,,50,,,,,,50
3304,36,214,4,0,0,0x04,24,0,46,34,23.333,46.000,22.667,24,23,220,220,63920,4503,4553,,6169,,50,,,,,,50
3305,36,214,4,0,0,0x04,23,0,44,33,22.333,44.000,21.667,23,22,220,220,63920,4553,4603,,6219,,50,,,,,,50
3306,36,214,4,0,0,0x04,23,0,43,33,22.000,43.000,21.000,22,21,220,220,63920,4603,4653,,6269,,50,,,,,,50
3307,36,214,4,0,0,0x04,23,0,42,32,21.667,42.000,20.333,21,21,220,220,63920,4653,4703,,6319,,50,,,,,,50
3308,36,214,4,0,0,0x04,24,0,41,32,21.667,41.000,19.333,21,20,220,220,63920,4703,4753,,6369,,50,,,,,,50
3309,36,214,4,0,0,0x04,23,0,39,31,20.667,39.000,18.333,20,19,220,220,63920,4753,4803,,6419,,50,,,,,,50
3310,36,214,4,0,0,0x04,27,0,38,32,21.667,38.000,16.333,19,17,220,220,63920,4803,4853,,6469,,50,,,,,,50
3311,36,214,4,0,0,0x04,23,0,37,31,20.000,37.000,17.000,17,17,220,220,63920,4853,4903,,6519,,50,,,,,,50
3312,36,214,4,0,0,0x04,23,0,35,30,19.333,35.000,15.667,17,16,220,220,63920,4903,4953,,6569,,50,,,,,,50
3313,36,214,4,0,0,0x04,23,0,34,29,19.000,34.000,15.000,16,15,220,220,63920,4953,5003,,6619,,50,,,,,,50
3314,36,214,4,0,0,0x04,22,0,33,29,18.333,33.000,14.667,15,15,220,220,63920,5003,5053,,6669,,50,,,,,,50
3315,36,214,4,0,0,0x04,22,0,32,29,18.000,32.000,14.000,15,14,220,220,63920,5053,5103,,6719,,50,,,,,,50
3316,36,214,4,0,0,0x04,22,0,30,28,17.333,30.000,12.667,14,13,220,220,63920,5103,5153,,6769,,50,,,,,,50
3317,36,214,4,0,0,0x04,23,0,29,27,17.333,29.000,11.667,13,12,220,220,63920,5153,5203,,6819,,50,,,,,,50
3318,36,214,4,0,0,0x04,22,0,28,27,16.667,28.000,11.333,12,12,220,220,63920,5203,5253,,6869,,50,,,,,,50
3319,36,214,4,0,0,0x04,22,0,27,26,16.333,27.000,10.667,12,11,220,220,63920,5253,5303,,6919,,50,,,,,,50
3320,36,214,4,0,0,0x04,22,0,25,26,15.667,25.000,9.333,11,10,220,220,63920,5303,5353,,6969,,50,,,,,,50
3321,36,215,5,0,0,0x05,19,0,0,5,6.333,0.000,-6.333,-6,-6,220,220,6199,12403,12453,,6254,,50,,,,,,50
3322,36,215,5,0,0,0x05,19,0,0,5,6.333,0.000,-6.333,-6,-6,220,220,6199,12453,12503,,6304,,50,,,,,,50
3323,36,215,5,0,0,0x05,19,0,0,6,6.333,0.000,-6.333,-6,-6,220,220,6199,12503,12553,,6354,,50,,,,,,50
3324,36,215,5,0,0,0x05,19,0,0,6,6.333,0.000,-6.333,-6,-6,220,220,6199,12553,12603,,6404,,50,,,,,,50
3325,36,215,5,0,0,0x05,19,0,0,6,6.333,0.000,-6.333,-6,-6,220,220,6199,12603,12653,,6454,,50,,,,,,50
3326,36,215,5,0,0,0x05,19,0,0,7,6.333,0.000,-6.333,-6,-6,220,220,6199,12653,12703,,6504,,50,,,,,,50
3327,36,215,5,0,0,0x05,19,0,0,7,6.333,0.000,-6.333,-6,-6,220,220,6199,12703,12753,,6554,,50,,,,,,50
3328,36,215,5,0,0,0x05,19,0,0,7,6.333,0.000,-6.333,-6,-6,220,220,6199,12753,12803,,6604,,50,,,,,,50
3329,36,215,5,0,0,0x05,23,0,0,8,7.667,0.000,-7.667,-6,-7,220,220,6199,12803,12853,,6654,,50,,,,,,50
3330,36,215,5,0,0,0x05,19,0,0,8,6.333,0.000,-6.333,-7,-6,220,220,6199,12853,12903,,6704,,50,,,,,,50
3331,36,215,5,0,0,0x05,19,0,0,8,6.333,0.000,-6.333,-6,-6,220,220,6199,12903,12953,,6754,,50,,,,,,50
3332,36,215,5,0,0,0x05,19,0,0,9,6.333,0.000,-6.333,-6,-6,220,220,6199,12953,13003,,6804,,50,,,,,,50
3333,36,215,5,0,0,0x05,19,0,0,9,6.333,0.000,-6.333,-6,-6,220,220,6199,13003,13053,,6854,,50,,,,,,50
3334,36,215,5,0,0,0x05,19,0,0,10,6.333,0.000,-6.333,-6,-6,220,220,6199,13053,13103,,6904,,50,,,,,,50
3335,36,215,5,0,0,0x05,19,0,0,10,6.333,0.000,-6.333,-6,-6,220,220,6199,13103,13153,,6954,,50,,,,,,50
3336,36,215,5,0,0,0x05,19,0,0,10,6.333,0.000,-6.333,-6,-6,220,220,6199,13153,13203,,7004,,50,,,,,,50
3337,36,215,5,0,0,0x05,20,0,0,11,6.667,0.000,-6.667,-6,-6,220,220,6199,13203,13253,,7054,,50,,,,,,50
3338,36,215,5,0,0,0x05,19,0,0,11,6.333,0.000,-6.333,-6,-6,220,220,6199,13253,13303,,7104,,50,,,,,,50
3339,36,215,5,0,0,0x05,20,0,0,12,6.667,0.000,-6.667,-6,-6,220,220,6199,13303,13353,,7154,,50,,,,,,50
3340,36,215,5,0,0,0x05,20,0,0,12,6.667,0.000,-6.667,-6,-6,220,220,6199,13353,13403,,7204,,50,,,,,,50
3341,36,216,6,0,0,0x06,31,20,0,27,17.000,31.000,14.000,15,14,220,220,14033,20453,20503,,6470,,50,,,,,,50
3342,36,216,6,0,0,0x06,30,20,0,27,16.667,30.000,13.333,14,14,220,220,14033,20503,20553,,6520,,50,,,,,,50
3343,36,216,6,0,0,0x06,29,20,0,26,16.333,29.000,12.667,14,13,220,220,14033,20553,20603,,6570,,50,,,,,,50
3344,36,216,6,0,0,0x06,28,20,0,26,16.000,28.000,12.000,13,12,220,220,14033,20603,20653,,6620,,50,,,,,,50
3345,36,216,6,0,0,0x06,27,20,0,25,15.667,27.000,11.333,12,12,220,220,14033,20653,20703,,6670,,50,,,,,,50
3346,36,216,6,0,0,0x06,26,20,0,25,15.333,26.000,10.667,12,11,220,220,14033,20703,20753,,6720,,50,,,,,,50
3347,36,216,6,0,0,0x06,25,20,0,25,15.000,25.000,10.000,11,10,220,220,14033,20753,20803,,6770,,50,,,,,,50
3348,36,216,6,0,0,0x06,28,19,0,25,15.667,28.000,12.333,10,13,220,220,14033,20803,20853,,6820,,50,,,,,,50
3349,36,216,6,0,0,0x06,22,19,0,24,13.667,22.000,8.333,13,9,220,220,14033,20853,20903,,6870,,50,,,,,,50
3350,36,216,6,0,0,0x06,21,19,0,24,13.333,21.000,7.667,9,8,220,220,14033,20903,20953,,6920,,50,,,,,,50
3351,36,216,6,0,0,0x06,20,19,0,23,13.000,20.000,7.000,8,7,220,220,14033,20953,21003,,6970,,50,,,,,,50
3352,36,216,6,0,0,0x06,19,19,0,22,12.667,19.000,6.333,7,7,220,220,14033,21003,21053,,7020,,50,,,,,,50
3353,36,216,6,0,0,0x06,18,19,0,22,12.333,18.000,5.667,7,6,220,220,14033,21053,21103,,7070,,50,,,,,,50
3354,36,216,6,0,0,0x06,17,19,0,22,12.000,17.000,5.000,6,5,220,220,14033,21103,21153,,7120,,50,,,,,,50
3355,36,216,6,0,0,0x06,15,19,0,21,11.333,15.000,3.667,5,4,220,220,14033,21153,21203,,7170,,50,,,,,,50
3356,36,216,6,0,0,0x06,14,18,0,21,10.667,14.000,3.333,4,4,220,220,14033,21203,21253,,7220,,50,,,,,,50
3357,36,216,6,0,0,0x06,13,18,0,21,10.333,13.000,2.667,4,3,220,220,14033,21253,21303,,7270,,50,,,,,,50
3358,36,216,6,0,0,0x06,12,18,0,20,10.000,12.000,2.000,3,2,220,220,14033,21303,21353,,7320,,50,,,,,,50
3359,36,216,6,0,0,0x06,11,18,0,20,9.667,11.000,1.333,2,2,220,220,14033,21353,21403,,7370,,50,,,,,,50
3360,36,216,6,0,0,0x06,10,18,0,19,9.333,10.000,0.667,2,1,220,220,14033,21403,21453,,7420,,50,,,,,,50
3361,37,217,1,0,0,0x01,0,18,0,12,6.000,0.000,-6.000,-6,-6,220,220,21849,28503,28553,,6704,,50,,,,,,50
3362,37,217,1,0,0,0x01,0,19,0,12,6.333,0.000,-6.333,-6,-6,220,220,21849,28553,28603,,6754,,50,,,,,,50
3363,37,217,1,0,0,0x01,0,19,0,12,6.333,0.000,-6.333,-6,-6,220,220,21849,28603,28653,,6804,,50,,,,,,50
3364,37,217,1,0,0,0x01,0,19,0,13,6.333,0.000,-6.333,-6,-6,220,220,21849,28653,28703,,6854,,50,,,,,,50
3365,37,217,1,0,0,0x01,0,19,0,13,6.333,0.000,-6.333,-6,-6,220,220,21849,28703,28753,,6904,,50,,,,,,50
3366,37,217,1,0,0,0x01,0,19,0,13,6.333,0.000,-6.333,-6,-6,220,220,21849,28753,28803,,6954,,50,,,,,,50
3367,37,217,1,0,0,0x01,4,19,0,15,7.667,0.000,-7.667,-6,-7,220,220,21849,28803,28853,,7004,,50,,,,,,50
3368,37,217,1,0,0,0x01,0,18,0,14,6.000,0.000,-6.000,-7,-6,220,220,21849,28853,28903,,7054,,50,,,,,,50
3369,37,217,1,0,0,0x01,0,19,0,15,6.333,0.000,-6.333,-6,-6,220,220,21849,28903,28953,,7104,,50,,,,,,50
3370,37,217,1,0,0,0x01,0,19,0,15,6.333,0.000,-6.333,-6,-6,220,220,21849,28953,29003,,7154,,50,,,,,,50
3371,37,217,1,0,0,0x01,0,19,0,16,6.333,0.000,-6.333,-6,-6,220,220,21849,29003,29053,,7204,,50,,,,,,50
3372,37,217,1,0,0,0x01,0,19,0,16,6.333,0.000,-6.333,-6,-6,220,220,21849,29053,29103,,7254,,50,,,,,,50
3373,37,217,1,0,0,0x01,0,19,0,17,6.333,0.000,-6.333,-6,-6,220,220,21849,29103,29153,,7304,,50,,,,,,50
3374,37,217,1,0,0,0x01,1,19,0,17,6.667,0.000,-6.667,-6,-6,220,220,21849,29153,29203,,7354,,50,,,,,,50
3375,37,217,1,0,0,0x01,1,19,2,18,7.333,2.000,-5.333,-6,-5,220,220,21849,29203,29253,,7404,,50,,,,,,50
3376,37,217,1,0,0,0x01,1,19,3,18,7.667,3.000,-4.667,-5,-4,220,220,21849,29253,29303,,7454,,50,,,,,,50
3377,37,217,1,0,0,0x01,1,19,4,18,8.000,4.000,-4.000,-4,-4,220,220,21849,29303,29353,,7504,,50,,,,,,50
3378,37,217,1,0,0,0x01,1,19,5,19,8.333,5.000,-3.333,-4,-3,220,220,21849,29353,29403,,7554,,50,,,,,,50
3379,37,217,1,0,0,0x01,1,19,6,19,8.667,6.000,-2.667,-3,-2,220,220,21849,29403,29453,,7604,,50,,,,,,50
3380,37,217,1,0,0,0x01,1,19,7,20,9.000,7.000,-2.000,-2,-2,220,220,21849,29453,29503,,7654,,50,,,,,,50
3381,37,218,2,0,0,0x02,3,66,22,41,30.333,66.000,35.667,38,36,220,220,29683,35553,35603,,5920,,50,,,,,,50
3382,37,218,2,0,0,0x02,3,66,22,41,30.333,66.000,35.667,36,36,220,220,29683,35603,35653,,5970,,50,,,,,,50
3383,37,218,2,0,0,0x02,3,64,22,40,29.667,64.000,34.333,36,35,220,220,29683,35653,35703,,6020,,50,,,,,,50
3384,37,218,2,0,0,0x02,3,63,22,39,29.333,63.000,33.667,35,34,220,220,29683,35703,35753,,6070,,50,,,,,,50
3385,37,218,2,0,0,0x02,3,62,21,39,28.667,62.000,33.333,34,34,220,220,29683,35753,35803,,6120,,50,,,,,,50
3386,37,218,2,0,0,0x02,7,61,21,40,29.667,61.000,31.333,34,32,220,220,29683,35803,35853,,6170,,50,,,,,,50
3387,37,218,2,0,0,0x02,3,60,21,39,28.000,60.000,32.000,32,32,220,220,29683,35853,35903,,6220,,50,,,,,,50
3388,37,218,2,0,0,0x02,3,59,21,38,27.667,59.000,31.333,32,32,220,220,29683,35903,35953,,6270,,50,,,,,,50
3389,37,218,2,0,0,0x02,2,58,21,38,27.000,58.000,31.000,32,31,220,220,29683,35953,36003,,6320,,50,,,,,,50
3390,37,218,2,0,0,0x02,3,57,21,37,27.000,57.000,30.000,31,30,220,220,29683,36003,36053,,6370,,50,,,,,,50
3391,37,218,2,0,0,0x02,3,56,21,37,26.667,56.000,29.333,30,30,220,220,29683,36053,36103,,6420,,50,,,,,,50
3392,37,218,2,0,0,0x02,3,54,21,37,26.000,54.000,28.000,30,28,220,220,29683,36103,36153,,6470,,50,,,,,,50
3393,37,218,2,0,0,0x02,2,53,21,36,25.333,53.000,27.667,28,28,220,220,29683,36153,36203,,6520,,50,,,,,,50
3394,37,218,2,0,0,0x02,2,52,21,36,25.000,52.000,27.000,28,27,220,220,29683,36203,36253,,6570,,50,,,,,,50
3395,37,218,2,0,0,0x02,3,51,21,36,25.000,51.000,26.000,27,26,220,220,29683,36253,36303,,6620,,50,,,,,,50
3396,37,218,2,0,0,0x02,3,50,21,34,24.667,50.000,25.333,26,26,220,220,29683,36303,36353,,6670,,50,,,,,,50
3397,37,218,2,0,0,0x02,2,49,21,34,24.000,49.000,25.000,26,25,220,220,29683,36353,36403,,6720,,50,,,,,,50
3398,37,218,2,0,0,0x02,2,48,21,34,23.667,48.000,24.333,25,25,220,220,29683,36403,36453,,6770,,50,,,,,,50
3399,37,218,2,0,0,0x02,3,47,20,34,23.333,47.000,23.667,25,24,220,220,29683,36453,36503,,6820,,50,,,,,,50
3400,37,218,2,0,0,0x02,2,45,20,33,22.333,45.000,22.667,24,23,220,220,29683,36503,36553,,6870,,50,,,,,,50
3401,37,219,3,0,0,0x03,0,0,17,10,5.667,0.000,-5.667,-5,-5,220,220,37497,43603,43653,,6156,,50,,,,,,50
3402,37,219,3,0,0,0x03,0,0,17,10,5.667,0.000,-5.667,-5,-5,220,220,37497,43653,43703,,6206,,50,,,,,,50
3403,37,219,3,0,0,0x03,0,0,17,10,5.667,0.000,-5.667,-5,-5,220,220,37497,43703,43753,,6256,,50,,,,,,50
3404,37,219,3,0,0,0x03,0,0,17,11,5.667,0.000,-5.667,-5,-5,220,220,37497,43753,43803,,6306,,50,,,,,,50
3405,37,219,3,0,0,0x03,0,0,17,12,5.667,0.000,-5.667,-5,-5,220,220,37497,43803,43853,,6356,,50,,,,,,50
3406,37,219,3,0,0,0x03,0,0,17,12,5.667,0.000,-5.667,-5,-5,220,220,37497,43853,43903,,6406,,50,,,,,,50
3407,37,219,3,0,0,0x03,0,0,17,12,5.667,0.000,-5.667,-5,-5,220,220,37497,43903,43953,,6456,,50,,,,,,50
3408,37,219,3,0,0,0x03,0,0,17,12,5.667,0.000,-5.667,-5,-5,220,220,37497,43953,44003,,6506,,50,,,,,,50
3409,37,219,3,0,0,0x03,0,0,17,12,5.667,0.000,-5.667,-5,-5,220,220,37497,44003,44053,,6556,,50,,,,,,50
3410,37,219,3,0,0,0x03,0,0,17,13,5.667,0.000,-5.667,-5,-5,220,220,37497,44053,44103,,6606,,50,,,,,,50
3411,37,219,3,0,0,0x03,0,0,17,13,5.667,0.000,-5.667,-5,-5,220,220,37497,44103,44153,,6656,,50,,,,,,50
3412,37,219,3,0,0,0x03,0,0,17,13,5.667,0.000,-5.667,-5,-5,220,220,37497,44153,44203,,6706,,50,,,,,,50
3413,37,219,3,0,0,0x03,0,0,17,14,5.667,0.000,-5.667,-5,-5,220,220,37497,44203,44253,,6756,,50,,,,,,50
3414,37,219,3,0,0,0x03,0,0,17,14,5.667,0.000,-5.667,-5,-5,220,220,37497,44253,44303,,6806,,50,,,,,,50
3415,37,219,3,0,0,0x03,0,0,17,14,5.667,0.000,-5.667,-5,-5,220,220,37497,44303,44353,,6856,,50,,,,,,50
3416,37,219,3,0,0,0x03,0,0,17,14,5.667,0.000,-5.667,-5,-5,220,220,37497,44353,44403,,6906,,50,,,,,,50
3417,37,219,3,0,0,0x03,0,0,17,15,5.667,0.000,-5.667,-5,-5,220,220,37497,44403,44453,,6956,,50,,,,,,50
3418,37,219,3,0,0,0x03,0,0,18,15,6.000,0.000,-6.000,-5,-6,220,220,37497,44453,44503,,7006,,50,,,,,,50
3419,37,219,3,0,0,0x03,0,0,17,16,5.667,0.000,-5.667,-6,-5,220,220,37497,44503,44553,,7056,,50,,,,,,50
3420,37,219,3,0,0,0x03,0,0,17,16,5.667,0.000,-5.667,-5,-5,220,220,37497,44553,44603,,7106,,50,,,,,,50
3421,37,220,4,0,0,0x04,22,0,25,26,15.667,25.000,9.333,10,10,220,220,45330,51653,51703,,6373,,50,,,,,,50
3422,37,220,4,0,0,0x04,22,0,24,26,15.333,24.000,8.667,10,9,220,220,45330,51703,51753,,6423,,50,,,,,,50
3423,37,220,4,0,0,0x04,22,0,22,25,14.667,22.000,7.333,9,8,220,220,45330,51753,51803,,6473,,50,,,,,,50
3424,37,220,4,0,0,0x04,26,0,21,25,15.667,21.000,5.333,8,6,220,220,45330,51803,51853,,6523,,50,,,,,,50
3425,37,220,4,0,0,0x04,22,0,21,25,14.333,21.000,6.667,6,7,220,220,45330,51853,51903,,6573,,50,,,,,,50
3426,37,220,4,0,0,0x04,21,0,20,24,13.667,20.000,6.333,7,7,220,220,45330,51903,51953,,6623,,50,,,,,,50
3427,37,220,4,0,0,0x04,21,0,18,24,13.000,18.000,5.000,7,5,220,220,45330,51953,52003,,6673,,50,,,,,,50
3428,37,220,4,0,0,0x04,21,0,17,23,12.667,17.000,4.333,5,5,220,220,45330,52003,52053,,6723,,50,,,,,,50
3429,37,220,4,0,0,0x04,21,0,16,23,12.333,16.000,3.667,5,4,220,220,45330,52053,52103,,6773,,50,,,,,,50
3430,37,220,4,0,0,0x04,21,0,14,22,11.667,14.000,2.333,4,3,220,220,45330,52103,52153,,6823,,50,,,,,,50
3431,37,220,4,0,0,0x04,21,0,13,22,11.333,13.000,1.667,3,2,220,220,45330,52153,52203,,6873,,50,,,,,,50
3432,37,220,4,0,0,0x04,21,0,12,21,11.000,12.000,1.000,2,1,220,220,45330,52203,52253,,6923,,50,,,,,,50
3433,37,220,4,0,0,0x04,21,0,11,21,10.667,11.000,0.333,1,1,220,220,45330,52253,52303,,6973,,50,,,,,,50
3434,37,220,4,0,0,0x04,21,0,10,20,10.333,10.000,-0.333,1,0,220,220,45330,52303,52353,,7023,,50,,,,,,50
3435,37,220,4,0,0,0x04,21,0,9,20,10.000,9.000,-1.000,0,-1,220,220,45330,52353,52403,,7073,,50,,,,,,50
3436,37,220,4,0,0,0x04,20,0,8,20,9.333,8.000,-1.333,-1,-1,220,220,45330,52403,52453,,7123,,50,,,,,,50
3437,37,220,4,0,0,0x04,20,0,7,19,9.000,7.000,-2.000,-1,-2,220,220,45330,52453,52503,,7173,,50,,,,,,50
3438,37,220,4,0,0,0x04,20,0,5,19,8.333,5.000,-3.333,-2,-3,220,220,45330,52503,52553,,7223,,50,,,,,,50
3439,37,220,4,0,0,0x04,20,0,4,18,8.000,4.000,-4.000,-3,-4,220,220,45330,52553,52603,,7273,,50,,,,,,50
3440,37,220,4,0,0,0x04,20,0,3,18,7.667,3.000,-4.667,-4,-4,220,220,45330,52603,52653,,7323,,50,,,,,,50
3441,37,221,5,0,0,0x05,18,0,0,1,6.000,0.000,-6.000,-6,-6,220,220,53145,59703,59753,,6608,,50,,,,,,50
3442,37,221,5,0,0,0x05,19,0,0,2,6.333,0.000,-6.333,-6,-6,220,220,53145,59753,59803,,6658,,50,,,,,,50
3443,37,221,5,0,0,0x05,23,0,0,2,7.667,0.000,-7.667,-6,-7,220,220,53145,59803,59853,,6708,,50,,,,,,50
3444,37,221,5,0,0,0x05,19,0,0,2,6.333,0.000,-6.333,-7,-6,220,220,53145,59853,59903,,6758,,50,,,,,,50
3445,37,221,5,0,0,0x05,19,0,0,3,6.333,0.000,-6.333,-6,-6,220,220,53145,59903,59953,,6808,,50,,,,,,50
3446,37,221,5,0,0,0x05,19,0,0,3,6.333,0.000,-6.333,-6,-6,220,220,53145,59953,60003,,6858,,50,,,,,,50
3447,37,221,5,0,0,0x05,18,0,0,4,6.000,0.000,-6.000,-6,-6,220,220,53145,60003,60053,,6908,,50,,,,,,50
3448,37,221,5,0,0,0x05,19,0,0,4,6.333,0.000,-6.333,-6,-6,220,220,53145,60053,60103,,6958,,50,,,,,,50
3449,37,221,5,0,0,0x05,19,0,0,4,6.333,0.000,-6.333,-6,-6,220,220,53145,60103,60153,,7008,,50,,,,,,50
3450,37,221,5,0,0,0x05,19,0,0,5,6.333,0.000,-6.333,-6,-6,220,220,53145,60153,60203,,7058,,50,,,,,,50
3451,37,221,5,0,0,0x05,19,0,0,5,6.333,0.000,-6.333,-6,-6,220,220,53145,60203,60253,,7108,,50,,,,,,50
3452,37,221,5,0,0,0x05,19,0,0,6,6.333,0.000,-6.333,-6,-6,220,220,53145,60253,60303,,7158,,50,,,,,,50
3453,37,221,5,0,0,0x05,19,0,0,6,6.333,0.000,-6.333,-6,-6,220,220,53145,60303,60353,,7208,,50,,,,,,50
3454,37,221,5,0,0,0x05,19,0,0,7,6.333,0.000,-6.333,-6,-6,220,220,53145,60353,60403,,7258,,50,,,,,,50
3455,37,221,5,0,0,0x05,19,0,0,7,6.333,0.000,-6.333,-6,-6,220,220,53145,60403,60453,,7308,,50,,,,,,50
3456,37,221,5,0,0,0x05,19,0,0,7,6.333,0.000,-6.333,-6,-6,220,220,53145,60453,60503,,7358,,50,,,,,,50
3457,37,221,5,0,0,0x05,19,0,0,8,6.333,0.000,-6.333,-6,-6,220,220,53145,60503,60553,,7408,,50,,,,,,50
3458,37,221,5,0,0,0x05,19,0,0,8,6.333,0.000,-6.333,-6,-6,220,220,53145,60553,60603,,7458,,50,,,,,,50
3459,37,221,5,0,0,0x05,19,0,0,8,6.333,0.000,-6.333,-6,-6,220,220,53145,60603,60653,,7508,,50,,,,,,50
3460,37,221,5,0,0,0x05,19,0,0,9,6.333,0.000,-6.333,-6,-6,220,220,53145,60653,60703,,7558,,50,,,,,,50
3461,37,222,6,0,0,0x06,31,20,0,27,17.000,31.000,14.000,15,14,220,220,60979,1217,1267,,5824,,50,,,,,,50
3462,37,222,6,0,0,0x06,34,20,0,27,18.000,34.000,16.000,14,16,220,220,60979,1267,1317,,5874,,50,,,,,,50
3463,37,222,6,0,0,0x06,29,20,0,26,16.333,29.000,12.667,16,13,220,220,60979,1317,1367,,5924,,50,,,,,,50
3464,37,222,6,0,0,0x06,28,20,0,26,16.000,28.000,12.000,13,12,220,220,60979,1367,1417,,5974,,50,,,,,,50
3465,37,222,6,0,0,0x06,28,20,0,26,16.000,28.000,12.000,12,12,220,220,60979,1417,1467,,6024,,50,,,,,,50
3466,37,222,6,0,0,0x06,27,19,0,25,15.333,27.000,11.667,12,12,220,220,60979,1467,1517,,6074,,50,,,,,,50
3467,37,222,6,0,0,0x06,26,19,0,25,15.000,26.000,11.000,12,11,220,220,60979,1517,1567,,6124,,50,,,,,,50
3468,37,222,6,0,0,0x06,25,19,0,25,14.667,25.000,10.333,11,11,220,220,60979,1567,1617,,6174,,50,,,,,,50
3469,37,222,6,0,0,0x06,24,20,0,25,14.667,24.000,9.333,11,10,220,220,60979,1617,1667,,6224,,50,,,,,,50
3470,37,222,6,0,0,0x06,23,19,0,25,14.000,23.000,9.000,10,9,220,220,60979,1667,1717,,6274,,50,,,,,,50
3471,37,222,6,0,0,0x06,22,19,0,24,13.667,22.000,8.333,9,9,220,220,60979,1717,1767,,6324,,50,,,,,,50
3472,38,223,1,0,0,0x01,22,19,0,24,13.667,0.000,-13.667,16,15,220,220,3259,3817,3867,,608,,50,,,,,,50
3473,38,224,6,0,0,0x06,21,19,0,24,13.333,21.000,7.667,9,8,220,220,60979,1817,1867,,6424,,50,,,,,,50
3474,38,225,1,0,0,0x01,19,19,0,28,12.667,0.000,-12.667,14,13,220,220,3259,3917,3967,,708,,50,,,,,,50
3475,38,226,6,0,0,0x06,18,19,0,23,12.333,18.000,5.667,7,6,220,220,60979,1917,1967,,6524,,50,,,,,,50
3476,38,227,1,0,0,0x01,18,20,27,26,21.667,27.000,5.333,13,11,220,220,3259,4017,4067,,808,,50,,,,,,50
3477,38,227,1,0,0,0x01,17,19,0,22,12.000,0.000,-12.000,11,10,220,220,3259,4067,4117,,858,,50,,,,,,50
3478,38,227,1,0,0,0x01,1,20,24,25,15.000,24.000,9.000,10,9,220,220,3259,4117,4167,,908,,50,,,,,,50
3479,38,227,1,0,0,0x01,1,19,23,25,14.333,23.000,8.667,9,9,220,220,3259,4167,4217,,958,,50,,,,,,50
3480,38,227,1,0,0,0x01,1,19,21,24,13.667,21.000,7.333,9,8,220,220,3259,4217,4267,,1008,,50,,,,,,50
3481,38,227,1,0,0,0x01,2,18,0,7,6.667,0.000,-6.667,-6,-6,220,220,3259,9267,9317,,6058,,50,,,,,,50
3482,38,227,1,0,0,0x01,0,18,0,7,6.000,0.000,-6.000,-6,-6,220,220,3259,9317,9367,,6108,,50,,,,,,50
3483,38,227,1,0,0,0x01,0,18,0,8,6.000,0.000,-6.000,-6,-6,220,220,3259,9367,9417,,6158,,50,,,,,,50
3484,38,227,1,0,0,0x01,0,19,0,8,6.333,0.000,-6.333,-6,-6,220,220,3259,9417,9467,,6208,,50,,,,,,50
3485,38,227,1,0,0,0x01,0,19,0,9,6.333,0.000,-6.333,-6,-6,220,220,3259,9467,9517,,6258,,50,,,,,,50
3486,38,227,1,0,0,0x01,0,18,0,9,6.000,0.000,-6.000,-6,-6,220,220,3259,9517,9567,,6308,,50,,,,,,50
3487,38,227,1,0,0,0x01,0,19,0,10,6.333,0.000,-6.333,-6,-6,220,220,3259,9567,9617,,6358,,50,,,,,,50
3488,38,227,1,0,0,0x01,0,19,0,10,6.333,0.000,-6.333,-6,-6,220,220,3259,9617,9667,,6408,,50,,,,,,50
3489,38,227,1,0,0,0x01,0,19,0,11,6.333,0.000,-6.333,-6,-6,220,220,3259,9667,9717,,6458,,50,,,,,,50
3490,38,227,1,0,0,0x01,0,18,0,12,6.000,0.000,-6.000,-6,-6,220,220,3259,9717,9767,,6508,,50,,,,,,50
3491,38,227,1,0,0,0x01,0,19,0,12,6.333,0.000,-6.333,-6,-6,220,220,3259,9767,9817,,6558,,50,,,,,,50
3492,38,227,1,0,0,0x01,0,18,0,12,6.000,0.000,-6.000,-6,-6,220,220,3259,9817,9867,,6608,,50,,,,,,50
3493,38,227,1,0,0,0x01,0,19,0,14,6.333,0.000,-6.333,-6,-6,220,220,3259,9867,9917,,6658,,50,,,,,,50
3494,38,227,1,0,0,0x01,0,18,0,14,6.000,0.000,-6.000,-6,-6,220,220,3259,9917,9967,,6708,,50,,,,,,50
3495,38,227,1,0,0,0x01,0,19,0,14,6.333,0.000,-6.333,-6,-6,220,220,3259,9967,10017,,6758,,50,,,,,,50
3496,38,227,1,0,0,0x01,0,19,0,14,6.333,0.000,-6.333,-6,-6,220,220,3259,10017,10067,,6808,,50,,,,,,50
3497,38,227,1,0,0,0x01,0,19,0,16,6.333,0.000,-6.333,-6,-6,220,220,3259,10067,10117,,6858,,50,,,,,,50
3498,38,227,1,0,0,0x01,0,19,0,16,6.333,0.000,-6.333,-6,-6,220,220,3259,10117,10167,,6908,,50,,,,,,50
3499,38,227,1,0,0,0x01,0,19,0,17,6.333,0.000,-6.333,-6,-6,220,220,3259,10167,10217,,6958,,50,,,,,,50
3500,38,227,1,0,0,0x01,1,19,0,17,6.667,0.000,-6.667,-6,-6,220,220,3259,10217,10267,,7008,,50,,,,,,50
3501,38,228,2,0,0,0x02,3,53,21,36,25.667,53.000,27.333,27,28,220,220,10842,17317,17367,,6525,,50,,,,,,50
3502,38,228,2,0,0,0x02,3,52,21,36,25.333,52.000,26.667,28,27,220,220,10842,17367,17417,,6575,,50,,,,,,50
3503,38,228,2,0,0,0x02,3,51,21,36,25.000,51.000,26.000,27,26,220,220,10842,17417,17467,,6625,,50,,,,,,50
3504,38,228,2,0,0,0x02,3,50,20,35,24.333,50.000,25.667,26,26,220,220,10842,17467,17517,,6675,,50,,,,,,50
3505,38,228,2,0,0,0x02,3,50,21,35,24.667,50.000,25.333,26,26,220,220,10842,17517,17567,,6725,,50,,,,,,50
3506,38,228,2,0,0,0x02,2,49,21,35,24.000,49.000,25.000,26,25,220,220,10842,17567,17617,,6775,,50,,,,,,50
3507,38,228,2,0,0,0x02,3,48,20,34,23.667,48.000,24.333,25,25,220,220,10842,17617,17667,,6825,,50,,,,,,50
3508,38,228,2,0,0,0x02,2,47,20,34,23.000,47.000,24.000,25,24,220,220,10842,17667,17717,,6875,,50,,,,,,50
3509,38,228,2,0,0,0x02,2,46,20,34,22.667,46.000,23.333,24,24,220,220,10842,17717,17767,,6925,,50,,,,,,50
3510,38,228,2,0,0,0x02,3,45,20,33,22.667,45.000,22.333,24,23,220,220,10842,17767,17817,,6975,,50,,,,,,50
3511,38,228,2,0,0,0x02,3,44,20,33,22.333,44.000,21.667,23,22,220,220,10842,17817,17867,,7025,,50,,,,,,50
3512,38,228,2,0,0,0x02,2,43,20,32,21.667,43.000,21.333,22,22,220,220,10842,17867,17917,,7075,,50,,,,,,50
3513,38,228,2,0,0,0x02,2,42,20,32,21.333,42.000,20.667,22,21,220,220,10842,17917,17967,,7125,,50,,,,,,50
3514,38,228,2,0,0,0x02,2,42,20,32,21.333,42.000,20.667,21,21,220,220,10842,17967,18017,,7175,,50,,,,,,50
3515,38,228,2,0,0,0x02,2,41,19,31,20.667,41.000,20.333,21,21,220,220,10842,18017,18067,,7225,,50,,,,,,50
3516,38,228,2,0,0,0x02,2,40,20,31,20.667,40.000,19.333,21,20,220,220,10842,18067,18117,,7275,,50,,,,,,50
3517,38,228,2,0,0,0x02,2,39,20,31,20.333,39.000,18.667,20,19,220,220,10842,18117,18167,,7325,,50,,,,,,50
3518,38,228,2,0,0,0x02,2,38,20,31,20.000,38.000,18.000,19,18,220,220,10842,18167,18217,,7375,,50,,,,,,50
3519,38,228,2,0,0,0x02,2,37,20,30,19.667,37.000,17.333,18,18,220,220,10842,18217,18267,,7425,,50,,,,,,50
3520,38,228,2,0,0,0x02,6,36,19,30,20.333,36.000,15.667,18,16,220,220,10842,18267,18317,,7475,,50,,,,,,50
3521,39,229,3,0,0,0x03,0,0,17,10,5.667,0.000,-5.667,-5,-5,220,220,18407,24367,24417,,6010,,50,,,,,,50
3522,39,229,3,0,0,0x03,0,0,17,10,5.667,0.000,-5.667,-5,-5,220,220,18407,24417,24467,,6060,,50,,,,,,50
3523,39,229,3,0,0,0x03,0,0,17,11,5.667,0.000,-5.667,-5,-5,220,220,18407,24467,24517,,6110,,50,,,,,,50
3524,39,229,3,0,0,0x03,0,0,17,11,5.667,0.000,-5.667,-5,-5,220,220,18407,24517,24567,,6160,,50,,,,,,50
3525,39,229,3,0,0,0x03,0,0,17,11,5.667,0.000,-5.667,-5,-5,220,220,18407,24567,24617,,6210,,50,,,,,,50
3526,39,229,3,0,0,0x03,0,0,17,12,5.667,0.000,-5.667,-5,-5,220,220,18407,24617,24667,,6260,,50,,,,,,50
3527,39,229,3,0,0,0x03,0,0,17,13,5.667,0.000,-5.667,-5,-5,220,220,18407,24667,24717,,6310,,50,,,,,,50
3528,39,229,3,0,0,0x03,0,0,17,13,5.667,0.000,-5.667,-5,-5,220,220,18407,24717,24767,,6360,,50,,,,,,50
3529,39,229,3,0,0,0x03,0,0,17,13,5.667,0.000,-5.667,-5,-5,220,220,18407,24767,24817,,6410,,50,,,,,,50
3530,39,229,3,0,0,0x03,0,0,17,14,5.667,0.000,-5.667,-5,-5,220,220,18407,24817,24867,,6460,,50,,,,,,50
3531,39,229,3,0,0,0x03,0,0,17,14,5.667,0.000,-5.667,-5,-5,220,220,18407,24867,24917,,6510,,50,,,,,,50
3532,39,229,3,0,0,0x03,0,0,17,14,5.667,0.000,-5.667,-5,-5,220,220,18407,24917,24967,,6560,,50,,,,,,50
3533,39,229,3,0,0,0x03,0,0,17,14,5.667,0.000,-5.667,-5,-5,220,220,18407,24967,25017,,6610,,50,,,,,,50
3534,39,229,3,0,0,0x03,0,0,17,15,5.667,0.000,-5.667,-5,-5,220,220,18407,25017,25067,,6660,,50,,,,,,50
3535,39,229,3,0,0,0x03,0,0,17,16,5.667,0.000,-5.667,-5,-5,220,220,18407,25067,25117,,6710,,50,,,,,,50
3536,39,229,3,0,0,0x03,0,0,17,16,5.667,0.000,-5.667,-5,-5,220,220,18407,25117,25167,,6760,,50,,,,,,50
3537,39,229,3,0,0,0x03,0,0,18,16,6.000,0.000,-6.000,-5,-6,220,220,18407,25167,25217,,6810,,50,,,,,,50
3538,39,229,3,0,0,0x03,0,0,17,17,5.667,0.000,-5.667,-6,-5,220,220,18407,25217,25267,,6860,,50,,,,,,50
3539,39,229,3,0,0,0x03,6,0,17,18,7.667,6.000,-1.667,-5,-1,220,220,18407,25267,25317,,6910,,50,,,,,,50
3540,39,229,3,0,0,0x03,3,0,17,17,6.667,3.000,-3.667,-1,-3,220,220,18407,25317,25367,,6960,,50,,,,,,50
3541,39,230,4,0,0,0x04,22,0,32,29,18.000,32.000,14.000,15,14,220,220,25992,32417,32467,,6475,,50,,,,,,50
3542,39,230,4,0,0,0x04,22,0,31,29,17.667,31.000,13.333,14,14,220,220,25992,32467,32517,,6525,,50,,,,,,50
3543,39,230,4,0,0,0x04,22,0,30,28,17.333,30.000,12.667,14,13,220,220,25992,32517,32567,,6575,,50,,,,,,50
3544,39,230,4,0,0,0x04,22,0,28,28,16.667,28.000,11.333,13,12,220,220,25992,32567,32617,,6625,,50,,,,,,50
3545,39,230,4,0,0,0x04,22,0,28,27,16.667,28.000,11.333,12,12,220,220,25992,32617,32667,,6675,,50,,,,,,50
3546,39,230,4,0,0,0x04,22,0,27,27,16.333,27.000,10.667,12,11,220,220,25992,32667,32717,,6725,,50,,,,,,50
3547,39,230,4,0,0,0x04,22,0,26,26,16.000,26.000,10.000,11,10,220,220,25992,32717,32767,,6775,,50,,,,,,50
3548,39,230,4,0,0,0x04,22,0,25,26,15.667,25.000,9.333,10,10,220,220,25992,32767,32817,,6825,,50,,,,,,50
3549,39,230,4,0,0,0x04,22,0,24,25,15.333,24.000,8.667,10,9,220,220,25992,32817,32867,,6875,,50,,,,,,50
3550,39,230,4,0,0,0x04,21,0,22,25,14.333,22.000,7.667,9,8,220,220,25992,32867,32917,,6925,,50,,,,,,50
3551,39,230,4,0,0,0x04,22,0,21,24,14.333,21.000,6.667,8,7,220,220,25992,32917,32967,,6975,,50,,,,,,50
3552,39,230,4,0,0,0x04,21,0,20,24,13.667,20.000,6.333,7,7,220,220,25992,32967,33017,,7025,,50,,,,,,50
3553,39,230,4,0,0,0x04,21,0,19,24,13.333,19.000,5.667,7,6,220,220,25992,33017,33067,,7075,,50,,,,,,50
3554,39,230,4,0,0,0x04,21,0,18,24,13.000,18.000,5.000,6,5,220,220,25992,33067,33117,,7125,,50,,,,,,50
3555,39,230,4,0,0,0x04,21,0,17,23,12.667,17.000,4.333,5,5,220,220,25992,33117,33167,,7175,,50,,,,,,50
3556,39,230,4,0,0,0x04,21,0,15,22,12.000,15.000,3.000,5,3,220,220,25992,33167,33217,,7225,,50,,,,,,50
3557,39,230,4,0,0,0x04,21,0,14,22,11.667,14.000,2.333,3,3,220,220,25992,33217,33267,,7275,,50,,,,,,50
3558,39,230,4,0,0,0x04,25,0,13,22,12.667,13.000,0.333,3,1,220,220,25992,33267,33317,,7325,,50,,,,,,50
3559,39,230,4,0,0,0x04,21,0,12,22,11.000,12.000,1.000,1,1,220,220,25992,33317,33367,,7375,,50,,,,,,50
3560,39,230,4,0,0,0x04,20,0,11,21,10.333,11.000,0.667,1,1,220,220,25992,33367,33417,,7425,,50,,,,,,50
3561,39,231,5,0,0,0x05,19,0,0,4,6.333,0.000,-6.333,-6,-6,220,220,33556,39467,39517,,5961,,50,,,,,,50
3562,39,231,5,0,0,0x05,19,0,0,4,6.333,0.000,-6.333,-6,-6,220,220,33556,39517,39567,,6011,,50,,,,,,50
3563,39,231,5,0,0,0x05,19,0,0,4,6.333,0.000,-6.333,-6,-6,220,220,33556,39567,39617,,6061,,50,,,,,,50
3564,39,231,5,0,0,0x05,18,0,0,5,6.000,0.000,-6.000,-6,-6,220,220,33556,39617,39667,,6111,,50,,,,,,50
3565,39,231,5,0,0,0x05,19,0,0,5,6.333,0.000,-6.333,-6,-6,220,220,33556,39667,39717,,6161,,50,,,,,,50
3566,39,231,5,0,0,0x05,19,0,0,5,6.333,0.000,-6.333,-6,-6,220,220,33556,39717,39767,,6211,,50,,,,,,50
3567,39,231,5,0,0,0x05,19,0,0,6,6.333,0.000,-6.333,-6,-6,220,220,33556,39767,39817,,6261,,50,,,,,,50
3568,39,231,5,0,0,0x05,19,0,0,6,6.333,0.000,-6.333,-6,-6,220,220,33556,39817,39867,,6311,,50,,,,,,50
3569,39,231,5,0,0,0x05,19,0,0,7,6.333,0.000,-6.333,-6,-6,220,220,33556,39867,39917,,6361,,50,,,,,,50
3570,39,231,5,0,0,0x05,19,0,0,7,6.333,0.000,-6.333,-6,-6,220,220,33556,39917,39967,,6411,,50,,,,,,50
3571,39,231,5,0,0,0x05,18,0,0,7,6.000,0.000,-6.000,-6,-6,220,220,33556,39967,40017,,6461,,50,,,,,,50
3572,39,231,5,0,0,0x05,19,0,0,8,6.333,0.000,-6.333,-6,-6,220,220,33556,40017,40067,,6511,,50,,,,,,50
3573,39,231,5,0,0,0x05,19,0,0,8,6.333,0.000,-6.333,-6,-6,220,220,33556,40067,40117,,6561,,50,,,,,,50
3574,39,231,5,0,0,0x05,19,0,0,8,6.333,0.000,-6.333,-6,-6,220,220,33556,40117,40167,,6611,,50,,,,,,50
3575,39,231,5,0,0,0x05,19,0,0,9,6.333,0.000,-6.333,-6,-6,220,220,33556,40167,40217,,6661,,50,,,,,,50
3576,39,231,5,0,0,0x05,19,0,0,9,6.333,0.000,-6.333,-6,-6,220,220,33556,40217,40267,,6711,,50,,,,,,50
3577,39,231,5,0,0,0x05,24,0,0,10,8.000,0.000,-8.000,-6,-8,220,220,33556,40267,40317,,6761,,50,,,,,,50
3578,39,231,5,0,0,0x05,19,0,0,10,6.333,0.000,-6.333,-8,-6,220,220,33556,40317,40367,,6811,,50,,,,,,50
3579,39,231,5,0,0,0x05,20,0,0,10,6.667,0.000,-6.667,-6,-6,220,220,33556,40367,40417,,6861,,50,,,,,,50
3580,39,231,5,0,0,0x05,20,0,0,11,6.667,0.000,-6.667,-6,-6,220,220,33556,40417,40467,,6911,,50,,,,,,50
3581,39,232,6,0,0,0x06,40,21,0,30,20.333,40.000,19.667,21,20,220,220,41139,47517,47567,,6428,,50,,,,,,50
3582,39,232,6,0,0,0x06,39,21,0,30,20.000,39.000,19.000,20,19,220,220,41139,47567,47617,,6478,,50,,,,,,50
3583,39,232,6,0,0,0x06,38,20,0,29,19.333,38.000,18.667,19,19,220,220,41139,47617,47667,,6528,,50,,,,,,50
3584,39,232,6,0,0,0x06,36,21,0,29,19.000,36.000,17.000,19,17,220,220,41139,47667,47717,,6578,,50,,,,,,50
3585,39,232,6,0,0,0x06,35,21,0,29,18.667,35.000,16.333,17,17,220,220,41139,47717,47767,,6628,,50,,,,,,50
3586,39,232,6,0,0,0x06,35,20,0,28,18.333,35.000,16.667,17,17,220,220,41139,47767,47817,,6678,,50,,,,,,50
3587,39,232,6,0,0,0x06,34,20,0,28,18.000,34.000,16.000,17,16,220,220,41139,47817,47867,,6728,,50,,,,,,50
3588,39,232,6,0,0,0x06,33,20,0,28,17.667,33.000,15.333,16,16,220,220,41139,47867,47917,,6778,,50,,,,,,50
3589,39,232,6,0,0,0x06,32,20,0,27,17.333,32.000,14.667,16,15,220,220,41139,47917,47967,,6828,,50,,,,,,50
3590,39,232,6,0,0,0x06,31,20,0,27,17.000,31.000,14.000,15,14,220,220,41139,47967,48017,,6878,,50,,,,,,50
3591,39,232,6,0,0,0x06,30,20,0,27,16.667,30.000,13.333,14,14,220,220,41139,48017,48067,,6928,,50,,,,,,50
3592,39,232,6,0,0,0x06,29,20,0,26,16.333,29.000,12.667,14,13,220,220,41139,48067,48117,,6978,,50,,,,,,50
3593,39,232,6,0,0,0x06,28,19,0,26,15.667,28.000,12.333,13,13,220,220,41139,48117,48167,,7028,,50,,,,,,50
3594,39,232,6,0,0,0x06,27,20,0,26,15.667,27.000,11.333,13,12,220,220,41139,48167,48217,,7078,,50,,,,,,50
3595,39,232,6,0,0,0x06,26,20,0,25,15.333,26.000,10.667,12,11,220,220,41139,48217,48267,,7128,,50,,,,,,50
3596,39,232,6,0,0,0x06,30,20,0,25,16.667,30.000,13.333,11,14,220,220,41139,48267,48317,,7178,,50,,,,,,50
3597,39,232,6,0,0,0x06,24,19,0,25,14.333,24.000,9.667,14,10,220,220,41139,48317,48367,,7228,,50,,,,,,50
3598,39,232,6,0,0,0x06,23,19,0,24,14.000,23.000,9.000,10,9,220,220,41139,48367,48417,,7278,,50,,,,,,50
3599,39,232,6,0,0,0x06,22,19,0,24,13.667,22.000,8.333,9,9,220,220,41139,48417,48467,,7328,,50,,,,,,50
3600,39,232,6,0,0,0x06,21,19,0,24,13.333,21.000,7.667,9,8,220,220,41139,48467,48517,,7378,,50,,,,,,50
3601,39,233,1,0,0,0x01,0,19,0,12,6.333,0.000,-6.333,-6,-6,220,220,48704,54567,54617,,5913,,50,,,,,,50
3602,39,233,1,0,0,0x01,0,19,0,13,6.333,0.000,-6.333,-6,-6,220,220,48704,54617,54667,,5963,,50,,,,,,50
3603,39,233,1,0,0,0x01,0,19,0,13,6.333,0.000,-6.333,-6,-6,220,220,48704,54667,54717,,6013,,50,,,,,,50
3604,39,233,1,0,0,0x01,0,18,0,13,6.000,0.000,-6.000,-6,-6,220,220,48704,54717,54767,,6063,,50,,,,,,50
3605,39,233,1,0,0,0x01,0,18,0,14,6.000,0.000,-6.000,-6,-6,220,220,48704,54767,54817,,6113,,50,,,,,,50
3606,39,233,1,0,0,0x01,0,19,0,14,6.333,0.000,-6.333,-6,-6,220,220,48704,54817,54867,,6163,,50,,,,,,50
3607,39,233,1,0,0,0x01,0,19,0,15,6.333,0.000,-6.333,-6,-6,220,220,48704,54867,54917,,6213,,50,,,,,,50
3608,39,233,1,0,0,0x01,0,19,0,15,6.333,0.000,-6.333,-6,-6,220,220,48704,54917,54967,,6263,,50,,,,,,50
3609,39,233,1,0,0,0x01,0,18,0,16,6.000,0.000,-6.000,-6,-6,220,220,48704,54967,55017,,6313,,50,,,,,,50
3610,39,233,1,0,0,0x01,0,19,0,16,6.333,0.000,-6.333,-6,-6,220,220,48704,55017,55067,,6363,,50,,,,,,50
3611,39,233,1,0,0,0x01,0,19,0,16,6.333,0.000,-6.333,-6,-6,220,220,48704,55067,55117,,6413,,50,,,,,,50
3612,39,233,1,0,0,0x01,0,19,0,16,6.333,0.000,-6.333,-6,-6,220,220,48704,55117,55167,,6463,,50,,,,,,50
3613,39,233,1,0,0,0x01,0,19,1,17,6.667,1.000,-5.667,-6,-5,220,220,48704,55167,55217,,6513,,50,,,,,,50
3614,39,233,1,0,0,0x01,1,18,1,18,6.667,1.000,-5.667,-5,-5,220,220,48704,55217,55267,,6563,,50,,,,,,50
3615,39,233,1,0,0,0x01,5,19,2,18,8.667,2.000,-6.667,-5,-6,220,220,48704,55267,55317,,6613,,50,,,,,,50
3616,39,233,1,0,0,0x01,1,19,3,18,7.667,3.000,-4.667,-6,-4,220,220,48704,55317,55367,,6663,,50,,,,,,50
3617,39,233,1,0,0,0x01,1,19,5,19,8.333,5.000,-3.333,-4,-3,220,220,48704,55367,55417,,6713,,50,,,,,,50
3618,39,233,1,0,0,0x01,1,19,6,19,8.667,6.000,-2.667,-3,-2,220,220,48704,55417,55467,,6763,,50,,,,,,50
3619,39,233,1,0,0,0x01,1,19,6,19,8.667,6.000,-2.667,-2,-2,220,220,48704,55467,55517,,6813,,50,,,,,,50
3620,39,233,1,0,0,0x01,1,19,8,20,9.333,8.000,-1.333,-2,-1,220,220,48704,55517,55567,,6863,,50,,,,,,50
3621,39,234,2,0,0,0x02,3,57,22,38,27.333,57.000,29.667,31,30,220,220,56289,62617,62667,,6378,,50,,,,,,50
3622,39,234,2,0,0,0x02,3,56,21,36,26.667,56.000,29.333,30,30,220,220,56289,62667,62717,,6428,,50,,,,,,50
3623,39,234,2,0,0,0x02,3,54,21,37,26.000,54.000,28.000,30,28,220,220,56289,62717,62767,,6478,,50,,,,,,50
3624,39,234,2,0,0,0x02,2,53,21,36,25.333,53.000,27.667,28,28,220,220,56289,62767,62817,,6528,,50,,,,,,50
3625,39,234,2,0,0,0x02,3,52,21,35,25.333,52.000,26.667,28,27,220,220,56289,62817,62867,,6578,,50,,,,,,50
3626,39,234,2,0,0,0x02,3,50,21,35,24.667,50.000,25.333,27,26,220,220,56289,62867,62917,,6628,,50,,,,,,50
3627,39,234,2,0,0,0x02,2,49,21,35,24.000,49.000,25.000,26,25,220,220,56289,62917,62967,,6678,,50,,,,,,50
3628,39,234,2,0,0,0x02,2,48,21,34,23.667,48.000,24.333,25,25,220,220,56289,62967,63017,,6728,,50,,,,,,50
3629,39,234,2,0,0,0x02,2,47,20,33,23.000,47.000,24.000,25,24,220,220,56289,63017,63067,,6778,,50,,,,,,50
3630,39,234,2,0,0,0x02,2,45,20,33,22.333,45.000,22.667,24,23,220,220,56289,63067,63117,,6828,,50,,,,,,50
3631,39,234,2,0,0,0x02,2,44,20,33,22.000,44.000,22.000,23,22,220,220,56289,63117,63167,,6878,,50,,,,,,50
3632,39,234,2,0,0,0x02,2,43,20,32,21.667,43.000,21.333,22,22,220,220,56289,63167,63217,,6928,,50,,,,,,50
3633,39,234,2,0,0,0x02,2,41,20,32,21.000,41.000,20.000,22,20,220,220,56289,63217,63267,,6978,,50,,,,,,50
3634,39,234,2,0,0,0x02,6,40,20,32,22.000,40.000,18.000,20,18,220,220,56289,63267,63317,,7028,,50,,,,,,50
3635,39,234,2,0,0,0x02,2,39,20,31,20.333,39.000,18.667,18,19,220,220,56289,63317,63367,,7078,,50,,,,,,50
3636,39,234,2,0,0,0x02,2,38,19,30,19.667,38.000,18.333,19,19,220,220,56289,63367,63417,,7128,,50,,,,,,50
3637,39,234,2,0,0,0x02,2,36,19,30,19.000,36.000,17.000,19,17,220,220,56289,63417,63467,,7178,,50,,,,,,50
3638,39,234,2,0,0,0x02,2,35,19,29,18.667,35.000,16.333,17,17,220,220,56289,63467,63517,,7228,,50,,,,,,50
3639,39,234,2,0,0,0x02,3,34,19,29,18.667,34.000,15.333,17,16,220,220,56289,63517,63567,,7278,,50,,,,,,50
3640,39,234,2,0,0,0x02,2,32,19,28,17.667,32.000,14.333,16,15,220,220,56289,63567,63617,,7328,,50,,,,,,50
3641,40,235,3,0,0,0x03,0,0,17,9,5.667,0.000,-5.667,-5,-5,220,220,63854,4131,4181,,5863,,50,,,,,,50
3642,40,235,3,0,0,0x03,0,0,17,10,5.667,0.000,-5.667,-5,-5,220,220,63854,4181,4231,,5913,,50,,,,,,50
3643,40,235,3,0,0,0x03,0,0,17,10,5.667,0.000,-5.667,-5,-5,220,220,63854,4231,4281,,5963,,50,,,,,,50
3644,40,235,3,0,0,0x03,0,0,17,10,5.667,0.000,-5.667,-5,-5,220,220,63854,4281,4331,,6013,,50,,,,,,50
3645,40,235,3,0,0,0x03,0,0,17,11,5.667,0.000,-5.667,-5,-5,220,220,63854,4331,4381,,6063,,50,,,,,,50
3646,40,235,3,0,0,0x03,0,0,17,11,5.667,0.000,-5.667,-5,-5,220,220,63854,4381,4431,,6113,,50,,,,,,50
3647,40,235,3,0,0,0x03,0,0,17,11,5.667,0.000,-5.667,-5,-5,220,220,63854,4431,4481,,6163,,50,,,,,,50
3648,40,235,3,0,0,0x03,0,0,17,11,5.667,0.000,-5.667,-5,-5,220,220,63854,4481,4531,,6213,,50,,,,,,50
3649,40,235,3,0,0,0x03,0,0,17,12,5.667,0.000,-5.667,-5,-5,220,220,63854,4531,4581,,6263,,50,,,,,,50
3650,40,235,3,0,0,0x03,0,0,17,12,5.667,0.000,-5.667,-5,-5,220,220,63854,4581,4631,,6313,,50,,,,,,50
3651,40,235,3,0,0,0x03,0,0,17,12,5.667,0.000,-5.667,-5,-5,220,220,63854,4631,4681,,6363,,50,,,,,,50
3652,40,235,3,0,0,0x03,0,0,17,13,5.667,0.000,-5.667,-5,-5,220,220,63854,4681,4731,,6413,,50,,,,,,50
3653,40,235,3,0,0,0x03,0,0,17,13,5.667,0.000,-5.667,-5,-5,220,220,63854,4731,4781,,6463,,50,,,,,,50
3654,40,235,3,0,0,0x03,0,0,17,13,5.667,0.000,-5.667,-5,-5,220,220,63854,4781,4831,,6513,,50,,,,,,50
3655,40,235,3,0,0,0x03,0,0,17,13,5.667,0.000,-5.667,-5,-5,220,220,63854,4831,4881,,6563,,50,,,,,,50
3656,40,235,3,0,0,0x03,0,0,17,13,5.667,0.000,-5.667,-5,-5,220,220,63854,4881,4931,,6613,,50,,,,,,50
3657,40,235,3,0,0,0x03,0,0,17,14,5.667,0.000,-5.667,-5,-5,220,220,63854,4931,4981,,6663,,50,,,,,,50
3658,40,235,3,0,0,0x03,0,0,17,14,5.667,0.000,-5.667,-5,-5,220,220,63854,4981,5031,,6713,,50,,,,,,50
3659,40,235,3,0,0,0x03,0,0,17,14,5.667,0.000,-5.667,-5,-5,220,220,63854,5031,5081,,6763,,50,,,,,,50
3660,40,235,3,0,0,0x03,0,0,17,14,5.667,0.000,-5.667,-5,-5,220,220,63854,5081,5131,,6813,,50,,,,,,50
3661,40,236,4,0,0,0x04,22,0,29,27,17.000,29.000,12.000,13,12,220,220,5902,12181,12231,,6329,,50,,,,,,50
3662,40,236,4,0,0,0x04,22,0,28,27,16.667,28.000,11.333,12,12,220,220,5902,12231,12281,,6379,,50,,,,,,50
3663,40,236,4,0,0,0x04,22,0,26,26,16.000,26.000,10.000,12,10,220,220,5902,12281,12331,,6429,,50,,,,,,50
3664,40,236,4,0,0,0x04,22,0,24,26,15.333,24.000,8.667,10,9,220,220,5902,12331,12381,,6479,,50,,,,,,50
3665,40,236,4,0,0,0x04,21,0,23,25,14.667,23.000,8.333,9,9,220,220,5902,12381,12431,,6529,,50,,,,,,50
3666,40,236,4,0,0,0x04,22,0,22,25,14.667,22.000,7.333,9,8,220,220,5902,12431,12481,,6579,,50,,,,,,50
3667,40,236,4,0,0,0x04,21,0,21,25,14.000,21.000,7.000,8,7,220,220,5902,12481,12531,,6629,,50,,,,,,50
3668,40,236,4,0,0,0x04,21,0,19,24,13.333,19.000,5.667,7,6,220,220,5902,12531,12581,,6679,,50,,,,,,50
3669,40,236,4,0,0,0x04,20,0,18,24,12.667,18.000,5.333,6,6,220,220,5902,12581,12631,,6729,,50,,,,,,50
3670,40,236,4,0,0,0x04,21,0,17,23,12.667,17.000,4.333,6,5,220,220,5902,12631,12681,,6779,,50,,,,,,50
3671,40,236,4,0,0,0x04,21,0,15,22,12.000,15.000,3.000,5,3,220,220,5902,12681,12731,,6829,,50,,,,,,50
3672,40,236,4,0,0,0x04,26,0,14,22,13.333,14.000,0.667,3,1,220,220,5902,12731,12781,,6879,,50,,,,,,50
3673,40,236,4,0,0,0x04,20,0,13,22,11.000,13.000,2.000,1,2,220,220,5902,12781,12831,,6929,,50,,,,,,50
3674,40,236,4,0,0,0x04,20,0,12,21,10.667,12.000,1.333,2,2,220,220,5902,12831,12881,,6979,,50,,,,,,50
3675,40,236,4,0,0,0x04,20,0,10,20,10.000,10.000,0.000,2,0,220,220,5902,12881,12931,,7029,,50,,,,,,50
3676,40,236,4,0,0,0x04,20,0,9,20,9.667,9.000,-0.667,0,0,220,220,5902,12931,12981,,7079,,50,,,,,,50
3677,40,236,4,0,0,0x04,20,0,8,20,9.333,8.000,-1.333,0,-1,220,220,5902,12981,13031,,7129,,50,,,,,,50
3678,40,236,4,0,0,0x04,20,0,6,19,8.667,6.000,-2.667,-1,-2,220,220,5902,13031,13081,,7179,,50,,,,,,50
3679,40,236,4,0,0,0x04,20,0,5,19,8.333,5.000,-3.333,-2,-3,220,220,5902,13081,13131,,7229,,50,,,,,,50
3680,40,236,4,0,0,0x04,20,0,3,18,7.667,3.000,-4.667,-3,-4,220,220,5902,13131,13181,,7279,,50,,,,,,50
3681,40,237,5,0,0,0x05,18,0,0,0,6.000,0.000,-6.000,-6,-6,220,220,13467,19231,19281,,5814,,50,,,,,,50
3682,40,237,5,0,0,0x05,18,0,0,0,6.000,0.000,-6.000,-6,-6,220,220,13467,19281,19331,,5864,,50,,,,,,50
3683,40,237,5,0,0,0x05,18,0,0,0,6.000,0.000,-6.000,-6,-6,220,220,13467,19331,19381,,5914,,50,,,,,,50
3684,40,237,5,0,0,0x05,18,0,0,0,6.000,0.000,-6.000,-6,-6,220,220,13467,19381,19431,,5964,,50,,,,,,50
3685,40,237,5,0,0,0x05,19,0,0,0,6.333,0.000,-6.333,-6,-6,220,220,13467,19431,19481,,6014,,50,,,,,,50
3686,40,237,5,0,0,0x05,18,0,0,0,6.000,0.000,-6.000,-6,-6,220,220,13467,19481,19531,,6064,,50,,,,,,50
3687,40,237,5,0,0,0x05,18,0,0,1,6.000,0.000,-6.000,-6,-6,220,220,13467,19531,19581,,6114,,50,,,,,,50
3688,40,237,5,0,0,0x05,18,0,0,1,6.000,0.000,-6.000,-6,-6,220,220,13467,19581,19631,,6164,,50,,,,,,50
3689,40,237,5,0,0,0x05,18,0,0,1,6.000,0.000,-6.000,-6,-6,220,220,13467,19631,19681,,6214,,50,,,,,,50
3690,40,237,5,0,0,0x05,18,0,0,2,6.000,0.000,-6.000,-6,-6,220,220,13467,19681,19731,,6264,,50,,,,,,50
3691,40,237,5,0,0,0x05,23,0,0,3,7.667,0.000,-7.667,-6,-7,220,220,13467,19731,19781,,6314,,50,,,,,,50
3692,40,237,5,0,0,0x05,19,0,0,3,6.333,0.000,-6.333,-7,-6,220,220,13467,19781,19831,,6364,,50,,,,,,50
3693,40,237,5,0,0,0x05,19,0,0,3,6.333,0.000,-6.333,-6,-6,220,220,13467,19831,19881,,6414,,50,,,,,,50
3694,40,237,5,0,0,0x05,19,0,0,3,6.333,0.000,-6.333,-6,-6,220,220,13467,19881,19931,,6464,,50,,,,,,50
3695,40,237,5,0,0,0x05,19,0,0,3,6.333,0.000,-6.333,-6,-6,220,220,13467,19931,19981,,6514,,50,,,,,,50
3696,40,237,5,0,0,0x05,19,0,0,4,6.333,0.000,-6.333,-6,-6,220,220,13467,19981,20031,,6564,,50,,,,,,50
3697,40,237,5,0,0,0x05,19,0,0,4,6.333,0.000,-6.333,-6,-6,220,220,13467,20031,20081,,6614,,50,,,,,,50
3698,40,237,5,0,0,0x05,19,0,0,5,6.333,0.000,-6.333,-6,-6,220,220,13467,20081,20131,,6664,,50,,,,,,50
3699,40,237,5,0,0,0x05,19,0,0,5,6.333,0.000,-6.333,-6,-6,220,220,13467,20131,20181,,6714,,50,,,,,,50
3700,40,237,5,0,0,0x05,19,0,0,6,6.333,0.000,-6.333,-6,-6,220,220,13467,20181,20231,,6764,,50,,,,,,50
3701,40,238,6,0,0,0x06,27,20,0,25,15.667,27.000,11.333,12,12,220,220,21050,27281,27331,,6281,,50,,,,,,50
3702,40,238,6,0,0,0x06,26,20,0,25,15.333,26.000,10.667,12,11,220,220,21050,27331,27381,,6331,,50,,,,,,50
3703,40,238,6,0,0,0x06,25,19,0,25,14.667,25.000,10.333,11,11,220,220,21050,27381,27431,,6381,,50,,,,,,50
3704,40,238,6,0,0,0x06,24,20,0,25,14.667,24.000,9.333,11,10,220,220,21050,27431,27481,,6431,,50,,,,,,50
3705,40,238,6,0,0,0x06,23,19,0,25,14.000,23.000,9.000,10,9,220,220,21050,27481,27531,,6481,,50,,,,,,50
3706,40,238,6,0,0,0x06,22,19,0,24,13.667,22.000,8.333,9,9,220,220,21050,27531,27581,,6531,,50,,,,,,50
3707,40,238,6,0,0,0x06,22,19,0,24,13.667,22.000,8.333,9,9,220,220,21050,27581,27631,,6581,,50,,,,,,50
3708,40,238,6,0,0,0x06,21,19,0,24,13.333,21.000,7.667,9,8,220,220,21050,27631,27681,,6631,,50,,,,,,50
3709,40,238,6,0,0,0x06,19,19,0,23,12.667,19.000,6.333,8,7,220,220,21050,27681,27731,,6681,,50,,,,,,50
3710,40,238,6,0,0,0x06,23,19,0,23,14.000,23.000,9.000,7,9,220,220,21050,27731,27781,,6731,,50,,,,,,50
3711,40,238,6,0,0,0x06,18,19,0,22,12.333,18.000,5.667,9,6,220,220,21050,27781,27831,,6781,,50,,,,,,50
3712,40,238,6,0,0,0x06,17,20,0,22,12.333,17.000,4.667,6,5,220,220,21050,27831,27881,,6831,,50,,,,,,50
3713,40,238,6,0,0,0x06,16,19,0,21,11.667,16.000,4.333,5,5,220,220,21050,27881,27931,,6881,,50,,,,,,50
3714,40,238,6,0,0,0x06,15,18,0,21,11.000,15.000,4.000,5,4,220,220,21050,27931,27981,,6931,,50,,,,,,50
3715,40,238,6,0,0,0x06,15,19,0,21,11.333,15.000,3.667,4,4,220,220,21050,27981,28031,,6981,,50,,,,,,50
3716,40,238,6,0,0,0x06,13,19,0,20,10.667,13.000,2.333,4,3,220,220,21050,28031,28081,,7031,,50,,,,,,50
3717,40,238,6,0,0,0x06,12,19,0,21,10.333,12.000,1.667,3,2,220,220,21050,28081,28131,,7081,,50,,,,,,50
3718,40,238,6,0,0,0x06,12,18,0,20,10.000,12.000,2.000,2,2,220,220,21050,28131,28181,,7131,,50,,,,,,50
3719,40,238,6,0,0,0x06,11,18,0,20,9.667,11.000,1.333,2,2,220,220,21050,28181,28231,,7181,,50,,,,,,50
3720,40,238,6,0,0,0x06,10,18,0,19,9.333,10.000,0.667,2,1,220,220,21050,28231,28281,,7231,,50,,,,,,50
3721,40,239,1,0,0,0x01,0,18,0,3,6.000,0.000,-6.000,-6,-6,220,220,28615,34331,34381,,5766,,50,,,,,,50
3722,40,239,1,0,0,0x01,0,18,0,3,6.000,0.000,-6.000,-6,-6,220,220,28615,34381,34431,,5816,,50,,,,,,50
3723,40,239,1,0,0,0x01,0,18,0,4,6.000,0.000,-6.000,-6,-6,220,220,28615,34431,34481,,5866,,50,,,,,,50
3724,40,239,1,0,0,0x01,0,18,0,4,6.000,0.000,-6.000,-6,-6,220,220,28615,34481,34531,,5916,,50,,,,,,50
3725,40,239,1,0,0,0x01,0,18,0,4,6.000,0.000,-6.000,-6,-6,220,220,28615,34531,34581,,5966,,50,,,,,,50
3726,40,239,1,0,0,0x01,0,19,0,5,6.333,0.000,-6.333,-6,-6,220,220,28615,34581,34631,,6016,,50,,,,,,50
3727,40,239,1,0,0,0x01,0,18,0,6,6.000,0.000,-6.000,-6,-6,220,220,28615,34631,34681,,6066,,50,,,,,,50
3728,40,239,1,0,0,0x01,0,18,0,6,6.000,0.000,-6.000,-6,-6,220,220,28615,34681,34731,,6116,,50,,,,,,50
3729,40,239,1,0,0,0x01,2,18,0,7,6.667,0.000,-6.667,-6,-6,220,220,28615,34731,34781,,6166,,50,,,,,,50
3730,40,239,1,0,0,0x01,0,18,0,7,6.000,0.000,-6.000,-6,-6,220,220,28615,34781,34831,,6216,,50,,,,,,50
3731,40,239,1,0,0,0x01,0,18,0,7,6.000,0.000,-6.000,-6,-6,220,220,28615,34831,34881,,6266,,50,,,,,,50
3732,40,239,1,0,0,0x01,0,18,0,8,6.000,0.000,-6.000,-6,-6,220,220,28615,34881,34931,,6316,,50,,,,,,50
3733,40,239,1,0,0,0x01,0,19,0,8,6.333,0.000,-6.333,-6,-6,220,220,28615,34931,34981,,6366,,50,,,,,,50
3734,40,239,1,0,0,0x01,0,18,0,9,6.000,0.000,-6.000,-6,-6,220,220,28615,34981,35031,,6416,,50,,,,,,50
3735,40,239,1,0,0,0x01,0,19,0,9,6.333,0.000,-6.333,-6,-6,220,220,28615,35031,35081,,6466,,50,,,,,,50
3736,40,239,1,0,0,0x01,0,19,0,10,6.333,0.000,-6.333,-6,-6,220,220,28615,35081,35131,,6516,,50,,,,,,50
3737,40,239,1,0,0,0x01,0,19,0,10,6.333,0.000,-6.333,-6,-6,220,220,28615,35131,35181,,6566,,50,,,,,,50
3738,40,239,1,0,0,0x01,0,18,0,11,6.000,0.000,-6.000,-6,-6,220,220,28615,35181,35231,,6616,,50,,,,,,50
3739,40,239,1,0,0,0x01,0,19,0,11,6.333,0.000,-6.333,-6,-6,220,220,28615,35231,35281,,6666,,50,,,,,,50
3740,40,239,1,0,0,0x01,0,19,0,11,6.333,0.000,-6.333,-6,-6,220,220,28615,35281,35331,,6716,,50,,,,,,50
3741,40,240,2,0,0,0x02,3,47,20,33,23.333,47.000,23.667,25,24,220,220,36199,42381,42431,,6232,,50,,,,,,50
3742,40,240,2,0,0,0x02,2,46,20,33,22.667,46.000,23.333,24,24,220,220,36199,42431,42481,,6282,,50,,,,,,50
3743,40,240,2,0,0,0x02,2,45,20,33,22.333,45.000,22.667,24,23,220,220,36199,42481,42531,,6332,,50,,,,,,50
3744,40,240,2,0,0,0x02,2,44,20,33,22.000,44.000,22.000,23,22,220,220,36199,42531,42581,,6382,,50,,,,,,50
3745,40,240,2,0,0,0x02,2,43,20,32,21.667,43.000,21.333,22,22,220,220,36199,42581,42631,,6432,,50,,,,,,50
3746,40,240,2,0,0,0x02,2,41,20,32,21.000,41.000,20.000,22,20,220,220,36199,42631,42681,,6482,,50,,,,,,50
3747,40,240,2,0,0,0x02,3,41,20,31,21.333,41.000,19.667,20,20,220,220,36199,42681,42731,,6532,,50,,,,,,50
3748,40,240,2,0,0,0x02,7,40,19,32,22.000,40.000,18.000,20,18,220,220,36199,42731,42781,,6582,,50,,,,,,50
3749,40,240,2,0,0,0x02,2,39,20,31,20.333,39.000,18.667,18,19,220,220,36199,42781,42831,,6632,,50,,,,,,50
3750,40,240,2,0,0,0x02,2,38,19,30,19.667,38.000,18.333,19,19,220,220,36199,42831,42881,,6682,,50,,,,,,50
3751,40,240,2,0,0,0x02,2,37,19,30,19.333,37.000,17.667,19,18,220,220,36199,42881,42931,,6732,,50,,,,,,50
3752,40,240,2,0,0,0x02,2,36,19,30,19.000,36.000,17.000,18,17,220,220,36199,42931,42981,,6782,,50,,,,,,50
3753,40,240,2,0,0,0x02,2,35,19,29,18.667,35.000,16.333,17,17,220,220,36199,42981,43031,,6832,,50,,,,,,50
3754,40,240,2,0,0,0x02,2,34,19,29,18.333,34.000,15.667,17,16,220,220,36199,43031,43081,,6882,,50,,,,,,50
3755,40,240,2,0,0,0x02,2,33,19,29,18.000,33.000,15.000,16,15,220,220,36199,43081,43131,,6932,,50,,,,,,50
3756,40,240,2,0,0,0x02,2,33,19,28,18.000,33.000,15.000,15,15,220,220,36199,43131,43181,,6982,,50,,,,,,50
3757,40,240,2,0,0,0x02,3,31,19,28,17.667,31.000,13.333,15,14,220,220,36199,43181,43231,,7032,,50,,,,,,50
3758,40,240,2,0,0,0x02,2,30,20,27,17.333,30.000,12.667,14,13,220,220,36199,43231,43281,,7082,,50,,,,,,50
3759,40,240,2,0,0,0x02,2,29,19,27,16.667,29.000,12.333,13,13,220,220,36199,43281,43331,,7132,,50,,,,,,50
3760,40,240,2,0,0,0x02,2,29,19,27,16.667,29.000,12.333,13,13,220,220,36199,43331,43381,,7182,,50,,,,,,50
3761,41,241,3,0,0,0x03,0,0,17,7,5.667,0.000,-5.667,-5,-5,220,220,43765,49431,49481,,5716,,50,,,,,,50
3762,41,241,3,0,0,0x03,0,0,17,7,5.667,0.000,-5.667,-5,-5,220,220,43765,49481,49531,,5766,,50,,,,,,50
3763,41,241,3,0,0,0x03,0,0,17,8,5.667,0.000,-5.667,-5,-5,220,220,43765,49531,49581,,5816,,50,,,,,,50
3764,41,241,3,0,0,0x03,0,0,17,8,5.667,0.000,-5.667,-5,-5,220,220,43765,49581,49631,,5866,,50,,,,,,50
3765,41,241,3,0,0,0x03,0,0,17,8,5.667,0.000,-5.667,-5,-5,220,220,43765,49631,49681,,5916,,50,,,,,,50
3766,41,241,3,0,0,0x03,0,0,17,8,5.667,0.000,-5.667,-5,-5,220,220,43765,49681,49731,,5966,,50,,,,,,50
3767,41,241,3,0,0,0x03,0,0,17,9,5.667,0.000,-5.667,-5,-5,220,220,43765,49731,49781,,6016,,50,,,,,,50
3768,41,241,3,0,0,0x03,0,0,17,9,5.667,0.000,-5.667,-5,-5,220,220,43765,49781,49831,,6066,,50,,,,,,50
3769,41,241,3,0,0,0x03,0,0,17,10,5.667,0.000,-5.667,-5,-5,220,220,43765,49831,49881,,6116,,50,,,,,,50
3770,41,241,3,0,0,0x03,0,0,17,10,5.667,0.000,-5.667,-5,-5,220,220,43765,49881,49931,,6166,,50,,,,,,50
3771,41,241,3,0,0,0x03,0,0,17,10,5.667,0.000,-5.667,-5,-5,220,220,43765,49931,49981,,6216,,50,,,,,,50
3772,41,241,3,0,0,0x03,0,0,17,11,5.667,0.000,-5.667,-5,-5,220,220,43765,49981,50031,,6266,,50,,,,,,50
3773,41,241,3,0,0,0x03,0,0,17,11,5.667,0.000,-5.667,-5,-5,220,220,43765,50031,50081,,6316,,50,,,,,,50
3774,41,241,3,0,0,0x03,0,0,17,12,5.667,0.000,-5.667,-5,-5,220,220,43765,50081,50131,,6366,,50,,,,,,50
3775,41,241,3,0,0,0x03,0,0,17,12,5.667,0.000,-5.667,-5,-5,220,220,43765,50131,50181,,6416,,50,,,,,,50
3776,41,241,3,0,0,0x03,0,0,17,13,5.667,0.000,-5.667,-5,-5,220,220,43765,50181,50231,,6466,,50,,,,,,50
3777,41,241,3,0,0,0x03,0,0,17,13,5.667,0.000,-5.667,-5,-5,220,220,43765,50231,50281,,6516,,50,,,,,,50
3778,41,241,3,0,0,0x03,0,0,17,14,5.667,0.000,-5.667,-5,-5,220,220,43765,50281,50331,,6566,,50,,,,,,50
3779,41,241,3,0,0,0x03,0,0,17,14,5.667,0.000,-5.667,-5,-5,220,220,43765,50331,50381,,6616,,50,,,,,,50
3780,41,241,3,0,0,0x03,0,0,17,14,5.667,0.000,-5.667,-5,-5,220,220,43765,50381,50431,,6666,,50,,,,,,50
3781,41,242,4,0,0,0x04,23,0,37,31,20.000,37.000,17.000,18,17,220,220,51350,57481,57531,,6181,,50,,,,,,50
3782,41,242,4,0,0,0x04,23,0,36,30,19.667,36.000,16.333,17,17,220,220,51350,57531,57581,,6231,,50,,,,,,50
3783,41,242,4,0,0,0x04,23,0,35,30,19.333,35.000,15.667,17,16,220,220,51350,57581,57631,,6281,,50,,,,,,50
3784,41,242,4,0,0,0x04,23,0,34,30,19.000,34.000,15.000,16,15,220,220,51350,57631,57681,,6331,,50,,,,,,50
3785,41,242,4,0,0,0x04,23,0,33,29,18.667,33.000,14.333,15,15,220,220,51350,57681,57731,,6381,,50,,,,,,50
3786,41,242,4,0,0,0x04,27,0,32,29,19.667,32.000,12.333,15,13,220,220,51350,57731,57781,,6431,,50,,,,,,50
3787,41,242,4,0,0,0x04,22,0,31,28,17.667,31.000,13.333,13,14,220,220,51350,57781,57831,,6481,,50,,,,,,50
3788,41,242,4,0,0,0x04,22,0,30,28,17.333,30.000,12.667,14,13,220,220,51350,57831,57881,,6531,,50,,,,,,50
3789,41,242,4,0,0,0x04,22,0,28,27,16.667,28.000,11.333,13,12,220,220,51350,57881,57931,,6581,,50,,,,,,50
3790,41,242,4,0,0,0x04,22,0,27,27,16.333,27.000,10.667,12,11,220,220,51350,57931,57981,,6631,,50,,,,,,50
3791,41,242,4,0,0,0x04,22,0,27,26,16.333,27.000,10.667,11,11,220,220,51350,57981,58031,,6681,,50,,,,,,50
3792,41,242,4,0,0,0x04,22,0,25,26,15.667,25.000,9.333,11,10,220,220,51350,58031,58081,,6731,,50,,,,,,50
3793,41,242,4,0,0,0x04,22,0,24,26,15.333,24.000,8.667,10,9,220,220,51350,58081,58131,,6781,,50,,,,,,50
3794,41,242,4,0,0,0x04,22,0,23,25,15.000,23.000,8.000,9,8,220,220,51350,58131,58181,,6831,,50,,,,,,50
3795,41,242,4,0,0,0x04,21,0,22,25,14.333,22.000,7.667,8,8,220,220,51350,58181,58231,,6881,,50,,,,,,50
3796,41,242,4,0,0,0x04,21,0,20,25,13.667,20.000,6.333,8,7,220,220,51350,58231,58281,,6931,,50,,,,,,50
3797,41,242,4,0,0,0x04,22,0,20,24,14.000,20.000,6.000,7,6,220,220,51350,58281,58331,,6981,,50,,,,,,50
3798,41,242,4,0,0,0x04,21,0,18,24,13.000,18.000,5.000,6,5,220,220,51350,58331,58381,,7031,,50,,,,,,50
3799,41,242,4,0,0,0x04,21,0,18,23,13.000,18.000,5.000,5,5,220,220,51350,58381,58431,,7081,,50,,,,,,50
3800,41,242,4,0,0,0x04,21,0,16,23,12.333,16.000,3.667,5,4,220,220,51350,58431,58481,,7131,,50,,,,,,50
3801,41,243,5,0,0,0x05,19,0,0,0,6.333,0.000,-6.333,-6,-6,220,220,58914,64531,64581,,5667,,50,,,,,,50
3802,41,243,5,0,0,0x05,18,0,0,0,6.000,0.000,-6.000,-6,-6,220,220,58914,64581,64631,,5717,,50,,,,,,50
3803,41,243,5,0,0,0x05,19,0,0,0,6.333,0.000,-6.333,-6,-6,220,220,58914,64631,64681,,5767,,50,,,,,,50
3804,41,243,5,0,0,0x05,19,0,0,0,6.333,0.000,-6.333,-6,-6,220,220,58914,64681,64731,,5817,,50,,,,,,50
3805,41,243,5,0,0,0x05,23,0,0,0,7.667,0.000,-7.667,-6,-7,220,220,58914,64731,64781,,5867,,50,,,,,,50
3806,41,243,5,0,0,0x05,19,0,0,0,6.333,0.000,-6.333,-7,-6,220,220,58914,64781,64831,,5917,,50,,,,,,50
3807,41,243,5,0,0,0x05,19,0,0,0,6.333,0.000,-6.333,-6,-6,220,220,58914,64831,64881,,5967,,50,,,,,,50
3808,41,243,5,0,0,0x05,19,0,0,0,6.333,0.000,-6.333,-6,-6,220,220,58914,64881,64931,,6017,,50,,,,,,50
3809,41,243,5,0,0,0x05,18,0,0,1,6.000,0.000,-6.000,-6,-6,220,220,58914,64931,64981,,6067,,50,,,,,,50
3810,41,243,5,0,0,0x05,19,0,0,1,6.333,0.000,-6.333,-6,-6,220,220,58914,64981,65031,,6117,,50,,,,,,50
3811,41,243,5,0,0,0x05,19,0,0,2,6.333,0.000,-6.333,-6,-6,220,220,58914,65031,65081,,6167,,50,,,,,,50
3812,41,243,5,0,0,0x05,19,0,0,2,6.333,0.000,-6.333,-6,-6,220,220,58914,65081,65131,,6217,,50,,,,,,50
3813,41,243,5,0,0,0x05,19,0,0,2,6.333,0.000,-6.333,-6,-6,220,220,58914,65131,65181,,6267,,50,,,,,,50
3814,41,243,5,0,0,0x05,19,0,0,3,6.333,0.000,-6.333,-6,-6,220,220,58914,1695,1745,,8367,,50,,,,,,50
3815,41,243,5,0,0,0x05,19,0,0,3,6.333,0.000,-6.333,-6,-6,220,220,58914,65231,65281,,6367,,50,,,,,,50
3816,41,244,6,0,0,0x06,19,0,0,14,6.333,19.000,12.667,-5,-6,220,220,943,1795,1845,,902,,50,,,,,,50
3817,41,245,5,0,0,0x05,19,0,0,4,6.333,0.000,-6.333,-6,-6,220,220,58914,65331,65381,,6467,,50,,,,,,50
3818,41,246,6,0,0,0x06,0,18,0,15,6.000,0.000,-6.000,-6,-6,220,220,943,1895,1945,,1002,,50,,,,,,50
3819,42,247,5,0,0,0x05,19,0,0,5,6.333,0.000,-6.333,-6,-6,220,220,58914,65431,65481,,6567,,50,,,,,,50
3820,42,248,6,0,0,0x06,0,17,0,16,5.667,0.000,-5.667,-6,-5,220,220,943,1995,2045,,1102,,50,,,,,,50
3821,42,248,6,0,0,0x06,38,20,0,29,19.333,38.000,18.667,19,19,220,220,943,7045,7095,,6152,,50,,,,,,50
3822,42,248,6,0,0,0x06,36,20,0,29,18.667,36.000,17.333,19,18,220,220,943,7095,7145,,6202,,50,,,,,,50
3823,42,248,6,0,0,0x06,35,20,0,29,18.333,35.000,16.667,18,17,220,220,943,7145,7195,,6252,,50,,,,,,50
3824,42,248,6,0,0,0x06,39,20,0,29,19.667,39.000,19.333,17,20,220,220,943,7195,7245,,6302,,50,,,,,,50
3825,42,248,6,0,0,0x06,34,20,0,29,18.000,34.000,16.000,20,16,220,220,943,7245,7295,,6352,,50,,,,,,50
3826,42,248,6,0,0,0x06,33,20,0,28,17.667,33.000,15.333,16,16,220,220,943,7295,7345,,6402,,50,,,,,,50
3827,42,248,6,0,0,0x06,32,20,0,28,17.333,32.000,14.667,16,15,220,220,943,7345,7395,,6452,,50,,,,,,50
3828,42,248,6,0,0,0x06,32,20,0,27,17.333,32.000,14.667,15,15,220,220,943,7395,7445,,6502,,50,,,,,,50
3829,42,248,6,0,0,0x06,31,20,0,28,17.000,31.000,14.000,15,14,220,220,943,7445,7495,,6552,,50,,,,,,50
3830,42,248,6,0,0,0x06,29,20,0,27,16.333,29.000,12.667,14,13,220,220,943,7495,7545,,6602,,50,,,,,,50
3831,42,248,6,0,0,0x06,29,20,0,26,16.333,29.000,12.667,13,13,220,220,943,7545,7595,,6652,,50,,,,,,50
3832,42,248,6,0,0,0x06,29,20,0,26,16.333,29.000,12.667,13,13,220,220,943,7595,7645,,6702,,50,,,,,,50
3833,42,248,6,0,0,0x06,28,19,0,26,15.667,28.000,12.333,13,13,220,220,943,7645,7695,,6752,,50,,,,,,50
3834,42,248,6,0,0,0x06,26,20,0,25,15.333,26.000,10.667,13,11,220,220,943,7695,7745,,6802,,50,,,,,,50
3835,42,248,6,0,0,0x06,26,19,0,25,15.000,26.000,11.000,11,11,220,220,943,7745,7795,,6852,,50,,,,,,50
3836,42,248,6,0,0,0x06,25,19,0,25,14.667,25.000,10.333,11,11,220,220,943,7795,7845,,6902,,50,,,,,,50
3837,42,248,6,0,0,0x06,24,19,0,25,14.333,24.000,9.667,11,10,220,220,943,7845,7895,,6952,,50,,,,,,50
3838,42,248,6,0,0,0x06,23,20,0,24,14.333,23.000,8.667,10,9,220,220,943,7895,7945,,7002,,50,,,,,,50
3839,42,248,6,0,0,0x06,22,19,0,24,13.667,22.000,8.333,9,9,220,220,943,7945,7995,,7052,,50,,,,,,50
3840,42,248,6,0,0,0x06,22,19,0,24,13.667,22.000,8.333,9,9,220,220,943,7995,8045,,7102,,50,,,,,,50
3841,42,249,1,0,0,0x01,0,18,0,7,6.000,0.000,-6.000,-6,-6,220,220,8525,14095,14145,,5620,,50,,,,,,50
3842,42,249,1,0,0,0x01,0,19,0,8,6.333,0.000,-6.333,-6,-6,220,220,8525,14145,14195,,5670,,50,,,,,,50
3843,42,249,1,0,0,0x01,2,18,0,9,6.667,0.000,-6.667,-6,-6,220,220,8525,14195,14245,,5720,,50,,,,,,50
3844,42,249,1,0,0,0x01,0,18,0,9,6.000,0.000,-6.000,-6,-6,220,220,8525,14245,14295,,5770,,50,,,,,,50
3845,42,249,1,0,0,0x01,0,18,0,9,6.000,0.000,-6.000,-6,-6,220,220,8525,14295,14345,,5820,,50,,,,,,50
3846,42,249,1,0,0,0x01,0,19,0,9,6.333,0.000,-6.333,-6,-6,220,220,8525,14345,14395,,5870,,50,,,,,,50
3847,42,249,1,0,0,0x01,0,18,0,10,6.000,0.000,-6.000,-6,-6,220,220,8525,14395,14445,,5920,,50,,,,,,50
3848,42,249,1,0,0,0x01,0,19,0,10,6.333,0.000,-6.333,-6,-6,220,220,8525,14445,14495,,5970,,50,,,,,,50
3849,42,249,1,0,0,0x01,0,18,0,11,6.000,0.000,-6.000,-6,-6,220,220,8525,14495,14545,,6020,,50,,,,,,50
3850,42,249,1,0,0,0x01,0,19,0,11,6.333,0.000,-6.333,-6,-6,220,220,8525,14545,14595,,6070,,50,,,,,,50
3851,42,249,1,0,0,0x01,0,19,0,11,6.333,0.000,-6.333,-6,-6,220,220,8525,14595,14645,,6120,,50,,,,,,50
3852,42,249,1,0,0,0x01,0,18,0,12,6.000,0.000,-6.000,-6,-6,220,220,8525,14645,14695,,6170,,50,,,,,,50
3853,42,249,1,0,0,0x01,0,19,0,13,6.333,0.000,-6.333,-6,-6,220,220,8525,14695,14745,,6220,,50,,,,,,50
3854,42,249,1,0,0,0x01,0,19,0,13,6.333,0.000,-6.333,-6,-6,220,220,8525,14745,14795,,6270,,50,,,,,,50
3855,42,249,1,0,0,0x01,0,19,0,13,6.333,0.000,-6.333,-6,-6,220,220,8525,14795,14845,,6320,,50,,,,,,50
3856,42,249,1,0,0,0x01,0,19,0,14,6.333,0.000,-6.333,-6,-6,220,220,8525,14845,14895,,6370,,50,,,,,,50
3857,42,249,1,0,0,0x01,0,19,0,14,6.333,0.000,-6.333,-6,-6,220,220,8525,14895,14945,,6420,,50,,,,,,50
3858,42,249,1,0,0,0x01,0,19,0,14,6.333,0.000,-6.333,-6,-6,220,220,8525,14945,14995,,6470,,50,,,,,,50
3859,42,249,1,0,0,0x01,0,19,0,15,6.333,0.000,-6.333,-6,-6,220,220,8525,14995,15045,,6520,,50,,,,,,50
3860,42,249,1,0,0,0x01,0,19,0,16,6.333,0.000,-6.333,-6,-6,220,220,8525,15045,15095,,6570,,50,,,,,,50
3861,42,250,2,0,0,0x02,3,76,22,45,33.667,76.000,42.333,42,43,220,220,15840,21145,21195,,5355,,50,,,,,,50
3862,42,250,2,0,0,0x02,8,75,22,45,35.000,75.000,40.000,43,40,220,220,15840,21195,21245,,5405,,50,,,,,,50
3863,42,250,2,0,0,0x02,4,74,22,44,33.333,74.000,40.667,40,41,220,220,15840,21245,21295,,5455,,50,,,,,,50
3864,42,250,2,0,0,0x02,3,74,22,43,33.000,74.000,41.000,41,41,220,220,15840,21295,21345,,5505,,50,,,,,,50
3865,42,250,2,0,0,0x02,4,74,22,44,33.333,74.000,40.667,41,41,220,220,15840,21345,21395,,5555,,50,,,,,,50
3866,42,250,2,0,0,0x02,3,73,22,43,32.667,73.000,40.333,41,41,220,220,15840,21395,21445,,5605,,50,,,,,,50
3867,42,250,2,0,0,0x02,4,71,22,43,32.333,71.000,38.667,41,39,220,220,15840,21445,21495,,5655,,50,,,,,,50
3868,42,250,2,0,0,0x02,4,70,22,42,32.000,70.000,38.000,39,38,220,220,15840,21495,21545,,5705,,50,,,,,,50
3869,42,250,2,0,0,0x02,4,71,22,42,32.333,71.000,38.667,38,39,220,220,15840,21545,21595,,5755,,50,,,,,,50
3870,42,250,2,0,0,0x02,3,70,22,42,31.667,70.000,38.333,39,39,220,220,15840,21595,21645,,5805,,50,,,,,,50
3871,42,250,2,0,0,0x02,3,68,22,42,31.000,68.000,37.000,39,37,220,220,15840,21645,21695,,5855,,50,,,,,,50
3872,42,250,2,0,0,0x02,3,68,22,41,31.000,68.000,37.000,37,37,220,220,15840,23745,23795,,7955,,50,,,,,,50
3873,42,250,2,0,0,0x02,3,67,22,41,30.667,67.000,36.333,37,37,220,220,15840,21745,21795,,5955,,50,,,,,,50
3874,42,251,3,0,0,0x03,3,66,22,22,30.333,3.000,-27.333,6,6,220,220,23179,23845,23895,,716,,50,,,,,,50
3875,42,252,2,0,0,0x02,3,64,22,40,29.667,64.000,34.333,36,35,220,220,15840,21845,21895,,6055,,50,,,,,,50
3876,43,253,3,0,0,0x03,3,0,17,21,6.667,3.000,-3.667,5,4,220,220,23179,23945,23995,,816,,50,,,,,,50
3877,43,254,2,0,0,0x02,3,64,22,40,29.667,64.000,34.333,35,35,220,220,15840,21945,21995,,6155,,50,,,,,,50
3878,43,255,3,0,0,0x03,11,0,16,20,9.000,11.000,2.000,2,2,220,220,23179,24045,24095,,916,,50,,,,,,50
3879,43,255,3,0,0,0x03,10,0,17,19,9.000,10.000,1.000,2,1,220,220,23179,24095,24145,,966,,50,,,,,,50
3880,43,255,3,0,0,0x03,8,0,16,18,8.000,8.000,0.000,1,0,220,220,23179,24145,24195,,1016,,50,,,,,,50
3881,43,255,3,0,0,0x03,0,0,17,15,5.667,0.000,-5.667,-5,-5,220,220,23179,29195,29245,,6066,,50,,,,,,50
3882,43,255,3,0,0,0x03,0,0,17,15,5.667,0.000,-5.667,-5,-5,220,220,23179,29245,29295,,6116,,50,,,,,,50
3883,43,255,3,0,0,0x03,0,0,17,15,5.667,0.000,-5.667,-5,-5,220,220,23179,29295,29345,,6166,,50,,,,,,50
3884,43,255,3,0,0,0x03,0,0,17,16,5.667,0.000,-5.667,-5,-5,220,220,23179,29345,29395,,6216,,50,,,,,,50
3885,43,255,3,0,0,0x03,0,0,17,16,5.667,0.000,-5.667,-5,-5,220,220,23179,29395,29445,,6266,,50,,,,,,50
3886,43,255,3,0,0,0x03,0,0,17,17,5.667,0.000,-5.667,-5,-5,220,220,23179,29445,29495,,6316,,50,,,,,,50
3887,43,255,3,0,0,0x03,1,0,17,17,6.000,1.000,-5.000,-5,-5,220,220,23179,29495,29545,,6366,,50,,,,,,50
3888,43,255,3,0,0,0x03,2,0,18,17,6.667,2.000,-4.667,-5,-4,220,220,23179,29545,29595,,6416,,50,,,,,,50
3889,43,255,3,0,0,0x03,3,0,17,17,6.667,3.000,-3.667,-4,-3,220,220,23179,29595,29645,,6466,,50,,,,,,50
3890,43,255,3,0,0,0x03,4,0,18,18,7.333,4.000,-3.333,-3,-3,220,220,23179,29645,29695,,6516,,50,,,,,,50
3891,43,255,3,0,0,0x03,5,0,17,18,7.333,5.000,-2.333,-3,-2,220,220,23179,29695,29745,,6566,,50,,,,,,50
3892,43,255,3,0,0,0x03,6,0,17,18,7.667,6.000,-1.667,-2,-1,220,220,23179,29745,29795,,6616,,50,,,,,,50
3893,43,255,3,0,0,0x03,6,0,17,19,7.667,6.000,-1.667,-1,-1,220,220,23179,29795,29845,,6666,,50,,,,,,50
3894,43,255,3,0,0,0x03,8,0,18,19,8.667,8.000,-0.667,-1,0,220,220,23179,29845,29895,,6716,,50,,,,,,50
3895,43,255,3,0,0,0x03,9,0,18,20,9.000,9.000,0.000,0,0,220,220,23179,29895,29945,,6766,,50,,,,,,50
3896,43,255,3,0,0,0x03,9,0,17,20,8.667,9.000,0.333,0,1,220,220,23179,29945,29995,,6816,,50,,,,,,50
3897,43,255,3,0,0,0x03,10,0,17,20,9.000,10.000,1.000,1,1,220,220,23179,29995,30045,,6866,,50,,,,,,50
3898,43,255,3,0,0,0x03,11,0,18,21,9.667,11.000,1.333,1,2,220,220,23179,30045,30095,,6916,,50,,,,,,50
3899,43,255,3,0,0,0x03,12,0,17,21,9.667,12.000,2.333,2,3,220,220,23179,30095,30145,,6966,,50,,,,,,50
3900,43,255,3,0,0,0x03,13,1,18,21,10.667,13.000,2.333,3,3,220,220,23179,30145,30195,,7016,,50,,,,,,50
3901,43,256,4,0,0,0x04,28,0,49,36,25.667,49.000,23.333,26,24,220,220,30494,36195,36245,,5751,,50,,,,,,50
3902,43,256,4,0,0,0x04,24,0,48,35,24.000,48.000,24.000,24,24,220,220,30494,36245,36295,,5801,,50,,,,,,50
3903,43,256,4,0,0,0x04,24,0,46,34,23.333,46.000,22.667,24,23,220,220,30494,36295,36345,,5851,,50,,,,,,50
3904,43,256,4,0,0,0x04,23,0,44,34,22.333,44.000,21.667,23,22,220,220,30494,36345,36395,,5901,,50,,,,,,50
3905,43,256,4,0,0,0x04,23,0,44,33,22.333,44.000,21.667,22,22,220,220,30494,36395,36445,,5951,,50,,,,,,50
3906,43,256,4,0,0,0x04,23,0,42,32,21.667,42.000,20.333,22,21,220,220,30494,36445,36495,,6001,,50,,,,,,50
3907,43,256,4,0,0,0x04,23,0,41,32,21.333,41.000,19.667,21,20,220,220,30494,36495,36545,,6051,,50,,,,,,50
3908,43,256,4,0,0,0x04,23,0,39,31,20.667,39.000,18.333,20,19,220,220,30494,36545,36595,,6101,,50,,,,,,50
3909,43,256,4,0,0,0x04,23,0,38,31,20.333,38.000,17.667,19,18,220,220,30494,36595,36645,,6151,,50,,,,,,50
3910,43,256,4,0,0,0x04,23,0,36,30,19.667,36.000,16.333,18,17,220,220,30494,36645,36695,,6201,,50,,,,,,50
3911,43,256,4,0,0,0x04,23,0,35,30,19.333,35.000,15.667,17,16,220,220,30494,36695,36745,,6251,,50,,,,,,50
3912,43,256,4,0,0,0x04,23,0,34,29,19.000,34.000,15.000,16,15,220,220,30494,36745,36795,,6301,,50,,,,,,50
3913,43,256,4,0,0,0x04,22,0,32,29,18.000,32.000,14.000,15,14,220,220,30494,36795,36845,,6351,,50,,,,,,50
3914,43,256,4,0,0,0x04,23,0,31,28,18.000,31.000,13.000,14,13,220,220,30494,36845,36895,,6401,,50,,,,,,50
3915,43,256,4,0,0,0x04,22,0,29,28,17.000,29.000,12.000,13,12,220,220,30494,36895,36945,,6451,,50,,,,,,50
3916,43,256,4,0,0,0x04,22,0,28,27,16.667,28.000,11.333,12,12,220,220,30494,36945,36995,,6501,,50,,,,,,50
3917,43,256,4,0,0,0x04,22,0,27,26,16.333,27.000,10.667,12,11,220,220,30494,36995,37045,,6551,,50,,,,,,50
3918,43,256,4,0,0,0x04,22,0,25,26,15.667,25.000,9.333,11,10,220,220,30494,37045,37095,,6601,,50,,,,,,50
3919,43,256,4,0,0,0x04,21,0,24,26,15.000,24.000,9.000,10,9,220,220,30494,37095,37145,,6651,,50,,,,,,50
3920,43,256,4,0,0,0x04,22,0,22,25,14.667,22.000,7.333,9,8,220,220,30494,37145,37195,,6701,,50,,,,,,50
3921,43,257,5,0,0,0x05,18,0,0,0,6.000,0.000,-6.000,-7,-6,220,220,37828,43245,43295,,5467,,50,,,,,,50
3922,43,257,5,0,0,0x05,18,0,0,0,6.000,0.000,-6.000,-6,-6,220,220,37828,43295,43345,,5517,,50,,,,,,50
3923,43,257,5,0,0,0x05,18,0,0,0,6.000,0.000,-6.000,-6,-6,220,220,37828,43345,43395,,5567,,50,,,,,,50
3924,43,257,5,0,0,0x05,18,0,0,0,6.000,0.000,-6.000,-6,-6,220,220,37828,43395,43445,,5617,,50,,,,,,50
3925,43,257,5,0,0,0x05,18,0,0,0,6.000,0.000,-6.000,-6,-6,220,220,37828,43445,43495,,5667,,50,,,,,,50
3926,43,257,5,0,0,0x05,18,0,0,1,6.000,0.000,-6.000,-6,-6,220,220,37828,43495,43545,,5717,,50,,,,,,50
3927,43,257,5,0,0,0x05,18,0,0,1,6.000,0.000,-6.000,-6,-6,220,220,37828,43545,43595,,5767,,50,,,,,,50
3928,43,257,5,0,0,0x05,18,0,0,1,6.000,0.000,-6.000,-6,-6,220,220,37828,43595,43645,,5817,,50,,,,,,50
3929,43,257,5,0,0,0x05,18,0,0,1,6.000,0.000,-6.000,-6,-6,220,220,37828,43645,43695,,5867,,50,,,,,,50
3930,43,257,5,0,0,0x05,18,0,0,1,6.000,0.000,-6.000,-6,-6,220,220,37828,43695,43745,,5917,,50,,,,,,50
3931,43,257,5,0,0,0x05,18,0,0,2,6.000,0.000,-6.000,-6,-6,220,220,37828,43745,43795,,5967,,50,,,,,,50
3932,43,257,5,0,0,0x05,19,0,0,2,6.333,0.000,-6.333,-6,-6,220,220,37828,43795,43845,,6017,,50,,,,,,50
3933,43,257,5,0,0,0x05,18,0,0,3,6.000,0.000,-6.000,-6,-6,220,220,37828,43845,43895,,6067,,50,,,,,,50
3934,43,257,5,0,0,0x05,18,0,0,2,6.000,0.000,-6.000,-6,-6,220,220,37828,43895,43945,,6117,,50,,,,,,50
3935,43,257,5,0,0,0x05,19,0,0,3,6.333,0.000,-6.333,-6,-6,220,220,37828,43945,43995,,6167,,50,,,,,,50
3936,43,257,5,0,0,0x05,19,0,0,3,6.333,0.000,-6.333,-6,-6,220,220,37828,43995,44045,,6217,,50,,,,,,50
3937,43,257,5,0,0,0x05,18,0,0,4,6.000,0.000,-6.000,-6,-6,220,220,37828,44045,44095,,6267,,50,,,,,,50
3938,43,257,5,0,0,0x05,19,0,0,4,6.333,0.000,-6.333,-6,-6,220,220,37828,44095,44145,,6317,,50,,,,,,50
3939,43,257,5,0,0,0x05,19,0,0,4,6.333,0.000,-6.333,-6,-6,220,220,37828,44145,44195,,6367,,50,,,,,,50
3940,43,257,5,0,0,0x05,23,0,0,5,7.667,0.000,-7.667,-6,-7,220,220,37828,44195,44245,,6417,,50,,,,,,50
3941,43,258,6,0,0,0x06,34,20,0,28,18.000,34.000,16.000,17,16,220,220,45165,51295,51345,,6180,,50,,,,,,50
3942,43,258,6,0,0,0x06,32,20,0,28,17.333,32.000,14.667,16,15,220,220,45165,51345,51395,,6230,,50,,,,,,50
3943,43,258,6,0,0,0x06,31,20,0,27,17.000,31.000,14.000,15,14,220,220,45165,51395,51445,,6280,,50,,,,,,50
3944,43,258,6,0,0,0x06,30,20,0,27,16.667,30.000,13.333,14,14,220,220,45165,51445,51495,,6330,,50,,,,,,50
3945,43,258,6,0,0,0x06,29,20,0,26,16.333,29.000,12.667,14,13,220,220,45165,51495,51545,,6380,,50,,,,,,50
3946,43,258,6,0,0,0x06,28,20,0,26,16.000,28.000,12.000,13,12,220,220,45165,51545,51595,,6430,,50,,,,,,50
3947,43,258,6,0,0,0x06,27,19,0,25,15.333,27.000,11.667,12,12,220,220,45165,51595,51645,,6480,,50,,,,,,50
3948,43,258,6,0,0,0x06,26,19,0,25,15.000,26.000,11.000,12,11,220,220,45165,51645,51695,,6530,,50,,,,,,50
3949,43,258,6,0,0,0x06,25,19,0,25,14.667,25.000,10.333,11,11,220,220,45165,51695,51745,,6580,,50,,,,,,50
3950,43,258,6,0,0,0x06,23,19,0,24,14.000,23.000,9.000,11,9,220,220,45165,51745,51795,,6630,,50,,,,,,50
3951,43,258,6,0,0,0x06,22,19,0,24,13.667,22.000,8.333,9,9,220,220,45165,51795,51845,,6680,,50,,,,,,50
3952,43,258,6,0,0,0x06,21,19,0,24,13.333,21.000,7.667,9,8,220,220,45165,51845,51895,,6730,,50,,,,,,50
3953,43,258,6,0,0,0x06,20,19,0,23,13.000,20.000,7.000,8,7,220,220,45165,51895,51945,,6780,,50,,,,,,50
3954,43,258,6,0,0,0x06,19,19,0,23,12.667,19.000,6.333,7,7,220,220,45165,51945,51995,,6830,,50,,,,,,50
3955,43,258,6,0,0,0x06,18,19,0,22,12.333,18.000,5.667,7,6,220,220,45165,51995,52045,,6880,,50,,,,,,50
3956,43,258,6,0,0,0x06,17,19,0,22,12.000,17.000,5.000,6,5,220,220,45165,52045,52095,,6930,,50,,,,,,50
3957,43,258,6,0,0,0x06,16,18,0,22,11.333,16.000,4.667,5,5,220,220,45165,52095,52145,,6980,,50,,,,,,50
3958,43,258,6,0,0,0x06,15,18,0,21,11.000,15.000,4.000,5,4,220,220,45165,52145,52195,,7030,,50,,,,,,50
3959,43,258,6,0,0,0x06,18,18,0,21,12.000,18.000,6.000,4,6,220,220,45165,52195,52245,,7080,,50,,,,,,50
3960,43,258,6,0,0,0x06,13,18,0,20,10.333,13.000,2.667,6,3,220,220,45165,52245,52295,,7130,,50,,,,,,50
3961,44,259,1,0,0,0x01,0,18,0,7,6.000,0.000,-6.000,-6,-6,220,220,52479,58345,58395,,5916,,50,,,,,,50
3962,44,259,1,0,0,0x01,0,18,0,7,6.000,0.000,-6.000,-6,-6,220,220,52479,58395,58445,,5966,,50,,,,,,50
3963,44,259,1,0,0,0x01,0,18,0,8,6.000,0.000,-6.000,-6,-6,220,220,52479,58445,58495,,6016,,50,,,,,,50
3964,44,259,1,0,0,0x01,0,19,0,8,6.333,0.000,-6.333,-6,-6,220,220,52479,58495,58545,,6066,,50,,,,,,50
3965,44,259,1,0,0,0x01,0,18,0,8,6.000,0.000,-6.000,-6,-6,220,220,52479,58545,58595,,6116,,50,,,,,,50
3966,44,259,1,0,0,0x01,0,18,0,9,6.000,0.000,-6.000,-6,-6,220,220,52479,58595,58645,,6166,,50,,,,,,50
3967,44,259,1,0,0,0x01,0,19,0,9,6.333,0.000,-6.333,-6,-6,220,220,52479,58645,58695,,6216,,50,,,,,,50
3968,44,259,1,0,0,0x01,0,18,0,10,6.000,0.000,-6.000,-6,-6,220,220,52479,58695,58745,,6266,,50,,,,,,50
3969,44,259,1,0,0,0x01,0,18,0,10,6.000,0.000,-6.000,-6,-6,220,220,52479,58745,58795,,6316,,50,,,,,,50
3970,44,259,1,0,0,0x01,0,19,0,10,6.333,0.000,-6.333,-6,-6,220,220,52479,58795,58845,,6366,,50,,,,,,50
3971,44,259,1,0,0,0x01,0,19,0,11,6.333,0.000,-6.333,-6,-6,220,220,52479,58845,58895,,6416,,50,,,,,,50
3972,44,259,1,0,0,0x01,0,19,0,11,6.333,0.000,-6.333,-6,-6,220,220,52479,58895,58945,,6466,,50,,,,,,50
3973,44,259,1,0,0,0x01,0,18,0,12,6.000,0.000,-6.000,-6,-6,220,220,52479,58945,58995,,6516,,50,,,,,,50
3974,44,259,1,0,0,0x01,0,18,0,12,6.000,0.000,-6.000,-6,-6,220,220,52479,58995,59045,,6566,,50,,,,,,50
3975,44,259,1,0,0,0x01,0,18,0,12,6.000,0.000,-6.000,-6,-6,220,220,52479,59045,59095,,6616,,50,,,,,,50
3976,44,259,1,0,0,0x01,0,19,0,13,6.333,0.000,-6.333,-6,-6,220,220,52479,59095,59145,,6666,,50,,,,,,50
3977,44,259,1,0,0,0x01,0,19,0,13,6.333,0.000,-6.333,-6,-6,220,220,52479,59145,59195,,6716,,50,,,,,,50
3978,44,259,1,0,0,0x01,4,18,0,14,7.333,0.000,-7.333,-6,-7,220,220,52479,59195,59245,,6766,,50,,,,,,50
3979,44,259,1,0,0,0x01,0,19,0,14,6.333,0.000,-6.333,-7,-6,220,220,52479,59245,59295,,6816,,50,,,,,,50
3980,44,259,1,0,0,0x01,0,19,0,15,6.333,0.000,-6.333,-6,-6,220,220,52479,59295,59345,,6866,,50,,,,,,50
3981,44,260,2,0,0,0x02,3,56,21,37,26.667,56.000,29.333,30,30,220,220,59813,65395,65445,,5632,,50,,,,,,50
3982,44,260,2,0,0,0x02,3,54,21,36,26.000,54.000,28.000,30,28,220,220,59813,65445,65495,,5682,,50,,,,,,50
3983,44,260,2,0,0,0x02,3,53,21,36,25.667,53.000,27.333,28,28,220,220,59813,65495,9,,5732,,50,,,,,,50
3984,44,260,2,0,0,0x02,3,53,21,36,25.667,53.000,27.333,28,28,220,220,59813,9,59,,5782,,50,,,,,,50
3985,44,260,2,0,0,0x02,3,52,21,36,25.333,52.000,26.667,28,27,220,220,59813,59,109,,5832,,50,,,,,,50
3986,44,260,2,0,0,0x02,3,52,21,35,25.333,52.000,26.667,27,27,220,220,59813,109,159,,5882,,50,,,,,,50
3987,44,260,2,0,0,0x02,3,50,21,35,24.667,50.000,25.333,27,26,220,220,59813,159,209,,5932,,50,,,,,,50
3988,44,260,2,0,0,0x02,3,50,21,35,24.667,50.000,25.333,26,26,220,220,59813,209,259,,5982,,50,,,,,,50
3989,44,260,2,0,0,0x02,2,49,20,35,23.667,49.000,25.333,26,26,220,220,59813,259,309,,6032,,50,,,,,,50
3990,44,260,2,0,0,0x02,2,48,20,34,23.333,48.000,24.667,26,25,220,220,59813,309,359,,6082,,50,,,,,,50
3991,44,260,2,0,0,0x02,3,47,20,34,23.333,47.000,23.667,25,24,220,220,59813,359,409,,6132,,50,,,,,,50
3992,44,260,2,0,0,0x02,3,46,20,33,23.000,46.000,23.000,24,23,220,220,59813,409,459,,6182,,50,,,,,,50
3993,44,260,2,0,0,0x02,3,45,20,33,22.667,45.000,22.333,23,23,220,220,59813,459,509,,6232,,50,,,,,,50
3994,44,260,2,0,0,0x02,2,45,20,33,22.333,45.000,22.667,23,23,220,220,59813,509,559,,6282,,50,,,,,,50
3995,44,260,2,0,0,0x02,2,43,20,32,21.667,43.000,21.333,23,22,220,220,59813,559,609,,6332,,50,,,,,,50
3996,44,260,2,0,0,0x02,3,43,20,32,22.000,43.000,21.000,22,21,220,220,59813,609,659,,6382,,50,,,,,,50
3997,44,260,2,0,0,0x02,7,42,20,32,23.000,42.000,19.000,21,19,220,220,59813,659,709,,6432,,50,,,,,,50
3998,44,260,2,0,0,0x02,2,40,20,32,20.667,40.000,19.333,19,20,220,220,59813,709,759,,6482,,50,,,,,,50
3999,44,260,2,0,0,0x02,3,40,20,31,21.000,40.000,19.000,20,19,220,220,59813,759,809,,6532,,50,,,,,,50
4000,44,260,2,0,0,0x02,2,39,19,31,20.000,39.000,19.000,19,19,220,220,59813,809,859,,6582,,50,,,,,,50
4001,44,261,3,0,0,0x03,0,0,16,3,5.333,0.000,-5.333,-5,-5,220,220,1595,6909,6959,,5364,,50,,,,,,50
4002,44,261,3,0,0,0x03,0,0,16,3,5.333,0.000,-5.333,-5,-5,220,220,1595,6959,7009,,5414,,50,,,,,,50
4003,44,261,3,0,0,0x03,0,0,16,4,5.333,0.000,-5.333,-5,-5,220,220,1595,7009,7059,,5464,,50,,,,,,50
4004,44,261,3,0,0,0x03,0,0,16,4,5.333,0.000,-5.333,-5,-5,220,220,1595,7059,7109,,5514,,50,,,,,,50
4005,44,261,3,0,0,0x03,0,0,16,4,5.333,0.000,-5.333,-5,-5,220,220,1595,7109,7159,,5564,,50,,,,,,50
4006,44,261,3,0,0,0x03,0,0,16,5,5.333,0.000,-5.333,-5,-5,220,220,1595,7159,7209,,5614,,50,,,,,,50
4007,44,261,3,0,0,0x03,0,0,16,5,5.333,0.000,-5.333,-5,-5,220,220,1595,7209,7259,,5664,,50,,,,,,50
4008,44,261,3,0,0,0x03,0,0,17,5,5.667,0.000,-5.667,-5,-5,220,220,1595,7259,7309,,5714,,50,,,,,,50
4009,44,261,3,0,0,0x03,0,0,16,6,5.333,0.000,-5.333,-5,-5,220,220,1595,7309,7359,,5764,,50,,,,,,50
4010,44,261,3,0,0,0x03,0,0,17,6,5.667,0.000,-5.667,-5,-5,220,220,1595,7359,7409,,5814,,50,,,,,,50
4011,44,261,3,0,0,0x03,0,0,16,6,5.333,0.000,-5.333,-5,-5,220,220,1595,7409,7459,,5864,,50,,,,,,50
4012,44,261,3,0,0,0x03,0,0,17,7,5.667,0.000,-5.667,-5,-5,220,220,1595,7459,7509,,5914,,50,,,,,,50
4013,44,261,3,0,0,0x03,0,0,17,7,5.667,0.000,-5.667,-5,-5,220,220,1595,7509,7559,,5964,,50,,,,,,50
4014,44,261,3,0,0,0x03,0,0,17,8,5.667,0.000,-5.667,-5,-5,220,220,1595,7559,7609,,6014,,50,,,,,,50
4015,44,261,3,0,0,0x03,0,0,16,8,5.333,0.000,-5.333,-5,-5,220,220,1595,7609,7659,,6064,,50,,,,,,50
4016,44,262,4,0,0,0x04,0,0,17,8,5.667,17.000,11.333,-1,-1,220,220,8931,9709,9759,,828,,50,,,,,,50
4017,44,263,3,0,0,0x03,0,0,17,8,5.667,0.000,-5.667,-5,-5,220,220,1595,7709,7759,,6164,,50,,,,,,50
4018,44,264,4,0,0,0x04,21,0,13,22,11.333,13.000,1.667,1,2,220,220,8931,9809,9859,,928,,50,,,,,,50
4019,45,265,3,0,0,0x03,0,0,17,9,5.667,0.000,-5.667,-5,-5,220,220,1595,7809,7859,,6264,,50,,,,,,50
4020,45,266,4,0,0,0x04,21,0,18,24,13.000,18.000,5.000,3,5,220,220,8931,9909,9959,,1028,,50,,,,,,50
4021,45,266,4,0,0,0x04,21,0,23,25,14.667,23.000,8.333,10,9,220,220,8931,14959,15009,,6078,,50,,,,,,50
4022,45,266,4,0,0,0x04,21,0,22,25,14.333,22.000,7.667,9,8,220,220,8931,15009,15059,,6128,,50,,,,,,50
4023,45,266,4,0,0,0x04,21,0,21,25,14.000,21.000,7.000,8,7,220,220,8931,15059,15109,,6178,,50,,,,,,50
4024,45,266,4,0,0,0x04,21,0,20,24,13.667,20.000,6.333,7,7,220,220,8931,15109,15159,,6228,,50,,,,,,50
4025,45,266,4,0,0,0x04,21,0,18,24,13.000,18.000,5.000,7,5,220,220,8931,15159,15209,,6278,,50,,,,,,50
4026,45,266,4,0,0,0x04,21,0,17,23,12.667,17.000,4.333,5,5,220,220,8931,15209,15259,,6328,,50,,,,,,50
4027,45,266,4,0,0,0x04,21,0,17,23,12.667,17.000,4.333,5,5,220,220,8931,15259,15309,,6378,,50,,,,,,50
4028,45,266,4,0,0,0x04,21,0,16,22,12.333,16.000,3.667,5,4,220,220,8931,15309,15359,,6428,,50,,,,,,50
4029,45,266,4,0,0,0x04,20,0,14,22,11.333,14.000,2.667,4,3,220,220,8931,15359,15409,,6478,,50,,,,,,50
4030,45,266,4,0,0,0x04,21,0,14,22,11.667,14.000,2.333,3,3,220,220,8931,15409,15459,,6528,,50,,,,,,50
4031,45,266,4,0,0,0x04,21,0,12,22,11.000,12.000,1.000,3,1,220,220,8931,15459,15509,,6578,,50,,,,,,50
4032,45,266,4,0,0,0x04,20,0,11,21,10.333,11.000,0.667,1,1,220,220,8931,15509,15559,,6628,,50,,,,,,50
4033,45,266,4,0,0,0x04,20,0,10,20,10.000,10.000,0.000,1,0,220,220,8931,15559,15609,,6678,,50,,,,,,50
4034,45,266,4,0,0,0x04,21,0,9,20,10.000,9.000,-1.000,0,-1,220,220,8931,15609,15659,,6728,,50,,,,,,50
4035,45,266,4,0,0,0x04,25,0,8,20,11.000,8.000,-3.000,-1,-3,220,220,8931,15659,15709,,6778,,50,,,,,,50
4036,45,266,4,0,0,0x04,20,0,7,19,9.000,7.000,-2.000,-3,-2,220,220,8931,15709,15759,,6828,,50,,,,,,50
4037,45,266,4,0,0,0x04,20,0,6,19,8.667,6.000,-2.667,-2,-2,220,220,8931,15759,15809,,6878,,50,,,,,,50
4038,45,266,4,0,0,0x04,20,0,5,18,8.333,5.000,-3.333,-2,-3,220,220,8931,15809,15859,,6928,,50,,,,,,50
4039,45,266,4,0,0,0x04,20,0,4,18,8.000,4.000,-4.000,-3,-4,220,220,8931,15859,15909,,6978,,50,,,,,,50
4040,45,266,4,0,0,0x04,20,0,3,18,7.667,3.000,-4.667,-4,-4,220,220,8931,15909,15959,,7028,,50,,,,,,50
4041,45,267,5,0,0,0x05,18,0,0,0,6.000,0.000,-6.000,-6,-6,220,220,16245,22009,22059,,5814,,50,,,,,,50
4042,45,267,5,0,0,0x05,18,0,0,0,6.000,0.000,-6.000,-6,-6,220,220,16245,22059,22109,,5864,,50,,,,,,50
4043,45,267,5,0,0,0x05,18,0,0,0,6.000,0.000,-6.000,-6,-6,220,220,16245,22109,22159,,5914,,50,,,,,,50
4044,45,267,5,0,0,0x05,18,0,0,0,6.000,0.000,-6.000,-6,-6,220,220,16245,22159,22209,,5964,,50,,,,,,50
4045,45,267,5,0,0,0x05,19,0,0,0,6.333,0.000,-6.333,-6,-6,220,220,16245,22209,22259,,6014,,50,,,,,,50
4046,45,267,5,0,0,0x05,18,0,0,0,6.000,0.000,-6.000,-6,-6,220,220,16245,22259,22309,,6064,,50,,,,,,50
4047,45,267,5,0,0,0x05,19,0,0,1,6.333,0.000,-6.333,-6,-6,220,220,16245,22309,22359,,6114,,50,,,,,,50
4048,45,267,5,0,0,0x05,19,0,0,1,6.333,0.000,-6.333,-6,-6,220,220,16245,22359,22409,,6164,,50,,,,,,50
4049,45,267,5,0,0,0x05,19,0,0,2,6.333,0.000,-6.333,-6,-6,220,220,16245,22409,22459,,6214,,50,,,,,,50
4050,45,267,5,0,0,0x05,19,0,0,2,6.333,0.000,-6.333,-6,-6,220,220,16245,22459,22509,,6264,,50,,,,,,50
4051,45,267,5,0,0,0x05,19,0,0,3,6.333,0.000,-6.333,-6,-6,220,220,16245,22509,22559,,6314,,50,,,,,,50
4052,45,267,5,0,0,0x05,19,0,0,3,6.333,0.000,-6.333,-6,-6,220,220,16245,22559,22609,,6364,,50,,,,,,50
4053,45,267,5,0,0,0x05,19,0,0,4,6.333,0.000,-6.333,-6,-6,220,220,16245,22609,22659,,6414,,50,,,,,,50
4054,45,267,5,0,0,0x05,23,0,0,5,7.667,0.000,-7.667,-6,-7,220,220,16245,22659,22709,,6464,,50,,,,,,50
4055,45,267,5,0,0,0x05,19,0,0,5,6.333,0.000,-6.333,-7,-6,220,220,16245,22709,22759,,6514,,50,,,,,,50
4056,45,267,5,0,0,0x05,19,0,0,5,6.333,0.000,-6.333,-6,-6,220,220,16245,22759,22809,,6564,,50,,,,,,50
4057,45,267,5,0,0,0x05,20,0,0,5,6.667,0.000,-6.667,-6,-6,220,220,16245,22809,22859,,6614,,50,,,,,,50
4058,45,267,5,0,0,0x05,19,0,0,6,6.333,0.000,-6.333,-6,-6,220,220,16245,22859,22909,,6664,,50,,,,,,50
4059,45,267,5,0,0,0x05,19,0,0,6,6.333,0.000,-6.333,-6,-6,220,220,16245,22909,22959,,6714,,50,,,,,,50
4060,45,267,5,0,0,0x05,19,0,0,7,6.333,0.000,-6.333,-6,-6,220,220,16245,22959,23009,,6764,,50,,,,,,50
4061,45,268,6,0,0,0x06,41,21,0,31,20.667,41.000,20.333,21,21,220,220,23578,29059,29109,,5531,,50,,,,,,50
4062,45,268,6,0,0,0x06,41,21,0,31,20.667,41.000,20.333,21,21,220,220,23578,29109,29159,,5581,,50,,,,,,50
4063,45,268,6,0,0,0x06,40,21,0,31,20.333,40.000,19.667,21,20,220,220,23578,29159,29209,,5631,,50,,,,,,50
4064,45,268,6,0,0,0x06,39,21,0,30,20.000,39.000,19.000,20,19,220,220,23578,29209,29259,,5681,,50,,,,,,50
4065,45,268,6,0,0,0x06,38,21,0,30,19.667,38.000,18.333,19,19,220,220,23578,29259,29309,,5731,,50,,,,,,50
4066,45,268,6,0,0,0x06,38,20,0,30,19.333,38.000,18.667,19,19,220,220,23578,29309,29359,,5781,,50,,,,,,50
4067,45,268,6,0,0,0x06,38,20,0,30,19.333,38.000,18.667,19,19,220,220,23578,29359,29409,,5831,,50,,,,,,50
4068,45,268,6,0,0,0x06,36,20,0,29,18.667,36.000,17.333,19,18,220,220,23578,29409,29459,,5881,,50,,,,,,50
4069,45,268,6,0,0,0x06,36,20,0,29,18.667,36.000,17.333,18,18,220,220,23578,29459,29509,,5931,,50,,,,,,50
4070,45,268,6,0,0,0x06,36,20,0,29,18.667,36.000,17.333,18,18,220,220,23578,29509,29559,,5981,,50,,,,,,50
4071,45,268,6,0,0,0x06,34,20,0,28,18.000,34.000,16.000,18,16,220,220,23578,29559,29609,,6031,,50,,,,,,50
4072,45,268,6,0,0,0x06,33,20,0,28,17.667,33.000,15.333,16,16,220,220,23578,29609,29659,,6081,,50,,,,,,50
4073,45,268,6,0,0,0x06,38,20,0,29,19.333,38.000,18.667,16,19,220,220,23578,29659,29709,,6131,,50,,,,,,50
4074,45,268,6,0,0,0x06,32,20,0,28,17.333,32.000,14.667,19,15,220,220,23578,29709,29759,,6181,,50,,,,,,50
4075,45,268,6,0,0,0x06,32,20,0,28,17.333,32.000,14.667,15,15,220,220,23578,29759,29809,,6231,,50,,,,,,50
4076,45,268,6,0,0,0x06,31,20,0,27,17.000,31.000,14.000,15,14,220,220,23578,29809,29859,,6281,,50,,,,,,50
4077,45,268,6,0,0,0x06,31,20,0,27,17.000,31.000,14.000,14,14,220,220,23578,29859,29909,,6331,,50,,,,,,50
4078,45,268,6,0,0,0x06,30,20,0,27,16.667,30.000,13.333,14,14,220,220,23578,29909,29959,,6381,,50,,,,,,50
4079,45,268,6,0,0,0x06,29,20,0,26,16.333,29.000,12.667,14,13,220,220,23578,29959,30009,,6431,,50,,,,,,50
4080,45,268,6,0,0,0x06,28,20,0,26,16.000,28.000,12.000,13,12,220,220,23578,30009,30059,,6481,,50,,,,,,50
4081,45,269,1,0,0,0x01,0,19,0,12,6.333,0.000,-6.333,-6,-6,220,220,30893,37109,37159,,6266,,50,,,,,,50
4082,45,269,1,0,0,0x01,0,18,0,12,6.000,0.000,-6.000,-6,-6,220,220,30893,37159,37209,,6316,,50,,,,,,50
4083,45,269,1,0,0,0x01,0,19,0,13,6.333,0.000,-6.333,-6,-6,220,220,30893,37209,37259,,6366,,50,,,,,,50
4084,45,269,1,0,0,0x01,0,19,0,13,6.333,0.000,-6.333,-6,-6,220,220,30893,37259,37309,,6416,,50,,,,,,50
4085,45,269,1,0,0,0x01,0,19,0,14,6.333,0.000,-6.333,-6,-6,220,220,30893,37309,37359,,6466,,50,,,,,,50
4086,45,269,1,0,0,0x01,0,18,0,14,6.000,0.000,-6.000,-6,-6,220,220,30893,37359,37409,,6516,,50,,,,,,50
4087,45,269,1,0,0,0x01,0,19,0,14,6.333,0.000,-6.333,-6,-6,220,220,30893,37409,37459,,6566,,50,,,,,,50
4088,45,269,1,0,0,0x01,0,19,0,15,6.333,0.000,-6.333,-6,-6,220,220,30893,37459,37509,,6616,,50,,,,,,50
4089,45,269,1,0,0,0x01,0,19,0,16,6.333,0.000,-6.333,-6,-6,220,220,30893,37509,37559,,6666,,50,,,,,,50
4090,45,269,1,0,0,0x01,0,19,0,16,6.333,0.000,-6.333,-6,-6,220,220,30893,37559,37609,,6716,,50,,,,,,50
4091,45,269,1,0,0,0x01,0,19,0,16,6.333,0.000,-6.333,-6,-6,220,220,30893,37609,37659,,6766,,50,,,,,,50
4092,45,269,1,0,0,0x01,5,18,0,17,7.667,0.000,-7.667,-6,-7,220,220,30893,37659,37709,,6816,,50,,,,,,50
4093,45,269,1,0,0,0x01,1,19,1,17,7.000,1.000,-6.000,-7,-6,220,220,30893,37709,37759,,6866,,50,,,,,,50
4094,45,269,1,0,0,0x01,1,19,2,18,7.333,2.000,-5.333,-6,-5,220,220,30893,37759,37809,,6916,,50,,,,,,50
4095,45,269,1,0,0,0x01,0,19,3,18,7.333,3.000,-4.333,-5,-4,220,220,30893,37809,37859,,6966,,50,,,,,,50
4096,45,269,1,0,0,0x01,1,19,5,19,8.333,5.000,-3.333,-4,-3,220,220,30893,37859,37909,,7016,,50,,,,,,50
4097,45,269,1,0,0,0x01,1,19,6,19,8.667,6.000,-2.667,-3,-2,220,220,30893,37909,37959,,7066,,50,,,,,,50
4098,45,269,1,0,0,0x01,1,19,7,20,9.000,7.000,-2.000,-2,-2,220,220,30893,37959,38009,,7116,,50,,,,,,50
4099,45,269,1,0,0,0x01,2,19,9,20,10.000,9.000,-1.000,-2,-1,220,220,30893,38009,38059,,7166,,50,,,,,,50
4100,45,269,1,0,0,0x01,2,19,10,21,10.333,10.000,-0.333,-1,0,220,220,30893,38059,38109,,7216,,50,,,,,,50
4101,45,270,2,0,0,0x02,3,61,21,39,28.333,61.000,32.667,33,33,220,220,38227,44159,44209,,5982,,50,,,,,,50
4102,45,270,2,0,0,0x02,3,60,21,38,28.000,60.000,32.000,33,32,220,220,38227,44209,44259,,6032,,50,,,,,,50
4103,45,270,2,0,0,0x02,3,59,21,38,27.667,59.000,31.333,32,32,220,220,38227,44259,44309,,6082,,50,,,,,,50
4104,45,270,2,0,0,0x02,3,58,21,38,27.333,58.000,30.667,32,31,220,220,38227,44309,44359,,6132,,50,,,,,,50
4105,45,270,2,0,0,0x02,3,58,21,38,27.333,58.000,30.667,31,31,220,220,38227,44359,44409,,6182,,50,,,,,,50
4106,45,270,2,0,0,0x02,3,56,21,37,26.667,56.000,29.333,31,30,220,220,38227,44409,44459,,6232,,50,,,,,,50
4107,45,270,2,0,0,0x02,3,56,21,37,26.667,56.000,29.333,30,30,220,220,38227,44459,44509,,6282,,50,,,,,,50
4108,45,270,2,0,0,0x02,3,55,21,37,26.333,55.000,28.667,30,29,220,220,38227,44509,44559,,6332,,50,,,,,,50
4109,45,270,2,0,0,0x02,3,54,21,36,26.000,54.000,28.000,29,28,220,220,38227,44559,44609,,6382,,50,,,,,,50
4110,45,270,2,0,0,0x02,3,53,21,36,25.667,53.000,27.333,28,28,220,220,38227,44609,44659,,6432,,50,,,,,,50
4111,45,270,2,0,0,0x02,7,53,21,36,27.000,53.000,26.000,28,26,220,220,38227,44659,44709,,6482,,50,,,,,,50
4112,45,270,2,0,0,0x02,2,52,21,36,25.000,52.000,27.000,26,27,220,220,38227,44709,44759,,6532,,50,,,,,,50
4113,45,270,2,0,0,0x02,3,51,20,35,24.667,51.000,26.333,27,27,220,220,38227,44759,44809,,6582,,50,,,,,,50
4114,45,270,2,0,0,0x02,3,50,20,35,24.333,50.000,25.667,27,26,220,220,38227,44809,44859,,6632,,50,,,,,,50
4115,45,270,2,0,0,0x02,2,50,20,35,24.000,50.000,26.000,26,26,220,220,38227,44859,44909,,6682,,50,,,,,,50
4116,45,270,2,0,0,0x02,3,48,21,34,24.000,48.000,24.000,26,24,220,220,38227,44909,44959,,6732,,50,,,,,,50
4117,45,270,2,0,0,0x02,2,47,20,34,23.000,47.000,24.000,24,24,220,220,38227,44959,45009,,6782,,50,,,,,,50
4118,45,270,2,0,0,0x02,2,46,20,33,22.667,46.000,23.333,24,24,220,220,38227,45009,45059,,6832,,50,,,,,,50
4119,45,270,2,0,0,0x02,3,46,20,33,23.000,46.000,23.000,24,23,220,220,38227,45059,45109,,6882,,50,,,,,,50
4120,45,270,2,0,0,0x02,2,45,20,33,22.333,45.000,22.667,23,23,220,220,38227,45109,45159,,6932,,50,,,,,,50
4121,46,271,3,0,0,0x03,0,0,17,12,5.667,0.000,-5.667,-5,-5,220,220,45542,51209,51259,,5717,,50,,,,,,50
4122,46,271,3,0,0,0x03,0,0,17,12,5.667,0.000,-5.667,-5,-5,220,220,45542,51259,51309,,5767,,50,,,,,,50
4123,46,271,3,0,0,0x03,0,0,17,12,5.667,0.000,-5.667,-5,-5,220,220,45542,51309,51359,,5817,,50,,,,,,50
4124,46,271,3,0,0,0x03,0,0,17,13,5.667,0.000,-5.667,-5,-5,220,220,45542,51359,51409,,5867,,50,,,,,,50
4125,46,271,3,0,0,0x03,0,0,17,13,5.667,0.000,-5.667,-5,-5,220,220,45542,51409,51459,,5917,,50,,,,,,50
4126,46,271,3,0,0,0x03,0,0,17,14,5.667,0.000,-5.667,-5,-5,220,220,45542,51459,51509,,5967,,50,,,,,,50
4127,46,271,3,0,0,0x03,0,0,17,13,5.667,0.000,-5.667,-5,-5,220,220,45542,51509,51559,,6017,,50,,,,,,50
4128,46,271,3,0,0,0x03,0,0,17,14,5.667,0.000,-5.667,-5,-5,220,220,45542,51559,51609,,6067,,50,,,,,,50
4129,46,271,3,0,0,0x03,0,0,17,14,5.667,0.000,-5.667,-5,-5,220,220,45542,51609,51659,,6117,,50,,,,,,50
4130,46,271,3,0,0,0x03,0,0,17,15,5.667,0.000,-5.667,-5,-5,220,220,45542,51659,51709,,6167,,50,,,,,,50
4131,46,271,3,0,0,0x03,0,0,17,15,5.667,0.000,-5.667,-5,-5,220,220,45542,51709,51759,,6217,,50,,,,,,50
4132,46,271,3,0,0,0x03,0,0,17,15,5.667,0.000,-5.667,-5,-5,220,220,45542,51759,51809,,6267,,50,,,,,,50
4133,46,271,3,0,0,0x03,0,0,17,16,5.667,0.000,-5.667,-5,-5,220,220,45542,51809,51859,,6317,,50,,,,,,50
4134,46,271,3,0,0,0x03,0,0,17,16,5.667,0.000,-5.667,-5,-5,220,220,45542,51859,51909,,6367,,50,,,,,,50
4135,46,271,3,0,0,0x03,0,0,17,16,5.667,0.000,-5.667,-5,-5,220,220,45542,51909,51959,,6417,,50,,,,,,50
4136,46,271,3,0,0,0x03,0,0,17,16,5.667,0.000,-5.667,-5,-5,220,220,45542,51959,52009,,6467,,50,,,,,,50
4137,46,271,3,0,0,0x03,1,0,17,17,6.000,1.000,-5.000,-5,-5,220,220,45542,52009,52059,,6517,,50,,,,,,50
4138,46,271,3,0,0,0x03,2,0,17,17,6.333,2.000,-4.333,-5,-4,220,220,45542,52059,52109,,6567,,50,,,,,,50
4139,46,271,3,0,0,0x03,3,0,17,17,6.667,3.000,-3.667,-4,-3,220,220,45542,52109,52159,,6617,,50,,,,,,50
4140,46,271,3,0,0,0x03,4,0,18,18,7.333,4.000,-3.333,-3,-3,220,220,45542,52159,52209,,6667,,50,,,,,,50
4141,46,272,4,0,0,0x04,25,0,61,40,28.667,61.000,32.333,33,33,220,220,52856,58259,58309,,5453,,50,,,,,,50
4142,46,272,4,0,0,0x04,25,0,60,39,28.333,60.000,31.667,33,32,220,220,52856,58309,58359,,5503,,50,,,,,,50
4143,46,272,4,0,0,0x04,24,0,59,39,27.667,59.000,31.333,32,32,220,220,52856,58359,58409,,5553,,50,,,,,,50
4144,46,272,4,0,0,0x04,25,0,58,39,27.667,58.000,30.333,32,31,220,220,52856,58409,58459,,5603,,50,,,,,,50
4145,46,272,4,0,0,0x04,24,0,56,38,26.667,56.000,29.333,31,30,220,220,52856,58459,58509,,5653,,50,,,,,,50
4146,46,272,4,0,0,0x04,24,0,55,37,26.333,55.000,28.667,30,29,220,220,52856,58509,58559,,5703,,50,,,,,,50
4147,46,272,4,0,0,0x04,25,0,54,37,26.333,54.000,27.667,29,28,220,220,52856,58559,58609,,5753,,50,,,,,,50
4148,46,272,4,0,0,0x04,24,0,53,37,25.667,53.000,27.333,28,28,220,220,52856,58609,58659,,5803,,50,,,,,,50
4149,46,272,4,0,0,0x04,28,0,51,36,26.333,51.000,24.667,28,25,220,220,52856,58659,58709,,5853,,50,,,,,,50
4150,46,272,4,0,0,0x04,24,0,51,36,25.000,51.000,26.000,25,26,220,220,52856,58709,58759,,5903,,50,,,,,,50
4151,46,272,4,0,0,0x04,24,0,50,35,24.667,50.000,25.333,26,26,220,220,52856,58759,58809,,5953,,50,,,,,,50
4152,46,272,4,0,0,0x04,24,0,48,35,24.000,48.000,24.000,26,24,220,220,52856,58809,58859,,6003,,50,,,,,,50
4153,46,272,4,0,0,0x04,23,0,47,34,23.333,47.000,23.667,24,24,220,220,52856,58859,58909,,6053,,50,,,,,,50
4154,46,272,4,0,0,0x04,24,0,46,34,23.333,46.000,22.667,24,23,220,220,52856,58909,58959,,6103,,50,,,,,,50
4155,46,272,4,0,0,0x04,24,0,45,34,23.000,45.000,22.000,23,22,220,220,52856,58959,59009,,6153,,50,,,,,,50
4156,46,272,4,0,0,0x04,23,0,44,33,22.333,44.000,21.667,22,22,220,220,52856,59009,59059,,6203,,50,,,,,,50
4157,46,272,4,0,0,0x04,23,0,42,33,21.667,42.000,20.333,22,21,220,220,52856,59059,59109,,6253,,50,,,,,,50
4158,46,272,4,0,0,0x04,23,0,41,32,21.333,41.000,19.667,21,20,220,220,52856,59109,59159,,6303,,50,,,,,,50
4159,46,272,4,0,0,0x04,23,0,40,32,21.000,40.000,19.000,20,19,220,220,52856,59159,59209,,6353,,50,,,,,,50
4160,46,272,4,0,0,0x04,23,0,38,31,20.333,38.000,17.667,19,18,220,220,52856,59209,59259,,6403,,50,,,,,,50
4161,46,273,5,0,0,0x05,19,0,0,7,6.333,0.000,-6.333,-6,-6,220,220,60189,773,823,,6170,,50,,,,,,50
4162,46,273,5,0,0,0x05,19,0,0,7,6.333,0.000,-6.333,-6,-6,220,220,60189,823,873,,6220,,50,,,,,,50
4163,46,273,5,0,0,0x05,19,0,0,8,6.333,0.000,-6.333,-6,-6,220,220,60189,873,923,,6270,,50,,,,,,50
4164,46,273,5,0,0,0x05,19,0,0,8,6.333,0.000,-6.333,-6,-6,220,220,60189,923,973,,6320,,50,,,,,,50
4165,46,273,5,0,0,0x05,20,0,0,8,6.667,0.000,-6.667,-6,-6,220,220,60189,973,1023,,6370,,50,,,,,,50
4166,46,273,5,0,0,0x05,19,0,0,9,6.333,0.000,-6.333,-6,-6,220,220,60189,1023,1073,,6420,,50,,,,,,50
4167,46,273,5,0,0,0x05,19,0,0,9,6.333,0.000,-6.333,-6,-6,220,220,60189,1073,1123,,6470,,50,,,,,,50
4168,46,273,5,0,0,0x05,23,0,0,10,7.667,0.000,-7.667,-6,-7,220,220,60189,1123,1173,,6520,,50,,,,,,50
4169,46,273,5,0,0,0x05,19,0,0,10,6.333,0.000,-6.333,-7,-6,220,220,60189,1173,1223,,6570,,50,,,,,,50
4170,46,273,5,0,0,0x05,19,0,0,10,6.333,0.000,-6.333,-6,-6,220,220,60189,1223,1273,,6620,,50,,,,,,50
4171,46,273,5,0,0,0x05,19,0,0,10,6.333,0.000,-6.333,-6,-6,220,220,60189,1273,1323,,6670,,50,,,,,,50
4172,46,273,5,0,0,0x05,19,0,0,11,6.333,0.000,-6.333,-6,-6,220,220,60189,1323,1373,,6720,,50,,,,,,50
4173,46,273,5,0,0,0x05,19,0,0,11,6.333,0.000,-6.333,-6,-6,220,220,60189,1373,1423,,6770,,50,,,,,,50
4174,46,273,5,0,0,0x05,19,0,0,11,6.333,0.000,-6.333,-6,-6,220,220,60189,1423,1473,,6820,,50,,,,,,50
4175,46,273,5,0,0,0x05,19,0,0,12,6.333,0.000,-6.333,-6,-6,220,220,60189,1473,1523,,6870,,50,,,,,,50
4176,46,273,5,0,0,0x05,19,0,0,12,6.333,0.000,-6.333,-6,-6,220,220,60189,1523,1573,,6920,,50,,,,,,50
4177,46,273,5,0,0,0x05,20,0,0,12,6.667,0.000,-6.667,-6,-6,220,220,60189,1573,1623,,6970,,50,,,,,,50
4178,46,273,5,0,0,0x05,20,0,0,13,6.667,0.000,-6.667,-6,-6,220,220,60189,1623,1673,,7020,,50,,,,,,50
4179,46,273,5,0,0,0x05,20,0,0,13,6.667,0.000,-6.667,-6,-6,220,220,60189,1673,1723,,7070,,50,,,,,,50
4180,46,273,5,0,0,0x05,20,0,0,14,6.667,0.000,-6.667,-6,-6,220,220,60189,1723,1773,,7120,,50,,,,,,50
4181,46,274,6,0,0,0x06,42,21,0,31,21.000,42.000,21.000,21,21,220,220,1967,7823,7873,,5906,,50,,,,,,50
4182,46,274,6,0,0,0x06,40,21,0,31,20.333,40.000,19.667,21,20,220,220,1967,7873,7923,,5956,,50,,,,,,50
4183,46,274,6,0,0,0x06,39,21,0,30,20.000,39.000,19.000,20,19,220,220,1967,7923,7973,,6006,,50,,,,,,50
4184,46,274,6,0,0,0x06,38,20,0,30,19.333,38.000,18.667,19,19,220,220,1967,7973,8023,,6056,,50,,,,,,50
4185,46,274,6,0,0,0x06,37,20,0,29,19.000,37.000,18.000,19,18,220,220,1967,8023,8073,,6106,,50,,,,,,50
4186,46,274,6,0,0,0x06,36,20,0,29,18.667,36.000,17.333,18,18,220,220,1967,8073,8123,,6156,,50,,,,,,50
4187,46,274,6,0,0,0x06,39,21,0,29,20.000,39.000,19.000,18,19,220,220,1967,8123,8173,,6206,,50,,,,,,50
4188,46,274,6,0,0,0x06,33,20,0,28,17.667,33.000,15.333,19,16,220,220,1967,8173,8223,,6256,,50,,,,,,50
4189,46,274,6,0,0,0x06,33,20,0,28,17.667,33.000,15.333,16,16,220,220,1967,8223,8273,,6306,,50,,,,,,50
4190,46,274,6,0,0,0x06,31,20,0,27,17.000,31.000,14.000,16,14,220,220,1967,8273,8323,,6356,,50,,,,,,50
4191,46,274,6,0,0,0x06,30,20,0,27,16.667,30.000,13.333,14,14,220,220,1967,8323,8373,,6406,,50,,,,,,50
4192,46,274,6,0,0,0x06,29,20,0,26,16.333,29.000,12.667,14,13,220,220,1967,8373,8423,,6456,,50,,,,,,50
4193,46,274,6,0,0,0x06,28,20,0,26,16.000,28.000,12.000,13,12,220,220,1967,8423,8473,,6506,,50,,,,,,50
4194,46,274,6,0,0,0x06,27,20,0,26,15.667,27.000,11.333,12,12,220,220,1967,8473,8523,,6556,,50,,,,,,50
4195,46,274,6,0,0,0x06,26,19,0,25,15.000,26.000,11.000,12,11,220,220,1967,8523,8573,,6606,,50,,,,,,50
4196,46,274,6,0,0,0x06,24,19,0,25,14.333,24.000,9.667,11,10,220,220,1967,8573,8623,,6656,,50,,,,,,50
4197,46,274,6,0,0,0x06,23,19,0,24,14.000,23.000,9.000,10,9,220,220,1967,8623,8673,,6706,,50,,,,,,50
4198,46,274,6,0,0,0x06,23,19,0,24,14.000,23.000,9.000,9,9,220,220,1967,8673,8723,,6756,,50,,,,,,50
4199,46,274,6,0,0,0x06,21,19,0,23,13.333,21.000,7.667,9,8,220,220,1967,8723,8773,,6806,,50,,,,,,50
4200,46,274,6,0,0,0x06,20,19,0,23,13.000,20.000,7.000,8,7,220,220,1967,8773,8823,,6856,,50,,,,,,50
4201,46,275,1,0,0,0x01,0,18,0,5,6.000,0.000,-6.000,-6,-6,220,220,9301,14873,14923,,5622,,50,,,,,,50
4202,46,275,1,0,0,0x01,0,18,0,5,6.000,0.000,-6.000,-6,-6,220,220,9301,14923,14973,,5672,,50,,,,,,50
4203,46,275,1,0,0,0x01,0,18,0,6,6.000,0.000,-6.000,-6,-6,220,220,9301,14973,15023,,5722,,50,,,,,,50
4204,46,275,1,0,0,0x01,0,18,0,6,6.000,0.000,-6.000,-6,-6,220,220,9301,15023,15073,,5772,,50,,,,,,50
4205,46,275,1,0,0,0x01,0,18,0,7,6.000,0.000,-6.000,-6,-6,220,220,9301,15073,15123,,5822,,50,,,,,,50
4206,46,275,1,0,0,0x01,3,18,0,8,7.000,0.000,-7.000,-6,-7,220,220,9301,15123,15173,,5872,,50,,,,,,50
4207,46,275,1,0,0,0x01,0,18,0,7,6.000,0.000,-6.000,-7,-6,220,220,9301,15173,15223,,5922,,50,,,,,,50
4208,46,275,1,0,0,0x01,0,18,0,8,6.000,0.000,-6.000,-6,-6,220,220,9301,15223,15273,,5972,,50,,,,,,50
4209,46,275,1,0,0,0x01,0,19,0,8,6.333,0.000,-6.333,-6,-6,220,220,9301,15273,15323,,6022,,50,,,,,,50
4210,46,275,1,0,0,0x01,0,18,0,8,6.000,0.000,-6.000,-6,-6,220,220,9301,15323,15373,,6072,,50,,,,,,50
4211,46,275,1,0,0,0x01,0,18,0,9,6.000,0.000,-6.000,-6,-6,220,220,9301,15373,15423,,6122,,50,,,,,,50
4212,46,275,1,0,0,0x01,0,18,0,9,6.000,0.000,-6.000,-6,-6,220,220,9301,15423,15473,,6172,,50,,,,,,50
4213,46,275,1,0,0,0x01,0,18,0,9,6.000,0.000,-6.000,-6,-6,220,220,9301,15473,15523,,6222,,50,,,,,,50
4214,46,275,1,0,0,0x01,0,18,0,10,6.000,0.000,-6.000,-6,-6,220,220,9301,15523,15573,,6272,,50,,,,,,50
4215,46,275,1,0,0,0x01,0,18,0,10,6.000,0.000,-6.000,-6,-6,220,220,9301,15573,15623,,6322,,50,,,,,,50
4216,46,275,1,0,0,0x01,0,19,0,11,6.333,0.000,-6.333,-6,-6,220,220,9301,15623,15673,,6372,,50,,,,,,50
4217,46,275,1,0,0,0x01,0,18,0,11,6.000,0.000,-6.000,-6,-6,220,220,9301,15673,15723,,6422,,50,,,,,,50
4218,46,275,1,0,0,0x01,0,19,0,12,6.333,0.000,-6.333,-6,-6,220,220,9301,15723,15773,,6472,,50,,,,,,50
4219,46,275,1,0,0,0x01,0,18,0,12,6.000,0.000,-6.000,-6,-6,220,220,9301,15773,15823,,6522,,50,,,,,,50
4220,46,275,1,0,0,0x01,0,18,0,12,6.000,0.000,-6.000,-6,-6,220,220,9301,15823,15873,,6572,,50,,,,,,50
4221,46,276,2,0,0,0x02,3,66,22,40,30.333,66.000,35.667,36,36,220,220,16366,21923,21973,,5607,,50,,,,,,50
4222,46,276,2,0,0,0x02,3,64,22,40,29.667,64.000,34.333,36,35,220,220,16366,21973,22023,,5657,,50,,,,,,50
4223,46,276,2,0,0,0x02,3,63,22,40,29.333,63.000,33.667,35,34,220,220,16366,22023,22073,,5707,,50,,,,,,50
4224,46,276,2,0,0,0x02,3,62,21,39,28.667,62.000,33.333,34,34,220,220,16366,22073,22123,,5757,,50,,,,,,50
4225,46,276,2,0,0,0x02,7,61,22,40,30.000,61.000,31.000,34,31,220,220,16366,22123,22173,,5807,,50,,,,,,50
4226,46,276,2,0,0,0x02,3,60,21,39,28.000,60.000,32.000,31,32,220,220,16366,22173,22223,,5857,,50,,,,,,50
4227,46,276,2,0,0,0x02,3,59,21,38,27.667,59.000,31.333,32,32,220,220,16366,22223,22273,,5907,,50,,,,,,50
4228,46,276,2,0,0,0x02,2,58,21,38,27.000,58.000,31.000,32,31,220,220,16366,22273,22323,,5957,,50,,,,,,50
4229,46,276,2,0,0,0x02,3,57,21,38,27.000,57.000,30.000,31,30,220,220,16366,22323,22373,,6007,,50,,,,,,50
4230,46,276,2,0,0,0x02,2,56,21,37,26.333,56.000,29.667,30,30,220,220,16366,22373,22423,,6057,,50,,,,,,50
4231,46,276,2,0,0,0x02,2,55,21,37,26.000,55.000,29.000,30,29,220,220,16366,22423,22473,,6107,,50,,,,,,50
4232,46,276,2,0,0,0x02,2,54,21,36,25.667,54.000,28.333,29,29,220,220,16366,22473,22523,,6157,,50,,,,,,50
4233,46,276,2,0,0,0x02,3,53,21,36,25.667,53.000,27.333,29,28,220,220,16366,22523,22573,,6207,,50,,,,,,50
4234,46,276,2,0,0,0x02,3,51,21,35,25.000,51.000,26.000,28,26,220,220,16366,22573,22623,,6257,,50,,,,,,50
4235,46,276,2,0,0,0x02,3,50,21,35,24.667,50.000,25.333,26,26,220,220,16366,22623,22673,,6307,,50,,,,,,50
4236,46,276,2,0,0,0x02,2,50,20,35,24.000,50.000,26.000,26,26,220,220,16366,22673,22723,,6357,,50,,,,,,50
4237,46,276,2,0,0,0x02,2,49,20,35,23.667,49.000,25.333,26,26,220,220,16366,22723,22773,,6407,,50,,,,,,50
4238,46,276,2,0,0,0x02,2,48,20,34,23.333,48.000,24.667,26,25,220,220,16366,22773,22823,,6457,,50,,,,,,50
4239,46,276,2,0,0,0x02,2,46,20,34,22.667,46.000,23.333,25,24,220,220,16366,22823,22873,,6507,,50,,,,,,50
4240,46,276,2,0,0,0x02,2,46,20,33,22.667,46.000,23.333,24,24,220,220,16366,22873,22923,,6557,,50,,,,,,50
4241,47,277,3,0,0,0x03,0,0,17,9,5.667,0.000,-5.667,-5,-5,220,220,23450,28973,29023,,5573,,50,,,,,,50
4242,47,277,3,0,0,0x03,0,0,17,9,5.667,0.000,-5.667,-5,-5,220,220,23450,29023,29073,,5623,,50,,,,,,50
4243,47,277,3,0,0,0x03,0,0,17,9,5.667,0.000,-5.667,-5,-5,220,220,23450,29073,29123,,5673,,50,,,,,,50
4244,47,277,3,0,0,0x03,0,0,17,10,5.667,0.000,-5.667,-5,-5,220,220,23450,29123,29173,,5723,,50,,,,,,50
4245,47,277,3,0,0,0x03,0,0,17,10,5.667,0.000,-5.667,-5,-5,220,220,23450,29173,29223,,5773,,50,,,,,,50
4246,47,277,3,0,0,0x03,0,0,17,10,5.667,0.000,-5.667,-5,-5,220,220,23450,29223,29273,,5823,,50,,,,,,50
4247,47,277,3,0,0,0x03,0,0,17,11,5.667,0.000,-5.667,-5,-5,220,220,23450,29273,29323,,5873,,50,,,,,,50
4248,47,277,3,0,0,0x03,0,0,17,11,5.667,0.000,-5.667,-5,-5,220,220,23450,29323,29373,,5923,,50,,,,,,50
4249,47,277,3,0,0,0x03,0,0,17,11,5.667,0.000,-5.667,-5,-5,220,220,23450,29373,29423,,5973,,50,,,,,,50
4250,47,277,3,0,0,0x03,0,0,17,11,5.667,0.000,-5.667,-5,-5,220,220,23450,29423,29473,,6023,,50,,,,,,50
4251,47,277,3,0,0,0x03,0,0,17,12,5.667,0.000,-5.667,-5,-5,220,220,23450,29473,29523,,6073,,50,,,,,,50
4252,47,277,3,0,0,0x03,0,0,17,12,5.667,0.000,-5.667,-5,-5,220,220,23450,29523,29573,,6123,,50,,,,,,50
4253,47,277,3,0,0,0x03,0,0,17,12,5.667,0.000,-5.667,-5,-5,220,220,23450,29573,29623,,6173,,50,,,,,,50
4254,47,277,3,0,0,0x03,0,0,17,13,5.667,0.000,-5.667,-5,-5,220,220,23450,29623,29673,,6223,,50,,,,,,50
4255,47,277,3,0,0,0x03,0,0,16,13,5.333,0.000,-5.333,-5,-5,220,220,23450,29673,29723,,6273,,50,,,,,,50
4256,47,277,3,0,0,0x03,0,0,17,13,5.667,0.000,-5.667,-5,-5,220,220,23450,29723,29773,,6323,,50,,,,,,50
4257,47,277,3,0,0,0x03,0,0,17,13,5.667,0.000,-5.667,-5,-5,220,220,23450,29773,29823,,6373,,50,,,,,,50
4258,47,277,3,0,0,0x03,0,0,17,14,5.667,0.000,-5.667,-5,-5,220,220,23450,29823,29873,,6423,,50,,,,,,50
4259,47,277,3,0,0,0x03,0,0,17,14,5.667,0.000,-5.667,-5,-5,220,220,23450,29873,29923,,6473,,50,,,,,,50
4260,47,277,3,0,0,0x03,0,0,17,14,5.667,0.000,-5.667,-5,-5,220,220,23450,29923,29973,,6523,,50,,,,,,50
4261,47,278,4,0,0,0x04,23,0,40,32,21.000,40.000,19.000,20,19,220,220,30515,36023,36073,,5558,,50,,,,,,50
4262,47,278,4,0,0,0x04,23,0,40,32,21.000,40.000,19.000,19,19,220,220,30515,36073,36123,,5608,,50,,,,,,50
4263,47,278,4,0,0,0x04,27,0,38,32,21.667,38.000,16.333,19,17,220,220,30515,36123,36173,,5658,,50,,,,,,50
4264,47,278,4,0,0,0x04,23,0,37,31,20.000,37.000,17.000,17,17,220,220,30515,36173,36223,,5708,,50,,,,,,50
4265,47,278,4,0,0,0x04,23,0,36,30,19.667,36.000,16.333,17,17,220,220,30515,36223,36273,,5758,,50,,,,,,50
4266,47,278,4,0,0,0x04,23,0,35,30,19.333,35.000,15.667,17,16,220,220,30515,36273,36323,,5808,,50,,,,,,50
4267,47,278,4,0,0,0x04,23,0,33,29,18.667,33.000,14.333,16,15,220,220,30515,36323,36373,,5858,,50,,,,,,50
4268,47,278,4,0,0,0x04,22,0,32,29,18.000,32.000,14.000,15,14,220,220,30515,36373,36423,,5908,,50,,,,,,50
4269,47,278,4,0,0,0x04,22,0,32,28,18.000,32.000,14.000,14,14,220,220,30515,36423,36473,,5958,,50,,,,,,50
4270,47,278,4,0,0,0x04,22,0,30,28,17.333,30.000,12.667,14,13,220,220,30515,36473,36523,,6008,,50,,,,,,50
4271,47,278,4,0,0,0x04,22,0,29,27,17.000,29.000,12.000,13,12,220,220,30515,36523,36573,,6058,,50,,,,,,50
4272,47,278,4,0,0,0x04,22,0,27,27,16.333,27.000,10.667,12,11,220,220,30515,36573,36623,,6108,,50,,,,,,50
4273,47,278,4,0,0,0x04,22,0,27,27,16.333,27.000,10.667,11,11,220,220,30515,36623,36673,,6158,,50,,,,,,50
4274,47,278,4,0,0,0x04,22,0,26,26,16.000,26.000,10.000,11,10,220,220,30515,36673,36723,,6208,,50,,,,,,50
4275,47,278,4,0,0,0x04,22,0,24,26,15.333,24.000,8.667,10,9,220,220,30515,36723,36773,,6258,,50,,,,,,50
4276,47,278,4,0,0,0x04,22,0,23,25,15.000,23.000,8.000,9,8,220,220,30515,36773,36823,,6308,,50,,,,,,50
4277,47,278,4,0,0,0x04,22,0,23,25,15.000,23.000,8.000,8,8,220,220,30515,36823,36873,,6358,,50,,,,,,50
4278,47,278,4,0,0,0x04,21,0,21,25,14.000,21.000,7.000,8,7,220,220,30515,36873,36923,,6408,,50,,,,,,50
4279,47,278,4,0,0,0x04,21,0,20,24,13.667,20.000,6.333,7,7,220,220,30515,36923,36973,,6458,,50,,,,,,50
4280,47,278,4,0,0,0x04,22,0,18,24,13.333,18.000,4.667,7,5,220,220,30515,36973,37023,,6508,,50,,,,,,50
4281,47,279,5,0,0,0x05,18,0,0,0,6.000,0.000,-6.000,-6,-6,220,220,37600,43073,43123,,5523,,50,,,,,,50
4282,47,279,5,0,0,0x05,22,0,0,0,7.333,0.000,-7.333,-6,-7,220,220,37600,43123,43173,,5573,,50,,,,,,50
4283,47,279,5,0,0,0x05,18,0,0,0,6.000,0.000,-6.000,-7,-6,220,220,37600,43173,43223,,5623,,50,,,,,,50
4284,47,279,5,0,0,0x05,18,0,0,0,6.000,0.000,-6.000,-6,-6,220,220,37600,43223,43273,,5673,,50,,,,,,50
4285,47,279,5,0,0,0x05,18,0,0,0,6.000,0.000,-6.000,-6,-6,220,220,37600,43273,43323,,5723,,50,,,,,,50
4286,47,279,5,0,0,0x05,18,0,0,0,6.000,0.000,-6.000,-6,-6,220,220,37600,43323,43373,,5773,,50,,,,,,50
4287,47,279,5,0,0,0x05,18,0,0,0,6.000,0.000,-6.000,-6,-6,220,220,37600,43373,43423,,5823,,50,,,,,,50
4288,47,279,5,0,0,0x05,18,0,0,0,6.000,0.000,-6.000,-6,-6,220,220,37600,43423,43473,,5873,,50,,,,,,50
4289,47,279,5,0,0,0x05,18,0,0,0,6.000,0.000,-6.000,-6,-6,220,220,37600,43473,43523,,5923,,50,,,,,,50
4290,47,279,5,0,0,0x05,18,0,0,0,6.000,0.000,-6.000,-6,-6,220,220,37600,43523,43573,,5973,,50,,,,,,50
4291,47,279,5,0,0,0x05,18,0,0,0,6.000,0.000,-6.000,-6,-6,220,220,37600,43573,43623,,6023,,50,,,,,,50
4292,47,279,5,0,0,0x05,18,0,0,0,6.000,0.000,-6.000,-6,-6,220,220,37600,43623,43673,,6073,,50,,,,,,50
4293,47,279,5,0,0,0x05,19,0,0,1,6.333,0.000,-6.333,-6,-6,220,220,37600,43673,43723,,6123,,50,,,,,,50
4294,47,279,5,0,0,0x05,19,0,0,1,6.333,0.000,-6.333,-6,-6,220,220,37600,43723,43773,,6173,,50,,,,,,50
4295,47,279,5,0,0,0x05,19,0,0,1,6.333,0.000,-6.333,-6,-6,220,220,37600,43773,43823,,6223,,50,,,,,,50
4296,47,279,5,0,0,0x05,19,0,0,1,6.333,0.000,-6.333,-6,-6,220,220,37600,43823,43873,,6273,,50,,,,,,50
4297,47,279,5,0,0,0x05,19,0,0,2,6.333,0.000,-6.333,-6,-6,220,220,37600,43873,43923,,6323,,50,,,,,,50
4298,47,279,5,0,0,0x05,18,0,0,2,6.000,0.000,-6.000,-6,-6,220,220,37600,43923,43973,,6373,,50,,,,,,50
4299,47,279,5,0,0,0x05,19,0,0,2,6.333,0.000,-6.333,-6,-6,220,220,37600,43973,44023,,6423,,50,,,,,,50
4300,47,279,5,0,0,0x05,19,0,0,3,6.333,0.000,-6.333,-6,-6,220,220,37600,44023,44073,,6473,,50,,,,,,50
4301,47,280,6,0,0,0x06,37,20,0,28,19.000,37.000,18.000,16,18,220,220,44664,50123,50173,,5509,,50,,,,,,50
4302,47,280,6,0,0,0x06,32,20,0,27,17.333,32.000,14.667,18,15,220,220,44664,50173,50223,,5559,,50,,,,,,50
4303,47,280,6,0,0,0x06,31,20,0,27,17.000,31.000,14.000,15,14,220,220,44664,50223,50273,,5609,,50,,,,,,50
4304,47,280,6,0,0,0x06,30,20,0,26,16.667,30.000,13.333,14,14,220,220,44664,50273,50323,,5659,,50,,,,,,50
4305,47,280,6,0,0,0x06,29,20,0,26,16.333,29.000,12.667,14,13,220,220,44664,50323,50373,,5709,,50,,,,,,50
4306,47,280,6,0,0,0x06,28,19,0,26,15.667,28.000,12.333,13,13,220,220,44664,50373,50423,,5759,,50,,,,,,50
4307,47,280,6,0,0,0x06,28,20,0,26,16.000,28.000,12.000,13,12,220,220,44664,50423,50473,,5809,,50,,,,,,50
4308,47,280,6,0,0,0x06,26,19,0,25,15.000,26.000,11.000,12,11,220,220,44664,50473,50523,,5859,,50,,,,,,50
4309,47,280,6,0,0,0x06,25,20,0,25,15.000,25.000,10.000,11,10,220,220,44664,50523,50573,,5909,,50,,,,,,50
4310,47,280,6,0,0,0x06,24,19,0,25,14.333,24.000,9.667,10,10,220,220,44664,50573,50623,,5959,,50,,,,,,50
4311,47,280,6,0,0,0x06,24,19,0,25,14.333,24.000,9.667,10,10,220,220,44664,50623,50673,,6009,,50,,,,,,50
4312,47,280,6,0,0,0x06,22,19,0,24,13.667,22.000,8.333,10,9,220,220,44664,50673,50723,,6059,,50,,,,,,50
4313,47,280,6,0,0,0x06,21,19,0,23,13.333,21.000,7.667,9,8,220,220,44664,50723,50773,,6109,,50,,,,,,50
4314,47,280,6,0,0,0x06,21,19,0,23,13.333,21.000,7.667,8,8,220,220,44664,50773,50823,,6159,,50,,,,,,50
4315,47,280,6,0,0,0x06,20,19,0,23,13.000,20.000,7.000,8,7,220,220,44664,50823,50873,,6209,,50,,,,,,50
4316,47,280,6,0,0,0x06,19,18,0,22,12.333,19.000,6.667,7,7,220,220,44664,50873,50923,,6259,,50,,,,,,50
4317,47,280,6,0,0,0x06,18,19,0,22,12.333,18.000,5.667,7,6,220,220,44664,50923,50973,,6309,,50,,,,,,50
4318,47,280,6,0,0,0x06,17,18,0,22,11.667,17.000,5.333,6,6,220,220,44664,50973,51023,,6359,,50,,,,,,50
4319,47,280,6,0,0,0x06,16,19,0,22,11.667,16.000,4.333,6,5,220,220,44664,51023,51073,,6409,,50,,,,,,50
4320,47,280,6,0,0,0x06,15,19,0,21,11.333,15.000,3.667,5,4,220,220,44664,51073,51123,,6459,,50,,,,,,50
4321,47,281,1,0,0,0x01,0,18,0,3,6.000,0.000,-6.000,-6,-6,220,220,51748,57173,57223,,5475,,50,,,,,,50
4322,47,281,1,0,0,0x01,0,17,0,4,5.667,0.000,-5.667,-6,-5,220,220,51748,57223,57273,,5525,,50,,,,,,50
4323,47,281,1,0,0,0x01,0,18,0,4,6.000,0.000,-6.000,-5,-6,220,220,51748,57273,57323,,5575,,50,,,,,,50
4324,47,281,1,0,0,0x01,0,18,0,4,6.000,0.000,-6.000,-6,-6,220,220,51748,57323,57373,,5625,,50,,,,,,50
4325,47,281,1,0,0,0x01,0,18,0,5,6.000,0.000,-6.000,-6,-6,220,220,51748,57373,57423,,5675,,50,,,,,,50
4326,47,281,1,0,0,0x01,0,18,0,5,6.000,0.000,-6.000,-6,-6,220,220,51748,57423,57473,,5725,,50,,,,,,50
4327,47,281,1,0,0,0x01,0,18,0,6,6.000,0.000,-6.000,-6,-6,220,220,51748,57473,57523,,5775,,50,,,,,,50
4328,47,281,1,0,0,0x01,0,18,0,6,6.000,0.000,-6.000,-6,-6,220,220,51748,57523,57573,,5825,,50,,,,,,50
4329,47,281,1,0,0,0x01,0,18,0,7,6.000,0.000,-6.000,-6,-6,220,220,51748,57573,57623,,5875,,50,,,,,,50
4330,47,281,1,0,0,0x01,0,18,0,7,6.000,0.000,-6.000,-6,-6,220,220,51748,57623,57673,,5925,,50,,,,,,50
4331,47,281,1,0,0,0x01,0,18,0,8,6.000,0.000,-6.000,-6,-6,220,220,51748,57673,57723,,5975,,50,,,,,,50
4332,47,281,1,0,0,0x01,0,18,0,8,6.000,0.000,-6.000,-6,-6,220,220,51748,57723,57773,,6025,,50,,,,,,50
4333,47,281,1,0,0,0x01,0,18,0,9,6.000,0.000,-6.000,-6,-6,220,220,51748,57773,57823,,6075,,50,,,,,,50
4334,47,281,1,0,0,0x01,0,18,0,10,6.000,0.000,-6.000,-6,-6,220,220,51748,57823,57873,,6125,,50,,,,,,50
4335,47,281,1,0,0,0x01,0,18,0,10,6.000,0.000,-6.000,-6,-6,220,220,51748,57873,57923,,6175,,50,,,,,,50
4336,47,281,1,0,0,0x01,0,19,0,10,6.333,0.000,-6.333,-6,-6,220,220,51748,57923,57973,,6225,,50,,,,,,50
4337,47,281,1,0,0,0x01,0,19,0,11,6.333,0.000,-6.333,-6,-6,220,220,51748,57973,58023,,6275,,50,,,,,,50
4338,47,281,1,0,0,0x01,0,19,0,12,6.333,0.000,-6.333,-6,-6,220,220,51748,58023,58073,,6325,,50,,,,,,50
4339,47,281,1,0,0,0x01,0,19,0,12,6.333,0.000,-6.333,-6,-6,220,220,51748,58073,58123,,6375,,50,,,,,,50
4340,47,281,1,0,0,0x01,4,18,0,13,7.333,0.000,-7.333,-6,-7,220,220,51748,58123,58173,,6425,,50,,,,,,50
4341,47,282,2,0,0,0x02,4,61,21,39,28.667,61.000,32.333,34,33,220,220,58812,64223,64273,,5461,,50,,,,,,50
4342,47,282,2,0,0,0x02,3,60,21,38,28.000,60.000,32.000,33,32,220,220,58812,64273,64323,,5511,,50,,,,,,50
4343,47,282,2,0,0,0x02,3,60,21,38,28.000,60.000,32.000,32,32,220,220,58812,64323,64373,,5561,,50,,,,,,50
4344,47,282,2,0,0,0x02,3,59,21,38,27.667,59.000,31.333,32,32,220,220,58812,64373,64423,,5611,,50,,,,,,50
4345,47,282,2,0,0,0x02,3,58,21,38,27.333,58.000,30.667,32,31,220,220,58812,64423,64473,,5661,,50,,,,,,50
4346,47,282,2,0,0,0x02,3,57,21,38,27.000,57.000,30.000,31,30,220,220,58812,64473,64523,,5711,,50,,,,,,50
4347,47,282,2,0,0,0x02,3,57,21,38,27.000,57.000,30.000,30,30,220,220,58812,64523,64573,,5761,,50,,,,,,50
4348,47,282,2,0,0,0x02,3,57,21,37,27.000,57.000,30.000,30,30,220,220,58812,64573,64623,,5811,,50,,,,,,50
4349,47,282,2,0,0,0x02,3,56,21,37,26.667,56.000,29.333,30,30,220,220,58812,64623,64673,,5861,,50,,,,,,50
4350,47,282,2,0,0,0x02,3,55,21,37,26.333,55.000,28.667,30,29,220,220,58812,64673,64723,,5911,,50,,,,,,50
4351,47,282,2,0,0,0x02,3,55,21,37,26.333,55.000,28.667,29,29,220,220,58812,64723,64773,,5961,,50,,,,,,50
4352,47,282,2,0,0,0x02,3,54,21,36,26.000,54.000,28.000,29,28,220,220,58812,64773,64823,,6011,,50,,,,,,50
4353,47,282,2,0,0,0x02,3,53,21,36,25.667,53.000,27.333,28,28,220,220,58812,64823,64873,,6061,,50,,,,,,50
4354,47,282,2,0,0,0x02,3,52,21,36,25.333,52.000,26.667,28,27,220,220,58812,64873,64923,,6111,,50,,,,,,50
4355,47,282,2,0,0,0x02,3,52,20,36,25.000,52.000,27.000,27,27,220,220,58812,64923,64973,,6161,,50,,,,,,50
4356,47,282,2,0,0,0x02,3,51,20,35,24.667,51.000,26.333,27,27,220,220,58812,64973,65023,,6211,,50,,,,,,50
4357,47,282,2,0,0,0x02,2,50,21,35,24.333,50.000,25.667,27,26,220,220,58812,65023,65073,,6261,,50,,,,,,50
4358,47,282,2,0,0,0x02,3,50,20,34,24.333,50.000,25.667,26,26,220,220,58812,65073,65123,,6311,,50,,,,,,50
4359,47,282,2,0,0,0x02,7,49,20,35,25.333,49.000,23.667,26,24,220,220,58812,65123,65173,,6361,,50,,,,,,50
4360,47,282,2,0,0,0x02,3,48,20,34,23.667,48.000,24.333,24,25,220,220,58812,65173,65223,,6411,,50,,,,,,50
4361,48,283,3,0,0,0x03,0,0,16,5,5.333,0.000,-5.333,-5,-5,220,220,359,5737,5787,,5428,,50,,,,,,50
4362,48,283,3,0,0,0x03,0,0,17,6,5.667,0.000,-5.667,-5,-5,220,220,359,5787,5837,,5478,,50,,,,,,50
4363,48,283,3,0,0,0x03,0,0,16,6,5.333,0.000,-5.333,-5,-5,220,220,359,5837,5887,,5528,,50,,,,,,50
4364,48,283,3,0,0,0x03,0,0,16,7,5.333,0.000,-5.333,-5,-5,220,220,359,5887,5937,,5578,,50,,,,,,50
4365,48,283,3,0,0,0x03,0,0,16,7,5.333,0.000,-5.333,-5,-5,220,220,359,5937,5987,,5628,,50,,,,,,50
4366,48,283,3,0,0,0x03,0,0,17,8,5.667,0.000,-5.667,-5,-5,220,220,359,5987,6037,,5678,,50,,,,,,50
4367,48,283,3,0,0,0x03,0,0,16,8,5.333,0.000,-5.333,-5,-5,220,220,359,6037,6087,,5728,,50,,,,,,50
4368,48,283,3,0,0,0x03,0,0,16,8,5.333,0.000,-5.333,-5,-5,220,220,359,6087,6137,,5778,,50,,,,,,50
4369,48,283,3,0,0,0x03,0,0,17,9,5.667,0.000,-5.667,-5,-5,220,220,359,6137,6187,,5828,,50,,,,,,50
4370,48,283,3,0,0,0x03,0,0,17,9,5.667,0.000,-5.667,-5,-5,220,220,359,6187,6237,,5878,,50,,,,,,50
4371,48,283,3,0,0,0x03,0,0,17,10,5.667,0.000,-5.667,-5,-5,220,220,359,6237,6287,,5928,,50,,,,,,50
4372,48,283,3,0,0,0x03,0,0,17,10,5.667,0.000,-5.667,-5,-5,220,220,359,6287,6337,,5978,,50,,,,,,50
4373,48,283,3,0,0,0x03,0,0,17,11,5.667,0.000,-5.667,-5,-5,220,220,359,6337,6387,,6028,,50,,,,,,50
4374,48,283,3,0,0,0x03,0,0,17,11,5.667,0.000,-5.667,-5,-5,220,220,359,6387,6437,,6078,,50,,,,,,50
4375,48,283,3,0,0,0x03,0,0,17,11,5.667,0.000,-5.667,-5,-5,220,220,359,6437,6487,,6128,,50,,,,,,50
4376,48,283,3,0,0,0x03,0,0,17,12,5.667,0.000,-5.667,-5,-5,220,220,359,6487,6537,,6178,,50,,,,,,50
4377,48,283,3,0,0,0x03,0,0,17,12,5.667,0.000,-5.667,-5,-5,220,220,359,6537,6587,,6228,,50,,,,,,50
4378,48,283,3,0,0,0x03,0,0,17,13,5.667,0.000,-5.667,-5,-5,220,220,359,6587,6637,,6278,,50,,,,,,50
4379,48,283,3,0,0,0x03,0,0,17,13,5.667,0.000,-5.667,-5,-5,220,220,359,6637,6687,,6328,,50,,,,,,50
4380,48,283,3,0,0,0x03,0,0,17,14,5.667,0.000,-5.667,-5,-5,220,220,359,6687,6737,,6378,,50,,,,,,50
4381,48,284,4,0,0,0x04,24,0,47,34,23.667,47.000,23.333,24,24,220,220,7424,12787,12837,,5413,,50,,,,,,50
4382,48,284,4,0,0,0x04,23,0,46,34,23.000,46.000,23.000,24,23,220,220,7424,12837,12887,,5463,,50,,,,,,50
4383,48,284,4,0,0,0x04,23,0,45,33,22.667,45.000,22.333,23,23,220,220,7424,12887,12937,,5513,,50,,,,,,50
4384,48,284,4,0,0,0x04,23,0,44,33,22.333,44.000,21.667,23,22,220,220,7424,12937,12987,,5563,,50,,,,,,50
4385,48,284,4,0,0,0x04,23,0,43,33,22.000,43.000,21.000,22,21,220,220,7424,12987,13037,,5613,,50,,,,,,50
4386,48,284,4,0,0,0x04,23,0,42,32,21.667,42.000,20.333,21,21,220,220,7424,13037,13087,,5663,,50,,,,,,50
4387,48,284,4,0,0,0x04,23,0,41,32,21.333,41.000,19.667,21,20,220,220,7424,13087,13137,,5713,,50,,,,,,50
4388,48,284,4,0,0,0x04,23,0,41,32,21.333,41.000,19.667,20,20,220,220,7424,13137,13187,,5763,,50,,,,,,50
4389,48,284,4,0,0,0x04,23,0,40,32,21.000,40.000,19.000,20,19,220,220,7424,13187,13237,,5813,,50,,,,,,50
4390,48,284,4,0,0,0x04,23,0,39,32,20.667,39.000,18.333,19,19,220,220,7424,13237,13287,,5863,,50,,,,,,50
4391,48,284,4,0,0,0x04,23,0,38,31,20.333,38.000,17.667,19,18,220,220,7424,13287,13337,,5913,,50,,,,,,50
4392,48,284,4,0,0,0x04,23,0,37,31,20.000,37.000,17.000,18,17,220,220,7424,13337,13387,,5963,,50,,,,,,50
4393,48,284,4,0,0,0x04,23,0,36,30,19.667,36.000,16.333,17,17,220,220,7424,13387,13437,,6013,,50,,,,,,50
4394,48,284,4,0,0,0x04,22,0,35,30,19.000,35.000,16.000,17,16,220,220,7424,13437,13487,,6063,,50,,,,,,50
4395,48,284,4,0,0,0x04,23,0,34,30,19.000,34.000,15.000,16,15,220,220,7424,13487,13537,,6113,,50,,,,,,50
4396,48,284,4,0,0,0x04,23,0,33,29,18.667,33.000,14.333,15,15,220,220,7424,13537,13587,,6163,,50,,,,,,50
4397,48,284,4,0,0,0x04,27,0,32,29,19.667,32.000,12.333,15,13,220,220,7424,13587,13637,,6213,,50,,,,,,50
4398,48,284,4,0,0,0x04,22,0,31,28,17.667,31.000,13.333,13,14,220,220,7424,13637,13687,,6263,,50,,,,,,50
4399,48,284,4,0,0,0x04,22,0,30,28,17.333,30.000,12.667,14,13,220,220,7424,13687,13737,,6313,,50,,,,,,50
4400,48,284,4,0,0,0x04,22,0,30,28,17.333,30.000,12.667,13,13,220,220,7424,13737,13787,,6363,,50,,,,,,50
4401,48,285,5,0,0,0x05,18,0,0,1,6.000,0.000,-6.000,-6,-6,220,220,14509,19837,19887,,5378,,50,,,,,,50
4402,48,285,5,0,0,0x05,18,0,0,1,6.000,0.000,-6.000,-6,-6,220,220,14509,19887,19937,,5428,,50,,,,,,50
4403,48,285,5,0,0,0x05,19,0,0,2,6.333,0.000,-6.333,-6,-6,220,220,14509,19937,19987,,5478,,50,,,,,,50
4404,48,285,5,0,0,0x05,18,0,0,2,6.000,0.000,-6.000,-6,-6,220,220,14509,19987,20037,,5528,,50,,,,,,50
4405,48,285,5,0,0,0x05,18,0,0,3,6.000,0.000,-6.000,-6,-6,220,220,14509,20037,20087,,5578,,50,,,,,,50
4406,48,285,5,0,0,0x05,18,0,0,3,6.000,0.000,-6.000,-6,-6,220,220,14509,20087,20137,,5628,,50,,,,,,50
4407,48,285,5,0,0,0x05,19,0,0,3,6.333,0.000,-6.333,-6,-6,220,220,14509,20137,20187,,5678,,50,,,,,,50
4408,48,285,5,0,0,0x05,19,0,0,3,6.333,0.000,-6.333,-6,-6,220,220,14509,20187,20237,,5728,,50,,,,,,50
4409,48,285,5,0,0,0x05,19,0,0,4,6.333,0.000,-6.333,-6,-6,220,220,14509,20237,20287,,5778,,50,,,,,,50
4410,48,285,5,0,0,0x05,19,0,0,4,6.333,0.000,-6.333,-6,-6,220,220,14509,20287,20337,,5828,,50,,,,,,50
4411,48,285,5,0,0,0x05,19,0,0,5,6.333,0.000,-6.333,-6,-6,220,220,14509,20337,20387,,5878,,50,,,,,,50
4412,48,285,5,0,0,0x05,19,0,0,5,6.333,0.000,-6.333,-6,-6,220,220,14509,20387,20437,,5928,,50,,,,,,50
4413,48,285,5,0,0,0x05,19,0,0,5,6.333,0.000,-6.333,-6,-6,220,220,14509,20437,20487,,5978,,50,,,,,,50
4414,48,285,5,0,0,0x05,19,0,0,6,6.333,0.000,-6.333,-6,-6,220,220,14509,20487,20537,,6028,,50,,,,,,50
4415,48,285,5,0,0,0x05,19,0,0,6,6.333,0.000,-6.333,-6,-6,220,220,14509,20537,20587,,6078,,50,,,,,,50
4416,48,285,5,0,0,0x05,23,0,0,7,7.667,0.000,-7.667,-6,-7,220,220,14509,20587,20637,,6128,,50,,,,,,50
4417,48,285,5,0,0,0x05,19,0,0,7,6.333,0.000,-6.333,-7,-6,220,220,14509,20637,20687,,6178,,50,,,,,,50
4418,48,285,5,0,0,0x05,19,0,0,7,6.333,0.000,-6.333,-6,-6,220,220,14509,20687,20737,,6228,,50,,,,,,50
4419,48,285,5,0,0,0x05,19,0,0,8,6.333,0.000,-6.333,-6,-6,220,220,14509,20737,20787,,6278,,50,,,,,,50
4420,48,285,5,0,0,0x05,19,0,0,8,6.333,0.000,-6.333,-6,-6,220,220,14509,20787,20837,,6328,,50,,,,,,50
4421,48,286,6,0,0,0x06,55,22,0,36,25.667,55.000,29.333,30,30,220,220,21577,26887,26937,,5360,,50,,,,,,50
4422,48,286,6,0,0,0x06,53,21,0,36,24.667,53.000,28.333,30,29,220,220,21577,26937,26987,,5410,,50,,,,,,50
4423,48,286,6,0,0,0x06,52,22,0,35,24.667,52.000,27.333,29,28,220,220,21577,26987,27037,,5460,,50,,,,,,50
4424,48,286,6,0,0,0x06,52,21,0,34,24.333,52.000,27.667,28,28,220,220,21577,27037,27087,,5510,,50,,,,,,50
4425,48,286,6,0,0,0x06,51,21,0,35,24.000,51.000,27.000,28,27,220,220,21577,27087,27137,,5560,,50,,,,,,50
4426,48,286,6,0,0,0x06,50,21,0,34,23.667,50.000,26.333,27,27,220,220,21577,27137,27187,,5610,,50,,,,,,50
4427,48,286,6,0,0,0x06,49,21,0,34,23.333,49.000,25.667,27,26,220,220,21577,27187,27237,,5660,,50,,,,,,50
4428,48,286,6,0,0,0x06,48,21,0,34,23.000,48.000,25.000,26,25,220,220,21577,27237,27287,,5710,,50,,,,,,50
4429,48,286,6,0,0,0x06,48,21,0,34,23.000,48.000,25.000,25,25,220,220,21577,27287,27337,,5760,,50,,,,,,50
4430,48,286,6,0,0,0x06,46,21,0,33,22.333,46.000,23.667,25,24,220,220,21577,27337,27387,,5810,,50,,,,,,50
4431,48,286,6,0,0,0x06,46,21,0,33,22.333,46.000,23.667,24,24,220,220,21577,27387,27437,,5860,,50,,,,,,50
4432,48,286,6,0,0,0x06,45,21,0,32,22.000,45.000,23.000,24,23,220,220,21577,27437,27487,,5910,,50,,,,,,50
4433,48,286,6,0,0,0x06,44,21,0,32,21.667,44.000,22.333,23,23,220,220,21577,27487,27537,,5960,,50,,,,,,50
4434,48,286,6,0,0,0x06,43,21,0,32,21.333,43.000,21.667,23,22,220,220,21577,27537,27587,,6010,,50,,,,,,50
4435,48,286,6,0,0,0x06,46,21,0,32,22.333,46.000,23.667,22,24,220,220,21577,27587,27637,,6060,,50,,,,,,50
4436,48,286,6,0,0,0x06,41,21,0,31,20.667,41.000,20.333,24,21,220,220,21577,27637,27687,,6110,,50,,,,,,50
4437,48,286,6,0,0,0x06,41,21,0,31,20.667,41.000,20.333,21,21,220,220,21577,27687,27737,,6160,,50,,,,,,50
4438,48,286,6,0,0,0x06,39,21,0,30,20.000,39.000,19.000,21,19,220,220,21577,27737,27787,,6210,,50,,,,,,50
4439,48,286,6,0,0,0x06,39,20,0,30,19.667,39.000,19.333,19,20,220,220,21577,27787,27837,,6260,,50,,,,,,50
4440,48,286,6,0,0,0x06,38,21,0,30,19.667,38.000,18.333,20,19,220,220,21577,27837,27887,,6310,,50,,,,,,50
4441,48,287,1,0,0,0x01,0,18,0,9,6.000,0.000,-6.000,-6,-6,220,220,28662,33937,33987,,5325,,50,,,,,,50
4442,48,287,1,0,0,0x01,0,19,0,9,6.333,0.000,-6.333,-6,-6,220,220,28662,33987,34037,,5375,,50,,,,,,50
4443,48,287,1,0,0,0x01,0,18,0,9,6.000,0.000,-6.000,-6,-6,220,220,28662,34037,34087,,5425,,50,,,,,,50
4444,48,287,1,0,0,0x01,0,18,0,10,6.000,0.000,-6.000,-6,-6,220,220,28662,34087,34137,,5475,,50,,,,,,50
4445,48,287,1,0,0,0x01,0,18,0,11,6.000,0.000,-6.000,-6,-6,220,220,28662,34137,34187,,5525,,50,,,,,,50
4446,48,287,1,0,0,0x01,0,18,0,11,6.000,0.000,-6.000,-6,-6,220,220,28662,34187,34237,,5575,,50,,,,,,50
4447,48,287,1,0,0,0x01,0,19,0,11,6.333,0.000,-6.333,-6,-6,220,220,28662,34237,34287,,5625,,50,,,,,,50
4448,48,287,1,0,0,0x01,0,19,0,11,6.333,0.000,-6.333,-6,-6,220,220,28662,34287,34337,,5675,,50,,,,,,50
4449,48,287,1,0,0,0x01,0,18,0,12,6.000,0.000,-6.000,-6,-6,220,220,28662,34337,34387,,5725,,50,,,,,,50
4450,48,287,1,0,0,0x01,0,19,0,13,6.333,0.000,-6.333,-6,-6,220,220,28662,34387,34437,,5775,,50,,,,,,50
4451,48,287,1,0,0,0x01,0,18,0,13,6.000,0.000,-6.000,-6,-6,220,220,28662,34437,34487,,5825,,50,,,,,,50
4452,48,287,1,0,0,0x01,0,19,0,13,6.333,0.000,-6.333,-6,-6,220,220,28662,34487,34537,,5875,,50,,,,,,50
4453,48,287,1,0,0,0x01,0,19,0,14,6.333,0.000,-6.333,-6,-6,220,220,28662,34537,34587,,5925,,50,,,,,,50
4454,48,287,1,0,0,0x01,4,19,0,14,7.667,0.000,-7.667,-6,-7,220,220,28662,34587,34637,,5975,,50,,,,,,50
4455,48,287,1,0,0,0x01,0,19,0,14,6.333,0.000,-6.333,-7,-6,220,220,28662,34637,34687,,6025,,50,,,,,,50
4456,48,287,1,0,0,0x01,0,19,0,15,6.333,0.000,-6.333,-6,-6,220,220,28662,34687,34737,,6075,,50,,,,,,50
4457,48,287,1,0,0,0x01,0,19,0,15,6.333,0.000,-6.333,-6,-6,220,220,28662,34737,34787,,6125,,50,,,,,,50
4458,48,287,1,0,0,0x01,0,19,0,16,6.333,0.000,-6.333,-6,-6,220,220,28662,34787,34837,,6175,,50,,,,,,50
4459,48,287,1,0,0,0x01,0,19,0,16,6.333,0.000,-6.333,-6,-6,220,220,28662,34837,34887,,6225,,50,,,,,,50
4460,48,287,1,0,0,0x01,0,19,0,16,6.333,0.000,-6.333,-6,-6,220,220,28662,34887,34937,,6275,,50,,,,,,50
4461,48,288,2,0,0,0x02,4,76,22,44,34.000,76.000,42.000,43,42,220,220,35727,40987,41037,,5310,,50,,,,,,50
4462,48,288,2,0,0,0x02,4,76,22,44,34.000,76.000,42.000,42,42,220,220,35727,41037,41087,,5360,,50,,,,,,50
4463,48,288,2,0,0,0x02,4,75,22,44,33.667,75.000,41.333,42,42,220,220,35727,41087,41137,,5410,,50,,,,,,50
4464,48,288,2,0,0,0x02,4,74,22,44,33.333,74.000,40.667,42,41,220,220,35727,41137,41187,,5460,,50,,,,,,50
4465,48,288,2,0,0,0x02,3,73,22,43,32.667,73.000,40.333,41,41,220,220,35727,41187,41237,,5510,,50,,,,,,50
4466,48,288,2,0,0,0x02,3,72,22,43,32.333,72.000,39.667,41,40,220,220,35727,41237,41287,,5560,,50,,,,,,50
4467,48,288,2,0,0,0x02,4,71,22,42,32.333,71.000,38.667,40,39,220,220,35727,41287,41337,,5610,,50,,,,,,50
4468,48,288,2,0,0,0x02,3,70,22,42,31.667,70.000,38.333,39,39,220,220,35727,41337,41387,,5660,,50,,,,,,50
4469,48,288,2,0,0,0x02,3,69,22,42,31.333,69.000,37.667,39,38,220,220,35727,41387,41437,,5710,,50,,,,,,50
4470,48,288,2,0,0,0x02,3,68,21,41,30.667,68.000,37.333,38,38,220,220,35727,41437,41487,,5760,,50,,,,,,50
4471,48,288,2,0,0,0x02,3,67,22,41,30.667,67.000,36.333,38,37,220,220,35727,41487,41537,,5810,,50,,,,,,50
4472,48,288,2,0,0,0x02,3,65,22,41,30.000,65.000,35.000,37,35,220,220,35727,41537,41587,,5860,,50,,,,,,50
4473,48,288,2,0,0,0x02,7,64,22,41,31.000,64.000,33.000,35,33,220,220,35727,41587,41637,,5910,,50,,,,,,50
4474,48,288,2,0,0,0x02,3,64,21,40,29.333,64.000,34.667,33,35,220,220,35727,41637,41687,,5960,,50,,,,,,50
4475,48,288,2,0,0,0x02,3,62,22,40,29.000,62.000,33.000,35,33,220,220,35727,41687,41737,,6010,,50,,,,,,50
4476,48,288,2,0,0,0x02,2,61,21,39,28.000,61.000,33.000,33,33,220,220,35727,41737,41787,,6060,,50,,,,,,50
4477,48,288,2,0,0,0x02,3,60,21,38,28.000,60.000,32.000,33,32,220,220,35727,41787,41837,,6110,,50,,,,,,50
4478,48,288,2,0,0,0x02,2,59,21,38,27.333,59.000,31.667,32,32,220,220,35727,41837,41887,,6160,,50,,,,,,50
4479,48,288,2,0,0,0x02,3,58,21,38,27.333,58.000,30.667,32,31,220,220,35727,41887,41937,,6210,,50,,,,,,50
4480,48,288,2,0,0,0x02,2,56,21,37,26.333,56.000,29.667,31,30,220,220,35727,41937,41987,,6260,,50,,,,,,50
4481,49,289,3,0,0,0x03,0,0,16,8,5.333,0.000,-5.333,-5,-5,220,220,42811,48037,48087,,5276,,50,,,,,,50
4482,49,289,3,0,0,0x03,0,0,16,9,5.333,0.000,-5.333,-5,-5,220,220,42811,48087,48137,,5326,,50,,,,,,50
4483,49,289,3,0,0,0x03,0,0,17,9,5.667,0.000,-5.667,-5,-5,220,220,42811,48137,48187,,5376,,50,,,,,,50
4484,49,289,3,0,0,0x03,0,0,17,9,5.667,0.000,-5.667,-5,-5,220,220,42811,48187,48237,,5426,,50,,,,,,50
4485,49,289,3,0,0,0x03,0,0,16,9,5.333,0.000,-5.333,-5,-5,220,220,42811,48237,48287,,5476,,50,,,,,,50
4486,49,289,3,0,0,0x03,0,0,16,9,5.333,0.000,-5.333,-5,-5,220,220,42811,48287,48337,,5526,,50,,,,,,50
4487,49,289,3,0,0,0x03,0,0,16,10,5.333,0.000,-5.333,-5,-5,220,220,42811,48337,48387,,5576,,50,,,,,,50
4488,49,289,3,0,0,0x03,0,0,17,10,5.667,0.000,-5.667,-5,-5,220,220,42811,48387,48437,,5626,,50,,,,,,50
4489,49,289,3,0,0,0x03,0,0,16,10,5.333,0.000,-5.333,-5,-5,220,220,42811,48437,48487,,5676,,50,,,,,,50
4490,49,289,3,0,0,0x03,0,0,17,10,5.667,0.000,-5.667,-5,-5,220,220,42811,48487,48537,,5726,,50,,,,,,50
4491,49,289,3,0,0,0x03,0,0,17,11,5.667,0.000,-5.667,-5,-5,220,220,42811,48537,48587,,5776,,50,,,,,,50
4492,49,289,3,0,0,0x03,0,0,17,11,5.667,0.000,-5.667,-5,-5,220,220,42811,48587,48637,,5826,,50,,,,,,50
4493,49,289,3,0,0,0x03,0,0,17,11,5.667,0.000,-5.667,-5,-5,220,220,42811,48637,48687,,5876,,50,,,,,,50
4494,49,289,3,0,0,0x03,0,0,17,11,5.667,0.000,-5.667,-5,-5,220,220,42811,48687,48737,,5926,,50,,,,,,50
4495,49,289,3,0,0,0x03,0,0,17,12,5.667,0.000,-5.667,-5,-5,220,220,42811,48737,48787,,5976,,50,,,,,,50
4496,49,289,3,0,0,0x03,0,0,17,12,5.667,0.000,-5.667,-5,-5,220,220,42811,48787,48837,,6026,,50,,,,,,50
4497,49,289,3,0,0,0x03,0,0,17,12,5.667,0.000,-5.667,-5,-5,220,220,42811,48837,48887,,6076,,50,,,,,,50
4498,49,289,3,0,0,0x03,0,0,17,13,5.667,0.000,-5.667,-5,-5,220,220,42811,48887,48937,,6126,,50,,,,,,50
4499,49,289,3,0,0,0x03,0,0,17,13,5.667,0.000,-5.667,-5,-5,220,220,42811,48937,48987,,6176,,50,,,,,,50
4500,49,289,3,0,0,0x03,0,0,17,13,5.667,0.000,-5.667,-5,-5,220,220,42811,48987,49037,,6226,,50,,,,,,50
4501,49,290,4,0,0,0x04,25,0,56,38,27.000,56.000,29.000,30,29,220,220,49876,55087,55137,,5261,,50,,,,,,50
4502,49,290,4,0,0,0x04,24,0,54,37,26.000,54.000,28.000,29,28,220,220,49876,55137,55187,,5311,,50,,,,,,50
4503,49,290,4,0,0,0x04,24,0,53,37,25.667,53.000,27.333,28,28,220,220,49876,55187,55237,,5361,,50,,,,,,50
4504,49,290,4,0,0,0x04,24,0,52,36,25.333,52.000,26.667,28,27,220,220,49876,55237,55287,,5411,,50,,,,,,50
4505,49,290,4,0,0,0x04,24,0,50,36,24.667,50.000,25.333,27,26,220,220,49876,55287,55337,,5461,,50,,,,,,50
4506,49,290,4,0,0,0x04,24,0,48,35,24.000,48.000,24.000,26,24,220,220,49876,55337,55387,,5511,,50,,,,,,50
4507,49,290,4,0,0,0x04,24,0,48,35,24.000,48.000,24.000,24,24,220,220,49876,55387,55437,,5561,,50,,,,,,50
4508,49,290,4,0,0,0x04,24,0,46,34,23.333,46.000,22.667,24,23,220,220,49876,55437,55487,,5611,,50,,,,,,50
4509,49,290,4,0,0,0x04,23,0,45,34,22.667,45.000,22.333,23,23,220,220,49876,55487,55537,,5661,,50,,,,,,50
4510,49,290,4,0,0,0x04,23,0,43,33,22.000,43.000,21.000,23,21,220,220,49876,55537,55587,,5711,,50,,,,,,50
4511,49,290,4,0,0,0x04,27,0,42,33,23.000,42.000,19.000,21,19,220,220,49876,55587,55637,,5761,,50,,,,,,50
4512,49,290,4,0,0,0x04,23,0,41,32,21.333,41.000,19.667,19,20,220,220,49876,55637,55687,,5811,,50,,,,,,50
4513,49,290,4,0,0,0x04,23,0,39,32,20.667,39.000,18.333,20,19,220,220,49876,55687,55737,,5861,,50,,,,,,50
4514,49,290,4,0,0,0x04,23,0,38,31,20.333,38.000,17.667,19,18,220,220,49876,55737,55787,,5911,,50,,,,,,50
4515,49,290,4,0,0,0x04,22,0,37,30,19.667,37.000,17.333,18,18,220,220,49876,55787,55837,,5961,,50,,,,,,50
4516,49,290,4,0,0,0x04,23,0,35,30,19.333,35.000,15.667,18,16,220,220,49876,55837,55887,,6011,,50,,,,,,50
4517,49,290,4,0,0,0x04,23,0,34,29,19.000,34.000,15.000,16,15,220,220,49876,55887,55937,,6061,,50,,,,,,50
4518,49,290,4,0,0,0x04,22,0,32,29,18.000,32.000,14.000,15,14,220,220,49876,55937,55987,,6111,,50,,,,,,50
4519,49,290,4,0,0,0x04,22,0,31,28,17.667,31.000,13.333,14,14,220,220,49876,55987,56037,,6161,,50,,,,,,50
4520,49,290,4,0,0,0x04,22,0,30,28,17.333,30.000,12.667,14,13,220,220,49876,56037,56087,,6211,,50,,,,,,50
4521,49,291,5,0,0,0x05,18,0,0,0,6.000,0.000,-6.000,-5,-6,220,220,56960,62137,62187,,5227,,50,,,,,,50
4522,49,291,5,0,0,0x05,18,0,0,0,6.000,0.000,-6.000,-6,-6,220,220,56960,62187,62237,,5277,,50,,,,,,50
4523,49,291,5,0,0,0x05,18,0,0,0,6.000,0.000,-6.000,-6,-6,220,220,56960,62237,62287,,5327,,50,,,,,,50
4524,49,291,5,0,0,0x05,18,0,0,0,6.000,0.000,-6.000,-6,-6,220,220,56960,62287,62337,,5377,,50,,,,,,50
4525,49,291,5,0,0,0x05,18,0,0,0,6.000,0.000,-6.000,-6,-6,220,220,56960,62337,62387,,5427,,50,,,,,,50
4526,49,291,5,0,0,0x05,18,0,0,0,6.000,0.000,-6.000,-6,-6,220,220,56960,62387,62437,,5477,,50,,,,,,50
4527,49,291,5,0,0,0x05,18,0,0,0,6.000,0.000,-6.000,-6,-6,220,220,56960,62437,62487,,5527,,50,,,,,,50
4528,49,291,5,0,0,0x05,18,0,0,0,6.000,0.000,-6.000,-6,-6,220,220,56960,62487,62537,,5577,,50,,,,,,50
4529,49,291,5,0,0,0x05,18,0,0,0,6.000,0.000,-6.000,-6,-6,220,220,56960,62537,62587,,5627,,50,,,,,,50
4530,49,291,5,0,0,0x05,22,0,0,1,7.333,0.000,-7.333,-6,-7,220,220,56960,62587,62637,,5677,,50,,,,,,50
4531,49,291,5,0,0,0x05,18,0,0,1,6.000,0.000,-6.000,-7,-6,220,220,56960,62637,62687,,5727,,50,,,,,,50
4532,49,291,5,0,0,0x05,18,0,0,1,6.000,0.000,-6.000,-6,-6,220,220,56960,62687,62737,,5777,,50,,,,,,50
4533,49,291,5,0,0,0x05,18,0,0,1,6.000,0.000,-6.000,-6,-6,220,220,56960,62737,62787,,5827,,50,,,,,,50
4534,49,291,5,0,0,0x05,18,0,0,1,6.000,0.000,-6.000,-6,-6,220,220,56960,62787,62837,,5877,,50,,,,,,50
4535,49,291,5,0,0,0x05,19,0,0,1,6.333,0.000,-6.333,-6,-6,220,220,56960,62837,62887,,5927,,50,,,,,,50
4536,49,291,5,0,0,0x05,19,0,0,2,6.333,0.000,-6.333,-6,-6,220,220,56960,62887,62937,,5977,,50,,,,,,50
4537,49,291,5,0,0,0x05,19,0,0,2,6.333,0.000,-6.333,-6,-6,220,220,56960,62937,62987,,6027,,50,,,,,,50
4538,49,291,5,0,0,0x05,18,0,0,2,6.000,0.000,-6.000,-6,-6,220,220,56960,62987,63037,,6077,,50,,,,,,50
4539,49,291,5,0,0,0x05,19,0,0,2,6.333,0.000,-6.333,-6,-6,220,220,56960,63037,63087,,6127,,50,,,,,,50
4540,49,291,5,0,0,0x05,18,0,0,3,6.000,0.000,-6.000,-6,-6,220,220,56960,63087,63137,,6177,,50,,,,,,50
4541,49,292,6,0,0,0x06,43,21,0,31,21.333,43.000,21.667,22,22,220,220,64025,3651,3701,,5212,,50,,,,,,50
4542,49,292,6,0,0,0x06,42,21,0,31,21.000,42.000,21.000,22,21,220,220,64025,3701,3751,,5262,,50,,,,,,50
4543,49,292,6,0,0,0x06,40,21,0,30,20.333,40.000,19.667,21,20,220,220,64025,3751,3801,,5312,,50,,,,,,50
4544,49,292,6,0,0,0x06,39,21,0,30,20.000,39.000,19.000,20,19,220,220,64025,3801,3851,,5362,,50,,,,,,50
4545,49,292,6,0,0,0x06,39,21,0,30,20.000,39.000,19.000,19,19,220,220,64025,3851,3901,,5412,,50,,,,,,50
4546,49,292,6,0,0,0x06,38,20,0,30,19.333,38.000,18.667,19,19,220,220,64025,3901,3951,,5462,,50,,,,,,50
4547,49,292,6,0,0,0x06,37,21,0,30,19.333,37.000,17.667,19,18,220,220,64025,3951,4001,,5512,,50,,,,,,50
4548,49,292,6,0,0,0x06,36,21,0,29,19.000,36.000,17.000,18,17,220,220,64025,4001,4051,,5562,,50,,,,,,50
4549,49,292,6,0,0,0x06,41,21,0,30,20.667,41.000,20.333,17,21,220,220,64025,4051,4101,,5612,,50,,,,,,50
4550,49,292,6,0,0,0x06,35,21,0,29,18.667,35.000,16.333,21,17,220,220,64025,4101,4151,,5662,,50,,,,,,50
4551,49,292,6,0,0,0x06,33,20,0,28,17.667,33.000,15.333,17,16,220,220,64025,4151,4201,,5712,,50,,,,,,50
4552,49,292,6,0,0,0x06,33,20,0,28,17.667,33.000,15.333,16,16,220,220,64025,4201,4251,,5762,,50,,,,,,50
4553,49,292,6,0,0,0x06,32,20,0,28,17.333,32.000,14.667,16,15,220,220,64025,4251,4301,,5812,,50,,,,,,50
4554,49,292,6,0,0,0x06,31,20,0,27,17.000,31.000,14.000,15,14,220,220,64025,4301,4351,,5862,,50,,,,,,50
4555,49,292,6,0,0,0x06,30,20,0,27,16.667,30.000,13.333,14,14,220,220,64025,4351,4401,,5912,,50,,,,,,50
4556,49,292,6,0,0,0x06,29,20,0,26,16.333,29.000,12.667,14,13,220,220,64025,4401,4451,,5962,,50,,,,,,50
4557,49,292,6,0,0,0x06,29,19,0,26,16.000,29.000,13.000,13,13,220,220,64025,4451,4501,,6012,,50,,,,,,50
4558,49,292,6,0,0,0x06,27,20,0,26,15.667,27.000,11.333,13,12,220,220,64025,4501,4551,,6062,,50,,,,,,50
4559,49,292,6,0,0,0x06,26,20,0,25,15.333,26.000,10.667,12,11,220,220,64025,4551,4601,,6112,,50,,,,,,50
4560,49,292,6,0,0,0x06,26,19,0,25,15.000,26.000,11.000,11,11,220,220,64025,4601,4651,,6162,,50,,,,,,50
4561,49,293,1,0,0,0x01,0,17,0,0,5.667,0.000,-5.667,-5,-5,220,220,5572,10701,10751,,5179,,50,,,,,,50
4562,49,293,1,0,0,0x01,0,17,0,0,5.667,0.000,-5.667,-5,-5,220,220,5572,10751,10801,,5229,,50,,,,,,50
4563,49,293,1,0,0,0x01,0,18,0,0,6.000,0.000,-6.000,-5,-6,220,220,5572,10801,10851,,5279,,50,,,,,,50
4564,49,293,1,0,0,0x01,0,17,0,1,5.667,0.000,-5.667,-6,-5,220,220,5572,10851,10901,,5329,,50,,,,,,50
4565,49,293,1,0,0,0x01,0,18,0,1,6.000,0.000,-6.000,-5,-6,220,220,5572,10901,10951,,5379,,50,,,,,,50
4566,49,293,1,0,0,0x01,0,18,0,1,6.000,0.000,-6.000,-6,-6,220,220,5572,10951,11001,,5429,,50,,,,,,50
4567,49,293,1,0,0,0x01,0,18,0,2,6.000,0.000,-6.000,-6,-6,220,220,5572,11001,11051,,5479,,50,,,,,,50
4568,49,293,1,0,0,0x01,1,18,0,3,6.333,0.000,-6.333,-6,-6,220,220,5572,11051,11101,,5529,,50,,,,,,50
4569,49,293,1,0,0,0x01,0,18,0,2,6.000,0.000,-6.000,-6,-6,220,220,5572,11101,11151,,5579,,50,,,,,,50
4570,49,293,1,0,0,0x01,0,18,0,3,6.000,0.000,-6.000,-6,-6,220,220,5572,11151,11201,,5629,,50,,,,,,50
4571,49,293,1,0,0,0x01,0,18,0,3,6.000,0.000,-6.000,-6,-6,220,220,5572,11201,11251,,5679,,50,,,,,,50
4572,49,293,1,0,0,0x01,0,18,0,4,6.000,0.000,-6.000,-6,-6,220,220,5572,11251,11301,,5729,,50,,,,,,50
4573,49,293,1,0,0,0x01,0,18,0,4,6.000,0.000,-6.000,-6,-6,220,220,5572,11301,11351,,5779,,50,,,,,,50
4574,49,293,1,0,0,0x01,0,18,0,4,6.000,0.000,-6.000,-6,-6,220,220,5572,11351,11401,,5829,,50,,,,,,50
4575,49,293,1,0,0,0x01,0,18,0,5,6.000,0.000,-6.000,-6,-6,220,220,5572,11401,11451,,5879,,50,,,,,,50
4576,49,293,1,0,0,0x01,0,18,0,5,6.000,0.000,-6.000,-6,-6,220,220,5572,11451,11501,,5929,,50,,,,,,50
4577,49,293,1,0,0,0x01,0,18,0,6,6.000,0.000,-6.000,-6,-6,220,220,5572,11501,11551,,5979,,50,,,,,,50
4578,49,293,1,0,0,0x01,0,18,0,6,6.000,0.000,-6.000,-6,-6,220,220,5572,11551,11601,,6029,,50,,,,,,50
4579,49,293,1,0,0,0x01,0,18,0,6,6.000,0.000,-6.000,-6,-6,220,220,5572,11601,11651,,6079,,50,,,,,,50
4580,49,293,1,0,0,0x01,0,19,0,7,6.333,0.000,-6.333,-6,-6,220,220,5572,11651,11701,,6129,,50,,,,,,50
4581,49,294,2,0,0,0x02,3,57,21,37,27.000,57.000,30.000,30,30,220,220,12637,17751,17801,,5164,,50,,,,,,50
4582,49,294,2,0,0,0x02,3,56,21,37,26.667,56.000,29.333,30,30,220,220,12637,17801,17851,,5214,,50,,,,,,50
4583,49,294,2,0,0,0x02,3,56,21,37,26.667,56.000,29.333,30,30,220,220,12637,17851,17901,,5264,,50,,,,,,50
4584,49,294,2,0,0,0x02,3,55,21,37,26.333,55.000,28.667,30,29,220,220,12637,17901,17951,,5314,,50,,,,,,50
4585,49,294,2,0,0,0x02,3,54,21,36,26.000,54.000,28.000,29,28,220,220,12637,17951,18001,,5364,,50,,,,,,50
4586,49,294,2,0,0,0x02,3,53,20,36,25.333,53.000,27.667,28,28,220,220,12637,18001,18051,,5414,,50,,,,,,50
4587,49,294,2,0,0,0x02,7,52,21,36,26.667,52.000,25.333,28,26,220,220,12637,18051,18101,,5464,,50,,,,,,50
4588,49,294,2,0,0,0x02,3,51,20,35,24.667,51.000,26.333,26,27,220,220,12637,18101,18151,,5514,,50,,,,,,50
4589,49,294,2,0,0,0x02,3,50,20,35,24.333,50.000,25.667,27,26,220,220,12637,18151,18201,,5564,,50,,,,,,50
4590,49,294,2,0,0,0x02,3,50,20,35,24.333,50.000,25.667,26,26,220,220,12637,18201,18251,,5614,,50,,,,,,50
4591,49,294,2,0,0,0x02,3,49,20,35,24.000,49.000,25.000,26,25,220,220,12637,18251,18301,,5664,,50,,,,,,50
4592,49,294,2,0,0,0x02,2,48,20,34,23.333,48.000,24.667,25,25,220,220,12637,18301,18351,,5714,,50,,,,,,50
4593,49,294,2,0,0,0x02,3,47,20,34,23.333,47.000,23.667,25,24,220,220,12637,18351,18401,,5764,,50,,,,,,50
4594,49,294,2,0,0,0x02,2,47,20,33,23.000,47.000,24.000,24,24,220,220,12637,18401,18451,,5814,,50,,,,,,50
4595,49,294,2,0,0,0x02,3,46,20,34,23.000,46.000,23.000,24,23,220,220,12637,18451,18501,,5864,,50,,,,,,50
4596,49,294,2,0,0,0x02,2,45,20,33,22.333,45.000,22.667,23,23,220,220,12637,18501,18551,,5914,,50,,,,,,50
4597,49,294,2,0,0,0x02,2,44,20,33,22.000,44.000,22.000,23,22,220,220,12637,18551,18601,,5964,,50,,,,,,50
4598,49,294,2,0,0,0x02,2,43,20,32,21.667,43.000,21.333,22,22,220,220,12637,18601,18651,,6014,,50,,,,,,50
4599,49,294,2,0,0,0x02,2,43,20,32,21.667,43.000,21.333,22,22,220,220,12637,18651,18701,,6064,,50,,,,,,50
4600,49,294,2,0,0,0x02,2,41,20,32,21.000,41.000,20.000,22,20,220,220,12637,18701,18751,,6114,,50,,,,,,50
4601,50,295,3,0,0,0x03,0,0,16,3,5.333,0.000,-5.333,-5,-5,220,220,19720,24801,24851,,5131,,50,,,,,,50
4602,50,295,3,0,0,0x03,0,0,16,3,5.333,0.000,-5.333,-5,-5,220,220,19720,24851,24901,,5181,,50,,,,,,50
4603,50,295,3,0,0,0x03,0,0,16,4,5.333,0.000,-5.333,-5,-5,220,220,19720,24901,24951,,5231,,50,,,,,,50
4604,50,295,3,0,0,0x03,0,0,16,3,5.333,0.000,-5.333,-5,-5,220,220,19720,24951,25001,,5281,,50,,,,,,50
4605,50,295,3,0,0,0x03,0,0,16,4,5.333,0.000,-5.333,-5,-5,220,220,19720,25001,25051,,5331,,50,,,,,,50
4606,50,295,3,0,0,0x03,0,0,16,5,5.333,0.000,-5.333,-5,-5,220,220,19720,25051,25101,,5381,,50,,,,,,50
4607,50,295,3,0,0,0x03,0,0,16,5,5.333,0.000,-5.333,-5,-5,220,220,19720,25101,25151,,5431,,50,,,,,,50
4608,50,295,3,0,0,0x03,0,0,16,5,5.333,0.000,-5.333,-5,-5,220,220,19720,25151,25201,,5481,,50,,,,,,50
4609,50,295,3,0,0,0x03,0,0,16,6,5.333,0.000,-5.333,-5,-5,220,220,19720,25201,25251,,5531,,50,,,,,,50
4610,50,295,3,0,0,0x03,0,0,16,6,5.333,0.000,-5.333,-5,-5,220,220,19720,25251,25301,,5581,,50,,,,,,50
4611,50,295,3,0,0,0x03,0,0,16,6,5.333,0.000,-5.333,-5,-5,220,220,19720,25301,25351,,5631,,50,,,,,,50
4612,50,295,3,0,0,0x03,0,0,16,7,5.333,0.000,-5.333,-5,-5,220,220,19720,25351,25401,,5681,,50,,,,,,50
4613,50,295,3,0,0,0x03,0,0,17,8,5.667,0.000,-5.667,-5,-5,220,220,19720,25401,25451,,5731,,50,,,,,,50
4614,50,295,3,0,0,0x03,0,0,17,8,5.667,0.000,-5.667,-5,-5,220,220,19720,25451,25501,,5781,,50,,,,,,50
4615,50,295,3,0,0,0x03,0,0,17,8,5.667,0.000,-5.667,-5,-5,220,220,19720,25501,25551,,5831,,50,,,,,,50
4616,50,295,3,0,0,0x03,0,0,16,8,5.333,0.000,-5.333,-5,-5,220,220,19720,25551,25601,,5881,,50,,,,,,50
4617,50,295,3,0,0,0x03,0,0,17,9,5.667,0.000,-5.667,-5,-5,220,220,19720,25601,25651,,5931,,50,,,,,,50
4618,50,295,3,0,0,0x03,0,0,17,9,5.667,0.000,-5.667,-5,-5,220,220,19720,25651,25701,,5981,,50,,,,,,50
4619,50,295,3,0,0,0x03,0,0,17,10,5.667,0.000,-5.667,-5,-5,220,220,19720,25701,25751,,6031,,50,,,,,,50
4620,50,296,4,0,0,0x04,0,0,17,10,5.667,17.000,11.333,-1,-1,220,220,26785,27801,27851,,1066,,50,,,,,,50
4621,50,296,4,0,0,0x04,24,0,50,36,24.667,50.000,25.333,27,26,220,220,26785,31851,31901,,5116,,50,,,,,,50
4622,50,296,4,0,0,0x04,24,0,50,36,24.667,50.000,25.333,26,26,220,220,26785,31901,31951,,5166,,50,,,,,,50
4623,50,296,4,0,0,0x04,24,0,49,35,24.333,49.000,24.667,26,25,220,220,26785,31951,32001,,5216,,50,,,,,,50
4624,50,296,4,0,0,0x04,24,0,48,35,24.000,48.000,24.000,25,24,220,220,26785,32001,32051,,5266,,50,,,,,,50
4625,50,296,4,0,0,0x04,28,0,48,35,25.333,48.000,22.667,24,23,220,220,26785,32051,32101,,5316,,50,,,,,,50
4626,50,296,4,0,0,0x04,23,0,47,34,23.333,47.000,23.667,23,24,220,220,26785,32101,32151,,5366,,50,,,,,,50
4627,50,296,4,0,0,0x04,24,0,46,34,23.333,46.000,22.667,24,23,220,220,26785,32151,32201,,5416,,50,,,,,,50
4628,50,296,4,0,0,0x04,23,0,45,34,22.667,45.000,22.333,23,23,220,220,26785,32201,32251,,5466,,50,,,,,,50
4629,50,296,4,0,0,0x04,23,0,44,34,22.333,44.000,21.667,23,22,220,220,26785,32251,32301,,5516,,50,,,,,,50
4630,50,296,4,0,0,0x04,23,0,43,33,22.000,43.000,21.000,22,21,220,220,26785,32301,32351,,5566,,50,,,,,,50
4631,50,296,4,0,0,0x04,23,0,42,32,21.667,42.000,20.333,21,21,220,220,26785,32351,32401,,5616,,50,,,,,,50
4632,50,297,5,0,0,0x05,23,0,41,32,21.333,0.000,-21.333,8,7,220,220,33849,34451,34501,,652,,50,,,,,,50
4633,50,298,4,0,0,0x04,23,0,40,32,21.000,40.000,19.000,20,19,220,220,26785,32451,32501,,5716,,50,,,,,,50
4634,50,299,5,0,0,0x05,23,0,39,23,20.667,0.000,-20.667,6,6,220,220,33849,34551,34601,,752,,50,,,,,,50
4635,50,300,4,0,0,0x04,23,0,39,31,20.667,39.000,18.333,19,19,220,220,26785,32551,32601,,5816,,50,,,,,,50
4636,51,301,5,0,0,0x05,23,14,0,22,12.333,14.000,1.667,4,3,220,220,33849,34651,34701,,852,,50,,,,,,50
4637,51,301,5,0,0,0x05,23,0,36,30,19.667,0.000,-19.667,3,2,220,220,33849,34701,34751,,902,,50,,,,,,50
4638,51,301,5,0,0,0x05,19,12,0,21,10.333,12.000,1.667,2,2,220,220,33849,34751,34801,,952,,50,,,,,,50
4639,51,301,5,0,0,0x05,19,10,0,20,9.667,10.000,0.333,2,1,220,220,33849,34801,34851,,1002,,50,,,,,,50
4640,51,301,5,0,0,0x05,19,9,0,19,9.333,9.000,-0.333,1,0,220,220,33849,34851,34901,,1052,,50,,,,,,50
4641,51,301,5,0,0,0x05,18,0,0,0,6.000,0.000,-6.000,-6,-6,220,220,33849,38901,38951,,5102,,50,,,,,,50
4642,51,301,5,0,0,0x05,18,0,0,0,6.000,0.000,-6.000,-6,-6,220,220,33849,38951,39001,,5152,,50,,,,,,50
4643,51,301,5,0,0,0x05,18,0,0,0,6.000,0.000,-6.000,-6,-6,220,220,33849,39001,39051,,5202,,50,,,,,,50
4644,51,301,5,0,0,0x05,22,0,0,0,7.333,0.000,-7.333,-6,-7,220,220,33849,39051,39101,,5252,,50,,,,,,50
4645,51,301,5,0,0,0x05,18,0,0,0,6.000,0.000,-6.000,-7,-6,220,220,33849,39101,39151,,5302,,50,,,,,,50
4646,51,301,5,0,0,0x05,18,0,0,0,6.000,0.000,-6.000,-6,-6,220,220,33849,39151,41251,,7402,,2100,,,,,,50
4647,51,302,6,0,0,0x06,18,0,0,0,6.000,18.000,12.000,-5,-5,220,220,40932,41251,41301,,369,,50,,,,,,50
4648,51,303,5,0,0,0x05,18,0,0,0,6.000,0.000,-6.000,-6,-6,220,220,40932,41301,41351,,419,,50,,,,,,50
4649,51,304,6,0,0,0x06,0,17,0,14,5.667,0.000,-5.667,-6,-5,220,220,40932,41351,41401,,469,,50,,,,,,50
4650,51,305,5,0,0,0x05,18,0,0,0,6.000,0.000,-6.000,-5,-5,220,220,40932,41401,41451,,519,,50,,,,,,50
4651,51,306,6,0,0,0x06,0,18,0,14,6.000,0.000,-6.000,-5,-6,220,220,40932,41451,41501,,569,,50,,,,,,50
4652,51,306,6,0,0,0x06,18,0,0,0,6.000,18.000,12.000,-6,-6,220,220,40932,41501,41551,,619,,50,,,,,,50
4653,51,306,6,0,0,0x06,0,18,0,16,6.000,0.000,-6.000,-6,-6,220,220,40932,41551,41601,,669,,50,,,,,,50
4654,51,306,6,0,0,0x06,0,18,0,15,6.000,0.000,-6.000,-6,-6,220,220,40932,41601,41651,,719,,50,,,,,,50
4655,51,306,6,0,0,0x06,0,18,0,16,6.000,0.000,-6.000,-6,-6,220,220,40932,41651,41701,,769,,50,,,,,,50
4656,51,306,6,0,0,0x06,1,18,0,17,6.333,1.000,-5.333,-6,-5,220,220,40932,41701,41751,,819,,50,,,,,,50
4657,51,306,6,0,0,0x06,2,18,0,17,6.667,2.000,-4.667,-5,-4,220,220,40932,41751,41801,,869,,50,,,,,,50
4658,51,306,6,0,0,0x06,3,18,0,17,7.000,3.000,-4.000,-4,-4,220,220,40932,41801,41851,,919,,50,,,,,,50
4659,51,306,6,0,0,0x06,4,18,0,18,7.333,4.000,-3.333,-4,-3,220,220,40932,41851,41901,,969,,50,,,,,,50
4660,51,306,6,0,0,0x06,6,18,0,19,8.000,6.000,-2.000,-3,-2,220,220,40932,41901,41951,,1019,,50,,,,,,50
4661,51,306,6,0,0,0x06,46,21,0,33,22.333,46.000,23.667,25,24,220,220,40932,45951,46001,,5069,,50,,,,,,50
4662,51,306,6,0,0,0x06,46,21,0,33,22.333,46.000,23.667,24,24,220,220,40932,46001,46051,,5119,,50,,,,,,50
4663,51,306,6,0,0,0x06,50,21,0,33,23.667,50.000,26.333,24,27,220,220,40932,46051,46101,,5169,,50,,,,,,50
4664,51,306,6,0,0,0x06,45,21,0,33,22.000,45.000,23.000,27,23,220,220,40932,46101,46151,,5219,,50,,,,,,50
4665,51,306,6,0,0,0x06,44,21,0,32,21.667,44.000,22.333,23,23,220,220,40932,46151,46201,,5269,,50,,,,,,50
4666,51,306,6,0,0,0x06,43,21,0,32,21.333,43.000,21.667,23,22,220,220,40932,46201,46251,,5319,,50,,,,,,50
4667,51,306,6,0,0,0x06,43,21,0,32,21.333,43.000,21.667,22,22,220,220,40932,46251,46301,,5369,,50,,,,,,50
4668,51,306,6,0,0,0x06,42,21,0,31,21.000,42.000,21.000,22,21,220,220,40932,46301,46351,,5419,,50,,,,,,50
4669,51,306,6,0,0,0x06,42,21,0,31,21.000,42.000,21.000,21,21,220,220,40932,46351,46401,,5469,,50,,,,,,50
4670,51,306,6,0,0,0x06,41,20,0,31,20.333,41.000,20.667,21,21,220,220,40932,46401,46451,,5519,,50,,,,,,50
4671,51,306,6,0,0,0x06,41,20,0,31,20.333,41.000,20.667,21,21,220,220,40932,46451,46501,,5569,,50,,,,,,50
4672,51,306,6,0,0,0x06,40,20,0,30,20.000,40.000,20.000,21,20,220,220,40932,46501,46551,,5619,,50,,,,,,50
4673,51,306,6,0,0,0x06,39,21,0,30,20.000,39.000,19.000,20,19,220,220,40932,46551,46601,,5669,,50,,,,,,50
4674,51,306,6,0,0,0x06,39,20,0,30,19.667,39.000,19.333,19,20,220,220,40932,46601,46651,,5719,,50,,,,,,50
4675,51,306,6,0,0,0x06,37,20,0,30,19.000,37.000,18.000,20,18,220,220,40932,46651,46701,,5769,,50,,,,,,50
4676,52,307,1,0,0,0x01,37,20,0,29,19.000,0.000,-19.000,4,4,220,220,48022,48751,48801,,779,,50,,,,,,50
4677,52,308,6,0,0,0x06,36,20,0,29,18.667,36.000,17.333,18,18,220,220,40932,46751,46801,,5869,,50,,,,,,50
4678,52,309,1,0,0,0x01,1,19,11,20,10.333,11.000,0.667,2,1,220,220,48022,48851,48901,,879,,50,,,,,,50
4679,52,310,6,0,0,0x06,35,20,0,28,18.333,35.000,16.667,18,17,220,220,40932,46851,46901,,5969,,50,,,,,,50
4680,52,311,1,0,0,0x01,1,18,9,20,9.333,9.000,-0.333,0,0,220,220,48022,48951,49001,,979,,50,,,,,,50
4681,52,311,1,0,0,0x01,0,18,0,3,6.000,0.000,-6.000,-6,-6,220,220,48022,53001,53051,,5029,,50,,,,,,50
4682,52,311,1,0,0,0x01,2,18,0,4,6.667,0.000,-6.667,-6,-6,220,220,48022,53051,53101,,5079,,50,,,,,,50
4683,52,311,1,0,0,0x01,0,18,0,4,6.000,0.000,-6.000,-6,-6,220,220,48022,53101,53151,,5129,,50,,,,,,50
4684,52,311,1,0,0,0x01,0,18,0,5,6.000,0.000,-6.000,-6,-6,220,220,48022,53151,53201,,5179,,50,,,,,,50
4685,52,311,1,0,0,0x01,0,18,0,5,6.000,0.000,-6.000,-6,-6,220,220,48022,53201,53251,,5229,,50,,,,,,50
4686,52,311,1,0,0,0x01,0,18,0,6,6.000,0.000,-6.000,-6,-6,220,220,48022,53251,53301,,5279,,50,,,,,,50
4687,52,311,1,0,0,0x01,0,18,0,6,6.000,0.000,-6.000,-6,-6,220,220,48022,53301,53351,,5329,,50,,,,,,50
4688,52,311,1,0,0,0x01,0,19,0,6,6.333,0.000,-6.333,-6,-6,220,220,48022,53351,53401,,5379,,50,,,,,,50
4689,52,311,1,0,0,0x01,0,18,0,7,6.000,0.000,-6.000,-6,-6,220,220,48022,53401,53451,,5429,,50,,,,,,50
4690,52,311,1,0,0,0x01,0,18,0,7,6.000,0.000,-6.000,-6,-6,220,220,48022,53451,53501,,5479,,50,,,,,,50
4691,52,311,1,0,0,0x01,0,18,0,7,6.000,0.000,-6.000,-6,-6,220,220,48022,53501,53551,,5529,,50,,,,,,50
4692,52,311,1,0,0,0x01,0,18,0,8,6.000,0.000,-6.000,-6,-6,220,220,48022,53551,53601,,5579,,50,,,,,,50
4693,52,311,1,0,0,0x01,0,18,0,8,6.000,0.000,-6.000,-6,-6,220,220,48022,53601,53651,,5629,,50,,,,,,50
4694,52,311,1,0,0,0x01,0,18,0,8,6.000,0.000,-6.000,-6,-6,220,220,48022,53651,53701,,5679,,50,,,,,,50
4695,52,311,1,0,0,0x01,0,19,0,9,6.333,0.000,-6.333,-6,-6,220,220,48022,53701,53751,,5729,,50,,,,,,50
4696,52,311,1,0,0,0x01,0,18,0,10,6.000,0.000,-6.000,-5,-5,220,220,54987,55801,55851,,864,,50,,,,,,50
4697,52,311,1,0,0,0x01,0,18,0,10,6.000,0.000,-6.000,-6,-6,220,220,48022,53801,53851,,5829,,50,,,,,,50
4698,52,312,2,0,0,0x02,1,4,17,19,7.333,4.000,-3.333,-5,-3,220,220,54987,55901,55951,,964,,50,,,,,,50
4699,53,313,1,0,0,0x01,0,18,0,11,6.000,0.000,-6.000,-6,-6,220,220,48022,53901,53951,,5929,,50,,,,,,50
4700,53,314,2,0,0,0x02,2,7,17,20,8.667,7.000,-1.667,-1,-1,220,220,54987,56001,56051,,1064,,50,,,,,,50
4701,53,314,2,0,0,0x02,8,73,22,44,34.333,73.000,38.667,40,39,220,220,54987,60051,60101,,5114,,50,,,,,,50
4702,53,314,2,0,0,0x02,4,72,22,43,32.667,72.000,39.333,39,40,220,220,54987,60101,60151,,5164,,50,,,,,,50
4703,53,314,2,0,0,0x02,4,72,22,43,32.667,72.000,39.333,40,40,220,220,54987,60151,60201,,5214,,50,,,,,,50
4704,53,314,2,0,0,0x02,4,71,22,43,32.333,71.000,38.667,40,39,220,220,54987,60201,60251,,5264,,50,,,,,,50
4705,53,314,2,0,0,0x02,4,70,22,42,32.000,70.000,38.000,39,38,220,220,54987,60251,60301,,5314,,50,,,,,,50
4706,53,314,2,0,0,0x02,4,71,22,43,32.333,71.000,38.667,38,39,220,220,54987,60301,60351,,5364,,50,,,,,,50
4707,53,314,2,0,0,0x02,4,70,22,42,32.000,70.000,38.000,39,38,220,220,54987,60351,60401,,5414,,50,,,,,,50
4708,53,314,2,0,0,0x02,4,68,21,42,31.000,68.000,37.000,38,37,220,220,54987,60401,60451,,5464,,50,,,,,,50
4709,53,314,2,0,0,0x02,3,68,22,42,31.000,68.000,37.000,37,37,220,220,54987,60451,60501,,5514,,50,,,,,,50
4710,53,314,2,0,0,0x02,4,68,22,42,31.333,68.000,36.667,37,37,220,220,54987,60501,60551,,5564,,50,,,,,,50
4711,53,314,2,0,0,0x02,3,67,22,41,30.667,67.000,36.333,37,37,220,220,54987,60551,60601,,5614,,50,,,,,,50
4712,53,314,2,0,0,0x02,3,66,21,40,30.000,66.000,36.000,37,36,220,220,54987,60601,60651,,5664,,50,,,,,,50
4713,53,314,2,0,0,0x02,3,65,22,40,30.000,65.000,35.000,36,35,220,220,54987,60651,60701,,5714,,50,,,,,,50
4714,53,314,2,0,0,0x02,3,64,21,40,29.333,64.000,34.667,35,35,220,220,54987,60701,60751,,5764,,50,,,,,,50
4715,53,314,2,0,0,0x02,3,63,21,40,29.000,63.000,34.000,35,34,220,220,54987,60751,60801,,5814,,50,,,,,,50
4716,53,314,2,0,0,0x02,3,62,22,39,29.000,62.000,33.000,34,33,220,220,54987,60801,60851,,5864,,50,,,,,,50
4717,53,314,2,0,0,0x02,3,62,22,40,29.000,62.000,33.000,33,33,220,220,54987,60851,60901,,5914,,50,,,,,,50
4718,53,314,2,0,0,0x02,3,61,21,39,28.333,61.000,32.667,33,33,220,220,54987,60901,60951,,5964,,50,,,,,,50
4719,53,314,2,0,0,0x02,3,61,22,39,28.667,61.000,32.333,33,33,220,220,54987,60951,61001,,6014,,50,,,,,,50
4720,53,314,2,0,0,0x02,3,59,21,38,27.667,59.000,31.333,33,32,220,220,54987,61001,61051,,6064,,50,,,,,,50
4721,53,315,3,0,0,0x03,0,0,17,9,5.667,0.000,-5.667,-5,-5,220,220,61971,1565,1615,,5180,,50,,,,,,50
4722,53,315,3,0,0,0x03,0,0,17,9,5.667,0.000,-5.667,-5,-5,220,220,61971,1615,1665,,5230,,50,,,,,,50
4723,53,315,3,0,0,0x03,0,0,16,9,5.333,0.000,-5.333,-5,-5,220,220,61971,1665,1715,,5280,,50,,,,,,50
4724,53,315,3,0,0,0x03,0,0,17,10,5.667,0.000,-5.667,-5,-5,220,220,61971,1715,1765,,5330,,50,,,,,,50
4725,53,315,3,0,0,0x03,0,0,17,10,5.667,0.000,-5.667,-5,-5,220,220,61971,1765,1815,,5380,,50,,,,,,50
4726,53,315,3,0,0,0x03,0,0,17,11,5.667,0.000,-5.667,-5,-5,220,220,61971,1815,1865,,5430,,50,,,,,,50
4727,53,315,3,0,0,0x03,0,0,17,10,5.667,0.000,-5.667,-5,-5,220,220,61971,1865,1915,,5480,,50,,,,,,50
4728,53,315,3,0,0,0x03,0,0,17,11,5.667,0.000,-5.667,-5,-5,220,220,61971,1915,1965,,5530,,50,,,,,,50
4729,53,315,3,0,0,0x03,0,0,17,12,5.667,0.000,-5.667,-5,-5,220,220,61971,1965,2015,,5580,,50,,,,,,50
4730,53,315,3,0,0,0x03,0,0,17,12,5.667,0.000,-5.667,-5,-5,220,220,61971,2015,2065,,5630,,50,,,,,,50
4731,53,315,3,0,0,0x03,0,0,17,12,5.667,0.000,-5.667,-5,-5,220,220,61971,2065,2115,,5680,,50,,,,,,50
4732,53,315,3,0,0,0x03,0,0,16,13,5.333,0.000,-5.333,-5,-5,220,220,61971,2115,2165,,5730,,50,,,,,,50
4733,53,315,3,0,0,0x03,0,0,17,13,5.667,0.000,-5.667,-5,-5,220,220,61971,2165,2215,,5780,,50,,,,,,50
4734,53,315,3,0,0,0x03,0,0,17,14,5.667,0.000,-5.667,-5,-5,220,220,61971,2215,2265,,5830,,50,,,,,,50
4735,53,315,3,0,0,0x03,0,0,17,14,5.667,0.000,-5.667,-5,-5,220,220,61971,2265,2315,,5880,,50,,,,,,50
4736,53,315,3,0,0,0x03,0,0,17,14,5.667,0.000,-5.667,-5,-5,220,220,61971,2315,2365,,5930,,50,,,,,,50
4737,53,315,3,0,0,0x03,0,0,17,14,5.667,0.000,-5.667,-5,-5,220,220,61971,2365,2415,,5980,,50,,,,,,50
4738,53,315,3,0,0,0x03,0,0,17,14,5.667,0.000,-5.667,-5,-5,220,220,61971,2415,2465,,6030,,50,,,,,,50
4739,53,315,3,0,0,0x03,0,0,17,15,5.667,0.000,-5.667,-5,-5,220,220,61971,2465,2515,,6080,,50,,,,,,50
4740,53,315,3,0,0,0x03,2,0,17,16,6.333,2.000,-4.333,-5,-4,220,220,61971,2515,2565,,6130,,50,,,,,,50
4741,53,316,4,0,0,0x04,24,0,54,37,26.000,54.000,28.000,29,28,220,220,3399,8615,8665,,5266,,50,,,,,,50
4742,53,316,4,0,0,0x04,24,0,53,36,25.667,53.000,27.333,28,28,220,220,3399,8665,8715,,5316,,50,,,,,,50
4743,53,316,4,0,0,0x04,24,0,52,36,25.333,52.000,26.667,28,27,220,220,3399,8715,8765,,5366,,50,,,,,,50
4744,53,316,4,0,0,0x04,24,0,51,36,25.000,51.000,26.000,27,26,220,220,3399,8765,8815,,5416,,50,,,,,,50
4745,53,316,4,0,0,0x04,23,0,50,35,24.333,50.000,25.667,26,26,220,220,3399,8815,8865,,5466,,50,,,,,,50
4746,53,316,4,0,0,0x04,24,0,48,35,24.000,48.000,24.000,26,24,220,220,3399,8865,8915,,5516,,50,,,,,,50
4747,53,316,4,0,0,0x04,24,0,47,34,23.667,47.000,23.333,24,24,220,220,3399,8915,8965,,5566,,50,,,,,,50
4748,53,316,4,0,0,0x04,24,0,46,34,23.333,46.000,22.667,24,23,220,220,3399,8965,9015,,5616,,50,,,,,,50
4749,53,316,4,0,0,0x04,24,0,44,34,22.667,44.000,21.333,23,22,220,220,3399,9015,9065,,5666,,50,,,,,,50
4750,53,316,4,0,0,0x04,23,0,43,33,22.000,43.000,21.000,22,21,220,220,3399,9065,9115,,5716,,50,,,,,,50
4751,53,316,4,0,0,0x04,23,0,42,33,21.667,42.000,20.333,21,21,220,220,3399,9115,9165,,5766,,50,,,,,,50
4752,53,316,4,0,0,0x04,23,0,41,32,21.333,41.000,19.667,21,20,220,220,3399,9165,9215,,5816,,50,,,,,,50
4753,53,316,4,0,0,0x04,23,0,39,32,20.667,39.000,18.333,20,19,220,220,3399,9215,9265,,5866,,50,,,,,,50
4754,53,316,4,0,0,0x04,23,0,38,31,20.333,38.000,17.667,19,18,220,220,3399,9265,9315,,5916,,50,,,,,,50
4755,53,316,4,0,0,0x04,23,0,37,31,20.000,37.000,17.000,18,17,220,220,3399,9315,9365,,5966,,50,,,,,,50
4756,53,316,4,0,0,0x04,22,0,36,30,19.333,36.000,16.667,17,17,220,220,3399,9365,9415,,6016,,50,,,,,,50
4757,53,316,4,0,0,0x04,22,0,34,29,18.667,34.000,15.333,17,16,220,220,3399,9415,9465,,6066,,50,,,,,,50
4758,53,316,4,0,0,0x04,23,0,33,29,18.667,33.000,14.333,16,15,220,220,3399,9465,9515,,6116,,50,,,,,,50
4759,53,316,4,0,0,0x04,26,0,32,29,19.333,32.000,12.667,15,13,220,220,3399,9515,9565,,6166,,50,,,,,,50
4760,53,316,4,0,0,0x04,22,0,30,27,17.333,30.000,12.667,13,13,220,220,3399,9565,9615,,6216,,50,,,,,,50
4761,53,317,5,0,0,0x05,18,0,0,0,6.000,0.000,-6.000,-6,-6,220,220,10384,15665,15715,,5331,,50,,,,,,50
4762,53,317,5,0,0,0x05,18,0,0,0,6.000,0.000,-6.000,-6,-6,220,220,10384,15715,15765,,5381,,50,,,,,,50
4763,53,317,5,0,0,0x05,18,0,0,0,6.000,0.000,-6.000,-6,-6,220,220,10384,15765,15815,,5431,,50,,,,,,50
4764,53,317,5,0,0,0x05,18,0,0,0,6.000,0.000,-6.000,-6,-6,220,220,10384,15815,15865,,5481,,50,,,,,,50
4765,53,317,5,0,0,0x05,18,0,0,0,6.000,0.000,-6.000,-6,-6,220,220,10384,15865,15915,,5531,,50,,,,,,50
4766,53,317,5,0,0,0x05,18,0,0,0,6.000,0.000,-6.000,-6,-6,220,220,10384,15915,15965,,5581,,50,,,,,,50
4767,53,317,5,0,0,0x05,18,0,0,1,6.000,0.000,-6.000,-6,-6,220,220,10384,15965,16015,,5631,,50,,,,,,50
4768,53,317,5,0,0,0x05,18,0,0,1,6.000,0.000,-6.000,-6,-6,220,220,10384,16015,16065,,5681,,50,,,,,,50
4769,53,317,5,0,0,0x05,18,0,0,1,6.000,0.000,-6.000,-6,-6,220,220,10384,16065,16115,,5731,,50,,,,,,50
4770,53,317,5,0,0,0x05,18,0,0,2,6.000,0.000,-6.000,-6,-6,220,220,10384,16115,16165,,5781,,50,,,,,,50
4771,53,317,5,0,0,0x05,18,0,0,2,6.000,0.000,-6.000,-6,-6,220,220,10384,16165,16215,,5831,,50,,,,,,50
4772,53,317,5,0,0,0x05,18,0,0,2,6.000,0.000,-6.000,-6,-6,220,220,10384,16215,16265,,5881,,50,,,,,,50
4773,53,317,5,0,0,0x05,19,0,0,2,6.333,0.000,-6.333,-6,-6,220,220,10384,16265,16315,,5931,,50,,,,,,50
4774,53,317,5,0,0,0x05,18,0,0,3,6.000,0.000,-6.000,-6,-6,220,220,10384,16315,16365,,5981,,50,,,,,,50
4775,53,317,5,0,0,0x05,19,0,0,3,6.333,0.000,-6.333,-6,-6,220,220,10384,16365,16415,,6031,,50,,,,,,50
4776,53,317,5,0,0,0x05,19,0,0,3,6.333,0.000,-6.333,-6,-6,220,220,10384,16415,16465,,6081,,50,,,,,,50
4777,53,317,5,0,0,0x05,18,0,0,4,6.000,0.000,-6.000,-6,-6,220,220,10384,16465,16515,,6131,,50,,,,,,50
4778,53,317,5,0,0,0x05,23,0,0,5,7.667,0.000,-7.667,-6,-7,220,220,10384,16515,16565,,6181,,50,,,,,,50
4779,53,317,5,0,0,0x05,18,0,0,4,6.000,0.000,-6.000,-7,-6,220,220,10384,16565,16615,,6231,,50,,,,,,50
4780,53,317,5,0,0,0x05,18,0,0,4,6.000,0.000,-6.000,-6,-6,220,220,10384,16615,16665,,6281,,50,,,,,,50
4781,53,318,6,0,0,0x06,48,21,0,34,23.000,48.000,25.000,26,25,220,220,17348,22715,22765,,5417,,50,,,,,,50
4782,53,318,6,0,0,0x06,47,21,0,33,22.667,47.000,24.333,25,25,220,220,17348,22765,22815,,5467,,50,,,,,,50
4783,53,318,6,0,0,0x06,46,21,0,33,22.333,46.000,23.667,25,24,220,220,17348,22815,22865,,5517,,50,,,,,,50
4784,53,318,6,0,0,0x06,45,21,0,32,22.000,45.000,23.000,24,23,220,220,17348,22865,22915,,5567,,50,,,,,,50
4785,53,318,6,0,0,0x06,44,21,0,32,21.667,44.000,22.333,23,23,220,220,17348,22915,22965,,5617,,50,,,,,,50
4786,53,318,6,0,0,0x06,42,21,0,32,21.000,42.000,21.000,23,21,220,220,17348,22965,23015,,5667,,50,,,,,,50
4787,53,318,6,0,0,0x06,41,21,0,31,20.667,41.000,20.333,21,21,220,220,17348,23015,23065,,5717,,50,,,,,,50
4788,53,318,6,0,0,0x06,41,21,0,30,20.667,41.000,20.333,21,21,220,220,17348,23065,23115,,5767,,50,,,,,,50
4789,53,318,6,0,0,0x06,40,21,0,30,20.333,40.000,19.667,21,20,220,220,17348,23115,23165,,5817,,50,,,,,,50
4790,53,318,6,0,0,0x06,38,21,0,29,19.667,38.000,18.333,20,19,220,220,17348,23165,23215,,5867,,50,,,,,,50
4791,53,318,6,0,0,0x06,37,20,0,29,19.000,37.000,18.000,19,18,220,220,17348,23215,23265,,5917,,50,,,,,,50
4792,53,318,6,0,0,0x06,36,20,0,29,18.667,36.000,17.333,18,18,220,220,17348,23265,23315,,5967,,50,,,,,,50
4793,53,318,6,0,0,0x06,35,20,0,28,18.333,35.000,16.667,18,17,220,220,17348,23315,23365,,6017,,50,,,,,,50
4794,53,318,6,0,0,0x06,33,21,0,28,18.000,33.000,15.000,17,15,220,220,17348,23365,23415,,6067,,50,,,,,,50
4795,53,318,6,0,0,0x06,32,20,0,27,17.333,32.000,14.667,15,15,220,220,17348,23415,23465,,6117,,50,,,,,,50
4796,53,318,6,0,0,0x06,32,20,0,27,17.333,32.000,14.667,15,15,220,220,17348,23465,23515,,6167,,50,,,,,,50
4797,53,318,6,0,0,0x06,35,20,0,27,18.333,35.000,16.667,15,17,220,220,17348,23515,23565,,6217,,50,,,,,,50
4798,53,318,6,0,0,0x06,29,20,0,26,16.333,29.000,12.667,17,13,220,220,17348,23565,23615,,6267,,50,,,,,,50
4799,53,318,6,0,0,0x06,28,19,0,26,15.667,28.000,12.333,13,13,220,220,17348,23615,23665,,6317,,50,,,,,,50
4800,53,318,6,0,0,0x06,27,20,0,26,15.667,27.000,11.333,13,12,220,220,17348,23665,23715,,6367,,50,,,,,,50
4801,54,319,1,0,0,0x01,0,18,0,6,6.000,0.000,-6.000,-6,-6,220,220,24312,29765,29815,,5503,,50,,,,,,50
4802,54,319,1,0,0,0x01,0,18,0,6,6.000,0.000,-6.000,-6,-6,220,220,24312,29815,29865,,5553,,50,,,,,,50
4803,54,319,1,0,0,0x01,0,18,0,6,6.000,0.000,-6.000,-6,-6,220,220,24312,29865,29915,,5603,,50,,,,,,50
4804,54,319,1,0,0,0x01,0,18,0,6,6.000,0.000,-6.000,-6,-6,220,220,24312,29915,29965,,5653,,50,,,,,,50
4805,54,319,1,0,0,0x01,0,18,0,7,6.000,0.000,-6.000,-6,-6,220,220,24312,29965,30015,,5703,,50,,,,,,50
4806,54,319,1,0,0,0x01,0,18,0,7,6.000,0.000,-6.000,-6,-6,220,220,24312,30015,30065,,5753,,50,,,,,,50
4807,54,319,1,0,0,0x01,0,18,0,7,6.000,0.000,-6.000,-6,-6,220,220,24312,30065,30115,,5803,,50,,,,,,50
4808,54,319,1,0,0,0x01,0,18,0,8,6.000,0.000,-6.000,-6,-6,220,220,24312,30115,30165,,5853,,50,,,,,,50
4809,54,319,1,0,0,0x01,0,18,0,8,6.000,0.000,-6.000,-6,-6,220,220,24312,30165,30215,,5903,,50,,,,,,50
4810,54,319,1,0,0,0x01,0,18,0,8,6.000,0.000,-6.000,-6,-6,220,220,24312,30215,30265,,5953,,50,,,,,,50
4811,54,319,1,0,0,0x01,0,18,0,9,6.000,0.000,-6.000,-6,-6,220,220,24312,30265,30315,,6003,,50,,,,,,50
4812,54,319,1,0,0,0x01,0,18,0,9,6.000,0.000,-6.000,-6,-6,220,220,24312,30315,30365,,6053,,50,,,,,,50
4813,54,319,1,0,0,0x01,0,18,0,10,6.000,0.000,-6.000,-6,-6,220,220,24312,30365,30415,,6103,,50,,,,,,50
4814,54,319,1,0,0,0x01,0,18,0,10,6.000,0.000,-6.000,-6,-6,220,220,24312,30415,30465,,6153,,50,,,,,,50
4815,54,319,1,0,0,0x01,0,18,0,10,6.000,0.000,-6.000,-6,-6,220,220,24312,30465,30515,,6203,,50,,,,,,50
4816,54,319,1,0,0,0x01,4,18,0,11,7.333,0.000,-7.333,-6,-7,220,220,24312,30515,30565,,6253,,50,,,,,,50
4817,54,319,1,0,0,0x01,0,18,0,11,6.000,0.000,-6.000,-7,-6,220,220,24312,30565,30615,,6303,,50,,,,,,50
4818,54,319,1,0,0,0x01,0,18,0,11,6.000,0.000,-6.000,-6,-6,220,220,24312,30615,30665,,6353,,50,,,,,,50
4819,54,319,1,0,0,0x01,0,18,0,11,6.000,0.000,-6.000,-6,-6,220,220,24312,30665,30715,,6403,,50,,,,,,50
4820,54,319,1,0,0,0x01,0,18,0,12,6.000,0.000,-6.000,-6,-6,220,220,24312,30715,30765,,6453,,50,,,,,,50
4821,54,320,2,0,0,0x02,3,53,21,36,25.667,53.000,27.333,29,28,220,220,31295,36815,36865,,5570,,50,,,,,,50
4822,54,320,2,0,0,0x02,3,52,20,36,25.000,52.000,27.000,28,27,220,220,31295,36865,36915,,5620,,50,,,,,,50
4823,54,320,2,0,0,0x02,3,52,20,35,25.000,52.000,27.000,27,27,220,220,31295,36915,36965,,5670,,50,,,,,,50
4824,54,320,2,0,0,0x02,3,50,20,35,24.333,50.000,25.667,27,26,220,220,31295,36965,37015,,5720,,50,,,,,,50
4825,54,320,2,0,0,0x02,3,50,20,35,24.333,50.000,25.667,26,26,220,220,31295,37015,37065,,5770,,50,,,,,,50
4826,54,320,2,0,0,0x02,3,50,21,35,24.667,50.000,25.333,26,26,220,220,31295,37065,37115,,5820,,50,,,,,,50
4827,54,320,2,0,0,0x02,3,48,20,34,23.667,48.000,24.333,26,25,220,220,31295,37115,37165,,5870,,50,,,,,,50
4828,54,320,2,0,0,0x02,3,47,20,34,23.333,47.000,23.667,25,24,220,220,31295,37165,37215,,5920,,50,,,,,,50
4829,54,320,2,0,0,0x02,3,47,20,34,23.333,47.000,23.667,24,24,220,220,31295,37215,37265,,5970,,50,,,,,,50
4830,54,320,2,0,0,0x02,3,46,20,33,23.000,46.000,23.000,24,23,220,220,31295,37265,37315,,6020,,50,,,,,,50
4831,54,320,2,0,0,0x02,2,45,20,33,22.333,45.000,22.667,23,23,220,220,31295,37315,37365,,6070,,50,,,,,,50
4832,54,320,2,0,0,0x02,2,44,20,32,22.000,44.000,22.000,23,22,220,220,31295,37365,37415,,6120,,50,,,,,,50
4833,54,320,2,0,0,0x02,2,43,20,33,21.667,43.000,21.333,22,22,220,220,31295,37415,37465,,6170,,50,,,,,,50
4834,54,320,2,0,0,0x02,2,42,20,32,21.333,42.000,20.667,22,21,220,220,31295,37465,37515,,6220,,50,,,,,,50
4835,54,320,2,0,0,0x02,6,41,20,32,22.333,41.000,18.667,21,19,220,220,31295,37515,37565,,6270,,50,,,,,,50
4836,54,320,2,0,0,0x02,2,40,20,31,20.667,40.000,19.333,19,20,220,220,31295,37565,37615,,6320,,50,,,,,,50
4837,54,320,2,0,0,0x02,2,40,20,31,20.667,40.000,19.333,20,20,220,220,31295,37615,37665,,6370,,50,,,,,,50
4838,54,320,2,0,0,0x02,2,38,20,31,20.000,38.000,18.000,20,18,220,220,31295,37665,37715,,6420,,50,,,,,,50
4839,54,320,2,0,0,0x02,2,37,19,31,19.333,37.000,17.667,18,18,220,220,31295,37715,37765,,6470,,50,,,,,,50
4840,54,320,2,0,0,0x02,2,36,20,30,19.333,36.000,16.667,18,17,220,220,31295,37765,37815,,6520,,50,,,,,,50
4841,54,321,3,0,0,0x03,0,0,16,5,5.333,0.000,-5.333,-5,-5,220,220,38259,43865,43915,,5656,,50,,,,,,50
4842,54,321,3,0,0,0x03,0,0,17,6,5.667,0.000,-5.667,-5,-5,220,220,38259,43915,43965,,5706,,50,,,,,,50
4843,54,321,3,0,0,0x03,0,0,17,6,5.667,0.000,-5.667,-5,-5,220,220,38259,43965,44015,,5756,,50,,,,,,50
4844,54,321,3,0,0,0x03,0,0,16,6,5.333,0.000,-5.333,-5,-5,220,220,38259,44015,44065,,5806,,50,,,,,,50
4845,54,321,3,0,0,0x03,0,0,17,7,5.667,0.000,-5.667,-5,-5,220,220,38259,44065,44115,,5856,,50,,,,,,50
4846,54,321,3,0,0,0x03,0,0,17,7,5.667,0.000,-5.667,-5,-5,220,220,38259,44115,44165,,5906,,50,,,,,,50
4847,54,321,3,0,0,0x03,0,0,16,8,5.333,0.000,-5.333,-5,-5,220,220,38259,44165,44215,,5956,,50,,,,,,50
4848,54,321,3,0,0,0x03,0,0,16,8,5.333,0.000,-5.333,-5,-5,220,220,38259,44215,44265,,6006,,50,,,,,,50
4849,54,321,3,0,0,0x03,0,0,16,8,5.333,0.000,-5.333,-5,-5,220,220,38259,44265,44315,,6056,,50,,,,,,50
4850,54,321,3,0,0,0x03,0,0,17,9,5.667,0.000,-5.667,-5,-5,220,220,38259,44315,44365,,6106,,50,,,,,,50
4851,54,321,3,0,0,0x03,0,0,17,9,5.667,0.000,-5.667,-5,-5,220,220,38259,44365,44415,,6156,,50,,,,,,50
4852,54,321,3,0,0,0x03,0,0,17,9,5.667,0.000,-5.667,-5,-5,220,220,38259,44415,44465,,6206,,50,,,,,,50
4853,54,321,3,0,0,0x03,0,0,17,9,5.667,0.000,-5.667,-5,-5,220,220,38259,44465,44515,,6256,,50,,,,,,50
4854,54,321,3,0,0,0x03,0,0,17,10,5.667,0.000,-5.667,-5,-5,220,220,38259,44515,44565,,6306,,50,,,,,,50
4855,54,321,3,0,0,0x03,0,0,17,10,5.667,0.000,-5.667,-5,-5,220,220,38259,44565,44615,,6356,,50,,,,,,50
4856,54,321,3,0,0,0x03,0,0,17,10,5.667,0.000,-5.667,-5,-5,220,220,38259,44615,44665,,6406,,50,,,,,,50
4857,54,321,3,0,0,0x03,0,0,17,11,5.667,0.000,-5.667,-5,-5,220,220,38259,44665,44715,,6456,,50,,,,,,50
4858,54,321,3,0,0,0x03,0,0,17,11,5.667,0.000,-5.667,-5,-5,220,220,38259,44715,44765,,6506,,50,,,,,,50
4859,54,321,3,0,0,0x03,0,0,17,12,5.667,0.000,-5.667,-5,-5,220,220,38259,44765,44815,,6556,,50,,,,,,50
4860,54,321,3,0,0,0x03,0,0,17,12,5.667,0.000,-5.667,-5,-5,220,220,38259,44815,44865,,6606,,50,,,,,,50
4861,54,322,4,0,0,0x04,22,0,27,27,16.333,27.000,10.667,12,11,220,220,45243,50915,50965,,5722,,50,,,,,,50
4862,54,322,4,0,0,0x04,22,0,26,26,16.000,26.000,10.000,11,10,220,220,45243,50965,51015,,5772,,50,,,,,,50
4863,54,322,4,0,0,0x04,22,0,26,26,16.000,26.000,10.000,10,10,220,220,45243,51015,51065,,5822,,50,,,,,,50
4864,54,322,4,0,0,0x04,22,0,24,26,15.333,24.000,8.667,10,9,220,220,45243,51065,51115,,5872,,50,,,,,,50
4865,54,322,4,0,0,0x04,22,0,23,26,15.000,23.000,8.000,9,8,220,220,45243,51115,51165,,5922,,50,,,,,,50
4866,54,322,4,0,0,0x04,22,0,22,25,14.667,22.000,7.333,8,8,220,220,45243,51165,51215,,5972,,50,,,,,,50
4867,54,322,4,0,0,0x04,22,0,22,25,14.667,22.000,7.333,8,8,220,220,45243,51215,51265,,6022,,50,,,,,,50
4868,54,322,4,0,0,0x04,21,0,20,24,13.667,20.000,6.333,8,7,220,220,45243,51265,51315,,6072,,50,,,,,,50
4869,54,322,4,0,0,0x04,21,0,19,24,13.333,19.000,5.667,7,6,220,220,45243,51315,51365,,6122,,50,,,,,,50
4870,54,322,4,0,0,0x04,21,0,18,23,13.000,18.000,5.000,6,5,220,220,45243,51365,51415,,6172,,50,,,,,,50
4871,54,322,4,0,0,0x04,21,0,17,23,12.667,17.000,4.333,5,5,220,220,45243,51415,51465,,6222,,50,,,,,,50
4872,54,322,4,0,0,0x04,21,0,16,22,12.333,16.000,3.667,5,4,220,220,45243,51465,51515,,6272,,50,,,,,,50
4873,54,322,4,0,0,0x04,25,0,15,22,13.333,15.000,1.667,4,2,220,220,45243,51515,51565,,6322,,50,,,,,,50
4874,54,322,4,0,0,0x04,20,0,14,22,11.333,14.000,2.667,2,3,220,220,45243,51565,51615,,6372,,50,,,,,,50
4875,54,322,4,0,0,0x04,21,0,13,21,11.333,13.000,1.667,3,2,220,220,45243,51615,51665,,6422,,50,,,,,,50
4876,54,322,4,0,0,0x04,21,0,11,21,10.667,11.000,0.333,2,1,220,220,45243,51665,51715,,6472,,50,,,,,,50
4877,54,322,4,0,0,0x04,21,0,10,21,10.333,10.000,-0.333,1,0,220,220,45243,51715,51765,,6522,,50,,,,,,50
4878,54,322,4,0,0,0x04,21,0,9,20,10.000,9.000,-1.000,0,-1,220,220,45243,51765,51815,,6572,,50,,,,,,50
4879,54,322,4,0,0,0x04,21,0,8,20,9.667,8.000,-1.667,-1,-1,220,220,45243,51815,51865,,6622,,50,,,,,,50
4880,54,322,4,0,0,0x04,20,0,7,19,9.000,7.000,-2.000,-1,-2,220,220,45243,51865,51915,,6672,,50,,,,,,50
4881,54,323,5,0,0,0x05,18,0,0,0,6.000,0.000,-6.000,-6,-6,220,220,52208,57965,58015,,5807,,50,,,,,,50
4882,54,323,5,0,0,0x05,18,0,0,0,6.000,0.000,-6.000,-6,-6,220,220,52208,58015,58065,,5857,,50,,,,,,50
4883,54,323,5,0,0,0x05,18,0,0,0,6.000,0.000,-6.000,-6,-6,220,220,52208,58065,58115,,5907,,50,,,,,,50
4884,54,323,5,0,0,0x05,18,0,0,0,6.000,0.000,-6.000,-6,-6,220,220,52208,58115,58165,,5957,,50,,,,,,50
4885,54,323,5,0,0,0x05,19,0,0,1,6.333,0.000,-6.333,-6,-6,220,220,52208,58165,58215,,6007,,50,,,,,,50
4886,54,323,5,0,0,0x05,18,0,0,1,6.000,0.000,-6.000,-6,-6,220,220,52208,58215,58265,,6057,,50,,,,,,50
4887,54,323,5,0,0,0x05,19,0,0,1,6.333,0.000,-6.333,-6,-6,220,220,52208,58265,58315,,6107,,50,,,,,,50
4888,54,323,5,0,0,0x05,18,0,0,2,6.000,0.000,-6.000,-6,-6,220,220,52208,58315,58365,,6157,,50,,,,,,50
4889,54,323,5,0,0,0x05,19,0,0,2,6.333,0.000,-6.333,-6,-6,220,220,52208,58365,58415,,6207,,50,,,,,,50
4890,54,323,5,0,0,0x05,19,0,0,3,6.333,0.000,-6.333,-6,-6,220,220,52208,58415,58465,,6257,,50,,,,,,50
4891,54,323,5,0,0,0x05,19,0,0,3,6.333,0.000,-6.333,-6,-6,220,220,52208,58465,58515,,6307,,50,,,,,,50
4892,54,323,5,0,0,0x05,23,0,0,4,7.667,0.000,-7.667,-6,-7,220,220,52208,58515,58565,,6357,,50,,,,,,50
4893,54,323,5,0,0,0x05,19,0,0,5,6.333,0.000,-6.333,-7,-6,220,220,52208,58565,58615,,6407,,50,,,,,,50
4894,54,323,5,0,0,0x05,19,0,0,5,6.333,0.000,-6.333,-6,-6,220,220,52208,58615,58665,,6457,,50,,,,,,50
4895,54,323,5,0,0,0x05,19,0,0,5,6.333,0.000,-6.333,-6,-6,220,220,52208,58665,58715,,6507,,50,,,,,,50
4896,54,323,5,0,0,0x05,19,0,0,5,6.333,0.000,-6.333,-6,-6,220,220,52208,58715,58765,,6557,,50,,,,,,50
4897,54,323,5,0,0,0x05,19,0,0,6,6.333,0.000,-6.333,-6,-6,220,220,52208,58765,58815,,6607,,50,,,,,,50
4898,54,323,5,0,0,0x05,19,0,0,7,6.333,0.000,-6.333,-6,-6,220,220,52208,58815,58865,,6657,,50,,,,,,50
4899,54,323,5,0,0,0x05,19,0,0,7,6.333,0.000,-6.333,-6,-6,220,220,52208,58865,58915,,6707,,50,,,,,,50
4900,54,323,5,0,0,0x05,19,0,0,7,6.333,0.000,-6.333,-6,-6,220,220,52208,58915,58965,,6757,,50,,,,,,50
4901,54,324,6,0,0,0x06,33,20,0,28,17.667,33.000,15.333,16,16,220,220,59192,65015,65065,,5873,,50,,,,,,50
4902,54,324,6,0,0,0x06,32,20,0,28,17.333,32.000,14.667,16,15,220,220,59192,65065,65115,,5923,,50,,,,,,50
4903,54,324,6,0,0,0x06,32,20,0,27,17.333,32.000,14.667,15,15,220,220,59192,65115,65165,,5973,,50,,,,,,50
4904,54,324,6,0,0,0x06,31,20,0,27,17.000,31.000,14.000,15,14,220,220,59192,65165,65215,,6023,,50,,,,,,50
4905,54,324,6,0,0,0x06,30,20,0,27,16.667,30.000,13.333,14,14,220,220,59192,65215,65265,,6073,,50,,,,,,50
4906,54,324,6,0,0,0x06,29,20,0,27,16.333,29.000,12.667,14,13,220,220,59192,65265,65315,,6123,,50,,,,,,50
4907,54,324,6,0,0,0x06,29,20,0,26,16.333,29.000,12.667,13,13,220,220,59192,65315,65365,,6173,,50,,,,,,50
4908,54,324,6,0,0,0x06,28,20,0,26,16.000,28.000,12.000,13,12,220,220,59192,65365,65415,,6223,,50,,,,,,50
4909,54,324,6,0,0,0x06,27,20,0,26,15.667,27.000,11.333,12,12,220,220,59192,65415,65465,,6273,,50,,,,,,50
4910,54,324,6,0,0,0x06,26,19,0,26,15.000,26.000,11.000,12,11,220,220,59192,65465,65515,,6323,,50,,,,,,50
4911,54,324,6,0,0,0x06,30,20,0,26,16.667,30.000,13.333,11,14,220,220,59192,65515,29,,6373,,50,,,,,,50
4912,54,324,6,0,0,0x06,25,19,0,25,14.667,25.000,10.333,14,11,220,220,59192,29,79,,6423,,50,,,,,,50
4913,54,324,6,0,0,0x06,24,19,0,25,14.333,24.000,9.667,11,10,220,220,59192,79,129,,6473,,50,,,,,,50
4914,54,324,6,0,0,0x06,23,20,0,24,14.333,23.000,8.667,10,9,220,220,59192,129,179,,6523,,50,,,,,,50
4915,54,324,6,0,0,0x06,23,19,0,24,14.000,23.000,9.000,9,9,220,220,59192,179,229,,6573,,50,,,,,,50
4916,54,324,6,0,0,0x06,22,19,0,24,13.667,22.000,8.333,9,9,220,220,59192,229,279,,6623,,50,,,,,,50
4917,54,324,6,0,0,0x06,21,19,0,23,13.333,21.000,7.667,9,8,220,220,59192,279,329,,6673,,50,,,,,,50
4918,54,324,6,0,0,0x06,20,19,0,23,13.000,20.000,7.000,8,7,220,220,59192,329,379,,6723,,50,,,,,,50
4919,54,324,6,0,0,0x06,19,18,0,23,12.333,19.000,6.667,7,7,220,220,59192,379,429,,6773,,50,,,,,,50
4920,54,324,6,0,0,0x06,18,19,0,22,12.333,18.000,5.667,7,6,220,220,59192,429,479,,6823,,50,,,,,,50
4921,55,325,1,0,0,0x01,0,19,0,8,6.333,0.000,-6.333,-6,-6,220,220,621,6529,6579,,5958,,50,,,,,,50
4922,55,325,1,0,0,0x01,0,18,0,9,6.000,0.000,-6.000,-6,-6,220,220,621,6579,6629,,6008,,50,,,,,,50
4923,55,325,1,0,0,0x01,0,18,0,9,6.000,0.000,-6.000,-6,-6,220,220,621,6629,6679,,6058,,50,,,,,,50
4924,55,325,1,0,0,0x01,0,18,0,10,6.000,0.000,-6.000,-6,-6,220,220,621,6679,6729,,6108,,50,,,,,,50
4925,55,325,1,0,0,0x01,0,18,0,11,6.000,0.000,-6.000,-6,-6,220,220,621,6729,6779,,6158,,50,,,,,,50
4926,55,325,1,0,0,0x01,0,18,0,11,6.000,0.000,-6.000,-6,-6,220,220,621,6779,6829,,6208,,50,,,,,,50
4927,55,325,1,0,0,0x01,0,19,0,11,6.333,0.000,-6.333,-6,-6,220,220,621,6829,6879,,6258,,50,,,,,,50
4928,55,325,1,0,0,0x01,0,19,0,12,6.333,0.000,-6.333,-6,-6,220,220,621,6879,6929,,6308,,50,,,,,,50
4929,55,325,1,0,0,0x01,0,19,0,13,6.333,0.000,-6.333,-6,-6,220,220,621,6929,6979,,6358,,50,,,,,,50
4930,55,325,1,0,0,0x01,4,19,0,13,7.667,0.000,-7.667,-6,-7,220,220,621,6979,7029,,6408,,50,,,,,,50
4931,55,325,1,0,0,0x01,0,18,0,13,6.000,0.000,-6.000,-7,-6,220,220,621,7029,7079,,6458,,50,,,,,,50
4932,55,325,1,0,0,0x01,0,18,0,14,6.000,0.000,-6.000,-6,-6,220,220,621,7079,7129,,6508,,50,,,,,,50
4933,55,325,1,0,0,0x01,0,19,0,14,6.333,0.000,-6.333,-6,-6,220,220,621,7129,7179,,6558,,50,,,,,,50
4934,55,325,1,0,0,0x01,0,19,0,14,6.333,0.000,-6.333,-6,-6,220,220,621,7179,7229,,6608,,50,,,,,,50
4935,55,325,1,0,0,0x01,0,18,0,15,6.000,0.000,-6.000,-6,-6,220,220,621,7229,7279,,6658,,50,,,,,,50
4936,55,325,1,0,0,0x01,0,19,0,16,6.333,0.000,-6.333,-6,-6,220,220,621,7279,7329,,6708,,50,,,,,,50
4937,55,325,1,0,0,0x01,1,19,0,16,6.667,0.000,-6.667,-6,-6,220,220,621,7329,7379,,6758,,50,,,,,,50
4938,55,325,1,0,0,0x01,1,19,0,17,6.667,0.000,-6.667,-6,-6,220,220,621,7379,7429,,6808,,50,,,,,,50
4939,55,325,1,0,0,0x01,1,19,1,17,7.000,1.000,-6.000,-6,-6,220,220,621,7429,7479,,6858,,50,,,,,,50
4940,55,326,2,0,0,0x02,1,19,2,18,7.333,19.000,11.667,-6,12,220,220,621,7479,7529,,6908,,50,,,,,,50
4941,55,326,2,0,0,0x02,4,65,21,41,30.000,65.000,35.000,35,35,220,220,7607,12579,12629,,5022,,50,,,,,,50
4942,55,326,2,0,0,0x02,4,65,21,40,30.000,65.000,35.000,35,35,220,220,7607,12629,12679,,5072,,50,,,,,,50
4943,55,326,2,0,0,0x02,4,64,21,40,29.667,64.000,34.333,35,35,220,220,7607,12679,12729,,5122,,50,,,,,,50
4944,55,326,2,0,0,0x02,3,64,21,40,29.333,64.000,34.667,35,35,220,220,7607,12729,12779,,5172,,50,,,,,,50
4945,55,326,2,0,0,0x02,3,64,21,40,29.333,64.000,34.667,35,35,220,220,7607,12779,12829,,5222,,50,,,,,,50
4946,55,326,2,0,0,0x02,3,62,21,40,28.667,62.000,33.333,35,34,220,220,7607,12829,12879,,5272,,50,,,,,,50
4947,55,326,2,0,0,0x02,3,62,21,40,28.667,62.000,33.333,34,34,220,220,7607,12879,12929,,5322,,50,,,,,,50
4948,55,326,2,0,0,0x02,3,62,21,39,28.667,62.000,33.333,34,34,220,220,7607,12929,12979,,5372,,50,,,,,,50
4949,55,326,2,0,0,0x02,8,62,21,40,30.333,62.000,31.667,34,32,220,220,7607,12979,13029,,5422,,50,,,,,,50
4950,55,326,2,0,0,0x02,3,60,21,39,28.000,60.000,32.000,32,32,220,220,7607,13029,13079,,5472,,50,,,,,,50
4951,55,326,2,0,0,0x02,3,60,21,39,28.000,60.000,32.000,32,32,220,220,7607,13079,13129,,5522,,50,,,,,,50
4952,55,326,2,0,0,0x02,3,60,21,39,28.000,60.000,32.000,32,32,220,220,7607,13129,13179,,5572,,50,,,,,,50
4953,55,326,2,0,0,0x02,3,59,21,38,27.667,59.000,31.333,32,32,220,220,7607,13179,13229,,5622,,50,,,,,,50
4954,55,327,3,0,0,0x03,3,58,21,22,27.333,3.000,-24.333,7,7,220,220,14571,15279,15329,,758,,50,,,,,,50
4955,55,328,2,0,0,0x02,3,58,21,38,27.333,58.000,30.667,31,31,220,220,7607,13279,13329,,5722,,50,,,,,,50
4956,55,329,3,0,0,0x03,3,1,17,21,7.000,3.000,-4.000,6,4,220,220,14571,15379,15429,,858,,50,,,,,,50
4957,55,330,2,0,0,0x02,3,57,21,37,27.000,57.000,30.000,31,30,220,220,7607,13379,13429,,5822,,50,,,,,,50
4958,56,331,3,0,0,0x03,13,1,16,21,10.000,13.000,3.000,3,3,220,220,14571,15479,15529,,958,,50,,,,,,50
4959,56,331,3,0,0,0x03,11,1,16,20,9.333,11.000,1.667,3,2,220,220,14571,15529,15579,,1008,,50,,,,,,50
4960,56,331,3,0,0,0x03,9,1,16,19,8.667,9.000,0.333,2,1,220,220,14571,15579,15629,,1058,,50,,,,,,50
4961,56,331,3,0,0,0x03,0,0,16,8,5.333,0.000,-5.333,-5,-5,220,220,14571,19629,19679,,5108,,50,,,,,,50
4962,56,331,3,0,0,0x03,0,0,17,8,5.667,0.000,-5.667,-5,-5,220,220,14571,19679,19729,,5158,,50,,,,,,50
4963,56,331,3,0,0,0x03,0,0,16,8,5.333,0.000,-5.333,-5,-5,220,220,14571,19729,19779,,5208,,50,,,,,,50
4964,56,331,3,0,0,0x03,0,0,16,8,5.333,0.000,-5.333,-5,-5,220,220,14571,19779,19829,,5258,,50,,,,,,50
4965,56,331,3,0,0,0x03,0,0,16,9,5.333,0.000,-5.333,-5,-5,220,220,14571,19829,19879,,5308,,50,,,,,,50
4966,56,331,3,0,0,0x03,0,0,17,10,5.667,0.000,-5.667,-5,-5,220,220,14571,19879,19929,,5358,,50,,,,,,50
4967,56,331,3,0,0,0x03,0,0,16,10,5.333,0.000,-5.333,-5,-5,220,220,14571,19929,19979,,5408,,50,,,,,,50
4968,56,331,3,0,0,0x03,0,0,17,10,5.667,0.000,-5.667,-5,-5,220,220,14571,19979,20029,,5458,,50,,,,,,50
4969,56,331,3,0,0,0x03,0,0,17,10,5.667,0.000,-5.667,-5,-5,220,220,14571,20029,20079,,5508,,50,,,,,,50
4970,56,331,3,0,0,0x03,0,0,17,11,5.667,0.000,-5.667,-5,-5,220,220,14571,20079,20129,,5558,,50,,,,,,50
4971,56,331,3,0,0,0x03,0,0,17,11,5.667,0.000,-5.667,-5,-5,220,220,14571,20129,20179,,5608,,50,,,,,,50
4972,56,331,3,0,0,0x03,0,0,17,11,5.667,0.000,-5.667,-5,-5,220,220,14571,20179,20229,,5658,,50,,,,,,50
4973,56,331,3,0,0,0x03,0,0,17,12,5.667,0.000,-5.667,-5,-5,220,220,14571,20229,20279,,5708,,50,,,,,,50
4974,56,331,3,0,0,0x03,0,0,17,12,5.667,0.000,-5.667,-5,-5,220,220,14571,20279,20329,,5758,,50,,,,,,50
4975,56,331,3,0,0,0x03,0,0,17,12,5.667,0.000,-5.667,-5,-5,220,220,14571,20329,20379,,5808,,50,,,,,,50
4976,56,331,3,0,0,0x03,0,0,17,12,5.667,0.000,-5.667,-5,-5,220,220,14571,20379,20429,,5858,,50,,,,,,50
4977,56,331,3,0,0,0x03,0,0,17,13,5.667,0.000,-5.667,-5,-5,220,220,14571,20429,20479,,5908,,50,,,,,,50
4978,56,331,3,0,0,0x03,0,0,17,13,5.667,0.000,-5.667,-5,-5,220,220,14571,22529,22579,,8008,,50,,,,,,50
4979,56,331,3,0,0,0x03,0,0,17,13,5.667,0.000,-5.667,-5,-5,220,220,14571,20529,20579,,6008,,50,,,,,,50
4980,56,332,4,0,0,0x04,20,0,9,21,9.667,9.000,-0.667,-2,0,220,220,21556,22629,22679,,1123,,50,,,,,,50
4981,56,332,4,0,0,0x04,25,1,61,40,29.000,61.000,32.000,33,32,220,220,21556,26679,26729,,5173,,50,,,,,,50
4982,56,332,4,0,0,0x04,25,1,60,40,28.667,60.000,31.333,32,32,220,220,21556,26729,26779,,5223,,50,,,,,,50
4983,56,332,4,0,0,0x04,25,1,59,39,28.333,59.000,30.667,32,31,220,220,21556,26779,26829,,5273,,50,,,,,,50
4984,56,332,4,0,0,0x04,24,1,58,38,27.667,58.000,30.333,31,31,220,220,21556,26829,26879,,5323,,50,,,,,,50
4985,56,332,4,0,0,0x04,24,0,57,38,27.000,57.000,30.000,31,30,220,220,21556,26879,26929,,5373,,50,,,,,,50
4986,56,332,4,0,0,0x04,25,0,56,38,27.000,56.000,29.000,30,29,220,220,21556,26929,26979,,5423,,50,,,,,,50
4987,56,332,4,0,0,0x04,29,0,55,38,28.000,55.000,27.000,29,27,220,220,21556,26979,27029,,5473,,50,,,,,,50
4988,56,332,4,0,0,0x04,24,0,54,37,26.000,54.000,28.000,27,28,220,220,21556,27029,27079,,5523,,50,,,,,,50
4989,56,332,4,0,0,0x04,24,0,53,37,25.667,53.000,27.333,28,28,220,220,21556,27079,27129,,5573,,50,,,,,,50
4990,56,332,4,0,0,0x04,24,0,52,36,25.333,52.000,26.667,28,27,220,220,21556,27129,27179,,5623,,50,,,,,,50
4991,56,332,4,0,0,0x04,24,0,50,36,24.667,50.000,25.333,27,26,220,220,21556,27179,27229,,5673,,50,,,,,,50
4992,56,332,4,0,0,0x04,24,0,50,35,24.667,50.000,25.333,26,26,220,220,21556,27229,27279,,5723,,50,,,,,,50
4993,56,332,4,0,0,0x04,24,0,49,35,24.333,49.000,24.667,26,25,220,220,21556,27279,27329,,5773,,50,,,,,,50
4994,56,332,4,0,0,0x04,24,0,48,34,24.000,48.000,24.000,25,24,220,220,21556,27329,27379,,5823,,50,,,,,,50
4995,56,332,4,0,0,0x04,24,0,46,34,23.333,46.000,22.667,24,23,220,220,21556,27379,27429,,5873,,50,,,,,,50
4996,56,332,4,0,0,0x04,24,0,45,34,23.000,45.000,22.000,23,22,220,220,21556,27429,27479,,5923,,50,,,,,,50
4997,56,332,4,0,0,0x04,24,0,45,33,23.000,45.000,22.000,22,22,220,220,21556,27479,27529,,5973,,50,,,,,,50
4998,56,332,4,0,0,0x04,23,0,43,33,22.000,43.000,21.000,22,21,220,220,21556,27529,27579,,6023,,50,,,,,,50
4999,56,332,4,0,0,0x04,23,0,42,32,21.667,42.000,20.333,21,21,220,220,21556,27579,27629,,6073,,50,,,,,,50
5000,56,332,4,0,0,0x04,23,0,41,32,21.333,41.000,19.667,21,20,220,220,21556,27629,27679,,6123,,50,,,,,,50
5001,56,333,5,0,0,0x05,18,0,0,2,6.000,0.000,-6.000,-6,-6,220,220,28520,33729,33779,,5259,,50,,,,,,50
5002,56,333,5,0,0,0x05,19,0,0,2,6.333,0.000,-6.333,-6,-6,220,220,28520,33779,33829,,5309,,50,,,,,,50
5003,56,333,5,0,0,0x05,19,0,0,3,6.333,0.000,-6.333,-6,-6,220,220,28520,33829,33879,,5359,,50,,,,,,50
5004,56,333,5,0,0,0x05,19,0,0,3,6.333,0.000,-6.333,-6,-6,220,220,28520,33879,33929,,5409,,50,,,,,,50
5005,56,333,5,0,0,0x05,19,0,0,4,6.333,0.000,-6.333,-6,-6,220,220,28520,33929,33979,,5459,,50,,,,,,50
5006,56,333,5,0,0,0x05,23,0,0,5,7.667,0.000,-7.667,-6,-7,220,220,28520,33979,34029,,5509,,50,,,,,,50
5007,56,333,5,0,0,0x05,19,0,0,4,6.333,0.000,-6.333,-7,-6,220,220,28520,34029,34079,,5559,,50,,,,,,50
5008,56,333,5,0,0,0x05,18,0,0,4,6.000,0.000,-6.000,-6,-6,220,220,28520,34079,34129,,5609,,50,,,,,,50
5009,56,333,5,0,0,0x05,19,0,0,5,6.333,0.000,-6.333,-6,-6,220,220,28520,34129,34179,,5659,,50,,,,,,50
5010,56,333,5,0,0,0x05,19,0,0,5,6.333,0.000,-6.333,-6,-6,220,220,28520,34179,34229,,5709,,50,,,,,,50
5011,56,333,5,0,0,0x05,19,0,0,5,6.333,0.000,-6.333,-6,-6,220,220,28520,34229,34279,,5759,,50,,,,,,50
5012,56,333,5,0,0,0x05,19,0,0,6,6.333,0.000,-6.333,-6,-6,220,220,28520,34279,34329,,5809,,50,,,,,,50
5013,56,333,5,0,0,0x05,19,0,0,6,6.333,0.000,-6.333,-6,-6,220,220,28520,34329,34379,,5859,,50,,,,,,50
5014,56,333,5,0,0,0x05,19,0,0,6,6.333,0.000,-6.333,-6,-6,220,220,28520,34379,34429,,5909,,50,,,,,,50
5015,56,333,5,0,0,0x05,19,0,0,7,6.333,0.000,-6.333,-6,-6,220,220,28520,34429,34479,,5959,,50,,,,,,50
5016,56,333,5,0,0,0x05,19,0,0,7,6.333,0.000,-6.333,-6,-6,220,220,28520,34479,34529,,6009,,50,,,,,,50
5017,56,333,5,0,0,0x05,19,0,0,8,6.333,0.000,-6.333,-6,-6,220,220,28520,34529,34579,,6059,,50,,,,,,50
5018,56,333,5,0,0,0x05,19,0,0,7,6.333,0.000,-6.333,-6,-6,220,220,28520,34579,34629,,6109,,50,,,,,,50
5019,56,333,5,0,0,0x05,19,0,0,8,6.333,0.000,-6.333,-6,-6,220,220,28520,34629,34679,,6159,,50,,,,,,50
5020,56,333,5,0,0,0x05,19,0,0,8,6.333,0.000,-6.333,-6,-6,220,220,28520,34679,34729,,6209,,50,,,,,,50
5021,56,334,6,0,0,0x06,50,21,0,34,23.667,50.000,26.333,27,27,220,220,35504,40779,40829,,5325,,50,,,,,,50
5022,56,334,6,0,0,0x06,49,21,0,34,23.333,49.000,25.667,27,26,220,220,35504,40829,40879,,5375,,50,,,,,,50
5023,56,334,6,0,0,0x06,48,21,0,34,23.000,48.000,25.000,26,25,220,220,35504,40879,40929,,5425,,50,,,,,,50
5024,56,334,6,0,0,0x06,47,21,0,34,22.667,47.000,24.333,25,25,220,220,35504,40929,40979,,5475,,50,,,,,,50
5025,56,334,6,0,0,0x06,50,21,0,33,23.667,50.000,26.333,25,27,220,220,35504,40979,41029,,5525,,50,,,,,,50
5026,56,334,6,0,0,0x06,45,21,0,33,22.000,45.000,23.000,27,23,220,220,35504,41029,41079,,5575,,50,,,,,,50
5027,56,334,6,0,0,0x06,44,21,0,32,21.667,44.000,22.333,23,23,220,220,35504,41079,41129,,5625,,50,,,,,,50
5028,56,334,6,0,0,0x06,43,21,0,31,21.333,43.000,21.667,23,22,220,220,35504,41129,41179,,5675,,50,,,,,,50
5029,56,334,6,0,0,0x06,42,21,0,31,21.000,42.000,21.000,22,21,220,220,35504,41179,41229,,5725,,50,,,,,,50
5030,56,334,6,0,0,0x06,41,21,0,31,20.667,41.000,20.333,21,21,220,220,35504,41229,41279,,5775,,50,,,,,,50
5031,56,334,6,0,0,0x06,40,21,0,31,20.333,40.000,19.667,21,20,220,220,35504,41279,41329,,5825,,50,,,,,,50
5032,56,334,6,0,0,0x06,38,20,0,30,19.333,38.000,18.667,20,19,220,220,35504,41329,41379,,5875,,50,,,,,,50
5033,56,334,6,0,0,0x06,38,20,0,29,19.333,38.000,18.667,19,19,220,220,35504,41379,41429,,5925,,50,,,,,,50
5034,56,334,6,0,0,0x06,37,20,0,29,19.000,37.000,18.000,19,18,220,220,35504,41429,41479,,5975,,50,,,,,,50
5035,56,334,6,0,0,0x06,35,20,0,29,18.333,35.000,16.667,18,17,220,220,35504,41479,41529,,6025,,50,,,,,,50
5036,56,334,6,0,0,0x06,34,20,0,28,18.000,34.000,16.000,17,16,220,220,35504,41529,41579,,6075,,50,,,,,,50
5037,56,334,6,0,0,0x06,34,20,0,28,18.000,34.000,16.000,16,16,220,220,35504,41579,41629,,6125,,50,,,,,,50
5038,56,334,6,0,0,0x06,32,20,0,27,17.333,32.000,14.667,16,15,220,220,35504,41629,41679,,6175,,50,,,,,,50
5039,56,334,6,0,0,0x06,31,20,0,27,17.000,31.000,14.000,15,14,220,220,35504,41679,41729,,6225,,50,,,,,,50
5040,56,334,6,0,0,0x06,30,20,0,27,16.667,30.000,13.333,14,14,220,220,35504,41729,41779,,6275,,50,,,,,,50
5041,56,335,1,0,0,0x01,0,18,0,5,6.000,0.000,-6.000,-6,-6,220,220,42469,47829,47879,,5410,,50,,,,,,50
5042,56,335,1,0,0,0x01,0,18,0,5,6.000,0.000,-6.000,-6,-6,220,220,42469,47879,47929,,5460,,50,,,,,,50
5043,56,335,1,0,0,0x01,0,18,0,5,6.000,0.000,-6.000,-6,-6,220,220,42469,47929,47979,,5510,,50,,,,,,50
5044,56,335,1,0,0,0x01,2,18,0,6,6.667,0.000,-6.667,-6,-6,220,220,42469,47979,48029,,5560,,50,,,,,,50
5045,56,335,1,0,0,0x01,0,18,0,6,6.000,0.000,-6.000,-6,-6,220,220,42469,48029,48079,,5610,,50,,,,,,50
5046,56,335,1,0,0,0x01,0,18,0,6,6.000,0.000,-6.000,-6,-6,220,220,42469,48079,48129,,5660,,50,,,,,,50
5047,56,335,1,0,0,0x01,0,18,0,7,6.000,0.000,-6.000,-6,-6,220,220,42469,48129,48179,,5710,,50,,,,,,50
5048,56,335,1,0,0,0x01,0,18,0,7,6.000,0.000,-6.000,-6,-6,220,220,42469,48179,48229,,5760,,50,,,,,,50
5049,56,335,1,0,0,0x01,0,18,0,8,6.000,0.000,-6.000,-6,-6,220,220,42469,48229,48279,,5810,,50,,,,,,50
5050,56,335,1,0,0,0x01,0,18,0,8,6.000,0.000,-6.000,-6,-6,220,220,42469,48279,48329,,5860,,50,,,,,,50
5051,56,335,1,0,0,0x01,0,18,0,8,6.000,0.000,-6.000,-6,-6,220,220,42469,48329,48379,,5910,,50,,,,,,50
5052,56,335,1,0,0,0x01,0,18,0,9,6.000,0.000,-6.000,-6,-6,220,220,42469,48379,48429,,5960,,50,,,,,,50
5053,56,335,1,0,0,0x01,0,18,0,9,6.000,0.000,-6.000,-6,-6,220,220,42469,48429,48479,,6010,,50,,,,,,50
5054,56,335,1,0,0,0x01,0,18,0,9,6.000,0.000,-6.000,-6,-6,220,220,42469,48479,48529,,6060,,50,,,,,,50
5055,56,335,1,0,0,0x01,0,18,0,9,6.000,0.000,-6.000,-6,-6,220,220,42469,48529,48579,,6110,,50,,,,,,50
5056,56,335,1,0,0,0x01,0,18,0,10,6.000,0.000,-6.000,-6,-6,220,220,42469,48579,48629,,6160,,50,,,,,,50
5057,56,335,1,0,0,0x01,0,18,0,11,6.000,0.000,-6.000,-6,-6,220,220,42469,48629,48679,,6210,,50,,,,,,50
5058,56,335,1,0,0,0x01,0,18,0,11,6.000,0.000,-6.000,-6,-6,220,220,42469,48679,48729,,6260,,50,,,,,,50
5059,56,335,1,0,0,0x01,0,18,0,11,6.000,0.000,-6.000,-6,-6,220,220,42469,48729,48779,,6310,,50,,,,,,50
5060,56,335,1,0,0,0x01,0,18,0,12,6.000,0.000,-6.000,-6,-6,220,220,42469,48779,48829,,6360,,50,,,,,,50
5061,56,336,2,0,0,0x02,3,67,22,41,30.667,67.000,36.333,37,37,220,220,49453,54879,54929,,5476,,50,,,,,,50
5062,56,336,2,0,0,0x02,3,66,22,41,30.333,66.000,35.667,37,36,220,220,49453,54929,54979,,5526,,50,,,,,,50
5063,56,336,2,0,0,0x02,7,65,22,41,31.333,65.000,33.667,36,34,220,220,49453,54979,55029,,5576,,50,,,,,,50
5064,56,336,2,0,0,0x02,2,65,22,40,29.667,65.000,35.333,34,36,220,220,49453,55029,55079,,5626,,50,,,,,,50
5065,56,336,2,0,0,0x02,3,63,22,39,29.333,63.000,33.667,36,34,220,220,49453,55079,55129,,5676,,50,,,,,,50
5066,56,336,2,0,0,0x02,3,62,21,39,28.667,62.000,33.333,34,34,220,220,49453,55129,55179,,5726,,50,,,,,,50
5067,56,336,2,0,0,0x02,3,61,22,39,28.667,61.000,32.333,34,33,220,220,49453,55179,55229,,5776,,50,,,,,,50
5068,56,336,2,0,0,0x02,3,60,21,38,28.000,60.000,32.000,33,32,220,220,49453,55229,55279,,5826,,50,,,,,,50
5069,56,336,2,0,0,0x02,3,59,21,38,27.667,59.000,31.333,32,32,220,220,49453,55279,55329,,5876,,50,,,,,,50
5070,56,336,2,0,0,0x02,2,58,21,38,27.000,58.000,31.000,32,31,220,220,49453,55329,55379,,5926,,50,,,,,,50
5071,56,336,2,0,0,0x02,3,57,21,38,27.000,57.000,30.000,31,30,220,220,49453,55379,55429,,5976,,50,,,,,,50
5072,56,336,2,0,0,0x02,2,56,21,37,26.333,56.000,29.667,30,30,220,220,49453,55429,55479,,6026,,50,,,,,,50
5073,56,336,2,0,0,0x02,3,55,21,36,26.333,55.000,28.667,30,29,220,220,49453,55479,55529,,6076,,50,,,,,,50
5074,56,336,2,0,0,0x02,2,54,21,36,25.667,54.000,28.333,29,29,220,220,49453,55529,55579,,6126,,50,,,,,,50
5075,56,336,2,0,0,0x02,3,53,21,36,25.667,53.000,27.333,29,28,220,220,49453,55579,55629,,6176,,50,,,,,,50
5076,56,336,2,0,0,0x02,2,52,21,36,25.000,52.000,27.000,28,27,220,220,49453,55629,55679,,6226,,50,,,,,,50
5077,56,336,2,0,0,0x02,3,51,21,35,25.000,51.000,26.000,27,26,220,220,49453,55679,55729,,6276,,50,,,,,,50
5078,56,336,2,0,0,0x02,2,50,21,34,24.333,50.000,25.667,26,26,220,220,49453,55729,55779,,6326,,50,,,,,,50
5079,56,336,2,0,0,0x02,2,49,20,34,23.667,49.000,25.333,26,26,220,220,49453,55779,55829,,6376,,50,,,,,,50
5080,56,336,2,0,0,0x02,2,47,20,34,23.000,47.000,24.000,26,24,220,220,49453,55829,55879,,6426,,50,,,,,,50
5081,57,337,3,0,0,0x03,0,0,16,9,5.333,0.000,-5.333,-5,-5,220,220,56418,61929,61979,,5561,,50,,,,,,50
5082,57,337,3,0,0,0x03,0,0,16,10,5.333,0.000,-5.333,-5,-5,220,220,56418,61979,62029,,5611,,50,,,,,,50
5083,57,337,3,0,0,0x03,0,0,17,10,5.667,0.000,-5.667,-5,-5,220,220,56418,62029,62079,,5661,,50,,,,,,50
5084,57,337,3,0,0,0x03,0,0,17,10,5.667,0.000,-5.667,-5,-5,220,220,56418,62079,62129,,5711,,50,,,,,,50
5085,57,337,3,0,0,0x03,0,0,17,10,5.667,0.000,-5.667,-5,-5,220,220,56418,62129,62179,,5761,,50,,,,,,50
5086,57,337,3,0,0,0x03,0,0,17,11,5.667,0.000,-5.667,-5,-5,220,220,56418,62179,62229,,5811,,50,,,,,,50
5087,57,337,3,0,0,0x03,0,0,17,11,5.667,0.000,-5.667,-5,-5,220,220,56418,62229,62279,,5861,,50,,,,,,50
5088,57,337,3,0,0,0x03,0,0,17,11,5.667,0.000,-5.667,-5,-5,220,220,56418,62279,62329,,5911,,50,,,,,,50
5089,57,337,3,0,0,0x03,0,0,17,12,5.667,0.000,-5.667,-5,-5,220,220,56418,62329,62379,,5961,,50,,,,,,50
5090,57,337,3,0,0,0x03,0,0,17,12,5.667,0.000,-5.667,-5,-5,220,220,56418,62379,62429,,6011,,50,,,,,,50
5091,57,337,3,0,0,0x03,0,0,17,12,5.667,0.000,-5.667,-5,-5,220,220,56418,62429,62479,,6061,,50,,,,,,50
5092,57,337,3,0,0,0x03,0,0,17,12,5.667,0.000,-5.667,-5,-5,220,220,56418,62479,62529,,6111,,50,,,,,,50
5093,57,337,3,0,0,0x03,0,0,17,13,5.667,0.000,-5.667,-5,-5,220,220,56418,62529,62579,,6161,,50,,,,,,50
5094,57,337,3,0,0,0x03,0,0,17,13,5.667,0.000,-5.667,-5,-5,220,220,56418,62579,62629,,6211,,50,,,,,,50
5095,57,337,3,0,0,0x03,0,0,17,13,5.667,0.000,-5.667,-5,-5,220,220,56418,62629,62679,,6261,,50,,,,,,50
5096,57,337,3,0,0,0x03,0,0,17,13,5.667,0.000,-5.667,-5,-5,220,220,56418,62679,62729,,6311,,50,,,,,,50
5097,57,337,3,0,0,0x03,0,0,17,14,5.667,0.000,-5.667,-5,-5,220,220,56418,62729,62779,,6361,,50,,,,,,50
5098,57,337,3,0,0,0x03,0,0,17,14,5.667,0.000,-5.667,-5,-5,220,220,56418,62779,62829,,6411,,50,,,,,,50
5099,57,337,3,0,0,0x03,0,0,17,14,5.667,0.000,-5.667,-5,-5,220,220,56418,62829,62879,,6461,,50,,,,,,50
5100,57,337,3,0,0,0x03,0,0,17,15,5.667,0.000,-5.667,-5,-5,220,220,56418,62879,62929,,6511,,50,,,,,,50
5101,57,338,4,0,0,0x04,27,0,38,32,21.667,38.000,16.333,19,17,220,220,63402,3443,3493,,5627,,50,,,,,,50
5102,57,338,4,0,0,0x04,23,0,36,30,19.667,36.000,16.333,17,17,220,220,63402,3493,3543,,5677,,50,,,,,,50
5103,57,338,4,0,0,0x04,23,0,35,30,19.333,35.000,15.667,17,16,220,220,63402,3543,3593,,5727,,50,,,,,,50
5104,57,338,4,0,0,0x04,22,0,34,30,18.667,34.000,15.333,16,16,220,220,63402,3593,3643,,5777,,50,,,,,,50
5105,57,338,4,0,0,0x04,22,0,34,29,18.667,34.000,15.333,16,16,220,220,63402,3643,3693,,5827,,50,,,,,,50
5106,57,338,4,0,0,0x04,22,0,32,29,18.000,32.000,14.000,16,14,220,220,63402,3693,3743,,5877,,50,,,,,,50
5107,57,338,4,0,0,0x04,22,0,31,28,17.667,31.000,13.333,14,14,220,220,63402,3743,3793,,5927,,50,,,,,,50
5108,57,338,4,0,0,0x04,22,0,30,28,17.333,30.000,12.667,14,13,220,220,63402,3793,3843,,5977,,50,,,,,,50
5109,57,338,4,0,0,0x04,22,0,29,27,17.000,29.000,12.000,13,12,220,220,63402,3843,3893,,6027,,50,,,,,,50
5110,57,338,4,0,0,0x04,22,0,27,27,16.333,27.000,10.667,12,11,220,220,63402,3893,3943,,6077,,50,,,,,,50
5111,57,338,4,0,0,0x04,22,0,26,26,16.000,26.000,10.000,11,10,220,220,63402,3943,3993,,6127,,50,,,,,,50
5112,57,338,4,0,0,0x04,22,0,25,26,15.667,25.000,9.333,10,10,220,220,63402,3993,4043,,6177,,50,,,,,,50
5113,57,338,4,0,0,0x04,22,0,24,26,15.333,24.000,8.667,10,9,220,220,63402,4043,4093,,6227,,50,,,,,,50
5114,57,338,4,0,0,0x04,21,0,23,25,14.667,23.000,8.333,9,9,220,220,63402,4093,4143,,6277,,50,,,,,,50
5115,57,338,4,0,0,0x04,22,0,21,25,14.333,21.000,6.667,9,7,220,220,63402,4143,4193,,6327,,50,,,,,,50
5116,57,338,4,0,0,0x04,22,0,20,25,14.000,20.000,6.000,7,6,220,220,63402,4193,4243,,6377,,50,,,,,,50
5117,57,338,4,0,0,0x04,21,0,19,24,13.333,19.000,5.667,6,6,220,220,63402,4243,4293,,6427,,50,,,,,,50
5118,57,338,4,0,0,0x04,21,0,18,24,13.000,18.000,5.000,6,5,220,220,63402,4293,4343,,6477,,50,,,,,,50
5119,57,338,4,0,0,0x04,21,0,17,23,12.667,17.000,4.333,5,5,220,220,63402,4343,4393,,6527,,50,,,,,,50
5120,57,338,4,0,0,0x04,21,0,16,23,12.333,16.000,3.667,5,4,220,220,63402,4393,4443,,6577,,50,,,,,,50
5121,57,339,5,0,0,0x05,18,0,0,0,6.000,0.000,-6.000,-7,-6,220,220,4830,10493,10543,,5713,,50,,,,,,50
5122,57,339,5,0,0,0x05,18,0,0,0,6.000,0.000,-6.000,-6,-6,220,220,4830,10543,10593,,5763,,50,,,,,,50
5123,57,339,5,0,0,0x05,18,0,0,0,6.000,0.000,-6.000,-6,-6,220,220,4830,10593,10643,,5813,,50,,,,,,50
5124,57,339,5,0,0,0x05,18,0,0,0,6.000,0.000,-6.000,-6,-6,220,220,4830,10643,10693,,5863,,50,,,,,,50
5125,57,339,5,0,0,0x05,19,0,0,0,6.333,0.000,-6.333,-6,-6,220,220,4830,10693,10743,,5913,,50,,,,,,50
5126,57,339,5,0,0,0x05,18,0,0,0,6.000,0.000,-6.000,-6,-6,220,220,4830,10743,10793,,5963,,50,,,,,,50
5127,57,339,5,0,0,0x05,18,0,0,0,6.000,0.000,-6.000,-6,-6,220,220,4830,10793,10843,,6013,,50,,,,,,50
5128,57,339,5,0,0,0x05,18,0,0,1,6.000,0.000,-6.000,-6,-6,220,220,4830,10843,10893,,6063,,50,,,,,,50
5129,57,339,5,0,0,0x05,19,0,0,1,6.333,0.000,-6.333,-6,-6,220,220,4830,10893,10943,,6113,,50,,,,,,50
5130,57,339,5,0,0,0x05,18,0,0,1,6.000,0.000,-6.000,-6,-6,220,220,4830,10943,10993,,6163,,50,,,,,,50
5131,57,339,5,0,0,0x05,19,0,0,2,6.333,0.000,-6.333,-6,-6,220,220,4830,10993,11043,,6213,,50,,,,,,50
5132,57,339,5,0,0,0x05,18,0,0,2,6.000,0.000,-6.000,-6,-6,220,220,4830,11043,11093,,6263,,50,,,,,,50
5133,57,339,5,0,0,0x05,18,0,0,2,6.000,0.000,-6.000,-6,-6,220,220,4830,11093,11143,,6313,,50,,,,,,50
5134,57,339,5,0,0,0x05,18,0,0,3,6.000,0.000,-6.000,-6,-6,220,220,4830,11143,11193,,6363,,50,,,,,,50
5135,57,339,5,0,0,0x05,19,0,0,3,6.333,0.000,-6.333,-6,-6,220,220,4830,11193,11243,,6413,,50,,,,,,50
5136,57,339,5,0,0,0x05,18,0,0,3,6.000,0.000,-6.000,-6,-6,220,220,4830,11243,11293,,6463,,50,,,,,,50
5137,57,339,5,0,0,0x05,19,0,0,4,6.333,0.000,-6.333,-6,-6,220,220,4830,11293,11343,,6513,,50,,,,,,50
5138,57,339,5,0,0,0x05,18,0,0,4,6.000,0.000,-6.000,-6,-6,220,220,4830,11343,11393,,6563,,50,,,,,,50
5139,57,339,5,0,0,0x05,19,0,0,4,6.333,0.000,-6.333,-6,-6,220,220,4830,11393,11443,,6613,,50,,,,,,50
5140,57,339,5,0,0,0x05,23,0,0,5,7.667,0.000,-7.667,-6,-7,220,220,4830,11443,11493,,6663,,50,,,,,,50
5141,57,340,6,0,0,0x06,27,20,0,26,15.667,27.000,11.333,13,12,220,220,11814,17543,17593,,5779,,50,,,,,,50
5142,57,340,6,0,0,0x06,27,20,0,26,15.667,27.000,11.333,12,12,220,220,11814,17593,17643,,5829,,50,,,,,,50
5143,57,340,6,0,0,0x06,26,19,0,25,15.000,26.000,11.000,12,11,220,220,11814,17643,17693,,5879,,50,,,,,,50
5144,57,340,6,0,0,0x06,24,19,0,25,14.333,24.000,9.667,11,10,220,220,11814,17693,17743,,5929,,50,,,,,,50
5145,57,340,6,0,0,0x06,24,19,0,24,14.333,24.000,9.667,10,10,220,220,11814,17743,17793,,5979,,50,,,,,,50
5146,57,340,6,0,0,0x06,23,19,0,24,14.000,23.000,9.000,10,9,220,220,11814,17793,17843,,6029,,50,,,,,,50
5147,57,340,6,0,0,0x06,22,19,0,24,13.667,22.000,8.333,9,9,220,220,11814,17843,17893,,6079,,50,,,,,,50
5148,57,340,6,0,0,0x06,21,19,0,23,13.333,21.000,7.667,9,8,220,220,11814,17893,17943,,6129,,50,,,,,,50
5149,57,340,6,0,0,0x06,20,19,0,23,13.000,20.000,7.000,8,7,220,220,11814,17943,17993,,6179,,50,,,,,,50
5150,57,340,6,0,0,0x06,19,19,0,23,12.667,19.000,6.333,7,7,220,220,11814,17993,18043,,6229,,50,,,,,,50
5151,57,340,6,0,0,0x06,18,19,0,22,12.333,18.000,5.667,7,6,220,220,11814,18043,18093,,6279,,50,,,,,,50
5152,57,340,6,0,0,0x06,17,19,0,22,12.000,17.000,5.000,6,5,220,220,11814,18093,18143,,6329,,50,,,,,,50
5153,57,340,6,0,0,0x06,16,19,0,22,11.667,16.000,4.333,5,5,220,220,11814,18143,18193,,6379,,50,,,,,,50
5154,57,340,6,0,0,0x06,15,19,0,21,11.333,15.000,3.667,5,4,220,220,11814,18193,18243,,6429,,50,,,,,,50
5155,57,340,6,0,0,0x06,14,19,0,21,11.000,14.000,3.000,4,3,220,220,11814,18243,18293,,6479,,50,,,,,,50
5156,57,340,6,0,0,0x06,13,18,0,20,10.333,13.000,2.667,3,3,220,220,11814,18293,18343,,6529,,50,,,,,,50
5157,57,340,6,0,0,0x06,13,18,0,20,10.333,13.000,2.667,3,3,220,220,11814,18343,18393,,6579,,50,,,,,,50
5158,57,340,6,0,0,0x06,11,18,0,20,9.667,11.000,1.333,3,2,220,220,11814,18393,18443,,6629,,50,,,,,,50
5159,57,340,6,0,0,0x06,14,18,0,20,10.667,14.000,3.333,2,4,220,220,11814,18443,18493,,6679,,50,,,,,,50
5160,57,340,6,0,0,0x06,10,18,0,19,9.333,10.000,0.667,4,1,220,220,11814,18493,18543,,6729,,50,,,,,,50
5161,57,341,1,0,0,0x01,0,17,0,0,5.667,0.000,-5.667,-5,-5,220,220,18780,23593,23643,,4863,,50,,,,,,50
5162,57,341,1,0,0,0x01,0,17,0,0,5.667,0.000,-5.667,-5,-5,220,220,18780,23643,23693,,4913,,50,,,,,,50
5163,57,341,1,0,0,0x01,0,17,0,0,5.667,0.000,-5.667,-5,-5,220,220,18780,23693,23743,,4963,,50,,,,,,50
5164,57,341,1,0,0,0x01,0,18,0,0,6.000,0.000,-6.000,-5,-6,220,220,18780,23743,23793,,5013,,50,,,,,,50
5165,57,341,1,0,0,0x01,0,17,0,0,5.667,0.000,-5.667,-6,-5,220,220,18780,23793,23843,,5063,,50,,,,,,50
5166,57,341,1,0,0,0x01,0,17,0,0,5.667,0.000,-5.667,-5,-5,220,220,18780,23843,23893,,5113,,50,,,,,,50
5167,57,341,1,0,0,0x01,0,18,0,1,6.000,0.000,-6.000,-5,-6,220,220,18780,23893,23943,,5163,,50,,,,,,50
5168,57,341,1,0,0,0x01,0,18,0,1,6.000,0.000,-6.000,-6,-6,220,220,18780,23943,23993,,5213,,50,,,,,,50
5169,57,341,1,0,0,0x01,0,18,0,1,6.000,0.000,-6.000,-6,-6,220,220,18780,23993,24043,,5263,,50,,,,,,50
5170,57,341,1,0,0,0x01,0,18,0,2,6.000,0.000,-6.000,-6,-6,220,220,18780,24043,24093,,5313,,50,,,,,,50
5171,57,341,1,0,0,0x01,0,18,0,3,6.000,0.000,-6.000,-6,-6,220,220,18780,24093,24143,,5363,,50,,,,,,50
5172,57,341,1,0,0,0x01,0,18,0,3,6.000,0.000,-6.000,-6,-6,220,220,18780,24143,24193,,5413,,50,,,,,,50
5173,57,341,1,0,0,0x01,0,18,0,4,6.000,0.000,-6.000,-6,-6,220,220,18780,24193,24243,,5463,,50,,,,,,50
5174,57,341,1,0,0,0x01,0,18,0,4,6.000,0.000,-6.000,-6,-6,220,220,18780,24243,24293,,5513,,50,,,,,,50
5175,57,341,1,0,0,0x01,0,18,0,4,6.000,0.000,-6.000,-6,-6,220,220,18780,24293,24343,,5563,,50,,,,,,50
5176,57,342,2,0,0,0x02,0,0,17,17,5.667,0.000,-5.667,-6,-6,220,220,25665,26393,26443,,778,,50,,,,,,50
5177,58,343,1,0,0,0x01,0,18,0,5,6.000,0.000,-6.000,-6,-6,220,220,18780,24393,24443,,5663,,50,,,,,,50
5178,58,344,2,0,0,0x02,5,2,18,18,8.333,2.000,-6.333,-5,-6,220,220,25665,26493,26543,,878,,50,,,,,,50
5179,58,344,2,0,0,0x02,0,18,0,6,6.000,18.000,12.000,-6,-4,220,220,25665,26543,26593,,928,,50,,,,,,50
5180,58,344,2,0,0,0x02,2,4,17,19,7.667,4.000,-3.667,-4,-3,220,220,25665,26593,26643,,978,,50,,,,,,50
5181,58,344,2,0,0,0x02,4,64,21,40,29.667,64.000,34.333,35,35,220,220,25665,30643,30693,,5028,,50,,,,,,50
5182,58,344,2,0,0,0x02,3,63,21,40,29.000,63.000,34.000,35,34,220,220,25665,30693,30743,,5078,,50,,,,,,50
5183,58,344,2,0,0,0x02,3,62,21,39,28.667,62.000,33.333,34,34,220,220,25665,30743,30793,,5128,,50,,,,,,50
5184,58,344,2,0,0,0x02,4,62,21,39,29.000,62.000,33.000,34,33,220,220,25665,30793,30843,,5178,,50,,,,,,50
5185,58,344,2,0,0,0x02,4,62,21,39,29.000,62.000,33.000,33,33,220,220,25665,30843,30893,,5228,,50,,,,,,50
5186,58,344,2,0,0,0x02,3,61,21,39,28.333,61.000,32.667,33,33,220,220,25665,30893,30943,,5278,,50,,,,,,50
5187,58,344,2,0,0,0x02,3,60,21,39,28.000,60.000,32.000,33,32,220,220,25665,30943,30993,,5328,,50,,,,,,50
5188,58,344,2,0,0,0x02,4,60,21,38,28.333,60.000,31.667,32,32,220,220,25665,30993,31043,,5378,,50,,,,,,50
5189,58,344,2,0,0,0x02,3,59,22,38,28.000,59.000,31.000,32,31,220,220,25665,31043,31093,,5428,,50,,,,,,50
5190,58,344,2,0,0,0x02,3,59,21,38,27.667,59.000,31.333,31,32,220,220,25665,31093,31143,,5478,,50,,,,,,50
5191,58,344,2,0,0,0x02,3,58,21,38,27.333,58.000,30.667,32,31,220,220,25665,31143,31193,,5528,,50,,,,,,50
5192,58,344,2,0,0,0x02,3,57,21,38,27.000,57.000,30.000,31,30,220,220,25665,31193,31243,,5578,,50,,,,,,50
5193,58,344,2,0,0,0x02,3,57,21,37,27.000,57.000,30.000,30,30,220,220,25665,31243,31293,,5628,,50,,,,,,50
5194,58,344,2,0,0,0x02,3,56,21,37,26.667,56.000,29.333,30,30,220,220,25665,31293,31343,,5678,,50,,,,,,50
5195,58,344,2,0,0,0x02,3,56,21,37,26.667,56.000,29.333,30,30,220,220,25665,31343,31393,,5728,,50,,,,,,50
5196,58,344,2,0,0,0x02,3,55,21,37,26.333,55.000,28.667,30,29,220,220,25665,31393,31443,,5778,,50,,,,,,50
5197,58,344,2,0,0,0x02,7,55,21,37,27.667,55.000,27.333,29,28,220,220,25665,31443,31493,,5828,,50,,,,,,50
5198,58,344,2,0,0,0x02,3,54,21,36,26.000,54.000,28.000,28,28,220,220,25665,31493,31543,,5878,,50,,,,,,50
5199,58,344,2,0,0,0x02,3,53,21,36,25.667,53.000,27.333,28,28,220,220,25665,31543,31593,,5928,,50,,,,,,50
5200,58,344,2,0,0,0x02,3,53,21,36,25.667,53.000,27.333,28,28,220,220,25665,31593,31643,,5978,,50,,,,,,50
5201,58,345,3,0,0,0x03,0,0,16,4,5.333,0.000,-5.333,-5,-5,220,220,32529,37693,37743,,5214,,50,,,,,,50
5202,58,345,3,0,0,0x03,0,0,16,4,5.333,0.000,-5.333,-5,-5,220,220,32529,37743,37793,,5264,,50,,,,,,50
5203,58,345,3,0,0,0x03,0,0,17,5,5.667,0.000,-5.667,-5,-5,220,220,32529,37793,37843,,5314,,50,,,,,,50
5204,58,345,3,0,0,0x03,0,0,17,6,5.667,0.000,-5.667,-5,-5,220,220,32529,37843,37893,,5364,,50,,,,,,50
5205,58,345,3,0,0,0x03,0,0,17,5,5.667,0.000,-5.667,-5,-5,220,220,32529,37893,37943,,5414,,50,,,,,,50
5206,58,345,3,0,0,0x03,0,0,17,6,5.667,0.000,-5.667,-5,-5,220,220,32529,37943,37993,,5464,,50,,,,,,50
5207,58,345,3,0,0,0x03,0,0,17,7,5.667,0.000,-5.667,-5,-5,220,220,32529,37993,38043,,5514,,50,,,,,,50
5208,58,345,3,0,0,0x03,0,0,17,7,5.667,0.000,-5.667,-5,-5,220,220,32529,38043,38093,,5564,,50,,,,,,50
5209,58,345,3,0,0,0x03,0,0,17,8,5.667,0.000,-5.667,-5,-5,220,220,32529,38093,38143,,5614,,50,,,,,,50
5210,58,345,3,0,0,0x03,0,0,17,8,5.667,0.000,-5.667,-5,-5,220,220,32529,38143,38193,,5664,,50,,,,,,50
5211,58,345,3,0,0,0x03,0,0,17,9,5.667,0.000,-5.667,-5,-5,220,220,32529,38193,38243,,5714,,50,,,,,,50
5212,58,345,3,0,0,0x03,0,0,17,9,5.667,0.000,-5.667,-5,-5,220,220,32529,38243,38293,,5764,,50,,,,,,50
5213,58,345,3,0,0,0x03,0,0,17,9,5.667,0.000,-5.667,-5,-5,220,220,32529,38293,38343,,5814,,50,,,,,,50
5214,58,345,3,0,0,0x03,0,0,17,10,5.667,0.000,-5.667,-5,-5,220,220,32529,38343,38393,,5864,,50,,,,,,50
5215,58,345,3,0,0,0x03,0,0,17,10,5.667,0.000,-5.667,-5,-5,220,220,32529,38393,38443,,5914,,50,,,,,,50
5216,58,345,3,0,0,0x03,0,0,17,11,5.667,0.000,-5.667,-5,-5,220,220,32529,38443,38493,,5964,,50,,,,,,50
5217,58,345,3,0,0,0x03,0,0,17,11,5.667,0.000,-5.667,-5,-5,220,220,32529,38493,38543,,6014,,50,,,,,,50
5218,58,345,3,0,0,0x03,0,0,17,11,5.667,0.000,-5.667,-5,-5,220,220,32529,38543,38593,,6064,,50,,,,,,50
5219,58,345,3,0,0,0x03,0,0,17,12,5.667,0.000,-5.667,-5,-5,220,220,32529,38593,38643,,6114,,50,,,,,,50
5220,58,345,3,0,0,0x03,0,0,17,12,5.667,0.000,-5.667,-5,-5,220,220,32529,38643,38693,,6164,,50,,,,,,50
5221,58,346,4,0,0,0x04,23,0,46,34,23.000,46.000,23.000,23,23,220,220,39417,44743,44793,,5376,,50,,,,,,50
5222,58,346,4,0,0,0x04,24,0,45,34,23.000,45.000,22.000,23,22,220,220,39417,44793,44843,,5426,,50,,,,,,50
5223,58,346,4,0,0,0x04,23,0,43,33,22.000,43.000,21.000,22,21,220,220,39417,44843,44893,,5476,,50,,,,,,50
5224,58,346,4,0,0,0x04,23,0,43,33,22.000,43.000,21.000,21,21,220,220,39417,44893,44943,,5526,,50,,,,,,50
5225,58,346,4,0,0,0x04,23,0,42,33,21.667,42.000,20.333,21,21,220,220,39417,44943,44993,,5576,,50,,,,,,50
5226,58,346,4,0,0,0x04,23,0,41,32,21.333,41.000,19.667,21,20,220,220,39417,44993,45043,,5626,,50,,,,,,50
5227,58,346,4,0,0,0x04,23,0,40,32,21.000,40.000,19.000,20,19,220,220,39417,45043,45093,,5676,,50,,,,,,50
5228,58,346,4,0,0,0x04,23,0,40,32,21.000,40.000,19.000,19,19,220,220,39417,45093,45143,,5726,,50,,,,,,50
5229,58,346,4,0,0,0x04,23,0,39,31,20.667,39.000,18.333,19,19,220,220,39417,45143,45193,,5776,,50,,,,,,50
5230,58,346,4,0,0,0x04,23,0,37,31,20.000,37.000,17.000,19,17,220,220,39417,45193,45243,,5826,,50,,,,,,50
5231,58,346,4,0,0,0x04,22,0,37,31,19.667,37.000,17.333,17,18,220,220,39417,45243,45293,,5876,,50,,,,,,50
5232,58,346,4,0,0,0x04,23,0,36,30,19.667,36.000,16.333,18,17,220,220,39417,45293,45343,,5926,,50,,,,,,50
5233,58,346,4,0,0,0x04,23,0,35,30,19.333,35.000,15.667,17,16,220,220,39417,45343,45393,,5976,,50,,,,,,50
5234,58,346,4,0,0,0x04,22,0,34,30,18.667,34.000,15.333,16,16,220,220,39417,45393,45443,,6026,,50,,,,,,50
5235,58,346,4,0,0,0x04,27,0,33,30,20.000,33.000,13.000,16,13,220,220,39417,45443,45493,,6076,,50,,,,,,50
5236,58,346,4,0,0,0x04,22,0,32,29,18.000,32.000,14.000,13,14,220,220,39417,45493,45543,,6126,,50,,,,,,50
5237,58,346,4,0,0,0x04,22,0,31,29,17.667,31.000,13.333,14,14,220,220,39417,45543,45593,,6176,,50,,,,,,50
5238,58,346,4,0,0,0x04,22,0,30,28,17.333,30.000,12.667,14,13,220,220,39417,45593,45643,,6226,,50,,,,,,50
5239,58,346,4,0,0,0x04,22,0,29,28,17.000,29.000,12.000,13,12,220,220,39417,45643,45693,,6276,,50,,,,,,50
5240,58,346,4,0,0,0x04,22,0,29,27,17.000,29.000,12.000,12,12,220,220,39417,45693,45743,,6326,,50,,,,,,50
5241,58,347,5,0,0,0x05,19,0,0,3,6.333,0.000,-6.333,-6,-6,220,220,46282,51793,51843,,5561,,50,,,,,,50
5242,58,347,5,0,0,0x05,18,0,0,3,6.000,0.000,-6.000,-6,-6,220,220,46282,51843,51893,,5611,,50,,,,,,50
5243,58,347,5,0,0,0x05,19,0,0,4,6.333,0.000,-6.333,-6,-6,220,220,46282,51893,51943,,5661,,50,,,,,,50
5244,58,347,5,0,0,0x05,19,0,0,4,6.333,0.000,-6.333,-6,-6,220,220,46282,51943,51993,,5711,,50,,,,,,50
5245,58,347,5,0,0,0x05,19,0,0,4,6.333,0.000,-6.333,-6,-6,220,220,46282,51993,52043,,5761,,50,,,,,,50
5246,58,347,5,0,0,0x05,19,0,0,5,6.333,0.000,-6.333,-6,-6,220,220,46282,52043,52093,,5811,,50,,,,,,50
5247,58,347,5,0,0,0x05,19,0,0,5,6.333,0.000,-6.333,-6,-6,220,220,46282,52093,52143,,5861,,50,,,,,,50
5248,58,347,5,0,0,0x05,19,0,0,5,6.333,0.000,-6.333,-6,-6,220,220,46282,52143,52193,,5911,,50,,,,,,50
5249,58,347,5,0,0,0x05,19,0,0,6,6.333,0.000,-6.333,-6,-6,220,220,46282,52193,52243,,5961,,50,,,,,,50
5250,58,347,5,0,0,0x05,19,0,0,6,6.333,0.000,-6.333,-6,-6,220,220,46282,52243,52293,,6011,,50,,,,,,50
5251,58,347,5,0,0,0x05,19,0,0,6,6.333,0.000,-6.333,-6,-6,220,220,46282,52293,52343,,6061,,50,,,,,,50
5252,58,347,5,0,0,0x05,19,0,0,7,6.333,0.000,-6.333,-6,-6,220,220,46282,52343,52393,,6111,,50,,,,,,50
5253,58,347,5,0,0,0x05,19,0,0,7,6.333,0.000,-6.333,-6,-6,220,220,46282,52393,52443,,6161,,50,,,,,,50
5254,58,347,5,0,0,0x05,24,0,0,8,8.000,0.000,-8.000,-6,-8,220,220,46282,52443,52493,,6211,,50,,,,,,50
5255,58,347,5,0,0,0x05,19,0,0,8,6.333,0.000,-6.333,-8,-6,220,220,46282,52493,52543,,6261,,50,,,,,,50
5256,58,347,5,0,0,0x05,19,0,0,8,6.333,0.000,-6.333,-6,-6,220,220,46282,52543,52593,,6311,,50,,,,,,50
5257,58,347,5,0,0,0x05,19,0,0,8,6.333,0.000,-6.333,-6,-6,220,220,46282,52593,52643,,6361,,50,,,,,,50
5258,58,347,5,0,0,0x05,19,0,0,9,6.333,0.000,-6.333,-6,-6,220,220,46282,52643,52693,,6411,,50,,,,,,50
5259,58,347,5,0,0,0x05,19,0,0,9,6.333,0.000,-6.333,-6,-6,220,220,46282,52693,52743,,6461,,50,,,,,,50
5260,58,347,5,0,0,0x05,20,0,0,9,6.667,0.000,-6.667,-6,-6,220,220,46282,52743,52793,,6511,,50,,,,,,50
5261,58,348,6,0,0,0x06,47,21,0,33,22.667,47.000,24.333,25,25,220,220,53166,58843,58893,,5727,,50,,,,,,50
5262,58,348,6,0,0,0x06,46,21,0,33,22.333,46.000,23.667,25,24,220,220,53166,58893,58943,,5777,,50,,,,,,50
5263,58,348,6,0,0,0x06,46,21,0,33,22.333,46.000,23.667,24,24,220,220,53166,58943,58993,,5827,,50,,,,,,50
5264,58,348,6,0,0,0x06,44,21,0,32,21.667,44.000,22.333,24,23,220,220,53166,58993,59043,,5877,,50,,,,,,50
5265,58,348,6,0,0,0x06,44,21,0,32,21.667,44.000,22.333,23,23,220,220,53166,59043,59093,,5927,,50,,,,,,50
5266,58,348,6,0,0,0x06,43,21,0,31,21.333,43.000,21.667,23,22,220,220,53166,59093,59143,,5977,,50,,,,,,50
5267,58,348,6,0,0,0x06,42,21,0,31,21.000,42.000,21.000,22,21,220,220,53166,59143,59193,,6027,,50,,,,,,50
5268,58,348,6,0,0,0x06,41,21,0,31,20.667,41.000,20.333,21,21,220,220,53166,59193,59243,,6077,,50,,,,,,50
5269,58,348,6,0,0,0x06,40,21,0,30,20.333,40.000,19.667,21,20,220,220,53166,59243,59293,,6127,,50,,,,,,50
5270,58,348,6,0,0,0x06,39,21,0,30,20.000,39.000,19.000,20,19,220,220,53166,59293,59343,,6177,,50,,,,,,50
5271,58,348,6,0,0,0x06,38,21,0,30,19.667,38.000,18.333,19,19,220,220,53166,59343,59393,,6227,,50,,,,,,50
5272,58,348,6,0,0,0x06,37,20,0,29,19.000,37.000,18.000,19,18,220,220,53166,59393,59443,,6277,,50,,,,,,50
5273,58,348,6,0,0,0x06,41,20,0,30,20.333,41.000,20.667,18,21,220,220,53166,59443,59493,,6327,,50,,,,,,50
5274,58,348,6,0,0,0x06,36,20,0,29,18.667,36.000,17.333,21,18,220,220,53166,59493,59543,,6377,,50,,,,,,50
5275,58,348,6,0,0,0x06,35,20,0,28,18.333,35.000,16.667,18,17,220,220,53166,59543,59593,,6427,,50,,,,,,50
5276,58,348,6,0,0,0x06,34,20,0,28,18.000,34.000,16.000,17,16,220,220,53166,59593,59643,,6477,,50,,,,,,50
5277,58,348,6,0,0,0x06,33,20,0,28,17.667,33.000,15.333,16,16,220,220,53166,59643,59693,,6527,,50,,,,,,50
5278,58,348,6,0,0,0x06,32,20,0,28,17.333,32.000,14.667,16,15,220,220,53166,59693,59743,,6577,,50,,,,,,50
5279,58,348,6,0,0,0x06,31,20,0,27,17.000,31.000,14.000,15,14,220,220,53166,59743,59793,,6627,,50,,,,,,50
5280,58,348,6,0,0,0x06,30,20,0,27,16.667,30.000,13.333,14,14,220,220,53166,59793,59843,,6677,,50,,,,,,50
5281,59,349,1,0,0,0x01,0,18,0,6,6.000,0.000,-6.000,-6,-6,220,220,60031,64893,64943,,4912,,50,,,,,,50
5282,59,349,1,0,0,0x01,0,18,0,7,6.000,0.000,-6.000,-6,-6,220,220,60031,64943,64993,,4962,,50,,,,,,50
5283,59,349,1,0,0,0x01,0,18,0,7,6.000,0.000,-6.000,-6,-6,220,220,60031,64993,65043,,5012,,50,,,,,,50
5284,59,349,1,0,0,0x01,0,18,0,7,6.000,0.000,-6.000,-6,-6,220,220,60031,65043,65093,,5062,,50,,,,,,50
5285,59,349,1,0,0,0x01,0,18,0,8,6.000,0.000,-6.000,-6,-6,220,220,60031,65093,65143,,5112,,50,,,,,,50
5286,59,349,1,0,0,0x01,0,18,0,9,6.000,0.000,-6.000,-6,-6,220,220,60031,65143,65193,,5162,,50,,,,,,50
5287,59,349,1,0,0,0x01,0,18,0,9,6.000,0.000,-6.000,-6,-6,220,220,60031,65193,65243,,5212,,50,,,,,,50
5288,59,349,1,0,0,0x01,0,18,0,9,6.000,0.000,-6.000,-6,-6,220,220,60031,65243,65293,,5262,,50,,,,,,50
5289,59,349,1,0,0,0x01,0,18,0,9,6.000,0.000,-6.000,-6,-6,220,220,60031,65293,65343,,5312,,50,,,,,,50
5290,59,349,1,0,0,0x01,0,18,0,10,6.000,0.000,-6.000,-6,-6,220,220,60031,65343,65393,,5362,,50,,,,,,50
5291,59,349,1,0,0,0x01,0,19,0,10,6.333,0.000,-6.333,-6,-6,220,220,60031,65393,65443,,5412,,50,,,,,,50
5292,59,349,1,0,0,0x01,3,18,0,11,7.000,0.000,-7.000,-6,-7,220,220,60031,65443,65493,,5462,,50,,,,,,50
5293,59,349,1,0,0,0x01,0,18,0,11,6.000,0.000,-6.000,-7,-6,220,220,60031,65493,7,,5512,,50,,,,,,50
5294,59,349,1,0,0,0x01,0,18,0,12,6.000,0.000,-6.000,-6,-6,220,220,60031,7,57,,5562,,50,,,,,,50
5295,59,349,1,0,0,0x01,0,18,0,12,6.000,0.000,-6.000,-6,-6,220,220,60031,57,107,,5612,,50,,,,,,50
5296,59,349,1,0,0,0x01,0,19,0,12,6.333,0.000,-6.333,-6,-6,220,220,60031,107,157,,5662,,50,,,,,,50
5297,59,349,1,0,0,0x01,0,18,0,13,6.000,0.000,-6.000,-6,-6,220,220,60031,157,207,,5712,,50,,,,,,50
5298,59,350,2,0,0,0x02,0,19,0,13,6.333,19.000,12.667,-6,-6,220,220,1380,2257,2307,,927,,50,,,,,,50
5299,59,351,1,0,0,0x01,0,19,0,13,6.333,0.000,-6.333,-6,-6,220,220,60031,257,307,,5812,,50,,,,,,50
5300,59,352,2,0,0,0x02,2,3,18,18,7.667,3.000,-4.667,-5,-4,220,220,1380,2357,2407,,1027,,50,,,,,,50
5301,59,352,2,0,0,0x02,4,77,22,45,34.333,77.000,42.667,44,43,220,220,1380,6407,6457,,5077,,50,,,,,,50
5302,59,352,2,0,0,0x02,4,77,22,45,34.333,77.000,42.667,43,43,220,220,1380,6457,6507,,5127,,50,,,,,,50
5303,59,352,2,0,0,0x02,3,77,22,45,34.000,77.000,43.000,43,43,220,220,1380,6507,6557,,5177,,50,,,,,,50
5304,59,352,2,0,0,0x02,4,76,22,45,34.000,76.000,42.000,43,42,220,220,1380,6557,6607,,5227,,50,,,,,,50
5305,59,352,2,0,0,0x02,4,75,22,44,33.667,75.000,41.333,42,42,220,220,1380,6607,6657,,5277,,50,,,,,,50
5306,59,352,2,0,0,0x02,4,74,22,44,33.333,74.000,40.667,42,41,220,220,1380,6657,6707,,5327,,50,,,,,,50
5307,59,352,2,0,0,0x02,4,73,22,43,33.000,73.000,40.000,41,40,220,220,1380,6707,6757,,5377,,50,,,,,,50
5308,59,352,2,0,0,0x02,4,72,22,43,32.667,72.000,39.333,40,40,220,220,1380,6757,6807,,5427,,50,,,,,,50
5309,59,352,2,0,0,0x02,3,71,22,43,32.000,71.000,39.000,40,39,220,220,1380,6807,6857,,5477,,50,,,,,,50
5310,59,352,2,0,0,0x02,3,70,22,42,31.667,70.000,38.333,39,39,220,220,1380,6857,6907,,5527,,50,,,,,,50
5311,59,352,2,0,0,0x02,8,70,22,42,33.333,70.000,36.667,39,37,220,220,1380,6907,6957,,5577,,50,,,,,,50
5312,59,352,2,0,0,0x02,3,68,22,41,31.000,68.000,37.000,37,37,220,220,1380,6957,7007,,5627,,50,,,,,,50
5313,59,352,2,0,0,0x02,3,67,21,41,30.333,67.000,36.667,37,37,220,220,1380,7007,7057,,5677,,50,,,,,,50
5314,59,352,2,0,0,0x02,3,66,21,41,30.000,66.000,36.000,37,36,220,220,1380,7057,7107,,5727,,50,,,,,,50
5315,59,352,2,0,0,0x02,3,65,21,41,29.667,65.000,35.333,36,36,220,220,1380,7107,7157,,5777,,50,,,,,,50
5316,59,352,2,0,0,0x02,3,64,21,40,29.333,64.000,34.667,36,35,220,220,1380,7157,7207,,5827,,50,,,,,,50
5317,59,352,2,0,0,0x02,3,62,21,39,28.667,62.000,33.333,35,34,220,220,1380,7207,7257,,5877,,50,,,,,,50
5318,59,352,2,0,0,0x02,3,62,21,39,28.667,62.000,33.333,34,34,220,220,1380,7257,7307,,5927,,50,,,,,,50
5319,59,352,2,0,0,0x02,3,61,22,39,28.667,61.000,32.333,34,33,220,220,1380,7307,7357,,5977,,50,,,,,,50
5320,59,352,2,0,0,0x02,3,59,21,38,27.667,59.000,31.333,33,32,220,220,1380,7357,7407,,6027,,50,,,,,,50
5321,59,353,3,0,0,0x03,0,0,17,9,5.667,0.000,-5.667,-5,-5,220,220,8245,13457,13507,,5262,,50,,,,,,50
5322,59,353,3,0,0,0x03,0,0,17,9,5.667,0.000,-5.667,-5,-5,220,220,8245,13507,13557,,5312,,50,,,,,,50
5323,59,353,3,0,0,0x03,0,0,16,9,5.333,0.000,-5.333,-5,-5,220,220,8245,13557,13607,,5362,,50,,,,,,50
5324,59,353,3,0,0,0x03,0,0,17,10,5.667,0.000,-5.667,-5,-5,220,220,8245,13607,13657,,5412,,50,,,,,,50
5325,59,353,3,0,0,0x03,0,0,16,9,5.333,0.000,-5.333,-5,-5,220,220,8245,13657,13707,,5462,,50,,,,,,50
5326,59,353,3,0,0,0x03,0,0,17,10,5.667,0.000,-5.667,-5,-5,220,220,8245,13707,13757,,5512,,50,,,,,,50
5327,59,353,3,0,0,0x03,0,0,16,10,5.333,0.000,-5.333,-5,-5,220,220,8245,13757,13807,,5562,,50,,,,,,50
5328,59,353,3,0,0,0x03,0,0,17,11,5.667,0.000,-5.667,-5,-5,220,220,8245,13807,13857,,5612,,50,,,,,,50
5329,59,353,3,0,0,0x03,0,0,17,11,5.667,0.000,-5.667,-5,-5,220,220,8245,13857,13907,,5662,,50,,,,,,50
5330,59,353,3,0,0,0x03,0,0,17,12,5.667,0.000,-5.667,-5,-5,220,220,8245,13907,13957,,5712,,50,,,,,,50
5331,59,353,3,0,0,0x03,0,0,17,11,5.667,0.000,-5.667,-5,-5,220,220,8245,13957,14007,,5762,,50,,,,,,50
5332,59,353,3,0,0,0x03,0,0,17,12,5.667,0.000,-5.667,-5,-5,220,220,8245,14007,14057,,5812,,50,,,,,,50
5333,59,353,3,0,0,0x03,0,0,17,12,5.667,0.000,-5.667,-5,-5,220,220,8245,14057,14107,,5862,,50,,,,,,50
5334,59,353,3,0,0,0x03,0,0,17,12,5.667,0.000,-5.667,-5,-5,220,220,8245,14107,14157,,5912,,50,,,,,,50
5335,59,353,3,0,0,0x03,0,0,17,12,5.667,0.000,-5.667,-5,-5,220,220,8245,14157,14207,,5962,,50,,,,,,50
5336,59,353,3,0,0,0x03,0,0,17,12,5.667,0.000,-5.667,-5,-5,220,220,8245,14207,14257,,6012,,50,,,,,,50
5337,59,353,3,0,0,0x03,0,0,17,13,5.667,0.000,-5.667,-5,-5,220,220,8245,14257,14307,,6062,,50,,,,,,50
5338,59,353,3,0,0,0x03,0,0,17,14,5.667,0.000,-5.667,-5,-5,220,220,8245,14307,14357,,6112,,50,,,,,,50
5339,59,353,3,0,0,0x03,0,0,17,14,5.667,0.000,-5.667,-5,-5,220,220,8245,14357,14407,,6162,,50,,,,,,50
5340,59,353,3,0,0,0x03,0,0,17,14,5.667,0.000,-5.667,-5,-5,220,220,8245,14407,14457,,6212,,50,,,,,,50
5341,59,354,4,0,0,0x04,24,0,51,36,25.000,51.000,26.000,27,26,220,220,15128,20507,20557,,5429,,50,,,,,,50
5342,59,354,4,0,0,0x04,24,0,49,36,24.333,49.000,24.667,26,25,220,220,15128,20557,20607,,5479,,50,,,,,,50
5343,59,354,4,0,0,0x04,24,0,48,35,24.000,48.000,24.000,25,24,220,220,15128,20607,20657,,5529,,50,,,,,,50
5344,59,354,4,0,0,0x04,23,0,47,34,23.333,47.000,23.667,24,24,220,220,15128,20657,20707,,5579,,50,,,,,,50
5345,59,354,4,0,0,0x04,24,0,46,34,23.333,46.000,22.667,24,23,220,220,15128,20707,20757,,5629,,50,,,,,,50
5346,59,354,4,0,0,0x04,23,0,44,33,22.333,44.000,21.667,23,22,220,220,15128,20757,20807,,5679,,50,,,,,,50
5347,59,354,4,0,0,0x04,24,0,43,33,22.333,43.000,20.667,22,21,220,220,15128,20807,20857,,5729,,50,,,,,,50
5348,59,354,4,0,0,0x04,23,0,42,33,21.667,42.000,20.333,21,21,220,220,15128,20857,20907,,5779,,50,,,,,,50
5349,59,354,4,0,0,0x04,27,0,40,32,22.333,40.000,17.667,21,18,220,220,15128,20907,20957,,5829,,50,,,,,,50
5350,59,354,4,0,0,0x04,23,0,38,31,20.333,38.000,17.667,18,18,220,220,15128,20957,21007,,5879,,50,,,,,,50
5351,59,354,4,0,0,0x04,23,0,37,31,20.000,37.000,17.000,18,17,220,220,15128,21007,21057,,5929,,50,,,,,,50
5352,59,354,4,0,0,0x04,22,0,36,30,19.333,36.000,16.667,17,17,220,220,15128,21057,21107,,5979,,50,,,,,,50
5353,59,354,4,0,0,0x04,23,0,34,30,19.000,34.000,15.000,17,15,220,220,15128,21107,21157,,6029,,50,,,,,,50
5354,59,354,4,0,0,0x04,22,0,33,29,18.333,33.000,14.667,15,15,220,220,15128,21157,21207,,6079,,50,,,,,,50
5355,59,354,4,0,0,0x04,23,0,32,29,18.333,32.000,13.667,15,14,220,220,15128,21207,21257,,6129,,50,,,,,,50
5356,59,354,4,0,0,0x04,22,0,30,28,17.333,30.000,12.667,14,13,220,220,15128,21257,21307,,6179,,50,,,,,,50
5357,59,354,4,0,0,0x04,22,0,29,28,17.000,29.000,12.000,13,12,220,220,15128,21307,21357,,6229,,50,,,,,,50
5358,59,354,4,0,0,0x04,22,0,27,27,16.333,27.000,10.667,12,11,220,220,15128,21357,21407,,6279,,50,,,,,,50
5359,59,354,4,0,0,0x04,21,0,26,26,15.667,26.000,10.333,11,11,220,220,15128,21407,21457,,6329,,50,,,,,,50
5360,59,354,4,0,0,0x04,22,0,25,26,15.667,25.000,9.333,11,10,220,220,15128,21457,21507,,6379,,50,,,,,,50
5361,60,355,5,0,0,0x05,18,0,0,2,6.000,0.000,-6.000,-6,-6,220,220,21993,27557,27607,,5614,,50,,,,,,50
5362,60,355,5,0,0,0x05,18,0,0,2,6.000,0.000,-6.000,-6,-6,220,220,21993,27607,27657,,5664,,50,,,,,,50
5363,60,355,5,0,0,0x05,19,0,0,2,6.333,0.000,-6.333,-6,-6,220,220,21993,27657,27707,,5714,,50,,,,,,50
5364,60,355,5,0,0,0x05,18,0,0,2,6.000,0.000,-6.000,-6,-6,220,220,21993,27707,27757,,5764,,50,,,,,,50
5365,60,355,5,0,0,0x05,18,0,0,2,6.000,0.000,-6.000,-6,-6,220,220,21993,27757,27807,,5814,,50,,,,,,50
5366,60,355,5,0,0,0x05,18,0,0,2,6.000,0.000,-6.000,-6,-6,220,220,21993,27807,27857,,5864,,50,,,,,,50
5367,60,355,5,0,0,0x05,19,0,0,3,6.333,0.000,-6.333,-6,-6,220,220,21993,27857,27907,,5914,,50,,,,,,50
5368,60,355,5,0,0,0x05,23,0,0,4,7.667,0.000,-7.667,-6,-7,220,220,21993,27907,27957,,5964,,50,,,,,,50
5369,60,355,5,0,0,0x05,19,0,0,3,6.333,0.000,-6.333,-7,-6,220,220,21993,27957,28007,,6014,,50,,,,,,50
5370,60,355,5,0,0,0x05,18,0,0,4,6.000,0.000,-6.000,-6,-6,220,220,21993,28007,28057,,6064,,50,,,,,,50
5371,60,355,5,0,0,0x05,19,0,0,4,6.333,0.000,-6.333,-6,-6,220,220,21993,28057,28107,,6114,,50,,,,,,50
5372,60,355,5,0,0,0x05,18,0,0,4,6.000,0.000,-6.000,-6,-6,220,220,21993,28107,28157,,6164,,50,,,,,,50
5373,60,355,5,0,0,0x05,19,0,0,4,6.333,0.000,-6.333,-6,-6,220,220,21993,28157,28207,,6214,,50,,,,,,50
5374,60,355,5,0,0,0x05,19,0,0,5,6.333,0.000,-6.333,-6,-6,220,220,21993,28207,28257,,6264,,50,,,,,,50
5375,60,355,5,0,0,0x05,19,0,0,5,6.333,0.000,-6.333,-6,-6,220,220,21993,28257,28307,,6314,,50,,,,,,50
5376,60,355,5,0,0,0x05,19,0,0,5,6.333,0.000,-6.333,-6,-6,220,220,21993,28307,28357,,6364,,50,,,,,,50
5377,60,355,5,0,0,0x05,18,0,0,5,6.000,0.000,-6.000,-6,-6,220,220,21993,28357,28407,,6414,,50,,,,,,50
5378,60,355,5,0,0,0x05,18,0,0,6,6.000,0.000,-6.000,-6,-6,220,220,21993,28407,28457,,6464,,50,,,,,,50
5379,60,355,5,0,0,0x05,19,0,0,6,6.333,0.000,-6.333,-6,-6,220,220,21993,28457,28507,,6514,,50,,,,,,50
5380,60,355,5,0,0,0x05,19,0,0,6,6.333,0.000,-6.333,-6,-6,220,220,21993,28507,28557,,6564,,50,,,,,,50
5381,60,356,6,0,0,0x06,33,20,0,28,17.667,33.000,15.333,16,16,220,220,28879,34607,34657,,5778,,50,,,,,,50
5382,60,356,6,0,0,0x06,32,20,0,28,17.333,32.000,14.667,16,15,220,220,28879,34657,34707,,5828,,50,,,,,,50
5383,60,356,6,0,0,0x06,31,20,0,27,17.000,31.000,14.000,15,14,220,220,28879,34707,34757,,5878,,50,,,,,,50
5384,60,356,6,0,0,0x06,30,20,0,27,16.667,30.000,13.333,14,14,220,220,28879,34757,34807,,5928,,50,,,,,,50
5385,60,356,6,0,0,0x06,30,20,0,26,16.667,30.000,13.333,14,14,220,220,28879,34807,34857,,5978,,50,,,,,,50
5386,60,356,6,0,0,0x06,28,20,0,26,16.000,28.000,12.000,14,12,220,220,28879,34857,34907,,6028,,50,,,,,,50
5387,60,356,6,0,0,0x06,31,20,0,26,17.000,31.000,14.000,12,14,220,220,28879,34907,34957,,6078,,50,,,,,,50
5388,60,356,6,0,0,0x06,26,20,0,25,15.333,26.000,10.667,14,11,220,220,28879,34957,35007,,6128,,50,,,,,,50
5389,60,356,6,0,0,0x06,26,20,0,25,15.333,26.000,10.667,11,11,220,220,28879,35007,35057,,6178,,50,,,,,,50
5390,60,356,6,0,0,0x06,25,19,0,25,14.667,25.000,10.333,11,11,220,220,28879,35057,35107,,6228,,50,,,,,,50
5391,60,356,6,0,0,0x06,23,19,0,24,14.000,23.000,9.000,11,9,220,220,28879,35107,35157,,6278,,50,,,,,,50
5392,60,356,6,0,0,0x06,22,19,0,24,13.667,22.000,8.333,9,9,220,220,28879,35157,35207,,6328,,50,,,,,,50
5393,60,356,6,0,0,0x06,22,19,0,24,13.667,22.000,8.333,9,9,220,220,28879,35207,35257,,6378,,50,,,,,,50
5394,60,356,6,0,0,0x06,21,19,0,23,13.333,21.000,7.667,9,8,220,220,28879,35257,35307,,6428,,50,,,,,,50
5395,60,356,6,0,0,0x06,19,19,0,23,12.667,19.000,6.333,8,7,220,220,28879,35307,35357,,6478,,50,,,,,,50
5396,60,356,6,0,0,0x06,18,19,0,22,12.333,18.000,5.667,7,6,220,220,28879,35357,35407,,6528,,50,,,,,,50
5397,60,356,6,0,0,0x06,18,19,0,22,12.333,18.000,5.667,6,6,220,220,28879,35407,35457,,6578,,50,,,,,,50
5398,60,356,6,0,0,0x06,17,18,0,22,11.667,17.000,5.333,6,6,220,220,28879,35457,35507,,6628,,50,,,,,,50
5399,60,356,6,0,0,0x06,16,19,0,22,11.667,16.000,4.333,6,5,220,220,28879,35507,35557,,6678,,50,,,,,,50
5400,60,356,6,0,0,0x06,15,19,0,21,11.333,15.000,3.667,5,4,220,220,28879,35557,35607,,6728,,50,,,,,,50
5401,60,357,1,0,0,0x01,0,18,0,0,6.000,0.000,-6.000,-5,-6,220,220,35744,40657,40707,,4963,,50,,,,,,50
5402,60,357,1,0,0,0x01,0,17,0,0,5.667,0.000,-5.667,-6,-5,220,220,35744,40707,40757,,5013,,50,,,,,,50
5403,60,357,1,0,0,0x01,0,17,0,0,5.667,0.000,-5.667,-5,-5,220,220,35744,40757,40807,,5063,,50,,,,,,50
5404,60,357,1,0,0,0x01,0,18,0,1,6.000,0.000,-6.000,-5,-6,220,220,35744,40807,40857,,5113,,50,,,,,,50
5405,60,357,1,0,0,0x01,0,17,0,1,5.667,0.000,-5.667,-6,-5,220,220,35744,40857,40907,,5163,,50,,,,,,50
5406,60,357,1,0,0,0x01,1,17,0,2,6.000,0.000,-6.000,-5,-6,220,220,35744,40907,40957,,5213,,50,,,,,,50
5407,60,357,1,0,0,0x01,0,18,0,2,6.000,0.000,-6.000,-6,-6,220,220,35744,40957,41007,,5263,,50,,,,,,50
5408,60,357,1,0,0,0x01,0,18,0,2,6.000,0.000,-6.000,-6,-6,220,220,35744,41007,41057,,5313,,50,,,,,,50
5409,60,357,1,0,0,0x01,0,18,0,2,6.000,0.000,-6.000,-6,-6,220,220,35744,41057,41107,,5363,,50,,,,,,50
5410,60,357,1,0,0,0x01,0,18,0,2,6.000,0.000,-6.000,-6,-6,220,220,35744,41107,41157,,5413,,50,,,,,,50
5411,60,357,1,0,0,0x01,0,18,0,3,6.000,0.000,-6.000,-6,-6,220,220,35744,41157,41207,,5463,,50,,,,,,50
5412,60,357,1,0,0,0x01,0,18,0,3,6.000,0.000,-6.000,-6,-6,220,220,35744,41207,41257,,5513,,50,,,,,,50
5413,60,357,1,0,0,0x01,0,18,0,4,6.000,0.000,-6.000,-6,-6,220,220,35744,41257,41307,,5563,,50,,,,,,50
5414,60,357,1,0,0,0x01,0,18,0,4,6.000,0.000,-6.000,-6,-6,220,220,35744,41307,41357,,5613,,50,,,,,,50
5415,60,357,1,0,0,0x01,0,18,0,4,6.000,0.000,-6.000,-6,-6,220,220,35744,41357,41407,,5663,,50,,,,,,50
5416,60,357,1,0,0,0x01,0,18,0,5,6.000,0.000,-6.000,-6,-6,220,220,35744,41407,41457,,5713,,50,,,,,,50
5417,60,357,1,0,0,0x01,0,18,0,5,6.000,0.000,-6.000,-6,-6,220,220,35744,41457,41507,,5763,,50,,,,,,50
5418,60,357,1,0,0,0x01,0,18,0,5,6.000,0.000,-6.000,-6,-6,220,220,35744,41507,41557,,5813,,50,,,,,,50
5419,60,357,1,0,0,0x01,0,18,0,6,6.000,0.000,-6.000,-6,-6,220,220,35744,41557,41607,,5863,,50,,,,,,50
5420,60,357,1,0,0,0x01,0,18,0,7,6.000,0.000,-6.000,-6,-6,220,220,35744,41607,41657,,5913,,50,,,,,,50
5421,60,358,2,0,0,0x02,3,57,21,37,27.000,57.000,30.000,32,30,220,220,42629,47707,47757,,5128,,50,,,,,,50
5422,60,358,2,0,0,0x02,3,57,21,37,27.000,57.000,30.000,30,30,220,220,42629,47757,47807,,5178,,50,,,,,,50
5423,60,358,2,0,0,0x02,3,56,21,37,26.667,56.000,29.333,30,30,220,220,42629,47807,47857,,5228,,50,,,,,,50
5424,60,358,2,0,0,0x02,3,55,21,37,26.333,55.000,28.667,30,29,220,220,42629,47857,47907,,5278,,50,,,,,,50
5425,60,358,2,0,0,0x02,7,54,21,37,27.333,54.000,26.667,29,27,220,220,42629,47907,47957,,5328,,50,,,,,,50
5426,60,358,2,0,0,0x02,3,53,21,36,25.667,53.000,27.333,27,28,220,220,42629,47957,48007,,5378,,50,,,,,,50
5427,60,358,2,0,0,0x02,2,53,21,36,25.333,53.000,27.667,28,28,220,220,42629,48007,48057,,5428,,50,,,,,,50
5428,60,358,2,0,0,0x02,3,52,21,36,25.333,52.000,26.667,28,27,220,220,42629,48057,48107,,5478,,50,,,,,,50
5429,60,358,2,0,0,0x02,2,51,21,35,24.667,51.000,26.333,27,27,220,220,42629,48107,48157,,5528,,50,,,,,,50
5430,60,358,2,0,0,0x02,2,50,20,35,24.000,50.000,26.000,27,26,220,220,42629,48157,48207,,5578,,50,,,,,,50
5431,60,358,2,0,0,0x02,2,49,20,35,23.667,49.000,25.333,26,26,220,220,42629,48207,48257,,5628,,50,,,,,,50
5432,60,358,2,0,0,0x02,2,48,20,34,23.333,48.000,24.667,26,25,220,220,42629,48257,48307,,5678,,50,,,,,,50
5433,60,358,2,0,0,0x02,2,47,20,34,23.000,47.000,24.000,25,24,220,220,42629,48307,48357,,5728,,50,,,,,,50
5434,60,358,2,0,0,0x02,2,47,20,34,23.000,47.000,24.000,24,24,220,220,42629,48357,48407,,5778,,50,,,,,,50
5435,60,358,2,0,0,0x02,2,46,20,34,22.667,46.000,23.333,24,24,220,220,42629,48407,48457,,5828,,50,,,,,,50
5436,60,358,2,0,0,0x02,2,45,20,33,22.333,45.000,22.667,24,23,220,220,42629,48457,48507,,5878,,50,,,,,,50
5437,60,358,2,0,0,0x02,2,44,20,32,22.000,44.000,22.000,23,22,220,220,42629,48507,48557,,5928,,50,,,,,,50
5438,60,358,2,0,0,0x02,2,43,20,32,21.667,43.000,21.333,22,22,220,220,42629,48557,48607,,5978,,50,,,,,,50
5439,60,358,2,0,0,0x02,2,42,20,32,21.333,42.000,20.667,22,21,220,220,42629,48607,48657,,6028,,50,,,,,,50
5440,60,358,2,0,0,0x02,2,41,20,31,21.000,41.000,20.000,21,20,220,220,42629,48657,48707,,6078,,50,,,,,,50
5441,60,359,3,0,0,0x03,0,0,16,5,5.333,0.000,-5.333,-5,-5,220,220,49493,54757,54807,,5314,,50,,,,,,50
5442,60,359,3,0,0,0x03,0,0,16,5,5.333,0.000,-5.333,-5,-5,220,220,49493,54807,54857,,5364,,50,,,,,,50
5443,60,359,3,0,0,0x03,0,0,16,6,5.333,0.000,-5.333,-5,-5,220,220,49493,54857,54907,,5414,,50,,,,,,50
5444,60,359,3,0,0,0x03,0,0,16,7,5.333,0.000,-5.333,-5,-5,220,220,49493,54907,54957,,5464,,50,,,,,,50
5445,60,359,3,0,0,0x03,0,0,16,7,5.333,0.000,-5.333,-5,-5,220,220,49493,54957,55007,,5514,,50,,,,,,50
5446,60,359,3,0,0,0x03,0,0,17,7,5.667,0.000,-5.667,-5,-5,220,220,49493,55007,55057,,5564,,50,,,,,,50
5447,60,359,3,0,0,0x03,0,0,17,8,5.667,0.000,-5.667,-5,-5,220,220,49493,55057,55107,,5614,,50,,,,,,50
5448,60,359,3,0,0,0x03,0,0,17,8,5.667,0.000,-5.667,-5,-5,220,220,49493,55107,55157,,5664,,50,,,,,,50
5449,60,359,3,0,0,0x03,0,0,17,9,5.667,0.000,-5.667,-5,-5,220,220,49493,55157,55207,,5714,,50,,,,,,50
5450,60,359,3,0,0,0x03,0,0,17,8,5.667,0.000,-5.667,-5,-5,220,220,49493,55207,55257,,5764,,50,,,,,,50
5451,60,359,3,0,0,0x03,0,0,17,9,5.667,0.000,-5.667,-5,-5,220,220,49493,55257,55307,,5814,,50,,,,,,50
5452,60,359,3,0,0,0x03,0,0,17,10,5.667,0.000,-5.667,-5,-5,220,220,49493,55307,55357,,5864,,50,,,,,,50
5453,60,359,3,0,0,0x03,0,0,16,10,5.333,0.000,-5.333,-5,-5,220,220,49493,55357,55407,,5914,,50,,,,,,50
5454,60,359,3,0,0,0x03,0,0,17,10,5.667,0.000,-5.667,-5,-5,220,220,49493,55407,55457,,5964,,50,,,,,,50
5455,60,359,3,0,0,0x03,0,0,17,11,5.667,0.000,-5.667,-5,-5,220,220,49493,55457,55507,,6014,,50,,,,,,50
5456,60,359,3,0,0,0x03,0,0,17,11,5.667,0.000,-5.667,-5,-5,220,220,49493,55507,55557,,6064,,50,,,,,,50
5457,60,359,3,0,0,0x03,0,0,17,12,5.667,0.000,-5.667,-5,-5,220,220,49493,55557,55607,,6114,,50,,,,,,50
5458,60,359,3,0,0,0x03,0,0,17,12,5.667,0.000,-5.667,-5,-5,220,220,49493,55607,55657,,6164,,50,,,,,,50
5459,60,359,3,0,0,0x03,0,0,17,12,5.667,0.000,-5.667,-5,-5,220,220,49493,55657,55707,,6214,,50,,,,,,50
5460,60,359,3,0,0,0x03,0,0,17,13,5.667,0.000,-5.667,-5,-5,220,220,49493,55707,55757,,6264,,50,,,,,,50
5461,60,360,4,0,0,0x04,23,0,44,33,22.333,44.000,21.667,22,22,220,220,56377,61807,61857,,5480,,50,,,,,,50
5462,60,360,4,0,0,0x04,23,0,43,33,22.000,43.000,21.000,22,21,220,220,56377,61857,61907,,5530,,50,,,,,,50
5463,60,360,4,0,0,0x04,28,0,42,33,23.333,42.000,18.667,21,19,220,220,56377,61907,61957,,5580,,50,,,,,,50
5464,60,360,4,0,0,0x04,23,0,41,32,21.333,41.000,19.667,19,20,220,220,56377,61957,62007,,5630,,50,,,,,,50
5465,60,360,4,0,0,0x04,23,0,40,32,21.000,40.000,19.000,20,19,220,220,56377,62007,62057,,5680,,50,,,,,,50
5466,60,360,4,0,0,0x04,23,0,39,32,20.667,39.000,18.333,19,19,220,220,56377,62057,62107,,5730,,50,,,,,,50
5467,60,360,4,0,0,0x04,23,0,38,31,20.333,38.000,17.667,19,18,220,220,56377,62107,62157,,5780,,50,,,,,,50
5468,60,360,4,0,0,0x04,23,0,37,31,20.000,37.000,17.000,18,17,220,220,56377,62157,62207,,5830,,50,,,,,,50
5469,60,360,4,0,0,0x04,23,0,36,30,19.667,36.000,16.333,17,17,220,220,56377,62207,62257,,5880,,50,,,,,,50
5470,60,360,4,0,0,0x04,23,0,35,30,19.333,35.000,15.667,17,16,220,220,56377,62257,62307,,5930,,50,,,,,,50
5471,60,360,4,0,0,0x04,22,0,34,30,18.667,34.000,15.333,16,16,220,220,56377,62307,62357,,5980,,50,,,,,,50
5472,60,360,4,0,0,0x04,22,0,33,29,18.333,33.000,14.667,16,15,220,220,56377,62357,62407,,6030,,50,,,,,,50
5473,60,360,4,0,0,0x04,23,0,32,29,18.333,32.000,13.667,15,14,220,220,56377,62407,62457,,6080,,50,,,,,,50
5474,60,360,4,0,0,0x04,23,0,31,28,18.000,31.000,13.000,14,13,220,220,56377,62457,62507,,6130,,50,,,,,,50
5475,60,360,4,0,0,0x04,22,0,30,28,17.333,30.000,12.667,13,13,220,220,56377,62507,62557,,6180,,50,,,,,,50
5476,60,360,4,0,0,0x04,22,0,29,27,17.000,29.000,12.000,13,12,220,220,56377,62557,62607,,6230,,50,,,,,,50
5477,60,360,4,0,0,0x04,22,0,28,27,16.667,28.000,11.333,12,12,220,220,56377,62607,62657,,6280,,50,,,,,,50
5478,60,360,4,0,0,0x04,22,0,27,27,16.333,27.000,10.667,12,11,220,220,56377,62657,62707,,6330,,50,,,,,,50
5479,60,360,4,0,0,0x04,22,0,26,27,16.000,26.000,10.000,11,10,220,220,56377,62707,62757,,6380,,50,,,,,,50
5480,60,360,4,0,0,0x04,22,0,25,26,15.667,25.000,9.333,10,10,220,220,56377,62757,62807,,6430,,50,,,,,,50
5481,61,361,5,0,0,0x05,18,0,0,0,6.000,0.000,-6.000,-6,-6,220,220,63241,3321,3371,,5666,,50,,,,,,50
5482,61,361,5,0,0,0x05,23,0,0,1,7.667,0.000,-7.667,-6,-7,220,220,63241,3371,3421,,5716,,50,,,,,,50
5483,61,361,5,0,0,0x05,18,0,0,1,6.000,0.000,-6.000,-7,-6,220,220,63241,3421,3471,,5766,,50,,,,,,50
5484,61,361,5,0,0,0x05,18,0,0,1,6.000,0.000,-6.000,-6,-6,220,220,63241,3471,3521,,5816,,50,,,,,,50
5485,61,361,5,0,0,0x05,19,0,0,2,6.333,0.000,-6.333,-6,-6,220,220,63241,3521,3571,,5866,,50,,,,,,50
5486,61,361,5,0,0,0x05,18,0,0,2,6.000,0.000,-6.000,-6,-6,220,220,63241,3571,3621,,5916,,50,,,,,,50
5487,61,361,5,0,0,0x05,18,0,0,2,6.000,0.000,-6.000,-6,-6,220,220,63241,3621,3671,,5966,,50,,,,,,50
5488,61,361,5,0,0,0x05,19,0,0,2,6.333,0.000,-6.333,-6,-6,220,220,63241,3671,3721,,6016,,50,,,,,,50
5489,61,361,5,0,0,0x05,19,0,0,3,6.333,0.000,-6.333,-6,-6,220,220,63241,3721,3771,,6066,,50,,,,,,50
5490,61,361,5,0,0,0x05,18,0,0,3,6.000,0.000,-6.000,-6,-6,220,220,63241,3771,3821,,6116,,50,,,,,,50
5491,61,361,5,0,0,0x05,19,0,0,4,6.333,0.000,-6.333,-6,-6,220,220,63241,3821,3871,,6166,,50,,,,,,50
5492,61,361,5,0,0,0x05,19,0,0,4,6.333,0.000,-6.333,-6,-6,220,220,63241,3871,3921,,6216,,50,,,,,,50
5493,61,361,5,0,0,0x05,19,0,0,4,6.333,0.000,-6.333,-6,-6,220,220,63241,3921,3971,,6266,,50,,,,,,50
5494,61,361,5,0,0,0x05,19,0,0,5,6.333,0.000,-6.333,-6,-6,220,220,63241,3971,4021,,6316,,50,,,,,,50
5495,61,361,5,0,0,0x05,19,0,0,5,6.333,0.000,-6.333,-6,-6,220,220,63241,4021,4071,,6366,,50,,,,,,50
5496,61,361,5,0,0,0x05,19,0,0,6,6.333,0.000,-6.333,-6,-6,220,220,63241,4071,4121,,6416,,50,,,,,,50
5497,61,361,5,0,0,0x05,19,0,0,6,6.333,0.000,-6.333,-6,-6,220,220,63241,4121,4171,,6466,,50,,,,,,50
5498,61,361,5,0,0,0x05,19,0,0,7,6.333,0.000,-6.333,-6,-6,220,220,63241,4171,4221,,6516,,50,,,,,,50
5499,61,361,5,0,0,0x05,19,0,0,7,6.333,0.000,-6.333,-6,-6,220,220,63241,4221,4271,,6566,,50,,,,,,50
5500,61,361,5,0,0,0x05,19,0,0,7,6.333,0.000,-6.333,-6,-6,220,220,63241,4271,4321,,6616,,50,,,,,,50
5501,61,362,6,0,0,0x06,37,20,0,29,19.000,37.000,18.000,18,18,220,220,4570,10321,10371,,5801,,50,,,,,,50
5502,61,362,6,0,0,0x06,40,21,0,30,20.333,40.000,19.667,18,20,220,220,4570,10371,10421,,5851,,50,,,,,,50
5503,61,362,6,0,0,0x06,35,20,0,28,18.333,35.000,16.667,20,17,220,220,4570,10421,10471,,5901,,50,,,,,,50
5504,61,362,6,0,0,0x06,35,20,0,28,18.333,35.000,16.667,17,17,220,220,4570,10471,10521,,5951,,50,,,,,,50
5505,61,362,6,0,0,0x06,34,20,0,28,18.000,34.000,16.000,17,16,220,220,4570,10521,10571,,6001,,50,,,,,,50
5506,61,362,6,0,0,0x06,33,19,0,28,17.333,33.000,15.667,16,16,220,220,4570,10571,10621,,6051,,50,,,,,,50
5507,61,362,6,0,0,0x06,32,20,0,27,17.333,32.000,14.667,16,15,220,220,4570,10621,10671,,6101,,50,,,,,,50
5508,61,362,6,0,0,0x06,32,20,0,27,17.333,32.000,14.667,15,15,220,220,4570,10671,10721,,6151,,50,,,,,,50
5509,61,362,6,0,0,0x06,31,20,0,27,17.000,31.000,14.000,15,14,220,220,4570,10721,10771,,6201,,50,,,,,,50
5510,61,362,6,0,0,0x06,30,20,0,27,16.667,30.000,13.333,14,14,220,220,4570,10771,10821,,6251,,50,,,,,,50
5511,61,362,6,0,0,0x06,29,20,0,26,16.333,29.000,12.667,14,13,220,220,4570,10821,10871,,6301,,50,,,,,,50
5512,61,362,6,0,0,0x06,28,20,0,26,16.000,28.000,12.000,13,12,220,220,4570,10871,10921,,6351,,50,,,,,,50
5513,61,362,6,0,0,0x06,27,20,0,25,15.667,27.000,11.333,12,12,220,220,4570,10921,10971,,6401,,50,,,,,,50
5514,61,362,6,0,0,0x06,27,19,0,25,15.333,27.000,11.667,12,12,220,220,4570,10971,11021,,6451,,50,,,,,,50
5515,61,362,6,0,0,0x06,26,19,0,25,15.000,26.000,11.000,12,11,220,220,4570,11021,11071,,6501,,50,,,,,,50
5516,61,362,6,0,0,0x06,25,19,0,25,14.667,25.000,10.333,11,11,220,220,4570,11071,11121,,6551,,50,,,,,,50
5517,61,362,6,0,0,0x06,24,19,0,25,14.333,24.000,9.667,11,10,220,220,4570,11121,11171,,6601,,50,,,,,,50
5518,61,362,6,0,0,0x06,23,19,0,24,14.000,23.000,9.000,10,9,220,220,4570,11171,11221,,6651,,50,,,,,,50
5519,61,362,6,0,0,0x06,22,19,0,24,13.667,22.000,8.333,9,9,220,220,4570,11221,11271,,6701,,50,,,,,,50
5520,61,362,6,0,0,0x06,22,19,0,23,13.667,22.000,8.333,9,9,220,220,4570,11271,11321,,6751,,50,,,,,,50
5521,61,363,1,0,0,0x01,2,18,0,5,6.667,0.000,-6.667,-6,-6,220,220,11453,16371,16421,,4968,,50,,,,,,50
5522,61,363,1,0,0,0x01,0,18,0,4,6.000,0.000,-6.000,-6,-6,220,220,11453,16421,16471,,5018,,50,,,,,,50
5523,61,363,1,0,0,0x01,0,18,0,5,6.000,0.000,-6.000,-6,-6,220,220,11453,16471,16521,,5068,,50,,,,,,50
5524,61,363,1,0,0,0x01,0,18,0,5,6.000,0.000,-6.000,-6,-6,220,220,11453,16521,16571,,5118,,50,,,,,,50
5525,61,363,1,0,0,0x01,0,18,0,5,6.000,0.000,-6.000,-6,-6,220,220,11453,16571,16621,,5168,,50,,,,,,50
5526,61,363,1,0,0,0x01,0,18,0,6,6.000,0.000,-6.000,-6,-6,220,220,11453,16621,16671,,5218,,50,,,,,,50
5527,61,363,1,0,0,0x01,0,18,0,6,6.000,0.000,-6.000,-6,-6,220,220,11453,16671,16721,,5268,,50,,,,,,50
5528,61,363,1,0,0,0x01,0,18,0,6,6.000,0.000,-6.000,-6,-6,220,220,11453,16721,16771,,5318,,50,,,,,,50
5529,61,363,1,0,0,0x01,0,18,0,7,6.000,0.000,-6.000,-6,-6,220,220,11453,16771,16821,,5368,,50,,,,,,50
5530,61,363,1,0,0,0x01,0,18,0,7,6.000,0.000,-6.000,-6,-6,220,220,11453,16821,16871,,5418,,50,,,,,,50
5531,61,363,1,0,0,0x01,0,18,0,8,6.000,0.000,-6.000,-6,-6,220,220,11453,16871,16921,,5468,,50,,,,,,50
5532,61,363,1,0,0,0x01,0,18,0,8,6.000,0.000,-6.000,-6,-6,220,220,11453,16921,16971,,5518,,50,,,,,,50
5533,61,363,1,0,0,0x01,0,18,0,8,6.000,0.000,-6.000,-6,-6,220,220,11453,16971,17021,,5568,,50,,,,,,50
5534,61,363,1,0,0,0x01,0,18,0,8,6.000,0.000,-6.000,-6,-6,220,220,11453,17021,17071,,5618,,50,,,,,,50
5535,61,363,1,0,0,0x01,0,18,0,9,6.000,0.000,-6.000,-6,-6,220,220,11453,17071,17121,,5668,,50,,,,,,50
5536,61,363,1,0,0,0x01,0,18,0,10,6.000,0.000,-6.000,-6,-6,220,220,11453,17121,17171,,5718,,50,,,,,,50
5537,61,363,1,0,0,0x01,0,18,0,10,6.000,0.000,-6.000,-6,-6,220,220,11453,17171,17221,,5768,,50,,,,,,50
5538,61,363,1,0,0,0x01,0,18,0,11,6.000,0.000,-6.000,-6,-6,220,220,11453,17221,17271,,5818,,50,,,,,,50
5539,61,363,1,0,0,0x01,0,18,0,11,6.000,0.000,-6.000,-6,-6,220,220,11453,17271,17321,,5868,,50,,,,,,50
5540,61,363,1,0,0,0x01,0,18,0,12,6.000,0.000,-6.000,-6,-6,220,220,11453,17321,17371,,5918,,50,,,,,,50
5541,61,364,2,0,0,0x02,4,73,22,43,33.000,73.000,40.000,39,40,220,220,18318,23421,23471,,5153,,50,,,,,,50
5542,61,364,2,0,0,0x02,4,73,22,43,33.000,73.000,40.000,40,40,220,220,18318,23471,23521,,5203,,50,,,,,,50
5543,61,364,2,0,0,0x02,4,72,22,43,32.667,72.000,39.333,40,40,220,220,18318,23521,23571,,5253,,50,,,,,,50
5544,61,364,2,0,0,0x02,4,71,22,42,32.333,71.000,38.667,40,39,220,220,18318,23571,23621,,5303,,50,,,,,,50
5545,61,364,2,0,0,0x02,3,71,22,43,32.000,71.000,39.000,39,39,220,220,18318,23621,23671,,5353,,50,,,,,,50
5546,61,364,2,0,0,0x02,4,71,22,43,32.333,71.000,38.667,39,39,220,220,18318,23671,23721,,5403,,50,,,,,,50
5547,61,364,2,0,0,0x02,4,69,22,42,31.667,69.000,37.333,39,38,220,220,18318,23721,23771,,5453,,50,,,,,,50
5548,61,364,2,0,0,0x02,4,68,22,42,31.333,68.000,36.667,38,37,220,220,18318,23771,23821,,5503,,50,,,,,,50
5549,61,364,2,0,0,0x02,4,68,22,42,31.333,68.000,36.667,37,37,220,220,18318,23821,23871,,5553,,50,,,,,,50
5550,61,364,2,0,0,0x02,3,68,22,42,31.000,68.000,37.000,37,37,220,220,18318,23871,23921,,5603,,50,,,,,,50
5551,61,364,2,0,0,0x02,3,66,21,41,30.000,66.000,36.000,37,36,220,220,18318,23921,23971,,5653,,50,,,,,,50
5552,61,364,2,0,0,0x02,3,65,22,41,30.000,65.000,35.000,36,35,220,220,18318,23971,24021,,5703,,50,,,,,,50
5553,61,364,2,0,0,0x02,3,65,21,40,29.667,65.000,35.333,35,36,220,220,18318,24021,24071,,5753,,50,,,,,,50
5554,61,364,2,0,0,0x02,3,64,22,40,29.667,64.000,34.333,36,35,220,220,18318,24071,24121,,5803,,50,,,,,,50
5555,61,364,2,0,0,0x02,3,63,21,40,29.000,63.000,34.000,35,34,220,220,18318,24121,24171,,5853,,50,,,,,,50
5556,61,364,2,0,0,0x02,3,62,22,40,29.000,62.000,33.000,34,33,220,220,18318,24171,24221,,5903,,50,,,,,,50
5557,61,364,2,0,0,0x02,3,62,21,40,28.667,62.000,33.333,33,34,220,220,18318,24221,24271,,5953,,50,,,,,,50
5558,61,364,2,0,0,0x02,3,61,21,39,28.333,61.000,32.667,34,33,220,220,18318,24271,24321,,6003,,50,,,,,,50
5559,61,364,2,0,0,0x02,3,60,21,39,28.000,60.000,32.000,33,32,220,220,18318,24321,24371,,6053,,50,,,,,,50
5560,61,364,2,0,0,0x02,7,60,21,39,29.333,60.000,30.667,32,31,220,220,18318,24371,24421,,6103,,50,,,,,,50
5561,61,365,3,0,0,0x03,0,0,17,10,5.667,0.000,-5.667,-5,-5,220,220,25201,30471,30521,,5320,,50,,,,,,50
5562,61,365,3,0,0,0x03,0,0,17,11,5.667,0.000,-5.667,-5,-5,220,220,25201,30521,30571,,5370,,50,,,,,,50
5563,61,365,3,0,0,0x03,0,0,17,11,5.667,0.000,-5.667,-5,-5,220,220,25201,30571,30621,,5420,,50,,,,,,50
5564,61,365,3,0,0,0x03,0,0,17,11,5.667,0.000,-5.667,-5,-5,220,220,25201,30621,30671,,5470,,50,,,,,,50
5565,61,365,3,0,0,0x03,0,0,17,12,5.667,0.000,-5.667,-5,-5,220,220,25201,30671,30721,,5520,,50,,,,,,50
5566,61,365,3,0,0,0x03,0,0,17,12,5.667,0.000,-5.667,-5,-5,220,220,25201,30721,30771,,5570,,50,,,,,,50
5567,61,365,3,0,0,0x03,0,0,16,13,5.333,0.000,-5.333,-5,-5,220,220,25201,30771,30821,,5620,,50,,,,,,50
5568,61,365,3,0,0,0x03,0,0,17,13,5.667,0.000,-5.667,-5,-5,220,220,25201,30821,30871,,5670,,50,,,,,,50
5569,61,365,3,0,0,0x03,0,0,17,13,5.667,0.000,-5.667,-5,-5,220,220,25201,30871,30921,,5720,,50,,,,,,50
5570,61,365,3,0,0,0x03,0,0,17,13,5.667,0.000,-5.667,-5,-5,220,220,25201,30921,30971,,5770,,50,,,,,,50
5571,61,365,3,0,0,0x03,0,0,17,14,5.667,0.000,-5.667,-5,-5,220,220,25201,30971,31021,,5820,,50,,,,,,50
5572,61,365,3,0,0,0x03,0,0,17,14,5.667,0.000,-5.667,-5,-5,220,220,25201,31021,31071,,5870,,50,,,,,,50
5573,61,365,3,0,0,0x03,0,0,17,14,5.667,0.000,-5.667,-5,-5,220,220,25201,31071,31121,,5920,,50,,,,,,50
5574,61,365,3,0,0,0x03,0,0,17,15,5.667,0.000,-5.667,-5,-5,220,220,25201,31121,31171,,5970,,50,,,,,,50
5575,61,365,3,0,0,0x03,0,0,17,15,5.667,0.000,-5.667,-5,-5,220,220,25201,31171,31221,,6020,,50,,,,,,50
5576,61,365,3,0,0,0x03,0,0,17,15,5.667,0.000,-5.667,-5,-5,220,220,25201,31221,31271,,6070,,50,,,,,,50
5577,61,365,3,0,0,0x03,0,0,17,16,5.667,0.000,-5.667,-5,-5,220,220,25201,31271,31321,,6120,,50,,,,,,50
5578,61,365,3,0,0,0x03,0,0,17,16,5.667,0.000,-5.667,-5,-5,220,220,25201,31321,31371,,6170,,50,,,,,,50
5579,61,365,3,0,0,0x03,5,0,17,17,7.333,5.000,-2.333,-5,-2,220,220,25201,31371,31421,,6220,,50,,,,,,50
5580,61,365,3,0,0,0x03,1,0,17,17,6.000,1.000,-5.000,-2,-5,220,220,25201,31421,31471,,6270,,50,,,,,,50
5581,61,366,4,0,0,0x04,24,0,49,35,24.333,49.000,24.667,26,25,220,220,32065,37521,37571,,5506,,50,,,,,,50
5582,61,366,4,0,0,0x04,24,0,48,35,24.000,48.000,24.000,25,24,220,220,32065,37571,37621,,5556,,50,,,,,,50
5583,61,366,4,0,0,0x04,24,0,47,35,23.667,47.000,23.333,24,24,220,220,32065,37621,37671,,5606,,50,,,,,,50
5584,61,366,4,0,0,0x04,23,0,45,34,22.667,45.000,22.333,24,23,220,220,32065,37671,37721,,5656,,50,,,,,,50
5585,61,366,4,0,0,0x04,23,0,44,33,22.333,44.000,21.667,23,22,220,220,32065,37721,37771,,5706,,50,,,,,,50
5586,61,366,4,0,0,0x04,23,0,43,33,22.000,43.000,21.000,22,21,220,220,32065,37771,37821,,5756,,50,,,,,,50
5587,61,366,4,0,0,0x04,23,0,42,33,21.667,42.000,20.333,21,21,220,220,32065,37821,37871,,5806,,50,,,,,,50
5588,61,366,4,0,0,0x04,23,0,40,32,21.000,40.000,19.000,21,19,220,220,32065,37871,37921,,5856,,50,,,,,,50
5589,61,366,4,0,0,0x04,23,0,39,32,20.667,39.000,18.333,19,19,220,220,32065,37921,37971,,5906,,50,,,,,,50
5590,61,366,4,0,0,0x04,22,0,38,31,20.000,38.000,18.000,19,18,220,220,32065,37971,38021,,5956,,50,,,,,,50
5591,61,366,4,0,0,0x04,23,0,36,30,19.667,36.000,16.333,18,17,220,220,32065,38021,38071,,6006,,50,,,,,,50
5592,61,366,4,0,0,0x04,23,0,35,30,19.333,35.000,15.667,17,16,220,220,32065,38071,38121,,6056,,50,,,,,,50
5593,61,366,4,0,0,0x04,23,0,34,29,19.000,34.000,15.000,16,15,220,220,32065,38121,38171,,6106,,50,,,,,,50
5594,61,366,4,0,0,0x04,22,0,33,29,18.333,33.000,14.667,15,15,220,220,32065,38171,38221,,6156,,50,,,,,,50
5595,61,366,4,0,0,0x04,22,0,31,29,17.667,31.000,13.333,15,14,220,220,32065,38221,38271,,6206,,50,,,,,,50
5596,61,366,4,0,0,0x04,22,0,30,28,17.333,30.000,12.667,14,13,220,220,32065,38271,38321,,6256,,50,,,,,,50
5597,61,366,4,0,0,0x04,22,0,29,27,17.000,29.000,12.000,13,12,220,220,32065,38321,38371,,6306,,50,,,,,,50
5598,61,366,4,0,0,0x04,26,0,27,28,17.667,27.000,9.333,12,10,220,220,32065,38371,38421,,6356,,50,,,,,,50
5599,61,366,4,0,0,0x04,22,0,26,26,16.000,26.000,10.000,10,10,220,220,32065,38421,38471,,6406,,50,,,,,,50
5600,61,366,4,0,0,0x04,22,0,25,26,15.667,25.000,9.333,10,10,220,220,32065,38471,38521,,6456,,50,,,,,,50
5601,62,367,5,0,0,0x05,18,0,0,2,6.000,0.000,-6.000,-6,-6,220,220,38949,44571,44621,,5672,,50,,,,,,50
5602,62,367,5,0,0,0x05,18,0,0,2,6.000,0.000,-6.000,-6,-6,220,220,38949,44621,44671,,5722,,50,,,,,,50
5603,62,367,5,0,0,0x05,18,0,0,2,6.000,0.000,-6.000,-6,-6,220,220,38949,44671,44721,,5772,,50,,,,,,50
5604,62,367,5,0,0,0x05,18,0,0,3,6.000,0.000,-6.000,-6,-6,220,220,38949,44721,44771,,5822,,50,,,,,,50
5605,62,367,5,0,0,0x05,18,0,0,3,6.000,0.000,-6.000,-6,-6,220,220,38949,44771,44821,,5872,,50,,,,,,50
5606,62,367,5,0,0,0x05,19,0,0,3,6.333,0.000,-6.333,-6,-6,220,220,38949,44821,44871,,5922,,50,,,,,,50
5607,62,367,5,0,0,0x05,18,0,0,3,6.000,0.000,-6.000,-6,-6,220,220,38949,44871,44921,,5972,,50,,,,,,50
5608,62,367,5,0,0,0x05,19,0,0,4,6.333,0.000,-6.333,-6,-6,220,220,38949,44921,44971,,6022,,50,,,,,,50
5609,62,367,5,0,0,0x05,18,0,0,4,6.000,0.000,-6.000,-6,-6,220,220,38949,44971,45021,,6072,,50,,,,,,50
5610,62,367,5,0,0,0x05,18,0,0,4,6.000,0.000,-6.000,-6,-6,220,220,38949,45021,45071,,6122,,50,,,,,,50
5611,62,367,5,0,0,0x05,19,0,0,5,6.333,0.000,-6.333,-6,-6,220,220,38949,45071,45121,,6172,,50,,,,,,50
5612,62,367,5,0,0,0x05,19,0,0,5,6.333,0.000,-6.333,-6,-6,220,220,38949,45121,45171,,6222,,50,,,,,,50
5613,62,367,5,0,0,0x05,19,0,0,6,6.333,0.000,-6.333,-6,-6,220,220,38949,45171,45221,,6272,,50,,,,,,50
5614,62,367,5,0,0,0x05,19,0,0,6,6.333,0.000,-6.333,-6,-6,220,220,38949,45221,45271,,6322,,50,,,,,,50
5615,62,367,5,0,0,0x05,19,0,0,6,6.333,0.000,-6.333,-6,-6,220,220,38949,45271,45321,,6372,,50,,,,,,50
5616,62,367,5,0,0,0x05,18,0,0,7,6.000,0.000,-6.000,-6,-6,220,220,38949,45321,45371,,6422,,50,,,,,,50
5617,62,367,5,0,0,0x05,23,0,0,7,7.667,0.000,-7.667,-6,-7,220,220,38949,45371,45421,,6472,,50,,,,,,50
5618,62,367,5,0,0,0x05,19,0,0,7,6.333,0.000,-6.333,-7,-6,220,220,38949,45421,45471,,6522,,50,,,,,,50
5619,62,367,5,0,0,0x05,19,0,0,7,6.333,0.000,-6.333,-6,-6,220,220,38949,45471,45521,,6572,,50,,,,,,50
5620,62,367,5,0,0,0x05,19,0,0,7,6.333,0.000,-6.333,-6,-6,220,220,38949,45521,45571,,6622,,50,,,,,,50
5621,62,368,6,0,0,0x06,40,20,0,30,20.000,40.000,20.000,21,20,220,220,45814,51621,51671,,5857,,50,,,,,,50
5622,62,368,6,0,0,0x06,38,21,0,29,19.667,38.000,18.333,20,19,220,220,45814,51671,51721,,5907,,50,,,,,,50
5623,62,368,6,0,0,0x06,38,20,0,29,19.333,38.000,18.667,19,19,220,220,45814,51721,51771,,5957,,50,,,,,,50
5624,62,368,6,0,0,0x06,37,20,0,30,19.000,37.000,18.000,19,18,220,220,45814,51771,51821,,6007,,50,,,,,,50
5625,62,368,6,0,0,0x06,35,20,0,28,18.333,35.000,16.667,18,17,220,220,45814,51821,51871,,6057,,50,,,,,,50
5626,62,368,6,0,0,0x06,34,20,0,28,18.000,34.000,16.000,17,16,220,220,45814,51871,51921,,6107,,50,,,,,,50
5627,62,368,6,0,0,0x06,33,20,0,28,17.667,33.000,15.333,16,16,220,220,45814,51921,51971,,6157,,50,,,,,,50
5628,62,368,6,0,0,0x06,32,20,0,27,17.333,32.000,14.667,16,15,220,220,45814,51971,52021,,6207,,50,,,,,,50
5629,62,368,6,0,0,0x06,31,20,0,27,17.000,31.000,14.000,15,14,220,220,45814,52021,52071,,6257,,50,,,,,,50
5630,62,368,6,0,0,0x06,29,20,0,26,16.333,29.000,12.667,14,13,220,220,45814,52071,52121,,6307,,50,,,,,,50
5631,62,368,6,0,0,0x06,29,20,0,26,16.333,29.000,12.667,13,13,220,220,45814,52121,52171,,6357,,50,,,,,,50
5632,62,368,6,0,0,0x06,28,19,0,26,15.667,28.000,12.333,13,13,220,220,45814,52171,52221,,6407,,50,,,,,,50
5633,62,368,6,0,0,0x06,26,19,0,25,15.000,26.000,11.000,13,11,220,220,45814,52221,52271,,6457,,50,,,,,,50
5634,62,368,6,0,0,0x06,25,19,0,25,14.667,25.000,10.333,11,11,220,220,45814,52271,52321,,6507,,50,,,,,,50
5635,62,368,6,0,0,0x06,25,20,0,25,15.000,25.000,10.000,11,10,220,220,45814,52321,52371,,6557,,50,,,,,,50
5636,62,368,6,0,0,0x06,27,19,0,25,15.333,27.000,11.667,10,12,220,220,45814,52371,52421,,6607,,50,,,,,,50
5637,62,368,6,0,0,0x06,22,19,0,24,13.667,22.000,8.333,12,9,220,220,45814,52421,52471,,6657,,50,,,,,,50
5638,62,368,6,0,0,0x06,21,19,0,23,13.333,21.000,7.667,9,8,220,220,45814,52471,52521,,6707,,50,,,,,,50
5639,62,368,6,0,0,0x06,20,19,0,23,13.000,20.000,7.000,8,7,220,220,45814,52521,52571,,6757,,50,,,,,,50
5640,62,369,1,0,0,0x01,19,19,0,23,12.667,0.000,-12.667,7,-12,220,220,45814,52571,52621,,6807,,50,,,,,,50
5641,62,369,1,0,0,0x01,0,18,0,4,6.000,0.000,-6.000,-5,-6,220,220,52699,57671,57721,,5022,,50,,,,,,50
5642,62,369,1,0,0,0x01,0,18,0,4,6.000,0.000,-6.000,-6,-6,220,220,52699,57721,57771,,5072,,50,,,,,,50
5643,62,369,1,0,0,0x01,0,18,0,4,6.000,0.000,-6.000,-6,-6,220,220,52699,57771,57821,,5122,,50,,,,,,50
5644,62,369,1,0,0,0x01,0,18,0,4,6.000,0.000,-6.000,-6,-6,220,220,52699,57821,57871,,5172,,50,,,,,,50
5645,62,369,1,0,0,0x01,0,18,0,5,6.000,0.000,-6.000,-6,-6,220,220,52699,57871,57921,,5222,,50,,,,,,50
5646,62,369,1,0,0,0x01,0,18,0,5,6.000,0.000,-6.000,-6,-6,220,220,52699,57921,57971,,5272,,50,,,,,,50
5647,62,369,1,0,0,0x01,0,18,0,5,6.000,0.000,-6.000,-6,-6,220,220,52699,57971,58021,,5322,,50,,,,,,50
5648,62,369,1,0,0,0x01,0,18,0,6,6.000,0.000,-6.000,-6,-6,220,220,52699,58021,58071,,5372,,50,,,,,,50
5649,62,369,1,0,0,0x01,0,18,0,6,6.000,0.000,-6.000,-6,-6,220,220,52699,58071,58121,,5422,,50,,,,,,50
5650,62,369,1,0,0,0x01,0,18,0,6,6.000,0.000,-6.000,-6,-6,220,220,52699,58121,58171,,5472,,50,,,,,,50
5651,62,369,1,0,0,0x01,0,18,0,7,6.000,0.000,-6.000,-6,-6,220,220,52699,58171,58221,,5522,,50,,,,,,50
5652,62,369,1,0,0,0x01,0,18,0,7,6.000,0.000,-6.000,-6,-6,220,220,52699,58221,58271,,5572,,50,,,,,,50
5653,62,369,1,0,0,0x01,0,18,0,7,6.000,0.000,-6.000,-6,-6,220,220,52699,58271,58321,,5622,,50,,,,,,50
5654,62,369,1,0,0,0x01,0,18,0,7,6.000,0.000,-6.000,-6,-6,220,220,52699,58321,58371,,5672,,50,,,,,,50
5655,62,369,1,0,0,0x01,2,18,0,8,6.667,0.000,-6.667,-6,-6,220,220,52699,58371,58421,,5722,,50,,,,,,50
5656,62,369,1,0,0,0x01,0,18,0,8,6.000,0.000,-6.000,-6,-6,220,220,52699,58421,58471,,5772,,50,,,,,,50
5657,62,369,1,0,0,0x01,0,18,0,8,6.000,0.000,-6.000,-6,-6,220,220,52699,58471,58521,,5822,,50,,,,,,50
5658,62,369,1,0,0,0x01,0,18,0,9,6.000,0.000,-6.000,-6,-6,220,220,52699,58521,58571,,5872,,50,,,,,,50
5659,62,369,1,0,0,0x01,0,18,0,9,6.000,0.000,-6.000,-6,-6,220,220,52699,58571,58621,,5922,,50,,,,,,50
5660,62,369,1,0,0,0x01,0,19,0,9,6.333,0.000,-6.333,-6,-6,220,220,52699,58621,58671,,5972,,50,,,,,,50
5661,62,370,2,0,0,0x02,3,57,21,37,27.000,57.000,30.000,31,30,220,220,59464,64721,64771,,5307,,50,,,,,,50
5662,62,370,2,0,0,0x02,3,56,21,37,26.667,56.000,29.333,30,30,220,220,59464,64771,64821,,5357,,50,,,,,,50
5663,62,370,2,0,0,0x02,3,56,21,37,26.667,56.000,29.333,30,30,220,220,59464,64821,64871,,5407,,50,,,,,,50
5664,62,370,2,0,0,0x02,3,55,21,37,26.333,55.000,28.667,30,29,220,220,59464,64871,64921,,5457,,50,,,,,,50
5665,62,370,2,0,0,0x02,2,54,20,36,25.333,54.000,28.667,29,29,220,220,59464,64921,64971,,5507,,50,,,,,,50
5666,62,370,2,0,0,0x02,3,52,21,36,25.333,52.000,26.667,29,27,220,220,59464,64971,65021,,5557,,50,,,,,,50
5667,62,370,2,0,0,0x02,3,52,21,36,25.333,52.000,26.667,27,27,220,220,59464,65021,65071,,5607,,50,,,,,,50
5668,62,370,2,0,0,0x02,3,52,20,36,25.000,52.000,27.000,27,27,220,220,59464,65071,65121,,5657,,50,,,,,,50
5669,62,370,2,0,0,0x02,3,50,21,35,24.667,50.000,25.333,27,26,220,220,59464,65121,65171,,5707,,50,,,,,,50
5670,62,370,2,0,0,0x02,3,49,20,35,24.000,49.000,25.000,26,25,220,220,59464,65171,65221,,5757,,50,,,,,,50
5671,62,370,2,0,0,0x02,3,49,20,34,24.000,49.000,25.000,25,25,220,220,59464,65221,65271,,5807,,50,,,,,,50
5672,62,370,2,0,0,0x02,3,48,20,34,23.667,48.000,24.333,25,25,220,220,59464,65271,65321,,5857,,50,,,,,,50
5673,62,370,2,0,0,0x02,2,47,20,34,23.000,47.000,24.000,25,24,220,220,59464,65321,65371,,5907,,50,,,,,,50
5674,62,370,2,0,0,0x02,7,46,20,34,24.333,46.000,21.667,24,22,220,220,59464,65371,65421,,5957,,50,,,,,,50
5675,62,370,2,0,0,0x02,3,46,20,33,23.000,46.000,23.000,22,23,220,220,59464,65421,65471,,6007,,50,,,,,,50
5676,62,370,2,0,0,0x02,3,44,20,33,22.333,44.000,21.667,23,22,220,220,59464,65471,65521,,6057,,50,,,,,,50
5677,62,370,2,0,0,0x02,3,44,20,33,22.333,44.000,21.667,22,22,220,220,59464,65521,35,,6107,,50,,,,,,50
5678,62,370,2,0,0,0x02,2,43,20,32,21.667,43.000,21.333,22,22,220,220,59464,35,85,,6157,,50,,,,,,50
5679,62,370,2,0,0,0x02,2,42,19,32,21.000,42.000,21.000,22,21,220,220,59464,85,135,,6207,,50,,,,,,50
5680,62,370,2,0,0,0x02,2,41,20,31,21.000,41.000,20.000,21,20,220,220,59464,135,185,,6257,,50,,,,,,50
5681,62,371,3,0,0,0x03,0,0,16,5,5.333,0.000,-5.333,-5,-5,220,220,712,6235,6285,,5573,,50,,,,,,50
5682,62,371,3,0,0,0x03,0,0,16,6,5.333,0.000,-5.333,-5,-5,220,220,712,6285,6335,,5623,,50,,,,,,50
5683,62,371,3,0,0,0x03,0,0,16,6,5.333,0.000,-5.333,-5,-5,220,220,712,6335,6385,,5673,,50,,,,,,50
5684,62,371,3,0,0,0x03,0,0,16,7,5.333,0.000,-5.333,-5,-5,220,220,712,6385,6435,,5723,,50,,,,,,50
5685,62,371,3,0,0,0x03,0,0,16,7,5.333,0.000,-5.333,-5,-5,220,220,712,6435,6485,,5773,,50,,,,,,50
5686,62,371,3,0,0,0x03,0,0,17,7,5.667,0.000,-5.667,-5,-5,220,220,712,6485,6535,,5823,,50,,,,,,50
5687,62,371,3,0,0,0x03,0,0,17,8,5.667,0.000,-5.667,-5,-5,220,220,712,6535,6585,,5873,,50,,,,,,50
5688,62,371,3,0,0,0x03,0,0,17,8,5.667,0.000,-5.667,-5,-5,220,220,712,6585,6635,,5923,,50,,,,,,50
5689,62,371,3,0,0,0x03,0,0,17,8,5.667,0.000,-5.667,-5,-5,220,220,712,6635,6685,,5973,,50,,,,,,50
5690,62,371,3,0,0,0x03,0,0,17,8,5.667,0.000,-5.667,-5,-5,220,220,712,6685,6735,,6023,,50,,,,,,50
5691,62,371,3,0,0,0x03,0,0,17,9,5.667,0.000,-5.667,-5,-5,220,220,712,6735,6785,,6073,,50,,,,,,50
5692,62,371,3,0,0,0x03,0,0,17,9,5.667,0.000,-5.667,-5,-5,220,220,712,6785,6835,,6123,,50,,,,,,50
5693,62,371,3,0,0,0x03,0,0,17,10,5.667,0.000,-5.667,-5,-5,220,220,712,6835,6885,,6173,,50,,,,,,50
5694,62,371,3,0,0,0x03,0,0,17,10,5.667,0.000,-5.667,-5,-5,220,220,712,6885,6935,,6223,,50,,,,,,50
5695,62,371,3,0,0,0x03,0,0,17,10,5.667,0.000,-5.667,-5,-5,220,220,712,6935,6985,,6273,,50,,,,,,50
5696,62,371,3,0,0,0x03,0,0,17,11,5.667,0.000,-5.667,-5,-5,220,220,712,6985,7035,,6323,,50,,,,,,50
5697,62,371,3,0,0,0x03,0,0,17,11,5.667,0.000,-5.667,-5,-5,220,220,712,7035,7085,,6373,,50,,,,,,50
5698,62,371,3,0,0,0x03,0,0,17,11,5.667,0.000,-5.667,-5,-5,220,220,712,7085,7135,,6423,,50,,,,,,50
5699,62,371,3,0,0,0x03,0,0,17,12,5.667,0.000,-5.667,-5,-5,220,220,712,7135,7185,,6473,,50,,,,,,50
5700,62,371,3,0,0,0x03,0,0,17,12,5.667,0.000,-5.667,-5,-5,220,220,712,7185,7235,,6523,,50,,,,,,50
5701,62,372,4,0,0,0x04,24,0,46,34,23.333,46.000,22.667,24,23,220,220,7477,12285,12335,,4858,,50,,,,,,50
5702,62,372,4,0,0,0x04,24,0,45,33,23.000,45.000,22.000,23,22,220,220,7477,12335,12385,,4908,,50,,,,,,50
5703,62,372,4,0,0,0x04,23,0,43,33,22.000,43.000,21.000,22,21,220,220,7477,12385,12435,,4958,,50,,,,,,50
5704,62,372,4,0,0,0x04,23,0,43,33,22.000,43.000,21.000,21,21,220,220,7477,12435,12485,,5008,,50,,,,,,50
5705,62,372,4,0,0,0x04,23,0,42,33,21.667,42.000,20.333,21,21,220,220,7477,12485,12535,,5058,,50,,,,,,50
5706,62,372,4,0,0,0x04,23,0,40,32,21.000,40.000,19.000,21,19,220,220,7477,12535,12585,,5108,,50,,,,,,50
5707,62,372,4,0,0,0x04,23,0,39,32,20.667,39.000,18.333,19,19,220,220,7477,12585,12635,,5158,,50,,,,,,50
5708,62,372,4,0,0,0x04,23,0,39,32,20.667,39.000,18.333,19,19,220,220,7477,12635,12685,,5208,,50,,,,,,50
5709,62,372,4,0,0,0x04,23,0,37,31,20.000,37.000,17.000,19,17,220,220,7477,12685,12735,,5258,,50,,,,,,50
5710,62,372,4,0,0,0x04,23,0,36,30,19.667,36.000,16.333,17,17,220,220,7477,12735,12785,,5308,,50,,,,,,50
5711,62,372,4,0,0,0x04,23,0,35,30,19.333,35.000,15.667,17,16,220,220,7477,12785,12835,,5358,,50,,,,,,50
5712,62,372,4,0,0,0x04,27,0,34,31,20.333,34.000,13.667,16,14,220,220,7477,12835,12885,,5408,,50,,,,,,50
5713,62,372,4,0,0,0x04,23,0,33,29,18.667,33.000,14.333,14,15,220,220,7477,12885,12935,,5458,,50,,,,,,50
5714,62,372,4,0,0,0x04,22,0,32,28,18.000,32.000,14.000,15,14,220,220,7477,12935,12985,,5508,,50,,,,,,50
5715,62,372,4,0,0,0x04,22,0,31,28,17.667,31.000,13.333,14,14,220,220,7477,12985,13035,,5558,,50,,,,,,50
5716,62,372,4,0,0,0x04,22,0,30,28,17.333,30.000,12.667,14,13,220,220,7477,13035,13085,,5608,,50,,,,,,50
5717,62,372,4,0,0,0x04,22,0,28,27,16.667,28.000,11.333,13,12,220,220,7477,13085,13135,,5658,,50,,,,,,50
5718,62,372,4,0,0,0x04,22,0,27,27,16.333,27.000,10.667,12,11,220,220,7477,13135,13185,,5708,,50,,,,,,50
5719,62,372,4,0,0,0x04,22,0,26,26,16.000,26.000,10.000,11,10,220,220,7477,13185,13235,,5758,,50,,,,,,50
5720,62,372,4,0,0,0x04,22,0,25,26,15.667,25.000,9.333,10,10,220,220,7477,13235,13285,,5808,,50,,,,,,50
5721,63,373,5,0,0,0x05,18,0,0,0,6.000,0.000,-6.000,-5,-6,220,220,14261,19335,19385,,5124,,50,,,,,,50
5722,63,373,5,0,0,0x05,17,0,0,0,5.667,0.000,-5.667,-6,-5,220,220,14261,19385,19435,,5174,,50,,,,,,50
5723,63,373,5,0,0,0x05,18,0,0,0,6.000,0.000,-6.000,-5,-6,220,220,14261,19435,19485,,5224,,50,,,,,,50
5724,63,373,5,0,0,0x05,17,0,0,0,5.667,0.000,-5.667,-6,-5,220,220,14261,19485,19535,,5274,,50,,,,,,50
5725,63,373,5,0,0,0x05,18,0,0,0,6.000,0.000,-6.000,-5,-6,220,220,14261,19535,19585,,5324,,50,,,,,,50
5726,63,373,5,0,0,0x05,17,0,0,0,5.667,0.000,-5.667,-6,-5,220,220,14261,19585,19635,,5374,,50,,,,,,50
5727,63,373,5,0,0,0x05,18,0,0,0,6.000,0.000,-6.000,-5,-6,220,220,14261,19635,19685,,5424,,50,,,,,,50
5728,63,373,5,0,0,0x05,18,0,0,0,6.000,0.000,-6.000,-6,-6,220,220,14261,19685,19735,,5474,,50,,,,,,50
5729,63,373,5,0,0,0x05,18,0,0,0,6.000,0.000,-6.000,-6,-6,220,220,14261,19735,19785,,5524,,50,,,,,,50
5730,63,373,5,0,0,0x05,18,0,0,0,6.000,0.000,-6.000,-6,-6,220,220,14261,19785,19835,,5574,,50,,,,,,50
5731,63,373,5,0,0,0x05,22,0,0,0,7.333,0.000,-7.333,-6,-7,220,220,14261,19835,19885,,5624,,50,,,,,,50
5732,63,373,5,0,0,0x05,18,0,0,0,6.000,0.000,-6.000,-7,-6,220,220,14261,19885,19935,,5674,,50,,,,,,50
5733,63,373,5,0,0,0x05,18,0,0,0,6.000,0.000,-6.000,-6,-6,220,220,14261,19935,19985,,5724,,50,,,,,,50
5734,63,373,5,0,0,0x05,18,0,0,0,6.000,0.000,-6.000,-6,-6,220,220,14261,19985,20035,,5774,,50,,,,,,50
5735,63,373,5,0,0,0x05,19,0,0,0,6.333,0.000,-6.333,-6,-6,220,220,14261,20035,20085,,5824,,50,,,,,,50
5736,63,373,5,0,0,0x05,18,0,0,0,6.000,0.000,-6.000,-6,-6,220,220,14261,20085,20135,,5874,,50,,,,,,50
5737,63,373,5,0,0,0x05,18,0,0,1,6.000,0.000,-6.000,-6,-6,220,220,14261,20135,20185,,5924,,50,,,,,,50
5738,63,373,5,0,0,0x05,18,0,0,1,6.000,0.000,-6.000,-6,-6,220,220,14261,20185,20235,,5974,,50,,,,,,50
5739,63,373,5,0,0,0x05,18,0,0,2,6.000,0.000,-6.000,-6,-6,220,220,14261,20235,20285,,6024,,50,,,,,,50
5740,63,373,5,0,0,0x05,18,0,0,2,6.000,0.000,-6.000,-6,-6,220,220,14261,20285,20335,,6074,,50,,,,,,50
5741,63,374,6,0,0,0x06,40,20,0,31,20.000,40.000,20.000,20,20,220,220,21026,26385,26435,,5409,,50,,,,,,50
5742,63,374,6,0,0,0x06,39,20,0,30,19.667,39.000,19.333,20,20,220,220,21026,26435,26485,,5459,,50,,,,,,50
5743,63,374,6,0,0,0x06,38,20,0,29,19.333,38.000,18.667,20,19,220,220,21026,26485,26535,,5509,,50,,,,,,50
5744,63,374,6,0,0,0x06,38,20,0,29,19.333,38.000,18.667,19,19,220,220,21026,26535,26585,,5559,,50,,,,,,50
5745,63,374,6,0,0,0x06,37,20,0,29,19.000,37.000,18.000,19,18,220,220,21026,26585,26635,,5609,,50,,,,,,50
5746,63,374,6,0,0,0x06,36,20,0,29,18.667,36.000,17.333,18,18,220,220,21026,26635,26685,,5659,,50,,,,,,50
5747,63,374,6,0,0,0x06,35,20,0,29,18.333,35.000,16.667,18,17,220,220,21026,26685,26735,,5709,,50,,,,,,50
5748,63,374,6,0,0,0x06,35,20,0,29,18.333,35.000,16.667,17,17,220,220,21026,26735,26785,,5759,,50,,,,,,50
5749,63,374,6,0,0,0x06,34,20,0,28,18.000,34.000,16.000,17,16,220,220,21026,26785,26835,,5809,,50,,,,,,50
5750,63,374,6,0,0,0x06,37,20,0,28,19.000,37.000,18.000,16,18,220,220,21026,26835,26885,,5859,,50,,,,,,50
5751,63,374,6,0,0,0x06,32,20,0,27,17.333,32.000,14.667,18,15,220,220,21026,26885,26935,,5909,,50,,,,,,50
5752,63,374,6,0,0,0x06,32,20,0,27,17.333,32.000,14.667,15,15,220,220,21026,26935,26985,,5959,,50,,,,,,50
5753,63,374,6,0,0,0x06,31,20,0,27,17.000,31.000,14.000,15,14,220,220,21026,26985,27035,,6009,,50,,,,,,50
5754,63,374,6,0,0,0x06,30,20,0,27,16.667,30.000,13.333,14,14,220,220,21026,27035,27085,,6059,,50,,,,,,50
5755,63,374,6,0,0,0x06,29,20,0,27,16.333,29.000,12.667,14,13,220,220,21026,27085,27135,,6109,,50,,,,,,50
5756,63,374,6,0,0,0x06,29,20,0,26,16.333,29.000,12.667,13,13,220,220,21026,27135,27185,,6159,,50,,,,,,50
5757,63,374,6,0,0,0x06,28,20,0,26,16.000,28.000,12.000,13,12,220,220,21026,27185,27235,,6209,,50,,,,,,50
5758,63,374,6,0,0,0x06,26,20,0,25,15.333,26.000,10.667,12,11,220,220,21026,27235,27285,,6259,,50,,,,,,50
5759,63,374,6,0,0,0x06,26,19,0,25,15.000,26.000,11.000,11,11,220,220,21026,27285,27335,,6309,,50,,,,,,50
5760,63,374,6,0,0,0x06,25,20,0,25,15.000,25.000,10.000,11,10,220,220,21026,27335,27385,,6359,,50,,,,,,50
5761,63,375,1,0,0,0x01,0,18,0,7,6.000,0.000,-6.000,-6,-6,220,220,27813,33435,33485,,5672,,50,,,,,,50
5762,63,375,1,0,0,0x01,0,18,0,7,6.000,0.000,-6.000,-6,-6,220,220,27813,33485,33535,,5722,,50,,,,,,50
5763,63,375,1,0,0,0x01,0,18,0,8,6.000,0.000,-6.000,-6,-6,220,220,27813,33535,33585,,5772,,50,,,,,,50
5764,63,375,1,0,0,0x01,0,18,0,8,6.000,0.000,-6.000,-6,-6,220,220,27813,33585,33635,,5822,,50,,,,,,50
5765,63,375,1,0,0,0x01,0,18,0,8,6.000,0.000,-6.000,-6,-6,220,220,27813,33635,33685,,5872,,50,,,,,,50
5766,63,375,1,0,0,0x01,0,18,0,9,6.000,0.000,-6.000,-6,-6,220,220,27813,33685,33735,,5922,,50,,,,,,50
5767,63,375,1,0,0,0x01,0,18,0,10,6.000,0.000,-6.000,-6,-6,220,220,27813,33735,33785,,5972,,50,,,,,,50
5768,63,375,1,0,0,0x01,0,19,0,10,6.333,0.000,-6.333,-6,-6,220,220,27813,33785,33835,,6022,,50,,,,,,50
5769,63,375,1,0,0,0x01,3,19,0,11,7.333,0.000,-7.333,-6,-7,220,220,27813,33835,33885,,6072,,50,,,,,,50
5770,63,375,1,0,0,0x01,0,18,0,11,6.000,0.000,-6.000,-7,-6,220,220,27813,33885,33935,,6122,,50,,,,,,50
5771,63,375,1,0,0,0x01,0,19,0,11,6.333,0.000,-6.333,-6,-6,220,220,27813,33935,33985,,6172,,50,,,,,,50
5772,63,375,1,0,0,0x01,0,18,0,12,6.000,0.000,-6.000,-6,-6,220,220,27813,33985,34035,,6222,,50,,,,,,50
5773,63,375,1,0,0,0x01,0,19,0,12,6.333,0.000,-6.333,-6,-6,220,220,27813,34035,34085,,6272,,50,,,,,,50
5774,63,375,1,0,0,0x01,0,19,0,13,6.333,0.000,-6.333,-6,-6,220,220,27813,34085,34135,,6322,,50,,,,,,50
5775,63,375,1,0,0,0x01,0,19,0,14,6.333,0.000,-6.333,-6,-6,220,220,27813,34135,34185,,6372,,50,,,,,,50
5776,63,375,1,0,0,0x01,0,19,0,14,6.333,0.000,-6.333,-6,-6,220,220,27813,34185,34235,,6422,,50,,,,,,50
5777,63,375,1,0,0,0x01,0,18,0,14,6.000,0.000,-6.000,-6,-6,220,220,27813,34235,34285,,6472,,50,,,,,,50
5778,63,375,1,0,0,0x01,0,19,0,15,6.333,0.000,-6.333,-6,-6,220,220,27813,34285,34335,,6522,,50,,,,,,50
5779,63,375,1,0,0,0x01,0,19,0,15,6.333,0.000,-6.333,-6,-6,220,220,27813,34335,34385,,6572,,50,,,,,,50
5780,63,375,1,0,0,0x01,0,19,0,16,6.333,0.000,-6.333,-6,-6,220,220,27813,34385,34435,,6622,,50,,,,,,50
5781,63,376,2,0,0,0x02,3,64,21,40,29.333,64.000,34.667,35,35,220,220,34578,39485,39535,,4957,,50,,,,,,50
5782,63,376,2,0,0,0x02,3,64,21,39,29.333,64.000,34.667,35,35,220,220,34578,39535,39585,,5007,,50,,,,,,50
5783,63,376,2,0,0,0x02,4,63,21,40,29.333,63.000,33.667,35,34,220,220,34578,39585,39635,,5057,,50,,,,,,50
5784,63,376,2,0,0,0x02,3,62,21,39,28.667,62.000,33.333,34,34,220,220,34578,39635,39685,,5107,,50,,,,,,50
5785,63,376,2,0,0,0x02,3,62,21,39,28.667,62.000,33.333,34,34,220,220,34578,39685,39735,,5157,,50,,,,,,50
5786,63,376,2,0,0,0x02,3,62,21,39,28.667,62.000,33.333,34,34,220,220,34578,39735,39785,,5207,,50,,,,,,50
5787,63,376,2,0,0,0x02,3,61,21,39,28.333,61.000,32.667,34,33,220,220,34578,39785,39835,,5257,,50,,,,,,50
5788,63,376,2,0,0,0x02,7,60,21,40,29.333,60.000,30.667,33,31,220,220,34578,39835,39885,,5307,,50,,,,,,50
5789,63,376,2,0,0,0x02,3,60,21,39,28.000,60.000,32.000,31,32,220,220,34578,39885,39935,,5357,,50,,,,,,50
5790,63,376,2,0,0,0x02,4,60,21,38,28.333,60.000,31.667,32,32,220,220,34578,39935,39985,,5407,,50,,,,,,50
5791,63,376,2,0,0,0x02,3,59,21,38,27.667,59.000,31.333,32,32,220,220,34578,39985,40035,,5457,,50,,,,,,50
5792,63,376,2,0,0,0x02,3,58,21,38,27.333,58.000,30.667,32,31,220,220,34578,40035,40085,,5507,,50,,,,,,50
5793,63,376,2,0,0,0x02,3,58,21,38,27.333,58.000,30.667,31,31,220,220,34578,40085,40135,,5557,,50,,,,,,50
5794,63,376,2,0,0,0x02,3,58,21,38,27.333,58.000,30.667,31,31,220,220,34578,40135,40185,,5607,,50,,,,,,50
5795,63,376,2,0,0,0x02,3,57,21,38,27.000,57.000,30.000,31,30,220,220,34578,40185,40235,,5657,,50,,,,,,50
5796,63,376,2,0,0,0x02,3,57,21,37,27.000,57.000,30.000,30,30,220,220,34578,40235,40285,,5707,,50,,,,,,50
5797,63,376,2,0,0,0x02,3,57,21,37,27.000,57.000,30.000,30,30,220,220,34578,40285,40335,,5757,,50,,,,,,50
5798,63,376,2,0,0,0x02,2,56,21,37,26.333,56.000,29.667,30,30,220,220,34578,40335,40385,,5807,,50,,,,,,50
5799,63,376,2,0,0,0x02,3,54,21,37,26.000,54.000,28.000,30,28,220,220,34578,40385,40435,,5857,,50,,,,,,50
5800,63,376,2,0,0,0x02,3,54,21,36,26.000,54.000,28.000,28,28,220,220,34578,40435,40485,,5907,,50,,,,,,50
5801,63,377,3,0,0,0x03,0,0,17,8,5.667,0.000,-5.667,-5,-5,220,220,41362,46535,46585,,5223,,50,,,,,,50
5802,63,377,3,0,0,0x03,0,0,17,9,5.667,0.000,-5.667,-5,-5,220,220,41362,46585,46635,,5273,,50,,,,,,50
5803,63,377,3,0,0,0x03,0,0,16,9,5.333,0.000,-5.333,-5,-5,220,220,41362,46635,46685,,5323,,50,,,,,,50
5804,63,377,3,0,0,0x03,0,0,17,9,5.667,0.000,-5.667,-5,-5,220,220,41362,46685,46735,,5373,,50,,,,,,50
5805,63,377,3,0,0,0x03,0,0,17,10,5.667,0.000,-5.667,-5,-5,220,220,41362,46735,46785,,5423,,50,,,,,,50
5806,63,377,3,0,0,0x03,0,0,17,10,5.667,0.000,-5.667,-5,-5,220,220,41362,46785,46835,,5473,,50,,,,,,50
5807,63,377,3,0,0,0x03,0,0,17,11,5.667,0.000,-5.667,-5,-5,220,220,41362,46835,46885,,5523,,50,,,,,,50
5808,63,377,3,0,0,0x03,0,0,17,11,5.667,0.000,-5.667,-5,-5,220,220,41362,46885,46935,,5573,,50,,,,,,50
5809,63,377,3,0,0,0x03,0,0,17,11,5.667,0.000,-5.667,-5,-5,220,220,41362,46935,46985,,5623,,50,,,,,,50
5810,63,377,3,0,0,0x03,0,0,17,12,5.667,0.000,-5.667,-5,-5,220,220,41362,46985,47035,,5673,,50,,,,,,50
5811,63,377,3,0,0,0x03,0,0,17,12,5.667,0.000,-5.667,-5,-5,220,220,41362,47035,47085,,5723,,50,,,,,,50
5812,63,377,3,0,0,0x03,0,0,17,12,5.667,0.000,-5.667,-5,-5,220,220,41362,47085,47135,,5773,,50,,,,,,50
5813,63,377,3,0,0,0x03,0,0,17,13,5.667,0.000,-5.667,-5,-5,220,220,41362,47135,47185,,5823,,50,,,,,,50
5814,63,377,3,0,0,0x03,0,0,17,13,5.667,0.000,-5.667,-5,-5,220,220,41362,47185,47235,,5873,,50,,,,,,50
5815,63,377,3,0,0,0x03,0,0,17,13,5.667,0.000,-5.667,-5,-5,220,220,41362,47235,47285,,5923,,50,,,,,,50
5816,63,377,3,0,0,0x03,0,0,17,14,5.667,0.000,-5.667,-5,-5,220,220,41362,47285,47335,,5973,,50,,,,,,50
5817,63,377,3,0,0,0x03,0,0,17,14,5.667,0.000,-5.667,-5,-5,220,220,41362,47335,47385,,6023,,50,,,,,,50
5818,63,377,3,0,0,0x03,0,0,17,14,5.667,0.000,-5.667,-5,-5,220,220,41362,47385,47435,,6073,,50,,,,,,50
5819,63,377,3,0,0,0x03,0,0,17,14,5.667,0.000,-5.667,-5,-5,220,220,41362,47435,47485,,6123,,50,,,,,,50
5820,63,377,3,0,0,0x03,0,0,17,15,5.667,0.000,-5.667,-5,-5,220,220,41362,47485,47535,,6173,,50,,,,,,50
5821,63,378,4,0,0,0x04,25,0,52,37,25.667,52.000,26.333,28,27,220,220,48127,53585,53635,,5508,,50,,,,,,50
5822,63,378,4,0,0,0x04,24,0,52,36,25.333,52.000,26.667,27,27,220,220,48127,53635,53685,,5558,,50,,,,,,50
5823,63,378,4,0,0,0x04,24,0,51,36,25.000,51.000,26.000,27,26,220,220,48127,53685,53735,,5608,,50,,,,,,50
5824,63,378,4,0,0,0x04,24,0,50,35,24.667,50.000,25.333,26,26,220,220,48127,53735,53785,,5658,,50,,,,,,50
5825,63,378,4,0,0,0x04,24,0,48,35,24.000,48.000,24.000,26,24,220,220,48127,53785,53835,,5708,,50,,,,,,50
5826,63,378,4,0,0,0x04,28,0,48,35,25.333,48.000,22.667,24,23,220,220,48127,53835,53885,,5758,,50,,,,,,50
5827,63,378,4,0,0,0x04,24,0,46,34,23.333,46.000,22.667,23,23,220,220,48127,53885,53935,,5808,,50,,,,,,50
5828,63,378,4,0,0,0x04,24,0,45,34,23.000,45.000,22.000,23,22,220,220,48127,53935,53985,,5858,,50,,,,,,50
5829,63,378,4,0,0,0x04,23,0,44,33,22.333,44.000,21.667,22,22,220,220,48127,53985,54035,,5908,,50,,,,,,50
5830,63,378,4,0,0,0x04,23,0,44,33,22.333,44.000,21.667,22,22,220,220,48127,54035,54085,,5958,,50,,,,,,50
5831,63,378,4,0,0,0x04,23,0,42,32,21.667,42.000,20.333,22,21,220,220,48127,54085,54135,,6008,,50,,,,,,50
5832,63,378,4,0,0,0x04,23,0,41,32,21.333,41.000,19.667,21,20,220,220,48127,54135,54185,,6058,,50,,,,,,50
5833,63,378,4,0,0,0x04,24,0,40,32,21.333,40.000,18.667,20,19,220,220,48127,54185,54235,,6108,,50,,,,,,50
5834,63,378,4,0,0,0x04,23,0,39,31,20.667,39.000,18.333,19,19,220,220,48127,54235,54285,,6158,,50,,,,,,50
5835,63,378,4,0,0,0x04,23,0,38,31,20.333,38.000,17.667,19,18,220,220,48127,54285,54335,,6208,,50,,,,,,50
5836,63,378,4,0,0,0x04,23,0,36,30,19.667,36.000,16.333,18,17,220,220,48127,54335,54385,,6258,,50,,,,,,50
5837,63,378,4,0,0,0x04,22,0,36,30,19.333,36.000,16.667,17,17,220,220,48127,54385,54435,,6308,,50,,,,,,50
5838,63,378,4,0,0,0x04,23,0,35,30,19.333,35.000,15.667,17,16,220,220,48127,54435,54485,,6358,,50,,,,,,50
5839,63,378,4,0,0,0x04,23,0,33,29,18.667,33.000,14.333,16,15,220,220,48127,54485,54535,,6408,,50,,,,,,50
5840,63,378,4,0,0,0x04,22,0,32,29,18.000,32.000,14.000,15,14,220,220,48127,54535,54585,,6458,,50,,,,,,50
5841,64,379,5,0,0,0x05,18,0,0,0,6.000,0.000,-6.000,-6,-6,220,220,54912,59635,59685,,4773,,50,,,,,,50
5842,64,379,5,0,0,0x05,18,0,0,1,6.000,0.000,-6.000,-6,-6,220,220,54912,59685,59735,,4823,,50,,,,,,50
5843,64,379,5,0,0,0x05,18,0,0,1,6.000,0.000,-6.000,-6,-6,220,220,54912,59735,59785,,4873,,50,,,,,,50
5844,64,379,5,0,0,0x05,18,0,0,1,6.000,0.000,-6.000,-6,-6,220,220,54912,59785,59835,,4923,,50,,,,,,50
5845,64,379,5,0,0,0x05,23,0,0,2,7.667,0.000,-7.667,-6,-7,220,220,54912,59835,59885,,4973,,50,,,,,,50
5846,64,379,5,0,0,0x05,18,0,0,2,6.000,0.000,-6.000,-7,-6,220,220,54912,59885,59935,,5023,,50,,,,,,50
5847,64,379,5,0,0,0x05,19,0,0,2,6.333,0.000,-6.333,-6,-6,220,220,54912,59935,59985,,5073,,50,,,,,,50
5848,64,379,5,0,0,0x05,19,0,0,2,6.333,0.000,-6.333,-6,-6,220,220,54912,62035,62085,,7173,,50,,,,,,50
5849,64,379,5,0,0,0x05,19,0,0,2,6.333,0.000,-6.333,-6,-6,220,220,54912,60035,60085,,5173,,50,,,,,,50
5850,64,379,5,0,0,0x05,18,0,0,3,6.000,0.000,-6.000,-5,-5,220,220,61677,62135,62185,,508,,50,,,,,,50
5851,64,379,5,0,0,0x05,18,0,0,3,6.000,0.000,-6.000,-6,-6,220,220,54912,60135,60185,,5273,,50,,,,,,50
5852,64,380,6,0,0,0x06,19,0,0,3,6.333,19.000,12.667,-6,-5,220,220,61677,62235,62285,,608,,50,,,,,,50
5853,64,381,5,0,0,0x05,19,0,0,4,6.333,0.000,-6.333,-6,-6,220,220,54912,60235,62333,,7421,,2098,,,,,,50
5854,64,382,6,0,0,0x06,19,0,0,13,6.333,19.000,12.667,-5,-5,220,220,61677,62335,62385,,708,,50,,,,,,50
5855,64,382,6,0,0,0x06,0,18,0,14,6.000,0.000,-6.000,-5,-6,220,220,61677,62385,62435,,758,,50,,,,,,50
5856,64,382,6,0,0,0x06,19,18,0,14,12.333,19.000,6.667,-6,-6,220,220,61677,62435,62485,,808,,50,,,,,,50
5857,64,382,6,0,0,0x06,0,18,0,15,6.000,0.000,-6.000,-6,-6,220,220,61677,62485,62535,,858,,50,,,,,,50
5858,64,382,6,0,0,0x06,0,17,0,15,5.667,0.000,-5.667,-6,-5,220,220,61677,62535,62585,,908,,50,,,,,,50
5859,64,382,6,0,0,0x06,0,17,0,16,5.667,0.000,-5.667,-5,-5,220,220,61677,62585,62635,,958,,50,,,,,,50
5860,64,382,6,0,0,0x06,0,17,0,17,5.667,0.000,-5.667,-5,-5,220,220,61677,62635,62685,,1008,,50,,,,,,50
5861,64,382,6,0,0,0x06,55,22,1,36,26.000,55.000,29.000,30,29,220,220,61677,1149,1199,,5058,,50,,,,,,50
5862,64,382,6,0,0,0x06,54,22,0,36,25.333,54.000,28.667,29,29,220,220,61677,1199,1249,,5108,,50,,,,,,50
5863,64,382,6,0,0,0x06,53,21,0,35,24.667,53.000,28.333,29,29,220,220,61677,1249,1299,,5158,,50,,,,,,50
5864,64,382,6,0,0,0x06,56,22,0,35,26.000,56.000,30.000,29,30,220,220,61677,1299,1349,,5208,,50,,,,,,50
5865,64,382,6,0,0,0x06,51,21,0,34,24.000,51.000,27.000,30,27,220,220,61677,1349,1399,,5258,,50,,,,,,50
5866,64,382,6,0,0,0x06,50,21,0,34,23.667,50.000,26.333,27,27,220,220,61677,1399,1449,,5308,,50,,,,,,50
5867,64,382,6,0,0,0x06,49,22,0,34,23.667,49.000,25.333,27,26,220,220,61677,1449,1499,,5358,,50,,,,,,50
5868,64,382,6,0,0,0x06,48,21,0,34,23.000,48.000,25.000,26,25,220,220,61677,1499,1549,,5408,,50,,,,,,50
5869,64,382,6,0,0,0x06,47,22,0,33,23.000,47.000,24.000,25,24,220,220,61677,1549,1599,,5458,,50,,,,,,50
5870,64,382,6,0,0,0x06,46,21,0,32,22.333,46.000,23.667,24,24,220,220,61677,1599,1649,,5508,,50,,,,,,50
5871,64,382,6,0,0,0x06,45,21,0,32,22.000,45.000,23.000,24,23,220,220,61677,1649,1699,,5558,,50,,,,,,50
5872,64,382,6,0,0,0x06,44,21,0,32,21.667,44.000,22.333,23,23,220,220,61677,1699,1749,,5608,,50,,,,,,50
5873,64,382,6,0,0,0x06,43,21,0,32,21.333,43.000,21.667,23,22,220,220,61677,1749,1799,,5658,,50,,,,,,50
5874,64,382,6,0,0,0x06,42,21,0,31,21.000,42.000,21.000,22,21,220,220,61677,1799,1849,,5708,,50,,,,,,50
5875,64,382,6,0,0,0x06,41,21,0,31,20.667,41.000,20.333,21,21,220,220,61677,1849,1899,,5758,,50,,,,,,50
5876,64,382,6,0,0,0x06,40,21,0,31,20.333,40.000,19.667,21,20,220,220,61677,1899,1949,,5808,,50,,,,,,50
5877,64,382,6,0,0,0x06,39,21,0,30,20.000,39.000,19.000,20,19,220,220,61677,1949,1999,,5858,,50,,,,,,50
5878,64,382,6,0,0,0x06,37,20,0,29,19.000,37.000,18.000,19,18,220,220,61677,1999,2049,,5908,,50,,,,,,50
5879,64,382,6,0,0,0x06,37,20,0,29,19.000,37.000,18.000,18,18,220,220,61677,2049,2099,,5958,,50,,,,,,50
5880,64,382,6,0,0,0x06,35,20,0,29,18.333,35.000,16.667,18,17,220,220,61677,2099,2149,,6008,,50,,,,,,50
5881,64,383,1,0,0,0x01,0,18,0,5,6.000,0.000,-6.000,-6,-6,220,220,2925,8199,8249,,5324,,50,,,,,,50
5882,64,383,1,0,0,0x01,0,18,0,6,6.000,0.000,-6.000,-6,-6,220,220,2925,8249,8299,,5374,,50,,,,,,50
5883,64,383,1,0,0,0x01,2,18,0,6,6.667,0.000,-6.667,-6,-6,220,220,2925,8299,8349,,5424,,50,,,,,,50
5884,64,383,1,0,0,0x01,0,18,0,6,6.000,0.000,-6.000,-6,-6,220,220,2925,8349,8399,,5474,,50,,,,,,50
5885,64,383,1,0,0,0x01,0,18,0,6,6.000,0.000,-6.000,-6,-6,220,220,2925,8399,8449,,5524,,50,,,,,,50
5886,64,383,1,0,0,0x01,0,18,0,7,6.000,0.000,-6.000,-6,-6,220,220,2925,8449,8499,,5574,,50,,,,,,50
5887,64,383,1,0,0,0x01,0,18,0,7,6.000,0.000,-6.000,-6,-6,220,220,2925,8499,8549,,5624,,50,,,,,,50
5888,64,383,1,0,0,0x01,0,18,0,8,6.000,0.000,-6.000,-6,-6,220,220,2925,8549,8599,,5674,,50,,,,,,50
5889,64,383,1,0,0,0x01,0,18,0,8,6.000,0.000,-6.000,-6,-6,220,220,2925,8599,8649,,5724,,50,,,,,,50
5890,64,383,1,0,0,0x01,0,18,0,8,6.000,0.000,-6.000,-6,-6,220,220,2925,8649,8699,,5774,,50,,,,,,50
5891,64,383,1,0,0,0x01,0,18,0,9,6.000,0.000,-6.000,-6,-6,220,220,2925,8699,8749,,5824,,50,,,,,,50
5892,64,383,1,0,0,0x01,0,18,0,9,6.000,0.000,-6.000,-6,-6,220,220,2925,8749,8799,,5874,,50,,,,,,50
5893,64,383,1,0,0,0x01,0,18,0,10,6.000,0.000,-6.000,-6,-6,220,220,2925,8799,8849,,5924,,50,,,,,,50
5894,64,383,1,0,0,0x01,0,18,0,10,6.000,0.000,-6.000,-6,-6,220,220,2925,8849,8899,,5974,,50,,,,,,50
5895,64,383,1,0,0,0x01,0,18,0,10,6.000,0.000,-6.000,-6,-6,220,220,2925,8899,8949,,6024,,50,,,,,,50
5896,64,383,1,0,0,0x01,0,19,0,11,6.333,0.000,-6.333,-6,-6,220,220,2925,8949,8999,,6074,,50,,,,,,50
5897,64,383,1,0,0,0x01,0,18,0,11,6.000,0.000,-6.000,-6,-6,220,220,2925,8999,9049,,6124,,50,,,,,,50
5898,64,383,1,0,0,0x01,0,18,0,11,6.000,0.000,-6.000,-6,-6,220,220,2925,9049,9099,,6174,,50,,,,,,50
5899,64,383,1,0,0,0x01,0,19,0,12,6.333,0.000,-6.333,-6,-6,220,220,2925,9099,9149,,6224,,50,,,,,,50
5900,64,383,1,0,0,0x01,0,18,0,12,6.000,0.000,-6.000,-6,-6,220,220,2925,9149,9199,,6274,,50,,,,,,50
5901,64,384,2,0,0,0x02,3,64,22,40,29.667,64.000,34.333,35,35,220,220,9690,15249,15299,,5609,,50,,,,,,50
5902,64,384,2,0,0,0x02,7,63,22,40,30.667,63.000,32.333,35,33,220,220,9690,15299,15349,,5659,,50,,,,,,50
5903,64,384,2,0,0,0x02,3,62,22,39,29.000,62.000,33.000,33,33,220,220,9690,15349,15399,,5709,,50,,,,,,50
5904,64,384,2,0,0,0x02,3,61,21,38,28.333,61.000,32.667,33,33,220,220,9690,15399,15449,,5759,,50,,,,,,50
5905,64,384,2,0,0,0x02,3,60,21,39,28.000,60.000,32.000,33,32,220,220,9690,15449,15499,,5809,,50,,,,,,50
5906,64,384,2,0,0,0x02,3,59,21,38,27.667,59.000,31.333,32,32,220,220,9690,15499,15549,,5859,,50,,,,,,50
5907,64,384,2,0,0,0x02,3,58,21,38,27.333,58.000,30.667,32,31,220,220,9690,15549,15599,,5909,,50,,,,,,50
5908,64,384,2,0,0,0x02,2,57,21,37,26.667,57.000,30.333,31,31,220,220,9690,15599,15649,,5959,,50,,,,,,50
5909,64,384,2,0,0,0x02,3,56,21,37,26.667,56.000,29.333,31,30,220,220,9690,15649,15699,,6009,,50,,,,,,50
5910,64,384,2,0,0,0x02,2,55,21,37,26.000,55.000,29.000,30,29,220,220,9690,15699,15749,,6059,,50,,,,,,50
5911,64,384,2,0,0,0x02,3,53,21,36,25.667,53.000,27.333,29,28,220,220,9690,15749,15799,,6109,,50,,,,,,50
5912,64,384,2,0,0,0x02,2,53,21,36,25.333,53.000,27.667,28,28,220,220,9690,15799,15849,,6159,,50,,,,,,50
5913,64,384,2,0,0,0x02,2,52,21,35,25.000,52.000,27.000,28,27,220,220,9690,15849,15899,,6209,,50,,,,,,50
5914,64,384,2,0,0,0x02,2,50,21,35,24.333,50.000,25.667,27,26,220,220,9690,15899,15949,,6259,,50,,,,,,50
5915,64,384,2,0,0,0x02,3,49,21,35,24.333,49.000,24.667,26,25,220,220,9690,15949,15999,,6309,,50,,,,,,50
5916,64,384,2,0,0,0x02,2,49,21,34,24.000,49.000,25.000,25,25,220,220,9690,15999,16049,,6359,,50,,,,,,50
5917,64,384,2,0,0,0x02,3,48,20,34,23.667,48.000,24.333,25,25,220,220,9690,16049,16099,,6409,,50,,,,,,50
5918,64,384,2,0,0,0x02,2,46,20,34,22.667,46.000,23.333,25,24,220,220,9690,16099,16149,,6459,,50,,,,,,50
5919,64,384,2,0,0,0x02,2,45,20,33,22.333,45.000,22.667,24,23,220,220,9690,16149,16199,,6509,,50,,,,,,50
5920,64,384,2,0,0,0x02,2,44,20,33,22.000,44.000,22.000,23,22,220,220,9690,16199,16249,,6559,,50,,,,,,50
5921,65,385,3,0,0,0x03,0,0,16,7,5.333,0.000,-5.333,-5,-5,220,220,16473,21299,21349,,4876,,50,,,,,,50
5922,65,385,3,0,0,0x03,0,0,16,6,5.333,0.000,-5.333,-5,-5,220,220,16473,21349,21399,,4926,,50,,,,,,50
5923,65,385,3,0,0,0x03,0,0,16,7,5.333,0.000,-5.333,-5,-5,220,220,16473,21399,21449,,4976,,50,,,,,,50
5924,65,385,3,0,0,0x03,0,0,16,7,5.333,0.000,-5.333,-5,-5,220,220,16473,21449,21499,,5026,,50,,,,,,50
5925,65,385,3,0,0,0x03,0,0,16,7,5.333,0.000,-5.333,-5,-5,220,220,16473,21499,21549,,5076,,50,,,,,,50
5926,65,385,3,0,0,0x03,0,0,17,8,5.667,0.000,-5.667,-5,-5,220,220,16473,21549,21599,,5126,,50,,,,,,50
5927,65,385,3,0,0,0x03,0,0,16,8,5.333,0.000,-5.333,-5,-5,220,220,16473,21599,21649,,5176,,50,,,,,,50
5928,65,385,3,0,0,0x03,0,0,16,8,5.333,0.000,-5.333,-5,-5,220,220,16473,21649,21699,,5226,,50,,,,,,50
5929,65,385,3,0,0,0x03,0,0,16,9,5.333,0.000,-5.333,-5,-5,220,220,16473,21699,21749,,5276,,50,,,,,,50
5930,65,385,3,0,0,0x03,0,0,16,8,5.333,0.000,-5.333,-5,-5,220,220,16473,21749,21799,,5326,,50,,,,,,50
5931,65,385,3,0,0,0x03,0,0,17,9,5.667,0.000,-5.667,-5,-5,220,220,16473,21799,21849,,5376,,50,,,,,,50
5932,65,385,3,0,0,0x03,0,0,17,9,5.667,0.000,-5.667,-5,-5,220,220,16473,21849,21899,,5426,,50,,,,,,50
5933,65,385,3,0,0,0x03,0,0,16,9,5.333,0.000,-5.333,-5,-5,220,220,16473,21899,21949,,5476,,50,,,,,,50
5934,65,385,3,0,0,0x03,0,0,17,10,5.667,0.000,-5.667,-5,-5,220,220,16473,21949,21999,,5526,,50,,,,,,50
5935,65,385,3,0,0,0x03,0,0,17,10,5.667,0.000,-5.667,-5,-5,220,220,16473,21999,22049,,5576,,50,,,,,,50
5936,65,385,3,0,0,0x03,0,0,17,10,5.667,0.000,-5.667,-5,-5,220,220,16473,22049,22099,,5626,,50,,,,,,50
5937,65,385,3,0,0,0x03,0,0,17,11,5.667,0.000,-5.667,-5,-5,220,220,16473,22099,22149,,5676,,50,,,,,,50
5938,65,385,3,0,0,0x03,0,0,17,11,5.667,0.000,-5.667,-5,-5,220,220,16473,22149,22199,,5726,,50,,,,,,50
5939,65,385,3,0,0,0x03,0,0,17,11,5.667,0.000,-5.667,-5,-5,220,220,16473,22199,22249,,5776,,50,,,,,,50
5940,65,385,3,0,0,0x03,0,0,17,11,5.667,0.000,-5.667,-5,-5,220,220,23238,24299,24349,,1111,,50,,,,,,50
5941,65,386,4,0,0,0x04,24,0,46,34,23.333,46.000,22.667,22,23,220,220,23238,28349,28399,,5161,,50,,,,,,50
5942,65,386,4,0,0,0x04,23,0,46,34,23.000,46.000,23.000,23,23,220,220,23238,28399,28449,,5211,,50,,,,,,50
5943,65,386,4,0,0,0x04,24,0,45,33,23.000,45.000,22.000,23,22,220,220,23238,28449,28499,,5261,,50,,,,,,50
5944,65,386,4,0,0,0x04,23,0,43,33,22.000,43.000,21.000,22,21,220,220,23238,28499,28549,,5311,,50,,,,,,50
5945,65,386,4,0,0,0x04,23,0,42,33,21.667,42.000,20.333,21,21,220,220,23238,28549,28599,,5361,,50,,,,,,50
5946,65,386,4,0,0,0x04,23,0,41,32,21.333,41.000,19.667,21,20,220,220,23238,28599,28649,,5411,,50,,,,,,50
5947,65,386,4,0,0,0x04,23,0,40,32,21.000,40.000,19.000,20,19,220,220,23238,28649,28699,,5461,,50,,,,,,50
5948,65,386,4,0,0,0x04,23,0,39,31,20.667,39.000,18.333,19,19,220,220,23238,28699,28749,,5511,,50,,,,,,50
5949,65,386,4,0,0,0x04,23,0,37,31,20.000,37.000,17.000,19,17,220,220,23238,28749,28799,,5561,,50,,,,,,50
5950,65,386,4,0,0,0x04,23,0,36,30,19.667,36.000,16.333,17,17,220,220,23238,28799,28849,,5611,,50,,,,,,50
5951,65,386,4,0,0,0x04,23,0,36,30,19.667,36.000,16.333,17,17,220,220,23238,28849,28899,,5661,,50,,,,,,50
5952,65,386,4,0,0,0x04,23,0,34,30,19.000,34.000,15.000,17,15,220,220,23238,28899,28949,,5711,,50,,,,,,50
5953,65,386,4,0,0,0x04,22,0,33,29,18.333,33.000,14.667,15,15,220,220,23238,28949,28999,,5761,,50,,,,,,50
5954,65,386,4,0,0,0x04,22,0,32,29,18.000,32.000,14.000,15,14,220,220,23238,28999,29049,,5811,,50,,,,,,50
5955,65,386,4,0,0,0x04,22,0,31,28,17.667,31.000,13.333,14,14,220,220,23238,29049,29099,,5861,,50,,,,,,50
5956,65,386,4,0,0,0x04,22,0,30,27,17.333,30.000,12.667,14,13,220,220,23238,29099,29149,,5911,,50,,,,,,50
5957,65,386,4,0,0,0x04,22,0,29,27,17.000,29.000,12.000,13,12,220,220,23238,29149,29199,,5961,,50,,,,,,50
5958,65,386,4,0,0,0x04,22,0,27,27,16.333,27.000,10.667,12,11,220,220,23238,29199,29249,,6011,,50,,,,,,50
5959,65,386,4,0,0,0x04,22,0,26,26,16.000,26.000,10.000,11,10,220,220,23238,29249,29299,,6061,,50,,,,,,50
5960,65,386,4,0,0,0x04,26,0,25,27,17.000,25.000,8.000,10,8,220,220,23238,29299,29349,,6111,,50,,,,,,50
5961,65,387,5,0,0,0x05,17,0,0,0,5.667,0.000,-5.667,-6,-5,220,220,30023,35399,35449,,5426,,50,,,,,,50
5962,65,387,5,0,0,0x05,18,0,0,0,6.000,0.000,-6.000,-5,-6,220,220,30023,35449,35499,,5476,,50,,,,,,50
5963,65,387,5,0,0,0x05,18,0,0,0,6.000,0.000,-6.000,-6,-6,220,220,30023,35499,35549,,5526,,50,,,,,,50
5964,65,387,5,0,0,0x05,18,0,0,0,6.000,0.000,-6.000,-6,-6,220,220,30023,35549,35599,,5576,,50,,,,,,50
5965,65,387,5,0,0,0x05,18,0,0,0,6.000,0.000,-6.000,-6,-6,220,220,30023,35599,35649,,5626,,50,,,,,,50
5966,65,387,5,0,0,0x05,18,0,0,0,6.000,0.000,-6.000,-6,-6,220,220,30023,35649,35699,,5676,,50,,,,,,50
5967,65,387,5,0,0,0x05,18,0,0,0,6.000,0.000,-6.000,-6,-6,220,220,30023,35699,35749,,5726,,50,,,,,,50
5968,65,387,5,0,0,0x05,18,0,0,0,6.000,0.000,-6.000,-6,-6,220,220,30023,35749,35799,,5776,,50,,,,,,50
5969,65,387,5,0,0,0x05,19,0,0,0,6.333,0.000,-6.333,-6,-6,220,220,30023,35799,35849,,5826,,50,,,,,,50
5970,65,387,5,0,0,0x05,18,0,0,0,6.000,0.000,-6.000,-6,-6,220,220,30023,35849,35899,,5876,,50,,,,,,50
5971,65,387,5,0,0,0x05,18,0,0,0,6.000,0.000,-6.000,-6,-6,220,220,30023,35899,35949,,5926,,50,,,,,,50
5972,65,387,5,0,0,0x05,18,0,0,0,6.000,0.000,-6.000,-6,-6,220,220,30023,35949,35999,,5976,,50,,,,,,50
5973,65,387,5,0,0,0x05,18,0,0,1,6.000,0.000,-6.000,-6,-6,220,220,30023,35999,36049,,6026,,50,,,,,,50
5974,65,387,5,0,0,0x05,18,0,0,1,6.000,0.000,-6.000,-6,-6,220,220,30023,36049,36099,,6076,,50,,,,,,50
5975,65,387,5,0,0,0x05,19,0,0,2,6.333,0.000,-6.333,-6,-6,220,220,30023,36099,36149,,6126,,50,,,,,,50
5976,65,387,5,0,0,0x05,18,0,0,2,6.000,0.000,-6.000,-6,-6,220,220,30023,36149,36199,,6176,,50,,,,,,50
5977,65,387,5,0,0,0x05,19,0,0,2,6.333,0.000,-6.333,-6,-6,220,220,30023,36199,36249,,6226,,50,,,,,,50
5978,65,387,5,0,0,0x05,19,0,0,3,6.333,0.000,-6.333,-6,-6,220,220,30023,36249,36299,,6276,,50,,,,,,50
5979,65,387,5,0,0,0x05,23,0,0,3,7.667,0.000,-7.667,-6,-7,220,220,30023,36299,36349,,6326,,50,,,,,,50
5980,65,387,5,0,0,0x05,19,0,0,3,6.333,0.000,-6.333,-7,-6,220,220,30023,36349,36399,,6376,,50,,,,,,50
5981,65,388,6,0,0,0x06,28,19,0,25,15.667,28.000,12.333,13,13,220,220,36787,42449,42499,,5712,,50,,,,,,50
5982,65,388,6,0,0,0x06,26,19,0,26,15.000,26.000,11.000,13,11,220,220,36787,42499,42549,,5762,,50,,,,,,50
5983,65,388,6,0,0,0x06,26,19,0,25,15.000,26.000,11.000,11,11,220,220,36787,42549,42599,,5812,,50,,,,,,50
5984,65,388,6,0,0,0x06,25,19,0,25,14.667,25.000,10.333,11,11,220,220,36787,42599,42649,,5862,,50,,,,,,50
5985,65,388,6,0,0,0x06,23,19,0,24,14.000,23.000,9.000,11,9,220,220,36787,42649,42699,,5912,,50,,,,,,50
5986,65,388,6,0,0,0x06,23,19,0,24,14.000,23.000,9.000,9,9,220,220,36787,42699,42749,,5962,,50,,,,,,50
5987,65,388,6,0,0,0x06,22,19,0,24,13.667,22.000,8.333,9,9,220,220,36787,42749,42799,,6012,,50,,,,,,50
5988,65,388,6,0,0,0x06,21,19,0,23,13.333,21.000,7.667,9,8,220,220,36787,42799,42849,,6062,,50,,,,,,50
5989,65,388,6,0,0,0x06,20,19,0,23,13.000,20.000,7.000,8,7,220,220,36787,42849,42899,,6112,,50,,,,,,50
5990,65,388,6,0,0,0x06,19,19,0,23,12.667,19.000,6.333,7,7,220,220,36787,42899,42949,,6162,,50,,,,,,50
5991,65,388,6,0,0,0x06,18,19,0,22,12.333,18.000,5.667,7,6,220,220,36787,42949,42999,,6212,,50,,,,,,50
5992,65,388,6,0,0,0x06,17,18,0,22,11.667,17.000,5.333,6,6,220,220,36787,42999,43049,,6262,,50,,,,,,50
5993,65,388,6,0,0,0x06,16,19,0,22,11.667,16.000,4.333,6,5,220,220,36787,43049,43099,,6312,,50,,,,,,50
5994,65,388,6,0,0,0x06,15,18,0,21,11.000,15.000,4.000,5,4,220,220,36787,43099,43149,,6362,,50,,,,,,50
5995,65,388,6,0,0,0x06,14,18,0,21,10.667,14.000,3.333,4,4,220,220,36787,43149,43199,,6412,,50,,,,,,50
5996,65,388,6,0,0,0x06,13,18,0,20,10.333,13.000,2.667,4,3,220,220,36787,43199,43249,,6462,,50,,,,,,50
5997,65,388,6,0,0,0x06,12,18,0,20,10.000,12.000,2.000,3,2,220,220,36787,43249,43299,,6512,,50,,,,,,50
5998,65,388,6,0,0,0x06,16,18,0,20,11.333,16.000,4.667,2,5,220,220,36787,43299,43349,,6562,,50,,,,,,50
5999,65,388,6,0,0,0x06,11,18,0,19,9.667,11.000,1.333,5,2,220,220,36787,43349,43399,,6612,,50,,,,,,50
6000,65,388,6,0,0,0x06,9,18,0,19,9.000,9.000,0.000,2,0,220,220,36787,43399,43449,,6662,,50,,,,,,50
6001,65,389,1,0,0,0x01,0,17,0,0,5.667,0.000,-5.667,-5,-5,220,220,43570,48499,48549,,4979,,50,,,,,,50
6002,65,389,1,0,0,0x01,0,18,0,0,6.000,0.000,-6.000,-5,-6,220,220,43570,48549,48599,,5029,,50,,,,,,50
6003,65,389,1,0,0,0x01,0,18,0,0,6.000,0.000,-6.000,-6,-6,220,220,43570,48599,48649,,5079,,50,,,,,,50
6004,65,389,1,0,0,0x01,0,18,0,1,6.000,0.000,-6.000,-6,-6,220,220,43570,48649,48699,,5129,,50,,,,,,50
6005,65,389,1,0,0,0x01,0,18,0,1,6.000,0.000,-6.000,-6,-6,220,220,43570,48699,48749,,5179,,50,,,,,,50
6006,65,389,1,0,0,0x01,0,18,0,2,6.000,0.000,-6.000,-6,-6,220,220,43570,48749,48799,,5229,,50,,,,,,50
6007,65,389,1,0,0,0x01,0,18,0,2,6.000,0.000,-6.000,-6,-6,220,220,43570,48799,48849,,5279,,50,,,,,,50
6008,65,389,1,0,0,0x01,0,18,0,3,6.000,0.000,-6.000,-6,-6,220,220,43570,48849,48899,,5329,,50,,,,,,50
6009,65,389,1,0,0,0x01,0,18,0,3,6.000,0.000,-6.000,-6,-6,220,220,43570,48899,48949,,5379,,50,,,,,,50
6010,65,389,1,0,0,0x01,0,18,0,4,6.000,0.000,-6.000,-6,-6,220,220,43570,48949,48999,,5429,,50,,,,,,50
6011,65,389,1,0,0,0x01,0,18,0,4,6.000,0.000,-6.000,-6,-6,220,220,43570,48999,49049,,5479,,50,,,,,,50
6012,65,389,1,0,0,0x01,0,18,0,5,6.000,0.000,-6.000,-6,-6,220,220,43570,49049,49099,,5529,,50,,,,,,50
6013,65,389,1,0,0,0x01,0,18,0,5,6.000,0.000,-6.000,-6,-6,220,220,43570,49099,49149,,5579,,50,,,,,,50
6014,65,389,1,0,0,0x01,0,17,0,6,5.667,0.000,-5.667,-6,-5,220,220,43570,49149,49199,,5629,,50,,,,,,50
6015,65,389,1,0,0,0x01,0,18,0,6,6.000,0.000,-6.000,-5,-6,220,220,43570,49199,49249,,5679,,50,,,,,,50
6016,65,389,1,0,0,0x01,0,18,0,6,6.000,0.000,-6.000,-6,-6,220,220,43570,49249,49299,,5729,,50,,,,,,50
6017,65,389,1,0,0,0x01,2,18,0,7,6.667,0.000,-6.667,-6,-6,220,220,43570,49299,49349,,5779,,50,,,,,,50
6018,65,389,1,0,0,0x01,0,19,0,7,6.333,0.000,-6.333,-6,-6,220,220,43570,49349,49399,,5829,,50,,,,,,50
6019,65,389,1,0,0,0x01,0,18,0,8,6.000,0.000,-6.000,-6,-6,220,220,43570,49399,49449,,5879,,50,,,,,,50
6020,65,389,1,0,0,0x01,0,18,0,9,6.000,0.000,-6.000,-6,-6,220,220,43570,49449,49499,,5929,,50,,,,,,50
6021,65,390,2,0,0,0x02,4,61,21,39,28.667,61.000,32.333,34,33,220,220,50340,55549,55599,,5259,,50,,,,,,50
6022,65,390,2,0,0,0x02,3,60,21,39,28.000,60.000,32.000,33,32,220,220,50340,55599,55649,,5309,,50,,,,,,50
6023,65,390,2,0,0,0x02,3,60,21,38,28.000,60.000,32.000,32,32,220,220,50340,55649,55699,,5359,,50,,,,,,50
6024,65,390,2,0,0,0x02,3,59,21,38,27.667,59.000,31.333,32,32,220,220,50340,55699,55749,,5409,,50,,,,,,50
6025,65,390,2,0,0,0x02,3,58,21,38,27.333,58.000,30.667,32,31,220,220,50340,55749,55799,,5459,,50,,,,,,50
6026,65,390,2,0,0,0x02,3,58,21,37,27.333,58.000,30.667,31,31,220,220,50340,55799,55849,,5509,,50,,,,,,50
6027,65,390,2,0,0,0x02,3,57,21,38,27.000,57.000,30.000,31,30,220,220,50340,55849,55899,,5559,,50,,,,,,50
6028,65,390,2,0,0,0x02,3,57,21,37,27.000,57.000,30.000,30,30,220,220,50340,55899,55949,,5609,,50,,,,,,50
6029,65,390,2,0,0,0x02,3,56,21,37,26.667,56.000,29.333,30,30,220,220,50340,55949,55999,,5659,,50,,,,,,50
6030,65,390,2,0,0,0x02,3,55,21,37,26.333,55.000,28.667,30,29,220,220,50340,55999,56049,,5709,,50,,,,,,50
6031,65,390,2,0,0,0x02,3,55,21,37,26.333,55.000,28.667,29,29,220,220,50340,56049,56099,,5759,,50,,,,,,50
6032,65,390,2,0,0,0x02,3,55,21,37,26.333,55.000,28.667,29,29,220,220,50340,56099,56149,,5809,,50,,,,,,50
6033,65,390,2,0,0,0x02,2,53,21,36,25.333,53.000,27.667,29,28,220,220,50340,56149,56199,,5859,,50,,,,,,50
6034,65,390,2,0,0,0x02,3,53,21,36,25.667,53.000,27.333,28,28,220,220,50340,56199,56249,,5909,,50,,,,,,50
6035,65,390,2,0,0,0x02,3,52,21,36,25.333,52.000,26.667,28,27,220,220,50340,56249,56299,,5959,,50,,,,,,50
6036,65,390,2,0,0,0x02,7,52,20,36,26.333,52.000,25.667,27,26,220,220,50340,56299,56349,,6009,,50,,,,,,50
6037,65,390,2,0,0,0x02,3,50,20,35,24.333,50.000,25.667,26,26,220,220,50340,56349,56399,,6059,,50,,,,,,50
6038,65,390,2,0,0,0x02,2,50,20,35,24.000,50.000,26.000,26,26,220,220,50340,56399,56449,,6109,,50,,,,,,50
6039,65,390,2,0,0,0x02,3,50,20,35,24.333,50.000,25.667,26,26,220,220,50340,56449,56499,,6159,,50,,,,,,50
6040,65,390,2,0,0,0x02,3,49,20,34,24.000,49.000,25.000,26,25,220,220,50340,56499,56549,,6209,,50,,,,,,50
6041,66,391,3,0,0,0x03,0,0,17,7,5.667,0.000,-5.667,-5,-5,220,220,57123,62599,62649,,5526,,50,,,,,,50
6042,66,391,3,0,0,0x03,0,0,17,7,5.667,0.000,-5.667,-5,-5,220,220,57123,62649,62699,,5576,,50,,,,,,50
6043,66,391,3,0,0,0x03,0,0,17,7,5.667,0.000,-5.667,-5,-5,220,220,57123,62699,62749,,5626,,50,,,,,,50
6044,66,391,3,0,0,0x03,0,0,17,8,5.667,0.000,-5.667,-5,-5,220,220,57123,62749,62799,,5676,,50,,,,,,50
6045,66,391,3,0,0,0x03,0,0,17,9,5.667,0.000,-5.667,-5,-5,220,220,57123,62799,62849,,5726,,50,,,,,,50
6046,66,391,3,0,0,0x03,0,0,17,9,5.667,0.000,-5.667,-5,-5,220,220,57123,62849,62899,,5776,,50,,,,,,50
6047,66,391,3,0,0,0x03,0,0,17,9,5.667,0.000,-5.667,-5,-5,220,220,57123,62899,62949,,5826,,50,,,,,,50
6048,66,391,3,0,0,0x03,0,0,17,10,5.667,0.000,-5.667,-5,-5,220,220,57123,62949,62999,,5876,,50,,,,,,50
6049,66,391,3,0,0,0x03,0,0,17,10,5.667,0.000,-5.667,-5,-5,220,220,57123,62999,63049,,5926,,50,,,,,,50
6050,66,391,3,0,0,0x03,0,0,17,11,5.667,0.000,-5.667,-5,-5,220,220,57123,63049,63099,,5976,,50,,,,,,50
6051,66,391,3,0,0,0x03,0,0,17,11,5.667,0.000,-5.667,-5,-5,220,220,57123,63099,63149,,6026,,50,,,,,,50
6052,66,391,3,0,0,0x03,0,0,17,12,5.667,0.000,-5.667,-5,-5,220,220,57123,63149,63199,,6076,,50,,,,,,50
6053,66,391,3,0,0,0x03,0,0,17,12,5.667,0.000,-5.667,-5,-5,220,220,57123,63199,63249,,6126,,50,,,,,,50
6054,66,391,3,0,0,0x03,0,0,17,12,5.667,0.000,-5.667,-5,-5,220,220,57123,63249,63299,,6176,,50,,,,,,50
6055,66,391,3,0,0,0x03,0,0,17,13,5.667,0.000,-5.667,-5,-5,220,220,57123,63299,63349,,6226,,50,,,,,,50
6056,66,391,3,0,0,0x03,0,0,17,13,5.667,0.000,-5.667,-5,-5,220,220,57123,63349,63399,,6276,,50,,,,,,50
6057,66,391,3,0,0,0x03,0,0,17,14,5.667,0.000,-5.667,-5,-5,220,220,57123,63399,63449,,6326,,50,,,,,,50
6058,66,391,3,0,0,0x03,0,0,17,14,5.667,0.000,-5.667,-5,-5,220,220,57123,63449,63499,,6376,,50,,,,,,50
6059,66,391,3,0,0,0x03,0,0,17,14,5.667,0.000,-5.667,-5,-5,220,220,57123,63499,63549,,6426,,50,,,,,,50
6060,66,391,3,0,0,0x03,0,0,17,15,5.667,0.000,-5.667,-5,-5,220,220,57123,63549,63599,,6476,,50,,,,,,50
6061,66,392,4,0,0,0x04,24,1,52,36,25.667,52.000,26.333,27,27,220,220,63888,3113,3163,,4811,,50,,,,,,50
6062,66,392,4,0,0,0x04,24,1,51,36,25.333,51.000,25.667,27,26,220,220,63888,3163,3213,,4861,,50,,,,,,50
6063,66,392,4,0,0,0x04,23,0,49,35,24.000,49.000,25.000,26,25,220,220,63888,3213,3263,,4911,,50,,,,,,50
6064,66,392,4,0,0,0x04,24,0,49,35,24.333,49.000,24.667,25,25,220,220,63888,3263,3313,,4961,,50,,,,,,50
6065,66,392,4,0,0,0x04,24,0,49,35,24.333,49.000,24.667,25,25,220,220,63888,3313,3363,,5011,,50,,,,,,50
6066,66,392,4,0,0,0x04,24,1,48,35,24.333,48.000,23.667,25,24,220,220,63888,3363,3413,,5061,,50,,,,,,50
6067,66,392,4,0,0,0x04,23,0,47,35,23.333,47.000,23.667,24,24,220,220,63888,3413,3463,,5111,,50,,,,,,50
6068,66,392,4,0,0,0x04,24,0,47,34,23.667,47.000,23.333,24,24,220,220,63888,3463,3513,,5161,,50,,,,,,50
6069,66,392,4,0,0,0x04,24,0,46,34,23.333,46.000,22.667,24,23,220,220,63888,3513,3563,,5211,,50,,,,,,50
6070,66,392,4,0,0,0x04,23,0,45,34,22.667,45.000,22.333,23,23,220,220,63888,3563,3613,,5261,,50,,,,,,50
6071,66,392,4,0,0,0x04,23,0,44,33,22.333,44.000,21.667,23,22,220,220,63888,3613,3663,,5311,,50,,,,,,50
6072,66,393,5,0,0,0x05,23,0,43,33,22.000,0.000,-22.000,6,6,220,220,5137,5713,5763,,626,,50,,,,,,50
6073,66,393,5,0,0,0x05,23,0,43,33,22.000,0.000,-22.000,6,3,220,220,5137,5763,5813,,676,,50,,,,,,50
6074,66,393,5,0,0,0x05,27,0,42,22,23.000,0.000,-23.000,3,4,220,220,5137,5813,5863,,726,,50,,,,,,50
6075,66,393,5,0,0,0x05,20,14,0,22,11.333,14.000,2.667,4,3,220,220,5137,5863,5913,,776,,50,,,,,,50
6076,66,393,5,0,0,0x05,23,12,0,20,11.667,12.000,0.333,3,2,220,220,5137,5913,5963,,826,,50,,,,,,50
6077,66,393,5,0,0,0x05,20,10,0,20,10.000,10.000,0.000,2,0,220,220,5137,5963,6013,,876,,50,,,,,,50
6078,66,393,5,0,0,0x05,19,9,0,20,9.333,9.000,-0.333,0,0,220,220,5137,6013,6063,,926,,50,,,,,,50
6079,66,393,5,0,0,0x05,19,8,0,19,9.000,8.000,-1.000,0,-1,220,220,5137,6063,6113,,976,,50,,,,,,50
6080,66,393,5,0,0,0x05,19,6,0,18,8.333,6.000,-2.333,-1,-2,220,220,5137,6113,6163,,1026,,50,,,,,,50
6081,66,393,5,0,0,0x05,18,0,0,0,6.000,0.000,-6.000,-6,-6,220,220,5137,10163,10213,,5076,,50,,,,,,50
6082,66,393,5,0,0,0x05,18,0,0,0,6.000,0.000,-6.000,-6,-6,220,220,5137,10213,10263,,5126,,50,,,,,,50
6083,66,393,5,0,0,0x05,18,0,0,1,6.000,0.000,-6.000,-6,-6,220,220,5137,10263,10313,,5176,,50,,,,,,50
6084,66,393,5,0,0,0x05,18,0,0,1,6.000,0.000,-6.000,-6,-6,220,220,5137,10313,10363,,5226,,50,,,,,,50
6085,66,393,5,0,0,0x05,18,0,0,1,6.000,0.000,-6.000,-6,-6,220,220,5137,10363,10413,,5276,,50,,,,,,50
6086,66,393,5,0,0,0x05,18,0,0,1,6.000,0.000,-6.000,-6,-6,220,220,5137,10413,10463,,5326,,50,,,,,,50
6087,66,393,5,0,0,0x05,19,0,0,2,6.333,0.000,-6.333,-6,-6,220,220,5137,10463,10513,,5376,,50,,,,,,50
6088,66,393,5,0,0,0x05,19,0,0,2,6.333,0.000,-6.333,-6,-6,220,220,5137,10513,10563,,5426,,50,,,,,,50
6089,66,393,5,0,0,0x05,18,0,0,2,6.000,0.000,-6.000,-6,-6,220,220,5137,10563,10613,,5476,,50,,,,,,50
6090,66,393,5,0,0,0x05,18,0,0,3,6.000,0.000,-6.000,-6,-6,220,220,5137,10613,10663,,5526,,50,,,,,,50
6091,66,393,5,0,0,0x05,18,0,0,3,6.000,0.000,-6.000,-6,-6,220,220,5137,10663,10713,,5576,,50,,,,,,50
6092,66,393,5,0,0,0x05,18,0,0,3,6.000,0.000,-6.000,-6,-6,220,220,5137,10713,10763,,5626,,50,,,,,,50
6093,66,393,5,0,0,0x05,23,0,0,4,7.667,0.000,-7.667,-6,-7,220,220,5137,10763,10813,,5676,,50,,,,,,50
6094,66,393,5,0,0,0x05,18,0,0,4,6.000,0.000,-6.000,-7,-6,220,220,5137,10813,10863,,5726,,50,,,,,,50
6095,66,393,5,0,0,0x05,19,0,0,4,6.333,0.000,-6.333,-6,-6,220,220,5137,10863,10913,,5776,,50,,,,,,50
6096,66,393,5,0,0,0x05,19,0,0,4,6.333,0.000,-6.333,-6,-6,220,220,5137,10913,10963,,5826,,50,,,,,,50
6097,66,393,5,0,0,0x05,19,0,0,5,6.333,0.000,-6.333,-6,-6,220,220,5137,10963,11013,,5876,,50,,,,,,50
6098,66,393,5,0,0,0x05,19,0,0,5,6.333,0.000,-6.333,-6,-6,220,220,5137,11013,11063,,5926,,50,,,,,,50
6099,66,393,5,0,0,0x05,19,0,0,6,6.333,0.000,-6.333,-6,-6,220,220,5137,11063,11113,,5976,,50,,,,,,50
6100,66,393,5,0,0,0x05,19,0,0,6,6.333,0.000,-6.333,-6,-6,220,220,5137,11113,11163,,6026,,50,,,,,,50
6101,66,394,6,0,0,0x06,51,21,0,35,24.000,51.000,27.000,28,27,220,220,11902,17213,17263,,5361,,50,,,,,,50
6102,66,394,6,0,0,0x06,51,21,0,35,24.000,51.000,27.000,27,27,220,220,11902,17263,17313,,5411,,50,,,,,,50
6103,66,394,6,0,0,0x06,50,22,0,34,24.000,50.000,26.000,27,26,220,220,11902,17313,17363,,5461,,50,,,,,,50
6104,66,394,6,0,0,0x06,49,21,0,34,23.333,49.000,25.667,26,26,220,220,11902,17363,17413,,5511,,50,,,,,,50
6105,66,394,6,0,0,0x06,49,21,0,34,23.333,49.000,25.667,26,26,220,220,11902,17413,17463,,5561,,50,,,,,,50
6106,66,394,6,0,0,0x06,48,21,0,34,23.000,48.000,25.000,26,25,220,220,11902,17463,17513,,5611,,50,,,,,,50
6107,66,394,6,0,0,0x06,47,21,0,33,22.667,47.000,24.333,25,25,220,220,11902,17513,17563,,5661,,50,,,,,,50
6108,66,394,6,0,0,0x06,46,21,0,33,22.333,46.000,23.667,25,24,220,220,11902,17563,17613,,5711,,50,,,,,,50
6109,66,394,6,0,0,0x06,45,21,0,33,22.000,45.000,23.000,24,23,220,220,11902,17613,17663,,5761,,50,,,,,,50
6110,66,394,6,0,0,0x06,44,21,0,32,21.667,44.000,22.333,23,23,220,220,11902,17663,17713,,5811,,50,,,,,,50
6111,66,394,6,0,0,0x06,43,21,0,32,21.333,43.000,21.667,23,22,220,220,11902,17713,17763,,5861,,50,,,,,,50
6112,66,394,6,0,0,0x06,47,21,0,32,22.667,47.000,24.333,22,25,220,220,11902,17763,17813,,5911,,50,,,,,,50
6113,66,394,6,0,0,0x06,42,21,0,31,21.000,42.000,21.000,25,21,220,220,11902,17813,17863,,5961,,50,,,,,,50
6114,66,394,6,0,0,0x06,40,21,0,30,20.333,40.000,19.667,21,20,220,220,11902,17863,17913,,6011,,50,,,,,,50
6115,66,394,6,0,0,0x06,40,21,0,30,20.333,40.000,19.667,20,20,220,220,11902,17913,17963,,6061,,50,,,,,,50
6116,66,394,6,0,0,0x06,39,21,0,30,20.000,39.000,19.000,20,19,220,220,11902,17963,18013,,6111,,50,,,,,,50
6117,66,394,6,0,0,0x06,38,20,0,30,19.333,38.000,18.667,19,19,220,220,11902,18013,18063,,6161,,50,,,,,,50
6118,66,394,6,0,0,0x06,37,21,0,29,19.333,37.000,17.667,19,18,220,220,11902,18063,18113,,6211,,50,,,,,,50
6119,66,394,6,0,0,0x06,36,20,0,29,18.667,36.000,17.333,18,18,220,220,11902,18113,18163,,6261,,50,,,,,,50
6120,66,394,6,0,0,0x06,36,20,0,29,18.667,36.000,17.333,18,18,220,220,11902,18163,18213,,6311,,50,,,,,,50
6121,66,395,1,0,0,0x01,0,19,0,12,6.333,0.000,-6.333,-6,-6,220,220,18687,24263,24313,,5626,,50,,,,,,50
6122,66,395,1,0,0,0x01,0,18,0,12,6.000,0.000,-6.000,-6,-6,220,220,18687,24313,24363,,5676,,50,,,,,,50
6123,66,395,1,0,0,0x01,0,18,0,13,6.000,0.000,-6.000,-6,-6,220,220,18687,24363,24413,,5726,,50,,,,,,50
6124,66,395,1,0,0,0x01,0,19,0,13,6.333,0.000,-6.333,-6,-6,220,220,18687,24413,24463,,5776,,50,,,,,,50
6125,66,395,1,0,0,0x01,0,19,0,14,6.333,0.000,-6.333,-6,-6,220,220,18687,24463,24513,,5826,,50,,,,,,50
6126,66,395,1,0,0,0x01,0,18,0,14,6.000,0.000,-6.000,-6,-6,220,220,18687,24513,24563,,5876,,50,,,,,,50
6127,66,395,1,0,0,0x01,0,18,0,14,6.000,0.000,-6.000,-6,-6,220,220,18687,24563,24613,,5926,,50,,,,,,50
6128,66,395,1,0,0,0x01,0,19,0,15,6.333,0.000,-6.333,-6,-6,220,220,18687,24613,24663,,5976,,50,,,,,,50
6129,66,395,1,0,0,0x01,0,19,0,15,6.333,0.000,-6.333,-6,-6,220,220,18687,24663,24713,,6026,,50,,,,,,50
6130,66,395,1,0,0,0x01,0,19,0,16,6.333,0.000,-6.333,-6,-6,220,220,18687,24713,24763,,6076,,50,,,,,,50
6131,66,395,1,0,0,0x01,4,19,0,16,7.667,0.000,-7.667,-6,-7,220,220,18687,24763,24813,,6126,,50,,,,,,50
6132,66,395,1,0,0,0x01,0,19,0,16,6.333,0.000,-6.333,-7,-6,220,220,18687,24813,24863,,6176,,50,,,,,,50
6133,66,395,1,0,0,0x01,1,19,0,16,6.667,0.000,-6.667,-6,-6,220,220,18687,24863,24913,,6226,,50,,,,,,50
6134,66,395,1,0,0,0x01,0,19,0,17,6.333,0.000,-6.333,-6,-6,220,220,18687,24913,24963,,6276,,50,,,,,,50
6135,66,395,1,0,0,0x01,0,19,2,17,7.000,2.000,-5.000,-6,-5,220,220,18687,24963,25013,,6326,,50,,,,,,50
6136,66,395,1,0,0,0x01,1,19,3,18,7.667,3.000,-4.667,-5,-4,220,220,18687,25013,25063,,6376,,50,,,,,,50
6137,66,395,1,0,0,0x01,1,19,3,18,7.667,3.000,-4.667,-4,-4,220,220,18687,25063,25113,,6426,,50,,,,,,50
6138,66,395,1,0,0,0x01,1,19,5,19,8.333,5.000,-3.333,-4,-3,220,220,18687,25113,25163,,6476,,50,,,,,,50
6139,66,395,1,0,0,0x01,1,19,6,19,8.667,6.000,-2.667,-3,-2,220,220,18687,25163,25213,,6526,,50,,,,,,50
6140,66,395,1,0,0,0x01,1,19,7,20,9.000,7.000,-2.000,-2,-2,220,220,18687,25213,25263,,6576,,50,,,,,,50
6141,66,396,2,0,0,0x02,4,75,22,44,33.667,75.000,41.333,42,42,220,220,25352,30313,30363,,5011,,50,,,,,,50
6142,66,396,2,0,0,0x02,4,74,22,44,33.333,74.000,40.667,42,41,220,220,25352,30363,30413,,5061,,50,,,,,,50
6143,66,396,2,0,0,0x02,4,73,22,43,33.000,73.000,40.000,41,40,220,220,25352,30413,30463,,5111,,50,,,,,,50
6144,66,396,2,0,0,0x02,4,73,22,43,33.000,73.000,40.000,40,40,220,220,25352,30463,30513,,5161,,50,,,,,,50
6145,66,396,2,0,0,0x02,4,72,22,43,32.667,72.000,39.333,40,40,220,220,25352,30513,30563,,5211,,50,,,,,,50
6146,66,396,2,0,0,0x02,4,71,22,42,32.333,71.000,38.667,40,39,220,220,25352,30563,30613,,5261,,50,,,,,,50
6147,66,396,2,0,0,0x02,3,70,22,42,31.667,70.000,38.333,39,39,220,220,25352,30613,30663,,5311,,50,,,,,,50
6148,66,396,2,0,0,0x02,4,69,22,42,31.667,69.000,37.333,39,38,220,220,25352,30663,30713,,5361,,50,,,,,,50
6149,66,396,2,0,0,0x02,3,68,22,42,31.000,68.000,37.000,38,37,220,220,25352,30713,30763,,5411,,50,,,,,,50
6150,66,396,2,0,0,0x02,8,67,22,42,32.333,67.000,34.667,37,35,220,220,25352,30763,30813,,5461,,50,,,,,,50
6151,66,396,2,0,0,0x02,3,66,22,41,30.333,66.000,35.667,35,36,220,220,25352,30813,30863,,5511,,50,,,,,,50
6152,66,396,2,0,0,0x02,3,65,22,41,30.000,65.000,35.000,36,35,220,220,25352,30863,30913,,5561,,50,,,,,,50
6153,66,396,2,0,0,0x02,3,65,21,41,29.667,65.000,35.333,35,36,220,220,25352,30913,30963,,5611,,50,,,,,,50
6154,66,396,2,0,0,0x02,3,63,21,40,29.000,63.000,34.000,36,34,220,220,25352,30963,31013,,5661,,50,,,,,,50
6155,66,396,2,0,0,0x02,3,62,21,39,28.667,62.000,33.333,34,34,220,220,25352,31013,31063,,5711,,50,,,,,,50
6156,66,396,2,0,0,0x02,3,62,21,39,28.667,62.000,33.333,34,34,220,220,25352,31063,31113,,5761,,50,,,,,,50
6157,66,396,2,0,0,0x02,3,61,21,39,28.333,61.000,32.667,34,33,220,220,25352,31113,31163,,5811,,50,,,,,,50
6158,66,396,2,0,0,0x02,3,59,21,38,27.667,59.000,31.333,33,32,220,220,25352,31163,31213,,5861,,50,,,,,,50
6159,66,396,2,0,0,0x02,3,59,21,38,27.667,59.000,31.333,32,32,220,220,25352,31213,31263,,5911,,50,,,,,,50
6160,66,396,2,0,0,0x02,3,58,21,37,27.333,58.000,30.667,32,31,220,220,25352,31263,31313,,5961,,50,,,,,,50
6161,67,397,3,0,0,0x03,0,0,17,9,5.667,0.000,-5.667,-5,-5,220,220,32035,37363,37413,,5378,,50,,,,,,50
6162,67,397,3,0,0,0x03,0,0,17,9,5.667,0.000,-5.667,-5,-5,220,220,32035,37413,37463,,5428,,50,,,,,,50
6163,67,397,3,0,0,0x03,0,0,16,9,5.333,0.000,-5.333,-5,-5,220,220,32035,37463,37513,,5478,,50,,,,,,50
6164,67,397,3,0,0,0x03,0,0,17,10,5.667,0.000,-5.667,-5,-5,220,220,32035,37513,37563,,5528,,50,,,,,,50
6165,67,397,3,0,0,0x03,0,0,17,10,5.667,0.000,-5.667,-5,-5,220,220,32035,37563,37613,,5578,,50,,,,,,50
6166,67,397,3,0,0,0x03,0,0,17,10,5.667,0.000,-5.667,-5,-5,220,220,32035,37613,37663,,5628,,50,,,,,,50
6167,67,397,3,0,0,0x03,0,0,17,11,5.667,0.000,-5.667,-5,-5,220,220,32035,37663,37713,,5678,,50,,,,,,50
6168,67,397,3,0,0,0x03,0,0,17,11,5.667,0.000,-5.667,-5,-5,220,220,32035,37713,37763,,5728,,50,,,,,,50
6169,67,397,3,0,0,0x03,0,0,17,12,5.667,0.000,-5.667,-5,-5,220,220,32035,37763,37813,,5778,,50,,,,,,50
6170,67,397,3,0,0,0x03,0,0,17,11,5.667,0.000,-5.667,-5,-5,220,220,32035,37813,37863,,5828,,50,,,,,,50
6171,67,397,3,0,0,0x03,0,0,17,12,5.667,0.000,-5.667,-5,-5,220,220,32035,37863,37913,,5878,,50,,,,,,50
6172,67,397,3,0,0,0x03,0,0,17,12,5.667,0.000,-5.667,-5,-5,220,220,32035,37913,37963,,5928,,50,,,,,,50
6173,67,397,3,0,0,0x03,0,0,17,12,5.667,0.000,-5.667,-5,-5,220,220,32035,37963,38013,,5978,,50,,,,,,50
6174,67,397,3,0,0,0x03,0,0,17,13,5.667,0.000,-5.667,-5,-5,220,220,32035,38013,38063,,6028,,50,,,,,,50
6175,67,397,3,0,0,0x03,0,0,17,13,5.667,0.000,-5.667,-5,-5,220,220,32035,38063,38113,,6078,,50,,,,,,50
6176,67,397,3,0,0,0x03,0,0,17,13,5.667,0.000,-5.667,-5,-5,220,220,32035,38113,38163,,6128,,50,,,,,,50
6177,67,397,3,0,0,0x03,0,0,17,14,5.667,0.000,-5.667,-5,-5,220,220,32035,38163,38213,,6178,,50,,,,,,50
6178,67,397,3,0,0,0x03,0,0,17,13,5.667,0.000,-5.667,-5,-5,220,220,32035,38213,38263,,6228,,50,,,,,,50
6179,67,397,3,0,0,0x03,0,0,17,14,5.667,0.000,-5.667,-5,-5,220,220,32035,38263,38313,,6278,,50,,,,,,50
6180,67,397,3,0,0,0x03,0,0,17,14,5.667,0.000,-5.667,-5,-5,220,220,32035,38313,38363,,6328,,50,,,,,,50
6181,67,398,4,0,0,0x04,25,0,64,41,29.667,64.000,34.333,36,35,220,220,38700,43413,43463,,4763,,50,,,,,,50
6182,67,398,4,0,0,0x04,25,1,64,41,30.000,64.000,34.000,35,34,220,220,38700,43463,43513,,4813,,50,,,,,,50
6183,67,398,4,0,0,0x04,25,0,62,40,29.000,62.000,33.000,34,33,220,220,38700,43513,43563,,4863,,50,,,,,,50
6184,67,398,4,0,0,0x04,25,1,60,40,28.667,60.000,31.333,33,32,220,220,38700,43563,43613,,4913,,50,,,,,,50
6185,67,398,4,0,0,0x04,25,0,59,39,28.000,59.000,31.000,32,31,220,220,38700,43613,43663,,4963,,50,,,,,,50
6186,67,398,4,0,0,0x04,25,1,59,39,28.333,59.000,30.667,31,31,220,220,38700,43663,43713,,5013,,50,,,,,,50
6187,67,398,4,0,0,0x04,25,0,58,38,27.667,58.000,30.333,31,31,220,220,38700,43713,43763,,5063,,50,,,,,,50
6188,67,398,4,0,0,0x04,29,0,56,38,28.333,56.000,27.667,31,28,220,220,38700,43763,43813,,5113,,50,,,,,,50
6189,67,398,4,0,0,0x04,24,0,55,37,26.333,55.000,28.667,28,29,220,220,38700,43813,43863,,5163,,50,,,,,,50
6190,67,398,4,0,0,0x04,24,0,54,37,26.000,54.000,28.000,29,28,220,220,38700,43863,43913,,5213,,50,,,,,,50
6191,67,398,4,0,0,0x04,24,0,52,36,25.333,52.000,26.667,28,27,220,220,38700,43913,43963,,5263,,50,,,,,,50
6192,67,398,4,0,0,0x04,24,0,50,35,24.667,50.000,25.333,27,26,220,220,38700,43963,44013,,5313,,50,,,,,,50
6193,67,398,4,0,0,0x04,24,0,49,35,24.333,49.000,24.667,26,25,220,220,38700,44013,44063,,5363,,50,,,,,,50
6194,67,398,4,0,0,0x04,24,0,48,34,24.000,48.000,24.000,25,24,220,220,38700,44063,44113,,5413,,50,,,,,,50
6195,67,398,4,0,0,0x04,23,0,47,34,23.333,47.000,23.667,24,24,220,220,38700,44113,44163,,5463,,50,,,,,,50
6196,67,398,4,0,0,0x04,24,0,45,34,23.000,45.000,22.000,24,22,220,220,38700,44163,44213,,5513,,50,,,,,,50
6197,67,398,4,0,0,0x04,24,0,44,33,22.667,44.000,21.333,22,22,220,220,38700,44213,44263,,5563,,50,,,,,,50
6198,67,398,4,0,0,0x04,23,0,43,33,22.000,43.000,21.000,22,21,220,220,38700,44263,44313,,5613,,50,,,,,,50
6199,67,398,4,0,0,0x04,23,0,41,33,21.333,41.000,19.667,21,20,220,220,38700,44313,44363,,5663,,50,,,,,,50
6200,67,399,5,0,0,0x05,23,0,40,20,21.000,0.000,-21.000,2,1,220,220,45385,46413,46463,,1078,,50,,,,,,50
6201,67,399,5,0,0,0x05,18,0,0,0,6.000,0.000,-6.000,-6,-6,220,220,45385,50463,50513,,5128,,50,,,,,,50
6202,67,399,5,0,0,0x05,18,0,0,0,6.000,0.000,-6.000,-6,-6,220,220,45385,50513,50563,,5178,,50,,,,,,50
6203,67,399,5,0,0,0x05,18,0,0,0,6.000,0.000,-6.000,-6,-6,220,220,45385,50563,50613,,5228,,50,,,,,,50
6204,67,399,5,0,0,0x05,18,0,0,0,6.000,0.000,-6.000,-6,-6,220,220,45385,50613,50663,,5278,,50,,,,,,50
6205,67,399,5,0,0,0x05,18,0,0,0,6.000,0.000,-6.000,-6,-6,220,220,45385,50663,50713,,5328,,50,,,,,,50
6206,67,399,5,0,0,0x05,18,0,0,1,6.000,0.000,-6.000,-6,-6,220,220,45385,50713,50763,,5378,,50,,,,,,50
6207,67,399,5,0,0,0x05,22,0,0,2,7.333,0.000,-7.333,-6,-7,220,220,45385,50763,50813,,5428,,50,,,,,,50
6208,67,399,5,0,0,0x05,18,0,0,1,6.000,0.000,-6.000,-7,-6,220,220,45385,50813,50863,,5478,,50,,,,,,50
6209,67,399,5,0,0,0x05,18,0,0,1,6.000,0.000,-6.000,-6,-6,220,220,45385,50863,50913,,5528,,50,,,,,,50
6210,67,399,5,0,0,0x05,18,0,0,2,6.000,0.000,-6.000,-6,-6,220,220,45385,50913,50963,,5578,,50,,,,,,50
6211,67,399,5,0,0,0x05,18,0,0,2,6.000,0.000,-6.000,-6,-6,220,220,45385,50963,51013,,5628,,50,,,,,,50
6212,67,399,5,0,0,0x05,18,0,0,2,6.000,0.000,-6.000,-6,-6,220,220,45385,51013,51063,,5678,,50,,,,,,50
6213,67,399,5,0,0,0x05,18,0,0,2,6.000,0.000,-6.000,-6,-6,220,220,45385,51063,51113,,5728,,50,,,,,,50
6214,67,399,5,0,0,0x05,18,0,0,2,6.000,0.000,-6.000,-6,-6,220,220,45385,51113,51163,,5778,,50,,,,,,50
6215,67,399,5,0,0,0x05,19,0,0,3,6.333,0.000,-6.333,-6,-6,220,220,45385,51163,51213,,5828,,50,,,,,,50
6216,67,399,5,0,0,0x05,18,0,0,3,6.000,0.000,-6.000,-6,-6,220,220,45385,51213,51263,,5878,,50,,,,,,50
6217,67,399,5,0,0,0x05,19,0,0,3,6.333,0.000,-6.333,-6,-6,220,220,45385,51263,51313,,5928,,50,,,,,,50
6218,67,399,5,0,0,0x05,18,0,0,3,6.000,0.000,-6.000,-6,-6,220,220,45385,51313,51363,,5978,,50,,,,,,50
6219,67,399,5,0,0,0x05,19,0,0,3,6.333,0.000,-6.333,-6,-6,220,220,45385,51363,51413,,6028,,50,,,,,,50
6220,67,399,5,0,0,0x05,19,0,0,4,6.333,0.000,-6.333,-6,-6,220,220,45385,51413,51463,,6078,,50,,,,,,50
6221,67,400,6,0,0,0x06,37,20,0,29,19.000,37.000,18.000,19,18,220,220,52049,57513,57563,,5514,,50,,,,,,50
6222,67,400,6,0,0,0x06,36,20,0,29,18.667,36.000,17.333,18,18,220,220,52049,57563,57613,,5564,,50,,,,,,50
6223,67,400,6,0,0,0x06,35,20,0,29,18.333,35.000,16.667,18,17,220,220,52049,57613,57663,,5614,,50,,,,,,50
6224,67,400,6,0,0,0x06,34,20,0,29,18.000,34.000,16.000,17,16,220,220,52049,57663,57713,,5664,,50,,,,,,50
6225,67,400,6,0,0,0x06,33,20,0,28,17.667,33.000,15.333,16,16,220,220,52049,57713,57763,,5714,,50,,,,,,50
6226,67,400,6,0,0,0x06,36,20,0,28,18.667,36.000,17.333,16,18,220,220,52049,57763,57813,,5764,,50,,,,,,50
6227,67,400,6,0,0,0x06,31,20,0,27,17.000,31.000,14.000,18,14,220,220,52049,57813,57863,,5814,,50,,,,,,50
6228,67,400,6,0,0,0x06,31,20,0,27,17.000,31.000,14.000,14,14,220,220,52049,57863,57913,,5864,,50,,,,,,50
6229,67,400,6,0,0,0x06,29,20,0,26,16.333,29.000,12.667,14,13,220,220,52049,57913,57963,,5914,,50,,,,,,50
6230,67,400,6,0,0,0x06,29,20,0,26,16.333,29.000,12.667,13,13,220,220,52049,57963,58013,,5964,,50,,,,,,50
6231,67,400,6,0,0,0x06,28,20,0,26,16.000,28.000,12.000,13,12,220,220,52049,58013,58063,,6014,,50,,,,,,50
6232,67,400,6,0,0,0x06,27,19,0,25,15.333,27.000,11.667,12,12,220,220,52049,58063,58113,,6064,,50,,,,,,50
6233,67,400,6,0,0,0x06,25,20,0,25,15.000,25.000,10.000,12,10,220,220,52049,58113,58163,,6114,,50,,,,,,50
6234,67,400,6,0,0,0x06,25,19,0,25,14.667,25.000,10.333,10,11,220,220,52049,58163,58213,,6164,,50,,,,,,50
6235,67,400,6,0,0,0x06,24,20,0,25,14.667,24.000,9.333,11,10,220,220,52049,58213,58263,,6214,,50,,,,,,50
6236,67,400,6,0,0,0x06,22,19,0,24,13.667,22.000,8.333,10,9,220,220,52049,58263,58313,,6264,,50,,,,,,50
6237,67,400,6,0,0,0x06,21,19,0,24,13.333,21.000,7.667,9,8,220,220,52049,58313,58363,,6314,,50,,,,,,50
6238,67,400,6,0,0,0x06,21,19,0,23,13.333,21.000,7.667,8,8,220,220,52049,58363,58413,,6364,,50,,,,,,50
6239,67,400,6,0,0,0x06,20,19,0,23,13.000,20.000,7.000,8,7,220,220,52049,58413,58463,,6414,,50,,,,,,50
6240,67,400,6,0,0,0x06,19,19,0,22,12.667,19.000,6.333,7,7,220,220,52049,58463,58513,,6464,,50,,,,,,50
6241,67,401,1,0,0,0x01,0,17,0,0,5.667,0.000,-5.667,-5,-5,220,220,58733,63563,63613,,4880,,50,,,,,,50
6242,67,401,1,0,0,0x01,0,17,0,0,5.667,0.000,-5.667,-5,-5,220,220,58733,63613,63663,,4930,,50,,,,,,50
6243,67,401,1,0,0,0x01,0,17,0,0,5.667,0.000,-5.667,-5,-5,220,220,58733,63663,63713,,4980,,50,,,,,,50
6244,67,401,1,0,0,0x01,0,17,0,0,5.667,0.000,-5.667,-5,-5,220,220,58733,63713,63763,,5030,,50,,,,,,50
6245,67,401,1,0,0,0x01,1,18,0,1,6.333,0.000,-6.333,-5,-6,220,220,58733,63763,63813,,5080,,50,,,,,,50
6246,67,401,1,0,0,0x01,0,18,0,1,6.000,0.000,-6.000,-6,-6,220,220,58733,63813,63863,,5130,,50,,,,,,50
6247,67,401,1,0,0,0x01,0,18,0,2,6.000,0.000,-6.000,-6,-6,220,220,58733,63863,63913,,5180,,50,,,,,,50
6248,67,401,1,0,0,0x01,0,18,0,2,6.000,0.000,-6.000,-6,-6,220,220,58733,63913,63963,,5230,,50,,,,,,50
6249,67,401,1,0,0,0x01,0,18,0,2,6.000,0.000,-6.000,-6,-6,220,220,58733,63963,64013,,5280,,50,,,,,,50
6250,67,401,1,0,0,0x01,0,18,0,3,6.000,0.000,-6.000,-6,-6,220,220,58733,64013,64063,,5330,,50,,,,,,50
6251,67,401,1,0,0,0x01,0,18,0,2,6.000,0.000,-6.000,-6,-6,220,220,58733,64063,64113,,5380,,50,,,,,,50
6252,67,401,1,0,0,0x01,0,18,0,3,6.000,0.000,-6.000,-6,-6,220,220,58733,64113,64163,,5430,,50,,,,,,50
6253,67,401,1,0,0,0x01,0,18,0,3,6.000,0.000,-6.000,-6,-6,220,220,58733,64163,64213,,5480,,50,,,,,,50
6254,67,401,1,0,0,0x01,0,18,0,4,6.000,0.000,-6.000,-6,-6,220,220,58733,64213,64263,,5530,,50,,,,,,50
6255,67,401,1,0,0,0x01,0,18,0,4,6.000,0.000,-6.000,-6,-6,220,220,58733,64263,64313,,5580,,50,,,,,,50
6256,67,401,1,0,0,0x01,0,18,0,5,6.000,0.000,-6.000,-6,-6,220,220,58733,64313,64363,,5630,,50,,,,,,50
6257,67,401,1,0,0,0x01,0,18,0,5,6.000,0.000,-6.000,-6,-6,220,220,58733,64363,64413,,5680,,50,,,,,,50
6258,67,401,1,0,0,0x01,0,18,0,6,6.000,0.000,-6.000,-6,-6,220,220,58733,64413,64463,,5730,,50,,,,,,50
6259,67,401,1,0,0,0x01,0,18,0,5,6.000,0.000,-6.000,-6,-6,220,220,58733,64463,64513,,5780,,50,,,,,,50
6260,67,401,1,0,0,0x01,0,18,0,6,6.000,0.000,-6.000,-6,-6,220,220,58733,64513,64563,,5830,,50,,,,,,50
6261,67,402,2,0,0,0x02,3,54,21,36,26.000,54.000,28.000,28,28,220,220,65398,5077,5127,,5265,,50,,,,,,50
6262,67,402,2,0,0,0x02,3,52,21,36,25.333,52.000,26.667,28,27,220,220,65398,5127,5177,,5315,,50,,,,,,50
6263,67,402,2,0,0,0x02,3,51,21,35,25.000,51.000,26.000,27,26,220,220,65398,5177,5227,,5365,,50,,,,,,50
6264,67,402,2,0,0,0x02,7,51,21,35,26.333,51.000,24.667,26,25,220,220,65398,5227,5277,,5415,,50,,,,,,50
6265,67,402,2,0,0,0x02,2,50,20,35,24.000,50.000,26.000,25,26,220,220,65398,5277,5327,,5465,,50,,,,,,50
6266,67,402,2,0,0,0x02,3,49,21,34,24.333,49.000,24.667,26,25,220,220,65398,5327,5377,,5515,,50,,,,,,50
6267,67,402,2,0,0,0x02,2,48,20,34,23.333,48.000,24.667,25,25,220,220,65398,5377,5427,,5565,,50,,,,,,50
6268,67,402,2,0,0,0x02,3,47,20,34,23.333,47.000,23.667,25,24,220,220,65398,5427,5477,,5615,,50,,,,,,50
6269,67,402,2,0,0,0x02,3,46,20,33,23.000,46.000,23.000,24,23,220,220,65398,5477,5527,,5665,,50,,,,,,50
6270,67,402,2,0,0,0x02,2,45,20,33,22.333,45.000,22.667,23,23,220,220,65398,5527,5577,,5715,,50,,,,,,50
6271,67,402,2,0,0,0x02,2,44,20,33,22.000,44.000,22.000,23,22,220,220,65398,5577,5627,,5765,,50,,,,,,50
6272,67,402,2,0,0,0x02,2,44,20,32,22.000,44.000,22.000,22,22,220,220,65398,5627,5677,,5815,,50,,,,,,50
6273,67,402,2,0,0,0x02,2,43,20,32,21.667,43.000,21.333,22,22,220,220,65398,5677,5727,,5865,,50,,,,,,50
6274,67,402,2,0,0,0x02,2,42,20,32,21.333,42.000,20.667,22,21,220,220,65398,5727,5777,,5915,,50,,,,,,50
6275,67,402,2,0,0,0x02,2,41,20,32,21.000,41.000,20.000,21,20,220,220,65398,5777,5827,,5965,,50,,,,,,50
6276,67,402,2,0,0,0x02,2,40,19,31,20.333,40.000,19.667,20,20,220,220,65398,5827,5877,,6015,,50,,,,,,50
6277,67,402,2,0,0,0x02,3,39,20,31,20.667,39.000,18.333,20,19,220,220,65398,5877,5927,,6065,,50,,,,,,50
6278,67,402,2,0,0,0x02,2,38,20,31,20.000,38.000,18.000,19,18,220,220,65398,5927,5977,,6115,,50,,,,,,50
6279,67,402,2,0,0,0x02,2,37,20,30,19.667,37.000,17.333,18,18,220,220,65398,5977,6027,,6165,,50,,,,,,50
6280,67,402,2,0,0,0x02,2,37,19,30,19.333,37.000,17.667,18,18,220,220,65398,6027,6077,,6215,,50,,,,,,50
6281,68,403,3,0,0,0x03,0,0,16,8,5.333,0.000,-5.333,-5,-5,220,220,6546,12127,12177,,5631,,50,,,,,,50
6282,68,403,3,0,0,0x03,0,0,17,8,5.667,0.000,-5.667,-5,-5,220,220,6546,12177,12227,,5681,,50,,,,,,50
6283,68,403,3,0,0,0x03,0,0,16,9,5.333,0.000,-5.333,-5,-5,220,220,6546,12227,12277,,5731,,50,,,,,,50
6284,68,403,3,0,0,0x03,0,0,17,9,5.667,0.000,-5.667,-5,-5,220,220,6546,12277,12327,,5781,,50,,,,,,50
6285,68,403,3,0,0,0x03,0,0,17,9,5.667,0.000,-5.667,-5,-5,220,220,6546,12327,12377,,5831,,50,,,,,,50
6286,68,403,3,0,0,0x03,0,0,17,9,5.667,0.000,-5.667,-5,-5,220,220,6546,12377,12427,,5881,,50,,,,,,50
6287,68,403,3,0,0,0x03,0,0,17,10,5.667,0.000,-5.667,-5,-5,220,220,6546,12427,12477,,5931,,50,,,,,,50
6288,68,403,3,0,0,0x03,0,0,17,10,5.667,0.000,-5.667,-5,-5,220,220,6546,12477,12527,,5981,,50,,,,,,50
6289,68,403,3,0,0,0x03,0,0,17,11,5.667,0.000,-5.667,-5,-5,220,220,6546,12527,12577,,6031,,50,,,,,,50
6290,68,403,3,0,0,0x03,0,0,17,11,5.667,0.000,-5.667,-5,-5,220,220,6546,12577,12627,,6081,,50,,,,,,50
6291,68,403,3,0,0,0x03,0,0,17,12,5.667,0.000,-5.667,-5,-5,220,220,6546,12627,12677,,6131,,50,,,,,,50
6292,68,403,3,0,0,0x03,0,0,17,12,5.667,0.000,-5.667,-5,-5,220,220,6546,12677,12727,,6181,,50,,,,,,50
6293,68,403,3,0,0,0x03,0,0,17,13,5.667,0.000,-5.667,-5,-5,220,220,6546,12727,12777,,6231,,50,,,,,,50
6294,68,403,3,0,0,0x03,0,0,17,13,5.667,0.000,-5.667,-5,-5,220,220,6546,12777,12827,,6281,,50,,,,,,50
6295,68,403,3,0,0,0x03,0,0,17,13,5.667,0.000,-5.667,-5,-5,220,220,6546,12827,12877,,6331,,50,,,,,,50
6296,68,403,3,0,0,0x03,0,0,17,14,5.667,0.000,-5.667,-5,-5,220,220,6546,12877,12927,,6381,,50,,,,,,50
6297,68,403,3,0,0,0x03,0,0,17,14,5.667,0.000,-5.667,-5,-5,220,220,6546,12927,12977,,6431,,50,,,,,,50
6298,68,403,3,0,0,0x03,0,0,17,14,5.667,0.000,-5.667,-5,-5,220,220,6546,12977,13027,,6481,,50,,,,,,50
6299,68,403,3,0,0,0x03,0,0,17,15,5.667,0.000,-5.667,-5,-5,220,220,6546,13027,13077,,6531,,50,,,,,,50
6300,68,403,3,0,0,0x03,0,0,17,15,5.667,0.000,-5.667,-5,-5,220,220,6546,13077,13127,,6581,,50,,,,,,50
6301,68,404,4,0,0,0x04,24,0,49,35,24.333,49.000,24.667,25,25,220,220,13214,18177,18227,,5013,,50,,,,,,50
6302,68,404,4,0,0,0x04,28,1,49,36,26.000,49.000,23.000,25,23,220,220,13214,18227,18277,,5063,,50,,,,,,50
6303,68,404,4,0,0,0x04,24,0,48,34,24.000,48.000,24.000,23,24,220,220,13214,18277,18327,,5113,,50,,,,,,50
6304,68,404,4,0,0,0x04,24,0,47,34,23.667,47.000,23.333,24,24,220,220,13214,18327,18377,,5163,,50,,,,,,50
6305,68,404,4,0,0,0x04,24,0,46,34,23.333,46.000,22.667,24,23,220,220,13214,18377,18427,,5213,,50,,,,,,50
6306,68,404,4,0,0,0x04,23,0,45,34,22.667,45.000,22.333,23,23,220,220,13214,18427,18477,,5263,,50,,,,,,50
6307,68,404,4,0,0,0x04,23,0,44,33,22.333,44.000,21.667,23,22,220,220,13214,18477,18527,,5313,,50,,,,,,50
6308,68,404,4,0,0,0x04,23,0,43,33,22.000,43.000,21.000,22,21,220,220,13214,18527,18577,,5363,,50,,,,,,50
6309,68,404,4,0,0,0x04,23,0,42,33,21.667,42.000,20.333,21,21,220,220,13214,18577,18627,,5413,,50,,,,,,50
6310,68,404,4,0,0,0x04,23,0,41,32,21.333,41.000,19.667,21,20,220,220,13214,18627,18677,,5463,,50,,,,,,50
6311,68,404,4,0,0,0x04,23,0,40,32,21.000,40.000,19.000,20,19,220,220,13214,18677,18727,,5513,,50,,,,,,50
6312,68,404,4,0,0,0x04,23,0,39,32,20.667,39.000,18.333,19,19,220,220,13214,18727,18777,,5563,,50,,,,,,50
6313,68,404,4,0,0,0x04,23,0,38,31,20.333,38.000,17.667,19,18,220,220,13214,18777,18827,,5613,,50,,,,,,50
6314,68,404,4,0,0,0x04,23,0,37,31,20.000,37.000,17.000,18,17,220,220,13214,18827,18877,,5663,,50,,,,,,50
6315,68,404,4,0,0,0x04,23,0,36,30,19.667,36.000,16.333,17,17,220,220,13214,18877,18927,,5713,,50,,,,,,50
6316,68,404,4,0,0,0x04,23,0,35,30,19.333,35.000,15.667,17,16,220,220,13214,18927,18977,,5763,,50,,,,,,50
6317,68,404,4,0,0,0x04,23,0,34,30,19.000,34.000,15.000,16,15,220,220,13214,18977,19027,,5813,,50,,,,,,50
6318,68,404,4,0,0,0x04,23,0,33,29,18.667,33.000,14.333,15,15,220,220,13214,19027,19077,,5863,,50,,,,,,50
6319,68,404,4,0,0,0x04,23,0,32,29,18.333,32.000,13.667,15,14,220,220,13214,19077,19127,,5913,,50,,,,,,50
6320,68,404,4,0,0,0x04,22,0,31,28,17.667,31.000,13.333,14,14,220,220,13214,19127,19177,,5963,,50,,,,,,50
6321,68,405,5,0,0,0x05,22,0,0,0,7.333,0.000,-7.333,-6,-7,220,220,19898,25227,25277,,5379,,50,,,,,,50
6322,68,405,5,0,0,0x05,18,0,0,0,6.000,0.000,-6.000,-7,-6,220,220,19898,25277,25327,,5429,,50,,,,,,50
6323,68,405,5,0,0,0x05,18,0,0,0,6.000,0.000,-6.000,-6,-6,220,220,19898,25327,25377,,5479,,50,,,,,,50
6324,68,405,5,0,0,0x05,18,0,0,0,6.000,0.000,-6.000,-6,-6,220,220,19898,25377,25427,,5529,,50,,,,,,50
6325,68,405,5,0,0,0x05,18,0,0,0,6.000,0.000,-6.000,-6,-6,220,220,19898,25427,25477,,5579,,50,,,,,,50
6326,68,405,5,0,0,0x05,18,0,0,0,6.000,0.000,-6.000,-6,-6,220,220,19898,25477,25527,,5629,,50,,,,,,50
6327,68,405,5,0,0,0x05,19,0,0,0,6.333,0.000,-6.333,-6,-6,220,220,19898,25527,25577,,5679,,50,,,,,,50
6328,68,405,5,0,0,0x05,19,0,0,0,6.333,0.000,-6.333,-6,-6,220,220,19898,25577,25627,,5729,,50,,,,,,50
6329,68,405,5,0,0,0x05,19,0,0,1,6.333,0.000,-6.333,-6,-6,220,220,19898,25627,25677,,5779,,50,,,,,,50
6330,68,405,5,0,0,0x05,19,0,0,1,6.333,0.000,-6.333,-6,-6,220,220,19898,25677,25727,,5829,,50,,,,,,50
6331,68,405,5,0,0,0x05,18,0,0,1,6.000,0.000,-6.000,-6,-6,220,220,19898,25727,25777,,5879,,50,,,,,,50
6332,68,405,5,0,0,0x05,19,0,0,2,6.333,0.000,-6.333,-6,-6,220,220,19898,25777,25827,,5929,,50,,,,,,50
6333,68,405,5,0,0,0x05,19,0,0,2,6.333,0.000,-6.333,-6,-6,220,220,19898,25827,25877,,5979,,50,,,,,,50
6334,68,405,5,0,0,0x05,19,0,0,3,6.333,0.000,-6.333,-6,-6,220,220,19898,25877,25927,,6029,,50,,,,,,50
6335,68,405,5,0,0,0x05,19,0,0,3,6.333,0.000,-6.333,-6,-6,220,220,19898,25927,25977,,6079,,50,,,,,,50
6336,68,405,5,0,0,0x05,19,0,0,3,6.333,0.000,-6.333,-6,-6,220,220,19898,25977,26027,,6129,,50,,,,,,50
6337,68,405,5,0,0,0x05,19,0,0,4,6.333,0.000,-6.333,-6,-6,220,220,19898,26027,26077,,6179,,50,,,,,,50
6338,68,405,5,0,0,0x05,19,0,0,4,6.333,0.000,-6.333,-6,-6,220,220,19898,26077,26127,,6229,,50,,,,,,50
6339,68,405,5,0,0,0x05,19,0,0,5,6.333,0.000,-6.333,-6,-6,220,220,19898,26127,26177,,6279,,50,,,,,,50
6340,68,405,5,0,0,0x05,19,0,0,5,6.333,0.000,-6.333,-6,-6,220,220,19898,26177,26227,,6329,,50,,,,,,50
6341,68,406,6,0,0,0x06,48,21,0,34,23.000,48.000,25.000,29,25,220,220,26563,31277,31327,,4764,,50,,,,,,50
6342,68,406,6,0,0,0x06,48,21,0,33,23.000,48.000,25.000,25,25,220,220,26563,31327,31377,,4814,,50,,,,,,50
6343,68,406,6,0,0,0x06,47,21,0,34,22.667,47.000,24.333,25,25,220,220,26563,31377,31427,,4864,,50,,,,,,50
6344,68,406,6,0,0,0x06,46,21,0,33,22.333,46.000,23.667,25,24,220,220,26563,31427,31477,,4914,,50,,,,,,50
6345,68,406,6,0,0,0x06,46,21,0,33,22.333,46.000,23.667,24,24,220,220,26563,31477,31527,,4964,,50,,,,,,50
6346,68,406,6,0,0,0x06,45,21,0,33,22.000,45.000,23.000,24,23,220,220,26563,31527,31577,,5014,,50,,,,,,50
6347,68,406,6,0,0,0x06,44,21,0,32,21.667,44.000,22.333,23,23,220,220,26563,31577,31627,,5064,,50,,,,,,50
6348,68,406,6,0,0,0x06,43,21,0,32,21.333,43.000,21.667,23,22,220,220,26563,31627,31677,,5114,,50,,,,,,50
6349,68,406,6,0,0,0x06,43,21,0,32,21.333,43.000,21.667,22,22,220,220,26563,31677,31727,,5164,,50,,,,,,50
6350,68,406,6,0,0,0x06,43,21,0,31,21.333,43.000,21.667,22,22,220,220,26563,31727,31777,,5214,,50,,,,,,50
6351,68,406,6,0,0,0x06,42,21,0,31,21.000,42.000,21.000,22,21,220,220,26563,31777,31827,,5264,,50,,,,,,50
6352,68,406,6,0,0,0x06,41,21,0,31,20.667,41.000,20.333,21,21,220,220,26563,31827,31877,,5314,,50,,,,,,50
6353,68,406,6,0,0,0x06,40,20,0,31,20.000,40.000,20.000,21,20,220,220,26563,31877,31927,,5364,,50,,,,,,50
6354,68,406,6,0,0,0x06,40,21,0,30,20.333,40.000,19.667,20,20,220,220,26563,31927,31977,,5414,,50,,,,,,50
6355,68,406,6,0,0,0x06,39,20,0,30,19.667,39.000,19.333,20,20,220,220,26563,31977,32027,,5464,,50,,,,,,50
6356,68,406,6,0,0,0x06,38,21,0,29,19.667,38.000,18.333,20,19,220,220,26563,32027,32077,,5514,,50,,,,,,50
6357,68,406,6,0,0,0x06,38,20,0,30,19.333,38.000,18.667,19,19,220,220,26563,32077,32127,,5564,,50,,,,,,50
6358,68,406,6,0,0,0x06,37,20,0,29,19.000,37.000,18.000,19,18,220,220,26563,32127,32177,,5614,,50,,,,,,50
6359,68,406,6,0,0,0x06,36,20,0,29,18.667,36.000,17.333,18,18,220,220,26563,32177,32227,,5664,,50,,,,,,50
6360,68,406,6,0,0,0x06,39,20,0,29,19.667,39.000,19.333,18,20,220,220,26563,32227,32277,,5714,,50,,,,,,50
6361,68,407,1,0,0,0x01,0,18,0,5,6.000,0.000,-6.000,-6,-6,220,220,33253,38327,38377,,5124,,50,,,,,,50
6362,68,407,1,0,0,0x01,0,18,0,5,6.000,0.000,-6.000,-6,-6,220,220,33253,38377,38427,,5174,,50,,,,,,50
6363,68,407,1,0,0,0x01,0,18,0,5,6.000,0.000,-6.000,-6,-6,220,220,33253,38427,38477,,5224,,50,,,,,,50
6364,68,407,1,0,0,0x01,0,18,0,6,6.000,0.000,-6.000,-6,-6,220,220,33253,38477,38527,,5274,,50,,,,,,50
6365,68,407,1,0,0,0x01,0,18,0,6,6.000,0.000,-6.000,-6,-6,220,220,33253,38527,38577,,5324,,50,,,,,,50
6366,68,407,1,0,0,0x01,0,18,0,7,6.000,0.000,-6.000,-6,-6,220,220,33253,38577,38627,,5374,,50,,,,,,50
6367,68,407,1,0,0,0x01,0,18,0,7,6.000,0.000,-6.000,-6,-6,220,220,33253,38627,38677,,5424,,50,,,,,,50
6368,68,407,1,0,0,0x01,0,18,0,7,6.000,0.000,-6.000,-6,-6,220,220,33253,38677,38727,,5474,,50,,,,,,50
6369,68,407,1,0,0,0x01,0,18,0,8,6.000,0.000,-6.000,-6,-6,220,220,33253,38727,38777,,5524,,50,,,,,,50
6370,68,407,1,0,0,0x01,0,18,0,9,6.000,0.000,-6.000,-6,-6,220,220,33253,38777,38827,,5574,,50,,,,,,50
6371,68,407,1,0,0,0x01,0,18,0,9,6.000,0.000,-6.000,-6,-6,220,220,33253,38827,38877,,5624,,50,,,,,,50
6372,68,407,1,0,0,0x01,0,18,0,9,6.000,0.000,-6.000,-6,-6,220,220,33253,38877,38927,,5674,,50,,,,,,50
6373,68,407,1,0,0,0x01,0,18,0,10,6.000,0.000,-6.000,-6,-6,220,220,33253,38927,38977,,5724,,50,,,,,,50
6374,68,407,1,0,0,0x01,0,18,0,10,6.000,0.000,-6.000,-6,-6,220,220,33253,38977,39027,,5774,,50,,,,,,50
6375,68,407,1,0,0,0x01,0,18,0,11,6.000,0.000,-6.000,-6,-6,220,220,33253,39027,39077,,5824,,50,,,,,,50
6376,68,407,1,0,0,0x01,0,19,0,11,6.333,0.000,-6.333,-6,-6,220,220,33253,39077,39127,,5874,,50,,,,,,50
6377,68,407,1,0,0,0x01,0,19,0,11,6.333,0.000,-6.333,-6,-6,220,220,33253,39127,39177,,5924,,50,,,,,,50
6378,68,407,1,0,0,0x01,0,18,0,12,6.000,0.000,-6.000,-6,-6,220,220,33253,39177,39227,,5974,,50,,,,,,50
6379,68,407,1,0,0,0x01,4,19,0,13,7.667,0.000,-7.667,-6,-7,220,220,33253,39227,39277,,6024,,50,,,,,,50
6380,68,407,1,0,0,0x01,0,19,0,13,6.333,0.000,-6.333,-7,-6,220,220,33253,39277,39327,,6074,,50,,,,,,50
6381,68,408,2,0,0,0x02,3,65,22,41,30.000,65.000,35.000,36,35,220,220,39917,45377,45427,,5510,,50,,,,,,50
6382,68,408,2,0,0,0x02,3,66,21,41,30.000,66.000,36.000,35,36,220,220,39917,45427,45477,,5560,,50,,,,,,50
6383,68,408,2,0,0,0x02,3,64,21,40,29.333,64.000,34.667,36,35,220,220,39917,45477,45527,,5610,,50,,,,,,50
6384,68,408,2,0,0,0x02,3,63,21,39,29.000,63.000,34.000,35,34,220,220,39917,45527,45577,,5660,,50,,,,,,50
6385,68,408,2,0,0,0x02,3,63,21,40,29.000,63.000,34.000,34,34,220,220,39917,45577,45627,,5710,,50,,,,,,50
6386,68,408,2,0,0,0x02,3,63,21,40,29.000,63.000,34.000,34,34,220,220,39917,45627,45677,,5760,,50,,,,,,50
6387,68,408,2,0,0,0x02,3,61,21,39,28.333,61.000,32.667,34,33,220,220,39917,45677,45727,,5810,,50,,,,,,50
6388,68,408,2,0,0,0x02,3,60,21,39,28.000,60.000,32.000,33,32,220,220,39917,45727,45777,,5860,,50,,,,,,50
6389,68,408,2,0,0,0x02,3,60,21,39,28.000,60.000,32.000,32,32,220,220,39917,45777,45827,,5910,,50,,,,,,50
6390,68,408,2,0,0,0x02,3,60,21,38,28.000,60.000,32.000,32,32,220,220,39917,45827,45877,,5960,,50,,,,,,50
6391,68,408,2,0,0,0x02,3,58,21,38,27.333,58.000,30.667,32,31,220,220,39917,45877,45927,,6010,,50,,,,,,50
6392,68,408,2,0,0,0x02,3,58,21,37,27.333,58.000,30.667,31,31,220,220,39917,45927,45977,,6060,,50,,,,,,50
6393,68,408,2,0,0,0x02,3,57,21,37,27.000,57.000,30.000,31,30,220,220,39917,45977,46027,,6110,,50,,,,,,50
6394,68,408,2,0,0,0x02,2,56,21,37,26.333,56.000,29.667,30,30,220,220,39917,46027,46077,,6160,,50,,,,,,50
6395,68,408,2,0,0,0x02,3,55,21,37,26.333,55.000,28.667,30,29,220,220,39917,46077,46127,,6210,,50,,,,,,50
6396,68,408,2,0,0,0x02,3,54,21,36,26.000,54.000,28.000,29,28,220,220,39917,46127,46177,,6260,,50,,,,,,50
6397,68,408,2,0,0,0x02,2,53,21,36,25.333,53.000,27.667,28,28,220,220,39917,46177,46227,,6310,,50,,,,,,50
6398,68,408,2,0,0,0x02,7,53,21,36,27.000,53.000,26.000,28,26,220,220,39917,46227,46277,,6360,,50,,,,,,50
6399,68,408,2,0,0,0x02,3,52,21,36,25.333,52.000,26.667,26,27,220,220,39917,46277,46327,,6410,,50,,,,,,50
6400,68,408,2,0,0,0x02,3,51,21,35,25.000,51.000,26.000,27,26,220,220,39917,46327,46377,,6460,,50,,,,,,50
6401,69,409,3,0,0,0x03,0,0,16,7,5.333,0.000,-5.333,-5,-5,220,220,46601,51427,51477,,4876,,50,,,,,,50
6402,69,409,3,0,0,0x03,0,0,16,7,5.333,0.000,-5.333,-5,-5,220,220,46601,51477,51527,,4926,,50,,,,,,50
6403,69,409,3,0,0,0x03,0,0,16,8,5.333,0.000,-5.333,-5,-5,220,220,46601,51527,51577,,4976,,50,,,,,,50
6404,69,409,3,0,0,0x03,0,0,17,8,5.667,0.000,-5.667,-5,-5,220,220,46601,51577,51627,,5026,,50,,,,,,50
6405,69,409,3,0,0,0x03,0,0,17,8,5.667,0.000,-5.667,-5,-5,220,220,46601,51627,51677,,5076,,50,,,,,,50
6406,69,409,3,0,0,0x03,0,0,17,9,5.667,0.000,-5.667,-5,-5,220,220,46601,51677,51727,,5126,,50,,,,,,50
6407,69,409,3,0,0,0x03,0,0,17,9,5.667,0.000,-5.667,-5,-5,220,220,46601,51727,51777,,5176,,50,,,,,,50
6408,69,409,3,0,0,0x03,0,0,17,9,5.667,0.000,-5.667,-5,-5,220,220,46601,51777,51827,,5226,,50,,,,,,50
6409,69,409,3,0,0,0x03,0,0,17,10,5.667,0.000,-5.667,-5,-5,220,220,46601,51827,51877,,5276,,50,,,,,,50
6410,69,409,3,0,0,0x03,0,0,17,10,5.667,0.000,-5.667,-5,-5,220,220,46601,51877,51927,,5326,,50,,,,,,50
6411,69,409,3,0,0,0x03,0,0,17,11,5.667,0.000,-5.667,-5,-5,220,220,46601,51927,51977,,5376,,50,,,,,,50
6412,69,409,3,0,0,0x03,0,0,17,11,5.667,0.000,-5.667,-5,-5,220,220,46601,51977,52027,,5426,,50,,,,,,50
6413,69,409,3,0,0,0x03,0,0,17,11,5.667,0.000,-5.667,-5,-5,220,220,46601,52027,52077,,5476,,50,,,,,,50
6414,69,409,3,0,0,0x03,0,0,17,12,5.667,0.000,-5.667,-5,-5,220,220,46601,52077,52127,,5526,,50,,,,,,50
6415,69,409,3,0,0,0x03,0,0,17,12,5.667,0.000,-5.667,-5,-5,220,220,46601,52127,52177,,5576,,50,,,,,,50
6416,69,409,3,0,0,0x03,0,0,17,12,5.667,0.000,-5.667,-5,-5,220,220,46601,52177,52227,,5626,,50,,,,,,50
6417,69,409,3,0,0,0x03,0,0,17,13,5.667,0.000,-5.667,-5,-5,220,220,46601,52227,52277,,5676,,50,,,,,,50
6418,69,409,3,0,0,0x03,0,0,17,13,5.667,0.000,-5.667,-5,-5,220,220,46601,52277,52327,,5726,,50,,,,,,50
6419,69,409,3,0,0,0x03,0,0,17,14,5.667,0.000,-5.667,-5,-5,220,220,46601,52327,52377,,5776,,50,,,,,,50
6420,69,409,3,0,0,0x03,0,0,17,14,5.667,0.000,-5.667,-5,-5,220,220,46601,52377,52427,,5826,,50,,,,,,50
6421,69,410,4,0,0,0x04,24,0,52,36,25.333,52.000,26.667,28,27,220,220,53271,58477,58527,,5256,,50,,,,,,50
6422,69,410,4,0,0,0x04,24,0,50,36,24.667,50.000,25.333,27,26,220,220,53271,58527,58577,,5306,,50,,,,,,50
6423,69,410,4,0,0,0x04,24,0,49,35,24.333,49.000,24.667,26,25,220,220,53271,58577,58627,,5356,,50,,,,,,50
6424,69,410,4,0,0,0x04,24,0,48,35,24.000,48.000,24.000,25,24,220,220,53271,58627,58677,,5406,,50,,,,,,50
6425,69,410,4,0,0,0x04,23,0,47,34,23.333,47.000,23.667,24,24,220,220,53271,58677,58727,,5456,,50,,,,,,50
6426,69,410,4,0,0,0x04,23,0,46,34,23.000,46.000,23.000,24,23,220,220,53271,58727,58777,,5506,,50,,,,,,50
6427,69,410,4,0,0,0x04,24,0,45,34,23.000,45.000,22.000,23,22,220,220,53271,58777,58827,,5556,,50,,,,,,50
6428,69,410,4,0,0,0x04,23,0,44,33,22.333,44.000,21.667,22,22,220,220,53271,58827,58877,,5606,,50,,,,,,50
6429,69,410,4,0,0,0x04,23,0,42,32,21.667,42.000,20.333,22,21,220,220,53271,58877,58927,,5656,,50,,,,,,50
6430,69,410,4,0,0,0x04,23,0,41,32,21.333,41.000,19.667,21,20,220,220,53271,58927,58977,,5706,,50,,,,,,50
6431,69,410,4,0,0,0x04,22,0,40,32,20.667,40.000,19.333,20,20,220,220,53271,58977,59027,,5756,,50,,,,,,50
6432,69,410,4,0,0,0x04,23,0,39,31,20.667,39.000,18.333,20,19,220,220,53271,59027,59077,,5806,,50,,,,,,50
6433,69,410,4,0,0,0x04,23,0,37,31,20.000,37.000,17.000,19,17,220,220,53271,59077,59127,,5856,,50,,,,,,50
6434,69,410,4,0,0,0x04,23,0,36,30,19.667,36.000,16.333,17,17,220,220,53271,59127,59177,,5906,,50,,,,,,50
6435,69,410,4,0,0,0x04,23,0,35,30,19.333,35.000,15.667,17,16,220,220,53271,59177,59227,,5956,,50,,,,,,50
6436,69,410,4,0,0,0x04,27,0,34,30,20.333,34.000,13.667,16,14,220,220,53271,59227,59277,,6006,,50,,,,,,50
6437,69,410,4,0,0,0x04,23,0,32,29,18.333,32.000,13.667,14,14,220,220,53271,59277,59327,,6056,,50,,,,,,50
6438,69,410,4,0,0,0x04,22,0,31,28,17.667,31.000,13.333,14,14,220,220,53271,59327,59377,,6106,,50,,,,,,50
6439,69,410,4,0,0,0x04,22,0,30,28,17.333,30.000,12.667,14,13,220,220,53271,59377,59427,,6156,,50,,,,,,50
6440,69,410,4,0,0,0x04,22,0,28,27,16.667,28.000,11.333,13,12,220,220,53271,59427,59477,,6206,,50,,,,,,50
6441,69,411,5,0,0,0x05,18,0,0,2,6.000,0.000,-6.000,-6,-6,220,220,59955,65527,41,,5622,,50,,,,,,50
6442,69,411,5,0,0,0x05,18,0,0,2,6.000,0.000,-6.000,-6,-6,220,220,59955,41,91,,5672,,50,,,,,,50
6443,69,411,5,0,0,0x05,18,0,0,3,6.000,0.000,-6.000,-6,-6,220,220,59955,91,141,,5722,,50,,,,,,50
6444,69,411,5,0,0,0x05,18,0,0,3,6.000,0.000,-6.000,-6,-6,220,220,59955,141,191,,5772,,50,,,,,,50
6445,69,411,5,0,0,0x05,19,0,0,3,6.333,0.000,-6.333,-6,-6,220,220,59955,191,241,,5822,,50,,,,,,50
6446,69,411,5,0,0,0x05,19,0,0,3,6.333,0.000,-6.333,-6,-6,220,220,59955,241,291,,5872,,50,,,,,,50
6447,69,411,5,0,0,0x05,18,0,0,4,6.000,0.000,-6.000,-6,-6,220,220,59955,291,341,,5922,,50,,,,,,50
6448,69,411,5,0,0,0x05,19,0,0,4,6.333,0.000,-6.333,-6,-6,220,220,59955,341,391,,5972,,50,,,,,,50
6449,69,411,5,0,0,0x05,19,0,0,4,6.333,0.000,-6.333,-6,-6,220,220,59955,391,441,,6022,,50,,,,,,50
6450,69,411,5,0,0,0x05,18,0,0,5,6.000,0.000,-6.000,-6,-6,220,220,59955,441,491,,6072,,50,,,,,,50
6451,69,411,5,0,0,0x05,19,0,0,5,6.333,0.000,-6.333,-6,-6,220,220,59955,491,541,,6122,,50,,,,,,50
6452,69,411,5,0,0,0x05,19,0,0,5,6.333,0.000,-6.333,-6,-6,220,220,59955,541,591,,6172,,50,,,,,,50
6453,69,411,5,0,0,0x05,19,0,0,6,6.333,0.000,-6.333,-6,-6,220,220,59955,591,641,,6222,,50,,,,,,50
6454,69,411,5,0,0,0x05,19,0,0,6,6.333,0.000,-6.333,-6,-6,220,220,59955,641,691,,6272,,50,,,,,,50
6455,69,411,5,0,0,0x05,23,0,0,7,7.667,0.000,-7.667,-6,-7,220,220,59955,691,741,,6322,,50,,,,,,50
6456,69,411,5,0,0,0x05,19,0,0,6,6.333,0.000,-6.333,-7,-6,220,220,59955,741,791,,6372,,50,,,,,,50
6457,69,411,5,0,0,0x05,19,0,0,7,6.333,0.000,-6.333,-6,-6,220,220,59955,791,841,,6422,,50,,,,,,50
6458,69,411,5,0,0,0x05,19,0,0,7,6.333,0.000,-6.333,-6,-6,220,220,59955,841,891,,6472,,50,,,,,,50
6459,69,411,5,0,0,0x05,19,0,0,7,6.333,0.000,-6.333,-6,-6,220,220,59955,891,941,,6522,,50,,,,,,50
6460,69,411,5,0,0,0x05,18,0,0,7,6.000,0.000,-6.000,-6,-6,220,220,59955,941,991,,6572,,50,,,,,,50
6461,69,412,6,0,0,0x06,58,22,0,37,26.667,58.000,31.333,32,32,220,220,1084,6041,6091,,5007,,50,,,,,,50
6462,69,412,6,0,0,0x06,57,22,0,37,26.333,57.000,30.667,32,31,220,220,1084,6091,6141,,5057,,50,,,,,,50
6463,69,412,6,0,0,0x06,55,22,0,36,25.667,55.000,29.333,31,30,220,220,1084,6141,6191,,5107,,50,,,,,,50
6464,69,412,6,0,0,0x06,54,22,0,36,25.333,54.000,28.667,30,29,220,220,1084,6191,6241,,5157,,50,,,,,,50
6465,69,412,6,0,0,0x06,54,22,0,36,25.333,54.000,28.667,29,29,220,220,1084,6241,6291,,5207,,50,,,,,,50
6466,69,412,6,0,0,0x06,53,21,0,35,24.667,53.000,28.333,29,29,220,220,1084,6291,6341,,5257,,50,,,,,,50
6467,69,412,6,0,0,0x06,51,22,0,34,24.333,51.000,26.667,29,27,220,220,1084,6341,6391,,5307,,50,,,,,,50
6468,69,412,6,0,0,0x06,50,21,0,34,23.667,50.000,26.333,27,27,220,220,1084,6391,6441,,5357,,50,,,,,,50
6469,69,412,6,0,0,0x06,49,22,0,34,23.667,49.000,25.333,27,26,220,220,1084,6441,6491,,5407,,50,,,,,,50
6470,69,412,6,0,0,0x06,48,21,0,34,23.000,48.000,25.000,26,25,220,220,1084,6491,6541,,5457,,50,,,,,,50
6471,69,412,6,0,0,0x06,47,21,0,33,22.667,47.000,24.333,25,25,220,220,1084,6541,6591,,5507,,50,,,,,,50
6472,69,412,6,0,0,0x06,45,21,0,32,22.000,45.000,23.000,25,23,220,220,1084,6591,6641,,5557,,50,,,,,,50
6473,69,412,6,0,0,0x06,45,21,0,32,22.000,45.000,23.000,23,23,220,220,1084,6641,6691,,5607,,50,,,,,,50
6474,69,412,6,0,0,0x06,48,21,0,32,23.000,48.000,25.000,23,25,220,220,1084,6691,6741,,5657,,50,,,,,,50
6475,69,412,6,0,0,0x06,42,21,0,31,21.000,42.000,21.000,25,21,220,220,1084,6741,6791,,5707,,50,,,,,,50
6476,69,412,6,0,0,0x06,41,21,0,31,20.667,41.000,20.333,21,21,220,220,1084,6791,6841,,5757,,50,,,,,,50
6477,69,412,6,0,0,0x06,40,21,0,31,20.333,40.000,19.667,21,20,220,220,1084,6841,6891,,5807,,50,,,,,,50
6478,69,412,6,0,0,0x06,39,21,0,30,20.000,39.000,19.000,20,19,220,220,1084,6891,6941,,5857,,50,,,,,,50
6479,69,412,6,0,0,0x06,37,20,0,29,19.000,37.000,18.000,19,18,220,220,1084,6941,6991,,5907,,50,,,,,,50
6480,69,412,6,0,0,0x06,37,21,0,29,19.333,37.000,17.667,18,18,220,220,1084,6991,7041,,5957,,50,,,,,,50
6481,69,413,1,0,0,0x01,0,18,0,7,6.000,0.000,-6.000,-6,-6,220,220,7769,13091,13141,,5372,,50,,,,,,50
6482,69,413,1,0,0,0x01,0,18,0,7,6.000,0.000,-6.000,-6,-6,220,220,7769,13141,13191,,5422,,50,,,,,,50
6483,69,413,1,0,0,0x01,0,18,0,7,6.000,0.000,-6.000,-6,-6,220,220,7769,13191,13241,,5472,,50,,,,,,50
6484,69,413,1,0,0,0x01,0,19,0,7,6.333,0.000,-6.333,-6,-6,220,220,7769,13241,13291,,5522,,50,,,,,,50
6485,69,413,1,0,0,0x01,0,18,0,8,6.000,0.000,-6.000,-6,-6,220,220,7769,13291,13341,,5572,,50,,,,,,50
6486,69,413,1,0,0,0x01,0,18,0,8,6.000,0.000,-6.000,-6,-6,220,220,7769,13341,13391,,5622,,50,,,,,,50
6487,69,413,1,0,0,0x01,0,18,0,8,6.000,0.000,-6.000,-6,-6,220,220,7769,13391,13441,,5672,,50,,,,,,50
6488,69,413,1,0,0,0x01,0,18,0,9,6.000,0.000,-6.000,-6,-6,220,220,7769,13441,13491,,5722,,50,,,,,,50
6489,69,413,1,0,0,0x01,0,19,0,9,6.333,0.000,-6.333,-6,-6,220,220,7769,13491,13541,,5772,,50,,,,,,50
6490,69,413,1,0,0,0x01,0,18,0,9,6.000,0.000,-6.000,-6,-6,220,220,7769,13541,13591,,5822,,50,,,,,,50
6491,69,413,1,0,0,0x01,0,19,0,10,6.333,0.000,-6.333,-6,-6,220,220,7769,13591,13641,,5872,,50,,,,,,50
6492,69,413,1,0,0,0x01,0,18,0,10,6.000,0.000,-6.000,-6,-6,220,220,7769,13641,13691,,5922,,50,,,,,,50
6493,69,413,1,0,0,0x01,3,18,0,11,7.000,0.000,-7.000,-6,-7,220,220,7769,13691,13741,,5972,,50,,,,,,50
6494,69,413,1,0,0,0x01,0,19,0,11,6.333,0.000,-6.333,-7,-6,220,220,7769,13741,13791,,6022,,50,,,,,,50
6495,69,413,1,0,0,0x01,0,18,0,11,6.000,0.000,-6.000,-6,-6,220,220,7769,13791,13841,,6072,,50,,,,,,50
6496,69,413,1,0,0,0x01,0,18,0,12,6.000,0.000,-6.000,-6,-6,220,220,7769,13841,13891,,6122,,50,,,,,,50
6497,69,413,1,0,0,0x01,0,18,0,12,6.000,0.000,-6.000,-6,-6,220,220,7769,13891,13941,,6172,,50,,,,,,50
6498,69,413,1,0,0,0x01,0,19,0,12,6.333,0.000,-6.333,-6,-6,220,220,7769,13941,13991,,6222,,50,,,,,,50
6499,69,413,1,0,0,0x01,0,18,0,12,6.000,0.000,-6.000,-6,-6,220,220,7769,13991,14041,,6272,,50,,,,,,50
6500,69,413,1,0,0,0x01,0,19,0,13,6.333,0.000,-6.333,-6,-6,220,220,7769,14041,14091,,6322,,50,,,,,,50
6501,69,414,2,0,0,0x02,3,65,22,40,30.000,65.000,35.000,36,35,220,220,14433,19141,19191,,4758,,50,,,,,,50
6502,69,414,2,0,0,0x02,4,65,22,40,30.333,65.000,34.667,35,35,220,220,14433,19191,19241,,4808,,50,,,,,,50
6503,69,414,2,0,0,0x02,4,64,22,40,30.000,64.000,34.000,35,34,220,220,14433,19241,19291,,4858,,50,,,,,,50
6504,69,414,2,0,0,0x02,3,63,21,40,29.000,63.000,34.000,34,34,220,220,14433,19291,19341,,4908,,50,,,,,,50
6505,69,414,2,0,0,0x02,4,62,21,40,29.000,62.000,33.000,34,33,220,220,14433,19341,19391,,4958,,50,,,,,,50
6506,69,414,2,0,0,0x02,3,62,21,39,28.667,62.000,33.333,33,34,220,220,14433,19391,19441,,5008,,50,,,,,,50
6507,69,414,2,0,0,0x02,3,61,21,39,28.333,61.000,32.667,34,33,220,220,14433,19441,19491,,5058,,50,,,,,,50
6508,69,414,2,0,0,0x02,3,60,21,39,28.000,60.000,32.000,33,32,220,220,14433,19491,19541,,5108,,50,,,,,,50
6509,69,414,2,0,0,0x02,3,59,21,38,27.667,59.000,31.333,32,32,220,220,14433,19541,19591,,5158,,50,,,,,,50
6510,69,414,2,0,0,0x02,3,59,21,38,27.667,59.000,31.333,32,32,220,220,14433,19591,19641,,5208,,50,,,,,,50
6511,69,414,2,0,0,0x02,3,58,21,38,27.333,58.000,30.667,32,31,220,220,14433,19641,19691,,5258,,50,,,,,,50
6512,69,414,2,0,0,0x02,7,57,21,38,28.333,57.000,28.667,31,29,220,220,14433,19691,19741,,5308,,50,,,,,,50
6513,69,414,2,0,0,0x02,3,57,21,38,27.000,57.000,30.000,29,30,220,220,14433,19741,19791,,5358,,50,,,,,,50
6514,69,414,2,0,0,0x02,3,57,21,37,27.000,57.000,30.000,30,30,220,220,14433,19791,19841,,5408,,50,,,,,,50
6515,69,414,2,0,0,0x02,3,56,21,37,26.667,56.000,29.333,30,30,220,220,14433,19841,19891,,5458,,50,,,,,,50
6516,69,414,2,0,0,0x02,3,54,21,37,26.000,54.000,28.000,30,28,220,220,14433,19891,19941,,5508,,50,,,,,,50
6517,69,414,2,0,0,0x02,3,53,21,36,25.667,53.000,27.333,28,28,220,220,14433,19941,19991,,5558,,50,,,,,,50
6518,69,414,2,0,0,0x02,3,54,21,36,26.000,54.000,28.000,28,28,220,220,14433,19991,20041,,5608,,50,,,,,,50
6519,69,414,2,0,0,0x02,3,52,21,36,25.333,52.000,26.667,28,27,220,220,14433,20041,20091,,5658,,50,,,,,,50
6520,70,415,3,0,0,0x03,3,1,17,20,7.000,3.000,-4.000,5,3,220,220,21116,22141,22191,,1075,,50,,,,,,50
6521,70,415,3,0,0,0x03,0,0,16,4,5.333,0.000,-5.333,-5,-5,220,220,21116,26191,26241,,5125,,50,,,,,,50
6522,70,415,3,0,0,0x03,0,0,16,4,5.333,0.000,-5.333,-5,-5,220,220,21116,26241,26291,,5175,,50,,,,,,50
6523,70,415,3,0,0,0x03,0,0,16,4,5.333,0.000,-5.333,-5,-5,220,220,21116,26291,26341,,5225,,50,,,,,,50
6524,70,415,3,0,0,0x03,0,0,16,4,5.333,0.000,-5.333,-5,-5,220,220,21116,26341,26391,,5275,,50,,,,,,50
6525,70,415,3,0,0,0x03,0,0,16,4,5.333,0.000,-5.333,-5,-5,220,220,21116,26391,26441,,5325,,50,,,,,,50
6526,70,415,3,0,0,0x03,0,0,16,4,5.333,0.000,-5.333,-5,-5,220,220,21116,26441,26491,,5375,,50,,,,,,50
6527,70,415,3,0,0,0x03,0,0,16,5,5.333,0.000,-5.333,-5,-5,220,220,21116,26491,26541,,5425,,50,,,,,,50
6528,70,415,3,0,0,0x03,0,0,16,5,5.333,0.000,-5.333,-5,-5,220,220,21116,26541,26591,,5475,,50,,,,,,50
6529,70,415,3,0,0,0x03,0,0,16,6,5.333,0.000,-5.333,-5,-5,220,220,21116,26591,26641,,5525,,50,,,,,,50
6530,70,415,3,0,0,0x03,0,0,16,6,5.333,0.000,-5.333,-5,-5,220,220,21116,26641,26691,,5575,,50,,,,,,50
6531,70,415,3,0,0,0x03,0,0,17,7,5.667,0.000,-5.667,-5,-5,220,220,21116,26691,26741,,5625,,50,,,,,,50
6532,70,415,3,0,0,0x03,0,0,17,7,5.667,0.000,-5.667,-5,-5,220,220,21116,26741,26791,,5675,,50,,,,,,50
6533,70,415,3,0,0,0x03,0,0,16,7,5.333,0.000,-5.333,-5,-5,220,220,21116,26791,26841,,5725,,50,,,,,,50
6534,70,415,3,0,0,0x03,0,0,16,7,5.333,0.000,-5.333,-5,-5,220,220,21116,26841,26891,,5775,,50,,,,,,50
6535,70,415,3,0,0,0x03,0,0,17,8,5.667,0.000,-5.667,-5,-5,220,220,21116,26891,26941,,5825,,50,,,,,,50
6536,70,415,3,0,0,0x03,0,0,17,8,5.667,0.000,-5.667,-5,-5,220,220,21116,26941,26991,,5875,,50,,,,,,50
6537,70,415,3,0,0,0x03,0,0,17,8,5.667,0.000,-5.667,-5,-5,220,220,21116,26991,27041,,5925,,50,,,,,,50
6538,70,415,3,0,0,0x03,0,0,17,8,5.667,0.000,-5.667,-5,-5,220,220,21116,27041,27091,,5975,,50,,,,,,50
6539,70,415,3,0,0,0x03,0,0,17,9,5.667,0.000,-5.667,-5,-5,220,220,21116,27091,27141,,6025,,50,,,,,,50
6540,70,415,3,0,0,0x03,0,0,17,9,5.667,0.000,-5.667,-5,-5,220,220,21116,27141,27191,,6075,,50,,,,,,50
6541,70,416,4,0,0,0x04,23,0,30,28,17.667,30.000,12.333,14,13,220,220,27781,33241,33291,,5510,,50,,,,,,50
6542,70,416,4,0,0,0x04,22,0,29,28,17.000,29.000,12.000,13,12,220,220,27781,33291,33341,,5560,,50,,,,,,50
6543,70,416,4,0,0,0x04,22,0,28,27,16.667,28.000,11.333,12,12,220,220,27781,33341,33391,,5610,,50,,,,,,50
6544,70,416,4,0,0,0x04,22,0,27,27,16.333,27.000,10.667,12,11,220,220,27781,33391,33441,,5660,,50,,,,,,50
6545,70,416,4,0,0,0x04,22,0,25,26,15.667,25.000,9.333,11,10,220,220,27781,33441,33491,,5710,,50,,,,,,50
6546,70,416,4,0,0,0x04,22,0,25,26,15.667,25.000,9.333,10,10,220,220,27781,33491,33541,,5760,,50,,,,,,50
6547,70,416,4,0,0,0x04,22,0,24,26,15.333,24.000,8.667,10,9,220,220,27781,33541,33591,,5810,,50,,,,,,50
6548,70,416,4,0,0,0x04,21,0,23,25,14.667,23.000,8.333,9,9,220,220,27781,33591,33641,,5860,,50,,,,,,50
6549,70,416,4,0,0,0x04,22,0,21,25,14.333,21.000,6.667,9,7,220,220,27781,33641,33691,,5910,,50,,,,,,50
6550,70,416,4,0,0,0x04,26,0,20,25,15.333,20.000,4.667,7,5,220,220,27781,33691,33741,,5960,,50,,,,,,50
6551,70,416,4,0,0,0x04,21,0,20,24,13.667,20.000,6.333,5,7,220,220,27781,33741,33791,,6010,,50,,,,,,50
6552,70,416,4,0,0,0x04,21,0,18,24,13.000,18.000,5.000,7,5,220,220,27781,33791,33841,,6060,,50,,,,,,50
6553,70,416,4,0,0,0x04,21,0,17,23,12.667,17.000,4.333,5,5,220,220,27781,33841,33891,,6110,,50,,,,,,50
6554,70,416,4,0,0,0x04,22,0,16,23,12.667,16.000,3.333,5,4,220,220,27781,33891,33941,,6160,,50,,,,,,50
6555,70,416,4,0,0,0x04,21,0,15,23,12.000,15.000,3.000,4,3,220,220,27781,33941,33991,,6210,,50,,,,,,50
6556,70,416,4,0,0,0x04,21,0,14,22,11.667,14.000,2.333,3,3,220,220,27781,33991,34041,,6260,,50,,,,,,50
6557,70,416,4,0,0,0x04,21,0,13,21,11.333,13.000,1.667,3,2,220,220,27781,34041,34091,,6310,,50,,,,,,50
6558,70,416,4,0,0,0x04,21,0,11,21,10.667,11.000,0.333,2,1,220,220,27781,34091,34141,,6360,,50,,,,,,50
6559,70,416,4,0,0,0x04,21,0,11,21,10.667,11.000,0.333,1,1,220,220,27781,34141,34191,,6410,,50,,,,,,50
6560,70,416,4,0,0,0x04,20,0,9,20,9.667,9.000,-0.667,1,0,220,220,27781,34191,34241,,6460,,50,,,,,,50
6561,70,417,5,0,0,0x05,17,0,0,0,5.667,0.000,-5.667,-5,-5,220,220,34465,39291,39341,,4876,,50,,,,,,50
6562,70,417,5,0,0,0x05,17,0,0,0,5.667,0.000,-5.667,-5,-5,220,220,34465,39341,39391,,4926,,50,,,,,,50
6563,70,417,5,0,0,0x05,17,0,0,0,5.667,0.000,-5.667,-5,-5,220,220,34465,39391,39441,,4976,,50,,,,,,50
6564,70,417,5,0,0,0x05,17,0,0,0,5.667,0.000,-5.667,-5,-5,220,220,34465,39441,39491,,5026,,50,,,,,,50
6565,70,417,5,0,0,0x05,17,0,0,0,5.667,0.000,-5.667,-5,-5,220,220,34465,39491,39541,,5076,,50,,,,,,50
6566,70,417,5,0,0,0x05,17,0,0,0,5.667,0.000,-5.667,-5,-5,220,220,34465,39541,39591,,5126,,50,,,,,,50
6567,70,417,5,0,0,0x05,18,0,0,0,6.000,0.000,-6.000,-5,-6,220,220,34465,39591,39641,,5176,,50,,,,,,50
6568,70,417,5,0,0,0x05,17,0,0,0,5.667,0.000,-5.667,-6,-5,220,220,34465,39641,39691,,5226,,50,,,,,,50
6569,70,417,5,0,0,0x05,22,0,0,0,7.333,0.000,-7.333,-5,-7,220,220,34465,39691,39741,,5276,,50,,,,,,50
6570,70,417,5,0,0,0x05,17,0,0,0,5.667,0.000,-5.667,-7,-5,220,220,34465,39741,39791,,5326,,50,,,,,,50
6571,70,417,5,0,0,0x05,18,0,0,0,6.000,0.000,-6.000,-5,-6,220,220,34465,39791,39841,,5376,,50,,,,,,50
6572,70,417,5,0,0,0x05,18,0,0,0,6.000,0.000,-6.000,-6,-6,220,220,34465,39841,39891,,5426,,50,,,,,,50
6573,70,417,5,0,0,0x05,18,0,0,0,6.000,0.000,-6.000,-6,-6,220,220,34465,39891,39941,,5476,,50,,,,,,50
6574,70,417,5,0,0,0x05,18,0,0,0,6.000,0.000,-6.000,-6,-6,220,220,34465,39941,39991,,5526,,50,,,,,,50
6575,70,417,5,0,0,0x05,18,0,0,0,6.000,0.000,-6.000,-6,-6,220,220,34465,39991,40041,,5576,,50,,,,,,50
6576,70,417,5,0,0,0x05,18,0,0,0,6.000,0.000,-6.000,-6,-6,220,220,34465,40041,40091,,5626,,50,,,,,,50
6577,70,417,5,0,0,0x05,18,0,0,0,6.000,0.000,-6.000,-6,-6,220,220,34465,40091,40141,,5676,,50,,,,,,50
6578,70,417,5,0,0,0x05,18,0,0,0,6.000,0.000,-6.000,-6,-6,220,220,34465,40141,40191,,5726,,50,,,,,,50
6579,70,417,5,0,0,0x05,18,0,0,0,6.000,0.000,-6.000,-6,-6,220,220,34465,40191,40241,,5776,,50,,,,,,50
6580,70,417,5,0,0,0x05,18,0,0,0,6.000,0.000,-6.000,-6,-6,220,220,34465,40241,40291,,5826,,50,,,,,,50
6581,70,418,6,0,0,0x06,40,20,0,30,20.000,40.000,20.000,21,20,220,220,41129,46341,46391,,5262,,50,,,,,,50
6582,70,418,6,0,0,0x06,39,20,0,30,19.667,39.000,19.333,20,20,220,220,41129,46391,46441,,5312,,50,,,,,,50
6583,70,418,6,0,0,0x06,38,20,0,30,19.333,38.000,18.667,20,19,220,220,41129,46441,46491,,5362,,50,,,,,,50
6584,70,418,6,0,0,0x06,38,20,0,30,19.333,38.000,18.667,19,19,220,220,41129,46491,46541,,5412,,50,,,,,,50
6585,70,418,6,0,0,0x06,37,21,0,29,19.333,37.000,17.667,19,18,220,220,41129,46541,46591,,5462,,50,,,,,,50
6586,70,418,6,0,0,0x06,36,20,0,29,18.667,36.000,17.333,18,18,220,220,41129,46591,46641,,5512,,50,,,,,,50
6587,70,418,6,0,0,0x06,36,20,0,29,18.667,36.000,17.333,18,18,220,220,41129,46641,46691,,5562,,50,,,,,,50
6588,70,418,6,0,0,0x06,38,20,0,29,19.333,38.000,18.667,18,19,220,220,41129,46691,46741,,5612,,50,,,,,,50
6589,70,418,6,0,0,0x06,34,20,0,28,18.000,34.000,16.000,19,16,220,220,41129,46741,46791,,5662,,50,,,,,,50
6590,70,418,6,0,0,0x06,33,20,0,28,17.667,33.000,15.333,16,16,220,220,41129,46791,46841,,5712,,50,,,,,,50
6591,70,418,6,0,0,0x06,32,20,0,28,17.333,32.000,14.667,16,15,220,220,41129,46841,46891,,5762,,50,,,,,,50
6592,70,418,6,0,0,0x06,31,20,0,27,17.000,31.000,14.000,15,14,220,220,41129,46891,46941,,5812,,50,,,,,,50
6593,70,418,6,0,0,0x06,30,20,0,27,16.667,30.000,13.333,14,14,220,220,41129,46941,46991,,5862,,50,,,,,,50
6594,70,418,6,0,0,0x06,30,20,0,26,16.667,30.000,13.333,14,14,220,220,41129,46991,47041,,5912,,50,,,,,,50
6595,70,418,6,0,0,0x06,29,20,0,26,16.333,29.000,12.667,14,13,220,220,41129,47041,47091,,5962,,50,,,,,,50
6596,70,418,6,0,0,0x06,28,19,0,26,15.667,28.000,12.333,13,13,220,220,41129,47091,47141,,6012,,50,,,,,,50
6597,70,418,6,0,0,0x06,28,20,0,26,16.000,28.000,12.000,13,12,220,220,41129,47141,47191,,6062,,50,,,,,,50
6598,70,418,6,0,0,0x06,26,20,0,25,15.333,26.000,10.667,12,11,220,220,41129,47191,47241,,6112,,50,,,,,,50
6599,70,418,6,0,0,0x06,26,20,0,25,15.333,26.000,10.667,11,11,220,220,41129,47241,47291,,6162,,50,,,,,,50
6600,70,418,6,0,0,0x06,25,19,0,24,14.667,25.000,10.333,11,11,220,220,41129,47291,47341,,6212,,50,,,,,,50
6601,70,419,1,0,0,0x01,0,17,0,0,5.667,0.000,-5.667,-5,-5,220,220,47813,52391,52441,,4628,,50,,,,,,50
6602,70,419,1,0,0,0x01,0,17,0,0,5.667,0.000,-5.667,-5,-5,220,220,47813,52441,52491,,4678,,50,,,,,,50
6603,70,419,1,0,0,0x01,0,17,0,0,5.667,0.000,-5.667,-5,-5,220,220,47813,52491,52541,,4728,,50,,,,,,50
6604,70,419,1,0,0,0x01,0,17,0,0,5.667,0.000,-5.667,-5,-5,220,220,47813,52541,52591,,4778,,50,,,,,,50
6605,70,419,1,0,0,0x01,0,17,0,0,5.667,0.000,-5.667,-5,-5,220,220,47813,52591,52641,,4828,,50,,,,,,50
6606,70,419,1,0,0,0x01,0,17,0,0,5.667,0.000,-5.667,-5,-5,220,220,47813,52641,52691,,4878,,50,,,,,,50
6607,70,419,1,0,0,0x01,0,18,0,0,6.000,0.000,-6.000,-5,-6,220,220,47813,52691,52741,,4928,,50,,,,,,50
6608,70,419,1,0,0,0x01,0,18,0,0,6.000,0.000,-6.000,-6,-6,220,220,47813,52741,52791,,4978,,50,,,,,,50
6609,70,419,1,0,0,0x01,0,17,0,0,5.667,0.000,-5.667,-6,-5,220,220,47813,52791,52841,,5028,,50,,,,,,50
6610,70,419,1,0,0,0x01,0,18,0,0,6.000,0.000,-6.000,-5,-6,220,220,47813,52841,52891,,5078,,50,,,,,,50
6611,70,419,1,0,0,0x01,0,18,0,0,6.000,0.000,-6.000,-6,-6,220,220,47813,52891,52941,,5128,,50,,,,,,50
6612,70,419,1,0,0,0x01,0,18,0,1,6.000,0.000,-6.000,-6,-6,220,220,47813,52941,52991,,5178,,50,,,,,,50
6613,70,419,1,0,0,0x01,0,18,0,2,6.000,0.000,-6.000,-6,-6,220,220,47813,52991,53041,,5228,,50,,,,,,50
6614,70,419,1,0,0,0x01,0,18,0,2,6.000,0.000,-6.000,-6,-6,220,220,47813,53041,53091,,5278,,50,,,,,,50
6615,70,419,1,0,0,0x01,0,18,0,3,6.000,0.000,-6.000,-6,-6,220,220,47813,53091,53141,,5328,,50,,,,,,50
6616,70,419,1,0,0,0x01,0,18,0,3,6.000,0.000,-6.000,-6,-6,220,220,47813,53141,53191,,5378,,50,,,,,,50
6617,70,419,1,0,0,0x01,0,18,0,4,6.000,0.000,-6.000,-6,-6,220,220,47813,53191,53241,,5428,,50,,,,,,50
6618,70,419,1,0,0,0x01,0,18,0,4,6.000,0.000,-6.000,-6,-6,220,220,47813,53241,53291,,5478,,50,,,,,,50
6619,70,419,1,0,0,0x01,0,18,0,4,6.000,0.000,-6.000,-6,-6,220,220,47813,53291,53341,,5528,,50,,,,,,50
6620,70,420,2,0,0,0x02,0,14,18,22,10.667,14.000,3.333,2,3,220,220,54377,55391,55441,,1064,,50,,,,,,50
6621,70,420,2,0,0,0x02,3,58,21,38,27.333,58.000,30.667,32,31,220,220,54377,59441,59491,,5114,,50,,,,,,50
6622,70,420,2,0,0,0x02,3,57,21,38,27.000,57.000,30.000,31,30,220,220,54377,59491,59541,,5164,,50,,,,,,50
6623,70,420,2,0,0,0x02,3,58,21,38,27.333,58.000,30.667,30,31,220,220,54377,59541,59591,,5214,,50,,,,,,50
6624,70,420,2,0,0,0x02,3,57,21,37,27.000,57.000,30.000,31,30,220,220,54377,59591,59641,,5264,,50,,,,,,50
6625,70,420,2,0,0,0x02,3,56,21,37,26.667,56.000,29.333,30,30,220,220,54377,59641,59691,,5314,,50,,,,,,50
6626,70,420,2,0,0,0x02,7,56,21,38,28.000,56.000,28.000,30,28,220,220,54377,59691,59741,,5364,,50,,,,,,50
6627,70,420,2,0,0,0x02,3,56,20,37,26.333,56.000,29.667,28,30,220,220,54377,59741,59791,,5414,,50,,,,,,50
6628,70,420,2,0,0,0x02,3,55,21,37,26.333,55.000,28.667,30,29,220,220,54377,59791,59841,,5464,,50,,,,,,50
6629,70,420,2,0,0,0x02,3,54,21,37,26.000,54.000,28.000,29,28,220,220,54377,59841,59891,,5514,,50,,,,,,50
6630,70,420,2,0,0,0x02,3,54,21,36,26.000,54.000,28.000,28,28,220,220,54377,59891,59941,,5564,,50,,,,,,50
6631,70,420,2,0,0,0x02,3,53,21,36,25.667,53.000,27.333,28,28,220,220,54377,59941,59991,,5614,,50,,,,,,50
6632,70,420,2,0,0,0x02,3,52,20,35,25.000,52.000,27.000,28,27,220,220,54377,59991,60041,,5664,,50,,,,,,50
6633,70,420,2,0,0,0x02,3,52,20,36,25.000,52.000,27.000,27,27,220,220,54377,60041,60091,,5714,,50,,,,,,50
6634,70,420,2,0,0,0x02,3,52,20,36,25.000,52.000,27.000,27,27,220,220,54377,60091,60141,,5764,,50,,,,,,50
6635,70,420,2,0,0,0x02,3,51,20,35,24.667,51.000,26.333,27,27,220,220,54377,60141,60191,,5814,,50,,,,,,50
6636,70,420,2,0,0,0x02,2,50,20,35,24.000,50.000,26.000,27,26,220,220,54377,60191,60241,,5864,,50,,,,,,50
6637,70,420,2,0,0,0x02,3,50,20,35,24.333,50.000,25.667,26,26,220,220,54377,60241,60291,,5914,,50,,,,,,50
6638,70,420,2,0,0,0x02,2,49,20,34,23.667,49.000,25.333,26,26,220,220,54377,60291,60341,,5964,,50,,,,,,50
6639,70,420,2,0,0,0x02,3,48,20,34,23.667,48.000,24.333,26,25,220,220,54377,60341,60391,,6014,,50,,,,,,50
6640,70,420,2,0,0,0x02,2,48,20,34,23.333,48.000,24.667,25,25,220,220,54377,60391,60441,,6064,,50,,,,,,50
6641,71,421,3,0,0,0x03,0,0,16,4,5.333,0.000,-5.333,-5,-5,220,220,60961,65491,5,,4580,,50,,,,,,50
6642,71,421,3,0,0,0x03,0,0,16,4,5.333,0.000,-5.333,-5,-5,220,220,60961,5,55,,4630,,50,,,,,,50
6643,71,421,3,0,0,0x03,0,0,16,5,5.333,0.000,-5.333,-5,-5,220,220,60961,55,105,,4680,,50,,,,,,50
6644,71,421,3,0,0,0x03,0,0,16,5,5.333,0.000,-5.333,-5,-5,220,220,60961,105,155,,4730,,50,,,,,,50
6645,71,421,3,0,0,0x03,0,0,16,6,5.333,0.000,-5.333,-5,-5,220,220,60961,155,205,,4780,,50,,,,,,50
6646,71,421,3,0,0,0x03,0,0,16,5,5.333,0.000,-5.333,-5,-5,220,220,60961,205,2305,,6880,,2100,,,,,,50
6647,71,421,3,0,0,0x03,0,0,16,5,5.333,0.000,-5.333,-5,-5,220,220,60961,255,305,,4880,,50,,,,,,50
6648,71,421,3,0,0,0x03,0,0,16,6,5.333,0.000,-5.333,-5,-5,220,220,1990,2355,2405,,415,,50,,,,,,50
6649,71,421,3,0,0,0x03,0,0,16,6,5.333,0.000,-5.333,-5,-5,220,220,60961,355,405,,4980,,50,,,,,,50
6650,71,421,3,0,0,0x03,0,0,16,7,5.333,0.000,-5.333,-6,-7,220,220,1990,2455,2505,,515,,50,,,,,,50
6651,71,422,4,0,0,0x04,0,0,16,16,5.333,16.000,10.667,-7,-6,220,220,1990,2505,2555,,565,,50,,,,,,50
6652,71,422,4,0,0,0x04,0,0,16,7,5.333,16.000,10.667,-6,-6,220,220,1990,2555,2605,,615,,50,,,,,,50
6653,71,422,4,0,0,0x04,20,0,2,18,7.333,2.000,-5.333,-6,-5,220,220,1990,2605,2655,,665,,50,,,,,,50
6654,71,422,4,0,0,0x04,0,0,16,18,5.333,16.000,10.667,-5,-5,220,220,1990,2655,2705,,715,,50,,,,,,50
6655,71,422,4,0,0,0x04,21,0,4,18,8.333,4.000,-4.333,-5,-4,220,220,1990,2705,2755,,765,,50,,,,,,50
6656,71,422,4,0,0,0x04,21,0,6,20,9.000,6.000,-3.000,-4,-3,220,220,1990,2755,2805,,815,,50,,,,,,50
6657,71,422,4,0,0,0x04,21,0,8,20,9.667,8.000,-1.667,-3,-1,220,220,1990,2805,2855,,865,,50,,,,,,50
6658,71,422,4,0,0,0x04,21,0,8,21,9.667,8.000,-1.667,-1,-1,220,220,1990,2855,2905,,915,,50,,,,,,50
6659,71,422,4,0,0,0x04,21,0,10,21,10.333,10.000,-0.333,-1,0,220,220,1990,2905,2955,,965,,50,,,,,,50
6660,71,422,4,0,0,0x04,21,0,13,22,11.333,13.000,1.667,0,2,220,220,1990,2955,3005,,1015,,50,,,,,,50
6661,71,422,4,0,0,0x04,24,0,57,38,27.000,57.000,30.000,31,30,220,220,1990,7005,7055,,5065,,50,,,,,,50
6662,71,422,4,0,0,0x04,24,0,56,37,26.667,56.000,29.333,30,30,220,220,1990,7055,7105,,5115,,50,,,,,,50
6663,71,422,4,0,0,0x04,24,0,55,38,26.333,55.000,28.667,30,29,220,220,1990,7105,7155,,5165,,50,,,,,,50
6664,71,422,4,0,0,0x04,28,0,54,38,27.333,54.000,26.667,29,27,220,220,1990,7155,7205,,5215,,50,,,,,,50
6665,71,422,4,0,0,0x04,24,0,53,37,25.667,53.000,27.333,27,28,220,220,1990,7205,7255,,5265,,50,,,,,,50
6666,71,422,4,0,0,0x04,24,0,52,36,25.333,52.000,26.667,28,27,220,220,1990,7255,7305,,5315,,50,,,,,,50
6667,71,422,4,0,0,0x04,24,0,51,36,25.000,51.000,26.000,27,26,220,220,1990,7305,7355,,5365,,50,,,,,,50
6668,71,422,4,0,0,0x04,24,0,51,36,25.000,51.000,26.000,26,26,220,220,1990,7355,7405,,5415,,50,,,,,,50
6669,71,422,4,0,0,0x04,24,0,49,35,24.333,49.000,24.667,26,25,220,220,1990,7405,7455,,5465,,50,,,,,,50
6670,71,422,4,0,0,0x04,24,0,48,35,24.000,48.000,24.000,25,24,220,220,1990,7455,7505,,5515,,50,,,,,,50
6671,71,422,4,0,0,0x04,24,0,48,34,24.000,48.000,24.000,24,24,220,220,1990,7505,7555,,5565,,50,,,,,,50
6672,71,422,4,0,0,0x04,23,0,47,34,23.333,47.000,23.667,24,24,220,220,1990,7555,7605,,5615,,50,,,,,,50
6673,71,422,4,0,0,0x04,23,0,45,33,22.667,45.000,22.333,24,23,220,220,1990,7605,7655,,5665,,50,,,,,,50
6674,71,422,4,0,0,0x04,24,0,44,34,22.667,44.000,21.333,23,22,220,220,1990,7655,7705,,5715,,50,,,,,,50
6675,71,422,4,0,0,0x04,24,0,44,33,22.667,44.000,21.333,22,22,220,220,1990,7705,7755,,5765,,50,,,,,,50
6676,71,422,4,0,0,0x04,23,0,42,33,21.667,42.000,20.333,22,21,220,220,1990,7755,7805,,5815,,50,,,,,,50
6677,71,422,4,0,0,0x04,23,0,41,32,21.333,41.000,19.667,21,20,220,220,1990,7805,7855,,5865,,50,,,,,,50
6678,71,422,4,0,0,0x04,23,0,40,32,21.000,40.000,19.000,20,19,220,220,1990,7855,7905,,5915,,50,,,,,,50
6679,71,422,4,0,0,0x04,23,0,39,32,20.667,39.000,18.333,19,19,220,220,1990,7905,7955,,5965,,50,,,,,,50
6680,71,422,4,0,0,0x04,23,0,38,31,20.333,38.000,17.667,19,18,220,220,1990,7955,8005,,6015,,50,,,,,,50
6681,71,423,5,0,0,0x05,19,0,0,4,6.333,0.000,-6.333,-6,-6,220,220,8574,14055,14105,,5531,,50,,,,,,50
6682,71,423,5,0,0,0x05,19,0,0,5,6.333,0.000,-6.333,-6,-6,220,220,8574,14105,14155,,5581,,50,,,,,,50
6683,71,423,5,0,0,0x05,23,0,0,6,7.667,0.000,-7.667,-6,-7,220,220,8574,14155,14205,,5631,,50,,,,,,50
6684,71,423,5,0,0,0x05,19,0,0,6,6.333,0.000,-6.333,-7,-6,220,220,8574,14205,14255,,5681,,50,,,,,,50
6685,71,423,5,0,0,0x05,19,0,0,6,6.333,0.000,-6.333,-6,-6,220,220,8574,14255,14305,,5731,,50,,,,,,50
6686,71,423,5,0,0,0x05,19,0,0,6,6.333,0.000,-6.333,-6,-6,220,220,8574,14305,14355,,5781,,50,,,,,,50
6687,71,423,5,0,0,0x05,19,0,0,7,6.333,0.000,-6.333,-6,-6,220,220,8574,14355,14405,,5831,,50,,,,,,50
6688,71,423,5,0,0,0x05,19,0,0,7,6.333,0.000,-6.333,-6,-6,220,220,8574,14405,14455,,5881,,50,,,,,,50
6689,71,423,5,0,0,0x05,19,0,0,8,6.333,0.000,-6.333,-6,-6,220,220,8574,14455,14505,,5931,,50,,,,,,50
6690,71,423,5,0,0,0x05,19,0,0,8,6.333,0.000,-6.333,-6,-6,220,220,8574,14505,14555,,5981,,50,,,,,,50
6691,71,423,5,0,0,0x05,20,0,0,8,6.667,0.000,-6.667,-6,-6,220,220,8574,14555,14605,,6031,,50,,,,,,50
6692,71,423,5,0,0,0x05,19,0,0,8,6.333,0.000,-6.333,-6,-6,220,220,8574,14605,14655,,6081,,50,,,,,,50
6693,71,423,5,0,0,0x05,19,0,0,9,6.333,0.000,-6.333,-6,-6,220,220,8574,14655,14705,,6131,,50,,,,,,50
6694,71,423,5,0,0,0x05,19,0,0,9,6.333,0.000,-6.333,-6,-6,220,220,8574,14705,14755,,6181,,50,,,,,,50
6695,71,423,5,0,0,0x05,19,0,0,9,6.333,0.000,-6.333,-6,-6,220,220,8574,14755,14805,,6231,,50,,,,,,50
6696,71,423,5,0,0,0x05,19,0,0,10,6.333,0.000,-6.333,-6,-6,220,220,8574,14805,14855,,6281,,50,,,,,,50
6697,71,423,5,0,0,0x05,19,0,0,11,6.333,0.000,-6.333,-6,-6,220,220,8574,14855,14905,,6331,,50,,,,,,50
6698,71,423,5,0,0,0x05,19,0,0,10,6.333,0.000,-6.333,-6,-6,220,220,8574,14905,14955,,6381,,50,,,,,,50
6699,71,423,5,0,0,0x05,19,0,0,11,6.333,0.000,-6.333,-6,-6,220,220,8574,14955,15005,,6431,,50,,,,,,50
6700,71,423,5,0,0,0x05,19,0,0,11,6.333,0.000,-6.333,-6,-6,220,220,8574,15005,15055,,6481,,50,,,,,,50
6701,71,424,6,0,0,0x06,52,21,0,35,24.333,52.000,27.667,28,28,220,220,15139,20105,20155,,5016,,50,,,,,,50
6702,71,424,6,0,0,0x06,55,22,0,35,25.667,55.000,29.333,28,30,220,220,15139,20155,20205,,5066,,50,,,,,,50
6703,71,424,6,0,0,0x06,50,21,0,34,23.667,50.000,26.333,30,27,220,220,15139,20205,20255,,5116,,50,,,,,,50
6704,71,424,6,0,0,0x06,49,21,0,34,23.333,49.000,25.667,27,26,220,220,15139,20255,20305,,5166,,50,,,,,,50
6705,71,424,6,0,0,0x06,48,21,0,34,23.000,48.000,25.000,26,25,220,220,15139,20305,20355,,5216,,50,,,,,,50
6706,71,424,6,0,0,0x06,47,21,0,33,22.667,47.000,24.333,25,25,220,220,15139,20355,20405,,5266,,50,,,,,,50
6707,71,424,6,0,0,0x06,46,21,0,33,22.333,46.000,23.667,25,24,220,220,15139,20405,20455,,5316,,50,,,,,,50
6708,71,424,6,0,0,0x06,46,21,0,32,22.333,46.000,23.667,24,24,220,220,15139,20455,20505,,5366,,50,,,,,,50
6709,71,424,6,0,0,0x06,44,21,0,32,21.667,44.000,22.333,24,23,220,220,15139,20505,20555,,5416,,50,,,,,,50
6710,71,424,6,0,0,0x06,43,21,0,32,21.333,43.000,21.667,23,22,220,220,15139,20555,20605,,5466,,50,,,,,,50
6711,71,424,6,0,0,0x06,42,21,0,31,21.000,42.000,21.000,22,21,220,220,15139,20605,20655,,5516,,50,,,,,,50
6712,71,424,6,0,0,0x06,42,20,0,30,20.667,42.000,21.333,21,22,220,220,15139,20655,20705,,5566,,50,,,,,,50
6713,71,424,6,0,0,0x06,40,21,0,30,20.333,40.000,19.667,22,20,220,220,15139,20705,20755,,5616,,50,,,,,,50
6714,71,424,6,0,0,0x06,39,20,0,30,19.667,39.000,19.333,20,20,220,220,15139,20755,20805,,5666,,50,,,,,,50
6715,71,424,6,0,0,0x06,38,20,0,30,19.333,38.000,18.667,20,19,220,220,15139,20805,20855,,5716,,50,,,,,,50
6716,71,424,6,0,0,0x06,37,20,0,29,19.000,37.000,18.000,19,18,220,220,15139,20855,20905,,5766,,50,,,,,,50
6717,71,424,6,0,0,0x06,36,20,0,29,18.667,36.000,17.333,18,18,220,220,15139,20905,20955,,5816,,50,,,,,,50
6718,71,424,6,0,0,0x06,35,20,0,29,18.333,35.000,16.667,18,17,220,220,15139,20955,21005,,5866,,50,,,,,,50
6719,71,424,6,0,0,0x06,34,21,0,28,18.333,34.000,15.667,17,16,220,220,15139,21005,21055,,5916,,50,,,,,,50
6720,71,424,6,0,0,0x06,33,20,0,28,17.667,33.000,15.333,16,16,220,220,15139,21055,21105,,5966,,50,,,,,,50
6721,71,425,1,0,0,0x01,2,18,0,7,6.667,0.000,-6.667,-6,-6,220,220,21724,27155,27205,,5481,,50,,,,,,50
6722,71,425,1,0,0,0x01,0,18,0,7,6.000,0.000,-6.000,-6,-6,220,220,21724,27205,27255,,5531,,50,,,,,,50
6723,71,425,1,0,0,0x01,0,18,0,7,6.000,0.000,-6.000,-6,-6,220,220,21724,27255,27305,,5581,,50,,,,,,50
6724,71,425,1,0,0,0x01,0,18,0,8,6.000,0.000,-6.000,-6,-6,220,220,21724,27305,27355,,5631,,50,,,,,,50
6725,71,425,1,0,0,0x01,0,18,0,8,6.000,0.000,-6.000,-6,-6,220,220,21724,27355,27405,,5681,,50,,,,,,50
6726,71,425,1,0,0,0x01,0,18,0,8,6.000,0.000,-6.000,-6,-6,220,220,21724,27405,27455,,5731,,50,,,,,,50
6727,71,425,1,0,0,0x01,0,18,0,9,6.000,0.000,-6.000,-6,-6,220,220,21724,27455,27505,,5781,,50,,,,,,50
6728,71,425,1,0,0,0x01,0,18,0,9,6.000,0.000,-6.000,-6,-6,220,220,21724,27505,27555,,5831,,50,,,,,,50
6729,71,425,1,0,0,0x01,0,18,0,9,6.000,0.000,-6.000,-6,-6,220,220,21724,27555,27605,,5881,,50,,,,,,50
6730,71,425,1,0,0,0x01,0,19,0,10,6.333,0.000,-6.333,-6,-6,220,220,21724,27605,27655,,5931,,50,,,,,,50
6731,71,425,1,0,0,0x01,0,18,0,10,6.000,0.000,-6.000,-6,-6,220,220,21724,27655,27705,,5981,,50,,,,,,50
6732,71,425,1,0,0,0x01,0,18,0,10,6.000,0.000,-6.000,-6,-6,220,220,21724,27705,27755,,6031,,50,,,,,,50
6733,71,425,1,0,0,0x01,0,18,0,11,6.000,0.000,-6.000,-6,-6,220,220,21724,27755,27805,,6081,,50,,,,,,50
6734,71,425,1,0,0,0x01,0,18,0,11,6.000,0.000,-6.000,-6,-6,220,220,21724,27805,27855,,6131,,50,,,,,,50
6735,71,425,1,0,0,0x01,0,19,0,12,6.333,0.000,-6.333,-6,-6,220,220,21724,27855,27905,,6181,,50,,,,,,50
6736,71,425,1,0,0,0x01,0,19,0,12,6.333,0.000,-6.333,-6,-6,220,220,21724,27905,27955,,6231,,50,,,,,,50
6737,71,425,1,0,0,0x01,0,18,0,12,6.000,0.000,-6.000,-6,-6,220,220,21724,27955,28005,,6281,,50,,,,,,50
6738,71,425,1,0,0,0x01,0,19,0,13,6.333,0.000,-6.333,-6,-6,220,220,21724,28005,28055,,6331,,50,,,,,,50
6739,71,425,1,0,0,0x01,0,19,0,13,6.333,0.000,-6.333,-6,-6,220,220,21724,28055,28105,,6381,,50,,,,,,50
6740,71,425,1,0,0,0x01,0,18,0,13,6.000,0.000,-6.000,-6,-6,220,220,21724,28105,28155,,6431,,50,,,,,,50
6741,71,426,2,0,0,0x02,4,72,22,43,32.667,72.000,39.333,39,40,220,220,28288,33205,33255,,4967,,50,,,,,,50
6742,71,426,2,0,0,0x02,3,72,22,43,32.333,72.000,39.667,40,40,220,220,28288,33255,33305,,5017,,50,,,,,,50
6743,71,426,2,0,0,0x02,4,71,22,42,32.333,71.000,38.667,40,39,220,220,28288,33305,33355,,5067,,50,,,,,,50
6744,71,426,2,0,0,0x02,3,70,22,42,31.667,70.000,38.333,39,39,220,220,28288,33355,33405,,5117,,50,,,,,,50
6745,71,426,2,0,0,0x02,3,70,22,42,31.667,70.000,38.333,39,39,220,220,28288,33405,33455,,5167,,50,,,,,,50
6746,71,426,2,0,0,0x02,3,68,22,42,31.000,68.000,37.000,39,37,220,220,28288,33455,33505,,5217,,50,,,,,,50
6747,71,426,2,0,0,0x02,3,67,22,41,30.667,67.000,36.333,37,37,220,220,28288,33505,33555,,5267,,50,,,,,,50
6748,71,426,2,0,0,0x02,3,66,21,41,30.000,66.000,36.000,37,36,220,220,28288,33555,33605,,5317,,50,,,,,,50
6749,71,426,2,0,0,0x02,3,66,22,41,30.333,66.000,35.667,36,36,220,220,28288,33605,33655,,5367,,50,,,,,,50
6750,71,426,2,0,0,0x02,2,65,22,40,29.667,65.000,35.333,36,36,220,220,28288,33655,33705,,5417,,50,,,,,,50
6751,71,426,2,0,0,0x02,3,64,22,40,29.667,64.000,34.333,36,35,220,220,28288,33705,33755,,5467,,50,,,,,,50
6752,71,426,2,0,0,0x02,3,62,21,39,28.667,62.000,33.333,35,34,220,220,28288,33755,33805,,5517,,50,,,,,,50
6753,71,426,2,0,0,0x02,3,62,22,39,29.000,62.000,33.000,34,33,220,220,28288,33805,33855,,5567,,50,,,,,,50
6754,71,426,2,0,0,0x02,3,61,22,39,28.667,61.000,32.333,33,33,220,220,28288,33855,33905,,5617,,50,,,,,,50
6755,71,426,2,0,0,0x02,3,60,21,39,28.000,60.000,32.000,33,32,220,220,28288,33905,33955,,5667,,50,,,,,,50
6756,71,426,2,0,0,0x02,3,58,21,38,27.333,58.000,30.667,32,31,220,220,28288,33955,34005,,5717,,50,,,,,,50
6757,71,426,2,0,0,0x02,3,58,21,38,27.333,58.000,30.667,31,31,220,220,28288,34005,34055,,5767,,50,,,,,,50
6758,71,426,2,0,0,0x02,3,57,21,37,27.000,57.000,30.000,31,30,220,220,28288,34055,34105,,5817,,50,,,,,,50
6759,71,426,2,0,0,0x02,2,56,21,37,26.333,56.000,29.667,30,30,220,220,28288,34105,34155,,5867,,50,,,,,,50
6760,71,426,2,0,0,0x02,7,55,21,37,27.667,55.000,27.333,30,28,220,220,28288,34155,34205,,5917,,50,,,,,,50
6761,72,427,3,0,0,0x03,0,0,16,9,5.333,0.000,-5.333,-5,-5,220,220,34852,40255,40305,,5453,,50,,,,,,50
6762,72,427,3,0,0,0x03,0,0,17,9,5.667,0.000,-5.667,-5,-5,220,220,34852,40305,40355,,5503,,50,,,,,,50
6763,72,427,3,0,0,0x03,0,0,17,10,5.667,0.000,-5.667,-5,-5,220,220,34852,40355,40405,,5553,,50,,,,,,50
6764,72,427,3,0,0,0x03,0,0,17,10,5.667,0.000,-5.667,-5,-5,220,220,34852,40405,40455,,5603,,50,,,,,,50
6765,72,427,3,0,0,0x03,0,0,17,11,5.667,0.000,-5.667,-5,-5,220,220,34852,40455,40505,,5653,,50,,,,,,50
6766,72,427,3,0,0,0x03,0,0,17,11,5.667,0.000,-5.667,-5,-5,220,220,34852,40505,40555,,5703,,50,,,,,,50
6767,72,427,3,0,0,0x03,0,0,17,11,5.667,0.000,-5.667,-5,-5,220,220,34852,40555,40605,,5753,,50,,,,,,50
6768,72,427,3,0,0,0x03,0,0,17,11,5.667,0.000,-5.667,-5,-5,220,220,34852,40605,40655,,5803,,50,,,,,,50
6769,72,427,3,0,0,0x03,0,0,17,12,5.667,0.000,-5.667,-5,-5,220,220,34852,40655,40705,,5853,,50,,,,,,50
6770,72,427,3,0,0,0x03,0,0,17,12,5.667,0.000,-5.667,-5,-5,220,220,34852,40705,40755,,5903,,50,,,,,,50
6771,72,427,3,0,0,0x03,0,0,17,12,5.667,0.000,-5.667,-5,-5,220,220,34852,40755,40805,,5953,,50,,,,,,50
6772,72,427,3,0,0,0x03,0,0,17,12,5.667,0.000,-5.667,-5,-5,220,220,34852,40805,40855,,6003,,50,,,,,,50
6773,72,427,3,0,0,0x03,0,0,17,13,5.667,0.000,-5.667,-5,-5,220,220,34852,40855,40905,,6053,,50,,,,,,50
6774,72,427,3,0,0,0x03,0,0,17,13,5.667,0.000,-5.667,-5,-5,220,220,34852,40905,40955,,6103,,50,,,,,,50
6775,72,427,3,0,0,0x03,0,0,17,14,5.667,0.000,-5.667,-5,-5,220,220,34852,40955,41005,,6153,,50,,,,,,50
6776,72,427,3,0,0,0x03,0,0,17,14,5.667,0.000,-5.667,-5,-5,220,220,34852,41005,41055,,6203,,50,,,,,,50
6777,72,427,3,0,0,0x03,0,0,17,14,5.667,0.000,-5.667,-5,-5,220,220,34852,41055,41105,,6253,,50,,,,,,50
6778,72,427,3,0,0,0x03,0,0,17,14,5.667,0.000,-5.667,-5,-5,220,220,34852,41105,41155,,6303,,50,,,,,,50
6779,72,427,3,0,0,0x03,0,0,16,15,5.333,0.000,-5.333,-5,-5,220,220,34852,41155,41205,,6353,,50,,,,,,50
6780,72,427,3,0,0,0x03,0,0,17,14,5.667,0.000,-5.667,-5,-5,220,220,34852,41205,41255,,6403,,50,,,,,,50
6781,72,428,4,0,0,0x04,24,0,50,36,24.667,50.000,25.333,26,26,220,220,41435,46305,46355,,4920,,50,,,,,,50
6782,72,428,4,0,0,0x04,24,0,49,35,24.333,49.000,24.667,26,25,220,220,41435,46355,46405,,4970,,50,,,,,,50
6783,72,428,4,0,0,0x04,24,0,48,35,24.000,48.000,24.000,25,24,220,220,41435,46405,46455,,5020,,50,,,,,,50
6784,72,428,4,0,0,0x04,24,0,47,34,23.667,47.000,23.333,24,24,220,220,41435,46455,46505,,5070,,50,,,,,,50
6785,72,428,4,0,0,0x04,24,0,46,34,23.333,46.000,22.667,24,23,220,220,41435,46505,46555,,5120,,50,,,,,,50
6786,72,428,4,0,0,0x04,23,0,44,33,22.333,44.000,21.667,23,22,220,220,41435,46555,46605,,5170,,50,,,,,,50
6787,72,428,4,0,0,0x04,23,0,44,34,22.333,44.000,21.667,22,22,220,220,41435,46605,46655,,5220,,50,,,,,,50
6788,72,428,4,0,0,0x04,23,0,43,33,22.000,43.000,21.000,22,21,220,220,41435,46655,46705,,5270,,50,,,,,,50
6789,72,428,4,0,0,0x04,23,0,41,32,21.333,41.000,19.667,21,20,220,220,41435,46705,46755,,5320,,50,,,,,,50
6790,72,428,4,0,0,0x04,23,0,40,32,21.000,40.000,19.000,20,19,220,220,41435,46755,46805,,5370,,50,,,,,,50
6791,72,428,4,0,0,0x04,23,0,39,32,20.667,39.000,18.333,19,19,220,220,41435,46805,46855,,5420,,50,,,,,,50
6792,72,428,4,0,0,0x04,23,0,38,32,20.333,38.000,17.667,19,18,220,220,41435,46855,46905,,5470,,50,,,,,,50
6793,72,428,4,0,0,0x04,23,0,37,31,20.000,37.000,17.000,18,17,220,220,41435,46905,46955,,5520,,50,,,,,,50
6794,72,428,4,0,0,0x04,22,0,36,30,19.333,36.000,16.667,17,17,220,220,41435,46955,47005,,5570,,50,,,,,,50
6795,72,428,4,0,0,0x04,23,0,35,30,19.333,35.000,15.667,17,16,220,220,41435,47005,47055,,5620,,50,,,,,,50
6796,72,428,4,0,0,0x04,22,0,34,30,18.667,34.000,15.333,16,16,220,220,41435,47055,47105,,5670,,50,,,,,,50
6797,72,428,4,0,0,0x04,22,0,33,29,18.333,33.000,14.667,16,15,220,220,41435,47105,47155,,5720,,50,,,,,,50
6798,72,428,4,0,0,0x04,27,0,32,29,19.667,32.000,12.333,15,13,220,220,41435,47155,47205,,5770,,50,,,,,,50
6799,72,428,4,0,0,0x04,22,0,31,28,17.667,31.000,13.333,13,14,220,220,41435,47205,47255,,5820,,50,,,,,,50
6800,72,428,4,0,0,0x04,22,0,30,27,17.333,30.000,12.667,14,13,220,220,41435,47255,47305,,5870,,50,,,,,,50
6801,72,429,5,0,0,0x05,18,0,0,0,6.000,0.000,-6.000,-6,-6,220,220,47999,53355,53405,,5406,,50,,,,,,50
6802,72,429,5,0,0,0x05,18,0,0,0,6.000,0.000,-6.000,-6,-6,220,220,47999,53405,53455,,5456,,50,,,,,,50
6803,72,429,5,0,0,0x05,18,0,0,0,6.000,0.000,-6.000,-6,-6,220,220,47999,53455,53505,,5506,,50,,,,,,50
6804,72,429,5,0,0,0x05,18,0,0,0,6.000,0.000,-6.000,-6,-6,220,220,47999,53505,53555,,5556,,50,,,,,,50
6805,72,429,5,0,0,0x05,18,0,0,0,6.000,0.000,-6.000,-6,-6,220,220,47999,53555,53605,,5606,,50,,,,,,50
6806,72,429,5,0,0,0x05,18,0,0,0,6.000,0.000,-6.000,-6,-6,220,220,47999,53605,53655,,5656,,50,,,,,,50
6807,72,429,5,0,0,0x05,18,0,0,0,6.000,0.000,-6.000,-6,-6,220,220,47999,53655,53705,,5706,,50,,,,,,50
6808,72,429,5,0,0,0x05,18,0,0,0,6.000,0.000,-6.000,-6,-6,220,220,47999,53705,53755,,5756,,50,,,,,,50
6809,72,429,5,0,0,0x05,18,0,0,0,6.000,0.000,-6.000,-6,-6,220,220,47999,53755,53805,,5806,,50,,,,,,50
6810,72,429,5,0,0,0x05,18,0,0,0,6.000,0.000,-6.000,-6,-6,220,220,47999,53805,53855,,5856,,50,,,,,,50
6811,72,429,5,0,0,0x05,19,0,0,1,6.333,0.000,-6.333,-6,-6,220,220,47999,53855,53905,,5906,,50,,,,,,50
6812,72,429,5,0,0,0x05,18,0,0,1,6.000,0.000,-6.000,-6,-6,220,220,47999,53905,53955,,5956,,50,,,,,,50
6813,72,429,5,0,0,0x05,19,0,0,2,6.333,0.000,-6.333,-6,-6,220,220,47999,53955,54005,,6006,,50,,,,,,50
6814,72,429,5,0,0,0x05,18,0,0,2,6.000,0.000,-6.000,-6,-6,220,220,47999,54005,54055,,6056,,50,,,,,,50
6815,72,429,5,0,0,0x05,18,0,0,2,6.000,0.000,-6.000,-6,-6,220,220,47999,54055,54105,,6106,,50,,,,,,50
6816,72,429,5,0,0,0x05,18,0,0,2,6.000,0.000,-6.000,-6,-6,220,220,47999,54105,54155,,6156,,50,,,,,,50
6817,72,429,5,0,0,0x05,23,0,0,3,7.667,0.000,-7.667,-6,-7,220,220,47999,54155,54205,,6206,,50,,,,,,50
6818,72,429,5,0,0,0x05,19,0,0,3,6.333,0.000,-6.333,-7,-6,220,220,47999,54205,54255,,6256,,50,,,,,,50
6819,72,429,5,0,0,0x05,19,0,0,3,6.333,0.000,-6.333,-6,-6,220,220,47999,54255,54305,,6306,,50,,,,,,50
6820,72,429,5,0,0,0x05,19,0,0,4,6.333,0.000,-6.333,-6,-6,220,220,47999,54305,54355,,6356,,50,,,,,,50
6821,72,430,6,0,0,0x06,44,21,0,32,21.667,44.000,22.333,23,23,220,220,54583,59405,59455,,4872,,50,,,,,,50
6822,72,430,6,0,0,0x06,43,21,0,31,21.333,43.000,21.667,23,22,220,220,54583,59455,59505,,4922,,50,,,,,,50
6823,72,430,6,0,0,0x06,42,21,0,31,21.000,42.000,21.000,22,21,220,220,54583,59505,59555,,4972,,50,,,,,,50
6824,72,430,6,0,0,0x06,41,21,0,31,20.667,41.000,20.333,21,21,220,220,54583,59555,59605,,5022,,50,,,,,,50
6825,72,430,6,0,0,0x06,41,21,0,30,20.667,41.000,20.333,21,21,220,220,54583,59605,59655,,5072,,50,,,,,,50
6826,72,430,6,0,0,0x06,39,21,0,30,20.000,39.000,19.000,21,19,220,220,54583,59655,59705,,5122,,50,,,,,,50
6827,72,430,6,0,0,0x06,38,21,0,29,19.667,38.000,18.333,19,19,220,220,54583,59705,59755,,5172,,50,,,,,,50
6828,72,430,6,0,0,0x06,38,20,0,30,19.333,38.000,18.667,19,19,220,220,54583,59755,59805,,5222,,50,,,,,,50
6829,72,430,6,0,0,0x06,36,20,0,29,18.667,36.000,17.333,19,18,220,220,54583,59805,59855,,5272,,50,,,,,,50
6830,72,430,6,0,0,0x06,35,20,0,28,18.333,35.000,16.667,18,17,220,220,54583,59855,59905,,5322,,50,,,,,,50
6831,72,430,6,0,0,0x06,34,21,0,28,18.333,34.000,15.667,17,16,220,220,54583,59905,59955,,5372,,50,,,,,,50
6832,72,430,6,0,0,0x06,33,20,0,28,17.667,33.000,15.333,16,16,220,220,54583,59955,60005,,5422,,50,,,,,,50
6833,72,430,6,0,0,0x06,32,20,0,28,17.333,32.000,14.667,16,15,220,220,54583,60005,60055,,5472,,50,,,,,,50
6834,72,430,6,0,0,0x06,31,20,0,27,17.000,31.000,14.000,15,14,220,220,54583,60055,60105,,5522,,50,,,,,,50
6835,72,430,6,0,0,0x06,30,20,0,27,16.667,30.000,13.333,14,14,220,220,54583,60105,60155,,5572,,50,,,,,,50
6836,72,430,6,0,0,0x06,34,20,0,27,18.000,34.000,16.000,14,16,220,220,54583,60155,60205,,5622,,50,,,,,,50
6837,72,430,6,0,0,0x06,28,20,0,26,16.000,28.000,12.000,16,12,220,220,54583,60205,60255,,5672,,50,,,,,,50
6838,72,430,6,0,0,0x06,27,19,0,26,15.333,27.000,11.667,12,12,220,220,54583,60255,60305,,5722,,50,,,,,,50
6839,72,430,6,0,0,0x06,26,19,0,25,15.000,26.000,11.000,12,11,220,220,54583,60305,60355,,5772,,50,,,,,,50
6840,72,430,6,0,0,0x06,26,19,0,25,15.000,26.000,11.000,11,11,220,220,54583,60355,60405,,5822,,50,,,,,,50
6841,72,431,1,0,0,0x01,0,18,0,4,6.000,0.000,-6.000,-6,-6,220,220,61147,919,969,,5358,,50,,,,,,50
6842,72,431,1,0,0,0x01,0,18,0,5,6.000,0.000,-6.000,-6,-6,220,220,61147,969,1019,,5408,,50,,,,,,50
6843,72,431,1,0,0,0x01,0,18,0,5,6.000,0.000,-6.000,-6,-6,220,220,61147,1019,1069,,5458,,50,,,,,,50
6844,72,431,1,0,0,0x01,0,18,0,5,6.000,0.000,-6.000,-6,-6,220,220,61147,1069,1119,,5508,,50,,,,,,50
6845,72,431,1,0,0,0x01,0,18,0,6,6.000,0.000,-6.000,-6,-6,220,220,61147,1119,1169,,5558,,50,,,,,,50
6846,72,431,1,0,0,0x01,0,18,0,6,6.000,0.000,-6.000,-6,-6,220,220,61147,1169,1219,,5608,,50,,,,,,50
6847,72,431,1,0,0,0x01,0,18,0,7,6.000,0.000,-6.000,-6,-6,220,220,61147,1219,1269,,5658,,50,,,,,,50
6848,72,431,1,0,0,0x01,0,18,0,7,6.000,0.000,-6.000,-6,-6,220,220,61147,1269,1319,,5708,,50,,,,,,50
6849,72,431,1,0,0,0x01,0,18,0,8,6.000,0.000,-6.000,-6,-6,220,220,61147,1319,1369,,5758,,50,,,,,,50
6850,72,431,1,0,0,0x01,0,18,0,8,6.000,0.000,-6.000,-6,-6,220,220,61147,1369,1419,,5808,,50,,,,,,50
6851,72,431,1,0,0,0x01,0,18,0,9,6.000,0.000,-6.000,-6,-6,220,220,61147,1419,1469,,5858,,50,,,,,,50
6852,72,431,1,0,0,0x01,0,19,0,9,6.333,0.000,-6.333,-6,-6,220,220,61147,1469,1519,,5908,,50,,,,,,50
6853,72,431,1,0,0,0x01,0,18,0,10,6.000,0.000,-6.000,-6,-6,220,220,61147,1519,1569,,5958,,50,,,,,,50
6854,72,431,1,0,0,0x01,0,18,0,10,6.000,0.000,-6.000,-6,-6,220,220,61147,1569,1619,,6008,,50,,,,,,50
6855,72,431,1,0,0,0x01,3,19,0,11,7.333,0.000,-7.333,-6,-7,220,220,61147,1619,1669,,6058,,50,,,,,,50
6856,72,431,1,0,0,0x01,0,19,0,11,6.333,0.000,-6.333,-7,-6,220,220,61147,1669,1719,,6108,,50,,,,,,50
6857,72,431,1,0,0,0x01,0,19,0,11,6.333,0.000,-6.333,-6,-6,220,220,61147,1719,1769,,6158,,50,,,,,,50
6858,72,431,1,0,0,0x01,0,18,0,12,6.000,0.000,-6.000,-6,-6,220,220,61147,1769,1819,,6208,,50,,,,,,50
6859,72,431,1,0,0,0x01,0,19,0,12,6.333,0.000,-6.333,-6,-6,220,220,61147,1819,1869,,6258,,50,,,,,,50
6860,72,431,1,0,0,0x01,0,19,0,13,6.333,0.000,-6.333,-6,-6,220,220,61147,1869,1919,,6308,,50,,,,,,50
6861,72,432,2,0,0,0x02,4,64,21,40,29.667,64.000,34.333,35,35,220,220,2199,6969,7019,,4820,,50,,,,,,50
6862,72,432,2,0,0,0x02,3,64,21,40,29.333,64.000,34.667,35,35,220,220,2199,7019,7069,,4870,,50,,,,,,50
6863,72,432,2,0,0,0x02,4,63,21,40,29.333,63.000,33.667,35,34,220,220,2199,7069,7119,,4920,,50,,,,,,50
6864,72,432,2,0,0,0x02,4,62,21,39,29.000,62.000,33.000,34,33,220,220,2199,7119,7169,,4970,,50,,,,,,50
6865,72,432,2,0,0,0x02,4,62,21,39,29.000,62.000,33.000,33,33,220,220,2199,7169,7219,,5020,,50,,,,,,50
6866,72,432,2,0,0,0x02,4,62,21,40,29.000,62.000,33.000,33,33,220,220,2199,7219,7269,,5070,,50,,,,,,50
6867,72,432,2,0,0,0x02,3,61,21,39,28.333,61.000,32.667,33,33,220,220,2199,7269,7319,,5120,,50,,,,,,50
6868,72,432,2,0,0,0x02,3,60,21,39,28.000,60.000,32.000,33,32,220,220,2199,7319,7369,,5170,,50,,,,,,50
6869,72,432,2,0,0,0x02,3,60,21,39,28.000,60.000,32.000,32,32,220,220,2199,7369,7419,,5220,,50,,,,,,50
6870,72,432,2,0,0,0x02,3,59,21,38,27.667,59.000,31.333,32,32,220,220,2199,7419,7469,,5270,,50,,,,,,50
6871,72,432,2,0,0,0x02,3,58,21,38,27.333,58.000,30.667,32,31,220,220,2199,7469,7519,,5320,,50,,,,,,50
6872,72,432,2,0,0,0x02,3,58,21,38,27.333,58.000,30.667,31,31,220,220,2199,7519,7569,,5370,,50,,,,,,50
6873,72,432,2,0,0,0x02,3,58,21,38,27.333,58.000,30.667,31,31,220,220,2199,7569,7619,,5420,,50,,,,,,50
6874,72,432,2,0,0,0x02,7,57,21,38,28.333,57.000,28.667,31,29,220,220,2199,7619,7669,,5470,,50,,,,,,50
6875,72,432,2,0,0,0x02,3,56,21,37,26.667,56.000,29.333,29,30,220,220,2199,7669,7719,,5520,,50,,,,,,50
6876,72,432,2,0,0,0x02,3,56,21,37,26.667,56.000,29.333,30,30,220,220,2199,7719,7769,,5570,,50,,,,,,50
6877,72,432,2,0,0,0x02,3,55,21,37,26.333,55.000,28.667,30,29,220,220,2199,7769,7819,,5620,,50,,,,,,50
6878,72,432,2,0,0,0x02,3,54,21,37,26.000,54.000,28.000,29,28,220,220,2199,7819,7869,,5670,,50,,,,,,50
6879,72,432,2,0,0,0x02,3,54,20,36,25.667,54.000,28.333,28,29,220,220,2199,7869,7919,,5720,,50,,,,,,50
6880,72,432,2,0,0,0x02,3,53,21,36,25.667,53.000,27.333,29,28,220,220,2199,7919,7969,,5770,,50,,,,,,50
6881,73,433,3,0,0,0x03,0,0,17,5,5.667,0.000,-5.667,-5,-5,220,220,8764,14019,14069,,5305,,50,,,,,,50
6882,73,433,3,0,0,0x03,0,0,17,6,5.667,0.000,-5.667,-5,-5,220,220,8764,14069,14119,,5355,,50,,,,,,50
6883,73,433,3,0,0,0x03,0,0,17,6,5.667,0.000,-5.667,-5,-5,220,220,8764,14119,14169,,5405,,50,,,,,,50
6884,73,433,3,0,0,0x03,0,0,16,6,5.333,0.000,-5.333,-5,-5,220,220,8764,14169,14219,,5455,,50,,,,,,50
6885,73,433,3,0,0,0x03,0,0,17,7,5.667,0.000,-5.667,-5,-5,220,220,8764,14219,14269,,5505,,50,,,,,,50
6886,73,433,3,0,0,0x03,0,0,17,7,5.667,0.000,-5.667,-5,-5,220,220,8764,14269,14319,,5555,,50,,,,,,50
6887,73,433,3,0,0,0x03,0,0,17,8,5.667,0.000,-5.667,-5,-5,220,220,8764,14319,14369,,5605,,50,,,,,,50
6888,73,433,3,0,0,0x03,0,0,17,8,5.667,0.000,-5.667,-5,-5,220,220,8764,14369,14419,,5655,,50,,,,,,50
6889,73,433,3,0,0,0x03,0,0,17,8,5.667,0.000,-5.667,-5,-5,220,220,8764,14419,14469,,5705,,50,,,,,,50
6890,73,433,3,0,0,0x03,0,0,17,9,5.667,0.000,-5.667,-5,-5,220,220,8764,14469,14519,,5755,,50,,,,,,50
6891,73,433,3,0,0,0x03,0,0,17,9,5.667,0.000,-5.667,-5,-5,220,220,8764,14519,14569,,5805,,50,,,,,,50
6892,73,433,3,0,0,0x03,0,0,16,9,5.333,0.000,-5.333,-5,-5,220,220,8764,14569,14619,,5855,,50,,,,,,50
6893,73,433,3,0,0,0x03,0,0,17,11,5.667,0.000,-5.667,-5,-5,220,220,8764,14619,14669,,5905,,50,,,,,,50
6894,73,433,3,0,0,0x03,0,0,17,11,5.667,0.000,-5.667,-5,-5,220,220,8764,14669,14719,,5955,,50,,,,,,50
6895,73,433,3,0,0,0x03,0,0,16,11,5.333,0.000,-5.333,-5,-5,220,220,8764,14719,14769,,6005,,50,,,,,,50
6896,73,433,3,0,0,0x03,0,0,17,11,5.667,0.000,-5.667,-5,-5,220,220,8764,14769,14819,,6055,,50,,,,,,50
6897,73,433,3,0,0,0x03,0,0,17,12,5.667,0.000,-5.667,-5,-5,220,220,8764,14819,14869,,6105,,50,,,,,,50
6898,73,433,3,0,0,0x03,0,0,17,13,5.667,0.000,-5.667,-5,-5,220,220,8764,14869,14919,,6155,,50,,,,,,50
6899,73,433,3,0,0,0x03,0,0,17,13,5.667,0.000,-5.667,-5,-5,220,220,8764,14919,14969,,6205,,50,,,,,,50
6900,73,433,3,0,0,0x03,0,0,17,13,5.667,0.000,-5.667,-5,-5,220,220,8764,14969,15019,,6255,,50,,,,,,50
6901,73,434,4,0,0,0x04,23,1,50,36,24.667,50.000,25.333,25,26,220,220,15348,20069,20119,,4771,,50,,,,,,50
6902,73,434,4,0,0,0x04,24,0,50,36,24.667,50.000,25.333,26,26,220,220,15348,20119,20169,,4821,,50,,,,,,50
6903,73,434,4,0,0,0x04,24,0,49,35,24.333,49.000,24.667,26,25,220,220,15348,20169,20219,,4871,,50,,,,,,50
6904,73,434,4,0,0,0x04,23,1,47,35,23.667,47.000,23.333,25,24,220,220,15348,20219,20269,,4921,,50,,,,,,50
6905,73,434,4,0,0,0x04,24,0,48,35,24.000,48.000,24.000,24,24,220,220,15348,20269,20319,,4971,,50,,,,,,50
6906,73,434,4,0,0,0x04,24,1,47,34,24.000,47.000,23.000,24,23,220,220,15348,20319,20369,,5021,,50,,,,,,50
6907,73,434,4,0,0,0x04,24,0,46,34,23.333,46.000,22.667,23,23,220,220,15348,20369,20419,,5071,,50,,,,,,50
6908,73,434,4,0,0,0x04,24,0,45,34,23.000,45.000,22.000,23,22,220,220,15348,20419,20469,,5121,,50,,,,,,50
6909,73,434,4,0,0,0x04,24,0,45,34,23.000,45.000,22.000,22,22,220,220,15348,20469,20519,,5171,,50,,,,,,50
6910,73,434,4,0,0,0x04,23,0,44,33,22.333,44.000,21.667,22,22,220,220,15348,20519,20569,,5221,,50,,,,,,50
6911,73,434,4,0,0,0x04,24,0,43,33,22.333,43.000,20.667,22,21,220,220,15348,20569,20619,,5271,,50,,,,,,50
6912,73,434,4,0,0,0x04,27,0,42,33,23.000,42.000,19.000,21,19,220,220,15348,20619,20669,,5321,,50,,,,,,50
6913,73,434,4,0,0,0x04,23,0,41,32,21.333,41.000,19.667,19,20,220,220,15348,20669,20719,,5371,,50,,,,,,50
6914,73,434,4,0,0,0x04,23,0,41,32,21.333,41.000,19.667,20,20,220,220,15348,20719,20769,,5421,,50,,,,,,50
6915,73,434,4,0,0,0x04,23,0,39,32,20.667,39.000,18.333,20,19,220,220,15348,20769,20819,,5471,,50,,,,,,50
6916,73,434,4,0,0,0x04,23,0,38,31,20.333,38.000,17.667,19,18,220,220,15348,20819,20869,,5521,,50,,,,,,50
6917,73,434,4,0,0,0x04,23,0,38,31,20.333,38.000,17.667,18,18,220,220,15348,20869,20919,,5571,,50,,,,,,50
6918,73,434,4,0,0,0x04,23,0,37,31,20.000,37.000,17.000,18,17,220,220,15348,20919,20969,,5621,,50,,,,,,50
6919,73,434,4,0,0,0x04,23,0,36,30,19.667,36.000,16.333,17,17,220,220,15348,20969,21019,,5671,,50,,,,,,50
6920,73,434,4,0,0,0x04,23,0,35,30,19.333,35.000,15.667,17,16,220,220,15348,21019,21069,,5721,,50,,,,,,50
6921,73,435,5,0,0,0x05,18,0,0,1,6.000,0.000,-6.000,-6,-6,220,220,21912,27119,27169,,5257,,50,,,,,,50
6922,73,435,5,0,0,0x05,18,0,0,2,6.000,0.000,-6.000,-6,-6,220,220,21912,27169,27219,,5307,,50,,,,,,50
6923,73,435,5,0,0,0x05,18,0,0,2,6.000,0.000,-6.000,-6,-6,220,220,21912,27219,27269,,5357,,50,,,,,,50
6924,73,435,5,0,0,0x05,19,0,0,2,6.333,0.000,-6.333,-6,-6,220,220,21912,27269,27319,,5407,,50,,,,,,50
6925,73,435,5,0,0,0x05,19,0,0,2,6.333,0.000,-6.333,-6,-6,220,220,21912,27319,27369,,5457,,50,,,,,,50
6926,73,435,5,0,0,0x05,18,0,0,3,6.000,0.000,-6.000,-6,-6,220,220,21912,27369,27419,,5507,,50,,,,,,50
6927,73,435,5,0,0,0x05,19,0,0,3,6.333,0.000,-6.333,-6,-6,220,220,21912,27419,27469,,5557,,50,,,,,,50
6928,73,435,5,0,0,0x05,19,0,0,4,6.333,0.000,-6.333,-6,-6,220,220,21912,27469,27519,,5607,,50,,,,,,50
6929,73,435,5,0,0,0x05,18,0,0,4,6.000,0.000,-6.000,-6,-6,220,220,21912,27519,27569,,5657,,50,,,,,,50
6930,73,435,5,0,0,0x05,18,0,0,3,6.000,0.000,-6.000,-6,-6,220,220,21912,27569,27619,,5707,,50,,,,,,50
6931,73,435,5,0,0,0x05,23,0,0,5,7.667,0.000,-7.667,-6,-7,220,220,21912,27619,27669,,5757,,50,,,,,,50
6932,73,435,5,0,0,0x05,18,0,0,5,6.000,0.000,-6.000,-7,-6,220,220,21912,27669,27719,,5807,,50,,,,,,50
6933,73,435,5,0,0,0x05,19,0,0,5,6.333,0.000,-6.333,-6,-6,220,220,21912,27719,27769,,5857,,50,,,,,,50
6934,73,435,5,0,0,0x05,19,0,0,6,6.333,0.000,-6.333,-6,-6,220,220,21912,27769,27819,,5907,,50,,,,,,50
6935,73,435,5,0,0,0x05,19,0,0,6,6.333,0.000,-6.333,-6,-6,220,220,21912,27819,27869,,5957,,50,,,,,,50
6936,73,435,5,0,0,0x05,19,0,0,6,6.333,0.000,-6.333,-6,-6,220,220,21912,27869,27919,,6007,,50,,,,,,50
6937,73,435,5,0,0,0x05,19,0,0,6,6.333,0.000,-6.333,-6,-6,220,220,21912,27919,27969,,6057,,50,,,,,,50
6938,73,435,5,0,0,0x05,19,0,0,7,6.333,0.000,-6.333,-6,-6,220,220,21912,27969,28019,,6107,,50,,,,,,50
6939,73,435,5,0,0,0x05,19,0,0,7,6.333,0.000,-6.333,-6,-6,220,220,21912,28019,28069,,6157,,50,,,,,,50
6940,73,435,5,0,0,0x05,19,0,0,7,6.333,0.000,-6.333,-6,-6,220,220,21912,28069,28119,,6207,,50,,,,,,50
6941,73,436,6,0,0,0x06,59,22,1,38,27.333,59.000,31.667,33,32,220,220,28496,33169,33219,,4723,,50,,,,,,50
6942,73,436,6,0,0,0x06,59,22,0,37,27.000,59.000,32.000,32,32,220,220,28496,33219,33269,,4773,,50,,,,,,50
6943,73,436,6,0,0,0x06,59,22,0,37,27.000,59.000,32.000,32,32,220,220,28496,33269,33319,,4823,,50,,,,,,50
6944,73,436,6,0,0,0x06,58,22,0,37,26.667,58.000,31.333,32,32,220,220,28496,33319,33369,,4873,,50,,,,,,50
6945,73,436,6,0,0,0x06,56,22,0,37,26.000,56.000,30.000,32,30,220,220,28496,33369,33419,,4923,,50,,,,,,50
6946,73,436,6,0,0,0x06,56,22,0,36,26.000,56.000,30.000,30,30,220,220,28496,33419,33469,,4973,,50,,,,,,50
6947,73,436,6,0,0,0x06,56,22,0,36,26.000,56.000,30.000,30,30,220,220,28496,33469,33519,,5023,,50,,,,,,50
6948,73,436,6,0,0,0x06,55,21,0,36,25.333,55.000,29.667,30,30,220,220,28496,33519,33569,,5073,,50,,,,,,50
6949,73,436,6,0,0,0x06,54,22,0,36,25.333,54.000,28.667,30,29,220,220,28496,33569,33619,,5123,,50,,,,,,50
6950,73,436,6,0,0,0x06,58,22,0,36,26.667,58.000,31.333,29,32,220,220,28496,33619,33669,,5173,,50,,,,,,50
6951,73,436,6,0,0,0x06,53,21,0,36,24.667,53.000,28.333,32,29,220,220,28496,33669,33719,,5223,,50,,,,,,50
6952,73,436,6,0,0,0x06,52,22,0,35,24.667,52.000,27.333,29,28,220,220,28496,33719,33769,,5273,,50,,,,,,50
6953,73,436,6,0,0,0x06,51,22,0,35,24.333,51.000,26.667,28,27,220,220,28496,33769,33819,,5323,,50,,,,,,50
6954,73,436,6,0,0,0x06,51,21,0,34,24.000,51.000,27.000,27,27,220,220,28496,33819,33869,,5373,,50,,,,,,50
6955,73,436,6,0,0,0x06,49,21,0,34,23.333,49.000,25.667,27,26,220,220,28496,33869,33919,,5423,,50,,,,,,50
6956,73,436,6,0,0,0x06,48,21,0,34,23.000,48.000,25.000,26,25,220,220,28496,33919,33969,,5473,,50,,,,,,50
6957,73,436,6,0,0,0x06,48,21,0,34,23.000,48.000,25.000,25,25,220,220,28496,33969,34019,,5523,,50,,,,,,50
6958,73,436,6,0,0,0x06,47,21,0,33,22.667,47.000,24.333,25,25,220,220,28496,34019,34069,,5573,,50,,,,,,50
6959,73,436,6,0,0,0x06,47,21,0,33,22.667,47.000,24.333,25,25,220,220,28496,34069,34119,,5623,,50,,,,,,50
6960,73,436,6,0,0,0x06,46,21,0,32,22.333,46.000,23.667,25,24,220,220,28496,34119,34169,,5673,,50,,,,,,50
6961,73,437,1,0,0,0x01,0,19,0,9,6.333,0.000,-6.333,-6,-6,220,220,35061,40219,40269,,5208,,50,,,,,,50
6962,73,437,1,0,0,0x01,0,18,0,9,6.000,0.000,-6.000,-6,-6,220,220,35061,40269,40319,,5258,,50,,,,,,50
6963,73,437,1,0,0,0x01,0,19,0,10,6.333,0.000,-6.333,-6,-6,220,220,35061,40319,40369,,5308,,50,,,,,,50
6964,73,437,1,0,0,0x01,0,19,0,10,6.333,0.000,-6.333,-6,-6,220,220,35061,40369,40419,,5358,,50,,,,,,50
6965,73,437,1,0,0,0x01,0,19,0,11,6.333,0.000,-6.333,-6,-6,220,220,35061,40419,40469,,5408,,50,,,,,,50
6966,73,437,1,0,0,0x01,0,18,0,11,6.000,0.000,-6.000,-6,-6,220,220,35061,40469,40519,,5458,,50,,,,,,50
6967,73,437,1,0,0,0x01,0,18,0,11,6.000,0.000,-6.000,-6,-6,220,220,35061,40519,40569,,5508,,50,,,,,,50
6968,73,437,1,0,0,0x01,0,19,0,12,6.333,0.000,-6.333,-6,-6,220,220,35061,40569,40619,,5558,,50,,,,,,50
6969,73,437,1,0,0,0x01,4,19,0,13,7.667,0.000,-7.667,-6,-7,220,220,35061,40619,40669,,5608,,50,,,,,,50
6970,73,437,1,0,0,0x01,0,18,0,13,6.000,0.000,-6.000,-7,-6,220,220,35061,40669,40719,,5658,,50,,,,,,50
6971,73,437,1,0,0,0x01,0,19,0,13,6.333,0.000,-6.333,-6,-6,220,220,35061,40719,40769,,5708,,50,,,,,,50
6972,73,437,1,0,0,0x01,0,19,0,13,6.333,0.000,-6.333,-6,-6,220,220,35061,40769,40819,,5758,,50,,,,,,50
6973,73,437,1,0,0,0x01,0,19,0,14,6.333,0.000,-6.333,-6,-6,220,220,35061,40819,40869,,5808,,50,,,,,,50
6974,73,437,1,0,0,0x01,0,19,0,14,6.333,0.000,-6.333,-6,-6,220,220,35061,40869,40919,,5858,,50,,,,,,50
6975,73,437,1,0,0,0x01,0,19,0,14,6.333,0.000,-6.333,-6,-6,220,220,35061,40919,40969,,5908,,50,,,,,,50
6976,73,437,1,0,0,0x01,0,19,0,15,6.333,0.000,-6.333,-6,-6,220,220,35061,40969,41019,,5958,,50,,,,,,50
6977,73,437,1,0,0,0x01,0,19,0,16,6.333,0.000,-6.333,-6,-6,220,220,35061,41019,41069,,6008,,50,,,,,,50
6978,73,437,1,0,0,0x01,0,19,0,16,6.333,0.000,-6.333,-6,-6,220,220,35061,41069,41119,,6058,,50,,,,,,50
6979,73,437,1,0,0,0x01,0,19,0,16,6.333,0.000,-6.333,-6,-6,220,220,35061,41119,41169,,6108,,50,,,,,,50
6980,73,437,1,0,0,0x01,1,19,0,17,6.667,0.000,-6.667,-6,-6,220,220,35061,41169,41219,,6158,,50,,,,,,50
6981,73,438,2,0,0,0x02,4,78,22,46,34.667,78.000,43.333,44,44,220,220,41650,46269,46319,,4669,,50,,,,,,50
6982,73,438,2,0,0,0x02,4,78,22,45,34.667,78.000,43.333,44,44,220,220,41650,46319,46369,,4719,,50,,,,,,50
6983,73,438,2,0,0,0x02,4,78,22,45,34.667,78.000,43.333,44,44,220,220,41650,46369,46419,,4769,,50,,,,,,50
6984,73,438,2,0,0,0x02,4,77,22,45,34.333,77.000,42.667,44,43,220,220,41650,46419,46469,,4819,,50,,,,,,50
6985,73,438,2,0,0,0x02,4,77,22,45,34.333,77.000,42.667,43,43,220,220,41650,46469,46519,,4869,,50,,,,,,50
6986,73,438,2,0,0,0x02,4,76,22,44,34.000,76.000,42.000,43,42,220,220,41650,46519,46569,,4919,,50,,,,,,50
6987,73,438,2,0,0,0x02,4,75,22,45,33.667,75.000,41.333,42,42,220,220,41650,46569,46619,,4969,,50,,,,,,50
6988,73,438,2,0,0,0x02,8,75,22,45,35.000,75.000,40.000,42,40,220,220,41650,46619,46669,,5019,,50,,,,,,50
6989,73,438,2,0,0,0x02,4,74,22,44,33.333,74.000,40.667,40,41,220,220,41650,46669,46719,,5069,,50,,,,,,50
6990,73,438,2,0,0,0x02,4,73,22,43,33.000,73.000,40.000,41,40,220,220,41650,46719,46769,,5119,,50,,,,,,50
6991,73,438,2,0,0,0x02,4,72,22,43,32.667,72.000,39.333,40,40,220,220,41650,46769,46819,,5169,,50,,,,,,50
6992,73,438,2,0,0,0x02,4,72,22,43,32.667,72.000,39.333,40,40,220,220,41650,46819,46869,,5219,,50,,,,,,50
6993,73,438,2,0,0,0x02,3,71,21,43,31.667,71.000,39.333,40,40,220,220,41650,46869,46919,,5269,,50,,,,,,50
6994,73,438,2,0,0,0x02,3,70,22,42,31.667,70.000,38.333,40,39,220,220,41650,46919,46969,,5319,,50,,,,,,50
6995,73,438,2,0,0,0x02,4,69,22,42,31.667,69.000,37.333,39,38,220,220,41650,46969,47019,,5369,,50,,,,,,50
6996,73,438,2,0,0,0x02,3,68,22,42,31.000,68.000,37.000,38,37,220,220,41650,47019,47069,,5419,,50,,,,,,50
6997,73,438,2,0,0,0x02,3,67,22,41,30.667,67.000,36.333,37,37,220,220,41650,47069,47119,,5469,,50,,,,,,50
6998,73,438,2,0,0,0x02,3,66,22,41,30.333,66.000,35.667,37,36,220,220,41650,47119,47169,,5519,,50,,,,,,50
6999,73,438,2,0,0,0x02,3,65,22,40,30.000,65.000,35.000,36,35,220,220,41650,47169,47219,,5569,,50,,,,,,50
7000,73,438,2,0,0,0x02,3,64,22,40,29.667,64.000,34.333,35,35,220,220,41650,47219,47269,,5619,,50,,,,,,50
7001,74,439,3,0,0,0x03,0,0,16,8,5.333,0.000,-5.333,-5,-5,220,220,48215,53319,53369,,5154,,50,,,,,,50
7002,74,439,3,0,0,0x03,0,0,17,8,5.667,0.000,-5.667,-5,-5,220,220,48215,53369,53419,,5204,,50,,,,,,50
7003,74,439,3,0,0,0x03,0,0,16,9,5.333,0.000,-5.333,-5,-5,220,220,48215,53419,53469,,5254,,50,,,,,,50
7004,74,439,3,0,0,0x03,0,0,17,9,5.667,0.000,-5.667,-5,-5,220,220,48215,53469,53519,,5304,,50,,,,,,50
7005,74,439,3,0,0,0x03,0,0,17,9,5.667,0.000,-5.667,-5,-5,220,220,48215,53519,53569,,5354,,50,,,,,,50
7006,74,439,3,0,0,0x03,0,0,17,10,5.667,0.000,-5.667,-5,-5,220,220,48215,53569,53619,,5404,,50,,,,,,50
7007,74,439,3,0,0,0x03,0,0,17,10,5.667,0.000,-5.667,-5,-5,220,220,48215,53619,53669,,5454,,50,,,,,,50
7008,74,439,3,0,0,0x03,0,0,17,10,5.667,0.000,-5.667,-5,-5,220,220,48215,53669,53719,,5504,,50,,,,,,50
7009,74,439,3,0,0,0x03,0,0,17,10,5.667,0.000,-5.667,-5,-5,220,220,48215,53719,53769,,5554,,50,,,,,,50
7010,74,439,3,0,0,0x03,0,0,17,10,5.667,0.000,-5.667,-5,-5,220,220,48215,53769,53819,,5604,,50,,,,,,50
7011,74,439,3,0,0,0x03,0,0,17,11,5.667,0.000,-5.667,-5,-5,220,220,48215,53819,53869,,5654,,50,,,,,,50
7012,74,439,3,0,0,0x03,0,0,17,11,5.667,0.000,-5.667,-5,-5,220,220,48215,53869,53919,,5704,,50,,,,,,50
7013,74,439,3,0,0,0x03,0,0,16,11,5.333,0.000,-5.333,-5,-5,220,220,48215,53919,53969,,5754,,50,,,,,,50
7014,74,439,3,0,0,0x03,0,0,17,12,5.667,0.000,-5.667,-5,-5,220,220,48215,53969,54019,,5804,,50,,,,,,50
7015,74,439,3,0,0,0x03,0,0,17,12,5.667,0.000,-5.667,-5,-5,220,220,48215,54019,54069,,5854,,50,,,,,,50
7016,74,439,3,0,0,0x03,0,0,17,12,5.667,0.000,-5.667,-5,-5,220,220,48215,54069,54119,,5904,,50,,,,,,50
7017,74,439,3,0,0,0x03,0,0,17,12,5.667,0.000,-5.667,-5,-5,220,220,48215,54119,54169,,5954,,50,,,,,,50
7018,74,439,3,0,0,0x03,0,0,17,13,5.667,0.000,-5.667,-5,-5,220,220,48215,54169,54219,,6004,,50,,,,,,50
7019,74,439,3,0,0,0x03,0,0,17,13,5.667,0.000,-5.667,-5,-5,220,220,48215,54219,54269,,6054,,50,,,,,,50
7020,74,439,3,0,0,0x03,0,0,17,14,5.667,0.000,-5.667,-5,-5,220,220,48215,54269,54319,,6104,,50,,,,,,50
7021,74,440,4,0,0,0x04,25,1,68,42,31.333,68.000,36.667,38,37,220,220,54799,59369,59419,,4620,,50,,,,,,50
7022,74,440,4,0,0,0x04,25,0,67,42,30.667,67.000,36.333,37,37,220,220,54799,59419,59469,,4670,,50,,,,,,50
7023,74,440,4,0,0,0x04,25,0,66,41,30.333,66.000,35.667,37,36,220,220,54799,59469,59519,,4720,,50,,,,,,50
7024,74,440,4,0,0,0x04,25,1,64,41,30.000,64.000,34.000,36,34,220,220,54799,59519,59569,,4770,,50,,,,,,50
7025,74,440,4,0,0,0x04,25,0,63,40,29.333,63.000,33.667,34,34,220,220,54799,59569,59619,,4820,,50,,,,,,50
7026,74,440,4,0,0,0x04,29,0,62,40,30.333,62.000,31.667,34,32,220,220,54799,59619,59669,,4870,,50,,,,,,50
7027,74,440,4,0,0,0x04,25,0,61,39,28.667,61.000,32.333,32,33,220,220,54799,59669,59719,,4920,,50,,,,,,50
7028,74,440,4,0,0,0x04,25,0,59,39,28.000,59.000,31.000,33,31,220,220,54799,59719,59769,,4970,,50,,,,,,50
7029,74,440,4,0,0,0x04,24,0,58,39,27.333,58.000,30.667,31,31,220,220,54799,59769,59819,,5020,,50,,,,,,50
7030,74,440,4,0,0,0x04,24,0,57,38,27.000,57.000,30.000,31,30,220,220,54799,59819,59869,,5070,,50,,,,,,50
7031,74,440,4,0,0,0x04,24,0,56,37,26.667,56.000,29.333,30,30,220,220,54799,59869,59919,,5120,,50,,,,,,50
7032,74,441,5,0,0,0x05,25,0,54,37,26.333,0.000,-26.333,8,7,220,220,61364,61969,62019,,655,,50,,,,,,50
7033,74,442,4,0,0,0x04,24,0,53,37,25.667,53.000,27.333,28,28,220,220,54799,59969,60019,,5220,,50,,,,,,50
7034,74,443,5,0,0,0x05,24,0,52,23,25.333,0.000,-25.333,6,6,220,220,61364,62069,62119,,755,,50,,,,,,50
7035,74,444,4,0,0,0x04,24,0,50,36,24.667,50.000,25.333,27,26,220,220,54799,60069,60119,,5320,,50,,,,,,50
7036,75,445,5,0,0,0x05,24,15,0,22,13.000,15.000,2.000,6,4,220,220,61364,62169,62219,,855,,50,,,,,,50
7037,75,446,4,0,0,0x04,23,0,48,34,23.667,48.000,24.333,4,3,220,220,61364,62219,62269,,905,,50,,,,,,50
7038,75,447,5,0,0,0x05,20,14,0,21,11.333,14.000,2.667,3,3,220,220,61364,62269,62319,,955,,50,,,,,,50
7039,75,447,5,0,0,0x05,20,12,0,20,10.667,12.000,1.333,3,2,220,220,61364,62319,62369,,1005,,50,,,,,,50
7040,75,447,5,0,0,0x05,20,10,0,20,10.000,10.000,0.000,2,0,220,220,61364,62369,62419,,1055,,50,,,,,,50
7041,75,447,5,0,0,0x05,18,0,0,0,6.000,0.000,-6.000,-6,-6,220,220,61364,883,933,,5105,,50,,,,,,50
7042,75,447,5,0,0,0x05,18,0,0,1,6.000,0.000,-6.000,-6,-6,220,220,61364,933,983,,5155,,50,,,,,,50
7043,75,447,5,0,0,0x05,18,0,0,1,6.000,0.000,-6.000,-6,-6,220,220,61364,983,1033,,5205,,50,,,,,,50
7044,75,447,5,0,0,0x05,18,0,0,1,6.000,0.000,-6.000,-6,-6,220,220,61364,1033,1083,,5255,,50,,,,,,50
7045,75,447,5,0,0,0x05,22,0,0,2,7.333,0.000,-7.333,-6,-7,220,220,61364,1083,1133,,5305,,50,,,,,,50
7046,75,447,5,0,0,0x05,18,0,0,1,6.000,0.000,-6.000,-7,-6,220,220,61364,1133,1183,,5355,,50,,,,,,50
7047,75,447,5,0,0,0x05,18,0,0,1,6.000,0.000,-6.000,-6,-6,220,220,61364,1183,1233,,5405,,50,,,,,,50
7048,75,447,5,0,0,0x05,18,0,0,2,6.000,0.000,-6.000,-6,-6,220,220,61364,1233,1283,,5455,,50,,,,,,50
7049,75,447,5,0,0,0x05,18,0,0,2,6.000,0.000,-6.000,-6,-6,220,220,61364,1283,1333,,5505,,50,,,,,,50
7050,75,447,5,0,0,0x05,18,0,0,2,6.000,0.000,-6.000,-6,-6,220,220,61364,1333,1383,,5555,,50,,,,,,50
7051,75,447,5,0,0,0x05,18,0,0,2,6.000,0.000,-6.000,-6,-6,220,220,61364,1383,1433,,5605,,50,,,,,,50
7052,75,447,5,0,0,0x05,18,0,0,3,6.000,0.000,-6.000,-6,-6,220,220,61364,1433,1483,,5655,,50,,,,,,50
7053,75,447,5,0,0,0x05,18,0,0,3,6.000,0.000,-6.000,-6,-6,220,220,61364,1483,1533,,5705,,50,,,,,,50
7054,75,447,5,0,0,0x05,19,0,0,3,6.333,0.000,-6.333,-6,-6,220,220,61364,1533,1583,,5755,,50,,,,,,50
7055,75,447,5,0,0,0x05,19,0,0,3,6.333,0.000,-6.333,-6,-6,220,220,61364,1583,1633,,5805,,50,,,,,,50
7056,75,447,5,0,0,0x05,19,0,0,3,6.333,0.000,-6.333,-6,-6,220,220,61364,1633,1683,,5855,,50,,,,,,50
7057,75,447,5,0,0,0x05,19,0,0,4,6.333,0.000,-6.333,-6,-6,220,220,61364,1683,1733,,5905,,50,,,,,,50
7058,75,447,5,0,0,0x05,19,0,0,4,6.333,0.000,-6.333,-6,-6,220,220,61364,1733,1783,,5955,,50,,,,,,50
7059,75,447,5,0,0,0x05,19,0,0,4,6.333,0.000,-6.333,-6,-6,220,220,61364,1783,1833,,6005,,50,,,,,,50
7060,75,447,5,0,0,0x05,19,0,0,4,6.333,0.000,-6.333,-6,-6,220,220,61364,1833,1883,,6055,,50,,,,,,50
7061,75,448,6,0,0,0x06,53,21,0,35,24.667,53.000,28.333,29,29,220,220,2412,6933,6983,,4571,,50,,,,,,50
7062,75,448,6,0,0,0x06,53,21,0,35,24.667,53.000,28.333,29,29,220,220,2412,6983,7033,,4621,,50,,,,,,50
7063,75,448,6,0,0,0x06,52,21,0,35,24.333,52.000,27.667,29,28,220,220,2412,7033,7083,,4671,,50,,,,,,50
7064,75,448,6,0,0,0x06,55,21,0,36,25.333,55.000,29.667,28,30,220,220,2412,7083,7133,,4721,,50,,,,,,50
7065,75,448,6,0,0,0x06,51,21,0,34,24.000,51.000,27.000,30,27,220,220,2412,7133,7183,,4771,,50,,,,,,50
7066,75,448,6,0,0,0x06,49,21,0,34,23.333,49.000,25.667,27,26,220,220,2412,7183,7233,,4821,,50,,,,,,50
7067,75,448,6,0,0,0x06,49,21,0,34,23.333,49.000,25.667,26,26,220,220,2412,7233,7283,,4871,,50,,,,,,50
7068,75,448,6,0,0,0x06,48,21,0,34,23.000,48.000,25.000,26,25,220,220,2412,7283,7333,,4921,,50,,,,,,50
7069,75,448,6,0,0,0x06,47,21,0,34,22.667,47.000,24.333,25,25,220,220,2412,7333,7383,,4971,,50,,,,,,50
7070,75,448,6,0,0,0x06,46,21,0,33,22.333,46.000,23.667,9,8,220,220,8978,9433,9483,,505,,50,,,,,,50
7071,75,448,6,0,0,0x06,46,21,0,33,22.333,46.000,23.667,24,24,220,220,2412,7433,7483,,5071,,50,,,,,,50
7072,75,449,1,0,0,0x01,45,21,0,32,22.000,0.000,-22.000,8,8,220,220,8978,9533,9583,,605,,50,,,,,,50
7073,75,450,6,0,0,0x06,44,21,0,32,21.667,44.000,22.333,23,23,220,220,2412,7533,7583,,5171,,50,,,,,,50
7074,76,451,1,0,0,0x01,43,21,0,23,21.333,0.000,-21.333,6,5,220,220,8978,9633,9683,,705,,50,,,,,,50
7075,76,451,1,0,0,0x01,42,21,0,32,21.000,0.000,-21.000,5,5,220,220,8978,9683,9733,,755,,50,,,,,,50
7076,76,451,1,0,0,0x01,41,19,15,22,25.000,15.000,-10.000,5,4,220,220,8978,9733,9783,,805,,50,,,,,,50
7077,76,451,1,0,0,0x01,1,19,12,21,10.667,12.000,1.333,4,2,220,220,8978,9783,9833,,855,,50,,,,,,50
7078,76,451,1,0,0,0x01,1,19,11,21,10.333,11.000,0.667,2,1,220,220,8978,9833,9883,,905,,50,,,,,,50
7079,76,451,1,0,0,0x01,1,18,10,20,9.667,10.000,0.333,1,1,220,220,8978,9883,9933,,955,,50,,,,,,50
7080,76,451,1,0,0,0x01,1,19,8,19,9.333,8.000,-1.333,1,-1,220,220,8978,9933,9983,,1005,,50,,,,,,50
7081,76,451,1,0,0,0x01,0,18,0,1,6.000,0.000,-6.000,-6,-6,220,220,8978,13983,14033,,5055,,50,,,,,,50
7082,76,451,1,0,0,0x01,0,18,0,2,6.000,0.000,-6.000,-6,-6,220,220,8978,14033,14083,,5105,,50,,,,,,50
7083,76,451,1,0,0,0x01,1,17,0,2,6.000,0.000,-6.000,-6,-6,220,220,8978,14083,14133,,5155,,50,,,,,,50
7084,76,451,1,0,0,0x01,0,18,0,2,6.000,0.000,-6.000,-6,-6,220,220,8978,14133,14183,,5205,,50,,,,,,50
7085,76,451,1,0,0,0x01,0,18,0,2,6.000,0.000,-6.000,-6,-6,220,220,8978,14183,14233,,5255,,50,,,,,,50
7086,76,451,1,0,0,0x01,0,18,0,3,6.000,0.000,-6.000,-6,-6,220,220,8978,14233,14283,,5305,,50,,,,,,50
7087,76,451,1,0,0,0x01,0,18,0,3,6.000,0.000,-6.000,-6,-6,220,220,8978,14283,14333,,5355,,50,,,,,,50
7088,76,451,1,0,0,0x01,0,18,0,3,6.000,0.000,-6.000,-6,-6,220,220,8978,14333,14383,,5405,,50,,,,,,50
7089,76,451,1,0,0,0x01,0,18,0,4,6.000,0.000,-6.000,-6,-6,220,220,8978,14383,14433,,5455,,50,,,,,,50
7090,76,451,1,0,0,0x01,0,18,0,5,6.000,0.000,-6.000,-6,-6,220,220,8978,14433,14483,,5505,,50,,,,,,50
7091,76,451,1,0,0,0x01,0,18,0,4,6.000,0.000,-6.000,-6,-6,220,220,8978,14483,14533,,5555,,50,,,,,,50
7092,76,451,1,0,0,0x01,0,18,0,5,6.000,0.000,-6.000,-6,-6,220,220,8978,14533,14583,,5605,,50,,,,,,50
7093,76,451,1,0,0,0x01,0,18,0,5,6.000,0.000,-6.000,-6,-6,220,220,8978,14583,14633,,5655,,50,,,,,,50
7094,76,451,1,0,0,0x01,0,18,0,6,6.000,0.000,-6.000,-6,-6,220,220,8978,14633,14683,,5705,,50,,,,,,50
7095,76,451,1,0,0,0x01,0,18,0,6,6.000,0.000,-6.000,-6,-6,220,220,8978,14683,14733,,5755,,50,,,,,,50
7096,76,451,1,0,0,0x01,0,18,0,6,6.000,0.000,-6.000,-6,-6,220,220,8978,14733,14783,,5805,,50,,,,,,50
7097,76,451,1,0,0,0x01,0,18,0,7,6.000,0.000,-6.000,-6,-6,220,220,8978,14783,14833,,5855,,50,,,,,,50
7098,76,451,1,0,0,0x01,0,18,0,7,6.000,0.000,-6.000,-6,-6,220,220,8978,14833,14883,,5905,,50,,,,,,50
7099,76,451,1,0,0,0x01,0,18,0,8,6.000,0.000,-6.000,-6,-6,220,220,8978,14883,14933,,5955,,50,,,,,,50
7100,76,451,1,0,0,0x01,0,18,0,8,6.000,0.000,-6.000,-6,-6,220,220,8978,14933,14983,,6005,,50,,,,,,50
7101,76,452,2,0,0,0x02,3,62,21,39,28.667,62.000,33.333,34,34,220,220,15463,20033,20083,,4620,,50,,,,,,50
7102,76,452,2,0,0,0x02,7,62,21,40,30.000,62.000,32.000,34,32,220,220,15463,20083,20133,,4670,,50,,,,,,50
7103,76,452,2,0,0,0x02,3,61,21,39,28.333,61.000,32.667,32,33,220,220,15463,20133,20183,,4720,,50,,,,,,50
7104,76,452,2,0,0,0x02,3,59,21,38,27.667,59.000,31.333,33,32,220,220,15463,20183,20233,,4770,,50,,,,,,50
7105,76,452,2,0,0,0x02,3,59,21,38,27.667,59.000,31.333,32,32,220,220,15463,20233,20283,,4820,,50,,,,,,50
7106,76,452,2,0,0,0x02,3,59,21,38,27.667,59.000,31.333,32,32,220,220,15463,20283,20333,,4870,,50,,,,,,50
7107,76,452,2,0,0,0x02,3,58,21,37,27.333,58.000,30.667,32,31,220,220,15463,20333,20383,,4920,,50,,,,,,50
7108,76,452,2,0,0,0x02,3,57,21,37,27.000,57.000,30.000,31,30,220,220,15463,20383,20433,,4970,,50,,,,,,50
7109,76,452,2,0,0,0x02,3,56,21,37,26.667,56.000,29.333,30,30,220,220,15463,20433,20483,,5020,,50,,,,,,50
7110,76,452,2,0,0,0x02,3,55,21,37,26.333,55.000,28.667,30,29,220,220,15463,20483,20533,,5070,,50,,,,,,50
7111,76,452,2,0,0,0x02,3,54,21,36,26.000,54.000,28.000,29,28,220,220,15463,20533,20583,,5120,,50,,,,,,50
7112,76,452,2,0,0,0x02,3,53,21,36,25.667,53.000,27.333,28,28,220,220,15463,20583,20633,,5170,,50,,,,,,50
7113,76,452,2,0,0,0x02,3,53,21,36,25.667,53.000,27.333,28,28,220,220,15463,20633,20683,,5220,,50,,,,,,50
7114,76,452,2,0,0,0x02,3,52,21,35,25.333,52.000,26.667,28,27,220,220,15463,20683,20733,,5270,,50,,,,,,50
7115,76,452,2,0,0,0x02,2,51,21,35,24.667,51.000,26.333,27,27,220,220,15463,20733,20783,,5320,,50,,,,,,50
7116,76,452,2,0,0,0x02,2,50,21,35,24.333,50.000,25.667,27,26,220,220,15463,20783,20833,,5370,,50,,,,,,50
7117,76,452,2,0,0,0x02,2,49,20,34,23.667,49.000,25.333,26,26,220,220,15463,20833,20883,,5420,,50,,,,,,50
7118,76,452,2,0,0,0x02,3,48,20,34,23.667,48.000,24.333,26,25,220,220,15463,20883,20933,,5470,,50,,,,,,50
7119,76,452,2,0,0,0x02,3,47,20,34,23.333,47.000,23.667,25,24,220,220,15463,20933,20983,,5520,,50,,,,,,50
7120,76,452,2,0,0,0x02,2,46,20,34,22.667,46.000,23.333,24,24,220,220,15463,20983,21033,,5570,,50,,,,,,50
7121,76,453,3,0,0,0x03,0,0,16,6,5.333,0.000,-5.333,-5,-5,220,220,21927,27083,27133,,5206,,50,,,,,,50
7122,76,453,3,0,0,0x03,0,0,16,6,5.333,0.000,-5.333,-5,-5,220,220,21927,27133,27183,,5256,,50,,,,,,50
7123,76,453,3,0,0,0x03,0,0,16,6,5.333,0.000,-5.333,-5,-5,220,220,21927,27183,27233,,5306,,50,,,,,,50
7124,76,453,3,0,0,0x03,0,0,16,6,5.333,0.000,-5.333,-5,-5,220,220,21927,27233,27283,,5356,,50,,,,,,50
7125,76,453,3,0,0,0x03,0,0,16,6,5.333,0.000,-5.333,-5,-5,220,220,21927,27283,27333,,5406,,50,,,,,,50
7126,76,453,3,0,0,0x03,0,0,16,7,5.333,0.000,-5.333,-5,-5,220,220,21927,27333,27383,,5456,,50,,,,,,50
7127,76,453,3,0,0,0x03,0,0,16,8,5.333,0.000,-5.333,-5,-5,220,220,21927,27383,27433,,5506,,50,,,,,,50
7128,76,453,3,0,0,0x03,0,0,17,8,5.667,0.000,-5.667,-5,-5,220,220,21927,27433,27483,,5556,,50,,,,,,50
7129,76,453,3,0,0,0x03,0,0,17,8,5.667,0.000,-5.667,-5,-5,220,220,21927,27483,27533,,5606,,50,,,,,,50
7130,76,453,3,0,0,0x03,0,0,16,8,5.333,0.000,-5.333,-5,-5,220,220,21927,27533,27583,,5656,,50,,,,,,50
7131,76,453,3,0,0,0x03,0,0,17,9,5.667,0.000,-5.667,-5,-5,220,220,21927,27583,27633,,5706,,50,,,,,,50
7132,76,453,3,0,0,0x03,0,0,16,9,5.333,0.000,-5.333,-5,-5,220,220,21927,27633,27683,,5756,,50,,,,,,50
7133,76,453,3,0,0,0x03,0,0,16,9,5.333,0.000,-5.333,-5,-5,220,220,21927,27683,27733,,5806,,50,,,,,,50
7134,76,453,3,0,0,0x03,0,0,17,10,5.667,0.000,-5.667,-5,-5,220,220,21927,27733,27783,,5856,,50,,,,,,50
7135,76,453,3,0,0,0x03,0,0,17,10,5.667,0.000,-5.667,-5,-5,220,220,21927,27783,27833,,5906,,50,,,,,,50
7136,76,453,3,0,0,0x03,0,0,17,10,5.667,0.000,-5.667,-5,-5,220,220,21927,27833,27883,,5956,,50,,,,,,50
7137,76,453,3,0,0,0x03,0,0,17,11,5.667,0.000,-5.667,-5,-5,220,220,21927,27883,27933,,6006,,50,,,,,,50
7138,76,453,3,0,0,0x03,0,0,17,12,5.667,0.000,-5.667,-5,-5,220,220,21927,27933,27983,,6056,,50,,,,,,50
7139,76,453,3,0,0,0x03,0,0,17,12,5.667,0.000,-5.667,-5,-5,220,220,21927,27983,28033,,6106,,50,,,,,,50
7140,76,453,3,0,0,0x03,0,0,17,12,5.667,0.000,-5.667,-5,-5,220,220,21927,28033,28083,,6156,,50,,,,,,50
7141,76,454,4,0,0,0x04,24,0,52,37,25.333,52.000,26.667,26,27,220,220,28410,33133,33183,,4773,,50,,,,,,50
7142,76,454,4,0,0,0x04,24,0,52,36,25.333,52.000,26.667,27,27,220,220,28410,33183,33233,,4823,,50,,,,,,50
7143,76,454,4,0,0,0x04,24,0,51,36,25.000,51.000,26.000,27,26,220,220,28410,33233,33283,,4873,,50,,,,,,50
7144,76,454,4,0,0,0x04,23,0,50,35,24.333,50.000,25.667,26,26,220,220,28410,33283,33333,,4923,,50,,,,,,50
7145,76,454,4,0,0,0x04,24,0,49,35,24.333,49.000,24.667,26,25,220,220,28410,33333,33383,,4973,,50,,,,,,50
7146,76,454,4,0,0,0x04,24,0,48,35,24.000,48.000,24.000,25,24,220,220,28410,33383,33433,,5023,,50,,,,,,50
7147,76,454,4,0,0,0x04,23,0,47,35,23.333,47.000,23.667,24,24,220,220,28410,33433,33483,,5073,,50,,,,,,50
7148,76,454,4,0,0,0x04,24,0,46,34,23.333,46.000,22.667,24,23,220,220,28410,33483,33533,,5123,,50,,,,,,50
7149,76,454,4,0,0,0x04,23,0,45,34,22.667,45.000,22.333,23,23,220,220,28410,33533,33583,,5173,,50,,,,,,50
7150,76,454,4,0,0,0x04,23,0,44,33,22.333,44.000,21.667,23,22,220,220,28410,33583,33633,,5223,,50,,,,,,50
7151,76,454,4,0,0,0x04,23,0,44,33,22.333,44.000,21.667,22,22,220,220,28410,33633,33683,,5273,,50,,,,,,50
7152,76,454,4,0,0,0x04,23,0,42,33,21.667,42.000,20.333,22,21,220,220,28410,33683,33733,,5323,,50,,,,,,50
7153,76,454,4,0,0,0x04,23,0,41,32,21.333,41.000,19.667,21,20,220,220,28410,33733,33783,,5373,,50,,,,,,50
7154,76,454,4,0,0,0x04,23,0,40,32,21.000,40.000,19.000,20,19,220,220,28410,33783,33833,,5423,,50,,,,,,50
7155,76,454,4,0,0,0x04,23,0,39,31,20.667,39.000,18.333,19,19,220,220,28410,33833,33883,,5473,,50,,,,,,50
7156,76,454,4,0,0,0x04,23,0,38,31,20.333,38.000,17.667,19,18,220,220,28410,33883,33933,,5523,,50,,,,,,50
7157,76,454,4,0,0,0x04,23,0,37,31,20.000,37.000,17.000,18,17,220,220,28410,33933,33983,,5573,,50,,,,,,50
7158,76,454,4,0,0,0x04,23,0,36,31,19.667,36.000,16.333,17,17,220,220,28410,33983,34033,,5623,,50,,,,,,50
7159,76,454,4,0,0,0x04,22,0,35,30,19.000,35.000,16.000,17,16,220,220,28410,34033,34083,,5673,,50,,,,,,50
7160,76,454,4,0,0,0x04,27,0,34,30,20.333,34.000,13.667,16,14,220,220,28410,34083,34133,,5723,,50,,,,,,50
7161,76,455,5,0,0,0x05,18,0,0,0,6.000,0.000,-6.000,-6,-6,220,220,34875,40183,40233,,5358,,50,,,,,,50
7162,76,455,5,0,0,0x05,18,0,0,0,6.000,0.000,-6.000,-6,-6,220,220,34875,40233,40283,,5408,,50,,,,,,50
7163,76,455,5,0,0,0x05,18,0,0,0,6.000,0.000,-6.000,-6,-6,220,220,34875,40283,40333,,5458,,50,,,,,,50
7164,76,455,5,0,0,0x05,19,0,0,0,6.333,0.000,-6.333,-6,-6,220,220,34875,40333,40383,,5508,,50,,,,,,50
7165,76,455,5,0,0,0x05,18,0,0,0,6.000,0.000,-6.000,-6,-6,220,220,34875,40383,40433,,5558,,50,,,,,,50
7166,76,455,5,0,0,0x05,18,0,0,0,6.000,0.000,-6.000,-6,-6,220,220,34875,40433,40483,,5608,,50,,,,,,50
7167,76,455,5,0,0,0x05,18,0,0,0,6.000,0.000,-6.000,-6,-6,220,220,34875,40483,40533,,5658,,50,,,,,,50
7168,76,455,5,0,0,0x05,19,0,0,1,6.333,0.000,-6.333,-6,-6,220,220,34875,40533,40583,,5708,,50,,,,,,50
7169,76,455,5,0,0,0x05,18,0,0,1,6.000,0.000,-6.000,-6,-6,220,220,34875,40583,40633,,5758,,50,,,,,,50
7170,76,455,5,0,0,0x05,19,0,0,1,6.333,0.000,-6.333,-6,-6,220,220,34875,40633,40683,,5808,,50,,,,,,50
7171,76,455,5,0,0,0x05,19,0,0,2,6.333,0.000,-6.333,-6,-6,220,220,34875,40683,40733,,5858,,50,,,,,,50
7172,76,455,5,0,0,0x05,19,0,0,3,6.333,0.000,-6.333,-6,-6,220,220,34875,40733,40783,,5908,,50,,,,,,50
7173,76,455,5,0,0,0x05,19,0,0,3,6.333,0.000,-6.333,-6,-6,220,220,34875,40783,40833,,5958,,50,,,,,,50
7174,76,455,5,0,0,0x05,19,0,0,3,6.333,0.000,-6.333,-6,-6,220,220,34875,40833,40883,,6008,,50,,,,,,50
7175,76,455,5,0,0,0x05,19,0,0,4,6.333,0.000,-6.333,-6,-6,220,220,34875,40883,40933,,6058,,50,,,,,,50
7176,76,455,5,0,0,0x05,19,0,0,4,6.333,0.000,-6.333,-6,-6,220,220,34875,40933,40983,,6108,,50,,,,,,50
7177,76,455,5,0,0,0x05,19,0,0,4,6.333,0.000,-6.333,-6,-6,220,220,34875,40983,41033,,6158,,50,,,,,,50
7178,76,455,5,0,0,0x05,19,0,0,4,6.333,0.000,-6.333,-6,-6,220,220,34875,41033,41083,,6208,,50,,,,,,50
7179,76,455,5,0,0,0x05,23,0,0,5,7.667,0.000,-7.667,-6,-7,220,220,34875,41083,41133,,6258,,50,,,,,,50
7180,76,455,5,0,0,0x05,19,0,0,6,6.333,0.000,-6.333,-7,-6,220,220,34875,41133,41183,,6308,,50,,,,,,50
7181,76,456,6,0,0,0x06,45,21,0,33,22.000,45.000,23.000,24,23,220,220,41359,46233,46283,,4924,,50,,,,,,50
7182,76,456,6,0,0,0x06,45,21,0,33,22.000,45.000,23.000,23,23,220,220,41359,46283,46333,,4974,,50,,,,,,50
7183,76,456,6,0,0,0x06,45,21,0,32,22.000,45.000,23.000,23,23,220,220,41359,46333,46383,,5024,,50,,,,,,50
7184,76,456,6,0,0,0x06,43,21,0,32,21.333,43.000,21.667,23,22,220,220,41359,46383,46433,,5074,,50,,,,,,50
7185,76,456,6,0,0,0x06,43,21,0,32,21.333,43.000,21.667,22,22,220,220,41359,46433,46483,,5124,,50,,,,,,50
7186,76,456,6,0,0,0x06,42,21,0,31,21.000,42.000,21.000,22,21,220,220,41359,46483,46533,,5174,,50,,,,,,50
7187,76,456,6,0,0,0x06,42,20,0,31,20.667,42.000,21.333,21,22,220,220,41359,46533,46583,,5224,,50,,,,,,50
7188,76,456,6,0,0,0x06,41,20,0,31,20.333,41.000,20.667,22,21,220,220,41359,46583,46633,,5274,,50,,,,,,50
7189,76,456,6,0,0,0x06,40,20,0,30,20.000,40.000,20.000,21,20,220,220,41359,46633,46683,,5324,,50,,,,,,50
7190,76,456,6,0,0,0x06,39,21,0,30,20.000,39.000,19.000,20,19,220,220,41359,46683,46733,,5374,,50,,,,,,50
7191,76,456,6,0,0,0x06,39,20,0,30,19.667,39.000,19.333,19,20,220,220,41359,46733,46783,,5424,,50,,,,,,50
7192,76,456,6,0,0,0x06,38,20,0,29,19.333,38.000,18.667,20,19,220,220,41359,46783,46833,,5474,,50,,,,,,50
7193,76,456,6,0,0,0x06,37,20,0,29,19.000,37.000,18.000,19,18,220,220,41359,46833,46883,,5524,,50,,,,,,50
7194,76,456,6,0,0,0x06,36,20,0,29,18.667,36.000,17.333,18,18,220,220,41359,46883,46933,,5574,,50,,,,,,50
7195,76,456,6,0,0,0x06,36,20,0,29,18.667,36.000,17.333,18,18,220,220,41359,46933,46983,,5624,,50,,,,,,50
7196,76,456,6,0,0,0x06,34,20,0,28,18.000,34.000,16.000,18,16,220,220,41359,46983,47033,,5674,,50,,,,,,50
7197,76,456,6,0,0,0x06,34,20,0,28,18.000,34.000,16.000,16,16,220,220,41359,47033,47083,,5724,,50,,,,,,50
7198,76,456,6,0,0,0x06,38,20,0,29,19.333,38.000,18.667,16,19,220,220,41359,47083,47133,,5774,,50,,,,,,50
7199,76,456,6,0,0,0x06,32,20,0,28,17.333,32.000,14.667,19,15,220,220,41359,47133,47183,,5824,,50,,,,,,50
7200,76,456,6,0,0,0x06,31,20,0,27,17.000,31.000,14.000,15,14,220,220,41359,47183,47233,,5874,,50,,,,,,50
7201,77,457,1,0,0,0x01,0,17,0,1,5.667,0.000,-5.667,-6,-5,220,220,47823,52283,52333,,4510,,50,,,,,,50
7202,77,457,1,0,0,0x01,0,17,0,2,5.667,0.000,-5.667,-5,-5,220,220,47823,52333,52383,,4560,,50,,,,,,50
7203,77,457,1,0,0,0x01,0,18,0,2,6.000,0.000,-6.000,-5,-6,220,220,47823,52383,52433,,4610,,50,,,,,,50
7204,77,457,1,0,0,0x01,0,18,0,2,6.000,0.000,-6.000,-6,-6,220,220,47823,52433,52483,,4660,,50,,,,,,50
7205,77,457,1,0,0,0x01,0,17,0,2,5.667,0.000,-5.667,-6,-5,220,220,47823,52483,52533,,4710,,50,,,,,,50
7206,77,457,1,0,0,0x01,0,17,0,3,5.667,0.000,-5.667,-5,-5,220,220,47823,52533,52583,,4760,,50,,,,,,50
7207,77,457,1,0,0,0x01,0,18,0,3,6.000,0.000,-6.000,-5,-6,220,220,47823,52583,52633,,4810,,50,,,,,,50
7208,77,457,1,0,0,0x01,0,17,0,3,5.667,0.000,-5.667,-6,-5,220,220,47823,52633,52683,,4860,,50,,,,,,50
7209,77,457,1,0,0,0x01,0,18,0,4,6.000,0.000,-6.000,-5,-6,220,220,47823,52683,52733,,4910,,50,,,,,,50
7210,77,457,1,0,0,0x01,0,18,0,4,6.000,0.000,-6.000,-6,-6,220,220,47823,52733,52783,,4960,,50,,,,,,50
7211,77,457,1,0,0,0x01,0,18,0,4,6.000,0.000,-6.000,-6,-6,220,220,47823,52783,52833,,5010,,50,,,,,,50
7212,77,457,1,0,0,0x01,0,18,0,5,6.000,0.000,-6.000,-6,-6,220,220,47823,52833,52883,,5060,,50,,,,,,50
7213,77,457,1,0,0,0x01,0,18,0,5,6.000,0.000,-6.000,-6,-6,220,220,47823,52883,52933,,5110,,50,,,,,,50
7214,77,457,1,0,0,0x01,0,18,0,6,6.000,0.000,-6.000,-6,-6,220,220,47823,52933,55033,,7210,,2100,,,,,,50
7215,77,457,1,0,0,0x01,0,18,0,6,6.000,0.000,-6.000,-6,-6,220,220,47823,52983,53033,,5210,,50,,,,,,50
7216,77,458,2,0,0,0x02,0,7,18,20,8.333,7.000,-1.333,-3,-3,220,220,54308,55083,55133,,825,,50,,,,,,50
7217,77,459,1,0,0,0x01,2,18,0,8,6.667,0.000,-6.667,-6,-6,220,220,47823,53083,53133,,5310,,50,,,,,,50
7218,77,460,2,0,0,0x02,2,8,17,20,9.000,8.000,-1.000,-1,-1,220,220,54308,55183,55233,,925,,50,,,,,,50
7219,77,460,2,0,0,0x02,2,10,18,21,10.000,10.000,0.000,-1,0,220,220,54308,55233,55283,,975,,50,,,,,,50
7220,77,460,2,0,0,0x02,2,12,18,22,10.667,12.000,1.333,0,2,220,220,54308,55283,55333,,1025,,50,,,,,,50
7221,77,460,2,0,0,0x02,4,69,22,42,31.667,69.000,37.333,38,38,220,220,54308,59333,59383,,5075,,50,,,,,,50
7222,77,460,2,0,0,0x02,4,68,22,42,31.333,68.000,36.667,38,37,220,220,54308,59383,59433,,5125,,50,,,,,,50
7223,77,460,2,0,0,0x02,4,68,22,42,31.333,68.000,36.667,37,37,220,220,54308,59433,59483,,5175,,50,,,,,,50
7224,77,460,2,0,0,0x02,4,67,22,41,31.000,67.000,36.000,37,36,220,220,54308,59483,59533,,5225,,50,,,,,,50
7225,77,460,2,0,0,0x02,3,67,21,41,30.333,67.000,36.667,36,37,220,220,54308,59533,59583,,5275,,50,,,,,,50
7226,77,460,2,0,0,0x02,3,66,22,41,30.333,66.000,35.667,37,36,220,220,54308,59583,59633,,5325,,50,,,,,,50
7227,77,460,2,0,0,0x02,3,66,21,41,30.000,66.000,36.000,36,36,220,220,54308,59633,59683,,5375,,50,,,,,,50
7228,77,460,2,0,0,0x02,3,65,21,40,29.667,65.000,35.333,36,36,220,220,54308,59683,59733,,5425,,50,,,,,,50
7229,77,460,2,0,0,0x02,3,64,22,40,29.667,64.000,34.333,36,35,220,220,54308,59733,59783,,5475,,50,,,,,,50
7230,77,460,2,0,0,0x02,3,63,21,40,29.000,63.000,34.000,35,34,220,220,54308,59783,59833,,5525,,50,,,,,,50
7231,77,460,2,0,0,0x02,3,63,21,40,29.000,63.000,34.000,34,34,220,220,54308,59833,59883,,5575,,50,,,,,,50
7232,77,460,2,0,0,0x02,3,62,21,39,28.667,62.000,33.333,34,34,220,220,54308,59883,59933,,5625,,50,,,,,,50
7233,77,460,2,0,0,0x02,3,61,21,39,28.333,61.000,32.667,34,33,220,220,54308,59933,59983,,5675,,50,,,,,,50
7234,77,460,2,0,0,0x02,3,60,21,39,28.000,60.000,32.000,33,32,220,220,54308,59983,60033,,5725,,50,,,,,,50
7235,77,460,2,0,0,0x02,3,60,21,38,28.000,60.000,32.000,32,32,220,220,54308,60033,60083,,5775,,50,,,,,,50
7236,77,460,2,0,0,0x02,7,59,21,39,29.000,59.000,30.000,32,30,220,220,54308,60083,60133,,5825,,50,,,,,,50
7237,77,460,2,0,0,0x02,3,58,21,38,27.333,58.000,30.667,30,31,220,220,54308,60133,60183,,5875,,50,,,,,,50
7238,77,460,2,0,0,0x02,2,58,21,38,27.000,58.000,31.000,31,31,220,220,54308,60183,60233,,5925,,50,,,,,,50
7239,77,460,2,0,0,0x02,3,57,21,37,27.000,57.000,30.000,31,30,220,220,54308,60233,60283,,5975,,50,,,,,,50
7240,77,460,2,0,0,0x02,3,56,21,37,26.667,56.000,29.333,30,30,220,220,54308,60283,60333,,6025,,50,,,,,,50
7241,77,461,3,0,0,0x03,0,0,16,5,5.333,0.000,-5.333,-5,-5,220,220,60773,65383,65433,,4660,,50,,,,,,50
7242,77,461,3,0,0,0x03,0,0,16,6,5.333,0.000,-5.333,-5,-5,220,220,60773,65433,65483,,4710,,50,,,,,,50
7243,77,461,3,0,0,0x03,0,0,16,6,5.333,0.000,-5.333,-5,-5,220,220,60773,65483,65533,,4760,,50,,,,,,50
7244,77,461,3,0,0,0x03,0,0,16,6,5.333,0.000,-5.333,-5,-5,220,220,60773,65533,47,,4810,,50,,,,,,50
7245,77,461,3,0,0,0x03,0,0,16,7,5.333,0.000,-5.333,-5,-5,220,220,60773,47,97,,4860,,50,,,,,,50
7246,77,461,3,0,0,0x03,0,0,16,7,5.333,0.000,-5.333,-5,-5,220,220,60773,97,147,,4910,,50,,,,,,50
7247,77,461,3,0,0,0x03,0,0,17,8,5.667,0.000,-5.667,-5,-5,220,220,60773,147,197,,4960,,50,,,,,,50
7248,77,461,3,0,0,0x03,0,0,17,8,5.667,0.000,-5.667,-5,-5,220,220,60773,197,247,,5010,,50,,,,,,50
7249,77,461,3,0,0,0x03,0,0,17,8,5.667,0.000,-5.667,-5,-5,220,220,60773,247,297,,5060,,50,,,,,,50
7250,77,461,3,0,0,0x03,0,0,17,9,5.667,0.000,-5.667,-5,-5,220,220,60773,297,347,,5110,,50,,,,,,50
7251,77,461,3,0,0,0x03,0,0,17,9,5.667,0.000,-5.667,-5,-5,220,220,60773,347,397,,5160,,50,,,,,,50
7252,77,461,3,0,0,0x03,0,0,17,9,5.667,0.000,-5.667,-5,-5,220,220,60773,397,447,,5210,,50,,,,,,50
7253,77,461,3,0,0,0x03,0,0,17,10,5.667,0.000,-5.667,-5,-5,220,220,60773,447,497,,5260,,50,,,,,,50
7254,77,461,3,0,0,0x03,0,0,17,10,5.667,0.000,-5.667,-5,-5,220,220,60773,497,547,,5310,,50,,,,,,50
7255,77,461,3,0,0,0x03,0,0,17,11,5.667,0.000,-5.667,-5,-5,220,220,60773,547,597,,5360,,50,,,,,,50
7256,77,461,3,0,0,0x03,0,0,17,11,5.667,0.000,-5.667,-5,-5,220,220,60773,597,647,,5410,,50,,,,,,50
7257,77,461,3,0,0,0x03,0,0,17,11,5.667,0.000,-5.667,-5,-5,220,220,60773,647,697,,5460,,50,,,,,,50
7258,77,461,3,0,0,0x03,0,0,17,12,5.667,0.000,-5.667,-5,-5,220,220,60773,697,747,,5510,,50,,,,,,50
7259,77,461,3,0,0,0x03,0,0,17,12,5.667,0.000,-5.667,-5,-5,220,220,60773,747,797,,5560,,50,,,,,,50
7260,77,461,3,0,0,0x03,0,0,17,12,5.667,0.000,-5.667,-5,-5,220,220,60773,797,847,,5610,,50,,,,,,50
7261,77,462,4,0,0,0x04,24,0,49,35,24.333,49.000,24.667,25,25,220,220,1720,6897,6947,,5227,,50,,,,,,50
7262,77,462,4,0,0,0x04,24,0,47,35,23.667,47.000,23.333,25,24,220,220,1720,6947,6997,,5277,,50,,,,,,50
7263,77,462,4,0,0,0x04,24,0,47,34,23.667,47.000,23.333,24,24,220,220,1720,6997,7047,,5327,,50,,,,,,50
7264,77,462,4,0,0,0x04,24,0,45,34,23.000,45.000,22.000,24,22,220,220,1720,7047,7097,,5377,,50,,,,,,50
7265,77,462,4,0,0,0x04,23,0,44,33,22.333,44.000,21.667,22,22,220,220,1720,7097,7147,,5427,,50,,,,,,50
7266,77,462,4,0,0,0x04,23,0,43,33,22.000,43.000,21.000,22,21,220,220,1720,7147,7197,,5477,,50,,,,,,50
7267,77,462,4,0,0,0x04,23,0,42,32,21.667,42.000,20.333,21,21,220,220,1720,7197,7247,,5527,,50,,,,,,50
7268,77,462,4,0,0,0x04,23,0,41,32,21.333,41.000,19.667,21,20,220,220,1720,7247,7297,,5577,,50,,,,,,50
7269,77,462,4,0,0,0x04,23,0,40,31,21.000,40.000,19.000,20,19,220,220,1720,7297,7347,,5627,,50,,,,,,50
7270,77,462,4,0,0,0x04,23,0,38,31,20.333,38.000,17.667,19,18,220,220,1720,7347,7397,,5677,,50,,,,,,50
7271,77,462,4,0,0,0x04,23,0,37,31,20.000,37.000,17.000,18,17,220,220,1720,7397,7447,,5727,,50,,,,,,50
7272,77,462,4,0,0,0x04,23,0,36,30,19.667,36.000,16.333,17,17,220,220,1720,7447,7497,,5777,,50,,,,,,50
7273,77,462,4,0,0,0x04,23,0,35,30,19.333,35.000,15.667,17,16,220,220,1720,7497,7547,,5827,,50,,,,,,50
7274,77,462,4,0,0,0x04,27,0,33,30,20.000,33.000,13.000,16,13,220,220,1720,7547,7597,,5877,,50,,,,,,50
7275,77,462,4,0,0,0x04,22,0,32,29,18.000,32.000,14.000,13,14,220,220,1720,7597,7647,,5927,,50,,,,,,50
7276,77,462,4,0,0,0x04,22,0,32,28,18.000,32.000,14.000,14,14,220,220,1720,7647,7697,,5977,,50,,,,,,50
7277,77,462,4,0,0,0x04,22,0,30,28,17.333,30.000,12.667,14,13,220,220,1720,7697,7747,,6027,,50,,,,,,50
7278,77,462,4,0,0,0x04,22,0,28,27,16.667,28.000,11.333,13,12,220,220,1720,7747,7797,,6077,,50,,,,,,50
7279,77,462,4,0,0,0x04,22,0,27,27,16.333,27.000,10.667,12,11,220,220,1720,7797,7847,,6127,,50,,,,,,50
7280,77,462,4,0,0,0x04,22,0,27,26,16.333,27.000,10.667,11,11,220,220,1720,7847,7897,,6177,,50,,,,,,50
7281,78,463,5,0,0,0x05,18,0,0,0,6.000,0.000,-6.000,-6,-6,220,220,8185,12947,12997,,4812,,50,,,,,,50
7282,78,463,5,0,0,0x05,18,0,0,0,6.000,0.000,-6.000,-6,-6,220,220,8185,12997,13047,,4862,,50,,,,,,50
7283,78,463,5,0,0,0x05,18,0,0,0,6.000,0.000,-6.000,-6,-6,220,220,8185,13047,13097,,4912,,50,,,,,,50
7284,78,463,5,0,0,0x05,18,0,0,0,6.000,0.000,-6.000,-6,-6,220,220,8185,13097,13147,,4962,,50,,,,,,50
7285,78,463,5,0,0,0x05,18,0,0,0,6.000,0.000,-6.000,-6,-6,220,220,8185,13147,13197,,5012,,50,,,,,,50
7286,78,463,5,0,0,0x05,18,0,0,0,6.000,0.000,-6.000,-6,-6,220,220,8185,13197,13247,,5062,,50,,,,,,50
7287,78,463,5,0,0,0x05,18,0,0,0,6.000,0.000,-6.000,-6,-6,220,220,8185,13247,13297,,5112,,50,,,,,,50
7288,78,463,5,0,0,0x05,18,0,0,1,6.000,0.000,-6.000,-6,-6,220,220,8185,13297,13347,,5162,,50,,,,,,50
7289,78,463,5,0,0,0x05,18,0,0,1,6.000,0.000,-6.000,-6,-6,220,220,8185,13347,13397,,5212,,50,,,,,,50
7290,78,463,5,0,0,0x05,18,0,0,1,6.000,0.000,-6.000,-6,-6,220,220,8185,13397,13447,,5262,,50,,,,,,50
7291,78,463,5,0,0,0x05,18,0,0,1,6.000,0.000,-6.000,-6,-6,220,220,8185,13447,13497,,5312,,50,,,,,,50
7292,78,463,5,0,0,0x05,18,0,0,1,6.000,0.000,-6.000,-6,-6,220,220,8185,13497,13547,,5362,,50,,,,,,50
7293,78,463,5,0,0,0x05,23,0,0,2,7.667,0.000,-7.667,-6,-7,220,220,8185,13547,13597,,5412,,50,,,,,,50
7294,78,463,5,0,0,0x05,18,0,0,2,6.000,0.000,-6.000,-7,-6,220,220,8185,13597,13647,,5462,,50,,,,,,50
7295,78,463,5,0,0,0x05,18,0,0,2,6.000,0.000,-6.000,-6,-6,220,220,8185,13647,13697,,5512,,50,,,,,,50
7296,78,463,5,0,0,0x05,18,0,0,2,6.000,0.000,-6.000,-6,-6,220,220,8185,13697,13747,,5562,,50,,,,,,50
7297,78,463,5,0,0,0x05,18,0,0,2,6.000,0.000,-6.000,-6,-6,220,220,8185,13747,13797,,5612,,50,,,,,,50
7298,78,463,5,0,0,0x05,19,0,0,2,6.333,0.000,-6.333,-6,-6,220,220,8185,13797,13847,,5662,,50,,,,,,50
7299,78,463,5,0,0,0x05,19,0,0,3,6.333,0.000,-6.333,-6,-6,220,220,8185,13847,13897,,5712,,50,,,,,,50
7300,78,463,5,0,0,0x05,18,0,0,3,6.000,0.000,-6.000,-6,-6,220,220,8185,13897,13947,,5762,,50,,,,,,50
7301,78,464,6,0,0,0x06,48,21,0,34,23.000,48.000,25.000,26,25,220,220,14669,19997,20047,,5378,,50,,,,,,50
7302,78,464,6,0,0,0x06,47,21,0,33,22.667,47.000,24.333,25,25,220,220,14669,20047,20097,,5428,,50,,,,,,50
7303,78,464,6,0,0,0x06,46,21,0,33,22.333,46.000,23.667,25,24,220,220,14669,20097,20147,,5478,,50,,,,,,50
7304,78,464,6,0,0,0x06,44,21,0,32,21.667,44.000,22.333,24,23,220,220,14669,20147,20197,,5528,,50,,,,,,50
7305,78,464,6,0,0,0x06,43,21,0,32,21.333,43.000,21.667,23,22,220,220,14669,20197,20247,,5578,,50,,,,,,50
7306,78,464,6,0,0,0x06,43,21,0,31,21.333,43.000,21.667,22,22,220,220,14669,20247,20297,,5628,,50,,,,,,50
7307,78,464,6,0,0,0x06,41,21,0,31,20.667,41.000,20.333,22,21,220,220,14669,20297,20347,,5678,,50,,,,,,50
7308,78,464,6,0,0,0x06,39,21,0,30,20.000,39.000,19.000,21,19,220,220,14669,20347,20397,,5728,,50,,,,,,50
7309,78,464,6,0,0,0x06,39,20,0,30,19.667,39.000,19.333,19,20,220,220,14669,20397,20447,,5778,,50,,,,,,50
7310,78,464,6,0,0,0x06,38,21,0,29,19.667,38.000,18.333,20,19,220,220,14669,20447,20497,,5828,,50,,,,,,50
7311,78,464,6,0,0,0x06,36,20,0,29,18.667,36.000,17.333,19,18,220,220,14669,20497,20547,,5878,,50,,,,,,50
7312,78,464,6,0,0,0x06,39,20,0,29,19.667,39.000,19.333,18,20,220,220,14669,20547,20597,,5928,,50,,,,,,50
7313,78,464,6,0,0,0x06,34,20,0,28,18.000,34.000,16.000,20,16,220,220,14669,20597,20647,,5978,,50,,,,,,50
7314,78,464,6,0,0,0x06,33,20,0,28,17.667,33.000,15.333,16,16,220,220,14669,20647,20697,,6028,,50,,,,,,50
7315,78,464,6,0,0,0x06,32,20,0,27,17.333,32.000,14.667,16,15,220,220,14669,20697,20747,,6078,,50,,,,,,50
7316,78,464,6,0,0,0x06,31,20,0,27,17.000,31.000,14.000,15,14,220,220,14669,20747,20797,,6128,,50,,,,,,50
7317,78,464,6,0,0,0x06,30,20,0,27,16.667,30.000,13.333,14,14,220,220,14669,20797,20847,,6178,,50,,,,,,50
7318,78,464,6,0,0,0x06,29,20,0,26,16.333,29.000,12.667,14,13,220,220,14669,20847,20897,,6228,,50,,,,,,50
7319,78,464,6,0,0,0x06,27,20,0,25,15.667,27.000,11.333,13,12,220,220,14669,20897,20947,,6278,,50,,,,,,50
7320,78,464,6,0,0,0x06,26,19,0,25,15.000,26.000,11.000,12,11,220,220,14669,20947,20997,,6328,,50,,,,,,50
7321,78,465,1,0,0,0x01,0,18,0,5,6.000,0.000,-6.000,-6,-6,220,220,21134,26047,26097,,4963,,50,,,,,,50
7322,78,465,1,0,0,0x01,0,18,0,5,6.000,0.000,-6.000,-6,-6,220,220,21134,26097,26147,,5013,,50,,,,,,50
7323,78,465,1,0,0,0x01,0,18,0,5,6.000,0.000,-6.000,-6,-6,220,220,21134,26147,26197,,5063,,50,,,,,,50
7324,78,465,1,0,0,0x01,0,18,0,6,6.000,0.000,-6.000,-6,-6,220,220,21134,26197,26247,,5113,,50,,,,,,50
7325,78,465,1,0,0,0x01,0,18,0,6,6.000,0.000,-6.000,-6,-6,220,220,21134,26247,26297,,5163,,50,,,,,,50
7326,78,465,1,0,0,0x01,0,18,0,6,6.000,0.000,-6.000,-6,-6,220,220,21134,26297,26347,,5213,,50,,,,,,50
7327,78,465,1,0,0,0x01,0,18,0,7,6.000,0.000,-6.000,-6,-6,220,220,21134,26347,26397,,5263,,50,,,,,,50
7328,78,465,1,0,0,0x01,0,18,0,7,6.000,0.000,-6.000,-6,-6,220,220,21134,26397,26447,,5313,,50,,,,,,50
7329,78,465,1,0,0,0x01,0,18,0,7,6.000,0.000,-6.000,-6,-6,220,220,21134,26447,26497,,5363,,50,,,,,,50
7330,78,465,1,0,0,0x01,0,18,0,7,6.000,0.000,-6.000,-6,-6,220,220,21134,26497,26547,,5413,,50,,,,,,50
7331,78,465,1,0,0,0x01,3,18,0,9,7.000,0.000,-7.000,-6,-7,220,220,21134,26547,26597,,5463,,50,,,,,,50
7332,78,465,1,0,0,0x01,0,18,0,8,6.000,0.000,-6.000,-7,-6,220,220,21134,26597,26647,,5513,,50,,,,,,50
7333,78,465,1,0,0,0x01,0,18,0,9,6.000,0.000,-6.000,-6,-6,220,220,21134,26647,26697,,5563,,50,,,,,,50
7334,78,465,1,0,0,0x01,0,18,0,9,6.000,0.000,-6.000,-6,-6,220,220,21134,26697,26747,,5613,,50,,,,,,50
7335,78,465,1,0,0,0x01,0,18,0,9,6.000,0.000,-6.000,-6,-6,220,220,21134,26747,26797,,5663,,50,,,,,,50
7336,78,465,1,0,0,0x01,0,18,0,10,6.000,0.000,-6.000,-6,-6,220,220,21134,26797,26847,,5713,,50,,,,,,50
7337,78,465,1,0,0,0x01,0,18,0,9,6.000,0.000,-6.000,-6,-6,220,220,21134,26847,26897,,5763,,50,,,,,,50
7338,78,465,1,0,0,0x01,0,18,0,10,6.000,0.000,-6.000,-6,-6,220,220,21134,26897,26947,,5813,,50,,,,,,50
7339,78,465,1,0,0,0x01,0,18,0,11,6.000,0.000,-6.000,-6,-6,220,220,21134,26947,26997,,5863,,50,,,,,,50
7340,78,465,1,0,0,0x01,0,18,0,11,6.000,0.000,-6.000,-6,-6,220,220,21134,26997,27047,,5913,,50,,,,,,50
7341,78,466,2,0,0,0x02,4,67,21,41,30.667,67.000,36.333,37,37,220,220,27624,32097,32147,,4523,,50,,,,,,50
7342,78,466,2,0,0,0x02,4,66,22,41,30.667,66.000,35.333,37,36,220,220,27624,32147,32197,,4573,,50,,,,,,50
7343,78,466,2,0,0,0x02,4,66,22,41,30.667,66.000,35.333,36,36,220,220,27624,32197,32247,,4623,,50,,,,,,50
7344,78,466,2,0,0,0x02,4,66,21,41,30.333,66.000,35.667,36,36,220,220,27624,32247,32297,,4673,,50,,,,,,50
7345,78,466,2,0,0,0x02,3,65,21,40,29.667,65.000,35.333,36,36,220,220,27624,32297,32347,,4723,,50,,,,,,50
7346,78,466,2,0,0,0x02,3,63,21,40,29.000,63.000,34.000,36,34,220,220,27624,32347,32397,,4773,,50,,,,,,50
7347,78,466,2,0,0,0x02,3,63,21,40,29.000,63.000,34.000,34,34,220,220,27624,32397,32447,,4823,,50,,,,,,50
7348,78,466,2,0,0,0x02,3,63,21,40,29.000,63.000,34.000,34,34,220,220,27624,32447,32497,,4873,,50,,,,,,50
7349,78,466,2,0,0,0x02,3,62,21,39,28.667,62.000,33.333,34,34,220,220,27624,32497,32547,,4923,,50,,,,,,50
7350,78,466,2,0,0,0x02,7,61,21,39,29.667,61.000,31.333,34,32,220,220,27624,32547,32597,,4973,,50,,,,,,50
7351,78,466,2,0,0,0x02,3,61,21,39,28.333,61.000,32.667,32,33,220,220,27624,32597,32647,,5023,,50,,,,,,50
7352,78,466,2,0,0,0x02,3,60,21,39,28.000,60.000,32.000,33,32,220,220,27624,32647,32697,,5073,,50,,,,,,50
7353,78,466,2,0,0,0x02,3,59,21,38,27.667,59.000,31.333,32,32,220,220,27624,32697,32747,,5123,,50,,,,,,50
7354,78,466,2,0,0,0x02,3,58,21,38,27.333,58.000,30.667,32,31,220,220,27624,32747,32797,,5173,,50,,,,,,50
7355,78,466,2,0,0,0x02,3,58,21,38,27.333,58.000,30.667,31,31,220,220,27624,32797,32847,,5223,,50,,,,,,50
7356,78,467,3,0,0,0x03,3,57,21,37,27.000,3.000,-24.000,8,7,220,220,34088,34897,34947,,859,,50,,,,,,50
7357,78,468,2,0,0,0x02,3,56,21,37,26.667,56.000,29.333,30,30,220,220,27624,32897,32947,,5323,,50,,,,,,50
7358,79,469,3,0,0,0x03,16,1,17,21,11.333,16.000,4.667,6,5,220,220,34088,34997,35047,,959,,50,,,,,,50
7359,79,470,2,0,0,0x02,3,55,21,37,26.333,55.000,28.667,29,29,220,220,27624,32997,33047,,5423,,50,,,,,,50
7360,79,471,3,0,0,0x03,12,1,16,20,9.667,12.000,2.333,4,3,220,220,34088,35097,35147,,1059,,50,,,,,,50
7361,79,471,3,0,0,0x03,0,0,16,4,5.333,0.000,-5.333,-5,-5,220,220,34088,39147,39197,,5109,,50,,,,,,50
7362,79,471,3,0,0,0x03,0,0,16,4,5.333,0.000,-5.333,-5,-5,220,220,34088,39197,39247,,5159,,50,,,,,,50
7363,79,471,3,0,0,0x03,0,0,16,4,5.333,0.000,-5.333,-5,-5,220,220,34088,39247,39297,,5209,,50,,,,,,50
7364,79,471,3,0,0,0x03,0,0,16,5,5.333,0.000,-5.333,-5,-5,220,220,34088,39297,39347,,5259,,50,,,,,,50
7365,79,471,3,0,0,0x03,0,0,16,5,5.333,0.000,-5.333,-5,-5,220,220,34088,39347,39397,,5309,,50,,,,,,50
7366,79,471,3,0,0,0x03,0,0,16,5,5.333,0.000,-5.333,-5,-5,220,220,34088,39397,39447,,5359,,50,,,,,,50
7367,79,471,3,0,0,0x03,0,0,16,6,5.333,0.000,-5.333,-5,-5,220,220,34088,39447,39497,,5409,,50,,,,,,50
7368,79,471,3,0,0,0x03,0,0,17,6,5.667,0.000,-5.667,-5,-5,220,220,34088,39497,39547,,5459,,50,,,,,,50
7369,79,471,3,0,0,0x03,0,0,16,7,5.333,0.000,-5.333,-5,-5,220,220,34088,39547,39597,,5509,,50,,,,,,50
7370,79,471,3,0,0,0x03,0,0,16,6,5.333,0.000,-5.333,-5,-5,220,220,34088,39597,39647,,5559,,50,,,,,,50
7371,79,471,3,0,0,0x03,0,0,16,7,5.333,0.000,-5.333,-5,-5,220,220,34088,39647,39697,,5609,,50,,,,,,50
7372,79,471,3,0,0,0x03,0,0,16,7,5.333,0.000,-5.333,-5,-5,220,220,34088,39697,39747,,5659,,50,,,,,,50
7373,79,471,3,0,0,0x03,0,0,17,7,5.667,0.000,-5.667,-5,-5,220,220,34088,39747,39797,,5709,,50,,,,,,50
7374,79,471,3,0,0,0x03,0,0,17,8,5.667,0.000,-5.667,-5,-5,220,220,34088,39797,39847,,5759,,50,,,,,,50
7375,79,471,3,0,0,0x03,0,0,16,8,5.333,0.000,-5.333,-5,-5,220,220,34088,39847,39897,,5809,,50,,,,,,50
7376,79,471,3,0,0,0x03,0,0,17,8,5.667,0.000,-5.667,-5,-5,220,220,34088,39897,39947,,5859,,50,,,,,,50
7377,79,471,3,0,0,0x03,0,0,17,9,5.667,0.000,-5.667,-5,-5,220,220,34088,39947,39997,,5909,,50,,,,,,50
7378,79,471,3,0,0,0x03,0,0,17,9,5.667,0.000,-5.667,-5,-5,220,220,34088,39997,40047,,5959,,50,,,,,,50
7379,79,471,3,0,0,0x03,0,0,17,9,5.667,0.000,-5.667,-5,-5,220,220,34088,40047,40097,,6009,,50,,,,,,50
7380,79,471,3,0,0,0x03,0,0,17,10,5.667,0.000,-5.667,-5,-5,220,220,34088,40097,40147,,6059,,50,,,,,,50
7381,79,472,4,0,0,0x04,23,0,48,34,23.667,48.000,24.333,25,25,220,220,40576,45197,45247,,4671,,50,,,,,,50
7382,79,472,4,0,0,0x04,23,0,47,34,23.333,47.000,23.667,25,24,220,220,40576,45247,45297,,4721,,50,,,,,,50
7383,79,472,4,0,0,0x04,24,0,46,34,23.333,46.000,22.667,24,23,220,220,40576,45297,45347,,4771,,50,,,,,,50
7384,79,472,4,0,0,0x04,23,0,45,34,22.667,45.000,22.333,23,23,220,220,40576,45347,45397,,4821,,50,,,,,,50
7385,79,472,4,0,0,0x04,23,0,44,33,22.333,44.000,21.667,23,22,220,220,40576,45397,45447,,4871,,50,,,,,,50
7386,79,472,4,0,0,0x04,23,0,42,33,21.667,42.000,20.333,22,21,220,220,40576,45447,45497,,4921,,50,,,,,,50
7387,79,472,4,0,0,0x04,23,0,41,32,21.333,41.000,19.667,21,20,220,220,40576,45497,45547,,4971,,50,,,,,,50
7388,79,472,4,0,0,0x04,27,0,41,33,22.667,41.000,18.333,20,19,220,220,40576,45547,45597,,5021,,50,,,,,,50
7389,79,472,4,0,0,0x04,23,0,40,32,21.000,40.000,19.000,19,19,220,220,40576,45597,45647,,5071,,50,,,,,,50
7390,79,472,4,0,0,0x04,23,0,38,31,20.333,38.000,17.667,19,18,220,220,40576,45647,45697,,5121,,50,,,,,,50
7391,79,472,4,0,0,0x04,23,0,37,31,20.000,37.000,17.000,18,17,220,220,40576,45697,45747,,5171,,50,,,,,,50
7392,79,472,4,0,0,0x04,23,0,36,30,19.667,36.000,16.333,17,17,220,220,40576,45747,45797,,5221,,50,,,,,,50
7393,79,472,4,0,0,0x04,23,0,35,30,19.333,35.000,15.667,17,16,220,220,40576,45797,45847,,5271,,50,,,,,,50
7394,79,472,4,0,0,0x04,22,0,33,29,18.333,33.000,14.667,16,15,220,220,40576,45847,45897,,5321,,50,,,,,,50
7395,79,472,4,0,0,0x04,23,0,32,29,18.333,32.000,13.667,15,14,220,220,40576,45897,45947,,5371,,50,,,,,,50
7396,79,472,4,0,0,0x04,23,0,32,29,18.333,32.000,13.667,14,14,220,220,40576,45947,45997,,5421,,50,,,,,,50
7397,79,472,4,0,0,0x04,23,0,30,28,17.667,30.000,12.333,14,13,220,220,40576,45997,46047,,5471,,50,,,,,,50
7398,79,472,4,0,0,0x04,22,0,29,27,17.000,29.000,12.000,13,12,220,220,40576,46047,46097,,5521,,50,,,,,,50
7399,79,472,4,0,0,0x04,22,0,28,27,16.667,28.000,11.333,12,12,220,220,40576,46097,46147,,5571,,50,,,,,,50
7400,79,472,4,0,0,0x04,22,0,28,27,16.667,28.000,11.333,12,12,220,220,40576,46147,46197,,5621,,50,,,,,,50
7401,79,473,5,0,0,0x05,17,0,0,0,5.667,0.000,-5.667,-6,-5,220,220,47041,52247,52297,,5256,,50,,,,,,50
7402,79,473,5,0,0,0x05,18,0,0,0,6.000,0.000,-6.000,-5,-6,220,220,47041,52297,52347,,5306,,50,,,,,,50
7403,79,473,5,0,0,0x05,18,0,0,0,6.000,0.000,-6.000,-6,-6,220,220,47041,52347,52397,,5356,,50,,,,,,50
7404,79,473,5,0,0,0x05,18,0,0,0,6.000,0.000,-6.000,-6,-6,220,220,47041,52397,52447,,5406,,50,,,,,,50
7405,79,473,5,0,0,0x05,18,0,0,0,6.000,0.000,-6.000,-6,-6,220,220,47041,52447,52497,,5456,,50,,,,,,50
7406,79,473,5,0,0,0x05,18,0,0,0,6.000,0.000,-6.000,-6,-6,220,220,47041,52497,52547,,5506,,50,,,,,,50
7407,79,473,5,0,0,0x05,22,0,0,0,7.333,0.000,-7.333,-6,-7,220,220,47041,52547,52597,,5556,,50,,,,,,50
7408,79,473,5,0,0,0x05,18,0,0,0,6.000,0.000,-6.000,-7,-6,220,220,47041,52597,52647,,5606,,50,,,,,,50
7409,79,473,5,0,0,0x05,18,0,0,0,6.000,0.000,-6.000,-6,-6,220,220,47041,52647,52697,,5656,,50,,,,,,50
7410,79,473,5,0,0,0x05,18,0,0,0,6.000,0.000,-6.000,-6,-6,220,220,47041,52697,52747,,5706,,50,,,,,,50
7411,79,473,5,0,0,0x05,18,0,0,1,6.000,0.000,-6.000,-6,-6,220,220,47041,52747,52797,,5756,,50,,,,,,50
7412,79,473,5,0,0,0x05,19,0,0,1,6.333,0.000,-6.333,-6,-6,220,220,47041,52797,52847,,5806,,50,,,,,,50
7413,79,473,5,0,0,0x05,19,0,0,1,6.333,0.000,-6.333,-6,-6,220,220,47041,52847,52897,,5856,,50,,,,,,50
7414,79,473,5,0,0,0x05,18,0,0,2,6.000,0.000,-6.000,-6,-6,220,220,47041,52897,52947,,5906,,50,,,,,,50
7415,79,473,5,0,0,0x05,19,0,0,2,6.333,0.000,-6.333,-6,-6,220,220,47041,52947,52997,,5956,,50,,,,,,50
7416,79,473,5,0,0,0x05,19,0,0,2,6.333,0.000,-6.333,-6,-6,220,220,47041,52997,53047,,6006,,50,,,,,,50
7417,79,473,5,0,0,0x05,19,0,0,3,6.333,0.000,-6.333,-6,-6,220,220,47041,53047,53097,,6056,,50,,,,,,50
7418,79,473,5,0,0,0x05,18,0,0,4,6.000,0.000,-6.000,-6,-6,220,220,47041,53097,53147,,6106,,50,,,,,,50
7419,79,473,5,0,0,0x05,19,0,0,4,6.333,0.000,-6.333,-6,-6,220,220,47041,53147,53197,,6156,,50,,,,,,50
7420,79,473,5,0,0,0x05,19,0,0,4,6.333,0.000,-6.333,-6,-6,220,220,47041,53197,53247,,6206,,50,,,,,,50
7421,79,474,6,0,0,0x06,46,21,0,33,22.333,46.000,23.667,24,24,220,220,53524,58297,58347,,4823,,50,,,,,,50
7422,79,474,6,0,0,0x06,46,21,0,33,22.333,46.000,23.667,24,24,220,220,53524,58347,58397,,4873,,50,,,,,,50
7423,79,474,6,0,0,0x06,45,21,0,32,22.000,45.000,23.000,24,23,220,220,53524,58397,58447,,4923,,50,,,,,,50
7424,79,474,6,0,0,0x06,44,21,0,32,21.667,44.000,22.333,23,23,220,220,53524,58447,58497,,4973,,50,,,,,,50
7425,79,474,6,0,0,0x06,43,21,0,32,21.333,43.000,21.667,23,22,220,220,53524,58497,58547,,5023,,50,,,,,,50
7426,79,474,6,0,0,0x06,47,21,0,32,22.667,47.000,24.333,22,25,220,220,53524,58547,58597,,5073,,50,,,,,,50
7427,79,474,6,0,0,0x06,42,21,0,31,21.000,42.000,21.000,25,21,220,220,53524,58597,58647,,5123,,50,,,,,,50
7428,79,474,6,0,0,0x06,41,21,0,31,20.667,41.000,20.333,21,21,220,220,53524,58647,58697,,5173,,50,,,,,,50
7429,79,474,6,0,0,0x06,40,20,0,30,20.000,40.000,20.000,21,20,220,220,53524,58697,58747,,5223,,50,,,,,,50
7430,79,474,6,0,0,0x06,40,20,0,30,20.000,40.000,20.000,20,20,220,220,53524,58747,58797,,5273,,50,,,,,,50
7431,79,474,6,0,0,0x06,39,21,0,30,20.000,39.000,19.000,20,19,220,220,53524,58797,58847,,5323,,50,,,,,,50
7432,79,474,6,0,0,0x06,38,21,0,30,19.667,38.000,18.333,19,19,220,220,53524,58847,58897,,5373,,50,,,,,,50
7433,79,474,6,0,0,0x06,38,20,0,29,19.333,38.000,18.667,19,19,220,220,53524,58897,58947,,5423,,50,,,,,,50
7434,79,474,6,0,0,0x06,37,20,0,29,19.000,37.000,18.000,19,18,220,220,53524,58947,58997,,5473,,50,,,,,,50
7435,79,474,6,0,0,0x06,36,20,0,29,18.667,36.000,17.333,18,18,220,220,53524,58997,59047,,5523,,50,,,,,,50
7436,79,474,6,0,0,0x06,35,20,0,28,18.333,35.000,16.667,18,17,220,220,53524,59047,59097,,5573,,50,,,,,,50
7437,79,474,6,0,0,0x06,35,20,0,28,18.333,35.000,16.667,17,17,220,220,53524,59097,59147,,5623,,50,,,,,,50
7438,79,474,6,0,0,0x06,34,20,0,28,18.000,34.000,16.000,17,16,220,220,53524,59147,59197,,5673,,50,,,,,,50
7439,79,474,6,0,0,0x06,33,20,0,28,17.667,33.000,15.333,16,16,220,220,53524,59197,59247,,5723,,50,,,,,,50
7440,79,474,6,0,0,0x06,32,20,0,28,17.333,32.000,14.667,16,15,220,220,53524,59247,59297,,5773,,50,,,,,,50
7441,80,475,1,0,0,0x01,0,18,0,4,6.000,0.000,-6.000,-6,-6,220,220,59989,65347,65397,,5408,,50,,,,,,50
7442,80,475,1,0,0,0x01,0,18,0,5,6.000,0.000,-6.000,-6,-6,220,220,59989,65397,65447,,5458,,50,,,,,,50
7443,80,475,1,0,0,0x01,0,18,0,5,6.000,0.000,-6.000,-6,-6,220,220,59989,65447,65497,,5508,,50,,,,,,50
7444,80,475,1,0,0,0x01,0,18,0,6,6.000,0.000,-6.000,-6,-6,220,220,59989,65497,11,,5558,,50,,,,,,50
7445,80,475,1,0,0,0x01,2,18,0,7,6.667,0.000,-6.667,-6,-6,220,220,59989,11,61,,5608,,50,,,,,,50
7446,80,475,1,0,0,0x01,0,18,0,7,6.000,0.000,-6.000,-6,-6,220,220,59989,61,111,,5658,,50,,,,,,50
7447,80,475,1,0,0,0x01,0,18,0,7,6.000,0.000,-6.000,-6,-6,220,220,59989,111,161,,5708,,50,,,,,,50
7448,80,475,1,0,0,0x01,0,19,0,8,6.333,0.000,-6.333,-6,-6,220,220,59989,161,211,,5758,,50,,,,,,50
7449,80,475,1,0,0,0x01,0,19,0,8,6.333,0.000,-6.333,-6,-6,220,220,59989,211,261,,5808,,50,,,,,,50
7450,80,475,1,0,0,0x01,0,18,0,9,6.000,0.000,-6.000,-6,-6,220,220,59989,261,311,,5858,,50,,,,,,50
7451,80,475,1,0,0,0x01,0,19,0,9,6.333,0.000,-6.333,-6,-6,220,220,59989,311,361,,5908,,50,,,,,,50
7452,80,475,1,0,0,0x01,0,18,0,10,6.000,0.000,-6.000,-6,-6,220,220,59989,361,411,,5958,,50,,,,,,50
7453,80,475,1,0,0,0x01,0,19,0,10,6.333,0.000,-6.333,-6,-6,220,220,59989,411,461,,6008,,50,,,,,,50
7454,80,475,1,0,0,0x01,0,18,0,11,6.000,0.000,-6.000,-6,-6,220,220,59989,461,511,,6058,,50,,,,,,50
7455,80,475,1,0,0,0x01,0,19,0,11,6.333,0.000,-6.333,-6,-6,220,220,59989,511,561,,6108,,50,,,,,,50
7456,80,475,1,0,0,0x01,0,18,0,11,6.000,0.000,-6.000,-6,-6,220,220,59989,561,611,,6158,,50,,,,,,50
7457,80,475,1,0,0,0x01,0,19,0,12,6.333,0.000,-6.333,-6,-6,220,220,59989,611,661,,6208,,50,,,,,,50
7458,80,475,1,0,0,0x01,0,19,0,13,6.333,0.000,-6.333,-6,-6,220,220,59989,661,711,,6258,,50,,,,,,50
7459,80,475,1,0,0,0x01,0,18,0,13,6.000,0.000,-6.000,-6,-6,220,220,59989,711,761,,6308,,50,,,,,,50
7460,80,475,1,0,0,0x01,0,19,0,13,6.333,0.000,-6.333,-6,-6,220,220,59989,761,811,,6358,,50,,,,,,50
7461,80,476,2,0,0,0x02,3,60,21,39,28.000,60.000,32.000,32,32,220,220,938,5861,5911,,4973,,50,,,,,,50
7462,80,476,2,0,0,0x02,3,60,21,39,28.000,60.000,32.000,32,32,220,220,938,5911,5961,,5023,,50,,,,,,50
7463,80,476,2,0,0,0x02,3,59,21,38,27.667,59.000,31.333,32,32,220,220,938,5961,6011,,5073,,50,,,,,,50
7464,80,476,2,0,0,0x02,7,59,21,39,29.000,59.000,30.000,32,30,220,220,938,6011,6061,,5123,,50,,,,,,50
7465,80,476,2,0,0,0x02,3,59,21,38,27.667,59.000,31.333,30,32,220,220,938,6061,6111,,5173,,50,,,,,,50
7466,80,476,2,0,0,0x02,3,58,21,38,27.333,58.000,30.667,32,31,220,220,938,6111,6161,,5223,,50,,,,,,50
7467,80,476,2,0,0,0x02,3,57,21,38,27.000,57.000,30.000,31,30,220,220,938,6161,6211,,5273,,50,,,,,,50
7468,80,476,2,0,0,0x02,3,57,21,37,27.000,57.000,30.000,30,30,220,220,938,6211,6261,,5323,,50,,,,,,50
7469,80,476,2,0,0,0x02,3,57,21,38,27.000,57.000,30.000,30,30,220,220,938,6261,6311,,5373,,50,,,,,,50
7470,80,476,2,0,0,0x02,3,56,21,37,26.667,56.000,29.333,30,30,220,220,938,6311,6361,,5423,,50,,,,,,50
7471,80,476,2,0,0,0x02,3,55,21,37,26.333,55.000,28.667,30,29,220,220,938,6361,6411,,5473,,50,,,,,,50
7472,80,476,2,0,0,0x02,3,55,21,37,26.333,55.000,28.667,29,29,220,220,938,6411,6461,,5523,,50,,,,,,50
7473,80,476,2,0,0,0x02,3,55,21,36,26.333,55.000,28.667,29,29,220,220,938,6461,6511,,5573,,50,,,,,,50
7474,80,476,2,0,0,0x02,3,54,21,36,26.000,54.000,28.000,29,28,220,220,938,6511,6561,,5623,,50,,,,,,50
7475,80,476,2,0,0,0x02,3,53,20,36,25.333,53.000,27.667,28,28,220,220,938,6561,6611,,5673,,50,,,,,,50
7476,80,476,2,0,0,0x02,3,53,21,36,25.667,53.000,27.333,28,28,220,220,938,6611,6661,,5723,,50,,,,,,50
7477,80,476,2,0,0,0x02,3,52,20,36,25.000,52.000,27.000,28,27,220,220,938,6661,6711,,5773,,50,,,,,,50
7478,80,476,2,0,0,0x02,3,51,21,35,25.000,51.000,26.000,27,26,220,220,938,6711,6761,,5823,,50,,,,,,50
7479,80,476,2,0,0,0x02,3,50,20,35,24.333,50.000,25.667,26,26,220,220,938,6761,6811,,5873,,50,,,,,,50
7480,80,476,2,0,0,0x02,3,50,21,35,24.667,50.000,25.333,26,26,220,220,938,6811,6861,,5923,,50,,,,,,50
7481,80,477,3,0,0,0x03,0,0,16,4,5.333,0.000,-5.333,-5,-5,220,220,7402,11911,11961,,4559,,50,,,,,,50
7482,80,477,3,0,0,0x03,0,0,16,4,5.333,0.000,-5.333,-5,-5,220,220,7402,11961,12011,,4609,,50,,,,,,50
7483,80,477,3,0,0,0x03,0,0,16,5,5.333,0.000,-5.333,-5,-5,220,220,7402,12011,12061,,4659,,50,,,,,,50
7484,80,477,3,0,0,0x03,0,0,16,5,5.333,0.000,-5.333,-5,-5,220,220,7402,12061,12111,,4709,,50,,,,,,50
7485,80,477,3,0,0,0x03,0,0,16,5,5.333,0.000,-5.333,-5,-5,220,220,7402,12111,12161,,4759,,50,,,,,,50
7486,80,477,3,0,0,0x03,0,0,16,5,5.333,0.000,-5.333,-5,-5,220,220,7402,12161,12211,,4809,,50,,,,,,50
7487,80,477,3,0,0,0x03,0,0,16,5,5.333,0.000,-5.333,-5,-5,220,220,7402,12211,12261,,4859,,50,,,,,,50
7488,80,477,3,0,0,0x03,0,0,17,6,5.667,0.000,-5.667,-5,-5,220,220,7402,12261,12311,,4909,,50,,,,,,50
7489,80,477,3,0,0,0x03,0,0,16,6,5.333,0.000,-5.333,-5,-5,220,220,7402,12311,12361,,4959,,50,,,,,,50
7490,80,477,3,0,0,0x03,0,0,16,7,5.333,0.000,-5.333,-5,-5,220,220,7402,12361,12411,,5009,,50,,,,,,50
7491,80,477,3,0,0,0x03,0,0,16,7,5.333,0.000,-5.333,-5,-5,220,220,7402,12411,12461,,5059,,50,,,,,,50
7492,80,477,3,0,0,0x03,0,0,17,7,5.667,0.000,-5.667,-5,-5,220,220,7402,12461,12511,,5109,,50,,,,,,50
7493,80,477,3,0,0,0x03,0,0,16,8,5.333,0.000,-5.333,-5,-5,220,220,7402,12511,12561,,5159,,50,,,,,,50
7494,80,477,3,0,0,0x03,0,0,17,8,5.667,0.000,-5.667,-5,-5,220,220,7402,12561,12611,,5209,,50,,,,,,50
7495,80,477,3,0,0,0x03,0,0,17,8,5.667,0.000,-5.667,-5,-5,220,220,7402,12611,12661,,5259,,50,,,,,,50
7496,80,477,3,0,0,0x03,0,0,17,9,5.667,0.000,-5.667,-5,-5,220,220,7402,12661,12711,,5309,,50,,,,,,50
7497,80,477,3,0,0,0x03,0,0,17,9,5.667,0.000,-5.667,-5,-5,220,220,7402,12711,12761,,5359,,50,,,,,,50
7498,80,477,3,0,0,0x03,0,0,17,9,5.667,0.000,-5.667,-5,-5,220,220,7402,14811,14861,,7459,,50,,,,,,50
7499,80,477,3,0,0,0x03,0,0,17,10,5.667,0.000,-5.667,-5,-5,220,220,7402,12811,12861,,5459,,50,,,,,,50
7500,80,478,4,0,0,0x04,21,0,15,23,12.000,15.000,3.000,2,3,220,220,13886,14911,14961,,1075,,50,,,,,,50
7501,80,478,4,0,0,0x04,24,0,55,37,26.333,55.000,28.667,30,29,220,220,13886,18961,19011,,5125,,50,,,,,,50
7502,80,478,4,0,0,0x04,29,1,55,38,28.333,55.000,26.667,29,27,220,220,13886,19011,19061,,5175,,50,,,,,,50
7503,80,478,4,0,0,0x04,25,0,54,37,26.333,54.000,27.667,27,28,220,220,13886,19061,19111,,5225,,50,,,,,,50
7504,80,478,4,0,0,0x04,24,0,52,36,25.333,52.000,26.667,28,27,220,220,13886,19111,19161,,5275,,50,,,,,,50
7505,80,478,4,0,0,0x04,24,0,52,36,25.333,52.000,26.667,27,27,220,220,13886,19161,19211,,5325,,50,,,,,,50
7506,80,478,4,0,0,0x04,24,1,51,36,25.333,51.000,25.667,27,26,220,220,13886,19211,19261,,5375,,50,,,,,,50
7507,80,478,4,0,0,0x04,24,0,50,36,24.667,50.000,25.333,26,26,220,220,13886,19261,19311,,5425,,50,,,,,,50
7508,80,478,4,0,0,0x04,24,0,49,35,24.333,49.000,24.667,26,25,220,220,13886,19311,19361,,5475,,50,,,,,,50
7509,80,478,4,0,0,0x04,24,0,48,35,24.000,48.000,24.000,25,24,220,220,13886,19361,19411,,5525,,50,,,,,,50
7510,80,478,4,0,0,0x04,24,0,47,34,23.667,47.000,23.333,24,24,220,220,13886,19411,19461,,5575,,50,,,,,,50
7511,80,478,4,0,0,0x04,24,0,46,34,23.333,46.000,22.667,24,23,220,220,13886,19461,19511,,5625,,50,,,,,,50
7512,80,478,4,0,0,0x04,24,0,45,34,23.000,45.000,22.000,23,22,220,220,13886,19511,19561,,5675,,50,,,,,,50
7513,80,478,4,0,0,0x04,23,0,44,33,22.333,44.000,21.667,22,22,220,220,13886,19561,19611,,5725,,50,,,,,,50
7514,80,478,4,0,0,0x04,23,0,43,33,22.000,43.000,21.000,22,21,220,220,13886,19611,19661,,5775,,50,,,,,,50
7515,80,478,4,0,0,0x04,23,0,42,32,21.667,42.000,20.333,21,21,220,220,13886,19661,19711,,5825,,50,,,,,,50
7516,80,478,4,0,0,0x04,23,0,40,32,21.000,40.000,19.000,21,19,220,220,13886,19711,19761,,5875,,50,,,,,,50
7517,80,478,4,0,0,0x04,23,0,40,32,21.000,40.000,19.000,19,19,220,220,13886,19761,19811,,5925,,50,,,,,,50
7518,80,478,4,0,0,0x04,23,0,39,31,20.667,39.000,18.333,19,19,220,220,13886,19811,19861,,5975,,50,,,,,,50
7519,80,478,4,0,0,0x04,23,0,37,31,20.000,37.000,17.000,19,17,220,220,13886,19861,19911,,6025,,50,,,,,,50
7520,80,478,4,0,0,0x04,23,0,36,30,19.667,36.000,16.333,17,17,220,220,13886,19911,19961,,6075,,50,,,,,,50
7521,80,479,5,0,0,0x05,23,0,0,1,7.667,0.000,-7.667,-6,-7,220,220,20350,25011,25061,,4711,,50,,,,,,50
7522,80,479,5,0,0,0x05,18,0,0,0,6.000,0.000,-6.000,-7,-6,220,220,20350,25061,25111,,4761,,50,,,,,,50
7523,80,479,5,0,0,0x05,18,0,0,1,6.000,0.000,-6.000,-6,-6,220,220,20350,25111,25161,,4811,,50,,,,,,50
7524,80,479,5,0,0,0x05,18,0,0,1,6.000,0.000,-6.000,-6,-6,220,220,20350,25161,25211,,4861,,50,,,,,,50
7525,80,479,5,0,0,0x05,18,0,0,1,6.000,0.000,-6.000,-6,-6,220,220,20350,25211,25261,,4911,,50,,,,,,50
7526,80,479,5,0,0,0x05,18,0,0,2,6.000,0.000,-6.000,-6,-6,220,220,20350,25261,25311,,4961,,50,,,,,,50
7527,80,479,5,0,0,0x05,18,0,0,2,6.000,0.000,-6.000,-6,-6,220,220,20350,25311,25361,,5011,,50,,,,,,50
7528,80,479,5,0,0,0x05,18,0,0,3,6.000,0.000,-6.000,-6,-6,220,220,20350,25361,25411,,5061,,50,,,,,,50
7529,80,479,5,0,0,0x05,19,0,0,3,6.333,0.000,-6.333,-6,-6,220,220,20350,25411,25461,,5111,,50,,,,,,50
7530,80,479,5,0,0,0x05,19,0,0,3,6.333,0.000,-6.333,-6,-6,220,220,20350,25461,25511,,5161,,50,,,,,,50
7531,80,479,5,0,0,0x05,19,0,0,3,6.333,0.000,-6.333,-6,-6,220,220,20350,25511,25561,,5211,,50,,,,,,50
7532,80,479,5,0,0,0x05,18,0,0,3,6.000,0.000,-6.000,-6,-6,220,220,20350,25561,25611,,5261,,50,,,,,,50
7533,80,479,5,0,0,0x05,19,0,0,4,6.333,0.000,-6.333,-6,-6,220,220,20350,25611,25661,,5311,,50,,,,,,50
7534,80,479,5,0,0,0x05,19,0,0,4,6.333,0.000,-6.333,-6,-6,220,220,20350,25661,25711,,5361,,50,,,,,,50
7535,80,479,5,0,0,0x05,19,0,0,5,6.333,0.000,-6.333,-6,-6,220,220,20350,25711,25761,,5411,,50,,,,,,50
7536,80,479,5,0,0,0x05,19,0,0,5,6.333,0.000,-6.333,-6,-6,220,220,20350,25761,25811,,5461,,50,,,,,,50
7537,80,479,5,0,0,0x05,19,0,0,5,6.333,0.000,-6.333,-6,-6,220,220,20350,25811,25861,,5511,,50,,,,,,50
7538,80,479,5,0,0,0x05,19,0,0,6,6.333,0.000,-6.333,-6,-6,220,220,20350,25861,25911,,5561,,50,,,,,,50
7539,80,479,5,0,0,0x05,19,0,0,6,6.333,0.000,-6.333,-6,-6,220,220,20350,25911,25961,,5611,,50,,,,,,50
7540,80,479,5,0,0,0x05,19,0,0,6,6.333,0.000,-6.333,-6,-6,220,220,20350,25961,26011,,5661,,50,,,,,,50
7541,80,480,6,0,0,0x06,47,21,0,33,22.667,47.000,24.333,29,25,220,220,26834,32061,32111,,5277,,50,,,,,,50
7542,80,480,6,0,0,0x06,47,21,0,34,22.667,47.000,24.333,25,25,220,220,26834,32111,32161,,5327,,50,,,,,,50
7543,80,480,6,0,0,0x06,46,21,0,33,22.333,46.000,23.667,25,24,220,220,26834,32161,32211,,5377,,50,,,,,,50
7544,80,480,6,0,0,0x06,45,21,0,33,22.000,45.000,23.000,24,23,220,220,26834,32211,32261,,5427,,50,,,,,,50
7545,80,480,6,0,0,0x06,44,21,0,32,21.667,44.000,22.333,23,23,220,220,26834,32261,32311,,5477,,50,,,,,,50
7546,80,480,6,0,0,0x06,43,21,0,32,21.333,43.000,21.667,23,22,220,220,26834,32311,32361,,5527,,50,,,,,,50
7547,80,480,6,0,0,0x06,42,21,0,31,21.000,42.000,21.000,22,21,220,220,26834,32361,32411,,5577,,50,,,,,,50
7548,80,480,6,0,0,0x06,40,21,0,31,20.333,40.000,19.667,21,20,220,220,26834,32411,32461,,5627,,50,,,,,,50
7549,80,480,6,0,0,0x06,39,20,0,30,19.667,39.000,19.333,20,20,220,220,26834,32461,32511,,5677,,50,,,,,,50
7550,80,480,6,0,0,0x06,39,20,0,30,19.667,39.000,19.333,20,20,220,220,26834,32511,32561,,5727,,50,,,,,,50
7551,80,480,6,0,0,0x06,38,20,0,30,19.333,38.000,18.667,20,19,220,220,26834,32561,32611,,5777,,50,,,,,,50
7552,80,480,6,0,0,0x06,37,20,0,29,19.000,37.000,18.000,19,18,220,220,26834,32611,32661,,5827,,50,,,,,,50
7553,80,480,6,0,0,0x06,35,21,0,29,18.667,35.000,16.333,18,17,220,220,26834,32661,32711,,5877,,50,,,,,,50
7554,80,480,6,0,0,0x06,35,20,0,28,18.333,35.000,16.667,17,17,220,220,26834,32711,32761,,5927,,50,,,,,,50
7555,80,480,6,0,0,0x06,34,20,0,28,18.000,34.000,16.000,17,16,220,220,26834,32761,32811,,5977,,50,,,,,,50
7556,80,480,6,0,0,0x06,32,20,0,28,17.333,32.000,14.667,16,15,220,220,26834,32811,32861,,6027,,50,,,,,,50
7557,80,480,6,0,0,0x06,31,20,0,27,17.000,31.000,14.000,15,14,220,220,26834,32861,32911,,6077,,50,,,,,,50
7558,80,480,6,0,0,0x06,30,20,0,27,16.667,30.000,13.333,14,14,220,220,26834,32911,32961,,6127,,50,,,,,,50
7559,80,480,6,0,0,0x06,29,20,0,26,16.333,29.000,12.667,14,13,220,220,26834,32961,33011,,6177,,50,,,,,,50
7560,80,480,6,0,0,0x06,32,20,0,26,17.333,32.000,14.667,13,15,220,220,26834,33011,33061,,6227,,50,,,,,,50
7561,81,481,1,0,0,0x01,0,18,0,3,6.000,0.000,-6.000,-6,-6,220,220,33299,38111,38161,,4862,,50,,,,,,50
7562,81,481,1,0,0,0x01,0,17,0,4,5.667,0.000,-5.667,-6,-5,220,220,33299,38161,38211,,4912,,50,,,,,,50
7563,81,481,1,0,0,0x01,0,18,0,4,6.000,0.000,-6.000,-5,-6,220,220,33299,38211,38261,,4962,,50,,,,,,50
7564,81,481,1,0,0,0x01,0,18,0,5,6.000,0.000,-6.000,-6,-6,220,220,33299,38261,38311,,5012,,50,,,,,,50
7565,81,481,1,0,0,0x01,0,18,0,4,6.000,0.000,-6.000,-6,-6,220,220,33299,38311,38361,,5062,,50,,,,,,50
7566,81,481,1,0,0,0x01,0,18,0,5,6.000,0.000,-6.000,-6,-6,220,220,33299,38361,38411,,5112,,50,,,,,,50
7567,81,481,1,0,0,0x01,0,18,0,5,6.000,0.000,-6.000,-6,-6,220,220,33299,38411,38461,,5162,,50,,,,,,50
7568,81,481,1,0,0,0x01,0,18,0,6,6.000,0.000,-6.000,-6,-6,220,220,33299,38461,38511,,5212,,50,,,,,,50
7569,81,481,1,0,0,0x01,0,18,0,6,6.000,0.000,-6.000,-6,-6,220,220,33299,38511,38561,,5262,,50,,,,,,50
7570,81,481,1,0,0,0x01,0,18,0,6,6.000,0.000,-6.000,-6,-6,220,220,33299,38561,38611,,5312,,50,,,,,,50
7571,81,481,1,0,0,0x01,0,18,0,6,6.000,0.000,-6.000,-6,-6,220,220,33299,38611,38661,,5362,,50,,,,,,50
7572,81,481,1,0,0,0x01,0,18,0,7,6.000,0.000,-6.000,-6,-6,220,220,33299,38661,38711,,5412,,50,,,,,,50
7573,81,481,1,0,0,0x01,0,18,0,7,6.000,0.000,-6.000,-6,-6,220,220,33299,38711,38761,,5462,,50,,,,,,50
7574,81,481,1,0,0,0x01,0,18,0,8,6.000,0.000,-6.000,-6,-6,220,220,33299,38761,38811,,5512,,50,,,,,,50
7575,81,481,1,0,0,0x01,0,18,0,8,6.000,0.000,-6.000,-6,-6,220,220,33299,38811,38861,,5562,,50,,,,,,50
7576,81,481,1,0,0,0x01,0,18,0,8,6.000,0.000,-6.000,-6,-6,220,220,33299,38861,38911,,5612,,50,,,,,,50
7577,81,481,1,0,0,0x01,0,18,0,9,6.000,0.000,-6.000,-6,-6,220,220,33299,38911,38961,,5662,,50,,,,,,50
7578,81,481,1,0,0,0x01,0,18,0,9,6.000,0.000,-6.000,-6,-6,220,220,33299,38961,39011,,5712,,50,,,,,,50
7579,81,481,1,0,0,0x01,3,18,0,10,7.000,0.000,-7.000,-6,-7,220,220,33299,39011,39061,,5762,,50,,,,,,50
7580,81,481,1,0,0,0x01,0,18,0,10,6.000,0.000,-6.000,-7,-6,220,220,33299,39061,39111,,5812,,50,,,,,,50
7581,81,482,2,0,0,0x02,4,78,22,45,34.667,78.000,43.333,44,44,220,220,39683,44161,44211,,4528,,50,,,,,,50
7582,81,482,2,0,0,0x02,4,77,22,45,34.333,77.000,42.667,44,43,220,220,39683,44211,44261,,4578,,50,,,,,,50
7583,81,482,2,0,0,0x02,4,77,22,45,34.333,77.000,42.667,43,43,220,220,39683,44261,44311,,4628,,50,,,,,,50
7584,81,482,2,0,0,0x02,4,77,22,45,34.333,77.000,42.667,43,43,220,220,39683,44311,44361,,4678,,50,,,,,,50
7585,81,482,2,0,0,0x02,3,76,22,45,33.667,76.000,42.333,43,43,220,220,39683,44361,44411,,4728,,50,,,,,,50
7586,81,482,2,0,0,0x02,3,75,22,44,33.333,75.000,41.667,43,42,220,220,39683,44411,44461,,4778,,50,,,,,,50
7587,81,482,2,0,0,0x02,4,74,22,44,33.333,74.000,40.667,42,41,220,220,39683,44461,44511,,4828,,50,,,,,,50
7588,81,482,2,0,0,0x02,4,74,22,44,33.333,74.000,40.667,41,41,220,220,39683,44511,44561,,4878,,50,,,,,,50
7589,81,482,2,0,0,0x02,4,73,22,43,33.000,73.000,40.000,41,40,220,220,39683,44561,44611,,4928,,50,,,,,,50
7590,81,482,2,0,0,0x02,3,72,22,43,32.333,72.000,39.667,40,40,220,220,39683,44611,44661,,4978,,50,,,,,,50
7591,81,482,2,0,0,0x02,3,72,22,43,32.333,72.000,39.667,40,40,220,220,39683,44661,44711,,5028,,50,,,,,,50
7592,81,482,2,0,0,0x02,3,71,22,43,32.000,71.000,39.000,40,39,220,220,39683,44711,44761,,5078,,50,,,,,,50
7593,81,482,2,0,0,0x02,3,70,22,42,31.667,70.000,38.333,39,39,220,220,39683,44761,44811,,5128,,50,,,,,,50
7594,81,482,2,0,0,0x02,3,69,22,42,31.333,69.000,37.667,39,38,220,220,39683,44811,44861,,5178,,50,,,,,,50
7595,81,482,2,0,0,0x02,3,68,22,42,31.000,68.000,37.000,38,37,220,220,39683,44861,44911,,5228,,50,,,,,,50
7596,81,482,2,0,0,0x02,3,67,22,41,30.667,67.000,36.333,37,37,220,220,39683,44911,44961,,5278,,50,,,,,,50
7597,81,482,2,0,0,0x02,3,66,22,41,30.333,66.000,35.667,37,36,220,220,39683,44961,45011,,5328,,50,,,,,,50
7598,81,482,2,0,0,0x02,7,65,22,41,31.333,65.000,33.667,36,34,220,220,39683,45011,45061,,5378,,50,,,,,,50
7599,81,482,2,0,0,0x02,3,64,22,40,29.667,64.000,34.333,34,35,220,220,39683,45061,45111,,5428,,50,,,,,,50
7600,81,482,2,0,0,0x02,3,63,22,40,29.333,63.000,33.667,35,34,220,220,39683,45111,45161,,5478,,50,,,,,,50
7601,81,483,3,0,0,0x03,0,0,17,9,5.667,0.000,-5.667,-5,-5,220,220,46052,51211,51261,,5209,,50,,,,,,50
7602,81,483,3,0,0,0x03,0,0,17,9,5.667,0.000,-5.667,-5,-5,220,220,46052,51261,51311,,5259,,50,,,,,,50
7603,81,483,3,0,0,0x03,0,0,16,9,5.333,0.000,-5.333,-5,-5,220,220,46052,51311,51361,,5309,,50,,,,,,50
7604,81,483,3,0,0,0x03,0,0,17,9,5.667,0.000,-5.667,-5,-5,220,220,46052,51361,51411,,5359,,50,,,,,,50
7605,81,483,3,0,0,0x03,0,0,17,10,5.667,0.000,-5.667,-5,-5,220,220,46052,51411,51461,,5409,,50,,,,,,50
7606,81,483,3,0,0,0x03,0,0,16,11,5.333,0.000,-5.333,-5,-5,220,220,46052,51461,51511,,5459,,50,,,,,,50
7607,81,483,3,0,0,0x03,0,0,16,11,5.333,0.000,-5.333,-5,-5,220,220,46052,51511,51561,,5509,,50,,,,,,50
7608,81,483,3,0,0,0x03,0,0,17,11,5.667,0.000,-5.667,-5,-5,220,220,46052,51561,51611,,5559,,50,,,,,,50
7609,81,483,3,0,0,0x03,0,0,17,11,5.667,0.000,-5.667,-5,-5,220,220,46052,51611,51661,,5609,,50,,,,,,50
7610,81,483,3,0,0,0x03,0,0,17,12,5.667,0.000,-5.667,-5,-5,220,220,46052,51661,51711,,5659,,50,,,,,,50
7611,81,483,3,0,0,0x03,0,0,17,12,5.667,0.000,-5.667,-5,-5,220,220,46052,51711,51761,,5709,,50,,,,,,50
7612,81,483,3,0,0,0x03,0,0,17,12,5.667,0.000,-5.667,-5,-5,220,220,46052,51761,51811,,5759,,50,,,,,,50
7613,81,483,3,0,0,0x03,0,0,17,12,5.667,0.000,-5.667,-5,-5,220,220,46052,51811,51861,,5809,,50,,,,,,50
7614,81,483,3,0,0,0x03,0,0,17,13,5.667,0.000,-5.667,-5,-5,220,220,46052,51861,51911,,5859,,50,,,,,,50
7615,81,483,3,0,0,0x03,0,0,17,13,5.667,0.000,-5.667,-5,-5,220,220,46052,51911,51961,,5909,,50,,,,,,50
7616,81,483,3,0,0,0x03,0,0,17,13,5.667,0.000,-5.667,-5,-5,220,220,46052,51961,52011,,5959,,50,,,,,,50
7617,81,483,3,0,0,0x03,0,0,17,14,5.667,0.000,-5.667,-5,-5,220,220,46052,52011,52061,,6009,,50,,,,,,50
7618,81,483,3,0,0,0x03,0,0,17,14,5.667,0.000,-5.667,-5,-5,220,220,46052,52061,52111,,6059,,50,,,,,,50
7619,81,483,3,0,0,0x03,0,0,17,14,5.667,0.000,-5.667,-5,-5,220,220,46052,52111,52161,,6109,,50,,,,,,50
7620,81,483,3,0,0,0x03,0,0,17,14,5.667,0.000,-5.667,-5,-5,220,220,46052,52161,52211,,6159,,50,,,,,,50
7621,81,484,4,0,0,0x04,24,0,51,36,25.000,51.000,26.000,27,26,220,220,52436,57261,57311,,4875,,50,,,,,,50
7622,81,484,4,0,0,0x04,24,0,49,36,24.333,49.000,24.667,26,25,220,220,52436,57311,57361,,4925,,50,,,,,,50
7623,81,484,4,0,0,0x04,24,0,48,35,24.000,48.000,24.000,25,24,220,220,52436,57361,57411,,4975,,50,,,,,,50
7624,81,484,4,0,0,0x04,24,1,48,35,24.333,48.000,23.667,24,24,220,220,52436,57411,57461,,5025,,50,,,,,,50
7625,81,484,4,0,0,0x04,24,0,47,34,23.667,47.000,23.333,24,24,220,220,52436,57461,57511,,5075,,50,,,,,,50
7626,81,484,4,0,0,0x04,24,0,45,34,23.000,45.000,22.000,24,22,220,220,52436,57511,57561,,5125,,50,,,,,,50
7627,81,484,4,0,0,0x04,24,0,44,33,22.667,44.000,21.333,22,22,220,220,52436,57561,57611,,5175,,50,,,,,,50
7628,81,484,4,0,0,0x04,23,0,44,33,22.333,44.000,21.667,22,22,220,220,52436,57611,57661,,5225,,50,,,,,,50
7629,81,484,4,0,0,0x04,23,0,43,33,22.000,43.000,21.000,22,21,220,220,52436,57661,57711,,5275,,50,,,,,,50
7630,81,484,4,0,0,0x04,23,0,41,32,21.333,41.000,19.667,21,20,220,220,52436,57711,57761,,5325,,50,,,,,,50
7631,81,484,4,0,0,0x04,23,0,40,32,21.000,40.000,19.000,20,19,220,220,52436,57761,57811,,5375,,50,,,,,,50
7632,81,484,4,0,0,0x04,23,0,39,31,20.667,39.000,18.333,19,19,220,220,52436,57811,57861,,5425,,50,,,,,,50
7633,81,484,4,0,0,0x04,23,0,38,31,20.333,38.000,17.667,19,18,220,220,52436,57861,57911,,5475,,50,,,,,,50
7634,81,484,4,0,0,0x04,23,0,36,31,19.667,36.000,16.333,18,17,220,220,52436,57911,57961,,5525,,50,,,,,,50
7635,81,484,4,0,0,0x04,23,0,36,30,19.667,36.000,16.333,17,17,220,220,52436,57961,58011,,5575,,50,,,,,,50
7636,81,484,4,0,0,0x04,27,0,35,31,20.667,35.000,14.333,17,15,220,220,52436,58011,58061,,5625,,50,,,,,,50
7637,81,484,4,0,0,0x04,22,0,33,29,18.333,33.000,14.667,15,15,220,220,52436,58061,58111,,5675,,50,,,,,,50
7638,81,484,4,0,0,0x04,22,0,32,29,18.000,32.000,14.000,15,14,220,220,52436,58111,58161,,5725,,50,,,,,,50
7639,81,484,4,0,0,0x04,22,0,31,28,17.667,31.000,13.333,14,14,220,220,52436,58161,58211,,5775,,50,,,,,,50
7640,81,484,4,0,0,0x04,22,0,30,28,17.333,30.000,12.667,14,13,220,220,52436,58211,58261,,5825,,50,,,,,,50
7641,81,485,5,0,0,0x05,17,0,0,0,5.667,0.000,-5.667,-5,-5,220,220,58801,63311,63361,,4560,,50,,,,,,50
7642,81,485,5,0,0,0x05,17,0,0,0,5.667,0.000,-5.667,-5,-5,220,220,58801,63361,63411,,4610,,50,,,,,,50
7643,81,485,5,0,0,0x05,17,0,0,0,5.667,0.000,-5.667,-5,-5,220,220,58801,63411,63461,,4660,,50,,,,,,50
7644,81,485,5,0,0,0x05,17,0,0,0,5.667,0.000,-5.667,-5,-5,220,220,58801,63461,63511,,4710,,50,,,,,,50
7645,81,485,5,0,0,0x05,17,0,0,0,5.667,0.000,-5.667,-5,-5,220,220,58801,63511,63561,,4760,,50,,,,,,50
7646,81,485,5,0,0,0x05,17,0,0,0,5.667,0.000,-5.667,-5,-5,220,220,58801,63561,63611,,4810,,50,,,,,,50
7647,81,485,5,0,0,0x05,17,0,0,0,5.667,0.000,-5.667,-5,-5,220,220,58801,63611,63661,,4860,,50,,,,,,50
7648,81,485,5,0,0,0x05,17,0,0,0,5.667,0.000,-5.667,-5,-5,220,220,58801,63661,63711,,4910,,50,,,,,,50
7649,81,485,5,0,0,0x05,18,0,0,0,6.000,0.000,-6.000,-5,-6,220,220,58801,63711,63761,,4960,,50,,,,,,50
7650,81,485,5,0,0,0x05,17,0,0,0,5.667,0.000,-5.667,-6,-5,220,220,58801,63761,63811,,5010,,50,,,,,,50
7651,81,485,5,0,0,0x05,18,0,0,0,6.000,0.000,-6.000,-5,-6,220,220,58801,63811,63861,,5060,,50,,,,,,50
7652,81,485,5,0,0,0x05,18,0,0,0,6.000,0.000,-6.000,-6,-6,220,220,58801,63861,63911,,5110,,50,,,,,,50
7653,81,485,5,0,0,0x05,18,0,0,0,6.000,0.000,-6.000,-6,-6,220,220,58801,63911,63961,,5160,,50,,,,,,50
7654,81,485,5,0,0,0x05,18,0,0,0,6.000,0.000,-6.000,-6,-6,220,220,58801,63961,64011,,5210,,50,,,,,,50
7655,81,485,5,0,0,0x05,22,0,0,0,7.333,0.000,-7.333,-6,-7,220,220,58801,64011,64061,,5260,,50,,,,,,50
7656,81,485,5,0,0,0x05,18,0,0,0,6.000,0.000,-6.000,-7,-6,220,220,58801,64061,64111,,5310,,50,,,,,,50
7657,81,485,5,0,0,0x05,18,0,0,0,6.000,0.000,-6.000,-6,-6,220,220,58801,64111,64161,,5360,,50,,,,,,50
7658,81,485,5,0,0,0x05,18,0,0,0,6.000,0.000,-6.000,-6,-6,220,220,58801,64161,64211,,5410,,50,,,,,,50
7659,81,485,5,0,0,0x05,18,0,0,0,6.000,0.000,-6.000,-6,-6,220,220,58801,64211,64261,,5460,,50,,,,,,50
7660,81,485,5,0,0,0x05,18,0,0,0,6.000,0.000,-6.000,-6,-6,220,220,58801,64261,64311,,5510,,50,,,,,,50
7661,81,486,6,0,0,0x06,38,20,0,29,19.333,38.000,18.667,19,19,220,220,65185,4825,4875,,5226,,50,,,,,,50
7662,81,486,6,0,0,0x06,37,20,0,29,19.000,37.000,18.000,19,18,220,220,65185,4875,4925,,5276,,50,,,,,,50
7663,81,486,6,0,0,0x06,35,20,0,28,18.333,35.000,16.667,18,17,220,220,65185,4925,4975,,5326,,50,,,,,,50
7664,81,486,6,0,0,0x06,34,20,0,28,18.000,34.000,16.000,17,16,220,220,65185,4975,5025,,5376,,50,,,,,,50
7665,81,486,6,0,0,0x06,33,20,0,28,17.667,33.000,15.333,16,16,220,220,65185,5025,5075,,5426,,50,,,,,,50
7666,81,486,6,0,0,0x06,33,20,0,28,17.667,33.000,15.333,16,16,220,220,65185,5075,5125,,5476,,50,,,,,,50
7667,81,486,6,0,0,0x06,31,20,0,27,17.000,31.000,14.000,16,14,220,220,65185,5125,5175,,5526,,50,,,,,,50
7668,81,486,6,0,0,0x06,30,20,0,26,16.667,30.000,13.333,14,14,220,220,65185,5175,5225,,5576,,50,,,,,,50
7669,81,486,6,0,0,0x06,30,19,0,26,16.333,30.000,13.667,14,14,220,220,65185,5225,5275,,5626,,50,,,,,,50
7670,81,486,6,0,0,0x06,28,20,0,26,16.000,28.000,12.000,14,12,220,220,65185,5275,5325,,5676,,50,,,,,,50
7671,81,486,6,0,0,0x06,27,19,0,25,15.333,27.000,11.667,12,12,220,220,65185,5325,5375,,5726,,50,,,,,,50
7672,81,486,6,0,0,0x06,26,20,0,25,15.333,26.000,10.667,12,11,220,220,65185,5375,5425,,5776,,50,,,,,,50
7673,81,486,6,0,0,0x06,26,19,0,25,15.000,26.000,11.000,11,11,220,220,65185,5425,5475,,5826,,50,,,,,,50
7674,81,486,6,0,0,0x06,28,19,0,25,15.667,28.000,12.333,11,13,220,220,65185,5475,5525,,5876,,50,,,,,,50
7675,81,486,6,0,0,0x06,23,19,0,24,14.000,23.000,9.000,13,9,220,220,65185,5525,5575,,5926,,50,,,,,,50
7676,81,486,6,0,0,0x06,22,19,0,24,13.667,22.000,8.333,9,9,220,220,65185,5575,5625,,5976,,50,,,,,,50
7677,81,486,6,0,0,0x06,21,19,0,24,13.333,21.000,7.667,9,8,220,220,65185,5625,5675,,6026,,50,,,,,,50
7678,81,486,6,0,0,0x06,20,19,0,23,13.000,20.000,7.000,8,7,220,220,65185,5675,5725,,6076,,50,,,,,,50
7679,81,486,6,0,0,0x06,19,19,0,23,12.667,19.000,6.333,7,7,220,220,65185,5725,5775,,6126,,50,,,,,,50
7680,81,486,6,0,0,0x06,19,19,0,22,12.667,19.000,6.333,7,7,220,220,65185,5775,5825,,6176,,50,,,,,,50
7681,82,487,1,0,0,0x01,0,18,0,2,6.000,0.000,-6.000,-6,-6,220,220,6014,10875,10925,,4911,,50,,,,,,50
7682,82,487,1,0,0,0x01,0,18,0,3,6.000,0.000,-6.000,-6,-6,220,220,6014,10925,10975,,4961,,50,,,,,,50
7683,82,487,1,0,0,0x01,0,18,0,3,6.000,0.000,-6.000,-6,-6,220,220,6014,10975,11025,,5011,,50,,,,,,50
7684,82,487,1,0,0,0x01,0,18,0,3,6.000,0.000,-6.000,-6,-6,220,220,6014,11025,11075,,5061,,50,,,,,,50
7685,82,487,1,0,0,0x01,0,18,0,4,6.000,0.000,-6.000,-6,-6,220,220,6014,11075,11125,,5111,,50,,,,,,50
7686,82,487,1,0,0,0x01,0,18,0,4,6.000,0.000,-6.000,-6,-6,220,220,6014,11125,11175,,5161,,50,,,,,,50
7687,82,487,1,0,0,0x01,0,18,0,4,6.000,0.000,-6.000,-6,-6,220,220,6014,11175,11225,,5211,,50,,,,,,50
7688,82,487,1,0,0,0x01,0,18,0,5,6.000,0.000,-6.000,-6,-6,220,220,6014,11225,11275,,5261,,50,,,,,,50
7689,82,487,1,0,0,0x01,0,18,0,5,6.000,0.000,-6.000,-6,-6,220,220,6014,11275,11325,,5311,,50,,,,,,50
7690,82,487,1,0,0,0x01,0,18,0,6,6.000,0.000,-6.000,-6,-6,220,220,6014,11325,11375,,5361,,50,,,,,,50
7691,82,487,1,0,0,0x01,0,18,0,6,6.000,0.000,-6.000,-6,-6,220,220,6014,11375,11425,,5411,,50,,,,,,50
7692,82,487,1,0,0,0x01,0,18,0,7,6.000,0.000,-6.000,-6,-6,220,220,6014,11425,11475,,5461,,50,,,,,,50
7693,82,487,1,0,0,0x01,2,18,0,8,6.667,0.000,-6.667,-6,-6,220,220,6014,11475,11525,,5511,,50,,,,,,50
7694,82,487,1,0,0,0x01,0,18,0,7,6.000,0.000,-6.000,-6,-6,220,220,6014,11525,11575,,5561,,50,,,,,,50
7695,82,487,1,0,0,0x01,0,18,0,8,6.000,0.000,-6.000,-6,-6,220,220,6014,11575,11625,,5611,,50,,,,,,50
7696,82,487,1,0,0,0x01,0,19,0,8,6.333,0.000,-6.333,-6,-6,220,220,6014,11625,11675,,5661,,50,,,,,,50
7697,82,487,1,0,0,0x01,0,18,0,9,6.000,0.000,-6.000,-6,-6,220,220,6014,11675,11725,,5711,,50,,,,,,50
7698,82,487,1,0,0,0x01,0,18,0,9,6.000,0.000,-6.000,-6,-6,220,220,6014,11725,11775,,5761,,50,,,,,,50
7699,82,487,1,0,0,0x01,0,18,0,10,6.000,0.000,-6.000,-6,-6,220,220,6014,11775,11825,,5811,,50,,,,,,50
7700,82,487,1,0,0,0x01,0,19,0,10,6.333,0.000,-6.333,-6,-6,220,220,6014,11825,11875,,5861,,50,,,,,,50
7701,82,488,2,0,0,0x02,4,67,21,41,30.667,67.000,36.333,37,37,220,220,12399,16925,16975,,4576,,50,,,,,,50
7702,82,488,2,0,0,0x02,4,67,21,41,30.667,67.000,36.333,37,37,220,220,12399,16975,17025,,4626,,50,,,,,,50
7703,82,488,2,0,0,0x02,4,66,22,41,30.667,66.000,35.333,37,36,220,220,12399,17025,17075,,4676,,50,,,,,,50
7704,82,488,2,0,0,0x02,4,66,22,41,30.667,66.000,35.333,36,36,220,220,12399,17075,17125,,4726,,50,,,,,,50
7705,82,488,2,0,0,0x02,4,65,21,40,30.000,65.000,35.000,36,35,220,220,12399,17125,17175,,4776,,50,,,,,,50
7706,82,488,2,0,0,0x02,4,65,21,40,30.000,65.000,35.000,35,35,220,220,12399,17175,17225,,4826,,50,,,,,,50
7707,82,488,2,0,0,0x02,3,64,21,40,29.333,64.000,34.667,35,35,220,220,12399,17225,17275,,4876,,50,,,,,,50
7708,82,488,2,0,0,0x02,3,63,21,40,29.000,63.000,34.000,35,34,220,220,12399,17275,17325,,4926,,50,,,,,,50
7709,82,488,2,0,0,0x02,4,63,21,39,29.333,63.000,33.667,34,34,220,220,12399,17325,17375,,4976,,50,,,,,,50
7710,82,488,2,0,0,0x02,3,63,21,40,29.000,63.000,34.000,34,34,220,220,12399,17375,17425,,5026,,50,,,,,,50
7711,82,488,2,0,0,0x02,3,62,21,39,28.667,62.000,33.333,34,34,220,220,12399,17425,17475,,5076,,50,,,,,,50
7712,82,488,2,0,0,0x02,8,61,21,40,30.000,61.000,31.000,34,31,220,220,12399,17475,17525,,5126,,50,,,,,,50
7713,82,488,2,0,0,0x02,3,61,21,39,28.333,61.000,32.667,31,33,220,220,12399,17525,17575,,5176,,50,,,,,,50
7714,82,488,2,0,0,0x02,3,60,21,39,28.000,60.000,32.000,33,32,220,220,12399,17575,17625,,5226,,50,,,,,,50
7715,82,488,2,0,0,0x02,3,59,21,38,27.667,59.000,31.333,32,32,220,220,12399,17625,17675,,5276,,50,,,,,,50
7716,82,488,2,0,0,0x02,3,59,21,38,27.667,59.000,31.333,32,32,220,220,12399,17675,17725,,5326,,50,,,,,,50
7717,82,488,2,0,0,0x02,3,58,21,38,27.333,58.000,30.667,32,31,220,220,12399,17725,17775,,5376,,50,,,,,,50
7718,82,488,2,0,0,0x02,3,58,21,38,27.333,58.000,30.667,31,31,220,220,12399,17775,17825,,5426,,50,,,,,,50
7719,82,488,2,0,0,0x02,3,57,21,38,27.000,57.000,30.000,31,30,220,220,12399,17825,17875,,5476,,50,,,,,,50
7720,82,488,2,0,0,0x02,3,56,21,37,26.667,56.000,29.333,30,30,220,220,12399,17875,17925,,5526,,50,,,,,,50
7721,82,489,3,0,0,0x03,0,0,16,5,5.333,0.000,-5.333,-5,-5,220,220,18763,23975,24025,,5262,,50,,,,,,50
7722,82,489,3,0,0,0x03,0,0,16,6,5.333,0.000,-5.333,-5,-5,220,220,18763,24025,24075,,5312,,50,,,,,,50
7723,82,489,3,0,0,0x03,0,0,17,6,5.667,0.000,-5.667,-5,-5,220,220,18763,24075,24125,,5362,,50,,,,,,50
7724,82,489,3,0,0,0x03,0,0,17,7,5.667,0.000,-5.667,-5,-5,220,220,18763,24125,24175,,5412,,50,,,,,,50
7725,82,489,3,0,0,0x03,0,0,17,7,5.667,0.000,-5.667,-5,-5,220,220,18763,24175,24225,,5462,,50,,,,,,50
7726,82,489,3,0,0,0x03,0,0,17,8,5.667,0.000,-5.667,-5,-5,220,220,18763,24225,24275,,5512,,50,,,,,,50
7727,82,489,3,0,0,0x03,0,0,17,8,5.667,0.000,-5.667,-5,-5,220,220,18763,24275,24325,,5562,,50,,,,,,50
7728,82,489,3,0,0,0x03,0,0,17,9,5.667,0.000,-5.667,-5,-5,220,220,18763,24325,24375,,5612,,50,,,,,,50
7729,82,489,3,0,0,0x03,0,0,17,9,5.667,0.000,-5.667,-5,-5,220,220,18763,24375,24425,,5662,,50,,,,,,50
7730,82,489,3,0,0,0x03,0,0,17,9,5.667,0.000,-5.667,-5,-5,220,220,18763,24425,24475,,5712,,50,,,,,,50
7731,82,489,3,0,0,0x03,0,0,17,10,5.667,0.000,-5.667,-5,-5,220,220,18763,24475,24525,,5762,,50,,,,,,50
7732,82,489,3,0,0,0x03,0,0,17,10,5.667,0.000,-5.667,-5,-5,220,220,18763,24525,24575,,5812,,50,,,,,,50
7733,82,489,3,0,0,0x03,0,0,17,11,5.667,0.000,-5.667,-5,-5,220,220,18763,24575,24625,,5862,,50,,,,,,50
7734,82,489,3,0,0,0x03,0,0,17,11,5.667,0.000,-5.667,-5,-5,220,220,18763,24625,24675,,5912,,50,,,,,,50
7735,82,489,3,0,0,0x03,0,0,17,12,5.667,0.000,-5.667,-5,-5,220,220,18763,24675,24725,,5962,,50,,,,,,50
7736,82,489,3,0,0,0x03,0,0,17,12,5.667,0.000,-5.667,-5,-5,220,220,18763,24725,24775,,6012,,50,,,,,,50
7737,82,489,3,0,0,0x03,0,0,17,12,5.667,0.000,-5.667,-5,-5,220,220,18763,24775,24825,,6062,,50,,,,,,50
7738,82,489,3,0,0,0x03,0,0,17,12,5.667,0.000,-5.667,-5,-5,220,220,18763,24825,24875,,6112,,50,,,,,,50
7739,82,489,3,0,0,0x03,0,0,17,13,5.667,0.000,-5.667,-5,-5,220,220,18763,24875,24925,,6162,,50,,,,,,50
7740,82,489,3,0,0,0x03,0,0,17,14,5.667,0.000,-5.667,-5,-5,220,220,18763,24925,24975,,6212,,50,,,,,,50
7741,82,490,4,0,0,0x04,23,0,46,34,23.000,46.000,23.000,24,23,220,220,25148,30025,30075,,4927,,50,,,,,,50
7742,82,490,4,0,0,0x04,24,0,46,34,23.333,46.000,22.667,23,23,220,220,25148,30075,30125,,4977,,50,,,,,,50
7743,82,490,4,0,0,0x04,24,0,46,34,23.333,46.000,22.667,23,23,220,220,25148,30125,30175,,5027,,50,,,,,,50
7744,82,490,4,0,0,0x04,23,0,45,33,22.667,45.000,22.333,23,23,220,220,25148,30175,30225,,5077,,50,,,,,,50
7745,82,490,4,0,0,0x04,23,0,44,33,22.333,44.000,21.667,23,22,220,220,25148,30225,30275,,5127,,50,,,,,,50
7746,82,490,4,0,0,0x04,23,0,43,33,22.000,43.000,21.000,22,21,220,220,25148,30275,30325,,5177,,50,,,,,,50
7747,82,490,4,0,0,0x04,23,0,43,33,22.000,43.000,21.000,21,21,220,220,25148,30325,30375,,5227,,50,,,,,,50
7748,82,490,4,0,0,0x04,23,0,41,32,21.333,41.000,19.667,21,20,220,220,25148,30375,30425,,5277,,50,,,,,,50
7749,82,490,4,0,0,0x04,24,0,40,32,21.333,40.000,18.667,20,19,220,220,25148,30425,30475,,5327,,50,,,,,,50
7750,82,490,4,0,0,0x04,27,0,40,32,22.333,40.000,17.667,19,18,220,220,25148,30475,30525,,5377,,50,,,,,,50
7751,82,490,4,0,0,0x04,23,0,39,32,20.667,39.000,18.333,18,19,220,220,25148,30525,30575,,5427,,50,,,,,,50
7752,82,490,4,0,0,0x04,23,0,38,31,20.333,38.000,17.667,19,18,220,220,25148,30575,30625,,5477,,50,,,,,,50
7753,82,490,4,0,0,0x04,23,0,37,31,20.000,37.000,17.000,18,17,220,220,25148,30625,30675,,5527,,50,,,,,,50
7754,82,490,4,0,0,0x04,23,0,37,31,20.000,37.000,17.000,17,17,220,220,25148,30675,30725,,5577,,50,,,,,,50
7755,82,490,4,0,0,0x04,23,0,35,30,19.333,35.000,15.667,17,16,220,220,25148,30725,30775,,5627,,50,,,,,,50
7756,82,490,4,0,0,0x04,23,0,34,30,19.000,34.000,15.000,16,15,220,220,25148,30775,30825,,5677,,50,,,,,,50
7757,82,490,4,0,0,0x04,23,0,34,29,19.000,34.000,15.000,15,15,220,220,25148,30825,30875,,5727,,50,,,,,,50
7758,82,490,4,0,0,0x04,23,0,33,29,18.667,33.000,14.333,15,15,220,220,25148,30875,30925,,5777,,50,,,,,,50
7759,82,490,4,0,0,0x04,23,0,32,29,18.333,32.000,13.667,15,14,220,220,25148,30925,30975,,5827,,50,,,,,,50
7760,82,490,4,0,0,0x04,22,0,31,28,17.667,31.000,13.333,14,14,220,220,25148,30975,31025,,5877,,50,,,,,,50
7761,82,491,5,0,0,0x05,18,0,0,0,6.000,0.000,-6.000,-5,-6,220,220,31517,36075,36125,,4608,,50,,,,,,50
7762,82,491,5,0,0,0x05,18,0,0,0,6.000,0.000,-6.000,-6,-6,220,220,31517,36125,36175,,4658,,50,,,,,,50
7763,82,491,5,0,0,0x05,18,0,0,0,6.000,0.000,-6.000,-6,-6,220,220,31517,36175,36225,,4708,,50,,,,,,50
7764,82,491,5,0,0,0x05,17,0,0,0,5.667,0.000,-5.667,-6,-5,220,220,31517,36225,36275,,4758,,50,,,,,,50
7765,82,491,5,0,0,0x05,18,0,0,0,6.000,0.000,-6.000,-5,-6,220,220,31517,36275,36325,,4808,,50,,,,,,50
7766,82,491,5,0,0,0x05,18,0,0,0,6.000,0.000,-6.000,-6,-6,220,220,31517,36325,36375,,4858,,50,,,,,,50
7767,82,491,5,0,0,0x05,18,0,0,0,6.000,0.000,-6.000,-6,-6,220,220,31517,36375,36425,,4908,,50,,,,,,50
7768,82,491,5,0,0,0x05,18,0,0,0,6.000,0.000,-6.000,-6,-6,220,220,31517,36425,36475,,4958,,50,,,,,,50
7769,82,491,5,0,0,0x05,22,0,0,1,7.333,0.000,-7.333,-6,-7,220,220,31517,36475,36525,,5008,,50,,,,,,50
7770,82,491,5,0,0,0x05,18,0,0,1,6.000,0.000,-6.000,-7,-6,220,220,31517,36525,36575,,5058,,50,,,,,,50
7771,82,491,5,0,0,0x05,18,0,0,1,6.000,0.000,-6.000,-6,-6,220,220,31517,36575,36625,,5108,,50,,,,,,50
7772,82,491,5,0,0,0x05,18,0,0,1,6.000,0.000,-6.000,-6,-6,220,220,31517,36625,36675,,5158,,50,,,,,,50
7773,82,491,5,0,0,0x05,18,0,0,1,6.000,0.000,-6.000,-6,-6,220,220,31517,36675,36725,,5208,,50,,,,,,50
7774,82,491,5,0,0,0x05,19,0,0,2,6.333,0.000,-6.333,-6,-6,220,220,31517,36725,36775,,5258,,50,,,,,,50
7775,82,491,5,0,0,0x05,18,0,0,2,6.000,0.000,-6.000,-6,-6,220,220,31517,36775,36825,,5308,,50,,,,,,50
7776,82,491,5,0,0,0x05,18,0,0,2,6.000,0.000,-6.000,-6,-6,220,220,31517,36825,36875,,5358,,50,,,,,,50
7777,82,491,5,0,0,0x05,18,0,0,3,6.000,0.000,-6.000,-6,-6,220,220,31517,36875,36925,,5408,,50,,,,,,50
7778,82,491,5,0,0,0x05,19,0,0,3,6.333,0.000,-6.333,-6,-6,220,220,31517,36925,36975,,5458,,50,,,,,,50
7779,82,491,5,0,0,0x05,19,0,0,3,6.333,0.000,-6.333,-6,-6,220,220,31517,36975,37025,,5508,,50,,,,,,50
7780,82,491,5,0,0,0x05,19,0,0,3,6.333,0.000,-6.333,-6,-6,220,220,31517,37025,37075,,5558,,50,,,,,,50
7781,82,492,6,0,0,0x06,51,21,0,35,24.000,51.000,27.000,28,27,220,220,37901,43125,43175,,5274,,50,,,,,,50
7782,82,492,6,0,0,0x06,51,21,0,34,24.000,51.000,27.000,27,27,220,220,37901,43175,43225,,5324,,50,,,,,,50
7783,82,492,6,0,0,0x06,50,22,0,34,24.000,50.000,26.000,27,26,220,220,37901,43225,43275,,5374,,50,,,,,,50
7784,82,492,6,0,0,0x06,49,21,0,34,23.333,49.000,25.667,26,26,220,220,37901,43275,43325,,5424,,50,,,,,,50
7785,82,492,6,0,0,0x06,48,22,0,33,23.333,48.000,24.667,26,25,220,220,37901,43325,43375,,5474,,50,,,,,,50
7786,82,492,6,0,0,0x06,47,21,0,33,22.667,47.000,24.333,25,25,220,220,37901,43375,43425,,5524,,50,,,,,,50
7787,82,492,6,0,0,0x06,47,21,0,33,22.667,47.000,24.333,25,25,220,220,37901,43425,43475,,5574,,50,,,,,,50
7788,82,492,6,0,0,0x06,50,21,0,33,23.667,50.000,26.333,25,27,220,220,37901,43475,43525,,5624,,50,,,,,,50
7789,82,492,6,0,0,0x06,44,21,0,32,21.667,44.000,22.333,27,23,220,220,37901,43525,43575,,5674,,50,,,,,,50
7790,82,492,6,0,0,0x06,43,21,0,32,21.333,43.000,21.667,23,22,220,220,37901,43575,43625,,5724,,50,,,,,,50
7791,82,492,6,0,0,0x06,43,21,0,32,21.333,43.000,21.667,22,22,220,220,37901,43625,43675,,5774,,50,,,,,,50
7792,82,492,6,0,0,0x06,41,20,0,31,20.333,41.000,20.667,22,21,220,220,37901,43675,43725,,5824,,50,,,,,,50
7793,82,492,6,0,0,0x06,41,21,0,31,20.667,41.000,20.333,21,21,220,220,37901,43725,43775,,5874,,50,,,,,,50
7794,82,492,6,0,0,0x06,40,21,0,31,20.333,40.000,19.667,21,20,220,220,37901,43775,43825,,5924,,50,,,,,,50
7795,82,492,6,0,0,0x06,39,21,0,30,20.000,39.000,19.000,20,19,220,220,37901,43825,43875,,5974,,50,,,,,,50
7796,82,492,6,0,0,0x06,38,21,0,30,19.667,38.000,18.333,19,19,220,220,37901,43875,43925,,6024,,50,,,,,,50
7797,82,492,6,0,0,0x06,37,20,0,29,19.000,37.000,18.000,19,18,220,220,37901,43925,43975,,6074,,50,,,,,,50
7798,82,492,6,0,0,0x06,37,20,0,29,19.000,37.000,18.000,18,18,220,220,37901,43975,44025,,6124,,50,,,,,,50
7799,82,492,6,0,0,0x06,36,20,0,29,18.667,36.000,17.333,18,18,220,220,37901,44025,44075,,6174,,50,,,,,,50
7800,82,492,6,0,0,0x06,34,20,0,28,18.000,34.000,16.000,18,16,220,220,37901,44075,44125,,6224,,50,,,,,,50
7801,83,493,1,0,0,0x01,0,18,0,8,6.000,0.000,-6.000,-6,-6,220,220,44266,49175,49225,,4959,,50,,,,,,50
7802,83,493,1,0,0,0x01,0,18,0,8,6.000,0.000,-6.000,-6,-6,220,220,44266,49225,49275,,5009,,50,,,,,,50
7803,83,493,1,0,0,0x01,0,18,0,9,6.000,0.000,-6.000,-6,-6,220,220,44266,49275,49325,,5059,,50,,,,,,50
7804,83,493,1,0,0,0x01,0,18,0,9,6.000,0.000,-6.000,-6,-6,220,220,44266,49325,49375,,5109,,50,,,,,,50
7805,83,493,1,0,0,0x01,0,18,0,9,6.000,0.000,-6.000,-6,-6,220,220,44266,49375,49425,,5159,,50,,,,,,50
7806,83,493,1,0,0,0x01,0,18,0,10,6.000,0.000,-6.000,-6,-6,220,220,44266,49425,49475,,5209,,50,,,,,,50
7807,83,493,1,0,0,0x01,3,18,0,11,7.000,0.000,-7.000,-6,-7,220,220,44266,49475,49525,,5259,,50,,,,,,50
7808,83,493,1,0,0,0x01,0,19,0,11,6.333,0.000,-6.333,-7,-6,220,220,44266,49525,49575,,5309,,50,,,,,,50
7809,83,493,1,0,0,0x01,0,18,0,11,6.000,0.000,-6.000,-6,-6,220,220,44266,49575,49625,,5359,,50,,,,,,50
7810,83,493,1,0,0,0x01,0,19,0,12,6.333,0.000,-6.333,-6,-6,220,220,44266,49625,49675,,5409,,50,,,,,,50
7811,83,493,1,0,0,0x01,0,19,0,12,6.333,0.000,-6.333,-6,-6,220,220,44266,49675,49725,,5459,,50,,,,,,50
7812,83,493,1,0,0,0x01,0,19,0,12,6.333,0.000,-6.333,-6,-6,220,220,44266,49725,49775,,5509,,50,,,,,,50
7813,83,493,1,0,0,0x01,0,19,0,12,6.333,0.000,-6.333,-6,-6,220,220,44266,49775,49825,,5559,,50,,,,,,50
7814,83,493,1,0,0,0x01,0,19,0,13,6.333,0.000,-6.333,-6,-6,220,220,44266,49825,49875,,5609,,50,,,,,,50
7815,83,493,1,0,0,0x01,0,19,0,13,6.333,0.000,-6.333,-6,-6,220,220,44266,49875,49925,,5659,,50,,,,,,50
7816,83,493,1,0,0,0x01,0,18,0,13,6.000,0.000,-6.000,-6,-6,220,220,44266,49925,49975,,5709,,50,,,,,,50
7817,83,493,1,0,0,0x01,0,19,0,14,6.333,0.000,-6.333,-6,-6,220,220,44266,49975,50025,,5759,,50,,,,,,50
7818,83,493,1,0,0,0x01,0,19,0,15,6.333,0.000,-6.333,-6,-6,220,220,44266,50025,50075,,5809,,50,,,,,,50
7819,83,493,1,0,0,0x01,0,18,0,15,6.000,0.000,-6.000,-6,-6,220,220,44266,50075,50125,,5859,,50,,,,,,50
7820,83,493,1,0,0,0x01,0,18,0,15,6.000,0.000,-6.000,-6,-6,220,220,44266,50125,50175,,5909,,50,,,,,,50
7821,83,494,2,0,0,0x02,5,78,22,46,35.000,78.000,43.000,44,43,220,220,50650,55225,55275,,4625,,50,,,,,,50
7822,83,494,2,0,0,0x02,4,77,22,45,34.333,77.000,42.667,43,43,220,220,50650,55275,55325,,4675,,50,,,,,,50
7823,83,494,2,0,0,0x02,4,77,22,45,34.333,77.000,42.667,43,43,220,220,50650,55325,55375,,4725,,50,,,,,,50
7824,83,494,2,0,0,0x02,5,77,22,45,34.667,77.000,42.333,43,43,220,220,50650,55375,55425,,4775,,50,,,,,,50
7825,83,494,2,0,0,0x02,4,76,22,45,34.000,76.000,42.000,43,42,220,220,50650,55425,55475,,4825,,50,,,,,,50
7826,83,494,2,0,0,0x02,8,75,22,45,35.000,75.000,40.000,42,40,220,220,50650,55475,55525,,4875,,50,,,,,,50
7827,83,494,2,0,0,0x02,4,75,22,44,33.667,75.000,41.333,40,42,220,220,50650,55525,55575,,4925,,50,,,,,,50
7828,83,494,2,0,0,0x02,4,74,22,44,33.333,74.000,40.667,42,41,220,220,50650,55575,55625,,4975,,50,,,,,,50
7829,83,494,2,0,0,0x02,4,74,22,44,33.333,74.000,40.667,41,41,220,220,50650,55625,55675,,5025,,50,,,,,,50
7830,83,494,2,0,0,0x02,4,73,22,43,33.000,73.000,40.000,41,40,220,220,50650,55675,55725,,5075,,50,,,,,,50
7831,83,494,2,0,0,0x02,3,72,22,43,32.333,72.000,39.667,40,40,220,220,50650,55725,55775,,5125,,50,,,,,,50
7832,83,494,2,0,0,0x02,4,71,22,42,32.333,71.000,38.667,40,39,220,220,50650,55775,55825,,5175,,50,,,,,,50
7833,83,494,2,0,0,0x02,3,70,22,42,31.667,70.000,38.333,39,39,220,220,50650,55825,55875,,5225,,50,,,,,,50
7834,83,494,2,0,0,0x02,4,69,21,42,31.333,69.000,37.667,39,38,220,220,50650,55875,55925,,5275,,50,,,,,,50
7835,83,494,2,0,0,0x02,3,68,21,42,30.667,68.000,37.333,38,38,220,220,50650,55925,55975,,5325,,50,,,,,,50
7836,83,494,2,0,0,0x02,4,68,22,41,31.333,68.000,36.667,38,37,220,220,50650,55975,56025,,5375,,50,,,,,,50
7837,83,494,2,0,0,0x02,3,66,21,41,30.000,66.000,36.000,37,36,220,220,50650,56025,56075,,5425,,50,,,,,,50
7838,83,494,2,0,0,0x02,4,65,21,40,30.000,65.000,35.000,36,35,220,220,50650,56075,56125,,5475,,50,,,,,,50
7839,83,494,2,0,0,0x02,3,64,22,40,29.667,64.000,34.333,35,35,220,220,50650,56125,56175,,5525,,50,,,,,,50
7840,83,494,2,0,0,0x02,3,64,21,39,29.333,64.000,34.667,35,35,220,220,50650,56175,56225,,5575,,50,,,,,,50
7841,83,495,3,0,0,0x03,0,0,17,9,5.667,0.000,-5.667,-5,-5,220,220,57014,62275,62325,,5311,,50,,,,,,50
7842,83,495,3,0,0,0x03,0,0,17,10,5.667,0.000,-5.667,-5,-5,220,220,57014,62325,62375,,5361,,50,,,,,,50
7843,83,495,3,0,0,0x03,0,0,16,10,5.333,0.000,-5.333,-5,-5,220,220,57014,62375,62425,,5411,,50,,,,,,50
7844,83,495,3,0,0,0x03,0,0,17,10,5.667,0.000,-5.667,-5,-5,220,220,57014,62425,62475,,5461,,50,,,,,,50
7845,83,495,3,0,0,0x03,0,0,17,11,5.667,0.000,-5.667,-5,-5,220,220,57014,62475,62525,,5511,,50,,,,,,50
7846,83,495,3,0,0,0x03,0,0,17,11,5.667,0.000,-5.667,-5,-5,220,220,57014,62525,62575,,5561,,50,,,,,,50
7847,83,495,3,0,0,0x03,0,0,17,11,5.667,0.000,-5.667,-5,-5,220,220,57014,62575,62625,,5611,,50,,,,,,50
7848,83,495,3,0,0,0x03,0,0,17,12,5.667,0.000,-5.667,-5,-5,220,220,57014,62625,62675,,5661,,50,,,,,,50
7849,83,495,3,0,0,0x03,0,0,17,12,5.667,0.000,-5.667,-5,-5,220,220,57014,62675,62725,,5711,,50,,,,,,50
7850,83,495,3,0,0,0x03,0,0,17,12,5.667,0.000,-5.667,-5,-5,220,220,57014,62725,62775,,5761,,50,,,,,,50
7851,83,495,3,0,0,0x03,0,0,17,12,5.667,0.000,-5.667,-5,-5,220,220,57014,62775,62825,,5811,,50,,,,,,50
7852,83,495,3,0,0,0x03,0,0,17,13,5.667,0.000,-5.667,-5,-5,220,220,57014,62825,62875,,5861,,50,,,,,,50
7853,83,495,3,0,0,0x03,0,0,17,13,5.667,0.000,-5.667,-5,-5,220,220,57014,62875,62925,,5911,,50,,,,,,50
7854,83,495,3,0,0,0x03,0,0,17,13,5.667,0.000,-5.667,-5,-5,220,220,57014,62925,62975,,5961,,50,,,,,,50
7855,83,495,3,0,0,0x03,0,0,17,14,5.667,0.000,-5.667,-5,-5,220,220,57014,62975,63025,,6011,,50,,,,,,50
7856,83,495,3,0,0,0x03,0,0,17,14,5.667,0.000,-5.667,-5,-5,220,220,57014,63025,63075,,6061,,50,,,,,,50
7857,83,495,3,0,0,0x03,0,0,17,14,5.667,0.000,-5.667,-5,-5,220,220,57014,63075,63125,,6111,,50,,,,,,50
7858,83,495,3,0,0,0x03,0,0,17,14,5.667,0.000,-5.667,-5,-5,220,220,57014,63125,63175,,6161,,50,,,,,,50
7859,83,495,3,0,0,0x03,0,0,17,15,5.667,0.000,-5.667,-5,-5,220,220,57014,63175,63225,,6211,,50,,,,,,50
7860,83,495,3,0,0,0x03,0,0,17,15,5.667,0.000,-5.667,-5,-5,220,220,57014,63225,63275,,6261,,50,,,,,,50
7861,83,496,4,0,0,0x04,25,0,58,38,27.667,58.000,30.333,31,31,220,220,63399,2789,2839,,4976,,50,,,,,,50
7862,83,496,4,0,0,0x04,24,0,57,38,27.000,57.000,30.000,31,30,220,220,63399,2839,2889,,5026,,50,,,,,,50
7863,83,496,4,0,0,0x04,25,0,56,38,27.000,56.000,29.000,30,29,220,220,63399,2889,2939,,5076,,50,,,,,,50
7864,83,496,4,0,0,0x04,29,0,54,38,27.667,54.000,26.333,29,27,220,220,63399,2939,2989,,5126,,50,,,,,,50
7865,83,496,4,0,0,0x04,24,0,53,37,25.667,53.000,27.333,27,28,220,220,63399,2989,3039,,5176,,50,,,,,,50
7866,83,496,4,0,0,0x04,24,0,52,36,25.333,52.000,26.667,28,27,220,220,63399,3039,3089,,5226,,50,,,,,,50
7867,83,496,4,0,0,0x04,24,0,51,36,25.000,51.000,26.000,27,26,220,220,63399,3089,3139,,5276,,50,,,,,,50
7868,83,496,4,0,0,0x04,24,0,49,35,24.333,49.000,24.667,26,25,220,220,63399,3139,3189,,5326,,50,,,,,,50
7869,83,496,4,0,0,0x04,24,0,48,35,24.000,48.000,24.000,25,24,220,220,63399,3189,3239,,5376,,50,,,,,,50
7870,83,496,4,0,0,0x04,23,0,47,34,23.333,47.000,23.667,24,24,220,220,63399,3239,3289,,5426,,50,,,,,,50
7871,83,496,4,0,0,0x04,23,0,45,34,22.667,45.000,22.333,24,23,220,220,63399,3289,3339,,5476,,50,,,,,,50
7872,83,496,4,0,0,0x04,23,0,44,33,22.333,44.000,21.667,23,22,220,220,63399,3339,3389,,5526,,50,,,,,,50
7873,83,496,4,0,0,0x04,23,0,43,33,22.000,43.000,21.000,22,21,220,220,63399,3389,3439,,5576,,50,,,,,,50
7874,83,496,4,0,0,0x04,23,0,41,32,21.333,41.000,19.667,21,20,220,220,63399,3439,3489,,5626,,50,,,,,,50
7875,83,496,4,0,0,0x04,23,0,40,32,21.000,40.000,19.000,20,19,220,220,63399,3489,3539,,5676,,50,,,,,,50
7876,83,496,4,0,0,0x04,23,0,39,31,20.667,39.000,18.333,19,19,220,220,63399,3539,3589,,5726,,50,,,,,,50
7877,83,496,4,0,0,0x04,23,0,37,31,20.000,37.000,17.000,19,17,220,220,63399,3589,3639,,5776,,50,,,,,,50
7878,83,496,4,0,0,0x04,23,0,37,30,20.000,37.000,17.000,17,17,220,220,63399,3639,3689,,5826,,50,,,,,,50
7879,83,496,4,0,0,0x04,23,0,35,30,19.333,35.000,15.667,17,16,220,220,63399,3689,3739,,5876,,50,,,,,,50
7880,83,496,4,0,0,0x04,23,0,33,29,18.667,33.000,14.333,16,15,220,220,63399,3739,3789,,5926,,50,,,,,,50
7881,83,497,5,0,0,0x05,17,0,0,0,5.667,0.000,-5.667,-5,-5,220,220,4227,8839,8889,,4662,,50,,,,,,50
7882,83,497,5,0,0,0x05,18,0,0,0,6.000,0.000,-6.000,-5,-6,220,220,4227,8889,8939,,4712,,50,,,,,,50
7883,83,497,5,0,0,0x05,22,0,0,1,7.333,0.000,-7.333,-6,-7,220,220,4227,8939,8989,,4762,,50,,,,,,50
7884,83,497,5,0,0,0x05,18,0,0,1,6.000,0.000,-6.000,-7,-6,220,220,4227,8989,9039,,4812,,50,,,,,,50
7885,83,497,5,0,0,0x05,18,0,0,0,6.000,0.000,-6.000,-6,-6,220,220,4227,9039,9089,,4862,,50,,,,,,50
7886,83,497,5,0,0,0x05,18,0,0,1,6.000,0.000,-6.000,-6,-6,220,220,4227,9089,9139,,4912,,50,,,,,,50
7887,83,497,5,0,0,0x05,18,0,0,1,6.000,0.000,-6.000,-6,-6,220,220,4227,9139,9189,,4962,,50,,,,,,50
7888,83,497,5,0,0,0x05,18,0,0,1,6.000,0.000,-6.000,-6,-6,220,220,4227,9189,9239,,5012,,50,,,,,,50
7889,83,497,5,0,0,0x05,18,0,0,1,6.000,0.000,-6.000,-6,-6,220,220,4227,9239,9289,,5062,,50,,,,,,50
7890,83,497,5,0,0,0x05,18,0,0,1,6.000,0.000,-6.000,-6,-6,220,220,4227,9289,9339,,5112,,50,,,,,,50
7891,83,497,5,0,0,0x05,18,0,0,2,6.000,0.000,-6.000,-6,-6,220,220,4227,9339,9389,,5162,,50,,,,,,50
7892,83,497,5,0,0,0x05,18,0,0,2,6.000,0.000,-6.000,-6,-6,220,220,4227,9389,9439,,5212,,50,,,,,,50
7893,83,497,5,0,0,0x05,19,0,0,2,6.333,0.000,-6.333,-6,-6,220,220,4227,9439,9489,,5262,,50,,,,,,50
7894,83,497,5,0,0,0x05,18,0,0,2,6.000,0.000,-6.000,-6,-6,220,220,4227,9489,9539,,5312,,50,,,,,,50
7895,83,497,5,0,0,0x05,18,0,0,2,6.000,0.000,-6.000,-6,-6,220,220,4227,9539,9589,,5362,,50,,,,,,50
7896,83,497,5,0,0,0x05,18,0,0,2,6.000,0.000,-6.000,-6,-6,220,220,4227,9589,9639,,5412,,50,,,,,,50
7897,83,497,5,0,0,0x05,19,0,0,3,6.333,0.000,-6.333,-6,-6,220,220,4227,9639,9689,,5462,,50,,,,,,50
7898,83,497,5,0,0,0x05,19,0,0,3,6.333,0.000,-6.333,-6,-6,220,220,4227,9689,9739,,5512,,50,,,,,,50
7899,83,497,5,0,0,0x05,19,0,0,4,6.333,0.000,-6.333,-6,-6,220,220,4227,9739,9789,,5562,,50,,,,,,50
7900,83,497,5,0,0,0x05,19,0,0,3,6.333,0.000,-6.333,-6,-6,220,220,4227,9789,9839,,5612,,50,,,,,,50
7901,83,498,6,0,0,0x06,41,21,0,31,20.667,41.000,20.333,21,21,220,220,10611,15889,15939,,5328,,50,,,,,,50
7902,83,498,6,0,0,0x06,44,21,0,31,21.667,44.000,22.333,21,23,220,220,10611,15939,15989,,5378,,50,,,,,,50
7903,83,498,6,0,0,0x06,40,21,0,30,20.333,40.000,19.667,23,20,220,220,10611,15989,16039,,5428,,50,,,,,,50
7904,83,498,6,0,0,0x06,39,21,0,30,20.000,39.000,19.000,20,19,220,220,10611,16039,16089,,5478,,50,,,,,,50
7905,83,498,6,0,0,0x06,37,21,0,29,19.333,37.000,17.667,19,18,220,220,10611,16089,16139,,5528,,50,,,,,,50
7906,83,498,6,0,0,0x06,36,20,0,29,18.667,36.000,17.333,18,18,220,220,10611,16139,16189,,5578,,50,,,,,,50
7907,83,498,6,0,0,0x06,36,21,0,29,19.000,36.000,17.000,18,17,220,220,10611,16189,16239,,5628,,50,,,,,,50
7908,83,498,6,0,0,0x06,34,20,0,28,18.000,34.000,16.000,17,16,220,220,10611,16239,16289,,5678,,50,,,,,,50
7909,83,498,6,0,0,0x06,33,20,0,28,17.667,33.000,15.333,16,16,220,220,10611,16289,16339,,5728,,50,,,,,,50
7910,83,498,6,0,0,0x06,32,20,0,28,17.333,32.000,14.667,16,15,220,220,10611,16339,16389,,5778,,50,,,,,,50
7911,83,498,6,0,0,0x06,32,20,0,27,17.333,32.000,14.667,15,15,220,220,10611,16389,16439,,5828,,50,,,,,,50
7912,83,498,6,0,0,0x06,31,20,0,27,17.000,31.000,14.000,15,14,220,220,10611,16439,16489,,5878,,50,,,,,,50
7913,83,498,6,0,0,0x06,29,20,0,26,16.333,29.000,12.667,14,13,220,220,10611,16489,16539,,5928,,50,,,,,,50
7914,83,498,6,0,0,0x06,29,20,0,26,16.333,29.000,12.667,13,13,220,220,10611,16539,16589,,5978,,50,,,,,,50
7915,83,498,6,0,0,0x06,28,20,0,26,16.000,28.000,12.000,13,12,220,220,10611,16589,16639,,6028,,50,,,,,,50
7916,83,498,6,0,0,0x06,26,19,0,25,15.000,26.000,11.000,12,11,220,220,10611,16639,16689,,6078,,50,,,,,,50
7917,83,498,6,0,0,0x06,25,20,0,25,15.000,25.000,10.000,11,10,220,220,10611,16689,16739,,6128,,50,,,,,,50
7918,83,498,6,0,0,0x06,24,20,0,25,14.667,24.000,9.333,10,10,220,220,10611,16739,16789,,6178,,50,,,,,,50
7919,83,498,6,0,0,0x06,23,20,0,25,14.333,23.000,8.667,10,9,220,220,10611,16789,16839,,6228,,50,,,,,,50
7920,83,498,6,0,0,0x06,22,19,0,24,13.667,22.000,8.333,9,9,220,220,10611,16839,16889,,6278,,50,,,,,,50
7921,84,499,1,0,0,0x01,1,18,0,2,6.333,0.000,-6.333,-5,-6,220,220,16981,21939,21989,,5008,,50,,,,,,50
7922,84,499,1,0,0,0x01,0,17,0,2,5.667,0.000,-5.667,-6,-5,220,220,16981,21989,22039,,5058,,50,,,,,,50
7923,84,499,1,0,0,0x01,0,18,0,2,6.000,0.000,-6.000,-5,-6,220,220,16981,22039,22089,,5108,,50,,,,,,50
7924,84,499,1,0,0,0x01,0,18,0,3,6.000,0.000,-6.000,-6,-6,220,220,16981,22089,22139,,5158,,50,,,,,,50
7925,84,499,1,0,0,0x01,0,18,0,3,6.000,0.000,-6.000,-6,-6,220,220,16981,22139,22189,,5208,,50,,,,,,50
7926,84,499,1,0,0,0x01,0,18,0,3,6.000,0.000,-6.000,-6,-6,220,220,16981,22189,22239,,5258,,50,,,,,,50
7927,84,499,1,0,0,0x01,0,18,0,4,6.000,0.000,-6.000,-6,-6,220,220,16981,22239,22289,,5308,,50,,,,,,50
7928,84,499,1,0,0,0x01,0,18,0,4,6.000,0.000,-6.000,-6,-6,220,220,16981,22289,22339,,5358,,50,,,,,,50
7929,84,499,1,0,0,0x01,0,18,0,4,6.000,0.000,-6.000,-6,-6,220,220,16981,22339,22389,,5408,,50,,,,,,50
7930,84,499,1,0,0,0x01,0,18,0,5,6.000,0.000,-6.000,-6,-6,220,220,16981,22389,22439,,5458,,50,,,,,,50
7931,84,499,1,0,0,0x01,0,18,0,5,6.000,0.000,-6.000,-6,-6,220,220,16981,22439,22489,,5508,,50,,,,,,50
7932,84,499,1,0,0,0x01,0,18,0,6,6.000,0.000,-6.000,-6,-6,220,220,16981,22489,22539,,5558,,50,,,,,,50
7933,84,499,1,0,0,0x01,0,18,0,6,6.000,0.000,-6.000,-6,-6,220,220,16981,22539,22589,,5608,,50,,,,,,50
7934,84,499,1,0,0,0x01,0,18,0,6,6.000,0.000,-6.000,-6,-6,220,220,16981,22589,22639,,5658,,50,,,,,,50
7935,84,499,1,0,0,0x01,0,18,0,7,6.000,0.000,-6.000,-6,-6,220,220,16981,22639,22689,,5708,,50,,,,,,50
7936,84,499,1,0,0,0x01,0,18,0,7,6.000,0.000,-6.000,-6,-6,220,220,16981,22689,22739,,5758,,50,,,,,,50
7937,84,499,1,0,0,0x01,0,18,0,7,6.000,0.000,-6.000,-6,-6,220,220,16981,22739,22789,,5808,,50,,,,,,50
7938,84,499,1,0,0,0x01,0,18,0,8,6.000,0.000,-6.000,-6,-6,220,220,16981,22789,22839,,5858,,50,,,,,,50
7939,84,499,1,0,0,0x01,0,18,0,8,6.000,0.000,-6.000,-6,-6,220,220,16981,22839,22889,,5908,,50,,,,,,50
7940,84,499,1,0,0,0x01,0,18,0,8,6.000,0.000,-6.000,-6,-6,220,220,16981,22889,22939,,5958,,50,,,,,,50
7941,84,500,2,0,0,0x02,3,63,21,40,29.000,63.000,34.000,33,34,220,220,23366,27989,28039,,4673,,50,,,,,,50
7942,84,500,2,0,0,0x02,3,61,21,39,28.333,61.000,32.667,34,33,220,220,23366,28039,28089,,4723,,50,,,,,,50
7943,84,500,2,0,0,0x02,3,60,21,39,28.000,60.000,32.000,33,32,220,220,23366,28089,28139,,4773,,50,,,,,,50
7944,84,500,2,0,0,0x02,3,60,21,39,28.000,60.000,32.000,32,32,220,220,23366,28139,28189,,4823,,50,,,,,,50
7945,84,500,2,0,0,0x02,3,59,21,38,27.667,59.000,31.333,32,32,220,220,23366,28189,28239,,4873,,50,,,,,,50
7946,84,500,2,0,0,0x02,3,58,21,38,27.333,58.000,30.667,32,31,220,220,23366,28239,28289,,4923,,50,,,,,,50
7947,84,500,2,0,0,0x02,3,57,21,38,27.000,57.000,30.000,31,30,220,220,23366,28289,28339,,4973,,50,,,,,,50
7948,84,500,2,0,0,0x02,3,57,21,38,27.000,57.000,30.000,30,30,220,220,23366,28339,28389,,5023,,50,,,,,,50
7949,84,500,2,0,0,0x02,3,56,21,37,26.667,56.000,29.333,30,30,220,220,23366,28389,28439,,5073,,50,,,,,,50
7950,84,500,2,0,0,0x02,3,55,21,37,26.333,55.000,28.667,30,29,220,220,23366,28439,28489,,5123,,50,,,,,,50
7951,84,500,2,0,0,0x02,3,54,21,36,26.000,54.000,28.000,29,28,220,220,23366,28489,28539,,5173,,50,,,,,,50
7952,84,500,2,0,0,0x02,3,53,21,36,25.667,53.000,27.333,28,28,220,220,23366,28539,28589,,5223,,50,,,,,,50
7953,84,500,2,0,0,0x02,3,52,20,36,25.000,52.000,27.000,28,27,220,220,23366,28589,28639,,5273,,50,,,,,,50
7954,84,500,2,0,0,0x02,2,51,21,35,24.667,51.000,26.333,27,27,220,220,23366,28639,28689,,5323,,50,,,,,,50
7955,84,500,2,0,0,0x02,2,51,20,35,24.333,51.000,26.667,27,27,220,220,23366,28689,28739,,5373,,50,,,,,,50
7956,84,500,2,0,0,0x02,2,50,21,35,24.333,50.000,25.667,27,26,220,220,23366,28739,28789,,5423,,50,,,,,,50
7957,84,500,2,0,0,0x02,3,49,20,34,24.000,49.000,25.000,26,25,220,220,23366,28789,28839,,5473,,50,,,,,,50
7958,84,500,2,0,0,0x02,2,47,20,34,23.000,47.000,24.000,25,24,220,220,23366,28839,28889,,5523,,50,,,,,,50
7959,84,500,2,0,0,0x02,2,47,20,34,23.000,47.000,24.000,24,24,220,220,23366,28889,28939,,5573,,50,,,,,,50
7960,84,500,2,0,0,0x02,7,46,20,34,24.333,46.000,21.667,24,22,220,220,23366,28939,28989,,5623,,50,,,,,,50
7961,84,501,3,0,0,0x03,0,0,15,1,5.000,0.000,-5.000,-5,-5,220,220,29730,34039,34089,,4359,,50,,,,,,50
7962,84,501,3,0,0,0x03,0,0,15,1,5.000,0.000,-5.000,-5,-5,220,220,29730,34089,34139,,4409,,50,,,,,,50
7963,84,501,3,0,0,0x03,0,0,16,1,5.333,0.000,-5.333,-5,-5,220,220,29730,34139,34189,,4459,,50,,,,,,50
7964,84,501,3,0,0,0x03,0,0,15,1,5.000,0.000,-5.000,-5,-5,220,220,29730,34189,34239,,4509,,50,,,,,,50
7965,84,501,3,0,0,0x03,0,0,16,1,5.333,0.000,-5.333,-5,-5,220,220,29730,34239,34289,,4559,,50,,,,,,50
7966,84,501,3,0,0,0x03,0,0,16,2,5.333,0.000,-5.333,-5,-5,220,220,29730,34289,36389,,6659,,2100,,,,,,50
7967,84,501,3,0,0,0x03,0,0,16,2,5.333,0.000,-5.333,-5,-5,220,220,29730,34339,34389,,4659,,50,,,,,,50
7968,84,501,3,0,0,0x03,0,0,16,2,5.333,0.000,-5.333,-5,-5,220,220,36115,36439,36489,,374,,50,,,,,,50
7969,84,501,3,0,0,0x03,0,0,16,3,5.333,0.000,-5.333,-5,-5,220,220,29730,34439,36539,,6809,,2100,,,,,,50
7970,84,501,3,0,0,0x03,0,0,16,3,5.333,0.000,-5.333,-5,-4,220,220,36115,36539,36589,,474,,50,,,,,,50
7971,84,502,4,0,0,0x04,20,0,3,18,7.667,3.000,-4.667,-4,-4,220,220,36115,36589,36639,,524,,50,,,,,,50
7972,84,502,4,0,0,0x04,0,0,16,3,5.333,16.000,10.667,-4,-3,220,220,36115,36639,36689,,574,,50,,,,,,50
7973,84,502,4,0,0,0x04,21,0,7,20,9.333,7.000,-2.333,-3,-2,220,220,36115,36689,36739,,624,,50,,,,,,50
7974,84,502,4,0,0,0x04,0,0,16,20,5.333,16.000,10.667,-2,-1,220,220,36115,36739,36789,,674,,50,,,,,,50
7975,84,502,4,0,0,0x04,21,0,8,20,9.667,8.000,-1.667,-1,-1,220,220,36115,36789,36839,,724,,50,,,,,,50
7976,84,502,4,0,0,0x04,21,0,10,21,10.333,10.000,-0.333,-1,0,220,220,36115,36839,36889,,774,,50,,,,,,50
7977,84,502,4,0,0,0x04,21,0,13,22,11.333,13.000,1.667,0,2,220,220,36115,36889,36939,,824,,50,,,,,,50
7978,84,502,4,0,0,0x04,25,1,14,22,13.333,14.000,0.667,2,1,220,220,36115,36939,36989,,874,,50,,,,,,50
7979,84,502,4,0,0,0x04,21,1,14,22,12.000,14.000,2.000,1,2,220,220,36115,36989,37039,,924,,50,,,,,,50
7980,84,502,4,0,0,0x04,21,0,16,23,12.333,16.000,3.667,2,4,220,220,36115,37039,37089,,974,,50,,,,,,50
7981,84,502,4,0,0,0x04,24,0,48,35,24.000,48.000,24.000,25,24,220,220,36115,41089,41139,,5024,,50,,,,,,50
7982,84,502,4,0,0,0x04,24,0,47,34,23.667,47.000,23.333,24,24,220,220,36115,41139,41189,,5074,,50,,,,,,50
7983,84,502,4,0,0,0x04,24,0,46,34,23.333,46.000,22.667,24,23,220,220,36115,41189,41239,,5124,,50,,,,,,50
7984,84,502,4,0,0,0x04,23,0,45,34,22.667,45.000,22.333,23,23,220,220,36115,41239,41289,,5174,,50,,,,,,50
7985,84,502,4,0,0,0x04,23,0,44,34,22.333,44.000,21.667,23,22,220,220,36115,41289,41339,,5224,,50,,,,,,50
7986,84,502,4,0,0,0x04,23,0,43,33,22.000,43.000,21.000,22,21,220,220,36115,41339,41389,,5274,,50,,,,,,50
7987,84,502,4,0,0,0x04,23,0,41,33,21.333,41.000,19.667,21,20,220,220,36115,41389,41439,,5324,,50,,,,,,50
7988,84,502,4,0,0,0x04,23,0,41,32,21.333,41.000,19.667,20,20,220,220,36115,41439,41489,,5374,,50,,,,,,50
7989,84,502,4,0,0,0x04,23,0,40,32,21.000,40.000,19.000,20,19,220,220,36115,41489,41539,,5424,,50,,,,,,50
7990,84,502,4,0,0,0x04,23,0,39,31,20.667,39.000,18.333,19,19,220,220,36115,41539,41589,,5474,,50,,,,,,50
7991,84,502,4,0,0,0x04,23,0,38,31,20.333,38.000,17.667,19,18,220,220,36115,41589,41639,,5524,,50,,,,,,50
7992,84,502,4,0,0,0x04,23,0,37,31,20.000,37.000,17.000,18,17,220,220,36115,41639,41689,,5574,,50,,,,,,50
7993,84,502,4,0,0,0x04,23,0,36,30,19.667,36.000,16.333,17,17,220,220,36115,41689,41739,,5624,,50,,,,,,50
7994,84,502,4,0,0,0x04,22,0,34,30,18.667,34.000,15.333,17,16,220,220,36115,41739,41789,,5674,,50,,,,,,50
7995,84,502,4,0,0,0x04,23,0,33,30,18.667,33.000,14.333,16,15,220,220,36115,41789,41839,,5724,,50,,,,,,50
7996,84,502,4,0,0,0x04,22,0,33,29,18.333,33.000,14.667,15,15,220,220,36115,41839,41889,,5774,,50,,,,,,50
7997,84,502,4,0,0,0x04,22,0,32,29,18.000,32.000,14.000,15,14,220,220,36115,41889,41939,,5824,,50,,,,,,50
7998,84,502,4,0,0,0x04,26,0,30,29,18.667,30.000,11.333,14,12,220,220,36115,41939,41989,,5874,,50,,,,,,50
7999,84,502,4,0,0,0x04,23,0,30,28,17.667,30.000,12.333,12,13,220,220,36115,41989,42039,,5924,,50,,,,,,50
8000,84,502,4,0,0,0x04,22,0,29,28,17.000,29.000,12.000,13,12,220,220,36115,42039,42089,,5974,,50,,,,,,50
8001,84,503,5,0,0,0x05,18,0,0,0,6.000,0.000,-6.000,-5,-6,220,220,42479,47139,47189,,4710,,50,,,,,,50
8002,84,503,5,0,0,0x05,17,0,0,0,5.667,0.000,-5.667,-6,-5,220,220,42479,47189,47239,,4760,,50,,,,,,50
8003,84,503,5,0,0,0x05,18,0,0,0,6.000,0.000,-6.000,-5,-6,220,220,42479,47239,47289,,4810,,50,,,,,,50
8004,84,503,5,0,0,0x05,18,0,0,0,6.000,0.000,-6.000,-6,-6,220,220,42479,47289,47339,,4860,,50,,,,,,50
8005,84,503,5,0,0,0x05,18,0,0,0,6.000,0.000,-6.000,-6,-6,220,220,42479,47339,47389,,4910,,50,,,,,,50
8006,84,503,5,0,0,0x05,17,0,0,0,5.667,0.000,-5.667,-6,-5,220,220,42479,47389,47439,,4960,,50,,,,,,50
8007,84,503,5,0,0,0x05,18,0,0,0,6.000,0.000,-6.000,-5,-6,220,220,42479,47439,47489,,5010,,50,,,,,,50
8008,84,503,5,0,0,0x05,18,0,0,0,6.000,0.000,-6.000,-6,-6,220,220,42479,47489,47539,,5060,,50,,,,,,50
8009,84,503,5,0,0,0x05,18,0,0,0,6.000,0.000,-6.000,-6,-6,220,220,42479,47539,47589,,5110,,50,,,,,,50
8010,84,503,5,0,0,0x05,18,0,0,0,6.000,0.000,-6.000,-6,-6,220,220,42479,47589,47639,,5160,,50,,,,,,50
8011,84,503,5,0,0,0x05,18,0,0,0,6.000,0.000,-6.000,-6,-6,220,220,42479,47639,47689,,5210,,50,,,,,,50
8012,84,503,5,0,0,0x05,18,0,0,0,6.000,0.000,-6.000,-6,-6,220,220,42479,47689,47739,,5260,,50,,,,,,50
8013,84,503,5,0,0,0x05,18,0,0,0,6.000,0.000,-6.000,-6,-6,220,220,42479,47739,47789,,5310,,50,,,,,,50
8014,84,503,5,0,0,0x05,18,0,0,0,6.000,0.000,-6.000,-6,-6,220,220,42479,47789,47839,,5360,,50,,,,,,50
8015,84,503,5,0,0,0x05,18,0,0,0,6.000,0.000,-6.000,-6,-6,220,220,42479,47839,47889,,5410,,50,,,,,,50
8016,84,503,5,0,0,0x05,18,0,0,0,6.000,0.000,-6.000,-6,-6,220,220,42479,47889,47939,,5460,,50,,,,,,50
8017,84,503,5,0,0,0x05,23,0,0,0,7.667,0.000,-7.667,-6,-7,220,220,42479,47939,47989,,5510,,50,,,,,,50
8018,84,503,5,0,0,0x05,18,0,0,0,6.000,0.000,-6.000,-7,-6,220,220,42479,47989,48039,,5560,,50,,,,,,50
8019,84,503,5,0,0,0x05,18,0,0,0,6.000,0.000,-6.000,-6,-6,220,220,42479,48039,48089,,5610,,50,,,,,,50
8020,84,503,5,0,0,0x05,19,0,0,1,6.333,0.000,-6.333,-6,-6,220,220,42479,48089,48139,,5660,,50,,,,,,50
8021,84,504,6,0,0,0x06,52,21,0,35,24.333,52.000,27.667,28,28,220,220,48863,53189,53239,,4376,,50,,,,,,50
8022,84,504,6,0,0,0x06,52,21,0,35,24.333,52.000,27.667,28,28,220,220,48863,53239,53289,,4426,,50,,,,,,50
8023,84,504,6,0,0,0x06,51,21,0,35,24.000,51.000,27.000,28,27,220,220,48863,53289,53339,,4476,,50,,,,,,50
8024,84,504,6,0,0,0x06,50,21,0,34,23.667,50.000,26.333,27,27,220,220,48863,53339,53389,,4526,,50,,,,,,50
8025,84,504,6,0,0,0x06,49,21,0,34,23.333,49.000,25.667,27,26,220,220,48863,53389,53439,,4576,,50,,,,,,50
8026,84,504,6,0,0,0x06,49,21,0,34,23.333,49.000,25.667,26,26,220,220,48863,53439,53489,,4626,,50,,,,,,50
8027,84,504,6,0,0,0x06,49,21,0,34,23.333,49.000,25.667,26,26,220,220,48863,53489,53539,,4676,,50,,,,,,50
8028,84,504,6,0,0,0x06,48,21,0,33,23.000,48.000,25.000,26,25,220,220,48863,53539,53589,,4726,,50,,,,,,50
8029,84,504,6,0,0,0x06,47,21,0,33,22.667,47.000,24.333,25,25,220,220,48863,53589,53639,,4776,,50,,,,,,50
8030,84,504,6,0,0,0x06,47,21,0,33,22.667,47.000,24.333,25,25,220,220,48863,53639,53689,,4826,,50,,,,,,50
8031,84,504,6,0,0,0x06,46,21,0,33,22.333,46.000,23.667,25,24,220,220,48863,53689,53739,,4876,,50,,,,,,50
8032,85,505,1,0,0,0x01,45,21,0,33,22.000,0.000,-22.000,5,4,220,220,55229,55789,55839,,610,,50,,,,,,50
8033,85,506,6,0,0,0x06,45,21,0,33,22.000,45.000,23.000,23,23,220,220,48863,53789,53839,,4976,,50,,,,,,50
8034,85,507,1,0,0,0x01,45,21,0,21,22.000,0.000,-22.000,3,2,220,220,55229,55889,55939,,710,,50,,,,,,50
8035,85,508,6,0,0,0x06,43,21,0,32,21.333,43.000,21.667,23,22,220,220,48863,53889,53939,,5076,,50,,,,,,50
8036,85,509,1,0,0,0x01,47,18,10,21,25.000,10.000,-15.000,1,-1,220,220,55229,55989,56039,,810,,50,,,,,,50
8037,85,510,6,0,0,0x06,42,21,0,31,21.000,42.000,21.000,25,21,220,220,55229,56039,56089,,860,,50,,,,,,50
8038,86,511,1,0,0,0x01,0,18,6,19,8.000,6.000,-2.000,-1,-2,220,220,55229,56089,56139,,910,,50,,,,,,50
8039,86,511,1,0,0,0x01,40,18,5,19,21.000,5.000,-16.000,-2,-3,220,220,55229,56139,56189,,960,,50,,,,,,50
8040,86,511,1,0,0,0x01,1,18,4,18,7.667,4.000,-3.667,-3,-3,220,220,55229,56189,56239,,1010,,50,,,,,,50
8041,86,511,1,0,0,0x01,0,18,0,5,6.000,0.000,-6.000,-6,-6,220,220,55229,60239,60289,,5060,,50,,,,,,50
8042,86,511,1,0,0,0x01,0,18,0,5,6.000,0.000,-6.000,-6,-6,220,220,55229,60289,60339,,5110,,50,,,,,,50
8043,86,511,1,0,0,0x01,0,18,0,6,6.000,0.000,-6.000,-6,-6,220,220,55229,60339,60389,,5160,,50,,,,,,50
8044,86,511,1,0,0,0x01,0,18,0,6,6.000,0.000,-6.000,-6,-6,220,220,55229,60389,60439,,5210,,50,,,,,,50
8045,86,511,1,0,0,0x01,0,18,0,7,6.000,0.000,-6.000,-6,-6,220,220,55229,60439,60489,,5260,,50,,,,,,50
8046,86,511,1,0,0,0x01,0,18,0,7,6.000,0.000,-6.000,-6,-6,220,220,55229,60489,60539,,5310,,50,,,,,,50
8047,86,511,1,0,0,0x01,0,18,0,7,6.000,0.000,-6.000,-6,-6,220,220,55229,60539,60589,,5360,,50,,,,,,50
8048,86,511,1,0,0,0x01,0,18,0,7,6.000,0.000,-6.000,-6,-6,220,220,55229,60589,60639,,5410,,50,,,,,,50
8049,86,511,1,0,0,0x01,0,18,0,8,6.000,0.000,-6.000,-6,-6,220,220,55229,60639,60689,,5460,,50,,,,,,50
8050,86,511,1,0,0,0x01,0,18,0,8,6.000,0.000,-6.000,-6,-6,220,220,55229,60689,60739,,5510,,50,,,,,,50
8051,86,511,1,0,0,0x01,0,18,0,9,6.000,0.000,-6.000,-6,-6,220,220,55229,60739,60789,,5560,,50,,,,,,50
8052,86,511,1,0,0,0x01,0,18,0,9,6.000,0.000,-6.000,-6,-6,220,220,55229,60789,60839,,5610,,50,,,,,,50
8053,86,511,1,0,0,0x01,0,18,0,10,6.000,0.000,-6.000,-6,-6,220,220,55229,60839,60889,,5660,,50,,,,,,50
8054,86,511,1,0,0,0x01,0,18,0,10,6.000,0.000,-6.000,-6,-6,220,220,55229,60889,60939,,5710,,50,,,,,,50
8055,86,511,1,0,0,0x01,3,18,0,11,7.000,0.000,-7.000,-6,-7,220,220,55229,60939,60989,,5760,,50,,,,,,50
8056,86,511,1,0,0,0x01,0,18,0,11,6.000,0.000,-6.000,-7,-6,220,220,55229,60989,61039,,5810,,50,,,,,,50
8057,86,511,1,0,0,0x01,0,19,0,11,6.333,0.000,-6.333,-6,-6,220,220,55229,61039,61089,,5860,,50,,,,,,50
8058,86,511,1,0,0,0x01,0,19,0,12,6.333,0.000,-6.333,-6,-6,220,220,55229,61089,61139,,5910,,50,,,,,,50
8059,86,511,1,0,0,0x01,0,18,0,12,6.000,0.000,-6.000,-6,-6,220,220,55229,61139,61189,,5960,,50,,,,,,50
8060,86,511,1,0,0,0x01,0,19,0,13,6.333,0.000,-6.333,-6,-6,220,220,55229,61189,61239,,6010,,50,,,,,,50
8061,86,512,2,0,0,0x02,4,70,22,42,32.000,70.000,38.000,38,38,220,220,61513,753,803,,4826,,50,,,,,,50
8062,86,512,2,0,0,0x02,4,69,21,42,31.333,69.000,37.667,38,38,220,220,61513,803,853,,4876,,50,,,,,,50
8063,86,512,2,0,0,0x02,4,68,22,42,31.333,68.000,36.667,38,37,220,220,61513,853,903,,4926,,50,,,,,,50
8064,86,512,2,0,0,0x02,3,68,22,41,31.000,68.000,37.000,37,37,220,220,61513,903,953,,4976,,50,,,,,,50
8065,86,512,2,0,0,0x02,4,67,22,42,31.000,67.000,36.000,37,36,220,220,61513,953,1003,,5026,,50,,,,,,50
8066,86,512,2,0,0,0x02,3,67,22,41,30.667,67.000,36.333,36,37,220,220,61513,1003,1053,,5076,,50,,,,,,50
8067,86,512,2,0,0,0x02,4,66,21,40,30.333,66.000,35.667,37,36,220,220,61513,1053,1103,,5126,,50,,,,,,50
8068,86,512,2,0,0,0x02,4,66,21,41,30.333,66.000,35.667,36,36,220,220,61513,1103,1153,,5176,,50,,,,,,50
8069,86,512,2,0,0,0x02,3,65,22,41,30.000,65.000,35.000,36,35,220,220,61513,1153,1203,,5226,,50,,,,,,50
8070,86,512,2,0,0,0x02,3,64,21,40,29.333,64.000,34.667,35,35,220,220,61513,1203,1253,,5276,,50,,,,,,50
8071,86,512,2,0,0,0x02,3,64,21,40,29.333,64.000,34.667,35,35,220,220,61513,1253,1303,,5326,,50,,,,,,50
8072,86,512,2,0,0,0x02,3,63,22,40,29.333,63.000,33.667,35,34,220,220,61513,1303,1353,,5376,,50,,,,,,50
8073,86,512,2,0,0,0x02,3,62,21,39,28.667,62.000,33.333,34,34,220,220,61513,1353,1403,,5426,,50,,,,,,50
8074,86,512,2,0,0,0x02,7,61,21,40,29.667,61.000,31.333,34,32,220,220,61513,1403,1453,,5476,,50,,,,,,50
8075,86,512,2,0,0,0x02,3,61,21,39,28.333,61.000,32.667,32,33,220,220,61513,1453,1503,,5526,,50,,,,,,50
8076,86,512,2,0,0,0x02,3,61,21,39,28.333,61.000,32.667,33,33,220,220,61513,1503,1553,,5576,,50,,,,,,50
8077,86,512,2,0,0,0x02,3,60,21,38,28.000,60.000,32.000,33,32,220,220,61513,1553,1603,,5626,,50,,,,,,50
8078,86,512,2,0,0,0x02,3,59,21,38,27.667,59.000,31.333,32,32,220,220,61513,1603,1653,,5676,,50,,,,,,50
8079,86,512,2,0,0,0x02,3,58,21,38,27.333,58.000,30.667,32,31,220,220,61513,1653,1703,,5726,,50,,,,,,50
8080,86,512,2,0,0,0x02,3,58,21,38,27.333,58.000,30.667,31,31,220,220,61513,1703,1753,,5776,,50,,,,,,50
8081,86,513,3,0,0,0x03,0,0,16,5,5.333,0.000,-5.333,-5,-5,220,220,2242,6803,6853,,4611,,50,,,,,,50
8082,86,513,3,0,0,0x03,0,0,17,6,5.667,0.000,-5.667,-5,-5,220,220,2242,6853,6903,,4661,,50,,,,,,50
8083,86,513,3,0,0,0x03,0,0,16,6,5.333,0.000,-5.333,-5,-5,220,220,2242,6903,6953,,4711,,50,,,,,,50
8084,86,513,3,0,0,0x03,0,0,16,6,5.333,0.000,-5.333,-5,-5,220,220,2242,6953,7003,,4761,,50,,,,,,50
8085,86,513,3,0,0,0x03,0,0,17,7,5.667,0.000,-5.667,-5,-5,220,220,2242,7003,7053,,4811,,50,,,,,,50
8086,86,513,3,0,0,0x03,0,0,17,7,5.667,0.000,-5.667,-5,-5,220,220,2242,7053,7103,,4861,,50,,,,,,50
8087,86,513,3,0,0,0x03,0,0,16,7,5.333,0.000,-5.333,-5,-5,220,220,2242,7103,7153,,4911,,50,,,,,,50
8088,86,513,3,0,0,0x03,0,0,17,8,5.667,0.000,-5.667,-5,-5,220,220,2242,7153,7203,,4961,,50,,,,,,50
8089,86,513,3,0,0,0x03,0,0,17,8,5.667,0.000,-5.667,-5,-5,220,220,2242,7203,7253,,5011,,50,,,,,,50
8090,86,513,3,0,0,0x03,0,0,17,8,5.667,0.000,-5.667,-5,-5,220,220,2242,7253,7303,,5061,,50,,,,,,50
8091,86,513,3,0,0,0x03,0,0,17,9,5.667,0.000,-5.667,-5,-5,220,220,2242,7303,7353,,5111,,50,,,,,,50
8092,86,513,3,0,0,0x03,0,0,17,9,5.667,0.000,-5.667,-5,-5,220,220,2242,7353,7403,,5161,,50,,,,,,50
8093,86,513,3,0,0,0x03,0,0,17,10,5.667,0.000,-5.667,-5,-5,220,220,2242,7403,7453,,5211,,50,,,,,,50
8094,86,513,3,0,0,0x03,0,0,17,10,5.667,0.000,-5.667,-5,-5,220,220,2242,7453,7503,,5261,,50,,,,,,50
8095,86,513,3,0,0,0x03,0,0,17,10,5.667,0.000,-5.667,-5,-5,220,220,2242,7503,7553,,5311,,50,,,,,,50
8096,86,513,3,0,0,0x03,0,0,17,11,5.667,0.000,-5.667,-5,-5,220,220,2242,7553,7603,,5361,,50,,,,,,50
8097,86,513,3,0,0,0x03,0,0,17,11,5.667,0.000,-5.667,-5,-5,220,220,2242,7603,7653,,5411,,50,,,,,,50
8098,86,513,3,0,0,0x03,0,0,17,11,5.667,0.000,-5.667,-5,-5,220,220,2242,7653,7703,,5461,,50,,,,,,50
8099,86,513,3,0,0,0x03,0,0,17,12,5.667,0.000,-5.667,-5,-5,220,220,2242,7703,7753,,5511,,50,,,,,,50
8100,86,513,3,0,0,0x03,0,0,17,13,5.667,0.000,-5.667,-5,-5,220,220,2242,7753,7803,,5561,,50,,,,,,50
8101,86,514,4,0,0,0x04,25,1,62,40,29.333,62.000,32.667,34,33,220,220,8527,12853,12903,,4376,,50,,,,,,50
8102,86,514,4,0,0,0x04,24,1,62,40,29.000,62.000,33.000,33,33,220,220,8527,12903,12953,,4426,,50,,,,,,50
8103,86,514,4,0,0,0x04,25,1,61,40,29.000,61.000,32.000,33,32,220,220,8527,12953,13003,,4476,,50,,,,,,50
8104,86,514,4,0,0,0x04,24,1,59,39,28.000,59.000,31.000,32,31,220,220,8527,13003,13053,,4526,,50,,,,,,50
8105,86,514,4,0,0,0x04,24,1,58,39,27.667,58.000,30.333,31,31,220,220,8527,13053,13103,,4576,,50,,,,,,50
8106,86,514,4,0,0,0x04,24,0,58,39,27.333,58.000,30.667,31,31,220,220,8527,13103,13153,,4626,,50,,,,,,50
8107,86,514,4,0,0,0x04,25,0,57,38,27.333,57.000,29.667,31,30,220,220,8527,13153,13203,,4676,,50,,,,,,50
8108,86,514,4,0,0,0x04,24,1,56,38,27.000,56.000,29.000,30,29,220,220,8527,13203,13253,,4726,,50,,,,,,50
8109,86,514,4,0,0,0x04,24,0,55,38,26.333,55.000,28.667,29,29,220,220,8527,13253,13303,,4776,,50,,,,,,50
8110,86,514,4,0,0,0x04,24,1,54,37,26.333,54.000,27.667,29,28,220,220,8527,13303,13353,,4826,,50,,,,,,50
8111,86,514,4,0,0,0x04,24,1,53,37,26.000,53.000,27.000,28,27,220,220,8527,13353,13403,,4876,,50,,,,,,50
8112,86,514,4,0,0,0x04,28,0,52,37,26.667,52.000,25.333,27,26,220,220,8527,13403,13453,,4926,,50,,,,,,50
8113,86,514,4,0,0,0x04,24,0,51,36,25.000,51.000,26.000,26,26,220,220,8527,13453,13503,,4976,,50,,,,,,50
8114,86,514,4,0,0,0x04,24,0,50,36,24.667,50.000,25.333,26,26,220,220,8527,13503,13553,,5026,,50,,,,,,50
8115,86,514,4,0,0,0x04,24,0,49,35,24.333,49.000,24.667,26,25,220,220,8527,13553,13603,,5076,,50,,,,,,50
8116,86,514,4,0,0,0x04,24,0,48,35,24.000,48.000,24.000,25,24,220,220,8527,13603,13653,,5126,,50,,,,,,50
8117,86,514,4,0,0,0x04,23,0,47,34,23.333,47.000,23.667,24,24,220,220,8527,13653,13703,,5176,,50,,,,,,50
8118,86,514,4,0,0,0x04,23,0,46,34,23.000,46.000,23.000,24,23,220,220,8527,13703,13753,,5226,,50,,,,,,50
8119,86,514,4,0,0,0x04,23,0,44,33,22.333,44.000,21.667,23,22,220,220,8527,13753,13803,,5276,,50,,,,,,50
8120,86,514,4,0,0,0x04,23,0,43,33,22.000,43.000,21.000,22,21,220,220,8527,13803,13853,,5326,,50,,,,,,50
8121,86,515,5,0,0,0x05,18,0,0,1,6.000,0.000,-6.000,-6,-6,220,220,14791,19903,19953,,5162,,50,,,,,,50
8122,86,515,5,0,0,0x05,18,0,0,1,6.000,0.000,-6.000,-6,-6,220,220,14791,19953,20003,,5212,,50,,,,,,50
8123,86,515,5,0,0,0x05,18,0,0,1,6.000,0.000,-6.000,-6,-6,220,220,14791,20003,20053,,5262,,50,,,,,,50
8124,86,515,5,0,0,0x05,18,0,0,1,6.000,0.000,-6.000,-6,-6,220,220,14791,20053,20103,,5312,,50,,,,,,50
8125,86,515,5,0,0,0x05,19,0,0,2,6.333,0.000,-6.333,-6,-6,220,220,14791,20103,20153,,5362,,50,,,,,,50
8126,86,515,5,0,0,0x05,18,0,0,2,6.000,0.000,-6.000,-6,-6,220,220,14791,20153,20203,,5412,,50,,,,,,50
8127,86,515,5,0,0,0x05,18,0,0,2,6.000,0.000,-6.000,-6,-6,220,220,14791,20203,20253,,5462,,50,,,,,,50
8128,86,515,5,0,0,0x05,18,0,0,2,6.000,0.000,-6.000,-6,-6,220,220,14791,20253,20303,,5512,,50,,,,,,50
8129,86,515,5,0,0,0x05,18,0,0,2,6.000,0.000,-6.000,-6,-6,220,220,14791,20303,20353,,5562,,50,,,,,,50
8130,86,515,5,0,0,0x05,18,0,0,3,6.000,0.000,-6.000,-6,-6,220,220,14791,20353,20403,,5612,,50,,,,,,50
8131,86,515,5,0,0,0x05,23,0,0,3,7.667,0.000,-7.667,-6,-7,220,220,14791,20403,20453,,5662,,50,,,,,,50
8132,86,515,5,0,0,0x05,18,0,0,3,6.000,0.000,-6.000,-7,-6,220,220,14791,20453,20503,,5712,,50,,,,,,50
8133,86,515,5,0,0,0x05,19,0,0,4,6.333,0.000,-6.333,-6,-6,220,220,14791,20503,20553,,5762,,50,,,,,,50
8134,86,515,5,0,0,0x05,19,0,0,3,6.333,0.000,-6.333,-6,-6,220,220,14791,20553,20603,,5812,,50,,,,,,50
8135,86,515,5,0,0,0x05,18,0,0,4,6.000,0.000,-6.000,-6,-6,220,220,14791,20603,20653,,5862,,50,,,,,,50
8136,86,515,5,0,0,0x05,19,0,0,4,6.333,0.000,-6.333,-6,-6,220,220,14791,20653,20703,,5912,,50,,,,,,50
8137,86,515,5,0,0,0x05,19,0,0,5,6.333,0.000,-6.333,-6,-6,220,220,14791,20703,20753,,5962,,50,,,,,,50
8138,86,515,5,0,0,0x05,19,0,0,5,6.333,0.000,-6.333,-6,-6,220,220,14791,20753,20803,,6012,,50,,,,,,50
8139,86,515,5,0,0,0x05,19,0,0,5,6.333,0.000,-6.333,-6,-6,220,220,14791,20803,20853,,6062,,50,,,,,,50
8140,86,515,5,0,0,0x05,19,0,0,6,6.333,0.000,-6.333,-6,-6,220,220,14791,20853,20903,,6112,,50,,,,,,50
8141,86,516,6,0,0,0x06,56,22,0,36,26.000,56.000,30.000,32,30,220,220,21075,25953,26003,,4928,,50,,,,,,50
8142,86,516,6,0,0,0x06,55,22,0,36,25.667,55.000,29.333,30,30,220,220,21075,26003,26053,,4978,,50,,,,,,50
8143,86,516,6,0,0,0x06,55,22,0,36,25.667,55.000,29.333,30,30,220,220,21075,26053,26103,,5028,,50,,,,,,50
8144,86,516,6,0,0,0x06,53,22,0,35,25.000,53.000,28.000,30,28,220,220,21075,26103,26153,,5078,,50,,,,,,50
8145,86,516,6,0,0,0x06,52,22,0,35,24.667,52.000,27.333,28,28,220,220,21075,26153,26203,,5128,,50,,,,,,50
8146,86,516,6,0,0,0x06,51,22,0,35,24.333,51.000,26.667,28,27,220,220,21075,26203,26253,,5178,,50,,,,,,50
8147,86,516,6,0,0,0x06,50,21,0,34,23.667,50.000,26.333,27,27,220,220,21075,26253,26303,,5228,,50,,,,,,50
8148,86,516,6,0,0,0x06,49,21,0,34,23.333,49.000,25.667,27,26,220,220,21075,26303,26353,,5278,,50,,,,,,50
8149,86,516,6,0,0,0x06,47,21,0,33,22.667,47.000,24.333,26,25,220,220,21075,26353,26403,,5328,,50,,,,,,50
8150,86,516,6,0,0,0x06,51,21,0,33,24.000,51.000,27.000,25,27,220,220,21075,26403,26453,,5378,,50,,,,,,50
8151,86,516,6,0,0,0x06,46,21,0,32,22.333,46.000,23.667,27,24,220,220,21075,26453,26503,,5428,,50,,,,,,50
8152,86,516,6,0,0,0x06,44,21,0,32,21.667,44.000,22.333,24,23,220,220,21075,26503,26553,,5478,,50,,,,,,50
8153,86,516,6,0,0,0x06,43,21,0,31,21.333,43.000,21.667,23,22,220,220,21075,26553,26603,,5528,,50,,,,,,50
8154,86,516,6,0,0,0x06,42,21,0,31,21.000,42.000,21.000,22,21,220,220,21075,26603,26653,,5578,,50,,,,,,50
8155,86,516,6,0,0,0x06,41,20,0,31,20.333,41.000,20.667,21,21,220,220,21075,26653,26703,,5628,,50,,,,,,50
8156,86,516,6,0,0,0x06,40,21,0,30,20.333,40.000,19.667,21,20,220,220,21075,26703,26753,,5678,,50,,,,,,50
8157,86,516,6,0,0,0x06,38,21,0,30,19.667,38.000,18.333,20,19,220,220,21075,26753,26803,,5728,,50,,,,,,50
8158,86,516,6,0,0,0x06,38,20,0,30,19.333,38.000,18.667,19,19,220,220,21075,26803,26853,,5778,,50,,,,,,50
8159,86,516,6,0,0,0x06,37,20,0,29,19.000,37.000,18.000,19,18,220,220,21075,26853,26903,,5828,,50,,,,,,50
8160,86,516,6,0,0,0x06,35,20,0,28,18.333,35.000,16.667,18,17,220,220,21075,26903,26953,,5878,,50,,,,,,50
8161,87,517,1,0,0,0x01,0,18,0,4,6.000,0.000,-6.000,-6,-6,220,220,27340,32003,32053,,4713,,50,,,,,,50
8162,87,517,1,0,0,0x01,0,18,0,4,6.000,0.000,-6.000,-6,-6,220,220,27340,32053,32103,,4763,,50,,,,,,50
8163,87,517,1,0,0,0x01,0,18,0,5,6.000,0.000,-6.000,-6,-6,220,220,27340,32103,32153,,4813,,50,,,,,,50
8164,87,517,1,0,0,0x01,0,18,0,5,6.000,0.000,-6.000,-6,-6,220,220,27340,32153,32203,,4863,,50,,,,,,50
8165,87,517,1,0,0,0x01,0,18,0,6,6.000,0.000,-6.000,-6,-6,220,220,27340,32203,32253,,4913,,50,,,,,,50
8166,87,517,1,0,0,0x01,0,18,0,5,6.000,0.000,-6.000,-6,-6,220,220,27340,32253,32303,,4963,,50,,,,,,50
8167,87,517,1,0,0,0x01,0,18,0,6,6.000,0.000,-6.000,-6,-6,220,220,27340,32303,32353,,5013,,50,,,,,,50
8168,87,517,1,0,0,0x01,0,18,0,6,6.000,0.000,-6.000,-6,-6,220,220,27340,32353,32403,,5063,,50,,,,,,50
8169,87,517,1,0,0,0x01,2,18,0,7,6.667,0.000,-6.667,-6,-6,220,220,27340,32403,32453,,5113,,50,,,,,,50
8170,87,517,1,0,0,0x01,0,18,0,7,6.000,0.000,-6.000,-6,-6,220,220,27340,32453,32503,,5163,,50,,,,,,50
8171,87,517,1,0,0,0x01,0,18,0,7,6.000,0.000,-6.000,-6,-6,220,220,27340,32503,32553,,5213,,50,,,,,,50
8172,87,517,1,0,0,0x01,0,19,0,7,6.333,0.000,-6.333,-6,-6,220,220,27340,32553,32603,,5263,,50,,,,,,50
8173,87,517,1,0,0,0x01,0,18,0,8,6.000,0.000,-6.000,-6,-6,220,220,27340,32603,32653,,5313,,50,,,,,,50
8174,87,517,1,0,0,0x01,0,18,0,8,6.000,0.000,-6.000,-6,-6,220,220,27340,32653,32703,,5363,,50,,,,,,50
8175,87,517,1,0,0,0x01,0,18,0,8,6.000,0.000,-6.000,-6,-6,220,220,27340,32703,32753,,5413,,50,,,,,,50
8176,87,517,1,0,0,0x01,0,18,0,9,6.000,0.000,-6.000,-6,-6,220,220,27340,32753,32803,,5463,,50,,,,,,50
8177,87,517,1,0,0,0x01,0,18,0,9,6.000,0.000,-6.000,-6,-6,220,220,27340,32803,32853,,5513,,50,,,,,,50
8178,87,517,1,0,0,0x01,0,18,0,9,6.000,0.000,-6.000,-6,-6,220,220,27340,32853,32903,,5563,,50,,,,,,50
8179,87,517,1,0,0,0x01,0,18,0,9,6.000,0.000,-6.000,-6,-6,220,220,27340,32903,32953,,5613,,50,,,,,,50
8180,87,517,1,0,0,0x01,0,18,0,10,6.000,0.000,-6.000,-6,-6,220,220,27340,32953,33003,,5663,,50,,,,,,50
8181,87,518,2,0,0,0x02,4,67,21,41,30.667,67.000,36.333,37,37,220,220,33624,38053,38103,,4479,,50,,,,,,50
8182,87,518,2,0,0,0x02,4,66,21,41,30.333,66.000,35.667,37,36,220,220,33624,38103,38153,,4529,,50,,,,,,50
8183,87,518,2,0,0,0x02,4,65,21,40,30.000,65.000,35.000,36,35,220,220,33624,38153,38203,,4579,,50,,,,,,50
8184,87,518,2,0,0,0x02,3,65,21,41,29.667,65.000,35.333,35,36,220,220,33624,38203,38253,,4629,,50,,,,,,50
8185,87,518,2,0,0,0x02,4,65,22,40,30.333,65.000,34.667,36,35,220,220,33624,38253,38303,,4679,,50,,,,,,50
8186,87,518,2,0,0,0x02,3,64,21,40,29.333,64.000,34.667,35,35,220,220,33624,38303,38353,,4729,,50,,,,,,50
8187,87,518,2,0,0,0x02,4,63,21,40,29.333,63.000,33.667,35,34,220,220,33624,38353,38403,,4779,,50,,,,,,50
8188,87,518,2,0,0,0x02,8,63,21,40,30.667,63.000,32.333,34,33,220,220,33624,38403,38453,,4829,,50,,,,,,50
8189,87,518,2,0,0,0x02,3,62,21,40,28.667,62.000,33.333,33,34,220,220,33624,38453,38503,,4879,,50,,,,,,50
8190,87,518,2,0,0,0x02,3,61,21,39,28.333,61.000,32.667,34,33,220,220,33624,38503,38553,,4929,,50,,,,,,50
8191,87,518,2,0,0,0x02,3,60,21,39,28.000,60.000,32.000,33,32,220,220,33624,38553,38603,,4979,,50,,,,,,50
8192,87,518,2,0,0,0x02,3,60,21,39,28.000,60.000,32.000,32,32,220,220,33624,38603,38653,,5029,,50,,,,,,50
8193,87,518,2,0,0,0x02,3,59,21,38,27.667,59.000,31.333,32,32,220,220,33624,38653,38703,,5079,,50,,,,,,50
8194,87,518,2,0,0,0x02,3,58,21,38,27.333,58.000,30.667,32,31,220,220,33624,38703,38753,,5129,,50,,,,,,50
8195,87,518,2,0,0,0x02,3,58,21,38,27.333,58.000,30.667,31,31,220,220,33624,38753,38803,,5179,,50,,,,,,50
8196,87,518,2,0,0,0x02,3,57,21,37,27.000,57.000,30.000,31,30,220,220,33624,38803,38853,,5229,,50,,,,,,50
8197,87,518,2,0,0,0x02,3,56,21,37,26.667,56.000,29.333,30,30,220,220,33624,38853,38903,,5279,,50,,,,,,50
8198,87,518,2,0,0,0x02,3,55,21,37,26.333,55.000,28.667,30,29,220,220,33624,38903,38953,,5329,,50,,,,,,50
8199,87,518,2,0,0,0x02,3,55,21,37,26.333,55.000,28.667,29,29,220,220,33624,38953,39003,,5379,,50,,,,,,50
8200,87,518,2,0,0,0x02,3,54,21,36,26.000,54.000,28.000,29,28,220,220,33624,39003,39053,,5429,,50,,,,,,50
8201,87,519,3,0,0,0x03,0,0,15,0,5.000,0.000,-5.000,-5,-5,220,220,39889,44103,44153,,4264,,50,,,,,,50
8202,87,519,3,0,0,0x03,0,0,15,0,5.000,0.000,-5.000,-5,-5,220,220,39889,44153,44203,,4314,,50,,,,,,50
8203,87,519,3,0,0,0x03,0,0,15,1,5.000,0.000,-5.000,-5,-5,220,220,39889,44203,44253,,4364,,50,,,,,,50
8204,87,519,3,0,0,0x03,0,0,16,1,5.333,0.000,-5.333,-5,-5,220,220,39889,44253,44303,,4414,,50,,,,,,50
8205,87,519,3,0,0,0x03,0,0,16,1,5.333,0.000,-5.333,-5,-5,220,220,39889,44303,44353,,4464,,50,,,,,,50
8206,87,519,3,0,0,0x03,0,0,16,1,5.333,0.000,-5.333,-5,-5,220,220,39889,44353,44403,,4514,,50,,,,,,50
8207,87,519,3,0,0,0x03,0,0,16,2,5.333,0.000,-5.333,-5,-5,220,220,39889,44403,44453,,4564,,50,,,,,,50
8208,87,519,3,0,0,0x03,0,0,15,2,5.000,0.000,-5.000,-5,-5,220,220,39889,44453,44503,,4614,,50,,,,,,50
8209,87,519,3,0,0,0x03,0,0,16,2,5.333,0.000,-5.333,-5,-5,220,220,39889,44503,44553,,4664,,50,,,,,,50
8210,87,519,3,0,0,0x03,0,0,16,3,5.333,0.000,-5.333,-5,-5,220,220,39889,44553,44603,,4714,,50,,,,,,50
8211,87,519,3,0,0,0x03,0,0,16,2,5.333,0.000,-5.333,-5,-5,220,220,39889,44603,44653,,4764,,50,,,,,,50
8212,87,519,3,0,0,0x03,0,0,16,3,5.333,0.000,-5.333,-5,-5,220,220,39889,44653,44703,,4814,,50,,,,,,50
8213,87,519,3,0,0,0x03,0,0,16,3,5.333,0.000,-5.333,-5,-5,220,220,39889,44703,44753,,4864,,50,,,,,,50
8214,87,520,4,0,0,0x04,0,0,16,3,5.333,16.000,10.667,6,6,220,220,46174,46803,46853,,679,,50,,,,,,50
8215,87,521,3,0,0,0x03,0,0,16,4,5.333,0.000,-5.333,-5,-5,220,220,39889,44803,44853,,4964,,50,,,,,,50
8216,87,522,4,0,0,0x04,0,1,22,26,7.667,22.000,14.333,6,8,220,220,46174,46903,46953,,779,,50,,,,,,50
8217,88,523,3,0,0,0x03,0,0,16,4,5.333,0.000,-5.333,-5,-5,220,220,39889,44903,44953,,5064,,50,,,,,,50
8218,88,524,4,0,0,0x04,21,1,26,27,16.000,26.000,10.000,9,10,220,220,46174,47003,47053,,879,,50,,,,,,50
8219,88,524,4,0,0,0x04,0,0,16,4,5.333,16.000,10.667,10,10,220,220,46174,47053,47103,,929,,50,,,,,,50
8220,88,524,4,0,0,0x04,21,2,29,28,17.333,29.000,11.667,10,12,220,220,46174,47103,47153,,979,,50,,,,,,50
8221,88,524,4,0,0,0x04,23,0,39,32,20.667,39.000,18.333,19,19,220,220,46174,51153,51203,,5029,,50,,,,,,50
8222,88,524,4,0,0,0x04,23,0,38,31,20.333,38.000,17.667,19,18,220,220,46174,51203,51253,,5079,,50,,,,,,50
8223,88,524,4,0,0,0x04,23,0,37,30,20.000,37.000,17.000,18,17,220,220,46174,51253,51303,,5129,,50,,,,,,50
8224,88,524,4,0,0,0x04,22,0,35,30,19.000,35.000,16.000,17,16,220,220,46174,51303,51353,,5179,,50,,,,,,50
8225,88,524,4,0,0,0x04,23,0,35,30,19.333,35.000,15.667,16,16,220,220,46174,51353,51403,,5229,,50,,,,,,50
8226,88,524,4,0,0,0x04,27,0,34,30,20.333,34.000,13.667,16,14,220,220,46174,51403,51453,,5279,,50,,,,,,50
8227,88,524,4,0,0,0x04,23,0,32,29,18.333,32.000,13.667,14,14,220,220,46174,51453,51503,,5329,,50,,,,,,50
8228,88,524,4,0,0,0x04,22,0,31,28,17.667,31.000,13.333,14,14,220,220,46174,51503,51553,,5379,,50,,,,,,50
8229,88,524,4,0,0,0x04,22,0,31,28,17.667,31.000,13.333,14,14,220,220,46174,51553,51603,,5429,,50,,,,,,50
8230,88,524,4,0,0,0x04,22,0,29,27,17.000,29.000,12.000,14,12,220,220,46174,51603,51653,,5479,,50,,,,,,50
8231,88,524,4,0,0,0x04,22,0,28,27,16.667,28.000,11.333,12,12,220,220,46174,51653,51703,,5529,,50,,,,,,50
8232,88,524,4,0,0,0x04,22,0,27,27,16.333,27.000,10.667,12,11,220,220,46174,51703,51753,,5579,,50,,,,,,50
8233,88,524,4,0,0,0x04,22,0,26,26,16.000,26.000,10.000,11,10,220,220,46174,51753,51803,,5629,,50,,,,,,50
8234,88,524,4,0,0,0x04,22,0,25,26,15.667,25.000,9.333,10,10,220,220,46174,51803,51853,,5679,,50,,,,,,50
8235,88,524,4,0,0,0x04,22,0,23,25,15.000,23.000,8.000,10,8,220,220,46174,51853,51903,,5729,,50,,,,,,50
8236,88,524,4,0,0,0x04,22,0,22,25,14.667,22.000,7.333,8,8,220,220,46174,51903,51953,,5779,,50,,,,,,50
8237,88,524,4,0,0,0x04,21,0,22,25,14.333,22.000,7.667,8,8,220,220,46174,51953,52003,,5829,,50,,,,,,50
8238,88,524,4,0,0,0x04,21,0,20,24,13.667,20.000,6.333,8,7,220,220,46174,52003,52053,,5879,,50,,,,,,50
8239,88,524,4,0,0,0x04,21,0,19,24,13.333,19.000,5.667,7,6,220,220,46174,52053,52103,,5929,,50,,,,,,50
8240,88,524,4,0,0,0x04,21,0,18,24,13.000,18.000,5.000,6,5,220,220,46174,52103,52153,,5979,,50,,,,,,50
8241,88,525,5,0,0,0x05,17,0,0,0,5.667,0.000,-5.667,-5,-5,220,220,52444,57203,57253,,4809,,50,,,,,,50
8242,88,525,5,0,0,0x05,17,0,0,0,5.667,0.000,-5.667,-5,-5,220,220,52444,57253,57303,,4859,,50,,,,,,50
8243,88,525,5,0,0,0x05,17,0,0,0,5.667,0.000,-5.667,-5,-5,220,220,52444,57303,57353,,4909,,50,,,,,,50
8244,88,525,5,0,0,0x05,17,0,0,0,5.667,0.000,-5.667,-5,-5,220,220,52444,57353,57403,,4959,,50,,,,,,50
8245,88,525,5,0,0,0x05,22,0,0,0,7.333,0.000,-7.333,-5,-7,220,220,52444,57403,57453,,5009,,50,,,,,,50
8246,88,525,5,0,0,0x05,18,0,0,0,6.000,0.000,-6.000,-7,-6,220,220,52444,57453,57503,,5059,,50,,,,,,50
8247,88,525,5,0,0,0x05,18,0,0,0,6.000,0.000,-6.000,-6,-6,220,220,52444,57503,57553,,5109,,50,,,,,,50
8248,88,525,5,0,0,0x05,18,0,0,0,6.000,0.000,-6.000,-6,-6,220,220,52444,57553,57603,,5159,,50,,,,,,50
8249,88,525,5,0,0,0x05,18,0,0,0,6.000,0.000,-6.000,-6,-6,220,220,52444,57603,57653,,5209,,50,,,,,,50
8250,88,525,5,0,0,0x05,18,0,0,0,6.000,0.000,-6.000,-6,-6,220,220,52444,57653,57703,,5259,,50,,,,,,50
8251,88,525,5,0,0,0x05,18,0,0,0,6.000,0.000,-6.000,-6,-6,220,220,52444,57703,57753,,5309,,50,,,,,,50
8252,88,525,5,0,0,0x05,18,0,0,0,6.000,0.000,-6.000,-6,-6,220,220,52444,57753,57803,,5359,,50,,,,,,50
8253,88,525,5,0,0,0x05,18,0,0,0,6.000,0.000,-6.000,-6,-6,220,220,52444,57803,57853,,5409,,50,,,,,,50
8254,88,525,5,0,0,0x05,18,0,0,0,6.000,0.000,-6.000,-6,-6,220,220,52444,57853,57903,,5459,,50,,,,,,50
8255,88,525,5,0,0,0x05,18,0,0,0,6.000,0.000,-6.000,-6,-6,220,220,52444,57903,57953,,5509,,50,,,,,,50
8256,88,525,5,0,0,0x05,18,0,0,0,6.000,0.000,-6.000,-6,-6,220,220,52444,57953,58003,,5559,,50,,,,,,50
8257,88,525,5,0,0,0x05,18,0,0,0,6.000,0.000,-6.000,-6,-6,220,220,52444,58003,58053,,5609,,50,,,,,,50
8258,88,525,5,0,0,0x05,18,0,0,0,6.000,0.000,-6.000,-6,-6,220,220,52444,58053,58103,,5659,,50,,,,,,50
8259,88,525,5,0,0,0x05,19,0,0,1,6.333,0.000,-6.333,-6,-6,220,220,52444,58103,58153,,5709,,50,,,,,,50
8260,88,525,5,0,0,0x05,18,0,0,1,6.000,0.000,-6.000,-6,-6,220,220,52444,58153,58203,,5759,,50,,,,,,50
8261,88,526,6,0,0,0x06,49,21,1,34,23.667,49.000,25.333,27,26,220,220,58727,63253,63303,,4576,,50,,,,,,50
8262,88,526,6,0,0,0x06,49,21,0,34,23.333,49.000,25.667,26,26,220,220,58727,63303,63353,,4626,,50,,,,,,50
8263,88,526,6,0,0,0x06,48,21,0,34,23.000,48.000,25.000,26,25,220,220,58727,63353,63403,,4676,,50,,,,,,50
8264,88,526,6,0,0,0x06,52,21,0,34,24.333,52.000,27.667,25,28,220,220,58727,63403,63453,,4726,,50,,,,,,50
8265,88,526,6,0,0,0x06,47,21,0,33,22.667,47.000,24.333,28,25,220,220,58727,63453,63503,,4776,,50,,,,,,50
8266,88,526,6,0,0,0x06,46,21,0,33,22.333,46.000,23.667,25,24,220,220,58727,63503,63553,,4826,,50,,,,,,50
8267,88,526,6,0,0,0x06,46,21,0,33,22.333,46.000,23.667,24,24,220,220,58727,63553,63603,,4876,,50,,,,,,50
8268,88,526,6,0,0,0x06,45,21,0,32,22.000,45.000,23.000,24,23,220,220,58727,63603,63653,,4926,,50,,,,,,50
8269,88,526,6,0,0,0x06,44,21,0,32,21.667,44.000,22.333,23,23,220,220,58727,63653,63703,,4976,,50,,,,,,50
8270,88,526,6,0,0,0x06,43,21,0,32,21.333,43.000,21.667,23,22,220,220,58727,63703,63753,,5026,,50,,,,,,50
8271,88,526,6,0,0,0x06,43,21,0,32,21.333,43.000,21.667,22,22,220,220,58727,63753,63803,,5076,,50,,,,,,50
8272,88,526,6,0,0,0x06,42,21,0,31,21.000,42.000,21.000,22,21,220,220,58727,63803,63853,,5126,,50,,,,,,50
8273,88,526,6,0,0,0x06,41,21,0,31,20.667,41.000,20.333,21,21,220,220,58727,63853,63903,,5176,,50,,,,,,50
8274,88,526,6,0,0,0x06,41,20,0,31,20.333,41.000,20.667,21,21,220,220,58727,63903,63953,,5226,,50,,,,,,50
8275,88,526,6,0,0,0x06,40,21,0,30,20.333,40.000,19.667,21,20,220,220,58727,63953,64003,,5276,,50,,,,,,50
8276,88,526,6,0,0,0x06,39,21,0,30,20.000,39.000,19.000,20,19,220,220,58727,64003,64053,,5326,,50,,,,,,50
8277,88,526,6,0,0,0x06,38,20,0,30,19.333,38.000,18.667,19,19,220,220,58727,64053,64103,,5376,,50,,,,,,50
8278,88,526,6,0,0,0x06,37,20,0,30,19.000,37.000,18.000,19,18,220,220,58727,64103,64153,,5426,,50,,,,,,50
8279,88,526,6,0,0,0x06,37,20,0,29,19.000,37.000,18.000,18,18,220,220,58727,64153,64203,,5476,,50,,,,,,50
8280,88,526,6,0,0,0x06,36,21,0,29,19.000,36.000,17.000,18,17,220,220,58727,64203,64253,,5526,,50,,,,,,50
8281,88,527,1,0,0,0x01,0,17,0,0,5.667,0.000,-5.667,-5,-5,220,220,64992,3767,3817,,4361,,50,,,,,,50
8282,88,527,1,0,0,0x01,0,17,0,0,5.667,0.000,-5.667,-5,-5,220,220,64992,3817,3867,,4411,,50,,,,,,50
8283,88,527,1,0,0,0x01,1,17,0,0,6.000,0.000,-6.000,-5,-6,220,220,64992,3867,3917,,4461,,50,,,,,,50
8284,88,527,1,0,0,0x01,0,18,0,0,6.000,0.000,-6.000,-6,-6,220,220,64992,3917,3967,,4511,,50,,,,,,50
8285,88,527,1,0,0,0x01,0,17,0,0,5.667,0.000,-5.667,-6,-5,220,220,64992,3967,4017,,4561,,50,,,,,,50
8286,88,527,1,0,0,0x01,0,17,0,0,5.667,0.000,-5.667,-5,-5,220,220,64992,4017,4067,,4611,,50,,,,,,50
8287,88,527,1,0,0,0x01,0,17,0,0,5.667,0.000,-5.667,-5,-5,220,220,64992,4067,4117,,4661,,50,,,,,,50
8288,88,527,1,0,0,0x01,0,18,0,0,6.000,0.000,-6.000,-5,-6,220,220,64992,4117,4167,,4711,,50,,,,,,50
8289,88,527,1,0,0,0x01,0,17,0,0,5.667,0.000,-5.667,-6,-5,220,220,64992,4167,4217,,4761,,50,,,,,,50
8290,88,527,1,0,0,0x01,0,18,0,0,6.000,0.000,-6.000,-5,-6,220,220,64992,4217,4267,,4811,,50,,,,,,50
8291,88,527,1,0,0,0x01,0,17,0,0,5.667,0.000,-5.667,-6,-5,220,220,64992,4267,4317,,4861,,50,,,,,,50
8292,88,527,1,0,0,0x01,0,18,0,1,6.000,0.000,-6.000,-5,-6,220,220,64992,4317,4367,,4911,,50,,,,,,50
8293,88,527,1,0,0,0x01,0,18,0,1,6.000,0.000,-6.000,-6,-6,220,220,64992,4367,4417,,4961,,50,,,,,,50
8294,88,527,1,0,0,0x01,0,18,0,2,6.000,0.000,-6.000,-6,-6,220,220,64992,4417,4467,,5011,,50,,,,,,50
8295,88,527,1,0,0,0x01,0,18,0,2,6.000,0.000,-6.000,-6,-6,220,220,64992,4467,4517,,5061,,50,,,,,,50
8296,88,528,2,0,0,0x02,0,18,18,22,12.000,18.000,6.000,1,2,220,220,5741,6567,6617,,876,,50,,,,,,50
8297,89,529,1,0,0,0x01,0,18,0,3,6.000,0.000,-6.000,-6,-6,220,220,64992,4567,4617,,5161,,50,,,,,,50
8298,89,530,2,0,0,0x02,2,14,18,22,11.333,14.000,2.667,2,3,220,220,5741,6667,6717,,976,,50,,,,,,50
8299,89,531,1,0,0,0x01,0,18,0,4,6.000,0.000,-6.000,-6,-6,220,220,64992,4667,4717,,5261,,50,,,,,,50
8300,89,532,2,0,0,0x02,2,17,18,23,12.333,17.000,4.667,4,5,220,220,5741,6767,6817,,1076,,50,,,,,,50
8301,89,532,2,0,0,0x02,3,58,21,38,27.333,58.000,30.667,32,31,220,220,5741,10817,10867,,5126,,50,,,,,,50
8302,89,532,2,0,0,0x02,7,59,21,39,29.000,59.000,30.000,31,30,220,220,5741,10867,10917,,5176,,50,,,,,,50
8303,89,532,2,0,0,0x02,3,58,21,38,27.333,58.000,30.667,30,31,220,220,5741,10917,10967,,5226,,50,,,,,,50
8304,89,532,2,0,0,0x02,2,57,21,38,26.667,57.000,30.333,31,31,220,220,5741,10967,11017,,5276,,50,,,,,,50
8305,89,532,2,0,0,0x02,3,57,21,37,27.000,57.000,30.000,31,30,220,220,5741,11017,11067,,5326,,50,,,,,,50
8306,89,532,2,0,0,0x02,3,56,21,37,26.667,56.000,29.333,30,30,220,220,5741,11067,11117,,5376,,50,,,,,,50
8307,89,532,2,0,0,0x02,3,55,21,37,26.333,55.000,28.667,30,29,220,220,5741,11117,11167,,5426,,50,,,,,,50
8308,89,532,2,0,0,0x02,3,55,20,37,26.000,55.000,29.000,29,29,220,220,5741,11167,11217,,5476,,50,,,,,,50
8309,89,532,2,0,0,0x02,3,54,21,37,26.000,54.000,28.000,29,28,220,220,5741,11217,11267,,5526,,50,,,,,,50
8310,89,532,2,0,0,0x02,3,54,21,36,26.000,54.000,28.000,28,28,220,220,5741,11267,11317,,5576,,50,,,,,,50
8311,89,532,2,0,0,0x02,3,53,21,36,25.667,53.000,27.333,28,28,220,220,5741,11317,11367,,5626,,50,,,,,,50
8312,89,532,2,0,0,0x02,3,52,21,36,25.333,52.000,26.667,28,27,220,220,5741,11367,11417,,5676,,50,,,,,,50
8313,89,532,2,0,0,0x02,3,52,20,36,25.000,52.000,27.000,27,27,220,220,5741,11417,11467,,5726,,50,,,,,,50
8314,89,532,2,0,0,0x02,3,51,20,35,24.667,51.000,26.333,27,27,220,220,5741,11467,11517,,5776,,50,,,,,,50
8315,89,532,2,0,0,0x02,3,50,20,35,24.333,50.000,25.667,27,26,220,220,5741,11517,11567,,5826,,50,,,,,,50
8316,89,532,2,0,0,0x02,3,50,20,35,24.333,50.000,25.667,26,26,220,220,5741,11567,11617,,5876,,50,,,,,,50
8317,89,532,2,0,0,0x02,3,49,20,35,24.000,49.000,25.000,26,25,220,220,5741,11617,11667,,5926,,50,,,,,,50
8318,89,532,2,0,0,0x02,3,48,20,34,23.667,48.000,24.333,25,25,220,220,5741,11667,11717,,5976,,50,,,,,,50
8319,89,532,2,0,0,0x02,2,47,20,34,23.000,47.000,24.000,25,24,220,220,5741,11717,11767,,6026,,50,,,,,,50
8320,89,532,2,0,0,0x02,3,47,20,34,23.333,47.000,23.667,24,24,220,220,5741,11767,11817,,6076,,50,,,,,,50
8321,89,533,3,0,0,0x03,0,0,17,7,5.667,0.000,-5.667,-5,-5,220,220,12005,16867,16917,,4912,,50,,,,,,50
8322,89,533,3,0,0,0x03,0,0,17,7,5.667,0.000,-5.667,-5,-5,220,220,12005,16917,16967,,4962,,50,,,,,,50
8323,89,533,3,0,0,0x03,0,0,16,8,5.333,0.000,-5.333,-5,-5,220,220,12005,16967,17017,,5012,,50,,,,,,50
8324,89,533,3,0,0,0x03,0,0,17,7,5.667,0.000,-5.667,-5,-5,220,220,12005,17017,17067,,5062,,50,,,,,,50
8325,89,533,3,0,0,0x03,0,0,16,8,5.333,0.000,-5.333,-5,-5,220,220,12005,17067,17117,,5112,,50,,,,,,50
8326,89,533,3,0,0,0x03,0,0,17,8,5.667,0.000,-5.667,-5,-5,220,220,12005,17117,17167,,5162,,50,,,,,,50
8327,89,533,3,0,0,0x03,0,0,16,9,5.333,0.000,-5.333,-5,-5,220,220,12005,17167,17217,,5212,,50,,,,,,50
8328,89,533,3,0,0,0x03,0,0,16,9,5.333,0.000,-5.333,-5,-5,220,220,12005,17217,17267,,5262,,50,,,,,,50
8329,89,533,3,0,0,0x03,0,0,17,9,5.667,0.000,-5.667,-5,-5,220,220,12005,17267,17317,,5312,,50,,,,,,50
8330,89,533,3,0,0,0x03,0,0,17,10,5.667,0.000,-5.667,-5,-5,220,220,12005,17317,17367,,5362,,50,,,,,,50
8331,89,533,3,0,0,0x03,0,0,17,10,5.667,0.000,-5.667,-5,-5,220,220,12005,17367,17417,,5412,,50,,,,,,50
8332,89,533,3,0,0,0x03,0,0,17,10,5.667,0.000,-5.667,-5,-5,220,220,12005,17417,17467,,5462,,50,,,,,,50
8333,89,533,3,0,0,0x03,0,0,17,10,5.667,0.000,-5.667,-5,-5,220,220,12005,17467,17517,,5512,,50,,,,,,50
8334,89,533,3,0,0,0x03,0,0,17,11,5.667,0.000,-5.667,-5,-5,220,220,12005,17517,17567,,5562,,50,,,,,,50
8335,89,533,3,0,0,0x03,0,0,17,11,5.667,0.000,-5.667,-5,-5,220,220,12005,17567,17617,,5612,,50,,,,,,50
8336,89,533,3,0,0,0x03,0,0,17,12,5.667,0.000,-5.667,-5,-5,220,220,12005,17617,17667,,5662,,50,,,,,,50
8337,89,533,3,0,0,0x03,0,0,17,12,5.667,0.000,-5.667,-5,-5,220,220,12005,17667,17717,,5712,,50,,,,,,50
8338,89,533,3,0,0,0x03,0,0,17,13,5.667,0.000,-5.667,-5,-5,220,220,12005,17717,17767,,5762,,50,,,,,,50
8339,89,533,3,0,0,0x03,0,0,17,13,5.667,0.000,-5.667,-5,-5,220,220,12005,17767,17817,,5812,,50,,,,,,50
8340,89,533,3,0,0,0x03,0,0,17,13,5.667,0.000,-5.667,-5,-5,220,220,12005,17817,17867,,5862,,50,,,,,,50
8341,89,534,4,0,0,0x04,24,1,62,40,29.000,62.000,33.000,32,33,220,220,18289,22917,22967,,4678,,50,,,,,,50
8342,89,534,4,0,0,0x04,24,1,61,40,28.667,61.000,32.333,33,33,220,220,18289,22967,23017,,4728,,50,,,,,,50
8343,89,534,4,0,0,0x04,25,1,60,39,28.667,60.000,31.333,33,32,220,220,18289,23017,23067,,4778,,50,,,,,,50
8344,89,534,4,0,0,0x04,24,1,60,39,28.333,60.000,31.667,32,32,220,220,18289,23067,23117,,4828,,50,,,,,,50
8345,89,534,4,0,0,0x04,24,1,58,39,27.667,58.000,30.333,32,31,220,220,18289,23117,23167,,4878,,50,,,,,,50
8346,89,534,4,0,0,0x04,25,1,57,38,27.667,57.000,29.333,31,30,220,220,18289,23167,23217,,4928,,50,,,,,,50
8347,89,534,4,0,0,0x04,24,1,57,38,27.333,57.000,29.667,30,30,220,220,18289,23217,23267,,4978,,50,,,,,,50
8348,89,534,4,0,0,0x04,24,1,56,38,27.000,56.000,29.000,30,29,220,220,18289,23267,23317,,5028,,50,,,,,,50
8349,89,534,4,0,0,0x04,24,0,54,37,26.000,54.000,28.000,29,28,220,220,18289,23317,23367,,5078,,50,,,,,,50
8350,89,534,4,0,0,0x04,24,0,54,37,26.000,54.000,28.000,28,28,220,220,18289,23367,23417,,5128,,50,,,,,,50
8351,89,534,4,0,0,0x04,24,0,53,37,25.667,53.000,27.333,28,28,220,220,18289,23417,23467,,5178,,50,,,,,,50
8352,89,534,4,0,0,0x04,24,0,52,36,25.333,52.000,26.667,28,27,220,220,18289,23467,23517,,5228,,50,,,,,,50
8353,89,534,4,0,0,0x04,24,0,51,36,25.000,51.000,26.000,27,26,220,220,18289,23517,23567,,5278,,50,,,,,,50
8354,89,534,4,0,0,0x04,24,0,50,36,24.667,50.000,25.333,26,26,220,220,18289,23567,23617,,5328,,50,,,,,,50
8355,89,534,4,0,0,0x04,24,0,50,35,24.667,50.000,25.333,26,26,220,220,18289,23617,23667,,5378,,50,,,,,,50
8356,89,534,4,0,0,0x04,24,0,49,35,24.333,49.000,24.667,26,25,220,220,18289,23667,23717,,5428,,50,,,,,,50
8357,89,534,4,0,0,0x04,24,0,47,35,23.667,47.000,23.333,25,24,220,220,18289,23717,23767,,5478,,50,,,,,,50
8358,89,534,4,0,0,0x04,24,0,46,34,23.333,46.000,22.667,24,23,220,220,18289,23767,23817,,5528,,50,,,,,,50
8359,89,534,4,0,0,0x04,24,0,46,34,23.333,46.000,22.667,23,23,220,220,18289,23817,23867,,5578,,50,,,,,,50
8360,89,534,4,0,0,0x04,28,1,44,34,24.333,44.000,19.667,23,20,220,220,18289,23867,23917,,5628,,50,,,,,,50
8361,90,535,5,0,0,0x05,18,0,0,0,6.000,0.000,-6.000,-6,-6,220,220,24553,28967,29017,,4464,,50,,,,,,50
8362,90,535,5,0,0,0x05,18,0,0,0,6.000,0.000,-6.000,-6,-6,220,220,24553,29017,29067,,4514,,50,,,,,,50
8363,90,535,5,0,0,0x05,18,0,0,0,6.000,0.000,-6.000,-6,-6,220,220,24553,29067,29117,,4564,,50,,,,,,50
8364,90,535,5,0,0,0x05,18,0,0,0,6.000,0.000,-6.000,-6,-6,220,220,24553,29117,29167,,4614,,50,,,,,,50
8365,90,535,5,0,0,0x05,18,0,0,1,6.000,0.000,-6.000,-6,-6,220,220,24553,29167,29217,,4664,,50,,,,,,50
8366,90,535,5,0,0,0x05,18,0,0,0,6.000,0.000,-6.000,-6,-6,220,220,24553,29217,29267,,4714,,50,,,,,,50
8367,90,535,5,0,0,0x05,18,0,0,1,6.000,0.000,-6.000,-6,-6,220,220,24553,29267,29317,,4764,,50,,,,,,50
8368,90,535,5,0,0,0x05,18,0,0,1,6.000,0.000,-6.000,-6,-6,220,220,24553,29317,29367,,4814,,50,,,,,,50
8369,90,535,5,0,0,0x05,18,0,0,1,6.000,0.000,-6.000,-6,-6,220,220,24553,29367,29417,,4864,,50,,,,,,50
8370,90,535,5,0,0,0x05,18,0,0,1,6.000,0.000,-6.000,-6,-6,220,220,24553,29417,29467,,4914,,50,,,,,,50
8371,90,535,5,0,0,0x05,19,0,0,2,6.333,0.000,-6.333,-6,-6,220,220,24553,29467,29517,,4964,,50,,,,,,50
8372,90,535,5,0,0,0x05,19,0,0,2,6.333,0.000,-6.333,-6,-6,220,220,24553,29517,29567,,5014,,50,,,,,,50
8373,90,535,5,0,0,0x05,19,0,0,3,6.333,0.000,-6.333,-6,-6,220,220,24553,29567,29617,,5064,,50,,,,,,50
8374,90,535,5,0,0,0x05,18,0,0,3,6.000,0.000,-6.000,-6,-6,220,220,24553,29617,29667,,5114,,50,,,,,,50
8375,90,535,5,0,0,0x05,19,0,0,4,6.333,0.000,-6.333,-6,-6,220,220,24553,29667,29717,,5164,,50,,,,,,50
8376,90,535,5,0,0,0x05,19,0,0,4,6.333,0.000,-6.333,-6,-6,220,220,24553,29717,29767,,5214,,50,,,,,,50
8377,90,535,5,0,0,0x05,19,0,0,4,6.333,0.000,-6.333,-6,-6,220,220,24553,29767,29817,,5264,,50,,,,,,50
8378,90,535,5,0,0,0x05,19,0,0,4,6.333,0.000,-6.333,-6,-6,220,220,24553,29817,29867,,5314,,50,,,,,,50
8379,90,535,5,0,0,0x05,23,0,0,5,7.667,0.000,-7.667,-6,-7,220,220,24553,29867,29917,,5364,,50,,,,,,50
8380,90,535,5,0,0,0x05,19,0,0,5,6.333,0.000,-6.333,-7,-6,220,220,24553,29917,29967,,5414,,50,,,,,,50
8381,90,536,6,0,0,0x06,47,21,0,33,22.667,47.000,24.333,25,25,220,220,30837,36017,36067,,5230,,50,,,,,,50
8382,90,536,6,0,0,0x06,46,21,0,33,22.333,46.000,23.667,25,24,220,220,30837,36067,36117,,5280,,50,,,,,,50
8383,90,536,6,0,0,0x06,45,21,0,33,22.000,45.000,23.000,24,23,220,220,30837,36117,36167,,5330,,50,,,,,,50
8384,90,536,6,0,0,0x06,45,21,0,32,22.000,45.000,23.000,23,23,220,220,30837,36167,36217,,5380,,50,,,,,,50
8385,90,536,6,0,0,0x06,43,21,0,32,21.333,43.000,21.667,23,22,220,220,30837,36217,36267,,5430,,50,,,,,,50
8386,90,536,6,0,0,0x06,42,21,0,31,21.000,42.000,21.000,22,21,220,220,30837,36267,36317,,5480,,50,,,,,,50
8387,90,536,6,0,0,0x06,41,21,0,31,20.667,41.000,20.333,21,21,220,220,30837,36317,36367,,5530,,50,,,,,,50
8388,90,536,6,0,0,0x06,41,21,0,31,20.667,41.000,20.333,21,21,220,220,30837,36367,36417,,5580,,50,,,,,,50
8389,90,536,6,0,0,0x06,39,21,0,30,20.000,39.000,19.000,21,19,220,220,30837,36417,36467,,5630,,50,,,,,,50
8390,90,536,6,0,0,0x06,38,20,0,30,19.333,38.000,18.667,19,19,220,220,30837,36467,36517,,5680,,50,,,,,,50
8391,90,536,6,0,0,0x06,37,20,0,29,19.000,37.000,18.000,19,18,220,220,30837,36517,36567,,5730,,50,,,,,,50
8392,90,536,6,0,0,0x06,36,20,0,29,18.667,36.000,17.333,18,18,220,220,30837,36567,36617,,5780,,50,,,,,,50
8393,90,536,6,0,0,0x06,35,20,0,29,18.333,35.000,16.667,18,17,220,220,30837,36617,36667,,5830,,50,,,,,,50
8394,90,536,6,0,0,0x06,34,20,0,28,18.000,34.000,16.000,17,16,220,220,30837,36667,36717,,5880,,50,,,,,,50
8395,90,536,6,0,0,0x06,33,20,0,28,17.667,33.000,15.333,16,16,220,220,30837,36717,36767,,5930,,50,,,,,,50
8396,90,536,6,0,0,0x06,32,20,0,28,17.333,32.000,14.667,16,15,220,220,30837,36767,36817,,5980,,50,,,,,,50
8397,90,536,6,0,0,0x06,30,20,0,27,16.667,30.000,13.333,15,14,220,220,30837,36817,36867,,6030,,50,,,,,,50
8398,90,536,6,0,0,0x06,33,20,0,27,17.667,33.000,15.333,14,16,220,220,30837,36867,36917,,6080,,50,,,,,,50
8399,90,536,6,0,0,0x06,29,20,0,26,16.333,29.000,12.667,16,13,220,220,30837,36917,36967,,6130,,50,,,,,,50
8400,90,536,6,0,0,0x06,27,20,0,26,15.667,27.000,11.333,13,12,220,220,30837,36967,37017,,6180,,50,,,,,,50
8401,90,537,1,0,0,0x01,0,18,0,5,6.000,0.000,-6.000,-6,-6,220,220,37101,42067,42117,,5016,,50,,,,,,50
8402,90,537,1,0,0,0x01,0,18,0,5,6.000,0.000,-6.000,-6,-6,220,220,37101,42117,42167,,5066,,50,,,,,,50
8403,90,537,1,0,0,0x01,0,18,0,5,6.000,0.000,-6.000,-6,-6,220,220,37101,42167,42217,,5116,,50,,,,,,50
8404,90,537,1,0,0,0x01,0,18,0,6,6.000,0.000,-6.000,-6,-6,220,220,37101,42217,42267,,5166,,50,,,,,,50
8405,90,537,1,0,0,0x01,0,18,0,6,6.000,0.000,-6.000,-6,-6,220,220,37101,42267,42317,,5216,,50,,,,,,50
8406,90,537,1,0,0,0x01,0,18,0,6,6.000,0.000,-6.000,-6,-6,220,220,37101,42317,42367,,5266,,50,,,,,,50
8407,90,537,1,0,0,0x01,0,18,0,7,6.000,0.000,-6.000,-6,-6,220,220,37101,42367,42417,,5316,,50,,,,,,50
8408,90,537,1,0,0,0x01,0,18,0,7,6.000,0.000,-6.000,-6,-6,220,220,37101,42417,42467,,5366,,50,,,,,,50
8409,90,537,1,0,0,0x01,0,18,0,8,6.000,0.000,-6.000,-6,-6,220,220,37101,42467,42517,,5416,,50,,,,,,50
8410,90,537,1,0,0,0x01,0,18,0,8,6.000,0.000,-6.000,-6,-6,220,220,37101,42517,42567,,5466,,50,,,,,,50
8411,90,537,1,0,0,0x01,0,18,0,8,6.000,0.000,-6.000,-6,-6,220,220,37101,42567,42617,,5516,,50,,,,,,50
8412,90,537,1,0,0,0x01,0,18,0,8,6.000,0.000,-6.000,-6,-6,220,220,37101,42617,42667,,5566,,50,,,,,,50
8413,90,537,1,0,0,0x01,0,18,0,9,6.000,0.000,-6.000,-6,-6,220,220,37101,42667,42717,,5616,,50,,,,,,50
8414,90,537,1,0,0,0x01,0,18,0,9,6.000,0.000,-6.000,-6,-6,220,220,37101,42717,42767,,5666,,50,,,,,,50
8415,90,537,1,0,0,0x01,0,18,0,10,6.000,0.000,-6.000,-6,-6,220,220,37101,42767,42817,,5716,,50,,,,,,50
8416,90,537,1,0,0,0x01,0,19,0,10,6.333,0.000,-6.333,-6,-6,220,220,37101,42817,42867,,5766,,50,,,,,,50
8417,90,537,1,0,0,0x01,3,18,0,12,7.000,0.000,-7.000,-6,-7,220,220,37101,42867,42917,,5816,,50,,,,,,50
8418,90,537,1,0,0,0x01,0,18,0,11,6.000,0.000,-6.000,-7,-6,220,220,37101,42917,42967,,5866,,50,,,,,,50
8419,90,537,1,0,0,0x01,0,19,0,11,6.333,0.000,-6.333,-6,-6,220,220,37101,42967,43017,,5916,,50,,,,,,50
8420,90,537,1,0,0,0x01,0,19,0,12,6.333,0.000,-6.333,-6,-6,220,220,37101,43017,43067,,5966,,50,,,,,,50
8421,90,538,2,0,0,0x02,4,76,22,44,34.000,76.000,42.000,43,42,220,220,43366,48067,48117,,4751,,50,,,,,,50
8422,90,538,2,0,0,0x02,4,75,22,44,33.667,75.000,41.333,42,42,220,220,43366,48117,48167,,4801,,50,,,,,,50
8423,90,538,2,0,0,0x02,4,75,22,44,33.667,75.000,41.333,42,42,220,220,43366,48167,48217,,4851,,50,,,,,,50
8424,90,538,2,0,0,0x02,3,74,22,44,33.000,74.000,41.000,42,41,220,220,43366,48217,48267,,4901,,50,,,,,,50
8425,90,538,2,0,0,0x02,4,72,22,43,32.667,72.000,39.333,41,40,220,220,43366,48267,48317,,4951,,50,,,,,,50
8426,90,538,2,0,0,0x02,3,72,22,43,32.333,72.000,39.667,40,40,220,220,43366,48317,48367,,5001,,50,,,,,,50
8427,90,538,2,0,0,0x02,3,72,22,43,32.333,72.000,39.667,40,40,220,220,43366,48367,48417,,5051,,50,,,,,,50
8428,90,538,2,0,0,0x02,3,71,22,43,32.000,71.000,39.000,40,39,220,220,43366,48417,48467,,5101,,50,,,,,,50
8429,90,538,2,0,0,0x02,4,69,22,42,31.667,69.000,37.333,39,38,220,220,43366,48467,48517,,5151,,50,,,,,,50
8430,90,538,2,0,0,0x02,3,69,22,42,31.333,69.000,37.667,38,38,220,220,43366,48517,48567,,5201,,50,,,,,,50
8431,90,538,2,0,0,0x02,3,69,22,42,31.333,69.000,37.667,38,38,220,220,43366,48567,48617,,5251,,50,,,,,,50
8432,90,538,2,0,0,0x02,3,67,22,41,30.667,67.000,36.333,38,37,220,220,43366,48617,48667,,5301,,50,,,,,,50
8433,90,538,2,0,0,0x02,3,65,22,40,30.000,65.000,35.000,37,35,220,220,43366,48667,48717,,5351,,50,,,,,,50
8434,90,538,2,0,0,0x02,3,65,22,40,30.000,65.000,35.000,35,35,220,220,43366,48717,48767,,5401,,50,,,,,,50
8435,90,538,2,0,0,0x02,3,64,22,40,29.667,64.000,34.333,35,35,220,220,43366,48767,48817,,5451,,50,,,,,,50
8436,90,538,2,0,0,0x02,3,63,21,40,29.000,63.000,34.000,35,34,220,220,43366,48817,48867,,5501,,50,,,,,,50
8437,90,538,2,0,0,0x02,7,61,22,40,30.000,61.000,31.000,34,31,220,220,43366,48867,48917,,5551,,50,,,,,,50
8438,90,538,2,0,0,0x02,3,61,21,39,28.333,61.000,32.667,31,33,220,220,43366,48917,48967,,5601,,50,,,,,,50
8439,90,538,2,0,0,0x02,2,60,21,39,27.667,60.000,32.333,33,33,220,220,43366,48967,49017,,5651,,50,,,,,,50
8440,90,538,2,0,0,0x02,3,59,22,38,28.000,59.000,31.000,33,31,220,220,43366,49017,49067,,5701,,50,,,,,,50
8441,90,539,3,0,0,0x03,0,0,16,5,5.333,0.000,-5.333,-5,-5,220,220,49650,54117,54167,,4517,,50,,,,,,50
8442,90,539,3,0,0,0x03,0,0,16,6,5.333,0.000,-5.333,-5,-5,220,220,49650,54167,54217,,4567,,50,,,,,,50
8443,90,539,3,0,0,0x03,0,0,16,6,5.333,0.000,-5.333,-5,-5,220,220,49650,54217,54267,,4617,,50,,,,,,50
8444,90,539,3,0,0,0x03,0,0,16,6,5.333,0.000,-5.333,-5,-5,220,220,49650,54267,54317,,4667,,50,,,,,,50
8445,90,539,3,0,0,0x03,0,0,16,6,5.333,0.000,-5.333,-5,-5,220,220,49650,54317,54367,,4717,,50,,,,,,50
8446,90,539,3,0,0,0x03,0,0,17,7,5.667,0.000,-5.667,-5,-5,220,220,49650,54367,54417,,4767,,50,,,,,,50
8447,90,539,3,0,0,0x03,0,0,16,7,5.333,0.000,-5.333,-5,-5,220,220,49650,54417,54467,,4817,,50,,,,,,50
8448,90,539,3,0,0,0x03,0,0,16,7,5.333,0.000,-5.333,-5,-5,220,220,49650,54467,54517,,4867,,50,,,,,,50
8449,90,539,3,0,0,0x03,0,0,16,8,5.333,0.000,-5.333,-5,-5,220,220,49650,54517,54567,,4917,,50,,,,,,50
8450,90,539,3,0,0,0x03,0,0,17,8,5.667,0.000,-5.667,-5,-5,220,220,49650,54567,54617,,4967,,50,,,,,,50
8451,90,539,3,0,0,0x03,0,0,16,8,5.333,0.000,-5.333,-5,-5,220,220,49650,54617,54667,,5017,,50,,,,,,50
8452,90,539,3,0,0,0x03,0,0,16,8,5.333,0.000,-5.333,-5,-5,220,220,49650,54667,54717,,5067,,50,,,,,,50
8453,90,539,3,0,0,0x03,0,0,17,9,5.667,0.000,-5.667,-5,-5,220,220,49650,54717,54767,,5117,,50,,,,,,50
8454,90,539,3,0,0,0x03,0,0,16,9,5.333,0.000,-5.333,-5,-5,220,220,49650,54767,54817,,5167,,50,,,,,,50
8455,90,539,3,0,0,0x03,0,0,16,9,5.333,0.000,-5.333,-5,-5,220,220,49650,54817,54867,,5217,,50,,,,,,50
8456,90,539,3,0,0,0x03,0,0,16,10,5.333,0.000,-5.333,-5,-5,220,220,49650,54867,54917,,5267,,50,,,,,,50
8457,90,539,3,0,0,0x03,0,0,17,10,5.667,0.000,-5.667,-5,-5,220,220,49650,54917,54967,,5317,,50,,,,,,50
8458,90,539,3,0,0,0x03,0,0,17,10,5.667,0.000,-5.667,-5,-5,220,220,49650,54967,55017,,5367,,50,,,,,,50
8459,90,539,3,0,0,0x03,0,0,17,10,5.667,0.000,-5.667,-5,-5,220,220,49650,55017,55067,,5417,,50,,,,,,50
8460,90,539,3,0,0,0x03,0,0,17,11,5.667,0.000,-5.667,-5,-5,220,220,49650,55067,55117,,5467,,50,,,,,,50
8461,90,540,4,0,0,0x04,25,1,61,40,29.000,61.000,32.000,33,32,220,220,55938,60167,60217,,4279,,50,,,,,,50
8462,90,540,4,0,0,0x04,24,1,60,39,28.333,60.000,31.667,32,32,220,220,55938,60217,60267,,4329,,50,,,,,,50
8463,90,540,4,0,0,0x04,24,1,59,38,28.000,59.000,31.000,32,31,220,220,55938,60267,60317,,4379,,50,,,,,,50
8464,90,540,4,0,0,0x04,24,1,58,39,27.667,58.000,30.333,31,31,220,220,55938,60317,60367,,4429,,50,,,,,,50
8465,90,540,4,0,0,0x04,24,1,58,39,27.667,58.000,30.333,31,31,220,220,55938,60367,60417,,4479,,50,,,,,,50
8466,90,540,4,0,0,0x04,24,1,57,38,27.333,57.000,29.667,31,30,220,220,55938,60417,60467,,4529,,50,,,,,,50
8467,90,540,4,0,0,0x04,24,1,55,37,26.667,55.000,28.333,30,29,220,220,55938,60467,60517,,4579,,50,,,,,,50
8468,90,540,4,0,0,0x04,24,0,55,38,26.333,55.000,28.667,29,29,220,220,55938,60517,60567,,4629,,50,,,,,,50
8469,90,540,4,0,0,0x04,24,0,55,37,26.333,55.000,28.667,29,29,220,220,55938,60567,60617,,4679,,50,,,,,,50
8470,90,540,4,0,0,0x04,24,0,53,37,25.667,53.000,27.333,29,28,220,220,55938,60617,60667,,4729,,50,,,,,,50
8471,90,540,4,0,0,0x04,24,0,52,36,25.333,52.000,26.667,28,27,220,220,55938,60667,60717,,4779,,50,,,,,,50
8472,90,540,4,0,0,0x04,24,0,52,36,25.333,52.000,26.667,27,27,220,220,55938,60717,62817,,6879,,2100,,,,,,50
8473,90,540,4,0,0,0x04,24,0,50,36,24.667,50.000,25.333,27,26,220,220,55938,60767,60817,,4879,,50,,,,,,50
8474,91,541,5,0,0,0x05,24,0,49,22,24.333,0.000,-24.333,3,1,220,220,62204,62867,62917,,713,,50,,,,,,50
8475,91,541,5,0,0,0x05,28,0,0,21,9.333,0.000,-9.333,1,2,220,220,62204,62917,62967,,763,,50,,,,,,50
8476,91,541,5,0,0,0x05,24,11,0,20,11.667,11.000,-0.667,2,1,220,220,62204,62967,63017,,813,,50,,,,,,50
8477,91,541,5,0,0,0x05,19,9,0,20,9.333,9.000,-0.333,1,0,220,220,62204,63017,63067,,863,,50,,,,,,50
8478,91,541,5,0,0,0x05,20,8,0,19,9.333,8.000,-1.333,0,-1,220,220,62204,63067,63117,,913,,50,,,,,,50
8479,91,541,5,0,0,0x05,19,7,0,19,8.667,7.000,-1.667,-1,-1,220,220,62204,63117,63167,,963,,50,,,,,,50
8480,91,541,5,0,0,0x05,19,5,0,18,8.000,5.000,-3.000,-1,-3,220,220,62204,63167,63217,,1013,,50,,,,,,50
8481,91,541,5,0,0,0x05,18,0,0,0,6.000,0.000,-6.000,-6,-6,220,220,62204,1681,1731,,5063,,50,,,,,,50
8482,91,541,5,0,0,0x05,18,0,0,0,6.000,0.000,-6.000,-6,-6,220,220,62204,1731,1781,,5113,,50,,,,,,50
8483,91,541,5,0,0,0x05,18,0,0,0,6.000,0.000,-6.000,-6,-6,220,220,62204,1781,1831,,5163,,50,,,,,,50
8484,91,541,5,0,0,0x05,18,0,0,0,6.000,0.000,-6.000,-6,-6,220,220,62204,1831,1881,,5213,,50,,,,,,50
8485,91,541,5,0,0,0x05,18,0,0,0,6.000,0.000,-6.000,-6,-6,220,220,62204,1881,1931,,5263,,50,,,,,,50
8486,91,541,5,0,0,0x05,18,0,0,0,6.000,0.000,-6.000,-6,-6,220,220,62204,1931,1981,,5313,,50,,,,,,50
8487,91,541,5,0,0,0x05,18,0,0,0,6.000,0.000,-6.000,-6,-6,220,220,62204,1981,2031,,5363,,50,,,,,,50
8488,91,541,5,0,0,0x05,18,0,0,0,6.000,0.000,-6.000,-6,-6,220,220,62204,2031,2081,,5413,,50,,,,,,50
8489,91,541,5,0,0,0x05,18,0,0,0,6.000,0.000,-6.000,-6,-6,220,220,62204,2081,2131,,5463,,50,,,,,,50
8490,91,541,5,0,0,0x05,18,0,0,0,6.000,0.000,-6.000,-6,-6,220,220,62204,2131,2181,,5513,,50,,,,,,50
8491,91,541,5,0,0,0x05,18,0,0,0,6.000,0.000,-6.000,-6,-6,220,220,62204,2181,2231,,5563,,50,,,,,,50
8492,91,541,5,0,0,0x05,18,0,0,0,6.000,0.000,-6.000,-6,-6,220,220,62204,2231,2281,,5613,,50,,,,,,50
8493,91,541,5,0,0,0x05,18,0,0,1,6.000,0.000,-6.000,-6,-6,220,220,62204,2281,2331,,5663,,50,,,,,,50
8494,91,541,5,0,0,0x05,23,0,0,2,7.667,0.000,-7.667,-6,-7,220,220,62204,2331,2381,,5713,,50,,,,,,50
8495,91,541,5,0,0,0x05,18,0,0,1,6.000,0.000,-6.000,-7,-6,220,220,62204,2381,2431,,5763,,50,,,,,,50
8496,91,541,5,0,0,0x05,18,0,0,2,6.000,0.000,-6.000,-6,-6,220,220,62204,2431,2481,,5813,,50,,,,,,50
8497,91,541,5,0,0,0x05,19,0,0,2,6.333,0.000,-6.333,-6,-6,220,220,62204,2481,2531,,5863,,50,,,,,,50
8498,91,541,5,0,0,0x05,18,0,0,2,6.000,0.000,-6.000,-6,-6,220,220,62204,2531,2581,,5913,,50,,,,,,50
8499,91,541,5,0,0,0x05,19,0,0,3,6.333,0.000,-6.333,-6,-6,220,220,62204,2581,2631,,5963,,50,,,,,,50
8500,91,541,5,0,0,0x05,19,0,0,3,6.333,0.000,-6.333,-6,-6,220,220,62204,2631,2681,,6013,,50,,,,,,50
8501,91,542,6,0,0,0x06,46,21,0,33,22.333,46.000,23.667,24,24,220,220,2952,7731,7781,,4829,,50,,,,,,50
8502,91,542,6,0,0,0x06,44,21,0,32,21.667,44.000,22.333,24,23,220,220,2952,7781,7831,,4879,,50,,,,,,50
8503,91,542,6,0,0,0x06,43,20,0,32,21.000,43.000,22.000,23,22,220,220,2952,7831,7881,,4929,,50,,,,,,50
8504,91,542,6,0,0,0x06,42,21,0,31,21.000,42.000,21.000,22,21,220,220,2952,7881,7931,,4979,,50,,,,,,50
8505,91,542,6,0,0,0x06,42,21,0,31,21.000,42.000,21.000,21,21,220,220,2952,7931,7981,,5029,,50,,,,,,50
8506,91,542,6,0,0,0x06,41,20,0,31,20.333,41.000,20.667,21,21,220,220,2952,7981,8031,,5079,,50,,,,,,50
8507,91,542,6,0,0,0x06,39,20,0,30,19.667,39.000,19.333,21,20,220,220,2952,8031,8081,,5129,,50,,,,,,50
8508,91,542,6,0,0,0x06,38,20,0,30,19.333,38.000,18.667,20,19,220,220,2952,8081,8131,,5179,,50,,,,,,50
8509,91,542,6,0,0,0x06,38,20,0,29,19.333,38.000,18.667,19,19,220,220,2952,8131,8181,,5229,,50,,,,,,50
8510,91,542,6,0,0,0x06,36,20,0,29,18.667,36.000,17.333,19,18,220,220,2952,8181,8231,,5279,,50,,,,,,50
8511,91,542,6,0,0,0x06,35,20,0,28,18.333,35.000,16.667,18,17,220,220,2952,8231,8281,,5329,,50,,,,,,50
8512,91,542,6,0,0,0x06,34,20,0,28,18.000,34.000,16.000,17,16,220,220,2952,8281,8331,,5379,,50,,,,,,50
8513,91,542,6,0,0,0x06,38,20,0,28,19.333,38.000,18.667,16,19,220,220,2952,8331,8381,,5429,,50,,,,,,50
8514,91,542,6,0,0,0x06,32,20,0,28,17.333,32.000,14.667,19,15,220,220,2952,8381,8431,,5479,,50,,,,,,50
8515,91,542,6,0,0,0x06,31,20,0,27,17.000,31.000,14.000,15,14,220,220,2952,8431,8481,,5529,,50,,,,,,50
8516,91,542,6,0,0,0x06,30,20,0,27,16.667,30.000,13.333,14,14,220,220,2952,8481,8531,,5579,,50,,,,,,50
8517,91,542,6,0,0,0x06,30,20,0,27,16.667,30.000,13.333,14,14,220,220,2952,8531,8581,,5629,,50,,,,,,50
8518,91,542,6,0,0,0x06,28,20,0,26,16.000,28.000,12.000,14,12,220,220,2952,8581,8631,,5679,,50,,,,,,50
8519,91,542,6,0,0,0x06,27,19,0,26,15.333,27.000,11.667,12,12,220,220,2952,8631,8681,,5729,,50,,,,,,50
8520,91,542,6,0,0,0x06,26,19,0,25,15.000,26.000,11.000,12,11,220,220,2952,8681,8731,,5779,,50,,,,,,50
8521,91,543,1,0,0,0x01,0,18,0,1,6.000,0.000,-6.000,-5,-6,220,220,9218,13781,13831,,4613,,50,,,,,,50
8522,91,543,1,0,0,0x01,0,17,0,1,5.667,0.000,-5.667,-6,-5,220,220,9218,13831,13881,,4663,,50,,,,,,50
8523,91,543,1,0,0,0x01,0,18,0,2,6.000,0.000,-6.000,-5,-6,220,220,9218,13881,13931,,4713,,50,,,,,,50
8524,91,543,1,0,0,0x01,0,17,0,2,5.667,0.000,-5.667,-6,-5,220,220,9218,13931,13981,,4763,,50,,,,,,50
8525,91,543,1,0,0,0x01,0,18,0,2,6.000,0.000,-6.000,-5,-6,220,220,9218,13981,14031,,4813,,50,,,,,,50
8526,91,543,1,0,0,0x01,0,18,0,3,6.000,0.000,-6.000,-6,-6,220,220,9218,14031,14081,,4863,,50,,,,,,50
8527,91,543,1,0,0,0x01,0,18,0,3,6.000,0.000,-6.000,-6,-6,220,220,9218,14081,14131,,4913,,50,,,,,,50
8528,91,543,1,0,0,0x01,0,18,0,3,6.000,0.000,-6.000,-6,-6,220,220,9218,14131,14181,,4963,,50,,,,,,50
8529,91,543,1,0,0,0x01,0,18,0,4,6.000,0.000,-6.000,-6,-6,220,220,9218,14181,14231,,5013,,50,,,,,,50
8530,91,543,1,0,0,0x01,0,18,0,4,6.000,0.000,-6.000,-6,-6,220,220,9218,14231,14281,,5063,,50,,,,,,50
8531,91,543,1,0,0,0x01,0,18,0,4,6.000,0.000,-6.000,-6,-6,220,220,9218,14281,14331,,5113,,50,,,,,,50
8532,91,543,1,0,0,0x01,2,18,0,5,6.667,0.000,-6.667,-6,-6,220,220,9218,14331,14381,,5163,,50,,,,,,50
8533,91,543,1,0,0,0x01,0,18,0,5,6.000,0.000,-6.000,-6,-6,220,220,9218,14381,14431,,5213,,50,,,,,,50
8534,91,543,1,0,0,0x01,0,18,0,6,6.000,0.000,-6.000,-6,-6,220,220,9218,14431,14481,,5263,,50,,,,,,50
8535,91,543,1,0,0,0x01,0,18,0,6,6.000,0.000,-6.000,-6,-6,220,220,9218,14481,14531,,5313,,50,,,,,,50
8536,91,543,1,0,0,0x01,0,18,0,6,6.000,0.000,-6.000,-6,-6,220,220,9218,14531,14581,,5363,,50,,,,,,50
8537,91,543,1,0,0,0x01,0,18,0,7,6.000,0.000,-6.000,-6,-6,220,220,9218,14581,14631,,5413,,50,,,,,,50
8538,91,543,1,0,0,0x01,0,18,0,7,6.000,0.000,-6.000,-6,-6,220,220,9218,14631,14681,,5463,,50,,,,,,50
8539,91,543,1,0,0,0x01,0,18,0,8,6.000,0.000,-6.000,-6,-6,220,220,9218,14681,14731,,5513,,50,,,,,,50
8540,91,543,1,0,0,0x01,0,18,0,8,6.000,0.000,-6.000,-6,-6,220,220,9218,14731,14781,,5563,,50,,,,,,50
8541,91,544,2,0,0,0x02,4,67,21,41,30.667,67.000,36.333,37,37,220,220,15407,19831,19881,,4474,,50,,,,,,50
8542,91,544,2,0,0,0x02,4,66,21,41,30.333,66.000,35.667,37,36,220,220,15407,19881,19931,,4524,,50,,,,,,50
8543,91,544,2,0,0,0x02,4,65,21,40,30.000,65.000,35.000,36,35,220,220,15407,19931,19981,,4574,,50,,,,,,50
8544,91,544,2,0,0,0x02,4,66,21,41,30.333,66.000,35.667,35,36,220,220,15407,19981,20031,,4624,,50,,,,,,50
8545,91,544,2,0,0,0x02,3,65,21,41,29.667,65.000,35.333,36,36,220,220,15407,20031,20081,,4674,,50,,,,,,50
8546,91,544,2,0,0,0x02,3,64,21,40,29.333,64.000,34.667,36,35,220,220,15407,20081,20131,,4724,,50,,,,,,50
8547,91,544,2,0,0,0x02,4,64,21,40,29.667,64.000,34.333,35,35,220,220,15407,20131,20181,,4774,,50,,,,,,50
8548,91,544,2,0,0,0x02,3,64,21,40,29.333,64.000,34.667,35,35,220,220,15407,20181,20231,,4824,,50,,,,,,50
8549,91,544,2,0,0,0x02,4,63,21,40,29.333,63.000,33.667,35,34,220,220,15407,20231,20281,,4874,,50,,,,,,50
8550,91,544,2,0,0,0x02,3,62,21,39,28.667,62.000,33.333,34,34,220,220,15407,20281,20331,,4924,,50,,,,,,50
8551,91,544,2,0,0,0x02,8,62,21,40,30.333,62.000,31.667,34,32,220,220,15407,20331,20381,,4974,,50,,,,,,50
8552,91,544,2,0,0,0x02,3,61,21,39,28.333,61.000,32.667,32,33,220,220,15407,20381,20431,,5024,,50,,,,,,50
8553,91,544,2,0,0,0x02,3,61,21,39,28.333,61.000,32.667,33,33,220,220,15407,20431,20481,,5074,,50,,,,,,50
8554,91,544,2,0,0,0x02,3,60,21,38,28.000,60.000,32.000,33,32,220,220,15407,20481,20531,,5124,,50,,,,,,50
8555,91,544,2,0,0,0x02,3,59,21,38,27.667,59.000,31.333,32,32,220,220,15407,20531,20581,,5174,,50,,,,,,50
8556,91,544,2,0,0,0x02,3,59,21,38,27.667,59.000,31.333,32,32,220,220,15407,20581,20631,,5224,,50,,,,,,50
8557,91,544,2,0,0,0x02,3,58,21,38,27.333,58.000,30.667,32,31,220,220,15407,20631,20681,,5274,,50,,,,,,50
8558,91,544,2,0,0,0x02,3,57,21,37,27.000,57.000,30.000,31,30,220,220,15407,20681,20731,,5324,,50,,,,,,50
8559,91,544,2,0,0,0x02,3,57,21,37,27.000,57.000,30.000,30,30,220,220,15407,20731,20781,,5374,,50,,,,,,50
8560,91,544,2,0,0,0x02,3,57,21,37,27.000,57.000,30.000,30,30,220,220,15407,20781,20831,,5424,,50,,,,,,50
8561,91,545,3,0,0,0x03,0,0,15,0,5.000,0.000,-5.000,-5,-5,220,220,21571,25881,25931,,4360,,50,,,,,,50
8562,91,545,3,0,0,0x03,0,0,16,0,5.333,0.000,-5.333,-5,-5,220,220,21571,25931,25981,,4410,,50,,,,,,50
8563,91,545,3,0,0,0x03,0,0,16,0,5.333,0.000,-5.333,-5,-5,220,220,21571,25981,26031,,4460,,50,,,,,,50
8564,91,545,3,0,0,0x03,0,0,16,0,5.333,0.000,-5.333,-5,-5,220,220,21571,26031,26081,,4510,,50,,,,,,50
8565,91,545,3,0,0,0x03,0,0,16,0,5.333,0.000,-5.333,-5,-5,220,220,21571,26081,26131,,4560,,50,,,,,,50
8566,91,545,3,0,0,0x03,0,0,16,1,5.333,0.000,-5.333,-5,-5,220,220,21571,26131,26181,,4610,,50,,,,,,50
8567,91,545,3,0,0,0x03,0,0,16,1,5.333,0.000,-5.333,-5,-5,220,220,21571,26181,26231,,4660,,50,,,,,,50
8568,91,545,3,0,0,0x03,0,0,16,1,5.333,0.000,-5.333,-5,-5,220,220,21571,26231,26281,,4710,,50,,,,,,50
8569,91,545,3,0,0,0x03,0,0,16,2,5.333,0.000,-5.333,-5,-5,220,220,21571,26281,26331,,4760,,50,,,,,,50
8570,91,545,3,0,0,0x03,0,0,16,3,5.333,0.000,-5.333,-5,-5,220,220,21571,26331,26381,,4810,,50,,,,,,50
8571,91,545,3,0,0,0x03,0,0,16,2,5.333,0.000,-5.333,-5,-5,220,220,21571,26381,26431,,4860,,50,,,,,,50
8572,91,545,3,0,0,0x03,0,0,16,2,5.333,0.000,-5.333,-5,-5,220,220,21571,26431,26481,,4910,,50,,,,,,50
8573,91,545,3,0,0,0x03,0,0,17,3,5.667,0.000,-5.667,-5,-5,220,220,21571,26481,26531,,4960,,50,,,,,,50
8574,91,545,3,0,0,0x03,0,0,17,4,5.667,0.000,-5.667,-5,-5,220,220,21571,26531,26581,,5010,,50,,,,,,50
8575,91,545,3,0,0,0x03,0,0,16,4,5.333,0.000,-5.333,-5,-5,220,220,21571,26581,26631,,5060,,50,,,,,,50
8576,91,545,3,0,0,0x03,0,0,16,4,5.333,0.000,-5.333,-5,-5,220,220,21571,26631,26681,,5110,,50,,,,,,50
8577,91,545,3,0,0,0x03,0,0,16,5,5.333,0.000,-5.333,-5,-5,220,220,21571,26681,26731,,5160,,50,,,,,,50
8578,91,545,3,0,0,0x03,0,0,16,5,5.333,0.000,-5.333,-5,-5,220,220,21571,26731,26781,,5210,,50,,,,,,50
8579,91,545,3,0,0,0x03,0,0,17,5,5.667,0.000,-5.667,-5,-5,220,220,21571,26781,26831,,5260,,50,,,,,,50
8580,91,545,3,0,0,0x03,0,0,16,6,5.333,0.000,-5.333,-5,-5,220,220,21571,26831,26881,,5310,,50,,,,,,50
8581,91,546,4,0,0,0x04,24,1,54,37,26.333,54.000,27.667,28,28,220,220,27754,31931,31981,,4227,,50,,,,,,50
8582,91,546,4,0,0,0x04,24,0,54,37,26.000,54.000,28.000,28,28,220,220,27754,31981,32031,,4277,,50,,,,,,50
8583,91,546,4,0,0,0x04,24,0,52,37,25.333,52.000,26.667,28,27,220,220,27754,32031,32081,,4327,,50,,,,,,50
8584,91,546,4,0,0,0x04,24,1,52,36,25.667,52.000,26.333,27,27,220,220,27754,32081,32131,,4377,,50,,,,,,50
8585,91,546,4,0,0,0x04,24,1,52,37,25.667,52.000,26.333,27,27,220,220,27754,32131,32181,,4427,,50,,,,,,50
8586,91,546,4,0,0,0x04,24,0,52,36,25.333,52.000,26.667,27,27,220,220,27754,32181,32231,,4477,,50,,,,,,50
8587,91,546,4,0,0,0x04,24,1,50,36,25.000,50.000,25.000,27,25,220,220,27754,32231,32281,,4527,,50,,,,,,50
8588,91,546,4,0,0,0x04,24,1,50,35,25.000,50.000,25.000,25,25,220,220,27754,32281,32331,,4577,,50,,,,,,50
8589,91,546,4,0,0,0x04,28,1,50,36,26.333,50.000,23.667,25,24,220,220,27754,32331,32381,,4627,,50,,,,,,50
8590,91,546,4,0,0,0x04,24,0,49,35,24.333,49.000,24.667,24,25,220,220,27754,32381,32431,,4677,,50,,,,,,50
8591,91,546,4,0,0,0x04,23,0,48,35,23.667,48.000,24.333,25,25,220,220,27754,32431,32481,,4727,,50,,,,,,50
8592,91,546,4,0,0,0x04,23,1,47,35,23.667,47.000,23.333,25,24,220,220,27754,32481,32531,,4777,,50,,,,,,50
8593,91,546,4,0,0,0x04,23,0,47,34,23.333,47.000,23.667,24,24,220,220,27754,32531,32581,,4827,,50,,,,,,50
8594,91,546,4,0,0,0x04,23,0,46,34,23.000,46.000,23.000,24,23,220,220,27754,32581,32631,,4877,,50,,,,,,50
8595,91,546,4,0,0,0x04,23,0,45,34,22.667,45.000,22.333,23,23,220,220,27754,32631,32681,,4927,,50,,,,,,50
8596,91,546,4,0,0,0x04,23,0,45,33,22.667,45.000,22.333,23,23,220,220,27754,32681,32731,,4977,,50,,,,,,50
8597,91,546,4,0,0,0x04,23,0,44,33,22.333,44.000,21.667,23,22,220,220,27754,32731,32781,,5027,,50,,,,,,50
8598,91,546,4,0,0,0x04,23,0,42,33,21.667,42.000,20.333,22,21,220,220,27754,32781,32831,,5077,,50,,,,,,50
8599,91,546,4,0,0,0x04,23,0,42,32,21.667,42.000,20.333,21,21,220,220,27754,32831,32881,,5127,,50,,,,,,50
8600,92,547,5,0,0,0x05,19,1,0,16,6.667,1.000,-5.667,-4,-5,220,220,33919,34931,34981,,1062,,50,,,,,,50
8601,92,547,5,0,0,0x05,19,0,0,1,6.333,0.000,-6.333,-6,-6,220,220,33919,38981,39031,,5112,,50,,,,,,50
8602,92,547,5,0,0,0x05,19,0,0,2,6.333,0.000,-6.333,-6,-6,220,220,33919,39031,39081,,5162,,50,,,,,,50
8603,92,547,5,0,0,0x05,18,0,0,2,6.000,0.000,-6.000,-6,-6,220,220,33919,39081,39131,,5212,,50,,,,,,50
8604,92,547,5,0,0,0x05,18,0,0,2,6.000,0.000,-6.000,-6,-6,220,220,33919,39131,39181,,5262,,50,,,,,,50
8605,92,547,5,0,0,0x05,18,0,0,2,6.000,0.000,-6.000,-6,-6,220,220,33919,39181,39231,,5312,,50,,,,,,50
8606,92,547,5,0,0,0x05,19,0,0,3,6.333,0.000,-6.333,-6,-6,220,220,33919,39231,39281,,5362,,50,,,,,,50
8607,92,547,5,0,0,0x05,18,0,0,3,6.000,0.000,-6.000,-6,-6,220,220,33919,39281,39331,,5412,,50,,,,,,50
8608,92,547,5,0,0,0x05,23,0,0,4,7.667,0.000,-7.667,-6,-7,220,220,33919,39331,39381,,5462,,50,,,,,,50
8609,92,547,5,0,0,0x05,19,0,0,4,6.333,0.000,-6.333,-7,-6,220,220,33919,39381,39431,,5512,,50,,,,,,50
8610,92,547,5,0,0,0x05,19,0,0,4,6.333,0.000,-6.333,-6,-6,220,220,33919,39431,39481,,5562,,50,,,,,,50
8611,92,547,5,0,0,0x05,19,0,0,4,6.333,0.000,-6.333,-6,-6,220,220,33919,39481,39531,,5612,,50,,,,,,50
8612,92,547,5,0,0,0x05,19,0,0,4,6.333,0.000,-6.333,-6,-6,220,220,33919,39531,39581,,5662,,50,,,,,,50
8613,92,547,5,0,0,0x05,19,0,0,5,6.333,0.000,-6.333,-6,-6,220,220,33919,39581,39631,,5712,,50,,,,,,50
8614,92,547,5,0,0,0x05,19,0,0,5,6.333,0.000,-6.333,-6,-6,220,220,33919,39631,39681,,5762,,50,,,,,,50
8615,92,547,5,0,0,0x05,19,0,0,6,6.333,0.000,-6.333,-6,-6,220,220,33919,39681,39731,,5812,,50,,,,,,50
8616,92,547,5,0,0,0x05,19,0,0,6,6.333,0.000,-6.333,-6,-6,220,220,33919,39731,39781,,5862,,50,,,,,,50
8617,92,547,5,0,0,0x05,19,0,0,6,6.333,0.000,-6.333,-6,-6,220,220,33919,39781,39831,,5912,,50,,,,,,50
8618,92,547,5,0,0,0x05,19,0,0,7,6.333,0.000,-6.333,-6,-6,220,220,33919,39831,39881,,5962,,50,,,,,,50
8619,92,547,5,0,0,0x05,19,0,0,7,6.333,0.000,-6.333,-6,-6,220,220,33919,39881,39931,,6012,,50,,,,,,50
8620,92,547,5,0,0,0x05,19,0,0,7,6.333,0.000,-6.333,-6,-6,220,220,33919,39931,39981,,6062,,50,,,,,,50
8621,92,548,6,0,0,0x06,55,21,0,37,25.333,55.000,29.667,30,30,220,220,40103,45031,45081,,4978,,50,,,,,,50
8622,92,548,6,0,0,0x06,55,21,0,36,25.333,55.000,29.667,30,30,220,220,40103,45081,45131,,5028,,50,,,,,,50
8623,92,548,6,0,0,0x06,54,22,0,35,25.333,54.000,28.667,30,29,220,220,40103,45131,45181,,5078,,50,,,,,,50
8624,92,548,6,0,0,0x06,53,21,0,35,24.667,53.000,28.333,29,29,220,220,40103,45181,45231,,5128,,50,,,,,,50
8625,92,548,6,0,0,0x06,52,22,0,35,24.667,52.000,27.333,29,28,220,220,40103,45231,45281,,5178,,50,,,,,,50
8626,92,548,6,0,0,0x06,51,22,0,35,24.333,51.000,26.667,28,27,220,220,40103,45281,45331,,5228,,50,,,,,,50
8627,92,548,6,0,0,0x06,55,21,0,35,25.333,55.000,29.667,27,30,220,220,40103,45331,45381,,5278,,50,,,,,,50
8628,92,548,6,0,0,0x06,49,21,0,34,23.333,49.000,25.667,30,26,220,220,40103,45381,45431,,5328,,50,,,,,,50
8629,92,548,6,0,0,0x06,49,21,0,34,23.333,49.000,25.667,26,26,220,220,40103,45431,45481,,5378,,50,,,,,,50
8630,92,548,6,0,0,0x06,48,21,0,34,23.000,48.000,25.000,26,25,220,220,40103,45481,45531,,5428,,50,,,,,,50
8631,92,548,6,0,0,0x06,47,21,0,33,22.667,47.000,24.333,25,25,220,220,40103,45531,45581,,5478,,50,,,,,,50
8632,92,548,6,0,0,0x06,46,21,0,33,22.333,46.000,23.667,25,24,220,220,40103,45581,45631,,5528,,50,,,,,,50
8633,92,548,6,0,0,0x06,46,21,0,33,22.333,46.000,23.667,24,24,220,220,40103,45631,45681,,5578,,50,,,,,,50
8634,92,548,6,0,0,0x06,45,21,0,32,22.000,45.000,23.000,24,23,220,220,40103,45681,45731,,5628,,50,,,,,,50
8635,92,548,6,0,0,0x06,44,21,0,32,21.667,44.000,22.333,23,23,220,220,40103,45731,45781,,5678,,50,,,,,,50
8636,92,548,6,0,0,0x06,43,21,0,32,21.333,43.000,21.667,23,22,220,220,40103,45781,45831,,5728,,50,,,,,,50
8637,92,548,6,0,0,0x06,42,21,0,31,21.000,42.000,21.000,22,21,220,220,40103,45831,45881,,5778,,50,,,,,,50
8638,92,548,6,0,0,0x06,41,21,0,30,20.667,41.000,20.333,21,21,220,220,40103,45881,45931,,5828,,50,,,,,,50
8639,92,548,6,0,0,0x06,40,21,0,31,20.333,40.000,19.667,21,20,220,220,40103,45931,45981,,5878,,50,,,,,,50
8640,92,548,6,0,0,0x06,39,21,0,30,20.000,39.000,19.000,20,19,220,220,40103,45981,46031,,5928,,50,,,,,,50
8641,92,549,1,0,0,0x01,0,19,0,8,6.333,0.000,-6.333,-6,-6,220,220,46268,51081,51131,,4863,,50,,,,,,50
8642,92,549,1,0,0,0x01,0,18,0,8,6.000,0.000,-6.000,-6,-6,220,220,46268,51131,51181,,4913,,50,,,,,,50
8643,92,549,1,0,0,0x01,0,18,0,8,6.000,0.000,-6.000,-6,-6,220,220,46268,51181,51231,,4963,,50,,,,,,50
8644,92,549,1,0,0,0x01,0,19,0,9,6.333,0.000,-6.333,-6,-6,220,220,46268,51231,51281,,5013,,50,,,,,,50
8645,92,549,1,0,0,0x01,0,18,0,10,6.000,0.000,-6.000,-6,-6,220,220,46268,51281,51331,,5063,,50,,,,,,50
8646,92,549,1,0,0,0x01,3,19,0,10,7.333,0.000,-7.333,-6,-7,220,220,46268,51331,51381,,5113,,50,,,,,,50
8647,92,549,1,0,0,0x01,0,18,0,10,6.000,0.000,-6.000,-7,-6,220,220,46268,51381,51431,,5163,,50,,,,,,50
8648,92,549,1,0,0,0x01,0,19,0,11,6.333,0.000,-6.333,-6,-6,220,220,46268,51431,51481,,5213,,50,,,,,,50
8649,92,549,1,0,0,0x01,0,18,0,11,6.000,0.000,-6.000,-6,-6,220,220,46268,51481,51531,,5263,,50,,,,,,50
8650,92,549,1,0,0,0x01,0,18,0,11,6.000,0.000,-6.000,-6,-6,220,220,46268,51531,51581,,5313,,50,,,,,,50
8651,92,549,1,0,0,0x01,0,18,0,12,6.000,0.000,-6.000,-6,-6,220,220,46268,51581,51631,,5363,,50,,,,,,50
8652,92,549,1,0,0,0x01,0,19,0,12,6.333,0.000,-6.333,-6,-6,220,220,46268,51631,51681,,5413,,50,,,,,,50
8653,92,549,1,0,0,0x01,0,19,0,13,6.333,0.000,-6.333,-6,-6,220,220,46268,51681,51731,,5463,,50,,,,,,50
8654,92,549,1,0,0,0x01,0,19,0,13,6.333,0.000,-6.333,-6,-6,220,220,46268,51731,51781,,5513,,50,,,,,,50
8655,92,549,1,0,0,0x01,0,19,0,13,6.333,0.000,-6.333,-6,-6,220,220,46268,51781,51831,,5563,,50,,,,,,50
8656,92,549,1,0,0,0x01,0,19,0,13,6.333,0.000,-6.333,-6,-6,220,220,46268,51831,51881,,5613,,50,,,,,,50
8657,92,549,1,0,0,0x01,0,19,0,14,6.333,0.000,-6.333,-6,-6,220,220,46268,51881,51931,,5663,,50,,,,,,50
8658,92,549,1,0,0,0x01,0,19,0,15,6.333,0.000,-6.333,-6,-6,220,220,46268,51931,51981,,5713,,50,,,,,,50
8659,92,549,1,0,0,0x01,0,19,0,15,6.333,0.000,-6.333,-6,-6,220,220,46268,51981,52031,,5763,,50,,,,,,50
8660,92,549,1,0,0,0x01,0,19,0,15,6.333,0.000,-6.333,-6,-6,220,220,46268,52031,52081,,5813,,50,,,,,,50
8661,92,550,2,0,0,0x02,4,75,22,44,33.667,75.000,41.333,42,42,220,220,52452,57131,57181,,4729,,50,,,,,,50
8662,92,550,2,0,0,0x02,4,75,22,44,33.667,75.000,41.333,42,42,220,220,52452,57181,57231,,4779,,50,,,,,,50
8663,92,550,2,0,0,0x02,4,75,22,44,33.667,75.000,41.333,42,42,220,220,52452,57231,57281,,4829,,50,,,,,,50
8664,92,550,2,0,0,0x02,4,74,22,44,33.333,74.000,40.667,42,41,220,220,52452,57281,57331,,4879,,50,,,,,,50
8665,92,550,2,0,0,0x02,8,73,22,44,34.333,73.000,38.667,41,39,220,220,52452,57331,57381,,4929,,50,,,,,,50
8666,92,550,2,0,0,0x02,4,73,22,43,33.000,73.000,40.000,39,40,220,220,52452,57381,57431,,4979,,50,,,,,,50
8667,92,550,2,0,0,0x02,4,72,22,43,32.667,72.000,39.333,40,40,220,220,52452,57431,57481,,5029,,50,,,,,,50
8668,92,550,2,0,0,0x02,4,71,22,43,32.333,71.000,38.667,40,39,220,220,52452,57481,57531,,5079,,50,,,,,,50
8669,92,550,2,0,0,0x02,4,70,22,42,32.000,70.000,38.000,39,38,220,220,52452,57531,57581,,5129,,50,,,,,,50
8670,92,550,2,0,0,0x02,4,69,22,42,31.667,69.000,37.333,38,38,220,220,52452,57581,57631,,5179,,50,,,,,,50
8671,92,550,2,0,0,0x02,4,69,21,42,31.333,69.000,37.667,38,38,220,220,52452,57631,57681,,5229,,50,,,,,,50
8672,92,550,2,0,0,0x02,3,68,22,41,31.000,68.000,37.000,38,37,220,220,52452,57681,57731,,5279,,50,,,,,,50
8673,92,550,2,0,0,0x02,3,67,21,41,30.333,67.000,36.667,37,37,220,220,52452,57731,57781,,5329,,50,,,,,,50
8674,92,550,2,0,0,0x02,3,66,21,41,30.000,66.000,36.000,37,36,220,220,52452,57781,57831,,5379,,50,,,,,,50
8675,92,550,2,0,0,0x02,3,65,21,40,29.667,65.000,35.333,36,36,220,220,52452,57831,57881,,5429,,50,,,,,,50
8676,92,550,2,0,0,0x02,3,64,22,40,29.667,64.000,34.333,36,35,220,220,52452,57881,57931,,5479,,50,,,,,,50
8677,92,550,2,0,0,0x02,3,63,22,40,29.333,63.000,33.667,35,34,220,220,52452,57931,57981,,5529,,50,,,,,,50
8678,92,550,2,0,0,0x02,3,62,21,39,28.667,62.000,33.333,34,34,220,220,52452,57981,58031,,5579,,50,,,,,,50
8679,92,550,2,0,0,0x02,3,61,21,39,28.333,61.000,32.667,34,33,220,220,52452,58031,58081,,5629,,50,,,,,,50
8680,92,550,2,0,0,0x02,3,60,21,39,28.000,60.000,32.000,33,32,220,220,52452,58081,58131,,5679,,50,,,,,,50
8681,92,551,3,0,0,0x03,0,0,16,6,5.333,0.000,-5.333,-5,-5,220,220,58617,63181,63231,,4614,,50,,,,,,50
8682,92,551,3,0,0,0x03,0,0,16,6,5.333,0.000,-5.333,-5,-5,220,220,58617,63231,63281,,4664,,50,,,,,,50
8683,92,551,3,0,0,0x03,0,0,16,6,5.333,0.000,-5.333,-5,-5,220,220,58617,63281,63331,,4714,,50,,,,,,50
8684,92,551,3,0,0,0x03,0,0,17,7,5.667,0.000,-5.667,-5,-5,220,220,58617,63331,63381,,4764,,50,,,,,,50
8685,92,551,3,0,0,0x03,0,0,16,7,5.333,0.000,-5.333,-5,-5,220,220,58617,63381,63431,,4814,,50,,,,,,50
8686,92,551,3,0,0,0x03,0,0,16,7,5.333,0.000,-5.333,-5,-5,220,220,58617,63431,63481,,4864,,50,,,,,,50
8687,92,551,3,0,0,0x03,0,0,16,7,5.333,0.000,-5.333,-5,-5,220,220,58617,63481,63531,,4914,,50,,,,,,50
8688,92,551,3,0,0,0x03,0,0,17,8,5.667,0.000,-5.667,-5,-5,220,220,58617,63531,63581,,4964,,50,,,,,,50
8689,92,551,3,0,0,0x03,0,0,16,8,5.333,0.000,-5.333,-5,-5,220,220,58617,63581,63631,,5014,,50,,,,,,50
8690,92,551,3,0,0,0x03,0,0,17,8,5.667,0.000,-5.667,-5,-5,220,220,58617,63631,63681,,5064,,50,,,,,,50
8691,92,551,3,0,0,0x03,0,0,17,9,5.667,0.000,-5.667,-5,-5,220,220,58617,63681,63731,,5114,,50,,,,,,50
8692,92,551,3,0,0,0x03,0,0,16,9,5.333,0.000,-5.333,-5,-5,220,220,58617,63731,63781,,5164,,50,,,,,,50
8693,92,551,3,0,0,0x03,0,0,17,9,5.667,0.000,-5.667,-5,-5,220,220,58617,63781,63831,,5214,,50,,,,,,50
8694,92,551,3,0,0,0x03,0,0,17,9,5.667,0.000,-5.667,-5,-5,220,220,58617,63831,63881,,5264,,50,,,,,,50
8695,92,551,3,0,0,0x03,0,0,17,9,5.667,0.000,-5.667,-5,-5,220,220,58617,63881,63931,,5314,,50,,,,,,50
8696,92,551,3,0,0,0x03,0,0,17,10,5.667,0.000,-5.667,-5,-5,220,220,58617,63931,63981,,5364,,50,,,,,,50
8697,92,551,3,0,0,0x03,0,0,17,10,5.667,0.000,-5.667,-5,-5,220,220,58617,63981,64031,,5414,,50,,,,,,50
8698,92,551,3,0,0,0x03,0,0,17,10,5.667,0.000,-5.667,-5,-5,220,220,58617,64031,64081,,5464,,50,,,,,,50
8699,92,551,3,0,0,0x03,0,0,17,11,5.667,0.000,-5.667,-5,-5,220,220,58617,64081,64131,,5514,,50,,,,,,50
8700,92,551,3,0,0,0x03,0,0,17,11,5.667,0.000,-5.667,-5,-5,220,220,58617,64131,64181,,5564,,50,,,,,,50
8701,92,552,4,0,0,0x04,25,1,68,42,31.333,68.000,36.667,38,37,220,220,64802,3695,3745,,4479,,50,,,,,,50
8702,92,552,4,0,0,0x04,26,1,66,42,31.000,66.000,35.000,37,35,220,220,64802,3745,3795,,4529,,50,,,,,,50
8703,92,552,4,0,0,0x04,29,1,66,42,32.000,66.000,34.000,35,34,220,220,64802,3795,3845,,4579,,50,,,,,,50
8704,92,552,4,0,0,0x04,25,1,65,41,30.333,65.000,34.667,34,35,220,220,64802,3845,3895,,4629,,50,,,,,,50
8705,92,552,4,0,0,0x04,25,0,64,40,29.667,64.000,34.333,35,35,220,220,64802,3895,3945,,4679,,50,,,,,,50
8706,92,552,4,0,0,0x04,25,0,62,40,29.000,62.000,33.000,35,33,220,220,64802,3945,3995,,4729,,50,,,,,,50
8707,92,552,4,0,0,0x04,25,1,61,40,29.000,61.000,32.000,33,32,220,220,64802,3995,4045,,4779,,50,,,,,,50
8708,92,552,4,0,0,0x04,25,0,60,39,28.333,60.000,31.667,32,32,220,220,64802,4045,4095,,4829,,50,,,,,,50
8709,92,552,4,0,0,0x04,24,0,59,39,27.667,59.000,31.333,32,32,220,220,64802,4095,4145,,4879,,50,,,,,,50
8710,92,552,4,0,0,0x04,25,1,57,38,27.667,57.000,29.333,32,30,220,220,64802,4145,4195,,4929,,50,,,,,,50
8711,92,552,4,0,0,0x04,25,0,56,38,27.000,56.000,29.000,30,29,220,220,64802,4195,4245,,4979,,50,,,,,,50
8712,92,552,4,0,0,0x04,24,0,55,37,26.333,55.000,28.667,29,29,220,220,64802,4245,4295,,5029,,50,,,,,,50
8713,92,552,4,0,0,0x04,25,0,54,37,26.333,54.000,27.667,29,28,220,220,64802,4295,4345,,5079,,50,,,,,,50
8714,92,552,4,0,0,0x04,24,0,52,36,25.333,52.000,26.667,28,27,220,220,64802,4345,4395,,5129,,50,,,,,,50
8715,92,552,4,0,0,0x04,24,0,51,36,25.000,51.000,26.000,27,26,220,220,64802,4395,4445,,5179,,50,,,,,,50
8716,92,552,4,0,0,0x04,24,0,50,36,24.667,50.000,25.333,26,26,220,220,64802,4445,4495,,5229,,50,,,,,,50
8717,92,552,4,0,0,0x04,24,0,49,35,24.333,49.000,24.667,26,25,220,220,64802,4495,4545,,5279,,50,,,,,,50
8718,92,552,4,0,0,0x04,24,0,47,34,23.667,47.000,23.333,25,24,220,220,64802,4545,4595,,5329,,50,,,,,,50
8719,92,552,4,0,0,0x04,24,0,46,34,23.333,46.000,22.667,24,23,220,220,64802,4595,4645,,5379,,50,,,,,,50
8720,92,552,4,0,0,0x04,23,0,45,33,22.667,45.000,22.333,23,23,220,220,64802,4645,4695,,5429,,50,,,,,,50
8721,93,553,5,0,0,0x05,17,0,0,0,5.667,0.000,-5.667,-5,-5,220,220,5430,9745,9795,,4365,,50,,,,,,50
8722,93,553,5,0,0,0x05,22,0,0,0,7.333,0.000,-7.333,-5,-7,220,220,5430,9795,9845,,4415,,50,,,,,,50
8723,93,553,5,0,0,0x05,18,0,0,0,6.000,0.000,-6.000,-7,-6,220,220,5430,9845,9895,,4465,,50,,,,,,50
8724,93,553,5,0,0,0x05,17,0,0,0,5.667,0.000,-5.667,-6,-5,220,220,5430,9895,9945,,4515,,50,,,,,,50
8725,93,553,5,0,0,0x05,18,0,0,0,6.000,0.000,-6.000,-5,-6,220,220,5430,9945,9995,,4565,,50,,,,,,50
8726,93,553,5,0,0,0x05,18,0,0,0,6.000,0.000,-6.000,-6,-6,220,220,5430,9995,10045,,4615,,50,,,,,,50
8727,93,553,5,0,0,0x05,18,0,0,0,6.000,0.000,-6.000,-6,-6,220,220,5430,10045,10095,,4665,,50,,,,,,50
8728,93,553,5,0,0,0x05,18,0,0,0,6.000,0.000,-6.000,-6,-6,220,220,5430,10095,10145,,4715,,50,,,,,,50
8729,93,553,5,0,0,0x05,18,0,0,1,6.000,0.000,-6.000,-6,-6,220,220,5430,10145,10195,,4765,,50,,,,,,50
8730,93,553,5,0,0,0x05,18,0,0,1,6.000,0.000,-6.000,-6,-6,220,220,5430,10195,10245,,4815,,50,,,,,,50
8731,93,553,5,0,0,0x05,18,0,0,1,6.000,0.000,-6.000,-6,-6,220,220,5430,10245,10295,,4865,,50,,,,,,50
8732,93,553,5,0,0,0x05,18,0,0,1,6.000,0.000,-6.000,-6,-6,220,220,5430,10295,10345,,4915,,50,,,,,,50
8733,93,553,5,0,0,0x05,18,0,0,1,6.000,0.000,-6.000,-6,-6,220,220,5430,10345,10395,,4965,,50,,,,,,50
8734,93,553,5,0,0,0x05,18,0,0,1,6.000,0.000,-6.000,-6,-6,220,220,5430,10395,10445,,5015,,50,,,,,,50
8735,93,553,5,0,0,0x05,18,0,0,2,6.000,0.000,-6.000,-6,-6,220,220,5430,10445,10495,,5065,,50,,,,,,50
8736,93,553,5,0,0,0x05,18,0,0,2,6.000,0.000,-6.000,-6,-6,220,220,5430,10495,10545,,5115,,50,,,,,,50
8737,93,553,5,0,0,0x05,19,0,0,2,6.333,0.000,-6.333,-6,-6,220,220,5430,10545,10595,,5165,,50,,,,,,50
8738,93,553,5,0,0,0x05,19,0,0,2,6.333,0.000,-6.333,-6,-6,220,220,5430,10595,10645,,5215,,50,,,,,,50
8739,93,553,5,0,0,0x05,18,0,0,2,6.000,0.000,-6.000,-6,-6,220,220,5430,10645,10695,,5265,,50,,,,,,50
8740,93,553,5,0,0,0x05,18,0,0,2,6.000,0.000,-6.000,-6,-6,220,220,5430,10695,10745,,5315,,50,,,,,,50
8741,93,554,6,0,0,0x06,64,22,1,38,29.000,64.000,35.000,33,35,220,220,11614,15795,15845,,4231,,50,,,,,,50
8742,93,554,6,0,0,0x06,59,22,1,37,27.333,59.000,31.667,35,32,220,220,11614,15845,15895,,4281,,50,,,,,,50
8743,93,554,6,0,0,0x06,58,22,0,37,26.667,58.000,31.333,32,32,220,220,11614,15895,15945,,4331,,50,,,,,,50
8744,93,554,6,0,0,0x06,57,22,1,37,26.667,57.000,30.333,32,31,220,220,11614,15945,15995,,4381,,50,,,,,,50
8745,93,554,6,0,0,0x06,56,22,0,37,26.000,56.000,30.000,31,30,220,220,11614,15995,16045,,4431,,50,,,,,,50
8746,93,554,6,0,0,0x06,56,22,1,37,26.333,56.000,29.667,30,30,220,220,11614,16045,16095,,4481,,50,,,,,,50
8747,93,554,6,0,0,0x06,55,22,0,36,25.667,55.000,29.333,30,30,220,220,11614,16095,16145,,4531,,50,,,,,,50
8748,93,554,6,0,0,0x06,54,22,0,36,25.333,54.000,28.667,30,29,220,220,11614,16145,16195,,4581,,50,,,,,,50
8749,93,554,6,0,0,0x06,54,22,0,36,25.333,54.000,28.667,29,29,220,220,11614,16195,16245,,4631,,50,,,,,,50
8750,93,554,6,0,0,0x06,53,21,0,35,24.667,53.000,28.333,29,29,220,220,11614,16245,16295,,4681,,50,,,,,,50
8751,93,554,6,0,0,0x06,52,21,0,35,24.333,52.000,27.667,29,28,220,220,11614,16295,16345,,4731,,50,,,,,,50
8752,93,555,1,0,0,0x01,51,21,0,34,24.000,0.000,-24.000,2,1,220,220,17779,18395,18445,,666,,50,,,,,,50
8753,93,556,6,0,0,0x06,50,21,0,34,23.667,50.000,26.333,27,27,220,220,11614,16395,16445,,4831,,50,,,,,,50
8754,93,557,1,0,0,0x01,49,21,0,20,23.333,0.000,-23.333,1,0,220,220,17779,18495,18545,,766,,50,,,,,,50
8755,93,558,6,0,0,0x06,49,21,0,34,23.333,49.000,25.667,26,26,220,220,11614,16495,16545,,4931,,50,,,,,,50
8756,94,559,1,0,0,0x01,48,18,5,18,23.667,5.000,-18.667,-2,-3,220,220,17779,18595,18645,,866,,50,,,,,,50
8757,94,560,6,0,0,0x06,47,21,0,33,22.667,47.000,24.333,25,25,220,220,17779,18645,18695,,916,,50,,,,,,50
8758,94,561,1,0,0,0x01,1,18,3,18,7.333,3.000,-4.333,-3,-4,220,220,17779,18695,18745,,966,,50,,,,,,50
8759,94,561,1,0,0,0x01,45,18,0,17,21.000,0.000,-21.000,-4,-6,220,220,17779,18745,18795,,1016,,50,,,,,,50
8760,94,561,1,0,0,0x01,0,18,0,16,6.000,0.000,-6.000,-6,-6,220,220,17779,18795,18845,,1066,,50,,,,,,50
8761,94,561,1,0,0,0x01,0,18,0,3,6.000,0.000,-6.000,-6,-6,220,220,17779,22845,22895,,5116,,50,,,,,,50
8762,94,561,1,0,0,0x01,0,18,0,4,6.000,0.000,-6.000,-6,-6,220,220,17779,22895,22945,,5166,,50,,,,,,50
8763,94,561,1,0,0,0x01,0,18,0,4,6.000,0.000,-6.000,-6,-6,220,220,17779,22945,22995,,5216,,50,,,,,,50
8764,94,561,1,0,0,0x01,0,18,0,5,6.000,0.000,-6.000,-6,-6,220,220,17779,22995,23045,,5266,,50,,,,,,50
8765,94,561,1,0,0,0x01,0,18,0,5,6.000,0.000,-6.000,-6,-6,220,220,17779,23045,23095,,5316,,50,,,,,,50
8766,94,561,1,0,0,0x01,0,18,0,5,6.000,0.000,-6.000,-6,-6,220,220,17779,23095,23145,,5366,,50,,,,,,50
8767,94,561,1,0,0,0x01,0,18,0,5,6.000,0.000,-6.000,-6,-6,220,220,17779,23145,23195,,5416,,50,,,,,,50
8768,94,561,1,0,0,0x01,0,18,0,6,6.000,0.000,-6.000,-6,-6,220,220,17779,23195,23245,,5466,,50,,,,,,50
8769,94,561,1,0,0,0x01,0,18,0,6,6.000,0.000,-6.000,-6,-6,220,220,17779,23245,23295,,5516,,50,,,,,,50
8770,94,561,1,0,0,0x01,0,19,0,7,6.333,0.000,-6.333,-6,-6,220,220,17779,23295,23345,,5566,,50,,,,,,50
8771,94,561,1,0,0,0x01,0,18,0,7,6.000,0.000,-6.000,-6,-6,220,220,17779,23345,23395,,5616,,50,,,,,,50
8772,94,561,1,0,0,0x01,0,18,0,7,6.000,0.000,-6.000,-6,-6,220,220,17779,23395,23445,,5666,,50,,,,,,50
8773,94,561,1,0,0,0x01,0,18,0,8,6.000,0.000,-6.000,-6,-6,220,220,17779,23445,23495,,5716,,50,,,,,,50
8774,94,561,1,0,0,0x01,0,18,0,8,6.000,0.000,-6.000,-6,-6,220,220,17779,23495,23545,,5766,,50,,,,,,50
8775,94,561,1,0,0,0x01,0,18,0,8,6.000,0.000,-6.000,-6,-6,220,220,17779,23545,23595,,5816,,50,,,,,,50
8776,94,561,1,0,0,0x01,0,18,0,9,6.000,0.000,-6.000,-6,-6,220,220,17779,23595,23645,,5866,,50,,,,,,50
8777,94,561,1,0,0,0x01,0,18,0,9,6.000,0.000,-6.000,-6,-6,220,220,17779,23645,23695,,5916,,50,,,,,,50
8778,94,561,1,0,0,0x01,0,18,0,10,6.000,0.000,-6.000,-6,-6,220,220,17779,23695,23745,,5966,,50,,,,,,50
8779,94,561,1,0,0,0x01,0,18,0,10,6.000,0.000,-6.000,-6,-6,220,220,17779,23745,23795,,6016,,50,,,,,,50
8780,94,561,1,0,0,0x01,3,18,0,11,7.000,0.000,-7.000,-6,-7,220,220,17779,23795,23845,,6066,,50,,,,,,50
8781,94,562,2,0,0,0x02,3,58,21,38,27.333,58.000,30.667,30,31,220,220,23944,28845,28895,,4951,,50,,,,,,50
8782,94,562,2,0,0,0x02,3,57,21,38,27.000,57.000,30.000,31,30,220,220,23944,28895,28945,,5001,,50,,,,,,50
8783,94,562,2,0,0,0x02,3,57,20,37,26.667,57.000,30.333,30,31,220,220,23944,28945,28995,,5051,,50,,,,,,50
8784,94,562,2,0,0,0x02,2,56,21,37,26.333,56.000,29.667,31,30,220,220,23944,28995,29045,,5101,,50,,,,,,50
8785,94,562,2,0,0,0x02,3,54,20,37,25.667,54.000,28.333,30,29,220,220,23944,29045,29095,,5151,,50,,,,,,50
8786,94,562,2,0,0,0x02,2,53,21,36,25.333,53.000,27.667,29,28,220,220,23944,29095,29145,,5201,,50,,,,,,50
8787,94,562,2,0,0,0x02,3,53,21,36,25.667,53.000,27.333,28,28,220,220,23944,29145,29195,,5251,,50,,,,,,50
8788,94,562,2,0,0,0x02,3,52,20,35,25.000,52.000,27.000,28,27,220,220,23944,29195,29245,,5301,,50,,,,,,50
8789,94,562,2,0,0,0x02,3,51,20,35,24.667,51.000,26.333,27,27,220,220,23944,29245,29295,,5351,,50,,,,,,50
8790,94,562,2,0,0,0x02,3,50,21,35,24.667,50.000,25.333,27,26,220,220,23944,29295,29345,,5401,,50,,,,,,50
8791,94,562,2,0,0,0x02,2,49,20,35,23.667,49.000,25.333,26,26,220,220,23944,29345,29395,,5451,,50,,,,,,50
8792,94,562,2,0,0,0x02,2,48,20,34,23.333,48.000,24.667,26,25,220,220,23944,29395,29445,,5501,,50,,,,,,50
8793,94,562,2,0,0,0x02,2,47,20,33,23.000,47.000,24.000,25,24,220,220,23944,29445,29495,,5551,,50,,,,,,50
8794,94,562,2,0,0,0x02,2,47,20,33,23.000,47.000,24.000,24,24,220,220,23944,29495,29545,,5601,,50,,,,,,50
8795,94,562,2,0,0,0x02,2,45,20,33,22.333,45.000,22.667,24,23,220,220,23944,29545,29595,,5651,,50,,,,,,50
8796,94,562,2,0,0,0x02,2,45,20,33,22.333,45.000,22.667,23,23,220,220,23944,29595,29645,,5701,,50,,,,,,50
8797,94,562,2,0,0,0x02,2,43,20,32,21.667,43.000,21.333,23,22,220,220,23944,29645,29695,,5751,,50,,,,,,50
8798,94,562,2,0,0,0x02,2,43,20,32,21.667,43.000,21.333,22,22,220,220,23944,29695,29745,,5801,,50,,,,,,50
8799,94,562,2,0,0,0x02,3,42,20,32,21.667,42.000,20.333,22,21,220,220,23944,29745,29795,,5851,,50,,,,,,50
8800,94,562,2,0,0,0x02,6,41,20,32,22.333,41.000,18.667,21,19,220,220,23944,29795,29845,,5901,,50,,,,,,50
8801,94,563,3,0,0,0x03,0,0,16,4,5.333,0.000,-5.333,-5,-5,220,220,30128,34895,34945,,4817,,50,,,,,,50
8802,94,563,3,0,0,0x03,0,0,16,4,5.333,0.000,-5.333,-5,-5,220,220,30128,34945,34995,,4867,,50,,,,,,50
8803,94,563,3,0,0,0x03,0,0,16,5,5.333,0.000,-5.333,-5,-5,220,220,30128,34995,35045,,4917,,50,,,,,,50
8804,94,563,3,0,0,0x03,0,0,16,5,5.333,0.000,-5.333,-5,-5,220,220,30128,35045,35095,,4967,,50,,,,,,50
8805,94,563,3,0,0,0x03,0,0,16,5,5.333,0.000,-5.333,-5,-5,220,220,30128,35095,35145,,5017,,50,,,,,,50
8806,94,563,3,0,0,0x03,0,0,16,6,5.333,0.000,-5.333,-5,-5,220,220,30128,35145,35195,,5067,,50,,,,,,50
8807,94,563,3,0,0,0x03,0,0,16,6,5.333,0.000,-5.333,-5,-5,220,220,30128,35195,35245,,5117,,50,,,,,,50
8808,94,563,3,0,0,0x03,0,0,16,6,5.333,0.000,-5.333,-5,-5,220,220,30128,35245,35295,,5167,,50,,,,,,50
8809,94,563,3,0,0,0x03,0,0,16,7,5.333,0.000,-5.333,-5,-5,220,220,30128,35295,35345,,5217,,50,,,,,,50
8810,94,563,3,0,0,0x03,0,0,16,7,5.333,0.000,-5.333,-5,-5,220,220,30128,35345,35395,,5267,,50,,,,,,50
8811,94,563,3,0,0,0x03,0,0,16,8,5.333,0.000,-5.333,-5,-5,220,220,30128,35395,35445,,5317,,50,,,,,,50
8812,94,563,3,0,0,0x03,0,0,17,8,5.667,0.000,-5.667,-5,-5,220,220,30128,35445,35495,,5367,,50,,,,,,50
8813,94,563,3,0,0,0x03,0,0,16,8,5.333,0.000,-5.333,-5,-5,220,220,30128,35495,35545,,5417,,50,,,,,,50
8814,94,563,3,0,0,0x03,0,0,16,9,5.333,0.000,-5.333,-5,-5,220,220,30128,35545,35595,,5467,,50,,,,,,50
8815,94,563,3,0,0,0x03,0,0,16,8,5.333,0.000,-5.333,-5,-5,220,220,30128,35595,35645,,5517,,50,,,,,,50
8816,94,563,3,0,0,0x03,0,0,17,9,5.667,0.000,-5.667,-5,-5,220,220,30128,35645,35695,,5567,,50,,,,,,50
8817,94,563,3,0,0,0x03,0,0,16,9,5.333,0.000,-5.333,-5,-5,220,220,30128,35695,35745,,5617,,50,,,,,,50
8818,94,563,3,0,0,0x03,0,0,17,10,5.667,0.000,-5.667,-5,-5,220,220,30128,35745,35795,,5667,,50,,,,,,50
8819,94,563,3,0,0,0x03,0,0,17,11,5.667,0.000,-5.667,-5,-5,220,220,30128,35795,35845,,5717,,50,,,,,,50
8820,94,563,3,0,0,0x03,0,0,17,11,5.667,0.000,-5.667,-5,-5,220,220,30128,35845,35895,,5767,,50,,,,,,50
8821,94,564,4,0,0,0x04,24,1,53,37,26.000,53.000,27.000,29,27,220,220,36293,40945,40995,,4702,,50,,,,,,50
8822,94,564,4,0,0,0x04,24,1,52,37,25.667,52.000,26.333,27,27,220,220,36293,40995,41045,,4752,,50,,,,,,50
8823,94,564,4,0,0,0x04,24,0,51,36,25.000,51.000,26.000,27,26,220,220,36293,41045,41095,,4802,,50,,,,,,50
8824,94,564,4,0,0,0x04,24,1,51,36,25.333,51.000,25.667,26,26,220,220,36293,41095,41145,,4852,,50,,,,,,50
8825,94,564,4,0,0,0x04,24,0,50,36,24.667,50.000,25.333,26,26,220,220,36293,41145,41195,,4902,,50,,,,,,50
8826,94,564,4,0,0,0x04,24,0,49,35,24.333,49.000,24.667,26,25,220,220,36293,41195,41245,,4952,,50,,,,,,50
8827,94,564,4,0,0,0x04,24,0,48,35,24.000,48.000,24.000,25,24,220,220,36293,41245,41295,,5002,,50,,,,,,50
8828,94,564,4,0,0,0x04,24,0,47,35,23.667,47.000,23.333,24,24,220,220,36293,41295,41345,,5052,,50,,,,,,50
8829,94,564,4,0,0,0x04,24,0,45,34,23.000,45.000,22.000,24,22,220,220,36293,41345,41395,,5102,,50,,,,,,50
8830,94,564,4,0,0,0x04,23,0,45,34,22.667,45.000,22.333,22,23,220,220,36293,41395,41445,,5152,,50,,,,,,50
8831,94,564,4,0,0,0x04,23,0,44,33,22.333,44.000,21.667,23,22,220,220,36293,41445,41495,,5202,,50,,,,,,50
8832,94,564,4,0,0,0x04,23,0,43,33,22.000,43.000,21.000,22,21,220,220,36293,41495,41545,,5252,,50,,,,,,50
8833,94,564,4,0,0,0x04,23,0,42,32,21.667,42.000,20.333,21,21,220,220,36293,41545,41595,,5302,,50,,,,,,50
8834,94,564,4,0,0,0x04,23,0,41,33,21.333,41.000,19.667,21,20,220,220,36293,41595,41645,,5352,,50,,,,,,50
8835,94,564,4,0,0,0x04,23,0,41,32,21.333,41.000,19.667,20,20,220,220,36293,41645,41695,,5402,,50,,,,,,50
8836,94,564,4,0,0,0x04,23,1,39,31,21.000,39.000,18.000,20,18,220,220,36293,41695,41745,,5452,,50,,,,,,50
8837,94,564,4,0,0,0x04,23,0,38,31,20.333,38.000,17.667,18,18,220,220,36293,41745,41795,,5502,,50,,,,,,50
8838,94,564,4,0,0,0x04,27,0,37,31,21.333,37.000,15.667,18,16,220,220,36293,41795,41845,,5552,,50,,,,,,50
8839,94,564,4,0,0,0x04,23,0,36,30,19.667,36.000,16.333,16,17,220,220,36293,41845,41895,,5602,,50,,,,,,50
8840,94,564,4,0,0,0x04,23,0,35,30,19.333,35.000,15.667,17,16,220,220,36293,41895,41945,,5652,,50,,,,,,50
8841,95,565,5,0,0,0x05,17,0,0,0,5.667,0.000,-5.667,-5,-5,220,220,42475,46995,47045,,4570,,50,,,,,,50
8842,95,565,5,0,0,0x05,18,0,0,0,6.000,0.000,-6.000,-5,-6,220,220,42475,47045,47095,,4620,,50,,,,,,50
8843,95,565,5,0,0,0x05,17,0,0,0,5.667,0.000,-5.667,-6,-5,220,220,42475,47095,47145,,4670,,50,,,,,,50
8844,95,565,5,0,0,0x05,18,0,0,0,6.000,0.000,-6.000,-5,-6,220,220,42475,47145,47195,,4720,,50,,,,,,50
8845,95,565,5,0,0,0x05,18,0,0,0,6.000,0.000,-6.000,-6,-6,220,220,42475,47195,47245,,4770,,50,,,,,,50
8846,95,565,5,0,0,0x05,18,0,0,0,6.000,0.000,-6.000,-6,-6,220,220,42475,47245,47295,,4820,,50,,,,,,50
8847,95,565,5,0,0,0x05,18,0,0,0,6.000,0.000,-6.000,-6,-6,220,220,42475,47295,47345,,4870,,50,,,,,,50
8848,95,565,5,0,0,0x05,17,0,0,0,5.667,0.000,-5.667,-6,-5,220,220,42475,47345,47395,,4920,,50,,,,,,50
8849,95,565,5,0,0,0x05,18,0,0,0,6.000,0.000,-6.000,-5,-6,220,220,42475,47395,47445,,4970,,50,,,,,,50
8850,95,565,5,0,0,0x05,18,0,0,0,6.000,0.000,-6.000,-6,-6,220,220,42475,47445,47495,,5020,,50,,,,,,50
8851,95,565,5,0,0,0x05,18,0,0,0,6.000,0.000,-6.000,-6,-6,220,220,42475,47495,47545,,5070,,50,,,,,,50
8852,95,565,5,0,0,0x05,18,0,0,0,6.000,0.000,-6.000,-6,-6,220,220,42475,47545,47595,,5120,,50,,,,,,50
8853,95,565,5,0,0,0x05,18,0,0,0,6.000,0.000,-6.000,-6,-6,220,220,42475,47595,47645,,5170,,50,,,,,,50
8854,95,565,5,0,0,0x05,18,0,0,0,6.000,0.000,-6.000,-6,-6,220,220,42475,47645,47695,,5220,,50,,,,,,50
8855,95,565,5,0,0,0x05,18,0,0,0,6.000,0.000,-6.000,-6,-6,220,220,42475,47695,47745,,5270,,50,,,,,,50
8856,95,565,5,0,0,0x05,18,0,0,0,6.000,0.000,-6.000,-6,-6,220,220,42475,47745,47795,,5320,,50,,,,,,50
8857,95,565,5,0,0,0x05,23,0,0,0,7.667,0.000,-7.667,-6,-7,220,220,42475,47795,47845,,5370,,50,,,,,,50
8858,95,565,5,0,0,0x05,18,0,0,0,6.000,0.000,-6.000,-7,-6,220,220,42475,47845,47895,,5420,,50,,,,,,50
8859,95,565,5,0,0,0x05,19,0,0,0,6.333,0.000,-6.333,-6,-6,220,220,42475,47895,47945,,5470,,50,,,,,,50
8860,95,565,5,0,0,0x05,18,0,0,0,6.000,0.000,-6.000,-6,-6,220,220,42475,47945,47995,,5520,,50,,,,,,50
8861,95,566,6,0,0,0x06,52,21,0,35,24.333,52.000,27.667,28,28,220,220,48639,53045,53095,,4456,,50,,,,,,50
8862,95,566,6,0,0,0x06,51,21,0,35,24.000,51.000,27.000,28,27,220,220,48639,53095,53145,,4506,,50,,,,,,50
8863,95,566,6,0,0,0x06,50,21,0,34,23.667,50.000,26.333,27,27,220,220,48639,53145,53195,,4556,,50,,,,,,50
8864,95,566,6,0,0,0x06,50,21,0,34,23.667,50.000,26.333,27,27,220,220,48639,53195,53245,,4606,,50,,,,,,50
8865,95,566,6,0,0,0x06,49,21,0,34,23.333,49.000,25.667,27,26,220,220,48639,53245,53295,,4656,,50,,,,,,50
8866,95,566,6,0,0,0x06,48,21,0,34,23.000,48.000,25.000,26,25,220,220,48639,53295,53345,,4706,,50,,,,,,50
8867,95,566,6,0,0,0x06,47,21,0,33,22.667,47.000,24.333,25,25,220,220,48639,53345,53395,,4756,,50,,,,,,50
8868,95,566,6,0,0,0x06,48,21,0,34,23.000,48.000,25.000,25,25,220,220,48639,53395,53445,,4806,,50,,,,,,50
8869,95,566,6,0,0,0x06,47,21,0,33,22.667,47.000,24.333,25,25,220,220,48639,53445,53495,,4856,,50,,,,,,50
8870,95,566,6,0,0,0x06,45,21,0,33,22.000,45.000,23.000,25,23,220,220,48639,53495,53545,,4906,,50,,,,,,50
8871,95,566,6,0,0,0x06,45,21,0,33,22.000,45.000,23.000,23,23,220,220,48639,53545,53595,,4956,,50,,,,,,50
8872,95,566,6,0,0,0x06,45,21,0,32,22.000,45.000,23.000,23,23,220,220,48639,53595,53645,,5006,,50,,,,,,50
8873,95,566,6,0,0,0x06,44,21,0,32,21.667,44.000,22.333,23,23,220,220,48639,53645,53695,,5056,,50,,,,,,50
8874,95,566,6,0,0,0x06,43,20,0,31,21.000,43.000,22.000,23,22,220,220,48639,53695,53745,,5106,,50,,,,,,50
8875,95,566,6,0,0,0x06,42,21,0,32,21.000,42.000,21.000,22,21,220,220,48639,53745,53795,,5156,,50,,,,,,50
8876,95,566,6,0,0,0x06,46,21,0,31,22.333,46.000,23.667,21,24,220,220,48639,53795,53845,,5206,,50,,,,,,50
8877,95,566,6,0,0,0x06,41,20,0,30,20.333,41.000,20.667,24,21,220,220,48639,53845,53895,,5256,,50,,,,,,50
8878,95,566,6,0,0,0x06,40,21,0,31,20.333,40.000,19.667,21,20,220,220,48639,53895,53945,,5306,,50,,,,,,50
8879,95,566,6,0,0,0x06,39,20,0,30,19.667,39.000,19.333,20,20,220,220,48639,53945,53995,,5356,,50,,,,,,50
8880,95,566,6,0,0,0x06,39,20,0,30,19.667,39.000,19.333,20,20,220,220,48639,53995,54045,,5406,,50,,,,,,50
8881,95,567,1,0,0,0x01,0,17,0,1,5.667,0.000,-5.667,-5,-5,220,220,54824,59095,59145,,4321,,50,,,,,,50
8882,95,567,1,0,0,0x01,0,17,0,1,5.667,0.000,-5.667,-5,-5,220,220,54824,59145,59195,,4371,,50,,,,,,50
8883,95,567,1,0,0,0x01,0,17,0,1,5.667,0.000,-5.667,-5,-5,220,220,54824,59195,59245,,4421,,50,,,,,,50
8884,95,567,1,0,0,0x01,0,18,0,2,6.000,0.000,-6.000,-5,-6,220,220,54824,59245,59295,,4471,,50,,,,,,50
8885,95,567,1,0,0,0x01,0,17,0,2,5.667,0.000,-5.667,-6,-5,220,220,54824,59295,59345,,4521,,50,,,,,,50
8886,95,567,1,0,0,0x01,0,17,0,3,5.667,0.000,-5.667,-5,-5,220,220,54824,59345,59395,,4571,,50,,,,,,50
8887,95,567,1,0,0,0x01,0,18,0,2,6.000,0.000,-6.000,-5,-6,220,220,54824,59395,59445,,4621,,50,,,,,,50
8888,95,567,1,0,0,0x01,0,18,0,3,6.000,0.000,-6.000,-6,-6,220,220,54824,59445,59495,,4671,,50,,,,,,50
8889,95,567,1,0,0,0x01,0,18,0,3,6.000,0.000,-6.000,-6,-6,220,220,54824,59495,59545,,4721,,50,,,,,,50
8890,95,567,1,0,0,0x01,0,18,0,3,6.000,0.000,-6.000,-6,-6,220,220,54824,59545,59595,,4771,,50,,,,,,50
8891,95,567,1,0,0,0x01,0,18,0,4,6.000,0.000,-6.000,-6,-6,220,220,54824,59595,59645,,4821,,50,,,,,,50
8892,95,567,1,0,0,0x01,0,18,0,4,6.000,0.000,-6.000,-6,-6,220,220,54824,59645,59695,,4871,,50,,,,,,50
8893,95,567,1,0,0,0x01,0,18,0,4,6.000,0.000,-6.000,-6,-6,220,220,54824,59695,59745,,4921,,50,,,,,,50
8894,95,567,1,0,0,0x01,0,18,0,5,6.000,0.000,-6.000,-6,-6,220,220,54824,59745,59795,,4971,,50,,,,,,50
8895,95,567,1,0,0,0x01,2,18,0,6,6.667,0.000,-6.667,-6,-6,220,220,54824,59795,59845,,5021,,50,,,,,,50
8896,95,567,1,0,0,0x01,0,18,0,6,6.000,0.000,-6.000,-6,-6,220,220,54824,59845,59895,,5071,,50,,,,,,50
8897,95,567,1,0,0,0x01,0,18,0,6,6.000,0.000,-6.000,-6,-6,220,220,54824,59895,59945,,5121,,50,,,,,,50
8898,95,567,1,0,0,0x01,0,18,0,7,6.000,0.000,-6.000,-6,-6,220,220,54824,59945,59995,,5171,,50,,,,,,50
8899,95,567,1,0,0,0x01,0,18,0,7,6.000,0.000,-6.000,-6,-6,220,220,54824,59995,60045,,5221,,50,,,,,,50
8900,95,567,1,0,0,0x01,0,18,0,7,6.000,0.000,-6.000,-6,-6,220,220,54824,60045,60095,,5271,,50,,,,,,50
8901,95,568,2,0,0,0x02,4,75,22,44,33.667,75.000,41.333,41,42,220,220,60989,65145,65195,,4206,,50,,,,,,50
8902,95,568,2,0,0,0x02,4,75,22,44,33.667,75.000,41.333,42,42,220,220,60989,65195,65245,,4256,,50,,,,,,50
8903,95,568,2,0,0,0x02,4,74,22,44,33.333,74.000,40.667,42,41,220,220,60989,65245,65295,,4306,,50,,,,,,50
8904,95,568,2,0,0,0x02,4,74,22,44,33.333,74.000,40.667,41,41,220,220,60989,65295,65345,,4356,,50,,,,,,50
8905,95,568,2,0,0,0x02,4,74,22,44,33.333,74.000,40.667,41,41,220,220,60989,65345,65395,,4406,,50,,,,,,50
8906,95,568,2,0,0,0x02,4,74,22,44,33.333,74.000,40.667,41,41,220,220,60989,65395,65445,,4456,,50,,,,,,50
8907,95,568,2,0,0,0x02,4,73,22,43,33.000,73.000,40.000,41,40,220,220,60989,65445,65495,,4506,,50,,,,,,50
8908,95,568,2,0,0,0x02,4,73,22,43,33.000,73.000,40.000,40,40,220,220,60989,65495,9,,4556,,50,,,,,,50
8909,95,568,2,0,0,0x02,4,73,22,43,33.000,73.000,40.000,40,40,220,220,60989,9,59,,4606,,50,,,,,,50
8910,95,568,2,0,0,0x02,4,72,21,43,32.333,72.000,39.667,40,40,220,220,60989,59,109,,4656,,50,,,,,,50
8911,95,568,2,0,0,0x02,4,71,22,42,32.333,71.000,38.667,40,39,220,220,60989,109,159,,4706,,50,,,,,,50
8912,95,568,2,0,0,0x02,3,71,22,43,32.000,71.000,39.000,39,39,220,220,60989,159,2259,,6806,,2100,,,,,,50
8913,95,568,2,0,0,0x02,4,71,21,43,32.000,71.000,39.000,39,39,220,220,60989,209,259,,4806,,50,,,,,,50
8914,95,569,3,0,0,0x03,8,70,22,17,33.333,8.000,-25.333,-1,1,220,220,1638,2309,2359,,721,,50,,,,,,50
8915,95,570,2,0,0,0x02,4,69,21,42,31.333,69.000,37.667,37,38,220,220,60989,309,359,,4906,,50,,,,,,50
8916,96,571,3,0,0,0x03,4,0,16,17,6.667,4.000,-2.667,-2,-3,220,220,1638,2409,2459,,821,,50,,,,,,50
8917,96,572,2,0,0,0x02,4,68,21,42,31.000,68.000,37.000,38,37,220,220,60989,409,459,,5006,,50,,,,,,50
8918,96,573,3,0,0,0x03,0,0,15,15,5.000,0.000,-5.000,-5,-5,220,220,1638,2509,2559,,921,,50,,,,,,50
8919,96,573,3,0,0,0x03,3,67,15,15,28.333,3.000,-25.333,-5,-5,220,220,1638,2559,2609,,971,,50,,,,,,50
8920,96,573,3,0,0,0x03,0,0,15,14,5.000,0.000,-5.000,-5,-5,220,220,1638,2609,2659,,1021,,50,,,,,,50
8921,96,573,3,0,0,0x03,0,0,17,9,5.667,0.000,-5.667,-5,-5,220,220,1638,6659,6709,,5071,,50,,,,,,50
8922,96,573,3,0,0,0x03,0,0,17,9,5.667,0.000,-5.667,-5,-5,220,220,1638,6709,6759,,5121,,50,,,,,,50
8923,96,573,3,0,0,0x03,0,0,17,10,5.667,0.000,-5.667,-5,-5,220,220,1638,6759,6809,,5171,,50,,,,,,50
8924,96,573,3,0,0,0x03,0,0,17,10,5.667,0.000,-5.667,-5,-5,220,220,1638,6809,6859,,5221,,50,,,,,,50
8925,96,573,3,0,0,0x03,0,0,17,10,5.667,0.000,-5.667,-5,-5,220,220,1638,6859,6909,,5271,,50,,,,,,50
8926,96,573,3,0,0,0x03,0,0,17,10,5.667,0.000,-5.667,-5,-5,220,220,1638,6909,6959,,5321,,50,,,,,,50
8927,96,573,3,0,0,0x03,0,0,17,11,5.667,0.000,-5.667,-5,-5,220,220,1638,6959,7009,,5371,,50,,,,,,50
8928,96,573,3,0,0,0x03,0,0,17,11,5.667,0.000,-5.667,-5,-5,220,220,1638,7009,7059,,5421,,50,,,,,,50
8929,96,573,3,0,0,0x03,0,0,17,12,5.667,0.000,-5.667,-5,-5,220,220,1638,7059,7109,,5471,,50,,,,,,50
8930,96,573,3,0,0,0x03,0,0,17,12,5.667,0.000,-5.667,-5,-5,220,220,1638,7109,7159,,5521,,50,,,,,,50
8931,96,573,3,0,0,0x03,0,0,17,12,5.667,0.000,-5.667,-5,-5,220,220,1638,7159,7209,,5571,,50,,,,,,50
8932,96,573,3,0,0,0x03,0,0,17,13,5.667,0.000,-5.667,-5,-5,220,220,1638,7209,7259,,5621,,50,,,,,,50
8933,96,573,3,0,0,0x03,0,0,17,14,5.667,0.000,-5.667,-5,-5,220,220,1638,7259,7309,,5671,,50,,,,,,50
8934,96,573,3,0,0,0x03,0,0,17,13,5.667,0.000,-5.667,-5,-5,220,220,1638,7309,7359,,5721,,50,,,,,,50
8935,96,573,3,0,0,0x03,0,0,17,14,5.667,0.000,-5.667,-5,-5,220,220,1638,7359,7409,,5771,,50,,,,,,50
8936,96,573,3,0,0,0x03,0,0,17,14,5.667,0.000,-5.667,-5,-5,220,220,1638,7409,7459,,5821,,50,,,,,,50
8937,96,573,3,0,0,0x03,0,0,17,14,5.667,0.000,-5.667,-5,-5,220,220,1638,7459,7509,,5871,,50,,,,,,50
8938,96,573,3,0,0,0x03,0,0,17,15,5.667,0.000,-5.667,-5,-5,220,220,1638,7509,7559,,5921,,50,,,,,,50
8939,96,573,3,0,0,0x03,0,0,17,15,5.667,0.000,-5.667,-5,-5,220,220,1638,7559,7609,,5971,,50,,,,,,50
8940,96,573,3,0,0,0x03,0,0,17,16,5.667,0.000,-5.667,-5,-5,220,220,1638,7609,7659,,6021,,50,,,,,,50
8941,96,574,4,0,0,0x04,24,0,51,36,25.000,51.000,26.000,27,26,220,220,7803,12709,12759,,4956,,50,,,,,,50
8942,96,574,4,0,0,0x04,24,1,50,36,25.000,50.000,25.000,26,25,220,220,7803,12759,12809,,5006,,50,,,,,,50
8943,96,574,4,0,0,0x04,24,0,49,35,24.333,49.000,24.667,25,25,220,220,7803,12809,12859,,5056,,50,,,,,,50
8944,96,574,4,0,0,0x04,24,0,47,35,23.667,47.000,23.333,25,24,220,220,7803,12859,12909,,5106,,50,,,,,,50
8945,96,574,4,0,0,0x04,23,0,46,34,23.000,46.000,23.000,24,23,220,220,7803,12909,12959,,5156,,50,,,,,,50
8946,96,574,4,0,0,0x04,23,0,46,34,23.000,46.000,23.000,23,23,220,220,7803,12959,13009,,5206,,50,,,,,,50
8947,96,574,4,0,0,0x04,24,0,44,34,22.667,44.000,21.333,23,22,220,220,7803,13009,13059,,5256,,50,,,,,,50
8948,96,574,4,0,0,0x04,23,0,43,33,22.000,43.000,21.000,22,21,220,220,7803,13059,13109,,5306,,50,,,,,,50
8949,96,574,4,0,0,0x04,23,0,42,33,21.667,42.000,20.333,21,21,220,220,7803,13109,13159,,5356,,50,,,,,,50
8950,96,574,4,0,0,0x04,23,0,41,32,21.333,41.000,19.667,21,20,220,220,7803,13159,13209,,5406,,50,,,,,,50
8951,96,574,4,0,0,0x04,23,0,40,32,21.000,40.000,19.000,20,19,220,220,7803,13209,13259,,5456,,50,,,,,,50
8952,96,574,4,0,0,0x04,27,0,38,32,21.667,38.000,16.333,19,17,220,220,7803,13259,13309,,5506,,50,,,,,,50
8953,96,574,4,0,0,0x04,23,0,38,31,20.333,38.000,17.667,17,18,220,220,7803,13309,13359,,5556,,50,,,,,,50
8954,96,574,4,0,0,0x04,23,0,37,31,20.000,37.000,17.000,18,17,220,220,7803,13359,13409,,5606,,50,,,,,,50
8955,96,574,4,0,0,0x04,23,0,35,30,19.333,35.000,15.667,17,16,220,220,7803,13409,13459,,5656,,50,,,,,,50
8956,96,574,4,0,0,0x04,22,0,34,29,18.667,34.000,15.333,16,16,220,220,7803,13459,13509,,5706,,50,,,,,,50
8957,96,574,4,0,0,0x04,22,0,33,29,18.333,33.000,14.667,16,15,220,220,7803,13509,13559,,5756,,50,,,,,,50
8958,96,574,4,0,0,0x04,22,0,32,29,18.000,32.000,14.000,15,14,220,220,7803,13559,13609,,5806,,50,,,,,,50
8959,96,574,4,0,0,0x04,22,0,31,28,17.667,31.000,13.333,14,14,220,220,7803,13609,13659,,5856,,50,,,,,,50
8960,96,574,4,0,0,0x04,22,0,29,28,17.000,29.000,12.000,14,12,220,220,7803,13659,13709,,5906,,50,,,,,,50
8961,96,575,5,0,0,0x05,18,0,0,0,6.000,0.000,-6.000,-6,-6,220,220,13987,18759,18809,,4822,,50,,,,,,50
8962,96,575,5,0,0,0x05,18,0,0,0,6.000,0.000,-6.000,-6,-6,220,220,13987,18809,18859,,4872,,50,,,,,,50
8963,96,575,5,0,0,0x05,18,0,0,0,6.000,0.000,-6.000,-6,-6,220,220,13987,18859,18909,,4922,,50,,,,,,50
8964,96,575,5,0,0,0x05,18,0,0,0,6.000,0.000,-6.000,-6,-6,220,220,13987,18909,18959,,4972,,50,,,,,,50
8965,96,575,5,0,0,0x05,18,0,0,0,6.000,0.000,-6.000,-6,-6,220,220,13987,18959,19009,,5022,,50,,,,,,50
8966,96,575,5,0,0,0x05,18,0,0,0,6.000,0.000,-6.000,-6,-6,220,220,13987,19009,19059,,5072,,50,,,,,,50
8967,96,575,5,0,0,0x05,18,0,0,0,6.000,0.000,-6.000,-6,-6,220,220,13987,19059,19109,,5122,,50,,,,,,50
8968,96,575,5,0,0,0x05,18,0,0,1,6.000,0.000,-6.000,-6,-6,220,220,13987,19109,19159,,5172,,50,,,,,,50
8969,96,575,5,0,0,0x05,18,0,0,1,6.000,0.000,-6.000,-6,-6,220,220,13987,19159,19209,,5222,,50,,,,,,50
8970,96,575,5,0,0,0x05,18,0,0,1,6.000,0.000,-6.000,-6,-6,220,220,13987,19209,19259,,5272,,50,,,,,,50
8971,96,575,5,0,0,0x05,23,0,0,2,7.667,0.000,-7.667,-6,-7,220,220,13987,19259,19309,,5322,,50,,,,,,50
8972,96,575,5,0,0,0x05,18,0,0,2,6.000,0.000,-6.000,-7,-6,220,220,13987,19309,19359,,5372,,50,,,,,,50
8973,96,575,5,0,0,0x05,18,0,0,2,6.000,0.000,-6.000,-6,-6,220,220,13987,19359,19409,,5422,,50,,,,,,50
8974,96,575,5,0,0,0x05,19,0,0,2,6.333,0.000,-6.333,-6,-6,220,220,13987,19409,19459,,5472,,50,,,,,,50
8975,96,575,5,0,0,0x05,18,0,0,2,6.000,0.000,-6.000,-6,-6,220,220,13987,19459,19509,,5522,,50,,,,,,50
8976,96,575,5,0,0,0x05,18,0,0,3,6.000,0.000,-6.000,-6,-6,220,220,13987,19509,19559,,5572,,50,,,,,,50
8977,96,575,5,0,0,0x05,18,0,0,3,6.000,0.000,-6.000,-6,-6,220,220,13987,19559,19609,,5622,,50,,,,,,50
8978,96,575,5,0,0,0x05,19,0,0,3,6.333,0.000,-6.333,-6,-6,220,220,13987,19609,19659,,5672,,50,,,,,,50
8979,96,575,5,0,0,0x05,19,0,0,4,6.333,0.000,-6.333,-6,-6,220,220,13987,19659,19709,,5722,,50,,,,,,50
8980,96,575,5,0,0,0x05,18,0,0,4,6.000,0.000,-6.000,-6,-6,220,220,13987,19709,19759,,5772,,50,,,,,,50
8981,96,576,6,0,0,0x06,61,22,0,38,27.667,61.000,33.333,34,34,220,220,20152,24809,24859,,4707,,50,,,,,,50
8982,96,576,6,0,0,0x06,60,22,0,38,27.333,60.000,32.667,34,33,220,220,20152,24859,24909,,4757,,50,,,,,,50
8983,96,576,6,0,0,0x06,59,22,0,37,27.000,59.000,32.000,33,32,220,220,20152,24909,24959,,4807,,50,,,,,,50
8984,96,576,6,0,0,0x06,58,22,0,37,26.667,58.000,31.333,32,32,220,220,20152,24959,25009,,4857,,50,,,,,,50
8985,96,576,6,0,0,0x06,57,22,0,37,26.333,57.000,30.667,32,31,220,220,20152,25009,25059,,4907,,50,,,,,,50
8986,96,576,6,0,0,0x06,56,22,0,37,26.000,56.000,30.000,31,30,220,220,20152,25059,25109,,4957,,50,,,,,,50
8987,96,576,6,0,0,0x06,55,22,0,36,25.667,55.000,29.333,30,30,220,220,20152,25109,25159,,5007,,50,,,,,,50
8988,96,576,6,0,0,0x06,54,22,0,36,25.333,54.000,28.667,30,29,220,220,20152,25159,25209,,5057,,50,,,,,,50
8989,96,576,6,0,0,0x06,53,22,0,35,25.000,53.000,28.000,29,28,220,220,20152,25209,25259,,5107,,50,,,,,,50
8990,96,576,6,0,0,0x06,56,22,0,35,26.000,56.000,30.000,28,30,220,220,20152,25259,25309,,5157,,50,,,,,,50
8991,96,576,6,0,0,0x06,51,21,0,35,24.000,51.000,27.000,30,27,220,220,20152,25309,25359,,5207,,50,,,,,,50
8992,96,576,6,0,0,0x06,49,22,0,34,23.667,49.000,25.333,27,26,220,220,20152,25359,25409,,5257,,50,,,,,,50
8993,96,576,6,0,0,0x06,48,21,0,34,23.000,48.000,25.000,26,25,220,220,20152,25409,25459,,5307,,50,,,,,,50
8994,96,576,6,0,0,0x06,47,21,0,33,22.667,47.000,24.333,25,25,220,220,20152,25459,25509,,5357,,50,,,,,,50
8995,96,576,6,0,0,0x06,46,21,0,32,22.333,46.000,23.667,25,24,220,220,20152,25509,25559,,5407,,50,,,,,,50
8996,96,576,6,0,0,0x06,45,21,0,32,22.000,45.000,23.000,24,23,220,220,20152,25559,25609,,5457,,50,,,,,,50
8997,96,576,6,0,0,0x06,44,21,0,32,21.667,44.000,22.333,23,23,220,220,20152,25609,25659,,5507,,50,,,,,,50
8998,96,576,6,0,0,0x06,43,21,0,31,21.333,43.000,21.667,23,22,220,220,20152,25659,25709,,5557,,50,,,,,,50
8999,96,576,6,0,0,0x06,42,21,0,31,21.000,42.000,21.000,22,21,220,220,20152,25709,25759,,5607,,50,,,,,,50
9000,96,576,6,0,0,0x06,40,21,0,30,20.333,40.000,19.667,21,20,220,220,20152,25759,25809,,5657,,50,,,,,,50
9001,97,577,1,0,0,0x01,0,18,0,4,6.000,0.000,-6.000,-6,-6,220,220,26341,30859,30909,,4568,,50,,,,,,50
9002,97,577,1,0,0,0x01,0,18,0,4,6.000,0.000,-6.000,-6,-6,220,220,26341,30909,30959,,4618,,50,,,,,,50
9003,97,577,1,0,0,0x01,0,17,0,4,5.667,0.000,-5.667,-6,-5,220,220,26341,30959,31009,,4668,,50,,,,,,50
9004,97,577,1,0,0,0x01,0,17,0,5,5.667,0.000,-5.667,-5,-5,220,220,26341,31009,31059,,4718,,50,,,,,,50
9005,97,577,1,0,0,0x01,0,18,0,5,6.000,0.000,-6.000,-5,-6,220,220,26341,31059,31109,,4768,,50,,,,,,50
9006,97,577,1,0,0,0x01,0,18,0,5,6.000,0.000,-6.000,-6,-6,220,220,26341,31109,31159,,4818,,50,,,,,,50
9007,97,577,1,0,0,0x01,0,18,0,5,6.000,0.000,-6.000,-6,-6,220,220,26341,31159,31209,,4868,,50,,,,,,50
9008,97,577,1,0,0,0x01,0,18,0,5,6.000,0.000,-6.000,-6,-6,220,220,26341,31209,31259,,4918,,50,,,,,,50
9009,97,577,1,0,0,0x01,2,18,0,6,6.667,0.000,-6.667,-6,-6,220,220,26341,31259,31309,,4968,,50,,,,,,50
9010,97,577,1,0,0,0x01,0,18,0,6,6.000,0.000,-6.000,-6,-6,220,220,26341,31309,31359,,5018,,50,,,,,,50
9011,97,577,1,0,0,0x01,0,18,0,6,6.000,0.000,-6.000,-6,-6,220,220,26341,31359,31409,,5068,,50,,,,,,50
9012,97,577,1,0,0,0x01,0,18,0,7,6.000,0.000,-6.000,-6,-6,220,220,26341,31409,31459,,5118,,50,,,,,,50
9013,97,577,1,0,0,0x01,0,18,0,7,6.000,0.000,-6.000,-6,-6,220,220,26341,31459,31509,,5168,,50,,,,,,50
9014,97,577,1,0,0,0x01,0,18,0,7,6.000,0.000,-6.000,-6,-6,220,220,26341,31509,31559,,5218,,50,,,,,,50
9015,97,577,1,0,0,0x01,0,18,0,8,6.000,0.000,-6.000,-6,-6,220,220,26341,31559,31609,,5268,,50,,,,,,50
9016,97,577,1,0,0,0x01,0,18,0,8,6.000,0.000,-6.000,-6,-6,220,220,26341,31609,31659,,5318,,50,,,,,,50
9017,97,577,1,0,0,0x01,0,18,0,8,6.000,0.000,-6.000,-6,-6,220,220,26341,31659,31709,,5368,,50,,,,,,50
9018,97,577,1,0,0,0x01,0,18,0,9,6.000,0.000,-6.000,-6,-6,220,220,26341,31709,31759,,5418,,50,,,,,,50
9019,97,577,1,0,0,0x01,0,18,0,9,6.000,0.000,-6.000,-6,-6,220,220,26341,31759,31809,,5468,,50,,,,,,50
9020,97,577,1,0,0,0x01,0,18,0,9,6.000,0.000,-6.000,-6,-6,220,220,26341,31809,31859,,5518,,50,,,,,,50
9021,97,578,2,0,0,0x02,3,65,21,40,29.667,65.000,35.333,36,36,220,220,32405,36909,36959,,4554,,50,,,,,,50
9022,97,578,2,0,0,0x02,3,65,21,40,29.667,65.000,35.333,36,36,220,220,32405,36959,37009,,4604,,50,,,,,,50
9023,97,578,2,0,0,0x02,4,65,21,40,30.000,65.000,35.000,36,35,220,220,32405,37009,37059,,4654,,50,,,,,,50
9024,97,578,2,0,0,0x02,3,64,21,40,29.333,64.000,34.667,35,35,220,220,32405,37059,37109,,4704,,50,,,,,,50
9025,97,578,2,0,0,0x02,3,62,21,40,28.667,62.000,33.333,35,34,220,220,32405,37109,37159,,4754,,50,,,,,,50
9026,97,578,2,0,0,0x02,3,62,21,40,28.667,62.000,33.333,34,34,220,220,32405,37159,37209,,4804,,50,,,,,,50
9027,97,578,2,0,0,0x02,3,62,21,39,28.667,62.000,33.333,34,34,220,220,32405,37209,37259,,4854,,50,,,,,,50
9028,97,578,2,0,0,0x02,8,61,21,40,30.000,61.000,31.000,34,31,220,220,32405,37259,37309,,4904,,50,,,,,,50
9029,97,578,2,0,0,0x02,3,59,21,38,27.667,59.000,31.333,31,32,220,220,32405,37309,37359,,4954,,50,,,,,,50
9030,97,578,2,0,0,0x02,3,59,21,38,27.667,59.000,31.333,32,32,220,220,32405,37359,37409,,5004,,50,,,,,,50
9031,97,578,2,0,0,0x02,3,59,20,38,27.333,59.000,31.667,32,32,220,220,32405,37409,37459,,5054,,50,,,,,,50
9032,97,578,2,0,0,0x02,3,58,21,38,27.333,58.000,30.667,32,31,220,220,32405,37459,37509,,5104,,50,,,,,,50
9033,97,578,2,0,0,0x02,3,57,21,38,27.000,57.000,30.000,31,30,220,220,32405,37509,37559,,5154,,50,,,,,,50
9034,97,578,2,0,0,0x02,3,57,21,37,27.000,57.000,30.000,30,30,220,220,32405,37559,37609,,5204,,50,,,,,,50
9035,97,578,2,0,0,0x02,3,56,21,37,26.667,56.000,29.333,30,30,220,220,32405,37609,37659,,5254,,50,,,,,,50
9036,97,578,2,0,0,0x02,3,55,21,37,26.333,55.000,28.667,30,29,220,220,32405,37659,37709,,5304,,50,,,,,,50
9037,97,578,2,0,0,0x02,3,54,21,36,26.000,54.000,28.000,29,28,220,220,32405,37709,37759,,5354,,50,,,,,,50
9038,97,578,2,0,0,0x02,3,54,21,36,26.000,54.000,28.000,28,28,220,220,32405,37759,37809,,5404,,50,,,,,,50
9039,97,578,2,0,0,0x02,3,53,20,36,25.333,53.000,27.667,28,28,220,220,32405,37809,37859,,5454,,50,,,,,,50
9040,97,578,2,0,0,0x02,3,52,20,35,25.000,52.000,27.000,28,27,220,220,32405,37859,37909,,5504,,50,,,,,,50
9041,97,579,3,0,0,0x03,0,0,16,1,5.333,0.000,-5.333,-5,-5,220,220,38488,42959,43009,,4521,,50,,,,,,50
9042,97,579,3,0,0,0x03,0,0,16,2,5.333,0.000,-5.333,-5,-5,220,220,38488,43009,43059,,4571,,50,,,,,,50
9043,97,579,3,0,0,0x03,0,0,16,2,5.333,0.000,-5.333,-5,-5,220,220,38488,43059,43109,,4621,,50,,,,,,50
9044,97,579,3,0,0,0x03,0,0,16,2,5.333,0.000,-5.333,-5,-5,220,220,38488,43109,43159,,4671,,50,,,,,,50
9045,97,579,3,0,0,0x03,0,0,16,2,5.333,0.000,-5.333,-5,-5,220,220,38488,43159,43209,,4721,,50,,,,,,50
9046,97,579,3,0,0,0x03,0,0,16,3,5.333,0.000,-5.333,-5,-5,220,220,38488,43209,43259,,4771,,50,,,,,,50
9047,97,579,3,0,0,0x03,0,0,16,3,5.333,0.000,-5.333,-5,-5,220,220,38488,43259,43309,,4821,,50,,,,,,50
9048,97,579,3,0,0,0x03,0,0,16,3,5.333,0.000,-5.333,-5,-5,220,220,38488,43309,43359,,4871,,50,,,,,,50
9049,97,579,3,0,0,0x03,0,0,16,3,5.333,0.000,-5.333,-5,-5,220,220,38488,43359,43409,,4921,,50,,,,,,50
9050,97,579,3,0,0,0x03,0,0,17,4,5.667,0.000,-5.667,-5,-5,220,220,38488,43409,43459,,4971,,50,,,,,,50
9051,97,579,3,0,0,0x03,0,0,16,4,5.333,0.000,-5.333,-5,-5,220,220,38488,43459,43509,,5021,,50,,,,,,50
9052,97,579,3,0,0,0x03,0,0,16,4,5.333,0.000,-5.333,-5,-5,220,220,38488,43509,43559,,5071,,50,,,,,,50
9053,97,579,3,0,0,0x03,0,0,16,4,5.333,0.000,-5.333,-5,-5,220,220,38488,43559,43609,,5121,,50,,,,,,50
9054,97,579,3,0,0,0x03,0,0,16,5,5.333,0.000,-5.333,-5,-5,220,220,38488,43609,43659,,5171,,50,,,,,,50
9055,97,579,3,0,0,0x03,0,0,16,5,5.333,0.000,-5.333,-5,-5,220,220,38488,43659,43709,,5221,,50,,,,,,50
9056,97,579,3,0,0,0x03,0,0,16,6,5.333,0.000,-5.333,-5,-5,220,220,38488,43709,43759,,5271,,50,,,,,,50
9057,97,579,3,0,0,0x03,0,0,16,6,5.333,0.000,-5.333,-5,-5,220,220,38488,43759,43809,,5321,,50,,,,,,50
9058,97,579,3,0,0,0x03,0,0,16,6,5.333,0.000,-5.333,-5,-5,220,220,38488,43809,43859,,5371,,50,,,,,,50
9059,97,579,3,0,0,0x03,0,0,17,6,5.667,0.000,-5.667,-5,-5,220,220,38488,43859,43909,,5421,,50,,,,,,50
9060,97,579,3,0,0,0x03,0,0,17,7,5.667,0.000,-5.667,-5,-5,220,220,38488,43909,43959,,5471,,50,,,,,,50
9061,97,580,4,0,0,0x04,24,0,50,35,24.667,50.000,25.333,26,26,220,220,44552,49009,49059,,4507,,50,,,,,,50
9062,97,580,4,0,0,0x04,24,0,48,35,24.000,48.000,24.000,26,24,220,220,44552,49059,49109,,4557,,50,,,,,,50
9063,97,580,4,0,0,0x04,24,0,47,34,23.667,47.000,23.333,24,24,220,220,44552,49109,49159,,4607,,50,,,,,,50
9064,97,580,4,0,0,0x04,23,0,47,34,23.333,47.000,23.667,24,24,220,220,44552,49159,49209,,4657,,50,,,,,,50
9065,97,580,4,0,0,0x04,23,0,45,34,22.667,45.000,22.333,24,23,220,220,44552,49209,49259,,4707,,50,,,,,,50
9066,97,580,4,0,0,0x04,27,0,44,34,23.667,44.000,20.333,23,21,220,220,44552,49259,49309,,4757,,50,,,,,,50
9067,97,580,4,0,0,0x04,23,0,43,33,22.000,43.000,21.000,21,21,220,220,44552,49309,49359,,4807,,50,,,,,,50
9068,97,580,4,0,0,0x04,23,0,42,33,21.667,42.000,20.333,21,21,220,220,44552,49359,49409,,4857,,50,,,,,,50
9069,97,580,4,0,0,0x04,23,0,41,32,21.333,41.000,19.667,21,20,220,220,44552,49409,49459,,4907,,50,,,,,,50
9070,97,580,4,0,0,0x04,23,0,39,31,20.667,39.000,18.333,20,19,220,220,44552,49459,49509,,4957,,50,,,,,,50
9071,97,580,4,0,0,0x04,23,0,39,31,20.667,39.000,18.333,19,19,220,220,44552,49509,49559,,5007,,50,,,,,,50
9072,97,580,4,0,0,0x04,23,0,38,31,20.333,38.000,17.667,19,18,220,220,44552,49559,49609,,5057,,50,,,,,,50
9073,97,580,4,0,0,0x04,23,0,36,30,19.667,36.000,16.333,18,17,220,220,44552,49609,49659,,5107,,50,,,,,,50
9074,97,580,4,0,0,0x04,23,0,35,30,19.333,35.000,15.667,17,16,220,220,44552,49659,49709,,5157,,50,,,,,,50
9075,97,580,4,0,0,0x04,23,0,34,30,19.000,34.000,15.000,16,15,220,220,44552,49709,49759,,5207,,50,,,,,,50
9076,97,580,4,0,0,0x04,22,0,33,29,18.333,33.000,14.667,15,15,220,220,44552,49759,49809,,5257,,50,,,,,,50
9077,97,580,4,0,0,0x04,22,0,32,29,18.000,32.000,14.000,15,14,220,220,44552,49809,49859,,5307,,50,,,,,,50
9078,97,580,4,0,0,0x04,22,0,30,28,17.333,30.000,12.667,14,13,220,220,44552,49859,49909,,5357,,50,,,,,,50
9079,97,580,4,0,0,0x04,22,0,30,28,17.333,30.000,12.667,13,13,220,220,44552,49909,49959,,5407,,50,,,,,,50
9080,97,580,4,0,0,0x04,22,0,29,27,17.000,29.000,12.000,13,12,220,220,44552,49959,50009,,5457,,50,,,,,,50
9081,97,581,5,0,0,0x05,17,0,0,0,5.667,0.000,-5.667,-5,-5,220,220,50635,55059,55109,,4474,,50,,,,,,50
9082,97,581,5,0,0,0x05,17,0,0,0,5.667,0.000,-5.667,-5,-5,220,220,50635,55109,55159,,4524,,50,,,,,,50
9083,97,581,5,0,0,0x05,17,0,0,0,5.667,0.000,-5.667,-5,-5,220,220,50635,55159,55209,,4574,,50,,,,,,50
9084,97,581,5,0,0,0x05,17,0,0,0,5.667,0.000,-5.667,-5,-5,220,220,50635,55209,55259,,4624,,50,,,,,,50
9085,97,581,5,0,0,0x05,21,0,0,0,7.000,0.000,-7.000,-5,-7,220,220,50635,55259,55309,,4674,,50,,,,,,50
9086,97,581,5,0,0,0x05,17,0,0,0,5.667,0.000,-5.667,-7,-5,220,220,50635,55309,55359,,4724,,50,,,,,,50
9087,97,581,5,0,0,0x05,17,0,0,0,5.667,0.000,-5.667,-5,-5,220,220,50635,55359,55409,,4774,,50,,,,,,50
9088,97,581,5,0,0,0x05,17,0,0,0,5.667,0.000,-5.667,-5,-5,220,220,50635,55409,55459,,4824,,50,,,,,,50
9089,97,581,5,0,0,0x05,18,0,0,0,6.000,0.000,-6.000,-5,-6,220,220,50635,55459,55509,,4874,,50,,,,,,50
9090,97,581,5,0,0,0x05,17,0,0,0,5.667,0.000,-5.667,-6,-5,220,220,50635,55509,55559,,4924,,50,,,,,,50
9091,97,581,5,0,0,0x05,17,0,0,0,5.667,0.000,-5.667,-5,-5,220,220,50635,55559,55609,,4974,,50,,,,,,50
9092,97,581,5,0,0,0x05,18,0,0,0,6.000,0.000,-6.000,-5,-6,220,220,50635,55609,55659,,5024,,50,,,,,,50
9093,97,581,5,0,0,0x05,18,0,0,0,6.000,0.000,-6.000,-6,-6,220,220,50635,55659,55709,,5074,,50,,,,,,50
9094,97,581,5,0,0,0x05,18,0,0,0,6.000,0.000,-6.000,-6,-6,220,220,50635,55709,55759,,5124,,50,,,,,,50
9095,97,581,5,0,0,0x05,18,0,0,0,6.000,0.000,-6.000,-6,-6,220,220,50635,55759,55809,,5174,,50,,,,,,50
9096,97,581,5,0,0,0x05,18,0,0,0,6.000,0.000,-6.000,-6,-6,220,220,50635,55809,55859,,5224,,50,,,,,,50
9097,97,581,5,0,0,0x05,18,0,0,0,6.000,0.000,-6.000,-6,-6,220,220,50635,55859,55909,,5274,,50,,,,,,50
9098,97,581,5,0,0,0x05,18,0,0,0,6.000,0.000,-6.000,-6,-6,220,220,50635,55909,55959,,5324,,50,,,,,,50
9099,97,581,5,0,0,0x05,18,0,0,0,6.000,0.000,-6.000,-6,-6,220,220,50635,55959,56009,,5374,,50,,,,,,50
9100,97,581,5,0,0,0x05,18,0,0,0,6.000,0.000,-6.000,-6,-6,220,220,50635,56009,56059,,5424,,50,,,,,,50
9101,97,582,6,0,0,0x06,53,21,0,35,24.667,53.000,28.333,29,29,220,220,56699,61109,61159,,4460,,50,,,,,,50
9102,97,582,6,0,0,0x06,51,21,0,35,24.000,51.000,27.000,29,27,220,220,56699,61159,61209,,4510,,50,,,,,,50
9103,97,582,6,0,0,0x06,51,21,0,34,24.000,51.000,27.000,27,27,220,220,56699,61209,61259,,4560,,50,,,,,,50
9104,97,582,6,0,0,0x06,55,22,0,35,25.667,55.000,29.333,27,30,220,220,56699,61259,61309,,4610,,50,,,,,,50
9105,97,582,6,0,0,0x06,50,21,0,34,23.667,50.000,26.333,30,27,220,220,56699,61309,61359,,4660,,50,,,,,,50
9106,97,582,6,0,0,0x06,49,21,0,34,23.333,49.000,25.667,27,26,220,220,56699,61359,61409,,4710,,50,,,,,,50
9107,97,582,6,0,0,0x06,48,21,0,34,23.000,48.000,25.000,26,25,220,220,56699,61409,61459,,4760,,50,,,,,,50
9108,97,582,6,0,0,0x06,47,21,0,33,22.667,47.000,24.333,25,25,220,220,56699,61459,61509,,4810,,50,,,,,,50
9109,97,582,6,0,0,0x06,47,21,0,33,22.667,47.000,24.333,25,25,220,220,56699,61509,61559,,4860,,50,,,,,,50
9110,97,582,6,0,0,0x06,45,21,0,32,22.000,45.000,23.000,25,23,220,220,56699,61559,61609,,4910,,50,,,,,,50
9111,97,582,6,0,0,0x06,45,21,0,32,22.000,45.000,23.000,23,23,220,220,56699,61609,61659,,4960,,50,,,,,,50
9112,97,582,6,0,0,0x06,45,21,0,32,22.000,45.000,23.000,23,23,220,220,56699,61659,61709,,5010,,50,,,,,,50
9113,97,582,6,0,0,0x06,44,21,0,32,21.667,44.000,22.333,23,23,220,220,56699,61709,61759,,5060,,50,,,,,,50
9114,97,582,6,0,0,0x06,43,21,0,31,21.333,43.000,21.667,23,22,220,220,56699,61759,61809,,5110,,50,,,,,,50
9115,97,582,6,0,0,0x06,42,21,0,31,21.000,42.000,21.000,22,21,220,220,56699,61809,61859,,5160,,50,,,,,,50
9116,97,582,6,0,0,0x06,41,20,0,31,20.333,41.000,20.667,21,21,220,220,56699,61859,61909,,5210,,50,,,,,,50
9117,97,582,6,0,0,0x06,40,21,0,31,20.333,40.000,19.667,21,20,220,220,56699,61909,61959,,5260,,50,,,,,,50
9118,97,582,6,0,0,0x06,39,20,0,30,19.667,39.000,19.333,20,20,220,220,56699,61959,62009,,5310,,50,,,,,,50
9119,97,582,6,0,0,0x06,38,21,0,30,19.667,38.000,18.333,20,19,220,220,56699,62009,62059,,5360,,50,,,,,,50
9120,97,582,6,0,0,0x06,38,20,0,30,19.333,38.000,18.667,19,19,220,220,56699,62059,62109,,5410,,50,,,,,,50
9121,98,583,1,0,0,0x01,0,18,0,0,6.000,0.000,-6.000,-5,-6,220,220,62783,1623,1673,,4426,,50,,,,,,50
9122,98,583,1,0,0,0x01,0,17,0,0,5.667,0.000,-5.667,-6,-5,220,220,62783,1673,1723,,4476,,50,,,,,,50
9123,98,583,1,0,0,0x01,0,17,0,0,5.667,0.000,-5.667,-5,-5,220,220,62783,1723,1773,,4526,,50,,,,,,50
9124,98,583,1,0,0,0x01,0,18,0,0,6.000,0.000,-6.000,-5,-6,220,220,62783,1773,1823,,4576,,50,,,,,,50
9125,98,583,1,0,0,0x01,0,18,0,0,6.000,0.000,-6.000,-6,-6,220,220,62783,1823,1873,,4626,,50,,,,,,50
9126,98,583,1,0,0,0x01,0,17,0,0,5.667,0.000,-5.667,-6,-5,220,220,62783,1873,1923,,4676,,50,,,,,,50
9127,98,583,1,0,0,0x01,0,18,0,0,6.000,0.000,-6.000,-5,-6,220,220,62783,1923,1973,,4726,,50,,,,,,50
9128,98,583,1,0,0,0x01,0,18,0,0,6.000,0.000,-6.000,-6,-6,220,220,62783,1973,2023,,4776,,50,,,,,,50
9129,98,583,1,0,0,0x01,0,18,0,1,6.000,0.000,-6.000,-6,-6,220,220,62783,2023,2073,,4826,,50,,,,,,50
9130,98,583,1,0,0,0x01,0,18,0,1,6.000,0.000,-6.000,-6,-6,220,220,62783,2073,2123,,4876,,50,,,,,,50
9131,98,583,1,0,0,0x01,0,18,0,1,6.000,0.000,-6.000,-6,-6,220,220,62783,2123,2173,,4926,,50,,,,,,50
9132,98,583,1,0,0,0x01,0,18,0,2,6.000,0.000,-6.000,-6,-6,220,220,62783,2173,2223,,4976,,50,,,,,,50
9133,98,583,1,0,0,0x01,0,18,0,2,6.000,0.000,-6.000,-6,-6,220,220,62783,2223,2273,,5026,,50,,,,,,50
9134,98,583,1,0,0,0x01,0,18,0,3,6.000,0.000,-6.000,-6,-6,220,220,62783,2273,2323,,5076,,50,,,,,,50
9135,98,583,1,0,0,0x01,0,18,0,3,6.000,0.000,-6.000,-6,-6,220,220,62783,2323,2373,,5126,,50,,,,,,50
9136,98,583,1,0,0,0x01,0,18,0,4,6.000,0.000,-6.000,-6,-6,220,220,62783,2373,2423,,5176,,50,,,,,,50
9137,98,583,1,0,0,0x01,0,18,0,4,6.000,0.000,-6.000,-6,-6,220,220,62783,2423,2473,,5226,,50,,,,,,50
9138,98,583,1,0,0,0x01,0,18,0,5,6.000,0.000,-6.000,-6,-6,220,220,62783,2473,2523,,5276,,50,,,,,,50
9139,98,583,1,0,0,0x01,0,18,0,5,6.000,0.000,-6.000,-6,-6,220,220,62783,2523,2573,,5326,,50,,,,,,50
9140,98,583,1,0,0,0x01,0,18,0,6,6.000,0.000,-6.000,-6,-6,220,220,62783,2573,2623,,5376,,50,,,,,,50
9141,98,584,2,0,0,0x02,3,62,21,40,28.667,62.000,33.333,33,34,220,220,3310,7673,7723,,4413,,50,,,,,,50
9142,98,584,2,0,0,0x02,8,62,21,40,30.333,62.000,31.667,34,32,220,220,3310,7723,7773,,4463,,50,,,,,,50
9143,98,584,2,0,0,0x02,3,61,21,39,28.333,61.000,32.667,32,33,220,220,3310,7773,7823,,4513,,50,,,,,,50
9144,98,584,2,0,0,0x02,3,61,21,39,28.333,61.000,32.667,33,33,220,220,3310,7823,7873,,4563,,50,,,,,,50
9145,98,584,2,0,0,0x02,3,62,21,39,28.667,62.000,33.333,33,34,220,220,3310,7873,7923,,4613,,50,,,,,,50
9146,98,584,2,0,0,0x02,3,61,21,39,28.333,61.000,32.667,34,33,220,220,3310,7923,7973,,4663,,50,,,,,,50
9147,98,584,2,0,0,0x02,3,60,21,39,28.000,60.000,32.000,33,32,220,220,3310,7973,8023,,4713,,50,,,,,,50
9148,98,584,2,0,0,0x02,4,60,21,38,28.333,60.000,31.667,32,32,220,220,3310,8023,8073,,4763,,50,,,,,,50
9149,98,584,2,0,0,0x02,3,60,21,39,28.000,60.000,32.000,32,32,220,220,3310,8073,8123,,4813,,50,,,,,,50
9150,98,584,2,0,0,0x02,3,59,21,38,27.667,59.000,31.333,32,32,220,220,3310,8123,8173,,4863,,50,,,,,,50
9151,98,584,2,0,0,0x02,3,58,21,38,27.333,58.000,30.667,32,31,220,220,3310,8173,8223,,4913,,50,,,,,,50
9152,98,584,2,0,0,0x02,3,58,21,38,27.333,58.000,30.667,31,31,220,220,3310,8223,8273,,4963,,50,,,,,,50
9153,98,584,2,0,0,0x02,3,58,21,38,27.333,58.000,30.667,31,31,220,220,3310,8273,8323,,5013,,50,,,,,,50
9154,98,584,2,0,0,0x02,3,57,21,38,27.000,57.000,30.000,31,30,220,220,3310,8323,8373,,5063,,50,,,,,,50
9155,98,584,2,0,0,0x02,3,57,21,37,27.000,57.000,30.000,30,30,220,220,3310,8373,8423,,5113,,50,,,,,,50
9156,98,584,2,0,0,0x02,3,56,21,37,26.667,56.000,29.333,30,30,220,220,3310,8423,8473,,5163,,50,,,,,,50
9157,98,584,2,0,0,0x02,3,56,21,37,26.667,56.000,29.333,30,30,220,220,3310,8473,8523,,5213,,50,,,,,,50
9158,98,584,2,0,0,0x02,3,55,21,37,26.333,55.000,28.667,30,29,220,220,3310,8523,8573,,5263,,50,,,,,,50
9159,98,584,2,0,0,0x02,3,54,21,36,26.000,54.000,28.000,29,28,220,220,3310,8573,8623,,5313,,50,,,,,,50
9160,98,584,2,0,0,0x02,3,54,20,36,25.667,54.000,28.333,28,29,220,220,3310,8623,8673,,5363,,50,,,,,,50
9161,98,585,3,0,0,0x03,0,0,16,4,5.333,0.000,-5.333,-5,-5,220,220,9393,13723,13773,,4380,,50,,,,,,50
9162,98,585,3,0,0,0x03,0,0,16,3,5.333,0.000,-5.333,-5,-5,220,220,9393,13773,13823,,4430,,50,,,,,,50
9163,98,585,3,0,0,0x03,0,0,16,4,5.333,0.000,-5.333,-5,-5,220,220,9393,13823,13873,,4480,,50,,,,,,50
9164,98,585,3,0,0,0x03,0,0,16,4,5.333,0.000,-5.333,-5,-5,220,220,9393,13873,13923,,4530,,50,,,,,,50
9165,98,585,3,0,0,0x03,0,0,16,5,5.333,0.000,-5.333,-5,-5,220,220,9393,13923,13973,,4580,,50,,,,,,50
9166,98,585,3,0,0,0x03,0,0,16,5,5.333,0.000,-5.333,-5,-5,220,220,9393,13973,14023,,4630,,50,,,,,,50
9167,98,585,3,0,0,0x03,0,0,16,5,5.333,0.000,-5.333,-5,-5,220,220,9393,14023,14073,,4680,,50,,,,,,50
9168,98,585,3,0,0,0x03,0,0,16,5,5.333,0.000,-5.333,-5,-5,220,220,9393,14073,14123,,4730,,50,,,,,,50
9169,98,585,3,0,0,0x03,0,0,16,6,5.333,0.000,-5.333,-5,-5,220,220,9393,14123,14173,,4780,,50,,,,,,50
9170,98,585,3,0,0,0x03,0,0,16,6,5.333,0.000,-5.333,-5,-5,220,220,9393,14173,14223,,4830,,50,,,,,,50
9171,98,585,3,0,0,0x03,0,0,16,6,5.333,0.000,-5.333,-5,-5,220,220,9393,14223,14273,,4880,,50,,,,,,50
9172,98,585,3,0,0,0x03,0,0,16,7,5.333,0.000,-5.333,-5,-5,220,220,9393,14273,14323,,4930,,50,,,,,,50
9173,98,585,3,0,0,0x03,0,0,16,7,5.333,0.000,-5.333,-5,-5,220,220,9393,14323,14373,,4980,,50,,,,,,50
9174,98,585,3,0,0,0x03,0,0,17,7,5.667,0.000,-5.667,-5,-5,220,220,9393,14373,14423,,5030,,50,,,,,,50
9175,98,585,3,0,0,0x03,0,0,16,7,5.333,0.000,-5.333,-5,-5,220,220,9393,14423,14473,,5080,,50,,,,,,50
9176,98,585,3,0,0,0x03,0,0,16,7,5.333,0.000,-5.333,-5,-5,220,220,9393,14473,14523,,5130,,50,,,,,,50
9177,98,585,3,0,0,0x03,0,0,16,8,5.333,0.000,-5.333,-5,-5,220,220,9393,14523,14573,,5180,,50,,,,,,50
9178,98,585,3,0,0,0x03,0,0,16,8,5.333,0.000,-5.333,-5,-5,220,220,9393,14573,14623,,5230,,50,,,,,,50
9179,98,585,3,0,0,0x03,0,0,16,9,5.333,0.000,-5.333,-5,-5,220,220,9393,14623,14673,,5280,,50,,,,,,50
9180,98,585,3,0,0,0x03,0,0,17,9,5.667,0.000,-5.667,-5,-5,220,220,9393,14673,14723,,5330,,50,,,,,,50
9181,98,586,4,0,0,0x04,25,1,64,41,30.000,64.000,34.000,34,34,220,220,15457,19773,19823,,4366,,50,,,,,,50
9182,98,586,4,0,0,0x04,25,1,64,40,30.000,64.000,34.000,34,34,220,220,15457,19823,19873,,4416,,50,,,,,,50
9183,98,586,4,0,0,0x04,25,1,63,40,29.667,63.000,33.333,34,34,220,220,15457,19873,19923,,4466,,50,,,,,,50
9184,98,586,4,0,0,0x04,25,1,61,40,29.000,61.000,32.000,34,32,220,220,15457,19923,19973,,4516,,50,,,,,,50
9185,98,586,4,0,0,0x04,24,1,61,40,28.667,61.000,32.333,32,33,220,220,15457,19973,20023,,4566,,50,,,,,,50
9186,98,586,4,0,0,0x04,25,1,61,40,29.000,61.000,32.000,33,32,220,220,15457,20023,20073,,4616,,50,,,,,,50
9187,98,586,4,0,0,0x04,24,1,59,39,28.000,59.000,31.000,32,31,220,220,15457,20073,20123,,4666,,50,,,,,,50
9188,98,586,4,0,0,0x04,24,1,59,39,28.000,59.000,31.000,31,31,220,220,15457,20123,20173,,4716,,50,,,,,,50
9189,98,586,4,0,0,0x04,24,1,58,39,27.667,58.000,30.333,31,31,220,220,15457,20173,20223,,4766,,50,,,,,,50
9190,98,586,4,0,0,0x04,24,1,57,38,27.333,57.000,29.667,31,30,220,220,15457,20223,20273,,4816,,50,,,,,,50
9191,98,586,4,0,0,0x04,24,0,56,38,26.667,56.000,29.333,30,30,220,220,15457,20273,20323,,4866,,50,,,,,,50
9192,98,586,4,0,0,0x04,24,0,55,38,26.333,55.000,28.667,30,29,220,220,15457,20323,20373,,4916,,50,,,,,,50
9193,98,586,4,0,0,0x04,24,0,54,38,26.000,54.000,28.000,29,28,220,220,15457,20373,20423,,4966,,50,,,,,,50
9194,98,586,4,0,0,0x04,24,0,54,37,26.000,54.000,28.000,28,28,220,220,15457,20423,20473,,5016,,50,,,,,,50
9195,98,586,4,0,0,0x04,24,0,52,36,25.333,52.000,26.667,28,27,220,220,15457,20473,20523,,5066,,50,,,,,,50
9196,98,586,4,0,0,0x04,24,0,52,36,25.333,52.000,26.667,27,27,220,220,15457,20523,20573,,5116,,50,,,,,,50
9197,98,586,4,0,0,0x04,24,0,51,36,25.000,51.000,26.000,27,26,220,220,15457,20573,20623,,5166,,50,,,,,,50
9198,98,586,4,0,0,0x04,24,0,50,36,24.667,50.000,25.333,26,26,220,220,15457,20623,20673,,5216,,50,,,,,,50
9199,98,586,4,0,0,0x04,24,0,49,35,24.333,49.000,24.667,26,25,220,220,15457,20673,20723,,5266,,50,,,,,,50
9200,98,586,4,0,0,0x04,28,0,48,35,25.333,48.000,22.667,25,23,220,220,15457,20723,20773,,5316,,50,,,,,,50
9201,98,587,5,0,0,0x05,17,0,0,0,5.667,0.000,-5.667,-6,-5,220,220,21521,25823,25873,,4352,,50,,,,,,50
9202,98,587,5,0,0,0x05,18,0,0,0,6.000,0.000,-6.000,-5,-6,220,220,21521,25873,25923,,4402,,50,,,,,,50
9203,98,587,5,0,0,0x05,18,0,0,0,6.000,0.000,-6.000,-6,-6,220,220,21521,25923,25973,,4452,,50,,,,,,50
9204,98,587,5,0,0,0x05,18,0,0,0,6.000,0.000,-6.000,-6,-6,220,220,21521,25973,26023,,4502,,50,,,,,,50
9205,98,587,5,0,0,0x05,18,0,0,0,6.000,0.000,-6.000,-6,-6,220,220,21521,26023,26073,,4552,,50,,,,,,50
9206,98,587,5,0,0,0x05,18,0,0,0,6.000,0.000,-6.000,-6,-6,220,220,21521,26073,26123,,4602,,50,,,,,,50
9207,98,587,5,0,0,0x05,18,0,0,0,6.000,0.000,-6.000,-6,-6,220,220,21521,26123,26173,,4652,,50,,,,,,50
9208,98,587,5,0,0,0x05,18,0,0,0,6.000,0.000,-6.000,-6,-6,220,220,21521,26173,26223,,4702,,50,,,,,,50
9209,98,587,5,0,0,0x05,18,0,0,1,6.000,0.000,-6.000,-6,-6,220,220,21521,26223,26273,,4752,,50,,,,,,50
9210,98,587,5,0,0,0x05,18,0,0,1,6.000,0.000,-6.000,-6,-6,220,220,21521,26273,26323,,4802,,50,,,,,,50
9211,98,587,5,0,0,0x05,18,0,0,1,6.000,0.000,-6.000,-6,-6,220,220,21521,26323,26373,,4852,,50,,,,,,50
9212,98,587,5,0,0,0x05,18,0,0,2,6.000,0.000,-6.000,-6,-6,220,220,21521,26373,26423,,4902,,50,,,,,,50
9213,98,587,5,0,0,0x05,19,0,0,2,6.333,0.000,-6.333,-6,-6,220,220,21521,26423,26473,,4952,,50,,,,,,50
9214,98,587,5,0,0,0x05,18,0,0,2,6.000,0.000,-6.000,-6,-6,220,220,21521,26473,26523,,5002,,50,,,,,,50
9215,98,587,5,0,0,0x05,19,0,0,2,6.333,0.000,-6.333,-6,-6,220,220,21521,26523,26573,,5052,,50,,,,,,50
9216,98,587,5,0,0,0x05,19,0,0,3,6.333,0.000,-6.333,-6,-6,220,220,21521,26573,26623,,5102,,50,,,,,,50
9217,98,587,5,0,0,0x05,19,0,0,3,6.333,0.000,-6.333,-6,-6,220,220,21521,26623,26673,,5152,,50,,,,,,50
9218,98,587,5,0,0,0x05,19,0,0,4,6.333,0.000,-6.333,-6,-6,220,220,21521,26673,26723,,5202,,50,,,,,,50
9219,98,587,5,0,0,0x05,23,0,0,5,7.667,0.000,-7.667,-6,-7,220,220,21521,26723,26773,,5252,,50,,,,,,50
9220,98,587,5,0,0,0x05,19,0,0,4,6.333,0.000,-6.333,-7,-6,220,220,21521,26773,26823,,5302,,50,,,,,,50
9221,98,588,6,0,0,0x06,61,22,1,38,28.000,61.000,33.000,34,33,220,220,27602,31873,31923,,4321,,50,,,,,,50
9222,98,588,6,0,0,0x06,60,22,1,38,27.667,60.000,32.333,33,33,220,220,27602,31923,31973,,4371,,50,,,,,,50
9223,98,588,6,0,0,0x06,60,22,1,38,27.667,60.000,32.333,33,33,220,220,27602,31973,32023,,4421,,50,,,,,,50
9224,98,588,6,0,0,0x06,59,21,1,38,27.000,59.000,32.000,33,32,220,220,27602,32023,32073,,4471,,50,,,,,,50
9225,98,588,6,0,0,0x06,58,22,0,37,26.667,58.000,31.333,32,32,220,220,27602,32073,32123,,4521,,50,,,,,,50
9226,98,588,6,0,0,0x06,57,22,1,37,26.667,57.000,30.333,32,31,220,220,27602,32123,32173,,4571,,50,,,,,,50
9227,98,588,6,0,0,0x06,56,22,0,37,26.000,56.000,30.000,31,30,220,220,27602,32173,32223,,4621,,50,,,,,,50
9228,98,588,6,0,0,0x06,56,22,0,36,26.000,56.000,30.000,30,30,220,220,27602,32223,32273,,4671,,50,,,,,,50
9229,98,588,6,0,0,0x06,54,21,0,36,25.000,54.000,29.000,30,29,220,220,27602,32273,32323,,4721,,50,,,,,,50
9230,98,588,6,0,0,0x06,54,22,0,35,25.333,54.000,28.667,29,29,220,220,27602,32323,32373,,4771,,50,,,,,,50
9231,98,588,6,0,0,0x06,54,22,0,36,25.333,54.000,28.667,29,29,220,220,27602,32373,32423,,4821,,50,,,,,,50
9232,98,588,6,0,0,0x06,52,22,0,35,24.667,52.000,27.333,29,28,220,220,27602,32423,32473,,4871,,50,,,,,,50
9233,98,588,6,0,0,0x06,51,21,0,35,24.000,51.000,27.000,28,27,220,220,27602,32473,32523,,4921,,50,,,,,,50
9234,98,588,6,0,0,0x06,50,21,0,34,23.667,50.000,26.333,27,27,220,220,27602,32523,32573,,4971,,50,,,,,,50
9235,98,588,6,0,0,0x06,50,21,0,34,23.667,50.000,26.333,27,27,220,220,27602,32573,32623,,5021,,50,,,,,,50
9236,98,588,6,0,0,0x06,48,21,0,33,23.000,48.000,25.000,27,25,220,220,27602,32623,32673,,5071,,50,,,,,,50
9237,98,588,6,0,0,0x06,47,21,0,33,22.667,47.000,24.333,25,25,220,220,27602,32673,32723,,5121,,50,,,,,,50
9238,98,588,6,0,0,0x06,50,21,0,33,23.667,50.000,26.333,25,27,220,220,27602,32723,32773,,5171,,50,,,,,,50
9239,98,588,6,0,0,0x06,45,21,0,33,22.000,45.000,23.000,27,23,220,220,27602,32773,32823,,5221,,50,,,,,,50
9240,98,588,6,0,0,0x06,44,21,0,32,21.667,44.000,22.333,23,23,220,220,27602,32823,32873,,5271,,50,,,,,,50
9241,99,589,1,0,0,0x01,0,17,0,1,5.667,0.000,-5.667,-5,-5,220,220,33667,37923,37973,,4306,,50,,,,,,50
9242,99,589,1,0,0,0x01,0,17,0,1,5.667,0.000,-5.667,-5,-5,220,220,33667,37973,38023,,4356,,50,,,,,,50
9243,99,589,1,0,0,0x01,0,17,0,1,5.667,0.000,-5.667,-5,-5,220,220,33667,38023,38073,,4406,,50,,,,,,50
9244,99,589,1,0,0,0x01,0,18,0,1,6.000,0.000,-6.000,-5,-6,220,220,33667,38073,38123,,4456,,50,,,,,,50
9245,99,589,1,0,0,0x01,0,17,0,2,5.667,0.000,-5.667,-6,-5,220,220,33667,38123,38173,,4506,,50,,,,,,50
9246,99,589,1,0,0,0x01,0,17,0,2,5.667,0.000,-5.667,-5,-5,220,220,33667,38173,38223,,4556,,50,,,,,,50
9247,99,589,1,0,0,0x01,0,18,0,3,6.000,0.000,-6.000,-5,-6,220,220,33667,38223,38273,,4606,,50,,,,,,50
9248,99,589,1,0,0,0x01,0,18,0,3,6.000,0.000,-6.000,-6,-6,220,220,33667,38273,38323,,4656,,50,,,,,,50
9249,99,589,1,0,0,0x01,0,18,0,3,6.000,0.000,-6.000,-6,-6,220,220,33667,38323,38373,,4706,,50,,,,,,50
9250,99,589,1,0,0,0x01,0,17,0,3,5.667,0.000,-5.667,-6,-5,220,220,33667,38373,38423,,4756,,50,,,,,,50
9251,99,589,1,0,0,0x01,0,18,0,3,6.000,0.000,-6.000,-5,-6,220,220,33667,38423,38473,,4806,,50,,,,,,50
9252,99,589,1,0,0,0x01,0,18,0,4,6.000,0.000,-6.000,-6,-6,220,220,33667,38473,38523,,4856,,50,,,,,,50
9253,99,589,1,0,0,0x01,0,18,0,4,6.000,0.000,-6.000,-6,-6,220,220,33667,38523,38573,,4906,,50,,,,,,50
9254,99,589,1,0,0,0x01,0,18,0,4,6.000,0.000,-6.000,-6,-6,220,220,33667,38573,38623,,4956,,50,,,,,,50
9255,99,589,1,0,0,0x01,0,18,0,5,6.000,0.000,-6.000,-6,-6,220,220,33667,38623,38673,,5006,,50,,,,,,50
9256,99,589,1,0,0,0x01,0,18,0,5,6.000,0.000,-6.000,-6,-6,220,220,33667,38673,38723,,5056,,50,,,,,,50
9257,99,589,1,0,0,0x01,2,18,0,6,6.667,0.000,-6.667,-6,-6,220,220,33667,38723,38773,,5106,,50,,,,,,50
9258,99,589,1,0,0,0x01,0,18,0,6,6.000,0.000,-6.000,-6,-6,220,220,33667,38773,38823,,5156,,50,,,,,,50
9259,99,589,1,0,0,0x01,0,18,0,6,6.000,0.000,-6.000,-6,-6,220,220,33667,38823,38873,,5206,,50,,,,,,50
9260,99,589,1,0,0,0x01,0,18,0,7,6.000,0.000,-6.000,-6,-6,220,220,33667,38873,38923,,5256,,50,,,,,,50
9261,99,590,2,0,0,0x02,4,80,22,46,35.333,80.000,44.667,45,45,220,220,39751,43973,44023,,4272,,50,,,,,,50
9262,99,590,2,0,0,0x02,4,79,22,45,35.000,79.000,44.000,45,44,220,220,39751,44023,44073,,4322,,50,,,,,,50
9263,99,590,2,0,0,0x02,4,78,22,45,34.667,78.000,43.333,44,44,220,220,39751,44073,44123,,4372,,50,,,,,,50
9264,99,590,2,0,0,0x02,4,78,22,45,34.667,78.000,43.333,44,44,220,220,39751,44123,44173,,4422,,50,,,,,,50
9265,99,590,2,0,0,0x02,4,78,23,46,35.000,78.000,43.000,44,43,220,220,39751,44173,44223,,4472,,50,,,,,,50
9266,99,590,2,0,0,0x02,4,77,22,45,34.333,77.000,42.667,43,43,220,220,39751,44223,44273,,4522,,50,,,,,,50
9267,99,590,2,0,0,0x02,4,76,22,45,34.000,76.000,42.000,43,42,220,220,39751,44273,44323,,4572,,50,,,,,,50
9268,99,590,2,0,0,0x02,4,76,22,45,34.000,76.000,42.000,42,42,220,220,39751,44323,44373,,4622,,50,,,,,,50
9269,99,590,2,0,0,0x02,4,75,22,44,33.667,75.000,41.333,42,42,220,220,39751,44373,44423,,4672,,50,,,,,,50
9270,99,590,2,0,0,0x02,4,74,22,44,33.333,74.000,40.667,42,41,220,220,39751,44423,44473,,4722,,50,,,,,,50
9271,99,590,2,0,0,0x02,3,73,22,43,32.667,73.000,40.333,41,41,220,220,39751,44473,44523,,4772,,50,,,,,,50
9272,99,590,2,0,0,0x02,4,73,22,44,33.000,73.000,40.000,41,40,220,220,39751,44523,44573,,4822,,50,,,,,,50
9273,99,590,2,0,0,0x02,4,72,23,43,33.000,72.000,39.000,40,39,220,220,39751,44573,44623,,4872,,50,,,,,,50
9274,99,590,2,0,0,0x02,3,71,22,42,32.000,71.000,39.000,39,39,220,220,39751,44623,44673,,4922,,50,,,,,,50
9275,99,590,2,0,0,0x02,3,70,22,42,31.667,70.000,38.333,39,39,220,220,39751,44673,44723,,4972,,50,,,,,,50
9276,99,590,2,0,0,0x02,7,70,22,42,33.000,70.000,37.000,39,37,220,220,39751,44723,44773,,5022,,50,,,,,,50
9277,99,590,2,0,0,0x02,3,69,22,42,31.333,69.000,37.667,37,38,220,220,39751,44773,44823,,5072,,50,,,,,,50
9278,99,590,2,0,0,0x02,3,68,22,42,31.000,68.000,37.000,38,37,220,220,39751,44823,44873,,5122,,50,,,,,,50
9279,99,590,2,0,0,0x02,4,67,22,41,31.000,67.000,36.000,37,36,220,220,39751,44873,44923,,5172,,50,,,,,,50
9280,99,590,2,0,0,0x02,3,66,22,41,30.333,66.000,35.667,36,36,220,220,39751,44923,44973,,5222,,50,,,,,,50
9281,99,591,3,0,0,0x03,0,0,15,4,5.000,0.000,-5.000,-5,-5,220,220,45818,50023,50073,,4255,,50,,,,,,50
9282,99,591,3,0,0,0x03,0,0,16,5,5.333,0.000,-5.333,-5,-5,220,220,45818,50073,50123,,4305,,50,,,,,,50
9283,99,591,3,0,0,0x03,0,0,16,5,5.333,0.000,-5.333,-5,-5,220,220,45818,50123,50173,,4355,,50,,,,,,50
9284,99,591,3,0,0,0x03,0,0,16,5,5.333,0.000,-5.333,-5,-5,220,220,45818,50173,50223,,4405,,50,,,,,,50
9285,99,591,3,0,0,0x03,0,0,16,6,5.333,0.000,-5.333,-5,-5,220,220,45818,50223,50273,,4455,,50,,,,,,50
9286,99,591,3,0,0,0x03,0,0,16,6,5.333,0.000,-5.333,-5,-5,220,220,45818,50273,50323,,4505,,50,,,,,,50
9287,99,591,3,0,0,0x03,0,0,16,6,5.333,0.000,-5.333,-5,-5,220,220,45818,50323,50373,,4555,,50,,,,,,50
9288,99,591,3,0,0,0x03,0,0,16,6,5.333,0.000,-5.333,-5,-5,220,220,45818,50373,50423,,4605,,50,,,,,,50
9289,99,591,3,0,0,0x03,0,0,16,6,5.333,0.000,-5.333,-5,-5,220,220,45818,50423,50473,,4655,,50,,,,,,50
9290,99,591,3,0,0,0x03,0,0,16,7,5.333,0.000,-5.333,-5,-5,220,220,45818,50473,50523,,4705,,50,,,,,,50
9291,99,591,3,0,0,0x03,0,0,16,6,5.333,0.000,-5.333,-5,-5,220,220,45818,50523,50573,,4755,,50,,,,,,50
9292,99,591,3,0,0,0x03,0,0,16,7,5.333,0.000,-5.333,-5,-5,220,220,45818,50573,50623,,4805,,50,,,,,,50
9293,99,591,3,0,0,0x03,0,0,16,7,5.333,0.000,-5.333,-5,-5,220,220,45818,50623,50673,,4855,,50,,,,,,50
9294,99,591,3,0,0,0x03,0,0,17,8,5.667,0.000,-5.667,-5,-5,220,220,45818,50673,50723,,4905,,50,,,,,,50
9295,99,591,3,0,0,0x03,0,0,17,9,5.667,0.000,-5.667,-5,-5,220,220,45818,50723,50773,,4955,,50,,,,,,50
9296,99,591,3,0,0,0x03,0,0,16,8,5.333,0.000,-5.333,-5,-5,220,220,45818,50773,50823,,5005,,50,,,,,,50
9297,99,591,3,0,0,0x03,0,0,17,8,5.667,0.000,-5.667,-5,-5,220,220,45818,50823,50873,,5055,,50,,,,,,50
9298,99,591,3,0,0,0x03,0,0,17,8,5.667,0.000,-5.667,-5,-5,220,220,45818,50873,50923,,5105,,50,,,,,,50
9299,99,591,3,0,0,0x03,0,0,17,9,5.667,0.000,-5.667,-5,-5,220,220,45818,50923,50973,,5155,,50,,,,,,50
9300,99,591,3,0,0,0x03,0,0,17,10,5.667,0.000,-5.667,-5,-5,220,220,45818,50973,51023,,5205,,50,,,,,,50
9301,99,592,4,0,0,0x04,24,1,60,39,28.333,60.000,31.667,32,32,220,220,51902,56073,56123,,4221,,50,,,,,,50
9302,99,592,4,0,0,0x04,24,1,59,39,28.000,59.000,31.000,32,31,220,220,51902,56123,56173,,4271,,50,,,,,,50
9303,99,592,4,0,0,0x04,24,1,59,39,28.000,59.000,31.000,31,31,220,220,51902,56173,56223,,4321,,50,,,,,,50
9304,99,592,4,0,0,0x04,24,1,57,38,27.333,57.000,29.667,31,30,220,220,51902,56223,56273,,4371,,50,,,,,,50
9305,99,592,4,0,0,0x04,24,1,57,38,27.333,57.000,29.667,30,30,220,220,51902,56273,56323,,4421,,50,,,,,,50
9306,99,592,4,0,0,0x04,25,1,56,38,27.333,56.000,28.667,30,29,220,220,51902,56323,56373,,4471,,50,,,,,,50
9307,99,592,4,0,0,0x04,24,1,55,38,26.667,55.000,28.333,29,29,220,220,51902,56373,56423,,4521,,50,,,,,,50
9308,99,592,4,0,0,0x04,24,1,54,37,26.333,54.000,27.667,29,28,220,220,51902,56423,56473,,4571,,50,,,,,,50
9309,99,592,4,0,0,0x04,24,0,53,37,25.667,53.000,27.333,28,28,220,220,51902,56473,56523,,4621,,50,,,,,,50
9310,99,592,4,0,0,0x04,24,1,53,37,26.000,53.000,27.000,28,27,220,220,51902,56523,56573,,4671,,50,,,,,,50
9311,99,592,4,0,0,0x04,24,0,52,36,25.333,52.000,26.667,27,27,220,220,51902,56573,56623,,4721,,50,,,,,,50
9312,99,592,4,0,0,0x04,24,0,50,36,24.667,50.000,25.333,27,26,220,220,51902,56623,56673,,4771,,50,,,,,,50
9313,99,592,4,0,0,0x04,24,0,50,35,24.667,50.000,25.333,26,26,220,220,51902,56673,56723,,4821,,50,,,,,,50
9314,99,592,4,0,0,0x04,28,0,49,36,25.667,49.000,23.333,26,24,220,220,51902,56723,56773,,4871,,50,,,,,,50
9315,99,592,4,0,0,0x04,24,0,48,35,24.000,48.000,24.000,24,24,220,220,51902,56773,56823,,4921,,50,,,,,,50
9316,99,592,4,0,0,0x04,24,0,46,34,23.333,46.000,22.667,24,23,220,220,51902,56823,56873,,4971,,50,,,,,,50
9317,99,592,4,0,0,0x04,23,0,46,34,23.000,46.000,23.000,23,23,220,220,51902,56873,56923,,5021,,50,,,,,,50
9318,99,592,4,0,0,0x04,23,0,45,34,22.667,45.000,22.333,23,23,220,220,51902,56923,56973,,5071,,50,,,,,,50
9319,99,592,4,0,0,0x04,24,0,43,33,22.333,43.000,20.667,23,21,220,220,51902,56973,57023,,5121,,50,,,,,,50
9320,99,592,4,0,0,0x04,23,0,42,33,21.667,42.000,20.333,21,21,220,220,51902,57023,57073,,5171,,50,,,,,,50
9321,99,593,5,0,0,0x05,17,0,0,0,5.667,0.000,-5.667,-5,-5,220,220,57965,62123,62173,,4208,,50,,,,,,50
9322,99,593,5,0,0,0x05,17,0,0,0,5.667,0.000,-5.667,-5,-5,220,220,57965,62173,62223,,4258,,50,,,,,,50
9323,99,593,5,0,0,0x05,17,0,0,0,5.667,0.000,-5.667,-5,-5,220,220,57965,62223,62273,,4308,,50,,,,,,50
9324,99,593,5,0,0,0x05,17,0,0,0,5.667,0.000,-5.667,-5,-5,220,220,57965,62273,62323,,4358,,50,,,,,,50
9325,99,593,5,0,0,0x05,17,0,0,0,5.667,0.000,-5.667,-5,-5,220,220,57965,62323,62373,,4408,,50,,,,,,50
9326,99,593,5,0,0,0x05,17,0,0,0,5.667,0.000,-5.667,-5,-5,220,220,57965,62373,62423,,4458,,50,,,,,,50
9327,99,593,5,0,0,0x05,17,0,0,0,5.667,0.000,-5.667,-5,-5,220,220,57965,62423,62473,,4508,,50,,,,,,50
9328,99,593,5,0,0,0x05,17,0,0,0,5.667,0.000,-5.667,-5,-5,220,220,57965,62473,62523,,4558,,50,,,,,,50
9329,99,593,5,0,0,0x05,17,0,0,0,5.667,0.000,-5.667,-5,-5,220,220,57965,62523,62573,,4608,,50,,,,,,50
9330,99,593,5,0,0,0x05,17,0,0,0,5.667,0.000,-5.667,-5,-5,220,220,57965,62573,62623,,4658,,50,,,,,,50
9331,99,593,5,0,0,0x05,17,0,0,0,5.667,0.000,-5.667,-5,-5,220,220,57965,62623,62673,,4708,,50,,,,,,50
9332,99,593,5,0,0,0x05,17,0,0,0,5.667,0.000,-5.667,-5,-5,220,220,57965,62673,62723,,4758,,50,,,,,,50
9333,99,593,5,0,0,0x05,22,0,0,0,7.333,0.000,-7.333,-5,-7,220,220,57965,62723,62773,,4808,,50,,,,,,50
9334,99,593,5,0,0,0x05,18,0,0,0,6.000,0.000,-6.000,-7,-6,220,220,57965,62773,62823,,4858,,50,,,,,,50
9335,99,593,5,0,0,0x05,18,0,0,0,6.000,0.000,-6.000,-6,-6,220,220,57965,62823,62873,,4908,,50,,,,,,50
9336,99,593,5,0,0,0x05,18,0,0,0,6.000,0.000,-6.000,-6,-6,220,220,57965,62873,62923,,4958,,50,,,,,,50
9337,99,593,5,0,0,0x05,18,0,0,0,6.000,0.000,-6.000,-6,-6,220,220,57965,62923,62973,,5008,,50,,,,,,50
9338,99,593,5,0,0,0x05,18,0,0,0,6.000,0.000,-6.000,-6,-6,220,220,57965,65023,65073,,7108,,50,,,,,,50
9339,99,593,5,0,0,0x05,18,0,0,0,6.000,0.000,-6.000,-6,-6,220,220,57965,63023,63073,,5108,,50,,,,,,50
9340,99,594,6,0,0,0x06,32,19,2,28,17.667,32.000,14.333,15,15,220,220,64048,65123,65173,,1125,,50,,,,,,50
9341,99,594,6,0,0,0x06,57,22,0,37,26.333,57.000,30.667,32,31,220,220,64048,2637,2687,,4175,,50,,,,,,50
9342,99,594,6,0,0,0x06,57,22,0,37,26.333,57.000,30.667,31,31,220,220,64048,2687,2737,,4225,,50,,,,,,50
9343,99,594,6,0,0,0x06,56,21,1,37,26.000,56.000,30.000,31,30,220,220,64048,2737,2787,,4275,,50,,,,,,50
9344,99,594,6,0,0,0x06,55,21,0,36,25.333,55.000,29.667,30,30,220,220,64048,2787,2837,,4325,,50,,,,,,50
9345,99,594,6,0,0,0x06,54,22,0,36,25.333,54.000,28.667,30,29,220,220,64048,2837,2887,,4375,,50,,,,,,50
9346,99,594,6,0,0,0x06,53,21,0,35,24.667,53.000,28.333,29,29,220,220,64048,2887,2937,,4425,,50,,,,,,50
9347,99,594,6,0,0,0x06,53,22,0,35,25.000,53.000,28.000,29,28,220,220,64048,2937,2987,,4475,,50,,,,,,50
9348,99,594,6,0,0,0x06,51,21,0,35,24.000,51.000,27.000,28,27,220,220,64048,2987,3037,,4525,,50,,,,,,50
9349,99,594,6,0,0,0x06,50,22,0,34,24.000,50.000,26.000,27,26,220,220,64048,3037,3087,,4575,,50,,,,,,50
9350,99,594,6,0,0,0x06,49,21,0,34,23.333,49.000,25.667,26,26,220,220,64048,3087,3137,,4625,,50,,,,,,50
9351,99,594,6,0,0,0x06,49,21,0,34,23.333,49.000,25.667,26,26,220,220,64048,3137,3187,,4675,,50,,,,,,50
9352,99,594,6,0,0,0x06,52,21,0,34,24.333,52.000,27.667,26,28,220,220,64048,3187,3237,,4725,,50,,,,,,50
9353,99,594,6,0,0,0x06,46,21,0,33,22.333,46.000,23.667,28,24,220,220,64048,3237,3287,,4775,,50,,,,,,50
9354,99,594,6,0,0,0x06,45,21,0,32,22.000,45.000,23.000,24,23,220,220,64048,3287,3337,,4825,,50,,,,,,50
9355,99,594,6,0,0,0x06,45,21,0,32,22.000,45.000,23.000,23,23,220,220,64048,3337,3387,,4875,,50,,,,,,50
9356,99,594,6,0,0,0x06,43,21,0,32,21.333,43.000,21.667,23,22,220,220,64048,3387,3437,,4925,,50,,,,,,50
9357,99,594,6,0,0,0x06,42,21,0,31,21.000,42.000,21.000,22,21,220,220,64048,3437,3487,,4975,,50,,,,,,50
9358,99,594,6,0,0,0x06,42,21,0,31,21.000,42.000,21.000,21,21,220,220,64048,3487,3537,,5025,,50,,,,,,50
9359,99,594,6,0,0,0x06,41,21,0,31,20.667,41.000,20.333,21,21,220,220,64048,3537,3587,,5075,,50,,,,,,50
9360,99,594,6,0,0,0x06,39,21,0,30,20.000,39.000,19.000,21,19,220,220,64048,3587,3637,,5125,,50,,,,,,50
9361,100,595,1,0,0,0x01,0,17,0,0,5.667,0.000,-5.667,-5,-5,220,220,4577,8687,8737,,4160,,50,,,,,,50
9362,100,595,1,0,0,0x01,0,17,0,0,5.667,0.000,-5.667,-5,-5,220,220,4577,8737,8787,,4210,,50,,,,,,50
9363,100,595,1,0,0,0x01,0,17,0,0,5.667,0.000,-5.667,-5,-5,220,220,4577,8787,8837,,4260,,50,,,,,,50
9364,100,595,1,0,0,0x01,0,17,0,0,5.667,0.000,-5.667,-5,-5,220,220,4577,8837,8887,,4310,,50,,,,,,50
9365,100,595,1,0,0,0x01,0,17,0,0,5.667,0.000,-5.667,-5,-5,220,220,4577,8887,8937,,4360,,50,,,,,,50
9366,100,595,1,0,0,0x01,0,17,0,0,5.667,0.000,-5.667,-5,-5,220,220,4577,8937,8987,,4410,,50,,,,,,50
9367,100,595,1,0,0,0x01,0,17,0,1,5.667,0.000,-5.667,-5,-5,220,220,4577,8987,9037,,4460,,50,,,,,,50
9368,100,595,1,0,0,0x01,0,18,0,1,6.000,0.000,-6.000,-5,-6,220,220,4577,9037,9087,,4510,,50,,,,,,50
9369,100,595,1,0,0,0x01,0,18,0,2,6.000,0.000,-6.000,-6,-6,220,220,4577,9087,9137,,4560,,50,,,,,,50
9370,100,595,1,0,0,0x01,0,18,0,2,6.000,0.000,-6.000,-6,-6,220,220,4577,9137,9187,,4610,,50,,,,,,50
9371,100,595,1,0,0,0x01,2,18,0,2,6.667,0.000,-6.667,-6,-6,220,220,4577,9187,9237,,4660,,50,,,,,,50
9372,100,595,1,0,0,0x01,0,17,0,3,5.667,0.000,-5.667,-6,-5,220,220,4577,9237,9287,,4710,,50,,,,,,50
9373,100,595,1,0,0,0x01,0,18,0,3,6.000,0.000,-6.000,-5,-6,220,220,4577,9287,9337,,4760,,50,,,,,,50
9374,100,595,1,0,0,0x01,0,18,0,3,6.000,0.000,-6.000,-6,-6,220,220,4577,9337,9387,,4810,,50,,,,,,50
9375,100,595,1,0,0,0x01,0,18,0,3,6.000,0.000,-6.000,-6,-6,220,220,4577,9387,9437,,4860,,50,,,,,,50
9376,100,595,1,0,0,0x01,0,17,0,4,5.667,0.000,-5.667,-6,-5,220,220,4577,9437,9487,,4910,,50,,,,,,50
9377,100,595,1,0,0,0x01,0,18,0,4,6.000,0.000,-6.000,-5,-6,220,220,4577,9487,9537,,4960,,50,,,,,,50
9378,100,596,2,0,0,0x02,3,16,18,23,12.333,16.000,3.667,3,4,220,220,10659,11587,11637,,978,,50,,,,,,50
9379,100,597,1,0,0,0x01,0,18,0,5,6.000,0.000,-6.000,-6,-6,220,220,4577,9587,9637,,5060,,50,,,,,,50
9380,100,598,2,0,0,0x02,3,18,18,24,13.000,18.000,5.000,5,5,220,220,10659,11687,11737,,1078,,50,,,,,,50
9381,100,598,2,0,0,0x02,4,71,21,43,32.000,71.000,39.000,39,39,220,220,10659,14737,14787,,4128,,50,,,,,,50
9382,100,598,2,0,0,0x02,4,70,21,42,31.667,70.000,38.333,39,39,220,220,10659,14787,14837,,4178,,50,,,,,,50
9383,100,598,2,0,0,0x02,4,70,21,42,31.667,70.000,38.333,39,39,220,220,10659,14837,14887,,4228,,50,,,,,,50
9384,100,598,2,0,0,0x02,4,70,21,42,31.667,70.000,38.333,39,39,220,220,10659,14887,14937,,4278,,50,,,,,,50
9385,100,598,2,0,0,0x02,4,69,21,42,31.333,69.000,37.667,39,38,220,220,10659,14937,14987,,4328,,50,,,,,,50
9386,100,598,2,0,0,0x02,4,69,21,42,31.333,69.000,37.667,38,38,220,220,10659,14987,15037,,4378,,50,,,,,,50
9387,100,598,2,0,0,0x02,4,69,21,42,31.333,69.000,37.667,38,38,220,220,10659,15037,15087,,4428,,50,,,,,,50
9388,100,598,2,0,0,0x02,4,69,21,42,31.333,69.000,37.667,38,38,220,220,10659,15087,15137,,4478,,50,,,,,,50
9389,100,598,2,0,0,0x02,4,68,21,42,31.000,68.000,37.000,38,37,220,220,10659,15137,15187,,4528,,50,,,,,,50
9390,100,598,2,0,0,0x02,8,67,22,42,32.333,67.000,34.667,37,35,220,220,10659,15187,15237,,4578,,50,,,,,,50
9391,100,598,2,0,0,0x02,4,67,21,41,30.667,67.000,36.333,35,37,220,220,10659,15237,15287,,4628,,50,,,,,,50
9392,100,598,2,0,0,0x02,4,67,21,41,30.667,67.000,36.333,37,37,220,220,10659,15287,15337,,4678,,50,,,,,,50
9393,100,598,2,0,0,0x02,4,66,21,41,30.333,66.000,35.667,37,36,220,220,10659,15337,15387,,4728,,50,,,,,,50
9394,100,598,2,0,0,0x02,4,65,21,41,30.000,65.000,35.000,36,35,220,220,10659,15387,15437,,4778,,50,,,,,,50
9395,100,598,2,0,0,0x02,4,65,21,40,30.000,65.000,35.000,35,35,220,220,10659,15437,15487,,4828,,50,,,,,,50
9396,100,598,2,0,0,0x02,3,64,21,40,29.333,64.000,34.667,35,35,220,220,10659,15487,15537,,4878,,50,,,,,,50
9397,100,598,2,0,0,0x02,4,64,21,40,29.667,64.000,34.333,35,35,220,220,10659,15537,15587,,4928,,50,,,,,,50
9398,100,598,2,0,0,0x02,3,63,21,39,29.000,63.000,34.000,35,34,220,220,10659,15587,15637,,4978,,50,,,,,,50
9399,100,598,2,0,0,0x02,4,62,21,39,29.000,62.000,33.000,34,33,220,220,10659,15637,15687,,5028,,50,,,,,,50
9400,100,598,2,0,0,0x02,3,62,21,39,28.667,62.000,33.333,33,-5,220,220,16723,17737,17787,,1064,,50,,,,,,50
9401,100,599,3,0,0,0x03,0,0,15,0,5.000,0.000,-5.000,-5,-5,220,220,16723,20787,20837,,4114,,50,,,,,,50
9402,100,599,3,0,0,0x03,0,0,15,0,5.000,0.000,-5.000,-5,-5,220,220,16723,20837,20887,,4164,,50,,,,,,50
9403,100,599,3,0,0,0x03,0,0,15,0,5.000,0.000,-5.000,-5,-5,220,220,16723,20887,20937,,4214,,50,,,,,,50
9404,100,599,3,0,0,0x03,0,0,15,0,5.000,0.000,-5.000,-5,-5,220,220,16723,20937,20987,,4264,,50,,,,,,50
9405,100,599,3,0,0,0x03,0,0,15,0,5.000,0.000,-5.000,-5,-5,220,220,16723,20987,21037,,4314,,50,,,,,,50
9406,100,599,3,0,0,0x03,0,0,16,0,5.333,0.000,-5.333,-5,-5,220,220,16723,21037,21087,,4364,,50,,,,,,50
9407,100,599,3,0,0,0x03,0,0,16,0,5.333,0.000,-5.333,-5,-5,220,220,16723,21087,21137,,4414,,50,,,,,,50
9408,100,599,3,0,0,0x03,0,0,16,0,5.333,0.000,-5.333,-5,-5,220,220,16723,21137,21187,,4464,,50,,,,,,50
9409,100,599,3,0,0,0x03,0,0,16,1,5.333,0.000,-5.333,-5,-5,220,220,16723,21187,21237,,4514,,50,,,,,,50
9410,100,599,3,0,0,0x03,0,0,16,1,5.333,0.000,-5.333,-5,-5,220,220,16723,21237,21287,,4564,,50,,,,,,50
9411,100,599,3,0,0,0x03,0,0,16,1,5.333,0.000,-5.333,-5,-5,220,220,16723,21287,21337,,4614,,50,,,,,,50
9412,100,599,3,0,0,0x03,0,0,16,1,5.333,0.000,-5.333,-5,-5,220,220,16723,21337,21387,,4664,,50,,,,,,50
9413,100,599,3,0,0,0x03,0,0,16,2,5.333,0.000,-5.333,-5,-5,220,220,16723,21387,21437,,4714,,50,,,,,,50
9414,100,599,3,0,0,0x03,0,0,16,2,5.333,0.000,-5.333,-5,-5,220,220,16723,21437,21487,,4764,,50,,,,,,50
9415,100,599,3,0,0,0x03,0,0,16,3,5.333,0.000,-5.333,-5,-5,220,220,16723,21487,21537,,4814,,50,,,,,,50
9416,100,600,4,0,0,0x04,0,0,16,23,5.333,16.000,10.667,2,4,220,220,22807,23587,23637,,830,,50,,,,,,50
