sample_index,cycle,capture_step_index,step,closed_loop,zc_event,info_hex,phase_A,phase_B,phase_C,vcom_adc,sw_vcom,floating_phase,bemf_calc,BEMF_prev,BEMF_curr,ccr_target,ccr_current,timestamp_start,timestamp_prev,timestamp_curr,timestamp_zc,sample_duration_us,zc_duration_us,sample_interval_us,interpolation_offset_us,elapsed_since_zc_us,delay_target_us,delay_limited_us,delay_trigger_us,delay_PAR
1,1,1,1,1,0,0x11,17,14,82,50,37.667,82.000,44.333,53,45,220,220,4813,4791,4891,,78,,100,,,,,,50
2,1,1,1,1,0,0x11,17,14,75,47,35.333,75.000,39.667,45,40,220,220,4813,4891,4941,,128,,50,,,,,,50
3,1,1,1,1,0,0x11,16,13,68,44,32.333,68.000,35.667,40,36,220,220,4813,4941,4991,,178,,50,,,,,,50
4,1,1,1,1,0,0x11,16,13,61,41,30.000,61.000,31.000,36,31,220,220,4813,4991,5041,,228,,50,,,,,,50
5,1,1,1,1,0,0x11,15,13,53,38,27.000,53.000,26.000,31,26,220,220,4813,5041,5091,,278,,50,,,,,,50
6,1,1,1,1,0,0x11,15,12,46,35,24.333,46.000,21.667,26,22,220,220,4813,5091,5141,,328,,50,,,,,,50
7,1,1,1,1,0,0x11,14,12,38,33,21.333,38.000,16.667,22,17,220,220,4813,5141,5191,,378,,50,,,,,,50
8,1,2,2,1,0,0x12,10,0,6,5,5.333,0.000,-5.333,-5,-5,220,220,6063,6241,6291,,228,,50,,,,,,50
9,1,2,2,1,0,0x12,10,0,7,9,5.667,0.000,-5.667,-5,-5,220,220,6063,6291,6341,,278,,50,,,,,,50
10,1,2,2,1,0,0x12,11,0,8,12,6.333,0.000,-6.333,-5,-6,220,220,6063,6341,6391,,328,,50,,,,,,50
11,1,2,2,1,0,0x12,11,0,7,14,6.000,0.000,-6.000,-6,-6,220,220,6063,6391,6441,,378,,50,,,,,,50
12,1,2,2,1,0,0x12,12,0,8,17,6.667,0.000,-6.667,-6,-6,220,220,6063,6441,6491,,428,,50,,,,,,50
13,1,2,2,1,0,0x12,12,6,9,20,9.000,6.000,-3.000,-6,-3,220,220,6063,6491,6541,,478,,50,,,,,,50
14,1,2,2,1,1,0x32,13,13,9,23,11.667,13.000,1.333,-3,2,220,220,6063,6541,6591,0,528,59473,50,58995,6591,575,575,575,50
15,1,2,2,1,0,0x12,13,20,9,25,14.000,20.000,6.000,2,6,220,220,6063,6591,6641,,578,,50,,,,,,50
16,1,2,2,1,0,0x12,18,28,10,29,18.667,28.000,9.333,6,10,220,220,6063,6641,6691,,628,,50,,,,,,50
17,1,2,2,1,0,0x12,14,35,10,31,19.667,35.000,15.333,10,16,220,220,6063,6691,6741,,678,,50,,,,,,50
18,1,2,2,1,0,0x12,14,42,11,33,22.333,42.000,19.667,16,20,220,220,6063,6741,6791,,728,,50,,,,,,50
19,1,2,2,1,0,0x12,15,49,11,36,25.000,49.000,24.000,20,24,220,220,6063,6791,6841,,778,,50,,,,,,50
20,1,2,2,1,0,0x12,15,57,11,39,27.667,57.000,29.333,24,30,220,220,6063,6841,6891,,828,,50,,,,,,50
21,1,2,2,1,0,0x12,15,65,12,42,30.667,65.000,34.333,30,35,220,220,6063,6891,6941,,878,,50,,,,,,50
22,1,2,2,1,0,0x12,16,72,13,44,33.667,72.000,38.333,35,39,220,220,6063,6941,6991,,928,,50,,,,,,50
23,1,2,2,1,0,0x12,16,80,13,47,36.333,80.000,43.667,39,44,220,220,6063,6991,7041,,978,,50,,,,,,50
24,1,2,2,1,0,0x12,17,87,13,50,39.000,87.000,48.000,44,48,220,220,6063,7041,7091,,1028,,50,,,,,,50
25,1,2,2,1,0,0x12,17,95,14,53,42.000,95.000,53.000,48,53,220,220,6063,7091,7141,,1078,,50,,,,,,50
26,1,3,3,1,0,0x13,81,14,10,45,35.000,81.000,46.000,53,46,220,220,7188,7141,7241,,53,,100,,,,,,50
27,1,3,3,1,0,0x13,78,15,12,46,35.000,78.000,43.000,46,43,220,220,7188,7241,7291,,103,,50,,,,,,50
28,1,3,3,1,0,0x13,0,5,4,0,3.000,0.000,-3.000,-3,-3,220,220,7188,8291,8341,,1153,,50,,,,,,50
29,1,3,3,1,0,0x13,0,4,4,0,2.667,0.000,-2.667,-3,-2,220,220,7188,8341,8391,,1203,,50,,,,,,50
30,1,4,4,1,0,0x14,9,8,0,2,5.667,0.000,-5.667,-2,-5,220,220,8413,8391,8491,,78,,100,,,,,,50
31,1,4,4,1,0,0x14,9,8,0,4,5.667,0.000,-5.667,-5,-5,220,220,8413,8491,8541,,128,,50,,,,,,50
32,1,4,4,1,0,0x14,9,8,0,7,5.667,0.000,-5.667,-5,-5,220,220,8413,8541,8591,,178,,50,,,,,,50
33,1,4,4,1,0,0x14,10,8,0,9,6.000,0.000,-6.000,-5,-6,220,220,8413,8591,8641,,228,,50,,,,,,50
34,1,4,4,1,0,0x14,15,9,0,13,8.000,0.000,-8.000,-6,-8,220,220,8413,8641,8691,,278,,50,,,,,,50
35,1,4,4,1,0,0x14,11,9,0,15,6.667,0.000,-6.667,-8,-6,220,220,8413,8691,8741,,328,,50,,,,,,50
36,1,4,4,1,0,0x14,11,10,0,18,7.000,0.000,-7.000,-6,-7,220,220,8413,8741,8791,,378,,50,,,,,,50
37,1,4,4,1,0,0x14,11,10,5,21,8.667,5.000,-3.667,-7,-3,220,220,8413,8791,8841,,428,,50,,,,,,50
38,1,4,4,1,1,0x34,12,10,12,23,11.333,12.000,0.667,-3,1,220,220,8413,8841,8891,0,478,57123,50,56695,8891,550,550,550,50
39,1,4,4,1,0,0x14,13,11,19,25,14.333,19.000,4.667,1,5,220,220,8413,8891,8941,,528,,50,,,,,,50
40,1,4,4,1,0,0x14,13,11,26,28,16.667,26.000,9.333,5,10,220,220,8413,8941,8991,,578,,50,,,,,,50
41,1,4,4,1,0,0x14,14,12,33,31,19.667,33.000,13.333,10,14,220,220,8413,8991,9041,,628,,50,,,,,,50
42,1,4,4,1,0,0x14,14,12,40,33,22.000,40.000,18.000,14,18,220,220,8413,9041,9091,,678,,50,,,,,,50
43,1,4,4,1,0,0x14,15,13,48,36,25.333,48.000,22.667,18,23,220,220,8413,9091,9141,,728,,50,,,,,,50
44,1,4,4,1,0,0x14,15,13,55,39,27.667,55.000,27.333,23,28,220,220,8413,9141,9191,,778,,50,,,,,,50
45,1,4,4,1,0,0x14,15,13,62,42,30.000,62.000,32.000,28,32,220,220,8413,9191,9241,,828,,50,,,,,,50
46,1,4,4,1,0,0x14,16,13,70,44,33.000,70.000,37.000,32,37,220,220,8413,9241,9291,,878,,50,,,,,,50
47,1,4,4,1,0,0x14,16,14,77,47,35.667,77.000,41.333,37,42,220,220,8413,9291,9341,,928,,50,,,,,,50
48,1,5,5,1,0,0x15,8,0,6,0,4.667,0.000,-4.667,-5,-4,220,220,9463,10391,10441,,978,,50,,,,,,50
49,1,5,5,1,0,0x15,8,0,5,0,4.333,0.000,-4.333,-4,-4,220,220,9463,10441,10491,,1028,,50,,,,,,50
50,1,5,5,1,0,0x15,8,0,5,0,4.333,0.000,-4.333,-4,-4,220,220,9463,10491,10541,,1078,,50,,,,,,50
51,1,5,5,1,0,0x15,7,0,4,0,3.667,0.000,-3.667,-4,-3,220,220,9463,10541,10591,,1128,,50,,,,,,50
52,1,5,5,1,0,0x15,7,0,4,0,3.667,0.000,-3.667,-3,-3,220,220,9463,10591,10641,,1178,,50,,,,,,50
53,1,5,5,1,0,0x15,11,0,3,0,4.667,0.000,-4.667,-3,-4,220,220,9463,10641,10691,,1228,,50,,,,,,50
54,1,6,6,1,0,0x16,0,6,6,0,4.000,0.000,-4.000,-4,-4,220,220,10713,10691,10791,,78,,100,,,,,,50
55,1,6,6,1,0,0x16,0,7,6,2,4.333,0.000,-4.333,-4,-4,220,220,10713,10791,10841,,128,,50,,,,,,50
56,1,6,6,1,0,0x16,0,7,6,4,4.333,0.000,-4.333,-4,-4,220,220,10713,10841,10891,,178,,50,,,,,,50
57,1,6,6,1,0,0x16,0,8,7,8,5.000,0.000,-5.000,-4,-5,220,220,10713,10891,10941,,228,,50,,,,,,50
58,1,6,6,1,0,0x16,0,9,8,11,5.667,0.000,-5.667,-5,-5,220,220,10713,10941,10991,,278,,50,,,,,,50
59,1,6,6,1,0,0x16,0,9,8,13,5.667,0.000,-5.667,-5,-5,220,220,10713,10991,11041,,328,,50,,,,,,50
60,1,6,6,1,0,0x16,0,9,8,16,5.667,0.000,-5.667,-5,-5,220,220,10713,11041,11091,,378,,50,,,,,,50
61,1,6,6,1,0,0x16,4,10,9,19,7.667,4.000,-3.667,-5,-3,220,220,10713,11091,11141,,428,,50,,,,,,50
62,1,6,6,1,1,0x36,12,10,9,21,10.333,12.000,1.667,-3,2,220,220,10713,11141,11191,0,478,54823,50,54395,11191,550,550,550,50
63,1,6,6,1,0,0x16,18,11,10,24,13.000,18.000,5.000,2,5,220,220,10713,11191,11241,,528,,50,,,,,,50
64,1,6,6,1,0,0x16,26,11,10,27,15.667,26.000,10.333,5,11,220,220,10713,11241,11291,,578,,50,,,,,,50
65,1,6,6,1,0,0x16,33,11,11,30,18.333,33.000,14.667,11,15,220,220,10713,11291,11341,,628,,50,,,,,,50
66,1,6,6,1,0,0x16,40,12,11,32,21.000,40.000,19.000,15,19,220,220,10713,11341,11391,,678,,50,,,,,,50
67,1,6,6,1,0,0x16,47,12,11,35,23.333,47.000,23.667,19,24,220,220,10713,11391,11441,,728,,50,,,,,,50
68,2,7,1,1,0,0x11,11,9,0,11,6.667,0.000,-6.667,-6,-6,220,220,11763,12491,12541,,778,,50,,,,,,50
69,2,7,1,1,0,0x11,10,8,0,7,6.000,0.000,-6.000,-6,-6,220,220,11763,12541,12591,,828,,50,,,,,,50
70,2,7,1,1,0,0x11,10,8,0,5,6.000,0.000,-6.000,-6,-6,220,220,11763,12591,12641,,878,,50,,,,,,50
71,2,7,1,1,0,0x11,9,8,0,2,5.667,0.000,-5.667,-6,-5,220,220,11763,12641,12691,,928,,50,,,,,,50
72,2,7,1,1,0,0x11,13,7,0,0,6.667,0.000,-6.667,-5,-6,220,220,11763,12691,12741,,978,,50,,,,,,50
73,2,7,1,1,0,0x11,8,6,0,0,4.667,0.000,-4.667,-6,-4,220,220,11763,12741,12791,,1028,,50,,,,,,50
74,2,7,1,1,0,0x11,8,6,0,0,4.667,0.000,-4.667,-4,-4,220,220,11763,12791,12841,,1078,,50,,,,,,50
75,2,7,1,1,0,0x11,7,6,0,0,4.333,0.000,-4.333,-4,-4,220,220,11763,12841,12891,,1128,,50,,,,,,50
76,2,8,2,1,0,0x12,13,0,5,0,6.000,0.000,-6.000,-4,-6,220,220,12938,12891,12991,,53,,100,,,,,,50
77,2,8,2,1,0,0x12,10,0,4,0,4.667,0.000,-4.667,-6,-4,220,220,12938,12991,13041,,103,,50,,,,,,50
78,2,8,2,1,0,0x12,9,0,5,0,4.667,0.000,-4.667,-4,-4,220,220,12938,13041,13091,,153,,50,,,,,,50
79,2,8,2,1,0,0x12,10,0,6,2,5.333,0.000,-5.333,-4,-5,220,220,12938,13091,13141,,203,,50,,,,,,50
80,2,8,2,1,0,0x12,10,0,6,4,5.333,0.000,-5.333,-5,-5,220,220,12938,13141,13191,,253,,50,,,,,,50
81,2,8,2,1,0,0x12,10,0,6,7,5.333,0.000,-5.333,-5,-5,220,220,12938,13191,13241,,303,,50,,,,,,50
82,2,8,2,1,0,0x12,11,0,7,10,6.000,0.000,-6.000,-5,-6,220,220,12938,13241,13291,,353,,50,,,,,,50
83,2,8,2,1,0,0x12,11,0,7,13,6.000,0.000,-6.000,-6,-6,220,220,12938,13291,13341,,403,,50,,,,,,50
84,2,8,2,1,0,0x12,12,0,8,16,6.667,0.000,-6.667,-6,-6,220,220,12938,13341,13391,,453,,50,,,,,,50
85,2,8,2,1,0,0x12,12,2,8,18,7.333,2.000,-5.333,-6,-5,220,220,12938,13391,13441,,503,,50,,,,,,50
86,2,8,2,1,0,0x12,13,8,9,21,10.000,8.000,-2.000,-5,-2,220,220,12938,13441,13491,,553,,50,,,,,,50
87,2,8,2,1,1,0x32,13,16,9,23,12.667,16.000,3.333,-2,4,220,220,12938,13491,13541,0,603,52598,50,52045,13541,600,600,600,50
88,2,9,3,1,0,0x13,16,11,9,23,12.000,16.000,4.000,9,4,220,220,14163,14591,14641,,478,,50,,,,,,50
89,2,9,3,1,0,0x13,12,10,9,21,10.333,12.000,1.667,4,2,220,220,14163,14641,14691,,528,,50,,,,,,50
90,2,9,3,1,1,0x33,1,10,8,17,6.333,1.000,-5.333,2,-5,220,220,14163,14691,14741,0,578,51373,50,50845,14741,600,600,600,50
91,2,9,3,1,0,0x13,0,9,8,15,5.667,0.000,-5.667,-5,-5,220,220,14163,14741,14791,,628,,50,,,,,,50
92,2,9,3,1,0,0x13,0,9,8,12,5.667,0.000,-5.667,-5,-5,220,220,14163,14791,14841,,678,,50,,,,,,50
93,2,9,3,1,0,0x13,0,9,7,9,5.333,0.000,-5.333,-5,-5,220,220,14163,14841,14891,,728,,50,,,,,,50
94,2,9,3,1,0,0x13,0,8,7,6,5.000,0.000,-5.000,-5,-5,220,220,14163,14891,14941,,778,,50,,,,,,50
95,2,9,3,1,0,0x13,0,8,6,3,4.667,0.000,-4.667,-5,-4,220,220,14163,14941,14991,,828,,50,,,,,,50
96,2,9,3,1,0,0x13,0,7,6,1,4.333,0.000,-4.333,-4,-4,220,220,14163,14991,15041,,878,,50,,,,,,50
97,2,9,3,1,0,0x13,0,6,6,0,4.000,0.000,-4.000,-4,-4,220,220,14163,15041,15091,,928,,50,,,,,,50
98,2,9,3,1,0,0x13,0,6,5,0,3.667,0.000,-3.667,-4,-3,220,220,14163,15091,15141,,978,,50,,,,,,50
99,2,9,3,1,0,0x13,0,5,4,0,3.000,0.000,-3.000,-3,-3,220,220,14163,15141,15191,,1028,,50,,,,,,50
100,2,9,3,1,0,0x13,0,5,4,0,3.000,0.000,-3.000,-3,-3,220,220,14163,15191,15241,,1078,,50,,,,,,50
101,2,9,3,1,0,0x13,0,4,4,0,2.667,0.000,-2.667,-3,-2,220,220,14163,15241,15291,,1128,,50,,,,,,50
102,2,9,3,1,0,0x13,0,4,3,0,2.333,0.000,-2.333,-2,-2,220,220,14163,15291,15341,,1178,,50,,,,,,50
103,2,10,4,1,0,0x14,9,8,0,1,5.667,0.000,-5.667,-2,-5,220,220,15363,15341,15441,,78,,100,,,,,,50
104,2,10,4,1,0,0x14,9,8,0,4,5.667,0.000,-5.667,-5,-5,220,220,15363,15441,15491,,128,,50,,,,,,50
105,2,10,4,1,0,0x14,10,8,0,7,6.000,0.000,-6.000,-5,-6,220,220,15363,15491,15541,,178,,50,,,,,,50
106,2,10,4,1,0,0x14,10,8,0,10,6.000,0.000,-6.000,-6,-6,220,220,15363,15541,15591,,228,,50,,,,,,50
107,2,10,4,1,0,0x14,10,9,0,13,6.333,0.000,-6.333,-6,-6,220,220,15363,15591,15641,,278,,50,,,,,,50
108,2,11,5,1,0,0x15,14,41,11,33,22.000,41.000,19.000,23,19,220,220,16413,16691,16741,,328,,50,,,,,,50
109,2,11,5,1,0,0x15,14,33,10,30,19.000,33.000,14.000,19,14,220,220,16413,16741,16791,,378,,50,,,,,,50
110,2,11,5,1,0,0x15,13,26,10,27,16.333,26.000,9.667,14,10,220,220,16413,16791,16841,,428,,50,,,,,,50
111,2,11,5,1,0,0x15,13,19,10,25,14.000,19.000,5.000,10,5,220,220,16413,16841,16891,,478,,50,,,,,,50
112,2,11,5,1,0,0x15,12,12,9,22,11.000,12.000,1.000,5,1,220,220,16413,16891,16941,,528,,50,,,,,,50
113,2,11,5,1,1,0x35,12,6,9,20,9.000,6.000,-3.000,1,-3,220,220,16413,16941,16991,0,578,49123,50,48595,16991,575,575,575,50
114,2,11,5,1,0,0x15,11,0,9,17,6.667,0.000,-6.667,-3,-6,220,220,16413,16991,17041,,628,,50,,,,,,50
115,2,11,5,1,0,0x15,11,0,8,14,6.333,0.000,-6.333,-6,-6,220,220,16413,17041,17091,,678,,50,,,,,,50
116,2,11,5,1,0,0x15,11,0,8,12,6.333,0.000,-6.333,-6,-6,220,220,16413,17091,17141,,728,,50,,,,,,50
117,2,11,5,1,0,0x15,10,0,7,9,5.667,0.000,-5.667,-6,-5,220,220,16413,17141,17191,,778,,50,,,,,,50
118,2,11,5,1,0,0x15,10,0,7,7,5.667,0.000,-5.667,-5,-5,220,220,16413,17191,17241,,828,,50,,,,,,50
119,2,11,5,1,0,0x15,9,0,7,3,5.333,0.000,-5.333,-5,-5,220,220,16413,17241,17291,,878,,50,,,,,,50
120,2,11,5,1,0,0x15,9,0,6,1,5.000,0.000,-5.000,-5,-5,220,220,16413,17291,17341,,928,,50,,,,,,50
121,2,11,5,1,0,0x15,8,0,6,0,4.667,0.000,-4.667,-5,-4,220,220,16413,17341,17391,,978,,50,,,,,,50
122,2,11,5,1,0,0x15,8,0,5,0,4.333,0.000,-4.333,-4,-4,220,220,16413,17391,17441,,1028,,50,,,,,,50
123,2,11,5,1,0,0x15,7,0,4,0,3.667,0.000,-3.667,-4,-3,220,220,16413,17441,17491,,1078,,50,,,,,,50
124,2,11,5,1,0,0x15,7,0,4,0,3.667,0.000,-3.667,-3,-3,220,220,16413,17491,17541,,1128,,50,,,,,,50
125,2,12,6,1,0,0x16,0,7,8,0,5.000,0.000,-5.000,-3,-5,220,220,17588,17541,17641,,53,,100,,,,,,50
126,2,12,6,1,0,0x16,0,6,6,0,4.000,0.000,-4.000,-5,-4,220,220,17588,17641,17691,,103,,50,,,,,,50
127,2,12,6,1,0,0x16,0,6,7,0,4.333,0.000,-4.333,-4,-4,220,220,17588,17691,17741,,153,,50,,,,,,50
128,3,13,1,1,0,0x11,17,14,72,46,34.333,72.000,37.667,44,38,220,220,18738,18791,18841,,103,,50,,,,,,50
129,3,13,1,1,0,0x11,17,13,64,43,31.333,64.000,32.667,38,33,220,220,18738,18841,18891,,153,,50,,,,,,50
130,3,13,1,1,0,0x11,16,14,56,40,28.667,56.000,27.333,33,28,220,220,18738,18891,18941,,203,,50,,,,,,50
131,3,13,1,1,0,0x11,15,12,48,36,25.000,48.000,23.000,28,23,220,220,18738,18941,18991,,253,,50,,,,,,50
132,3,13,1,1,0,0x11,14,12,40,34,22.000,40.000,18.000,23,18,220,220,18738,18991,19041,,303,,50,,,,,,50
133,3,13,1,1,0,0x11,14,11,33,31,19.333,33.000,13.667,18,14,220,220,18738,19041,19091,,353,,50,,,,,,50
134,3,13,1,1,0,0x11,14,11,26,28,17.000,26.000,9.000,14,9,220,220,18738,19091,19141,,403,,50,,,,,,50
135,3,13,1,1,0,0x11,13,11,19,26,14.333,19.000,4.667,9,5,220,220,18738,19141,19191,,453,,50,,,,,,50
136,3,13,1,1,0,0x11,13,11,12,23,12.000,12.000,0.000,5,0,220,220,18738,19191,19241,,503,,50,,,,,,50
137,3,13,1,1,1,0x31,12,10,5,21,9.000,5.000,-4.000,0,-4,220,220,18738,19241,19291,0,553,46798,50,46295,19291,575,575,575,50
138,3,13,1,1,0,0x11,12,10,0,18,7.333,0.000,-7.333,-4,-7,220,220,18738,19291,19341,,603,,50,,,,,,50
139,3,13,1,1,0,0x11,12,9,0,15,7.000,0.000,-7.000,-7,-7,220,220,18738,19341,19391,,653,,50,,,,,,50
140,3,13,1,1,0,0x11,12,9,0,12,7.000,0.000,-7.000,-7,-7,220,220,18738,19391,19441,,703,,50,,,,,,50
141,3,13,1,1,0,0x11,11,8,0,10,6.333,0.000,-6.333,-7,-6,220,220,18738,19441,19491,,753,,50,,,,,,50
142,3,13,1,1,0,0x11,10,7,0,7,5.667,0.000,-5.667,-6,-5,220,220,18738,19491,19541,,803,,50,,,,,,50
143,3,13,1,1,0,0x11,9,7,0,4,5.333,0.000,-5.333,-5,-5,220,220,18738,19541,19591,,853,,50,,,,,,50
144,3,13,1,1,0,0x11,9,7,0,1,5.333,0.000,-5.333,-5,-5,220,220,18738,19591,19641,,903,,50,,,,,,50
145,3,13,1,1,0,0x11,13,7,0,0,6.667,0.000,-6.667,-5,-6,220,220,18738,19641,19691,,953,,50,,,,,,50
146,3,13,1,1,0,0x11,8,6,0,0,4.667,0.000,-4.667,-6,-4,220,220,18738,19691,19741,,1003,,50,,,,,,50
147,3,13,1,1,0,0x11,8,6,0,0,4.667,0.000,-4.667,-4,-4,220,220,18738,19741,19791,,1053,,50,,,,,,50
148,3,14,2,1,0,0x12,17,82,13,48,37.333,82.000,44.667,40,45,220,220,19888,20841,20891,,1003,,50,,,,,,50
149,3,14,2,1,0,0x12,17,90,13,51,40.000,90.000,50.000,45,50,220,220,19888,20891,20941,,1053,,50,,,,,,50
150,3,14,2,1,0,0x12,17,97,14,53,42.667,97.000,54.333,50,55,220,220,19888,20941,20991,,1103,,50,,,,,,50
151,3,15,3,1,0,0x13,82,14,10,46,35.333,82.000,46.667,55,47,220,220,21038,20991,21091,,53,,100,,,,,,50
152,3,15,3,1,0,0x13,79,16,12,46,35.667,79.000,43.333,47,44,220,220,21038,21091,21141,,103,,50,,,,,,50
153,3,15,3,1,0,0x13,71,15,12,44,32.667,71.000,38.333,44,39,220,220,21038,21141,21191,,153,,50,,,,,,50
154,3,15,3,1,0,0x13,63,14,12,40,29.667,63.000,33.333,39,34,220,220,21038,21191,21241,,203,,50,,,,,,50
155,3,15,3,1,0,0x13,55,13,11,38,26.333,55.000,28.667,34,29,220,220,21038,21241,21291,,253,,50,,,,,,50
156,3,15,3,1,0,0x13,47,13,11,34,23.667,47.000,23.333,29,24,220,220,21038,21291,21341,,303,,50,,,,,,50
157,3,15,3,1,0,0x13,40,12,10,32,20.667,40.000,19.333,24,20,220,220,21038,21341,21391,,353,,50,,,,,,50
158,3,15,3,1,0,0x13,32,12,10,29,18.000,32.000,14.000,20,14,220,220,21038,21391,21441,,403,,50,,,,,,50
159,3,15,3,1,0,0x13,24,11,9,26,14.667,24.000,9.333,14,10,220,220,21038,21441,21491,,453,,50,,,,,,50
160,3,15,3,1,0,0x13,18,11,10,23,13.000,18.000,5.000,10,5,220,220,21038,21491,21541,,503,,50,,,,,,50
161,3,15,3,1,0,0x13,11,11,9,21,10.333,11.000,0.667,5,1,220,220,21038,21541,21591,,553,,50,,,,,,50
162,3,15,3,1,1,0x33,4,10,8,19,7.333,4.000,-3.333,1,-3,220,220,21038,21591,21641,0,603,44498,50,43945,21641,600,600,600,50
163,3,15,3,1,0,0x13,1,10,8,17,6.333,1.000,-5.333,-3,-5,220,220,21038,21641,21691,,653,,50,,,,,,50
164,3,15,3,1,0,0x13,0,9,8,13,5.667,0.000,-5.667,-5,-5,220,220,21038,21691,21741,,703,,50,,,,,,50
165,3,15,3,1,0,0x13,0,9,7,10,5.333,0.000,-5.333,-5,-5,220,220,21038,21741,21791,,753,,50,,,,,,50
166,3,15,3,1,0,0x13,0,8,7,7,5.000,0.000,-5.000,-5,-5,220,220,21038,21791,21841,,803,,50,,,,,,50
167,3,15,3,1,0,0x13,0,8,6,5,4.667,0.000,-4.667,-5,-4,220,220,21038,21841,21891,,853,,50,,,,,,50
168,3,16,4,1,0,0x14,14,12,46,36,24.000,46.000,22.000,18,22,220,220,22263,22941,22991,,728,,50,,,,,,50
169,3,16,4,1,0,0x14,15,13,54,39,27.333,54.000,26.667,22,27,220,220,22263,22991,23041,,778,,50,,,,,,50
170,3,16,4,1,0,0x14,15,13,61,41,29.667,61.000,31.333,27,32,220,220,22263,23041,23091,,828,,50,,,,,,50
171,3,16,4,1,0,0x14,16,13,68,44,32.333,68.000,35.667,32,36,220,220,22263,23091,23141,,878,,50,,,,,,50
172,3,16,4,1,0,0x14,16,14,75,47,35.000,75.000,40.000,36,40,220,220,22263,23141,23191,,928,,50,,,,,,50
173,3,16,4,1,0,0x14,16,14,83,49,37.667,83.000,45.333,40,46,220,220,22263,23191,23241,,978,,50,,,,,,50
174,3,16,4,1,0,0x14,17,15,90,52,40.667,90.000,49.333,46,50,220,220,22263,23241,23291,,1028,,50,,,,,,50
175,3,16,4,1,0,0x14,17,15,98,55,43.333,98.000,54.667,50,55,220,220,22263,23291,23341,,1078,,50,,,,,,50
176,3,17,5,1,0,0x15,12,75,13,44,33.333,75.000,41.667,55,42,220,220,23388,23341,23441,,53,,100,,,,,,50
177,3,17,5,1,0,0x15,15,70,14,44,33.000,70.000,37.000,42,37,220,220,23388,23441,23491,,103,,50,,,,,,50
178,3,17,5,1,0,0x15,16,61,13,41,30.000,61.000,31.000,37,31,220,220,23388,23491,23541,,153,,50,,,,,,50
179,3,17,5,1,0,0x15,15,53,12,38,26.667,53.000,26.333,31,27,220,220,23388,23541,23591,,203,,50,,,,,,50
180,3,17,5,1,0,0x15,14,45,11,35,23.333,45.000,21.667,27,22,220,220,23388,23591,23641,,253,,50,,,,,,50
181,3,17,5,1,0,0x15,18,37,11,32,22.000,37.000,15.000,22,15,220,220,23388,23641,23691,,303,,50,,,,,,50
182,3,17,5,1,0,0x15,13,30,10,29,17.667,30.000,12.333,15,13,220,220,23388,23691,23741,,353,,50,,,,,,50
183,3,17,5,1,0,0x15,13,23,10,27,15.333,23.000,7.667,13,8,220,220,23388,23741,23791,,403,,50,,,,,,50
184,3,17,5,1,0,0x15,12,16,10,24,12.667,16.000,3.333,8,4,220,220,23388,23791,23841,,453,,50,,,,,,50
185,3,17,5,1,0,0x15,12,10,9,21,10.333,10.000,-0.333,4,0,220,220,23388,23841,23891,,503,,50,,,,,,50
186,3,17,5,1,1,0x35,12,3,8,19,7.667,3.000,-4.667,0,-4,220,220,23388,23891,23941,0,553,42148,50,41645,23941,575,575,575,50
187,3,17,5,1,0,0x15,11,0,8,16,6.333,0.000,-6.333,-4,-6,220,220,23388,23941,23991,,603,,50,,,,,,50
188,3,18,6,1,0,0x16,19,10,10,24,13.000,19.000,6.000,3,6,220,220,24538,25041,25091,,553,,50,,,,,,50
189,3,18,6,1,0,0x16,27,11,10,27,16.000,27.000,11.000,6,11,220,220,24538,25091,25141,,603,,50,,,,,,50
190,3,18,6,1,0,0x16,34,11,10,29,18.333,34.000,15.667,11,16,220,220,24538,25141,25191,,653,,50,,,,,,50
191,3,18,6,1,0,0x16,41,12,11,33,21.333,41.000,19.667,16,20,220,220,24538,25191,25241,,703,,50,,,,,,50
192,3,18,6,1,0,0x16,49,12,11,36,24.000,49.000,25.000,20,25,220,220,24538,25241,25291,,753,,50,,,,,,50
193,3,18,6,1,0,0x16,56,13,12,38,27.000,56.000,29.000,25,29,220,220,24538,25291,25341,,803,,50,,,,,,50
194,3,18,6,1,0,0x16,63,13,12,41,29.333,63.000,33.667,29,34,220,220,24538,25341,25391,,853,,50,,,,,,50
195,3,18,6,1,0,0x16,70,14,12,43,32.000,70.000,38.000,34,38,220,220,24538,25391,25441,,903,,50,,,,,,50
196,3,18,6,1,0,0x16,77,14,13,46,34.667,77.000,42.333,38,43,220,220,24538,25441,25491,,953,,50,,,,,,50
197,3,18,6,1,0,0x16,84,14,13,49,37.000,84.000,47.000,43,47,220,220,24538,25491,25541,,1003,,50,,,,,,50
198,3,18,6,1,0,0x16,91,15,13,51,39.667,91.000,51.333,47,52,220,220,24538,25541,25591,,1053,,50,,,,,,50
199,4,19,1,1,0,0x11,22,15,84,51,40.333,84.000,43.667,52,44,220,220,25613,25591,25691,,78,,100,,,,,,50
200,4,19,1,1,0,0x11,16,14,77,47,35.667,77.000,41.333,44,42,220,220,25613,25691,25741,,128,,50,,,,,,50
201,4,19,1,1,0,0x11,16,14,70,45,33.333,70.000,36.667,42,37,220,220,25613,25741,25791,,178,,50,,,,,,50
202,4,19,1,1,0,0x11,16,13,62,42,30.333,62.000,31.667,37,32,220,220,25613,25791,25841,,228,,50,,,,,,50
203,4,19,1,1,0,0x11,16,13,55,39,28.000,55.000,27.000,32,27,220,220,25613,25841,25891,,278,,50,,,,,,50
204,4,19,1,1,0,0x11,15,12,47,36,24.667,47.000,22.333,27,23,220,220,25613,25891,25941,,328,,50,,,,,,50
205,4,19,1,1,0,0x11,14,12,39,33,21.667,39.000,17.333,23,18,220,220,25613,25941,25991,,378,,50,,,,,,50
206,4,19,1,1,0,0x11,14,12,32,30,19.333,32.000,12.667,18,13,220,220,25613,25991,26041,,428,,50,,,,,,50
207,4,19,1,1,0,0x11,14,11,25,28,16.667,25.000,8.333,13,9,220,220,25613,26041,26091,,478,,50,,,,,,50
208,4,20,2,1,0,0x12,11,0,8,13,6.333,0.000,-6.333,-5,-6,220,220,26863,27141,27191,,328,,50,,,,,,50
209,4,20,2,1,0,0x12,11,0,8,16,6.333,0.000,-6.333,-6,-6,220,220,26863,27191,27241,,378,,50,,,,,,50
210,4,20,2,1,0,0x12,12,2,9,18,7.667,2.000,-5.667,-6,-5,220,220,26863,27241,27291,,428,,50,,,,,,50
211,4,20,2,1,0,0x12,13,8,9,21,10.000,8.000,-2.000,-5,-2,220,220,26863,27291,27341,,478,,50,,,,,,50
212,4,20,2,1,1,0x32,13,16,9,24,12.667,16.000,3.333,-2,4,220,220,26863,27341,27391,0,528,38673,50,38195,27391,575,575,575,50
213,4,20,2,1,0,0x12,13,23,9,26,15.000,23.000,8.000,4,8,220,220,26863,27391,27441,,578,,50,,,,,,50
214,4,20,2,1,0,0x12,14,30,10,29,18.000,30.000,12.000,8,12,220,220,26863,27441,27491,,628,,50,,,,,,50
215,4,20,2,1,0,0x12,15,37,11,31,21.000,37.000,16.000,12,16,220,220,26863,27491,27541,,678,,50,,,,,,50
216,4,20,2,1,0,0x12,14,44,11,34,23.000,44.000,21.000,16,21,220,220,26863,27541,27591,,728,,50,,,,,,50
217,4,20,2,1,0,0x12,15,52,11,37,26.000,52.000,26.000,21,26,220,220,26863,27591,27641,,778,,50,,,,,,50
218,4,20,2,1,0,0x12,20,59,12,40,30.333,59.000,28.667,26,29,220,220,26863,27641,27691,,828,,50,,,,,,50
219,4,20,2,1,0,0x12,16,67,12,43,31.667,67.000,35.333,29,36,220,220,26863,27691,27741,,878,,50,,,,,,50
220,4,20,2,1,0,0x12,16,74,12,45,34.000,74.000,40.000,36,40,220,220,26863,27741,27791,,928,,50,,,,,,50
221,4,20,2,1,0,0x12,17,82,13,48,37.333,82.000,44.667,40,45,220,220,26863,27791,27841,,978,,50,,,,,,50
222,4,20,2,1,0,0x12,17,90,13,51,40.000,90.000,50.000,45,50,220,220,26863,27841,27891,,1028,,50,,,,,,50
223,4,20,2,1,0,0x12,17,98,14,54,43.000,98.000,55.000,50,55,220,220,26863,27891,27941,,1078,,50,,,,,,50
224,4,21,3,1,0,0x13,78,13,10,44,33.667,78.000,44.333,55,45,220,220,27988,27941,28041,,53,,100,,,,,,50
225,4,21,3,1,0,0x13,74,15,12,45,33.667,74.000,40.333,45,41,220,220,27988,28041,28091,,103,,50,,,,,,50
226,4,21,3,1,0,0x13,67,15,12,42,31.333,67.000,35.667,41,36,220,220,27988,28091,28141,,153,,50,,,,,,50
227,4,21,3,1,0,0x13,58,14,12,39,28.000,58.000,30.000,36,30,220,220,27988,28141,28191,,203,,50,,,,,,50
228,4,22,4,1,0,0x14,9,8,0,2,5.667,0.000,-5.667,-5,-5,220,220,29138,29241,29291,,153,,50,,,,,,50
229,4,22,4,1,0,0x14,10,8,0,4,6.000,0.000,-6.000,-5,-6,220,220,29138,29291,29341,,203,,50,,,,,,50
230,4,22,4,1,0,0x14,10,8,0,7,6.000,0.000,-6.000,-6,-6,220,220,29138,29341,29391,,253,,50,,,,,,50
231,4,22,4,1,0,0x14,10,9,0,10,6.333,0.000,-6.333,-6,-6,220,220,29138,29391,29441,,303,,50,,,,,,50
232,4,22,4,1,0,0x14,11,9,0,13,6.667,0.000,-6.667,-6,-6,220,220,29138,29441,29491,,353,,50,,,,,,50
233,4,22,4,1,0,0x14,11,10,0,16,7.000,0.000,-7.000,-6,-7,220,220,29138,29491,29541,,403,,50,,,,,,50
234,4,22,4,1,0,0x14,11,10,0,18,7.000,0.000,-7.000,-7,-7,220,220,29138,29541,29591,,453,,50,,,,,,50
235,4,22,4,1,0,0x14,12,10,7,21,9.667,7.000,-2.667,-7,-2,220,220,29138,29591,29641,,503,,50,,,,,,50
236,4,22,4,1,0,0x14,17,11,13,23,13.667,13.000,-0.667,-2,0,220,220,29138,29641,29691,,553,,50,,,,,,50
237,4,22,4,1,1,0x34,13,11,20,26,14.667,20.000,5.333,0,6,220,220,29138,29691,29741,0,603,36398,50,35845,29741,600,600,600,50
238,4,22,4,1,0,0x14,13,11,27,28,17.000,27.000,10.000,6,10,220,220,29138,29741,29791,,653,,50,,,,,,50
239,4,22,4,1,0,0x14,13,12,34,31,19.667,34.000,14.333,10,15,220,220,29138,29791,29841,,703,,50,,,,,,50
240,4,22,4,1,0,0x14,14,12,41,33,22.333,41.000,18.667,15,19,220,220,29138,29841,29891,,753,,50,,,,,,50
241,4,22,4,1,0,0x14,14,13,49,36,25.333,49.000,23.667,19,24,220,220,29138,29891,29941,,803,,50,,,,,,50
242,4,22,4,1,0,0x14,15,13,56,39,28.000,56.000,28.000,24,28,220,220,29138,29941,29991,,853,,50,,,,,,50
243,4,22,4,1,0,0x14,15,13,63,42,30.333,63.000,32.667,28,33,220,220,29138,29991,30041,,903,,50,,,,,,50
244,4,22,4,1,0,0x14,16,14,71,45,33.667,71.000,37.333,33,38,220,220,29138,30041,30091,,953,,50,,,,,,50
245,4,22,4,1,0,0x14,16,14,78,48,36.000,78.000,42.000,38,42,220,220,29138,30091,30141,,1003,,50,,,,,,50
246,4,22,4,1,0,0x14,16,14,86,50,38.667,86.000,47.333,42,48,220,220,29138,30141,30191,,1053,,50,,,,,,50
247,4,22,4,1,0,0x14,17,15,93,53,41.667,93.000,51.333,48,52,220,220,29138,30191,30241,,1103,,50,,,,,,50
248,4,23,5,1,0,0x15,7,0,4,0,3.667,0.000,-3.667,-4,-3,220,220,30363,31291,31341,,978,,50,,,,,,50
249,4,23,5,1,0,0x15,7,0,4,0,3.667,0.000,-3.667,-3,-3,220,220,30363,31341,31391,,1028,,50,,,,,,50
250,4,24,6,1,0,0x16,0,6,5,0,3.667,0.000,-3.667,-3,-3,220,220,31413,31391,31491,,78,,100,,,,,,50
251,4,24,6,1,0,0x16,0,7,5,0,4.000,0.000,-4.000,-3,-4,220,220,31413,31491,31541,,128,,50,,,,,,50
252,4,24,6,1,0,0x16,0,7,6,1,4.333,0.000,-4.333,-4,-4,220,220,31413,31541,31591,,178,,50,,,,,,50
253,4,24,6,1,0,0x16,0,7,6,3,4.333,0.000,-4.333,-4,-4,220,220,31413,31591,31641,,228,,50,,,,,,50
254,4,24,6,1,0,0x16,0,8,7,6,5.000,0.000,-5.000,-4,-5,220,220,31413,31641,31691,,278,,50,,,,,,50
255,4,24,6,1,0,0x16,0,8,7,9,5.000,0.000,-5.000,-5,-5,220,220,31413,31691,31741,,328,,50,,,,,,50
256,4,24,6,1,0,0x16,0,9,8,12,5.667,0.000,-5.667,-5,-5,220,220,31413,31741,31791,,378,,50,,,,,,50
257,4,24,6,1,0,0x16,0,9,8,15,5.667,0.000,-5.667,-5,-5,220,220,31413,31791,31841,,428,,50,,,,,,50
258,4,24,6,1,0,0x16,1,9,9,17,6.333,1.000,-5.333,-5,-5,220,220,31413,31841,31891,,478,,50,,,,,,50
259,4,24,6,1,0,0x16,7,10,9,20,8.667,7.000,-1.667,-5,-1,220,220,31413,31891,31941,,528,,50,,,,,,50
260,4,24,6,1,1,0x36,15,11,9,23,11.667,15.000,3.333,-1,4,220,220,31413,31941,31991,0,578,34123,50,33595,31991,575,575,575,50
261,4,24,6,1,0,0x16,22,11,10,26,14.333,22.000,7.667,4,8,220,220,31413,31991,32041,,628,,50,,,,,,50
262,4,24,6,1,0,0x16,30,11,10,28,17.000,30.000,13.000,8,13,220,220,31413,32041,32091,,678,,50,,,,,,50
263,4,24,6,1,0,0x16,37,12,11,31,20.000,37.000,17.000,13,17,220,220,31413,32091,32141,,728,,50,,,,,,50
264,4,24,6,1,0,0x16,45,12,11,34,22.667,45.000,22.333,17,23,220,220,31413,32141,32191,,778,,50,,,,,,50
265,4,24,6,1,0,0x16,53,13,11,37,25.667,53.000,27.333,23,28,220,220,31413,32191,32241,,828,,50,,,,,,50
266,4,24,6,1,0,0x16,60,13,12,39,28.333,60.000,31.667,28,32,220,220,31413,32241,32291,,878,,50,,,,,,50
267,4,24,6,1,0,0x16,67,13,12,42,30.667,67.000,36.333,32,37,220,220,31413,32291,32341,,928,,50,,,,,,50
268,5,25,1,1,0,0x11,10,7,0,4,5.667,0.000,-5.667,-6,-5,220,220,32588,33391,33441,,853,,50,,,,,,50
269,5,25,1,1,0,0x11,9,7,0,1,5.333,0.000,-5.333,-5,-5,220,220,32588,33441,33491,,903,,50,,,,,,50
270,5,25,1,1,0,0x11,9,7,0,0,5.333,0.000,-5.333,-5,-5,220,220,32588,33491,33541,,953,,50,,,,,,50
271,5,25,1,1,0,0x11,8,6,0,0,4.667,0.000,-4.667,-5,-4,220,220,32588,33541,33591,,1003,,50,,,,,,50
272,5,25,1,1,0,0x11,8,6,0,0,4.667,0.000,-4.667,-4,-4,220,220,32588,33591,33641,,1053,,50,,,,,,50
273,5,25,1,1,0,0x11,11,5,0,0,5.333,0.000,-5.333,-4,-5,220,220,32588,33641,33691,,1103,,50,,,,,,50
274,5,26,2,1,0,0x12,13,0,5,0,6.000,0.000,-6.000,-5,-6,220,220,33738,33691,33791,,53,,100,,,,,,50
275,5,26,2,1,0,0x12,9,0,4,0,4.333,0.000,-4.333,-6,-4,220,220,33738,33791,33841,,103,,50,,,,,,50
276,5,26,2,1,0,0x12,9,0,5,0,4.667,0.000,-4.667,-4,-4,220,220,33738,33841,33891,,153,,50,,,,,,50
277,5,26,2,1,0,0x12,9,0,6,2,5.000,0.000,-5.000,-4,-5,220,220,33738,33891,33941,,203,,50,,,,,,50
278,5,26,2,1,0,0x12,10,0,6,5,5.333,0.000,-5.333,-5,-5,220,220,33738,33941,33991,,253,,50,,,,,,50
279,5,26,2,1,0,0x12,10,0,6,8,5.333,0.000,-5.333,-5,-5,220,220,33738,33991,34041,,303,,50,,,,,,50
280,5,26,2,1,0,0x12,10,0,7,11,5.667,0.000,-5.667,-5,-5,220,220,33738,34041,34091,,353,,50,,,,,,50
281,5,26,2,1,0,0x12,11,0,7,13,6.000,0.000,-6.000,-5,-6,220,220,33738,34091,34141,,403,,50,,,,,,50
282,5,26,2,1,0,0x12,12,0,8,17,6.667,0.000,-6.667,-6,-6,220,220,33738,34141,34191,,453,,50,,,,,,50
283,5,26,2,1,0,0x12,12,3,9,19,8.000,3.000,-5.000,-6,-5,220,220,33738,34191,34241,,503,,50,,,,,,50
284,5,26,2,1,0,0x12,13,10,9,21,10.667,10.000,-0.667,-5,0,220,220,33738,34241,34291,,553,,50,,,,,,50
285,5,26,2,1,1,0x32,13,17,9,24,13.000,17.000,4.000,0,4,220,220,33738,34291,34341,0,603,31798,50,31245,34341,600,600,600,50
286,5,26,2,1,0,0x12,13,25,10,27,16.000,25.000,9.000,4,9,220,220,33738,34341,34391,,653,,50,,,,,,50
287,5,26,2,1,0,0x12,14,32,10,30,18.667,32.000,13.333,9,14,220,220,33738,34391,34441,,703,,50,,,,,,50
288,5,27,3,1,0,0x13,0,10,8,16,6.000,0.000,-6.000,-3,-6,220,220,34963,35491,35541,,578,,50,,,,,,50
289,5,27,3,1,0,0x13,0,9,8,13,5.667,0.000,-5.667,-6,-5,220,220,34963,35541,35591,,628,,50,,,,,,50
290,5,27,3,1,0,0x13,0,9,7,10,5.333,0.000,-5.333,-5,-5,220,220,34963,35591,35641,,678,,50,,,,,,50
291,5,27,3,1,0,0x13,0,8,7,8,5.000,0.000,-5.000,-5,-5,220,220,34963,35641,35691,,728,,50,,,,,,50
292,5,27,3,1,0,0x13,0,8,7,5,5.000,0.000,-5.000,-5,-5,220,220,34963,35691,35741,,778,,50,,,,,,50
293,5,27,3,1,0,0x13,0,7,6,2,4.333,0.000,-4.333,-5,-4,220,220,34963,35741,35791,,828,,50,,,,,,50
294,5,27,3,1,0,0x13,0,7,5,0,4.000,0.000,-4.000,-4,-4,220,220,34963,35791,35841,,878,,50,,,,,,50
295,5,27,3,1,0,0x13,0,7,5,0,4.000,0.000,-4.000,-4,-4,220,220,34963,35841,35891,,928,,50,,,,,,50
296,5,27,3,1,0,0x13,0,5,5,0,3.333,0.000,-3.333,-4,-3,220,220,34963,35891,35941,,978,,50,,,,,,50
297,5,27,3,1,0,0x13,0,6,4,0,3.333,0.000,-3.333,-3,-3,220,220,34963,35941,35991,,1028,,50,,,,,,50
298,5,27,3,1,0,0x13,0,4,4,0,2.667,0.000,-2.667,-3,-2,220,220,34963,35991,36041,,1078,,50,,,,,,50
299,5,28,4,1,0,0x14,11,10,0,1,7.000,0.000,-7.000,-2,-7,220,220,36088,36041,36141,,53,,100,,,,,,50
300,5,28,4,1,0,0x14,8,8,0,0,5.333,0.000,-5.333,-7,-5,220,220,36088,36141,36191,,103,,50,,,,,,50
301,5,28,4,1,0,0x14,9,8,0,3,5.667,0.000,-5.667,-5,-5,220,220,36088,36191,36241,,153,,50,,,,,,50
302,5,28,4,1,0,0x14,10,8,0,6,6.000,0.000,-6.000,-5,-6,220,220,36088,36241,36291,,203,,50,,,,,,50
303,5,28,4,1,0,0x14,10,9,0,9,6.333,0.000,-6.333,-6,-6,220,220,36088,36291,36341,,253,,50,,,,,,50
304,5,28,4,1,0,0x14,10,9,0,12,6.333,0.000,-6.333,-6,-6,220,220,36088,36341,36391,,303,,50,,,,,,50
305,5,28,4,1,0,0x14,11,9,0,14,6.667,0.000,-6.667,-6,-6,220,220,36088,36391,36441,,353,,50,,,,,,50
306,5,28,4,1,0,0x14,11,9,0,17,6.667,0.000,-6.667,-6,-6,220,220,36088,36441,36491,,403,,50,,,,,,50
307,5,28,4,1,0,0x14,12,10,5,20,9.000,5.000,-4.000,-6,-4,220,220,36088,36491,36541,,453,,50,,,,,,50
308,5,29,5,1,0,0x15,13,24,10,27,15.667,24.000,8.333,14,9,220,220,37163,37591,37641,,478,,50,,,,,,50
309,5,29,5,1,0,0x15,16,18,10,25,14.667,18.000,3.333,9,4,220,220,37163,37641,37691,,528,,50,,,,,,50
310,5,29,5,1,0,0x15,12,11,9,22,10.667,11.000,0.333,4,1,220,220,37163,37691,37741,,578,,50,,,,,,50
311,5,29,5,1,1,0x35,12,4,9,20,8.333,4.000,-4.333,1,-4,220,220,37163,37741,37791,0,628,28373,50,27795,37791,600,600,600,50
312,5,29,5,1,0,0x15,11,0,9,17,6.667,0.000,-6.667,-4,-6,220,220,37163,37791,37841,,678,,50,,,,,,50
313,5,29,5,1,0,0x15,11,0,8,14,6.333,0.000,-6.333,-6,-6,220,220,37163,37841,37891,,728,,50,,,,,,50
314,5,29,5,1,0,0x15,10,0,8,12,6.000,0.000,-6.000,-6,-6,220,220,37163,37891,37941,,778,,50,,,,,,50
315,5,29,5,1,0,0x15,10,0,7,9,5.667,0.000,-5.667,-6,-5,220,220,37163,37941,37991,,828,,50,,,,,,50
316,5,29,5,1,0,0x15,10,0,7,6,5.667,0.000,-5.667,-5,-5,220,220,37163,37991,38041,,878,,50,,,,,,50
317,5,29,5,1,0,0x15,9,0,6,3,5.000,0.000,-5.000,-5,-5,220,220,37163,38041,38091,,928,,50,,,,,,50
318,5,29,5,1,0,0x15,9,0,6,0,5.000,0.000,-5.000,-5,-5,220,220,37163,38091,38141,,978,,50,,,,,,50
319,5,29,5,1,0,0x15,8,0,5,0,4.333,0.000,-4.333,-5,-4,220,220,37163,38141,38191,,1028,,50,,,,,,50
320,5,29,5,1,0,0x15,8,0,5,0,4.333,0.000,-4.333,-4,-4,220,220,37163,38191,38241,,1078,,50,,,,,,50
321,5,29,5,1,0,0x15,7,0,4,0,3.667,0.000,-3.667,-4,-3,220,220,37163,38241,38291,,1128,,50,,,,,,50
322,5,29,5,1,0,0x15,7,0,4,0,3.667,0.000,-3.667,-3,-3,220,220,37163,38291,38341,,1178,,50,,,,,,50
323,5,29,5,1,0,0x15,7,0,3,0,3.333,0.000,-3.333,-3,-3,220,220,37163,38341,38391,,1228,,50,,,,,,50
324,5,30,6,1,0,0x16,0,6,6,0,4.000,0.000,-4.000,-3,-4,220,220,38413,38391,38491,,78,,100,,,,,,50
325,5,30,6,1,0,0x16,0,7,6,1,4.333,0.000,-4.333,-4,-4,220,220,38413,38491,38541,,128,,50,,,,,,50
326,5,30,6,1,0,0x16,0,7,6,4,4.333,0.000,-4.333,-4,-4,220,220,38413,38541,38591,,178,,50,,,,,,50
327,5,30,6,1,0,0x16,0,8,7,7,5.000,0.000,-5.000,-4,-5,220,220,38413,38591,38641,,228,,50,,,,,,50
328,6,31,1,1,0,0x11,19,13,53,39,28.333,53.000,24.667,31,25,220,220,39463,39691,39741,,278,,50,,,,,,50
329,6,31,1,1,0,0x11,15,12,45,35,24.000,45.000,21.000,25,21,220,220,39463,39741,39791,,328,,50,,,,,,50
330,6,31,1,1,0,0x11,14,12,38,33,21.333,38.000,16.667,21,17,220,220,39463,39791,39841,,378,,50,,,,,,50
331,6,31,1,1,0,0x11,14,12,31,30,19.000,31.000,12.000,17,12,220,220,39463,39841,39891,,428,,50,,,,,,50
332,6,31,1,1,0,0x11,14,11,24,27,16.333,24.000,7.667,12,8,220,220,39463,39891,39941,,478,,50,,,,,,50
333,6,31,1,1,0,0x11,13,11,17,24,13.667,17.000,3.333,8,4,220,220,39463,39941,39991,,528,,50,,,,,,50
334,6,31,1,1,0,0x11,12,10,10,22,10.667,10.000,-0.667,4,0,220,220,39463,39991,40041,,578,,50,,,,,,50
335,6,31,1,1,1,0x31,12,10,2,19,8.000,2.000,-6.000,0,-6,220,220,39463,40041,40091,0,628,26073,50,25495,40091,600,600,600,50
336,6,31,1,1,0,0x11,12,9,0,17,7.000,0.000,-7.000,-6,-7,220,220,39463,40091,40141,,678,,50,,,,,,50
337,6,31,1,1,0,0x11,11,9,0,14,6.667,0.000,-6.667,-7,-6,220,220,39463,40141,40191,,728,,50,,,,,,50
338,6,31,1,1,0,0x11,11,8,0,11,6.333,0.000,-6.333,-6,-6,220,220,39463,40191,40241,,778,,50,,,,,,50
339,6,31,1,1,0,0x11,10,8,0,8,6.000,0.000,-6.000,-6,-6,220,220,39463,40241,40291,,828,,50,,,,,,50
340,6,31,1,1,0,0x11,10,8,0,5,6.000,0.000,-6.000,-6,-6,220,220,39463,40291,40341,,878,,50,,,,,,50
341,6,31,1,1,0,0x11,9,7,0,2,5.333,0.000,-5.333,-6,-5,220,220,39463,40341,40391,,928,,50,,,,,,50
342,6,31,1,1,0,0x11,9,7,0,0,5.333,0.000,-5.333,-5,-5,220,220,39463,40391,40441,,978,,50,,,,,,50
343,6,31,1,1,0,0x11,8,6,0,0,4.667,0.000,-4.667,-5,-4,220,220,39463,40441,40491,,1028,,50,,,,,,50
344,6,31,1,1,0,0x11,8,6,0,0,4.667,0.000,-4.667,-4,-4,220,220,39463,40491,40541,,1078,,50,,,,,,50
345,6,31,1,1,0,0x11,7,5,0,0,4.000,0.000,-4.000,-4,-4,220,220,39463,40541,40591,,1128,,50,,,,,,50
346,6,31,1,1,0,0x11,7,5,0,0,4.000,0.000,-4.000,-4,-4,220,220,39463,40591,40641,,1178,,50,,,,,,50
347,6,31,1,1,0,0x11,10,5,0,0,5.000,0.000,-5.000,-4,-5,220,220,39463,40641,40691,,1228,,50,,,,,,50
348,6,32,2,1,0,0x12,17,98,13,54,42.667,98.000,55.333,51,56,220,220,40713,41741,41791,,1078,,50,,,,,,50
349,6,33,3,1,0,0x13,81,14,10,45,35.000,81.000,46.000,56,46,220,220,41838,41791,41891,,53,,100,,,,,,50
350,6,33,3,1,0,0x13,78,16,12,46,35.333,78.000,42.667,46,43,220,220,41838,41891,41941,,103,,50,,,,,,50
351,6,33,3,1,0,0x13,70,15,12,43,32.333,70.000,37.667,43,38,220,220,41838,41941,41991,,153,,50,,,,,,50
352,6,33,3,1,0,0x13,62,14,12,40,29.333,62.000,32.667,38,33,220,220,41838,41991,42041,,203,,50,,,,,,50
353,6,33,3,1,0,0x13,54,13,11,37,26.000,54.000,28.000,33,28,220,220,41838,42041,42091,,253,,50,,,,,,50
354,6,33,3,1,0,0x13,46,13,11,34,23.333,46.000,22.667,28,23,220,220,41838,42091,42141,,303,,50,,,,,,50
355,6,33,3,1,0,0x13,39,12,10,31,20.333,39.000,18.667,23,19,220,220,41838,42141,42191,,353,,50,,,,,,50
356,6,33,3,1,0,0x13,30,12,10,28,17.333,30.000,12.667,19,13,220,220,41838,42191,42241,,403,,50,,,,,,50
357,6,33,3,1,0,0x13,23,11,9,26,14.333,23.000,8.667,13,9,220,220,41838,42241,42291,,453,,50,,,,,,50
358,6,33,3,1,0,0x13,17,11,9,23,12.333,17.000,4.667,9,5,220,220,41838,42291,42341,,503,,50,,,,,,50
359,6,33,3,1,0,0x13,9,11,9,20,9.667,9.000,-0.667,5,0,220,220,41838,42341,42391,,553,,50,,,,,,50
360,6,33,3,1,1,0x33,1,10,8,17,6.333,1.000,-5.333,0,-5,220,220,41838,42391,42441,0,603,23698,50,23145,42441,600,600,600,50
361,6,33,3,1,0,0x13,0,10,8,14,6.000,0.000,-6.000,-5,-6,220,220,41838,42441,42491,,653,,50,,,,,,50
362,6,33,3,1,0,0x13,0,9,7,12,5.333,0.000,-5.333,-6,-5,220,220,41838,42491,42541,,703,,50,,,,,,50
363,6,33,3,1,0,0x13,0,9,7,9,5.333,0.000,-5.333,-5,-5,220,220,41838,42541,42591,,753,,50,,,,,,50
364,6,33,3,1,0,0x13,0,8,6,6,4.667,0.000,-4.667,-5,-4,220,220,41838,42591,42641,,803,,50,,,,,,50
365,6,33,3,1,0,0x13,0,7,6,4,4.333,0.000,-4.333,-4,-4,220,220,41838,42641,42691,,853,,50,,,,,,50
366,6,33,3,1,0,0x13,0,7,6,1,4.333,0.000,-4.333,-4,-4,220,220,41838,42691,42741,,903,,50,,,,,,50
367,6,33,3,1,0,0x13,0,7,5,0,4.000,0.000,-4.000,-4,-4,220,220,41838,42741,42791,,953,,50,,,,,,50
368,6,34,4,1,0,0x14,15,13,64,42,30.667,64.000,33.333,29,34,220,220,43063,43841,43891,,828,,50,,,,,,50
369,6,34,4,1,0,0x14,16,14,71,45,33.667,71.000,37.333,34,38,220,220,43063,43891,43941,,878,,50,,,,,,50
370,6,34,4,1,0,0x14,16,14,78,48,36.000,78.000,42.000,38,42,220,220,43063,43941,43991,,928,,50,,,,,,50
371,6,34,4,1,0,0x14,16,15,86,50,39.000,86.000,47.000,42,47,220,220,43063,43991,44041,,978,,50,,,,,,50
372,6,34,4,1,0,0x14,17,15,94,53,42.000,94.000,52.000,47,52,220,220,43063,44041,44091,,1028,,50,,,,,,50
373,6,35,5,1,0,0x15,16,79,13,48,36.000,79.000,43.000,52,43,220,220,44113,44091,44191,,78,,100,,,,,,50
374,6,35,5,1,0,0x15,16,72,13,45,33.667,72.000,38.333,43,39,220,220,44113,44191,44241,,128,,50,,,,,,50
375,6,35,5,1,0,0x15,15,64,12,42,30.333,64.000,33.667,39,34,220,220,44113,44241,44291,,178,,50,,,,,,50
376,6,35,5,1,0,0x15,15,57,12,39,28.000,57.000,29.000,34,29,220,220,44113,44291,44341,,228,,50,,,,,,50
377,6,35,5,1,0,0x15,14,49,11,36,24.667,49.000,24.333,29,25,220,220,44113,44341,44391,,278,,50,,,,,,50
378,6,35,5,1,0,0x15,14,41,11,33,22.000,41.000,19.000,25,19,220,220,44113,44391,44441,,328,,50,,,,,,50
379,6,35,5,1,0,0x15,13,33,10,30,18.667,33.000,14.333,19,15,220,220,44113,44441,44491,,378,,50,,,,,,50
380,6,35,5,1,0,0x15,13,27,10,28,16.667,27.000,10.333,15,11,220,220,44113,44491,44541,,428,,50,,,,,,50
381,6,35,5,1,0,0x15,13,19,10,25,14.000,19.000,5.000,11,5,220,220,44113,44541,44591,,478,,50,,,,,,50
382,6,35,5,1,0,0x15,12,12,10,22,11.333,12.000,0.667,5,1,220,220,44113,44591,44641,,528,,50,,,,,,50
383,6,35,5,1,1,0x35,16,5,9,21,10.000,5.000,-5.000,1,-5,220,220,44113,44641,44691,0,578,21423,50,20895,44691,575,575,575,50
384,6,35,5,1,0,0x15,12,0,9,17,7.000,0.000,-7.000,-5,-7,220,220,44113,44691,44741,,628,,50,,,,,,50
385,6,35,5,1,0,0x15,11,0,8,15,6.333,0.000,-6.333,-7,-6,220,220,44113,44741,44791,,678,,50,,,,,,50
386,6,35,5,1,0,0x15,10,0,8,12,6.000,0.000,-6.000,-6,-6,220,220,44113,44791,44841,,728,,50,,,,,,50
387,6,35,5,1,0,0x15,10,0,7,8,5.667,0.000,-5.667,-6,-5,220,220,44113,44841,44891,,778,,50,,,,,,50
388,6,36,6,1,0,0x16,36,11,11,31,19.333,36.000,16.667,13,17,220,220,45288,45941,45991,,703,,50,,,,,,50
389,6,36,6,1,0,0x16,44,12,11,33,22.333,44.000,21.667,17,22,220,220,45288,45991,46041,,753,,50,,,,,,50
390,6,36,6,1,0,0x16,52,12,11,36,25.000,52.000,27.000,22,27,220,220,45288,46041,46091,,803,,50,,,,,,50
391,6,36,6,1,0,0x16,59,13,12,39,28.000,59.000,31.000,27,31,220,220,45288,46091,46141,,853,,50,,,,,,50
392,6,36,6,1,0,0x16,67,13,12,42,30.667,67.000,36.333,31,37,220,220,45288,46141,46191,,903,,50,,,,,,50
393,6,36,6,1,0,0x16,74,14,12,45,33.333,74.000,40.667,37,41,220,220,45288,46191,46241,,953,,50,,,,,,50
394,6,36,6,1,0,0x16,82,14,12,47,36.000,82.000,46.000,41,46,220,220,45288,46241,46291,,1003,,50,,,,,,50
395,6,36,6,1,0,0x16,88,14,13,50,38.333,88.000,49.667,46,50,220,220,45288,46291,46341,,1053,,50,,,,,,50
396,6,36,6,1,0,0x16,95,15,13,52,41.000,95.000,54.000,50,54,220,220,45288,46341,46391,,1103,,50,,,,,,50
397,7,37,1,1,0,0x11,15,11,81,46,35.667,81.000,45.333,54,46,220,220,46438,46391,46491,,53,,100,,,,,,50
398,7,37,1,1,0,0x11,17,13,74,47,34.667,74.000,39.333,46,40,220,220,46438,46491,46541,,103,,50,,,,,,50
399,7,37,1,1,0,0x11,17,13,66,44,32.000,66.000,34.000,40,34,220,220,46438,46541,46591,,153,,50,,,,,,50
400,7,37,1,1,0,0x11,16,13,58,40,29.000,58.000,29.000,34,29,220,220,46438,46591,46641,,203,,50,,,,,,50
401,7,37,1,1,0,0x11,19,12,50,38,27.000,50.000,23.000,29,23,220,220,46438,46641,46691,,253,,50,,,,,,50
402,7,37,1,1,0,0x11,14,12,42,34,22.667,42.000,19.333,23,20,220,220,46438,46691,46741,,303,,50,,,,,,50
403,7,37,1,1,0,0x11,14,12,35,31,20.333,35.000,14.667,20,15,220,220,46438,46741,46791,,353,,50,,,,,,50
404,7,37,1,1,0,0x11,13,11,27,28,17.000,27.000,10.000,15,10,220,220,46438,46791,46841,,403,,50,,,,,,50
405,7,37,1,1,0,0x11,13,11,19,26,14.333,19.000,4.667,10,5,220,220,46438,46841,46891,,453,,50,,,,,,50
406,7,37,1,1,0,0x11,13,10,13,23,12.000,13.000,1.000,5,1,220,220,46438,46891,46941,,503,,50,,,,,,50
407,7,37,1,1,1,0x31,13,10,6,20,9.667,6.000,-3.667,1,-3,220,220,46438,46941,46991,0,553,19098,50,18595,46991,575,575,575,50
408,7,38,2,1,0,0x12,12,6,8,20,8.667,6.000,-2.667,-6,-2,220,220,47588,48041,48091,,503,,50,,,,,,50
409,7,38,2,1,1,0x32,12,12,9,22,11.000,12.000,1.000,-2,1,220,220,47588,48091,48141,0,553,17948,50,17445,48141,575,575,575,50
410,7,38,2,1,0,0x12,13,19,9,25,13.667,19.000,5.333,1,6,220,220,47588,48141,48191,,603,,50,,,,,,50
411,7,38,2,1,0,0x12,13,27,10,28,16.667,27.000,10.333,6,11,220,220,47588,48191,48241,,653,,50,,,,,,50
412,7,38,2,1,0,0x12,14,34,10,31,19.333,34.000,14.667,11,15,220,220,47588,48241,48291,,703,,50,,,,,,50
413,7,38,2,1,0,0x12,14,42,10,33,22.000,42.000,20.000,15,20,220,220,47588,48291,48341,,753,,50,,,,,,50
414,7,38,2,1,0,0x12,15,49,11,36,25.000,49.000,24.000,20,24,220,220,47588,48341,48391,,803,,50,,,,,,50
415,7,38,2,1,0,0x12,15,57,11,39,27.667,57.000,29.333,24,30,220,220,47588,48391,48441,,853,,50,,,,,,50
416,7,38,2,1,0,0x12,16,65,12,42,31.000,65.000,34.000,30,34,220,220,47588,48441,48491,,903,,50,,,,,,50
417,7,38,2,1,0,0x12,16,73,12,44,33.667,73.000,39.333,34,40,220,220,47588,48491,48541,,953,,50,,,,,,50
418,7,38,2,1,0,0x12,17,81,13,48,37.000,81.000,44.000,40,44,220,220,47588,48541,48591,,1003,,50,,,,,,50
419,7,38,2,1,0,0x12,17,89,13,50,39.667,89.000,49.333,44,50,220,220,47588,48591,48641,,1053,,50,,,,,,50
420,7,38,2,1,0,0x12,21,97,14,54,44.000,97.000,53.000,50,53,220,220,47588,48641,48691,,1103,,50,,,,,,50
421,7,39,3,1,0,0x13,81,14,10,45,35.000,81.000,46.000,53,46,220,220,48738,48691,48791,,53,,100,,,,,,50
422,7,39,3,1,0,0x13,78,15,12,46,35.000,78.000,43.000,46,43,220,220,48738,48791,48841,,103,,50,,,,,,50
423,7,39,3,1,0,0x13,70,14,12,43,32.000,70.000,38.000,43,38,220,220,48738,48841,48891,,153,,50,,,,,,50
424,7,39,3,1,0,0x13,62,14,12,40,29.333,62.000,32.667,38,33,220,220,48738,48891,48941,,203,,50,,,,,,50
425,7,39,3,1,0,0x13,54,13,11,37,26.000,54.000,28.000,33,28,220,220,48738,48941,48991,,253,,50,,,,,,50
426,7,39,3,1,0,0x13,46,12,11,34,23.000,46.000,23.000,28,23,220,220,48738,48991,49041,,303,,50,,,,,,50
427,7,39,3,1,0,0x13,38,13,10,31,20.333,38.000,17.667,23,18,220,220,48738,49041,49091,,353,,50,,,,,,50
428,7,40,4,1,0,0x14,10,8,0,8,6.000,0.000,-6.000,-6,-6,220,220,49963,50141,50191,,228,,50,,,,,,50
429,7,40,4,1,0,0x14,10,9,0,11,6.333,0.000,-6.333,-6,-6,220,220,49963,50191,50241,,278,,50,,,,,,50
430,7,40,4,1,0,0x14,10,9,0,13,6.333,0.000,-6.333,-6,-6,220,220,49963,50241,50291,,328,,50,,,,,,50
431,7,40,4,1,0,0x14,11,10,0,16,7.000,0.000,-7.000,-6,-7,220,220,49963,50291,50341,,378,,50,,,,,,50
432,7,40,4,1,0,0x14,12,10,3,19,8.333,3.000,-5.333,-7,-5,220,220,49963,50341,50391,,428,,50,,,,,,50
433,7,40,4,1,0,0x14,12,11,10,22,11.000,10.000,-1.000,-5,-1,220,220,49963,50391,50441,,478,,50,,,,,,50
434,7,40,4,1,1,0x34,12,11,17,25,13.333,17.000,3.667,-1,4,220,220,49963,50441,50491,0,528,15573,50,15095,50491,575,575,575,50
435,7,40,4,1,0,0x14,13,12,24,27,16.333,24.000,7.667,4,8,220,220,49963,50491,50541,,578,,50,,,,,,50
436,7,40,4,1,0,0x14,13,12,31,30,18.667,31.000,12.333,8,13,220,220,49963,50541,50591,,628,,50,,,,,,50
437,7,40,4,1,0,0x14,14,12,39,32,21.667,39.000,17.333,13,18,220,220,49963,50591,50641,,678,,50,,,,,,50
438,7,40,4,1,0,0x14,18,12,46,36,25.333,46.000,20.667,18,21,220,220,49963,50641,50691,,728,,50,,,,,,50
439,7,40,4,1,0,0x14,15,13,54,38,27.333,54.000,26.667,21,27,220,220,49963,50691,50741,,778,,50,,,,,,50
440,7,40,4,1,0,0x14,15,14,61,41,30.000,61.000,31.000,27,31,220,220,49963,50741,50791,,828,,50,,,,,,50
441,7,40,4,1,0,0x14,15,14,69,44,32.667,69.000,36.333,31,37,220,220,49963,50791,50841,,878,,50,,,,,,50
442,7,40,4,1,0,0x14,16,14,76,47,35.333,76.000,40.667,37,41,220,220,49963,50841,50891,,928,,50,,,,,,50
443,7,40,4,1,0,0x14,16,14,84,49,38.000,84.000,46.000,41,46,220,220,49963,50891,50941,,978,,50,,,,,,50
444,7,40,4,1,0,0x14,17,14,91,52,40.667,91.000,50.333,46,51,220,220,49963,50941,50991,,1028,,50,,,,,,50
445,7,40,4,1,0,0x14,17,15,99,55,43.667,99.000,55.333,51,56,220,220,49963,50991,51041,,1078,,50,,,,,,50
446,7,41,5,1,0,0x15,12,75,13,44,33.333,75.000,41.667,56,42,220,220,51088,51041,51141,,53,,100,,,,,,50
447,7,41,5,1,0,0x15,15,70,14,44,33.000,70.000,37.000,42,37,220,220,51088,51141,51191,,103,,50,,,,,,50
448,7,42,6,1,0,0x16,0,6,5,0,3.667,0.000,-3.667,-3,-3,220,220,52163,52241,52291,,128,,50,,,,,,50
449,7,42,6,1,0,0x16,0,7,6,0,4.333,0.000,-4.333,-3,-4,220,220,52163,52291,52341,,178,,50,,,,,,50
450,7,42,6,1,0,0x16,0,7,6,2,4.333,0.000,-4.333,-4,-4,220,220,52163,52341,52391,,228,,50,,,,,,50
451,7,42,6,1,0,0x16,0,8,7,5,5.000,0.000,-5.000,-4,-5,220,220,52163,52391,52441,,278,,50,,,,,,50
452,7,42,6,1,0,0x16,0,8,7,8,5.000,0.000,-5.000,-5,-5,220,220,52163,52441,52491,,328,,50,,,,,,50
453,7,42,6,1,0,0x16,0,8,8,11,5.333,0.000,-5.333,-5,-5,220,220,52163,52491,52541,,378,,50,,,,,,50
454,7,42,6,1,0,0x16,0,9,8,14,5.667,0.000,-5.667,-5,-5,220,220,52163,52541,52591,,428,,50,,,,,,50
455,7,42,6,1,0,0x16,0,9,8,17,5.667,0.000,-5.667,-5,-5,220,220,52163,52591,52641,,478,,50,,,,,,50
456,7,42,6,1,1,0x36,11,10,9,20,10.000,11.000,1.000,-5,1,220,220,52163,52641,52691,0,528,13373,50,12895,52691,550,550,550,50
457,7,42,6,1,0,0x16,14,10,9,22,11.000,14.000,3.000,1,3,220,220,52163,52691,52741,,578,,50,,,,,,50
458,7,42,6,1,0,0x16,21,10,10,25,13.667,21.000,7.333,3,8,220,220,52163,52741,52791,,628,,50,,,,,,50
459,7,42,6,1,0,0x16,28,11,10,28,16.333,28.000,11.667,8,12,220,220,52163,52791,52841,,678,,50,,,,,,50
460,7,42,6,1,0,0x16,36,12,11,30,19.667,36.000,16.333,12,17,220,220,52163,52841,52891,,728,,50,,,,,,50
461,7,42,6,1,0,0x16,43,12,11,33,22.000,43.000,21.000,17,21,220,220,52163,52891,52941,,778,,50,,,,,,50
462,7,42,6,1,0,0x16,51,12,11,36,24.667,51.000,26.333,21,27,220,220,52163,52941,52991,,828,,50,,,,,,50
463,7,42,6,1,0,0x16,59,13,12,39,28.000,59.000,31.000,27,31,220,220,52163,52991,53041,,878,,50,,,,,,50
464,7,42,6,1,0,0x16,66,13,12,42,30.333,66.000,35.667,31,36,220,220,52163,53041,53091,,928,,50,,,,,,50
465,7,42,6,1,0,0x16,73,14,12,44,33.000,73.000,40.000,36,40,220,220,52163,53091,53141,,978,,50,,,,,,50
466,7,42,6,1,0,0x16,81,14,13,47,36.000,81.000,45.000,40,45,220,220,52163,53141,53191,,1028,,50,,,,,,50
467,7,42,6,1,0,0x16,88,14,13,50,38.333,88.000,49.667,45,50,220,220,52163,53191,53241,,1078,,50,,,,,,50
468,8,43,1,1,0,0x11,8,6,0,0,4.667,0.000,-4.667,-5,-4,220,220,53263,54291,54341,,1078,,50,,,,,,50
469,8,43,1,1,0,0x11,8,6,0,0,4.667,0.000,-4.667,-4,-4,220,220,53263,54341,54391,,1128,,50,,,,,,50
470,8,43,1,1,0,0x11,7,6,0,0,4.333,0.000,-4.333,-4,-4,220,220,53263,54391,54441,,1178,,50,,,,,,50
471,8,43,1,1,0,0x11,7,5,0,0,4.000,0.000,-4.000,-4,-4,220,220,53263,54441,54491,,1228,,50,,,,,,50
472,8,44,2,1,0,0x12,9,0,4,0,4.333,0.000,-4.333,-4,-4,220,220,54513,54491,54591,,78,,100,,,,,,50
473,8,44,2,1,0,0x12,9,0,5,0,4.667,0.000,-4.667,-4,-4,220,220,54513,54591,54641,,128,,50,,,,,,50
474,8,44,2,1,0,0x12,13,0,5,2,6.000,0.000,-6.000,-4,-6,220,220,54513,54641,54691,,178,,50,,,,,,50
475,8,44,2,1,0,0x12,9,0,6,3,5.000,0.000,-5.000,-6,-5,220,220,54513,54691,54741,,228,,50,,,,,,50
476,8,44,2,1,0,0x12,10,0,7,6,5.667,0.000,-5.667,-5,-5,220,220,54513,54741,54791,,278,,50,,,,,,50
477,8,44,2,1,0,0x12,11,0,7,10,6.000,0.000,-6.000,-5,-6,220,220,54513,54791,54841,,328,,50,,,,,,50
478,8,44,2,1,0,0x12,11,0,8,13,6.333,0.000,-6.333,-6,-6,220,220,54513,54841,54891,,378,,50,,,,,,50
479,8,44,2,1,0,0x12,12,0,8,16,6.667,0.000,-6.667,-6,-6,220,220,54513,54891,54941,,428,,50,,,,,,50
480,8,44,2,1,0,0x12,12,2,8,19,7.333,2.000,-5.333,-6,-5,220,220,54513,54941,54991,,478,,50,,,,,,50
481,8,44,2,1,0,0x12,13,9,8,21,10.000,9.000,-1.000,-5,-1,220,220,54513,54991,55041,,528,,50,,,,,,50
482,8,44,2,1,1,0x32,13,16,9,24,12.667,16.000,3.333,-1,4,220,220,54513,55041,55091,0,578,11023,50,10495,55091,600,600,600,50
483,8,44,2,1,0,0x12,13,24,9,26,15.333,24.000,8.667,4,9,220,220,54513,55091,55141,,628,,50,,,,,,50
484,8,44,2,1,0,0x12,14,31,10,29,18.333,31.000,12.667,9,13,220,220,54513,55141,55191,,678,,50,,,,,,50
485,8,44,2,1,0,0x12,14,38,10,32,20.667,38.000,17.333,13,18,220,220,54513,55191,55241,,728,,50,,,,,,50
486,8,44,2,1,0,0x12,15,46,11,35,24.000,46.000,22.000,18,22,220,220,54513,55241,55291,,778,,50,,,,,,50
487,8,44,2,1,0,0x12,15,53,11,37,26.333,53.000,26.667,22,27,220,220,54513,55291,55341,,828,,50,,,,,,50
488,8,45,3,1,0,0x13,0,8,7,7,5.000,0.000,-5.000,-5,-5,220,220,55713,56391,56441,,728,,50,,,,,,50
489,8,45,3,1,0,0x13,0,8,7,4,5.000,0.000,-5.000,-5,-5,220,220,55713,56441,56491,,778,,50,,,,,,50
490,8,45,3,1,0,0x13,0,7,6,2,4.333,0.000,-4.333,-5,-4,220,220,55713,56491,56541,,828,,50,,,,,,50
491,8,45,3,1,0,0x13,0,7,6,0,4.333,0.000,-4.333,-4,-4,220,220,55713,56541,56591,,878,,50,,,,,,50
492,8,45,3,1,0,0x13,0,7,5,0,4.000,0.000,-4.000,-4,-4,220,220,55713,56591,56641,,928,,50,,,,,,50
493,8,45,3,1,0,0x13,0,6,5,0,3.667,0.000,-3.667,-4,-3,220,220,55713,56641,56691,,978,,50,,,,,,50
494,8,45,3,1,0,0x13,0,5,5,0,3.333,0.000,-3.333,-3,-3,220,220,55713,56691,56741,,1028,,50,,,,,,50
495,8,45,3,1,0,0x13,0,5,4,0,3.000,0.000,-3.000,-3,-3,220,220,55713,56741,56791,,1078,,50,,,,,,50
496,8,46,4,1,0,0x14,11,11,0,0,7.333,0.000,-7.333,-3,-7,220,220,56838,56791,56891,,53,,100,,,,,,50
497,8,46,4,1,0,0x14,8,8,0,0,5.333,0.000,-5.333,-7,-5,220,220,56838,56891,56941,,103,,50,,,,,,50
498,8,46,4,1,0,0x14,9,8,0,2,5.667,0.000,-5.667,-5,-5,220,220,56838,56941,56991,,153,,50,,,,,,50
499,8,46,4,1,0,0x14,9,8,0,5,5.667,0.000,-5.667,-5,-5,220,220,56838,56991,57041,,203,,50,,,,,,50
500,8,46,4,1,0,0x14,10,8,0,9,6.000,0.000,-6.000,-5,-6,220,220,56838,57041,57091,,253,,50,,,,,,50
501,8,46,4,1,0,0x14,10,9,0,11,6.333,0.000,-6.333,-6,-6,220,220,56838,57091,57141,,303,,50,,,,,,50
502,8,46,4,1,0,0x14,11,9,0,14,6.667,0.000,-6.667,-6,-6,220,220,56838,57141,57191,,353,,50,,,,,,50
503,8,46,4,1,0,0x14,11,10,0,17,7.000,0.000,-7.000,-6,-7,220,220,56838,57191,57241,,403,,50,,,,,,50
504,8,46,4,1,0,0x14,12,10,3,19,8.333,3.000,-5.333,-7,-5,220,220,56838,57241,57291,,453,,50,,,,,,50
505,8,46,4,1,0,0x14,12,10,10,21,10.667,10.000,-0.667,-5,0,220,220,56838,57291,57341,,503,,50,,,,,,50
506,8,46,4,1,1,0x34,12,11,17,24,13.333,17.000,3.667,0,4,220,220,56838,57341,57391,0,553,8698,50,8195,57391,575,575,575,50
507,8,46,4,1,0,0x14,13,11,24,27,16.000,24.000,8.000,4,8,220,220,56838,57391,57441,,603,,50,,,,,,50
508,8,47,5,1,1,0x35,12,6,9,20,9.000,6.000,-3.000,2,-3,220,220,57988,58491,58541,0,553,7548,50,7045,58541,575,575,575,50
509,8,47,5,1,0,0x15,11,0,9,17,6.667,0.000,-6.667,-3,-6,220,220,57988,58541,58591,,603,,50,,,,,,50
510,8,47,5,1,0,0x15,11,0,8,15,6.333,0.000,-6.333,-6,-6,220,220,57988,58591,58641,,653,,50,,,,,,50
511,8,47,5,1,0,0x15,15,0,8,13,7.667,0.000,-7.667,-6,-7,220,220,57988,58641,58691,,703,,50,,,,,,50
512,8,47,5,1,0,0x15,10,0,7,9,5.667,0.000,-5.667,-7,-5,220,220,57988,58691,58741,,753,,50,,,,,,50
513,8,47,5,1,0,0x15,10,0,7,6,5.667,0.000,-5.667,-5,-5,220,220,57988,58741,58791,,803,,50,,,,,,50
514,8,47,5,1,0,0x15,9,0,6,3,5.000,0.000,-5.000,-5,-5,220,220,57988,58791,58841,,853,,50,,,,,,50
515,8,47,5,1,0,0x15,9,0,6,0,5.000,0.000,-5.000,-5,-5,220,220,57988,58841,58891,,903,,50,,,,,,50
516,8,47,5,1,0,0x15,8,0,5,0,4.333,0.000,-4.333,-5,-4,220,220,57988,58891,58941,,953,,50,,,,,,50
517,8,47,5,1,0,0x15,8,0,5,0,4.333,0.000,-4.333,-4,-4,220,220,57988,58941,58991,,1003,,50,,,,,,50
518,8,47,5,1,0,0x15,7,0,4,0,3.667,0.000,-3.667,-4,-3,220,220,57988,58991,59041,,1053,,50,,,,,,50
519,8,47,5,1,0,0x15,6,0,4,0,3.333,0.000,-3.333,-3,-3,220,220,57988,59041,59091,,1103,,50,,,,,,50
520,8,48,6,1,0,0x16,0,8,8,0,5.333,0.000,-5.333,-3,-5,220,220,59138,59091,59191,,53,,100,,,,,,50
521,8,48,6,1,0,0x16,0,6,6,0,4.000,0.000,-4.000,-5,-4,220,220,59138,59191,59241,,103,,50,,,,,,50
522,8,48,6,1,0,0x16,0,7,6,1,4.333,0.000,-4.333,-4,-4,220,220,59138,59241,59291,,153,,50,,,,,,50
523,8,48,6,1,0,0x16,0,8,7,4,5.000,0.000,-5.000,-4,-5,220,220,59138,59291,59341,,203,,50,,,,,,50
524,8,48,6,1,0,0x16,0,8,7,7,5.000,0.000,-5.000,-5,-5,220,220,59138,59341,59391,,253,,50,,,,,,50
525,8,48,6,1,0,0x16,0,8,7,9,5.000,0.000,-5.000,-5,-5,220,220,59138,59391,59441,,303,,50,,,,,,50
526,8,48,6,1,0,0x16,0,9,8,13,5.667,0.000,-5.667,-5,-5,220,220,59138,59441,59491,,353,,50,,,,,,50
527,8,48,6,1,0,0x16,0,9,8,15,5.667,0.000,-5.667,-5,-5,220,220,59138,59491,59541,,403,,50,,,,,,50
528,9,49,1,1,0,0x11,14,11,30,30,18.333,30.000,11.667,16,12,220,220,60213,60591,60641,,428,,50,,,,,,50
529,9,49,1,1,0,0x11,12,11,23,27,15.333,23.000,7.667,12,8,220,220,60213,60641,60691,,478,,50,,,,,,50
530,9,49,1,1,0,0x11,17,11,16,25,14.667,16.000,1.333,8,2,220,220,60213,60691,60741,,528,,50,,,,,,50
531,9,49,1,1,1,0x31,13,10,9,22,10.667,9.000,-1.667,2,-1,220,220,60213,60741,60791,0,578,5323,50,4795,60791,575,575,575,50
532,9,49,1,1,0,0x11,12,10,1,19,7.667,1.000,-6.667,-1,-6,220,220,60213,60791,60841,,628,,50,,,,,,50
533,9,49,1,1,0,0x11,12,9,0,16,7.000,0.000,-7.000,-6,-7,220,220,60213,60841,60891,,678,,50,,,,,,50
534,9,49,1,1,0,0x11,11,9,0,14,6.667,0.000,-6.667,-7,-6,220,220,60213,60891,60941,,728,,50,,,,,,50
535,9,49,1,1,0,0x11,11,8,0,11,6.333,0.000,-6.333,-6,-6,220,220,60213,60941,60991,,778,,50,,,,,,50
536,9,49,1,1,0,0x11,10,8,0,8,6.000,0.000,-6.000,-6,-6,220,220,60213,60991,61041,,828,,50,,,,,,50
537,9,49,1,1,0,0x11,10,8,0,5,6.000,0.000,-6.000,-6,-6,220,220,60213,61041,61091,,878,,50,,,,,,50
538,9,49,1,1,0,0x11,9,7,0,2,5.333,0.000,-5.333,-6,-5,220,220,60213,61091,61141,,928,,50,,,,,,50
539,9,49,1,1,0,0x11,9,7,0,0,5.333,0.000,-5.333,-5,-5,220,220,60213,61141,61191,,978,,50,,,,,,50
540,9,49,1,1,0,0x11,8,6,0,0,4.667,0.000,-4.667,-5,-4,220,220,60213,61191,61241,,1028,,50,,,,,,50
541,9,49,1,1,0,0x11,8,6,0,0,4.667,0.000,-4.667,-4,-4,220,220,60213,61241,61291,,1078,,50,,,,,,50
542,9,49,1,1,0,0x11,7,5,0,0,4.000,0.000,-4.000,-4,-4,220,220,60213,61291,61341,,1128,,50,,,,,,50
543,9,50,2,1,0,0x12,12,0,5,0,5.667,0.000,-5.667,-4,-5,220,220,61388,61341,61441,,53,,100,,,,,,50
544,9,50,2,1,0,0x12,9,0,4,0,4.333,0.000,-4.333,-5,-4,220,220,61388,61441,61491,,103,,50,,,,,,50
545,9,50,2,1,0,0x12,9,0,5,0,4.667,0.000,-4.667,-4,-4,220,220,61388,61491,61541,,153,,50,,,,,,50
546,9,50,2,1,0,0x12,9,0,6,1,5.000,0.000,-5.000,-4,-5,220,220,61388,61541,61591,,203,,50,,,,,,50
547,9,50,2,1,0,0x12,10,0,6,4,5.333,0.000,-5.333,-5,-5,220,220,61388,61591,61641,,253,,50,,,,,,50
548,9,51,3,1,0,0x13,71,14,12,43,32.333,71.000,38.667,46,39,220,220,62613,62691,62741,,128,,50,,,,,,50
549,9,51,3,1,0,0x13,63,14,12,40,29.667,63.000,33.333,39,34,220,220,62613,62741,62791,,178,,50,,,,,,50
550,9,51,3,1,0,0x13,55,13,11,37,26.333,55.000,28.667,34,29,220,220,62613,62791,62841,,228,,50,,,,,,50
551,9,51,3,1,0,0x13,46,12,11,34,23.000,46.000,23.000,29,23,220,220,62613,62841,62891,,278,,50,,,,,,50
552,9,51,3,1,0,0x13,39,12,10,31,20.333,39.000,18.667,23,19,220,220,62613,62891,62941,,328,,50,,,,,,50
553,9,51,3,1,0,0x13,31,12,10,28,17.667,31.000,13.333,19,14,220,220,62613,62941,62991,,378,,50,,,,,,50
554,9,51,3,1,0,0x13,23,12,10,26,15.000,23.000,8.000,14,8,220,220,62613,62991,63041,,428,,50,,,,,,50
555,9,51,3,1,0,0x13,16,10,9,23,11.667,16.000,4.333,8,5,220,220,62613,63041,63091,,478,,50,,,,,,50
556,9,51,3,1,0,0x13,8,10,8,20,8.667,8.000,-0.667,5,0,220,220,62613,63091,63141,,528,,50,,,,,,50
557,9,51,3,1,1,0x33,1,10,8,17,6.333,1.000,-5.333,0,-5,220,220,62613,63141,63191,0,578,2923,50,2395,63191,600,600,600,50
558,9,51,3,1,0,0x13,0,9,8,14,5.667,0.000,-5.667,-5,-5,220,220,62613,63191,63241,,628,,50,,,,,,50
559,9,51,3,1,0,0x13,0,9,7,12,5.333,0.000,-5.333,-5,-5,220,220,62613,63241,63291,,678,,50,,,,,,50
560,9,51,3,1,0,0x13,0,9,7,8,5.333,0.000,-5.333,-5,-5,220,220,62613,63291,63341,,728,,50,,,,,,50
561,9,51,3,1,0,0x13,0,8,6,5,4.667,0.000,-4.667,-5,-4,220,220,62613,63341,63391,,778,,50,,,,,,50
562,9,51,3,1,0,0x13,0,8,6,3,4.667,0.000,-4.667,-4,-4,220,220,62613,63391,63441,,828,,50,,,,,,50
563,9,51,3,1,0,0x13,0,7,6,1,4.333,0.000,-4.333,-4,-4,220,220,62613,63441,63491,,878,,50,,,,,,50
564,9,51,3,1,0,0x13,0,7,5,0,4.000,0.000,-4.000,-4,-4,220,220,62613,63491,63541,,928,,50,,,,,,50
565,9,51,3,1,0,0x13,0,6,5,0,3.667,0.000,-3.667,-4,-3,220,220,62613,63541,63591,,978,,50,,,,,,50
566,9,51,3,1,0,0x13,0,6,5,0,3.667,0.000,-3.667,-3,-3,220,220,62613,63591,63641,,1028,,50,,,,,,50
567,9,51,3,1,0,0x13,0,5,4,0,3.000,0.000,-3.000,-3,-3,220,220,62613,63641,63691,,1078,,50,,,,,,50
568,9,52,4,1,0,0x14,16,15,90,52,40.333,90.000,49.667,45,50,220,220,63813,64741,64791,,978,,50,,,,,,50
569,9,52,4,1,0,0x14,17,15,98,54,43.333,98.000,54.667,50,55,220,220,63813,64791,64841,,1028,,50,,,,,,50
570,9,53,5,1,0,0x15,16,79,13,47,36.000,79.000,43.000,55,43,220,220,64863,64841,64941,,78,,100,,,,,,50
571,9,53,5,1,0,0x15,16,71,13,44,33.333,71.000,37.667,43,38,220,220,64863,64941,64991,,128,,50,,,,,,50
572,9,53,5,1,0,0x15,15,64,12,41,30.333,64.000,33.667,38,34,220,220,64863,64991,65041,,178,,50,,,,,,50
573,9,53,5,1,0,0x15,15,56,12,38,27.667,56.000,28.333,34,29,220,220,64863,65041,65091,,228,,50,,,,,,50
574,9,53,5,1,0,0x15,14,48,11,36,24.333,48.000,23.667,29,24,220,220,64863,65091,65141,,278,,50,,,,,,50
575,9,53,5,1,0,0x15,14,41,11,33,22.000,41.000,19.000,24,19,220,220,64863,65141,65191,,328,,50,,,,,,50
576,9,53,5,1,0,0x15,13,33,10,30,18.667,33.000,14.333,19,15,220,220,64863,65191,65241,,378,,50,,,,,,50
577,9,53,5,1,0,0x15,13,26,10,27,16.333,26.000,9.667,15,10,220,220,64863,65241,65291,,428,,50,,,,,,50
578,9,53,5,1,0,0x15,12,19,9,25,13.333,19.000,5.667,10,6,220,220,64863,65291,65341,,478,,50,,,,,,50
579,9,53,5,1,0,0x15,12,12,9,22,11.000,12.000,1.000,6,1,220,220,64863,65341,65391,,528,,50,,,,,,50
580,9,53,5,1,1,0x35,12,5,9,20,8.667,5.000,-3.667,1,-3,220,220,64863,65391,65441,0,578,673,50,145,65441,575,575,575,50
581,9,53,5,1,0,0x15,11,0,9,17,6.667,0.000,-6.667,-3,-6,220,220,64863,65441,65491,,628,,50,,,,,,50
582,9,53,5,1,0,0x15,11,0,8,15,6.333,0.000,-6.333,-6,-6,220,220,64863,65491,5,,678,,50,,,,,,50
583,9,53,5,1,0,0x15,10,0,8,12,6.000,0.000,-6.000,-6,-6,220,220,64863,5,55,,728,,50,,,,,,50
584,9,53,5,1,0,0x15,10,0,7,9,5.667,0.000,-5.667,-6,-5,220,220,64863,55,105,,778,,50,,,,,,50
585,9,53,5,1,0,0x15,14,0,7,7,7.000,0.000,-7.000,-5,-7,220,220,64863,105,155,,828,,50,,,,,,50
586,9,53,5,1,0,0x15,9,0,6,3,5.000,0.000,-5.000,-7,-5,220,220,64863,155,205,,878,,50,,,,,,50
587,9,53,5,1,0,0x15,9,0,6,1,5.000,0.000,-5.000,-5,-5,220,220,64863,205,255,,928,,50,,,,,,50
588,9,54,6,1,0,0x16,60,12,11,39,27.667,60.000,32.333,27,33,220,220,502,1305,1355,,853,,50,,,,,,50
589,9,54,6,1,0,0x16,68,14,12,42,31.333,68.000,36.667,33,37,220,220,502,1355,1405,,903,,50,,,,,,50
590,9,54,6,1,0,0x16,75,14,12,45,33.667,75.000,41.333,37,42,220,220,502,1405,1455,,953,,50,,,,,,50
591,9,54,6,1,0,0x16,82,14,13,48,36.333,82.000,45.667,42,46,220,220,502,1455,1505,,1003,,50,,,,,,50
592,9,54,6,1,0,0x16,90,15,13,50,39.333,90.000,50.667,46,51,220,220,502,1505,1555,,1053,,50,,,,,,50
593,9,54,6,1,0,0x16,97,15,13,53,41.667,97.000,55.333,51,56,220,220,502,1555,1605,,1103,,50,,,,,,50
594,10,55,1,1,0,0x11,15,11,78,45,34.667,78.000,43.333,56,44,220,220,1652,1605,1705,,53,,100,,,,,,50
595,10,55,1,1,0,0x11,18,13,72,45,34.333,72.000,37.667,44,38,220,220,1652,1705,1755,,103,,50,,,,,,50
596,10,55,1,1,0,0x11,17,13,64,43,31.333,64.000,32.667,38,33,220,220,1652,1755,1805,,153,,50,,,,,,50
597,10,55,1,1,0,0x11,16,13,55,40,28.000,55.000,27.000,33,27,220,220,1652,1805,1855,,203,,50,,,,,,50
598,10,55,1,1,0,0x11,15,12,47,36,24.667,47.000,22.333,27,23,220,220,1652,1855,1905,,253,,50,,,,,,50
599,10,55,1,1,0,0x11,14,12,40,33,22.000,40.000,18.000,23,18,220,220,1652,1905,1955,,303,,50,,,,,,50
600,10,55,1,1,0,0x11,14,12,32,30,19.333,32.000,12.667,18,13,220,220,1652,1955,2005,,353,,50,,,,,,50
601,10,55,1,1,0,0x11,14,11,25,28,16.667,25.000,8.333,13,9,220,220,1652,2005,2055,,403,,50,,,,,,50
602,10,55,1,1,0,0x11,13,11,18,25,14.000,18.000,4.000,9,4,220,220,1652,2055,2105,,453,,50,,,,,,50
603,10,55,1,1,1,0x31,17,10,11,23,12.667,11.000,-1.667,4,-1,220,220,1652,2105,2155,0,503,63884,50,63431,2155,550,550,550,50
604,10,55,1,1,0,0x11,12,10,4,20,8.667,4.000,-4.667,-1,-4,220,220,1652,2155,2205,,553,,50,,,,,,50
605,10,55,1,1,0,0x11,12,10,0,18,7.333,0.000,-7.333,-4,-7,220,220,1652,2205,2255,,603,,50,,,,,,50
606,10,55,1,1,0,0x11,11,9,0,15,6.667,0.000,-6.667,-7,-6,220,220,1652,2255,2305,,653,,50,,,,,,50
607,10,55,1,1,0,0x11,11,9,0,12,6.667,0.000,-6.667,-6,-6,220,220,1652,2305,2355,,703,,50,,,,,,50
608,10,56,2,1,0,0x12,14,30,10,29,18.000,30.000,12.000,8,12,220,220,2727,3405,3455,,728,,50,,,,,,50
609,10,56,2,1,0,0x12,14,37,10,32,20.333,37.000,16.667,12,17,220,220,2727,3455,3505,,778,,50,,,,,,50
610,10,56,2,1,0,0x12,15,45,10,34,23.333,45.000,21.667,17,22,220,220,2727,3505,3555,,828,,50,,,,,,50
611,10,56,2,1,0,0x12,15,52,11,37,26.000,52.000,26.000,22,26,220,220,2727,3555,3605,,878,,50,,,,,,50
612,10,56,2,1,0,0x12,15,60,12,40,29.000,60.000,31.000,26,31,220,220,2727,3605,3655,,928,,50,,,,,,50
613,10,56,2,1,0,0x12,16,68,12,43,32.000,68.000,36.000,31,36,220,220,2727,3655,3705,,978,,50,,,,,,50
614,10,56,2,1,0,0x12,16,76,13,46,35.000,76.000,41.000,36,41,220,220,2727,3705,3755,,1028,,50,,,,,,50
615,10,56,2,1,0,0x12,17,84,13,48,38.000,84.000,46.000,41,46,220,220,2727,3755,3805,,1078,,50,,,,,,50
616,10,56,2,1,0,0x12,17,91,13,51,40.333,91.000,50.667,46,51,220,220,2727,3805,3855,,1128,,50,,,,,,50
617,10,56,2,1,0,0x12,17,100,14,54,43.667,100.000,56.333,51,57,220,220,2727,3855,3905,,1178,,50,,,,,,50
618,10,56,2,1,0,0x12,17,108,14,57,46.333,108.000,61.667,57,62,220,220,2727,3905,3955,,1228,,50,,,,,,50
619,10,57,3,1,0,0x13,77,14,13,45,34.667,77.000,42.333,62,43,220,220,3977,3955,4055,,78,,100,,,,,,50
620,10,57,3,1,0,0x13,69,14,12,42,31.667,69.000,37.333,43,38,220,220,3977,4055,4105,,128,,50,,,,,,50
621,10,57,3,1,0,0x13,65,13,12,40,30.000,65.000,35.000,38,35,220,220,3977,4105,4155,,178,,50,,,,,,50
622,10,57,3,1,0,0x13,53,13,11,37,25.667,53.000,27.333,35,28,220,220,3977,4155,4205,,228,,50,,,,,,50
623,10,57,3,1,0,0x13,45,12,11,33,22.667,45.000,22.333,28,23,220,220,3977,4205,4255,,278,,50,,,,,,50
624,10,57,3,1,0,0x13,37,12,10,31,19.667,37.000,17.333,23,18,220,220,3977,4255,4305,,328,,50,,,,,,50
625,10,57,3,1,0,0x13,30,11,10,28,17.000,30.000,13.000,18,13,220,220,3977,4305,4355,,378,,50,,,,,,50
626,10,57,3,1,0,0x13,23,11,10,26,14.667,23.000,8.333,13,9,220,220,3977,4355,4405,,428,,50,,,,,,50
627,10,57,3,1,0,0x13,16,11,9,23,12.000,16.000,4.000,9,4,220,220,3977,4405,4455,,478,,50,,,,,,50
628,10,58,4,1,0,0x14,11,10,0,18,7.000,0.000,-7.000,-7,-7,220,220,5177,5505,5555,,378,,50,,,,,,50
629,10,58,4,1,0,0x14,12,10,6,20,9.333,6.000,-3.333,-7,-3,220,220,5177,5555,5605,,428,,50,,,,,,50
630,10,58,4,1,1,0x34,12,11,13,23,12.000,13.000,1.000,-3,1,220,220,5177,5605,5655,0,478,60359,50,59931,5655,550,550,550,50
631,10,58,4,1,0,0x14,13,11,20,26,14.667,20.000,5.333,1,6,220,220,5177,5655,5705,,528,,50,,,,,,50
632,10,58,4,1,0,0x14,13,12,27,28,17.333,27.000,9.667,6,10,220,220,5177,5705,5755,,578,,50,,,,,,50
633,10,58,4,1,0,0x14,14,12,35,31,20.333,35.000,14.667,10,15,220,220,5177,5755,5805,,628,,50,,,,,,50
634,10,58,4,1,0,0x14,14,12,42,34,22.667,42.000,19.333,15,20,220,220,5177,5805,5855,,678,,50,,,,,,50
635,10,58,4,1,0,0x14,14,13,49,37,25.333,49.000,23.667,20,24,220,220,5177,5855,5905,,728,,50,,,,,,50
636,10,58,4,1,0,0x14,15,13,57,39,28.333,57.000,28.667,24,29,220,220,5177,5905,5955,,778,,50,,,,,,50
637,10,58,4,1,0,0x14,15,13,64,42,30.667,64.000,33.333,29,34,220,220,5177,5955,6005,,828,,50,,,,,,50
638,10,58,4,1,0,0x14,16,13,71,45,33.333,71.000,37.667,34,38,220,220,5177,6005,6055,,878,,50,,,,,,50
639,10,58,4,1,0,0x14,16,14,79,48,36.333,79.000,42.667,38,43,220,220,5177,6055,6105,,928,,50,,,,,,50
640,10,58,4,1,0,0x14,21,14,86,50,40.333,86.000,45.667,43,46,220,220,5177,6105,6155,,978,,50,,,,,,50
641,10,58,4,1,0,0x14,17,15,94,53,42.000,94.000,52.000,46,52,220,220,5177,6155,6205,,1028,,50,,,,,,50
642,10,59,5,1,0,0x15,16,80,13,48,36.333,80.000,43.667,52,44,220,220,6227,6205,6305,,78,,100,,,,,,50
643,10,59,5,1,0,0x15,16,72,13,45,33.667,72.000,38.333,44,39,220,220,6227,6305,6355,,128,,50,,,,,,50
644,10,59,5,1,0,0x15,16,65,12,42,31.000,65.000,34.000,39,34,220,220,6227,6355,6405,,178,,50,,,,,,50
645,10,59,5,1,0,0x15,15,57,12,39,28.000,57.000,29.000,34,29,220,220,6227,6405,6455,,228,,50,,,,,,50
646,10,59,5,1,0,0x15,14,49,11,36,24.667,49.000,24.333,29,25,220,220,6227,6455,6505,,278,,50,,,,,,50
647,10,59,5,1,0,0x15,14,42,11,33,22.333,42.000,19.667,25,20,220,220,6227,6505,6555,,328,,50,,,,,,50
648,10,60,6,1,0,0x16,0,8,7,7,5.000,0.000,-5.000,-4,-5,220,220,7402,7605,7655,,253,,50,,,,,,50
649,10,60,6,1,0,0x16,0,8,7,9,5.000,0.000,-5.000,-5,-5,220,220,7402,7655,7705,,303,,50,,,,,,50
650,10,60,6,1,0,0x16,0,9,7,12,5.333,0.000,-5.333,-5,-5,220,220,7402,7705,7755,,353,,50,,,,,,50
651,10,60,6,1,0,0x16,0,9,9,16,6.000,0.000,-6.000,-5,-6,220,220,7402,7755,7805,,403,,50,,,,,,50
652,10,60,6,1,0,0x16,3,9,9,18,7.000,3.000,-4.000,-6,-4,220,220,7402,7805,7855,,453,,50,,,,,,50
653,10,60,6,1,1,0x36,10,10,9,21,9.667,10.000,0.333,-4,1,220,220,7402,7855,7905,0,503,58134,50,57681,7905,550,550,550,50
654,10,60,6,1,0,0x16,17,10,9,24,12.000,17.000,5.000,1,5,220,220,7402,7905,7955,,553,,50,,,,,,50
655,10,60,6,1,0,0x16,24,11,10,26,15.000,24.000,9.000,5,9,220,220,7402,7955,8005,,603,,50,,,,,,50
656,10,60,6,1,0,0x16,31,11,10,29,17.333,31.000,13.667,9,14,220,220,7402,8005,8055,,653,,50,,,,,,50
657,10,60,6,1,0,0x16,39,11,11,32,20.333,39.000,18.667,14,19,220,220,7402,8055,8105,,703,,50,,,,,,50
658,10,60,6,1,0,0x16,50,12,11,35,24.333,50.000,25.667,19,26,220,220,7402,8105,8155,,753,,50,,,,,,50
659,10,60,6,1,0,0x16,53,13,11,37,25.667,53.000,27.333,26,28,220,220,7402,8155,8205,,803,,50,,,,,,50
660,10,60,6,1,0,0x16,60,13,12,40,28.333,60.000,31.667,28,32,220,220,7402,8205,8255,,853,,50,,,,,,50
661,10,60,6,1,0,0x16,68,13,12,43,31.000,68.000,37.000,32,37,220,220,7402,8255,8305,,903,,50,,,,,,50
662,10,60,6,1,0,0x16,75,14,13,45,34.000,75.000,41.000,37,41,220,220,7402,8305,8355,,953,,50,,,,,,50
663,10,60,6,1,0,0x16,82,14,13,48,36.333,82.000,45.667,41,46,220,220,7402,8355,8405,,1003,,50,,,,,,50
664,10,60,6,1,0,0x16,89,15,13,50,39.000,89.000,50.000,46,50,220,220,7402,8405,8455,,1053,,50,,,,,,50
665,11,61,1,1,0,0x11,18,15,88,51,40.333,88.000,47.667,50,48,220,220,8477,8455,8555,,78,,100,,,,,,50
666,11,61,1,1,0,0x11,17,14,80,49,37.000,80.000,43.000,48,43,220,220,8477,8555,8605,,128,,50,,,,,,50
667,11,61,1,1,0,0x11,16,14,73,45,34.333,73.000,38.667,43,39,220,220,8477,8605,8655,,178,,50,,,,,,50
668,11,61,1,1,0,0x11,7,5,0,0,4.000,0.000,-4.000,-4,-4,220,220,8477,9655,9705,,1228,,50,,,,,,50
669,11,62,2,1,0,0x12,9,0,5,0,4.667,0.000,-4.667,-4,-4,220,220,9727,9705,9805,,78,,100,,,,,,50
670,11,62,2,1,0,0x12,10,0,5,0,5.000,0.000,-5.000,-4,-5,220,220,9727,9805,9855,,128,,50,,,,,,50
671,11,62,2,1,0,0x12,10,0,6,3,5.333,0.000,-5.333,-5,-5,220,220,9727,9855,9905,,178,,50,,,,,,50
672,11,62,2,1,0,0x12,10,0,6,6,5.333,0.000,-5.333,-5,-5,220,220,9727,9905,9955,,228,,50,,,,,,50
673,11,62,2,1,0,0x12,11,0,7,9,6.000,0.000,-6.000,-5,-6,220,220,9727,9955,10005,,278,,50,,,,,,50
674,11,62,2,1,0,0x12,11,0,8,12,6.333,0.000,-6.333,-6,-6,220,220,9727,10005,10055,,328,,50,,,,,,50
675,11,62,2,1,0,0x12,11,0,8,15,6.333,0.000,-6.333,-6,-6,220,220,9727,10055,10105,,378,,50,,,,,,50
676,11,62,2,1,0,0x12,16,0,8,18,8.000,0.000,-8.000,-6,-8,220,220,9727,10105,10155,,428,,50,,,,,,50
677,11,62,2,1,0,0x12,13,7,8,20,9.333,7.000,-2.333,-8,-2,220,220,9727,10155,10205,,478,,50,,,,,,50
678,11,62,2,1,1,0x32,13,14,9,23,12.000,14.000,2.000,-2,2,220,220,9727,10205,10255,0,528,55809,50,55331,10255,575,575,575,50
679,11,62,2,1,0,0x12,13,21,9,25,14.333,21.000,6.667,2,7,220,220,9727,10255,10305,,578,,50,,,,,,50
680,11,62,2,1,0,0x12,14,29,10,28,17.667,29.000,11.333,7,12,220,220,9727,10305,10355,,628,,50,,,,,,50
681,11,62,2,1,0,0x12,14,35,10,31,19.667,35.000,15.333,12,16,220,220,9727,10355,10405,,678,,50,,,,,,50
682,11,62,2,1,0,0x12,15,42,10,33,22.333,42.000,19.667,16,20,220,220,9727,10405,10455,,728,,50,,,,,,50
683,11,62,2,1,0,0x12,15,50,11,37,25.333,50.000,24.667,20,25,220,220,9727,10455,10505,,778,,50,,,,,,50
684,11,62,2,1,0,0x12,15,58,12,39,28.333,58.000,29.667,25,30,220,220,9727,10505,10555,,828,,50,,,,,,50
685,11,62,2,1,0,0x12,16,66,11,42,31.000,66.000,35.000,30,35,220,220,9727,10555,10605,,878,,50,,,,,,50
686,11,62,2,1,0,0x12,16,73,13,45,34.000,73.000,39.000,35,39,220,220,9727,10605,10655,,928,,50,,,,,,50
687,11,62,2,1,0,0x12,17,81,13,48,37.000,81.000,44.000,39,44,220,220,9727,10655,10705,,978,,50,,,,,,50
688,11,63,3,1,0,0x13,0,7,5,0,4.000,0.000,-4.000,-4,-4,220,220,10852,11755,11805,,953,,50,,,,,,50
689,11,63,3,1,0,0x13,0,6,5,0,3.667,0.000,-3.667,-4,-3,220,220,10852,11805,11855,,1003,,50,,,,,,50
690,11,63,3,1,0,0x13,0,6,4,0,3.333,0.000,-3.333,-3,-3,220,220,10852,11855,11905,,1053,,50,,,,,,50
691,11,63,3,1,0,0x13,0,5,4,0,3.000,0.000,-3.000,-3,-3,220,220,10852,11905,11955,,1103,,50,,,,,,50
692,11,64,4,1,0,0x14,10,11,0,0,7.000,0.000,-7.000,-3,-7,220,220,12002,11955,12055,,53,,100,,,,,,50
693,11,64,4,1,0,0x14,7,7,0,0,4.667,0.000,-4.667,-7,-4,220,220,12002,12055,12105,,103,,50,,,,,,50
694,11,64,4,1,0,0x14,13,8,0,2,7.000,0.000,-7.000,-4,-7,220,220,12002,12105,12155,,153,,50,,,,,,50
695,11,64,4,1,0,0x14,9,8,0,4,5.667,0.000,-5.667,-7,-5,220,220,12002,12155,12205,,203,,50,,,,,,50
696,11,64,4,1,0,0x14,9,8,0,7,5.667,0.000,-5.667,-5,-5,220,220,12002,12205,12255,,253,,50,,,,,,50
697,11,64,4,1,0,0x14,10,8,0,9,6.000,0.000,-6.000,-5,-6,220,220,12002,12255,12305,,303,,50,,,,,,50
698,11,64,4,1,0,0x14,10,9,0,12,6.333,0.000,-6.333,-6,-6,220,220,12002,12305,12355,,353,,50,,,,,,50
699,11,64,4,1,0,0x14,11,9,0,15,6.667,0.000,-6.667,-6,-6,220,220,12002,12355,12405,,403,,50,,,,,,50
700,11,64,4,1,0,0x14,11,10,0,18,7.000,0.000,-7.000,-6,-7,220,220,12002,12405,12455,,453,,50,,,,,,50
701,11,64,4,1,0,0x14,12,10,6,21,9.333,6.000,-3.333,-7,-3,220,220,12002,12455,12505,,503,,50,,,,,,50
702,11,64,4,1,1,0x34,12,10,13,23,11.667,13.000,1.333,-3,2,220,220,12002,12505,12555,0,553,53534,50,53031,12555,575,575,575,50
703,11,64,4,1,0,0x14,13,11,20,26,14.667,20.000,5.333,2,6,220,220,12002,12555,12605,,603,,50,,,,,,50
704,11,64,4,1,0,0x14,13,11,27,28,17.000,27.000,10.000,6,10,220,220,12002,12605,12655,,653,,50,,,,,,50
705,11,64,4,1,0,0x14,13,12,33,30,19.333,33.000,13.667,10,14,220,220,12002,12655,12705,,703,,50,,,,,,50
706,11,64,4,1,0,0x14,14,13,40,34,22.333,40.000,17.667,14,18,220,220,12002,12705,12755,,753,,50,,,,,,50
707,11,64,4,1,0,0x14,14,13,48,36,25.000,48.000,23.000,18,23,220,220,12002,12755,12805,,803,,50,,,,,,50
708,11,65,5,1,0,0x15,10,0,7,10,5.667,0.000,-5.667,-6,-5,220,220,13152,13855,13905,,753,,50,,,,,,50
709,11,65,5,1,0,0x15,10,0,7,7,5.667,0.000,-5.667,-5,-5,220,220,13152,13905,13955,,803,,50,,,,,,50
710,11,65,5,1,0,0x15,9,0,7,4,5.333,0.000,-5.333,-5,-5,220,220,13152,13955,14005,,853,,50,,,,,,50
711,11,65,5,1,0,0x15,9,0,6,1,5.000,0.000,-5.000,-5,-5,220,220,13152,14005,14055,,903,,50,,,,,,50
712,11,65,5,1,0,0x15,9,0,5,0,4.667,0.000,-4.667,-5,-4,220,220,13152,14055,14105,,953,,50,,,,,,50
713,11,65,5,1,0,0x15,12,0,5,0,5.667,0.000,-5.667,-4,-5,220,220,13152,14105,14155,,1003,,50,,,,,,50
714,11,65,5,1,0,0x15,7,0,4,0,3.667,0.000,-3.667,-5,-3,220,220,13152,14155,14205,,1053,,50,,,,,,50
715,11,65,5,1,0,0x15,7,0,3,0,3.333,0.000,-3.333,-3,-3,220,220,13152,14205,14255,,1103,,50,,,,,,50
716,11,66,6,1,0,0x16,0,8,8,0,5.333,0.000,-5.333,-3,-5,220,220,14302,14255,14355,,53,,100,,,,,,50
717,11,66,6,1,0,0x16,0,6,6,0,4.000,0.000,-4.000,-5,-4,220,220,14302,14355,14405,,103,,50,,,,,,50
718,11,66,6,1,0,0x16,0,7,6,1,4.333,0.000,-4.333,-4,-4,220,220,14302,14405,14455,,153,,50,,,,,,50
719,11,66,6,1,0,0x16,0,7,6,3,4.333,0.000,-4.333,-4,-4,220,220,14302,14455,14505,,203,,50,,,,,,50
720,11,66,6,1,0,0x16,0,7,7,6,4.667,0.000,-4.667,-4,-4,220,220,14302,14505,14555,,253,,50,,,,,,50
721,11,66,6,1,0,0x16,0,8,7,9,5.000,0.000,-5.000,-4,-5,220,220,14302,14555,14605,,303,,50,,,,,,50
722,11,66,6,1,0,0x16,0,9,8,12,5.667,0.000,-5.667,-5,-5,220,220,14302,14605,14655,,353,,50,,,,,,50
723,11,66,6,1,0,0x16,0,9,8,15,5.667,0.000,-5.667,-5,-5,220,220,14302,14655,14705,,403,,50,,,,,,50
724,11,66,6,1,0,0x16,1,9,9,18,6.333,1.000,-5.333,-5,-5,220,220,14302,14705,14755,,453,,50,,,,,,50
725,11,66,6,1,0,0x16,8,10,9,20,9.000,8.000,-1.000,-5,-1,220,220,14302,14755,14805,,503,,50,,,,,,50
726,11,66,6,1,1,0x36,15,10,9,23,11.333,15.000,3.667,-1,4,220,220,14302,14805,14855,0,553,51234,50,50731,14855,575,575,575,50
727,11,66,6,1,0,0x16,23,11,10,26,14.667,23.000,8.333,4,9,220,220,14302,14855,14905,,603,,50,,,,,,50
728,12,67,1,1,1,0x31,12,10,4,20,8.667,4.000,-4.667,0,-4,220,220,15452,15955,16005,0,553,50084,50,49581,16005,575,575,575,50
729,12,67,1,1,0,0x11,12,9,0,17,7.000,0.000,-7.000,-4,-7,220,220,15452,16005,16055,,603,,50,,,,,,50
730,12,67,1,1,0,0x11,12,9,0,15,7.000,0.000,-7.000,-7,-7,220,220,15452,16055,16105,,653,,50,,,,,,50
731,12,67,1,1,0,0x11,15,9,0,12,8.000,0.000,-8.000,-7,-8,220,220,15452,16105,16155,,703,,50,,,,,,50
732,12,67,1,1,0,0x11,11,8,0,10,6.333,0.000,-6.333,-8,-6,220,220,15452,16155,16205,,753,,50,,,,,,50
733,12,67,1,1,0,0x11,10,8,0,6,6.000,0.000,-6.000,-6,-6,220,220,15452,16205,16255,,803,,50,,,,,,50
734,12,67,1,1,0,0x11,10,8,0,4,6.000,0.000,-6.000,-6,-6,220,220,15452,16255,16305,,853,,50,,,,,,50
735,12,67,1,1,0,0x11,9,7,0,1,5.333,0.000,-5.333,-6,-5,220,220,15452,16305,16355,,903,,50,,,,,,50
736,12,67,1,1,0,0x11,9,6,0,0,5.000,0.000,-5.000,-5,-5,220,220,15452,16355,16405,,953,,50,,,,,,50
737,12,67,1,1,0,0x11,8,6,0,0,4.667,0.000,-4.667,-5,-4,220,220,15452,16405,16455,,1003,,50,,,,,,50
738,12,67,1,1,0,0x11,8,5,0,0,4.333,0.000,-4.333,-4,-4,220,220,15452,16455,16505,,1053,,50,,,,,,50
739,12,67,1,1,0,0x11,7,5,0,0,4.000,0.000,-4.000,-4,-4,220,220,15452,16505,16555,,1103,,50,,,,,,50
740,12,68,2,1,0,0x12,13,0,5,0,6.000,0.000,-6.000,-4,-6,220,220,16602,16555,16655,,53,,100,,,,,,50
741,12,68,2,1,0,0x12,9,0,5,0,4.667,0.000,-4.667,-6,-4,220,220,16602,16655,16705,,103,,50,,,,,,50
742,12,68,2,1,0,0x12,10,0,5,0,5.000,0.000,-5.000,-4,-5,220,220,16602,16705,16755,,153,,50,,,,,,50
743,12,68,2,1,0,0x12,10,0,6,3,5.333,0.000,-5.333,-5,-5,220,220,16602,16755,16805,,203,,50,,,,,,50
744,12,68,2,1,0,0x12,10,0,6,5,5.333,0.000,-5.333,-5,-5,220,220,16602,16805,16855,,253,,50,,,,,,50
745,12,68,2,1,0,0x12,10,0,7,8,5.667,0.000,-5.667,-5,-5,220,220,16602,16855,16905,,303,,50,,,,,,50
746,12,68,2,1,0,0x12,11,0,7,11,6.000,0.000,-6.000,-5,-6,220,220,16602,16905,16955,,353,,50,,,,,,50
747,12,68,2,1,0,0x12,11,0,8,14,6.333,0.000,-6.333,-6,-6,220,220,16602,16955,17005,,403,,50,,,,,,50
748,12,69,3,1,0,0x13,39,12,10,31,20.333,39.000,18.667,24,19,220,220,17752,18055,18105,,353,,50,,,,,,50
749,12,69,3,1,0,0x13,36,12,10,29,19.333,36.000,16.667,19,17,220,220,17752,18105,18155,,403,,50,,,,,,50
750,12,69,3,1,0,0x13,25,11,10,26,15.333,25.000,9.667,17,10,220,220,17752,18155,18205,,453,,50,,,,,,50
751,12,69,3,1,0,0x13,18,11,9,24,12.667,18.000,5.333,10,6,220,220,17752,18205,18255,,503,,50,,,,,,50
752,12,69,3,1,0,0x13,11,10,8,21,9.667,11.000,1.333,6,2,220,220,17752,18255,18305,,553,,50,,,,,,50
753,12,69,3,1,1,0x33,4,10,8,18,7.333,4.000,-3.333,2,-3,220,220,17752,18305,18355,0,603,47784,50,47231,18355,600,600,600,50
754,12,69,3,1,0,0x13,0,10,8,16,6.000,0.000,-6.000,-3,-6,220,220,17752,18355,18405,,653,,50,,,,,,50
755,12,69,3,1,0,0x13,0,9,8,13,5.667,0.000,-5.667,-6,-5,220,220,17752,18405,18455,,703,,50,,,,,,50
756,12,69,3,1,0,0x13,0,9,7,10,5.333,0.000,-5.333,-5,-5,220,220,17752,18455,18505,,753,,50,,,,,,50
757,12,69,3,1,0,0x13,0,8,7,7,5.000,0.000,-5.000,-5,-5,220,220,17752,18505,18555,,803,,50,,,,,,50
758,12,69,3,1,0,0x13,0,8,6,4,4.667,0.000,-4.667,-5,-4,220,220,17752,18555,18605,,853,,50,,,,,,50
759,12,69,3,1,0,0x13,0,7,6,2,4.333,0.000,-4.333,-4,-4,220,220,17752,18605,18655,,903,,50,,,,,,50
760,12,69,3,1,0,0x13,0,7,5,0,4.000,0.000,-4.000,-4,-4,220,220,17752,18655,18705,,953,,50,,,,,,50
761,12,69,3,1,0,0x13,0,6,5,0,3.667,0.000,-3.667,-4,-3,220,220,17752,18705,18755,,1003,,50,,,,,,50
762,12,69,3,1,0,0x13,0,6,5,0,3.667,0.000,-3.667,-3,-3,220,220,17752,18755,18805,,1053,,50,,,,,,50
763,12,69,3,1,0,0x13,0,5,4,0,3.000,0.000,-3.000,-3,-3,220,220,17752,18805,18855,,1103,,50,,,,,,50
764,12,69,3,1,0,0x13,0,5,4,0,3.000,0.000,-3.000,-3,-3,220,220,17752,18855,18905,,1153,,50,,,,,,50
765,12,69,3,1,0,0x13,0,4,3,0,2.333,0.000,-2.333,-3,-2,220,220,17752,18905,18955,,1203,,50,,,,,,50
766,12,70,4,1,0,0x14,8,8,0,1,5.333,0.000,-5.333,-2,-5,220,220,18977,18955,19055,,78,,100,,,,,,50
767,12,70,4,1,0,0x14,9,8,0,3,5.667,0.000,-5.667,-5,-5,220,220,18977,19055,19105,,128,,50,,,,,,50
768,12,71,5,1,0,0x15,20,67,12,43,33.000,67.000,34.000,41,34,220,220,20027,20155,20205,,178,,50,,,,,,50
769,12,71,5,1,0,0x15,15,60,12,40,29.000,60.000,31.000,34,31,220,220,20027,20205,20255,,228,,50,,,,,,50
770,12,71,5,1,0,0x15,14,53,12,37,26.333,53.000,26.667,31,27,220,220,20027,20255,20305,,278,,50,,,,,,50
771,12,71,5,1,0,0x15,14,45,11,35,23.333,45.000,21.667,27,22,220,220,20027,20305,20355,,328,,50,,,,,,50
772,12,71,5,1,0,0x15,14,38,11,32,21.000,38.000,17.000,22,17,220,220,20027,20355,20405,,378,,50,,,,,,50
773,12,71,5,1,0,0x15,13,30,10,29,17.667,30.000,12.333,17,13,220,220,20027,20405,20455,,428,,50,,,,,,50
774,12,71,5,1,0,0x15,13,23,10,27,15.333,23.000,7.667,13,8,220,220,20027,20455,20505,,478,,50,,,,,,50
775,12,71,5,1,0,0x15,13,16,9,24,12.667,16.000,3.333,8,4,220,220,20027,20505,20555,,528,,50,,,,,,50
776,12,71,5,1,1,0x35,12,9,9,21,10.000,9.000,-1.000,4,-1,220,220,20027,20555,20605,0,578,45509,50,44981,20605,575,575,575,50
777,12,71,5,1,0,0x15,11,2,8,19,7.000,2.000,-5.000,-1,-5,220,220,20027,20605,20655,,628,,50,,,,,,50
778,12,71,5,1,0,0x15,11,0,9,16,6.667,0.000,-6.667,-5,-6,220,220,20027,20655,20705,,678,,50,,,,,,50
779,12,71,5,1,0,0x15,10,0,8,14,6.000,0.000,-6.000,-6,-6,220,220,20027,20705,20755,,728,,50,,,,,,50
780,12,71,5,1,0,0x15,10,0,8,11,6.000,0.000,-6.000,-6,-6,220,220,20027,20755,20805,,778,,50,,,,,,50
781,12,71,5,1,0,0x15,10,0,7,8,5.667,0.000,-5.667,-6,-5,220,220,20027,20805,20855,,828,,50,,,,,,50
782,12,71,5,1,0,0x15,9,0,7,5,5.333,0.000,-5.333,-5,-5,220,220,20027,20855,20905,,878,,50,,,,,,50
783,12,71,5,1,0,0x15,9,0,6,3,5.000,0.000,-5.000,-5,-5,220,220,20027,20905,20955,,928,,50,,,,,,50
784,12,71,5,1,0,0x15,8,0,6,0,4.667,0.000,-4.667,-5,-4,220,220,20027,20955,21005,,978,,50,,,,,,50
785,12,71,5,1,0,0x15,8,0,5,0,4.333,0.000,-4.333,-4,-4,220,220,20027,21005,21055,,1028,,50,,,,,,50
786,12,71,5,1,0,0x15,8,0,4,0,4.000,0.000,-4.000,-4,-4,220,220,20027,21055,21105,,1078,,50,,,,,,50
787,12,71,5,1,0,0x15,11,0,4,0,5.000,0.000,-5.000,-4,-5,220,220,20027,21105,21155,,1128,,50,,,,,,50
788,12,72,6,1,0,0x16,85,14,13,49,37.333,85.000,47.667,44,48,220,220,21202,22205,22255,,1053,,50,,,,,,50
789,12,72,6,1,0,0x16,91,15,13,51,39.667,91.000,51.333,48,52,220,220,21202,22255,22305,,1103,,50,,,,,,50
790,13,73,1,1,0,0x11,15,11,80,46,35.333,80.000,44.667,52,45,220,220,22352,22305,22405,,53,,100,,,,,,50
791,13,73,1,1,0,0x11,17,13,74,47,34.667,74.000,39.333,45,40,220,220,22352,22405,22455,,103,,50,,,,,,50
792,13,73,1,1,0,0x11,17,13,67,43,32.333,67.000,34.667,40,35,220,220,22352,22455,22505,,153,,50,,,,,,50
793,13,73,1,1,0,0x11,16,13,59,40,29.333,59.000,29.667,35,30,220,220,22352,22505,22555,,203,,50,,,,,,50
794,13,73,1,1,0,0x11,15,13,51,38,26.333,51.000,24.667,30,25,220,220,22352,22555,22605,,253,,50,,,,,,50
795,13,73,1,1,0,0x11,15,12,43,35,23.333,43.000,19.667,25,20,220,220,22352,22605,22655,,303,,50,,,,,,50
796,13,73,1,1,0,0x11,14,11,36,32,20.333,36.000,15.667,20,16,220,220,22352,22655,22705,,353,,50,,,,,,50
797,13,73,1,1,0,0x11,13,11,29,29,17.667,29.000,11.333,16,12,220,220,22352,22705,22755,,403,,50,,,,,,50
798,13,73,1,1,0,0x11,13,11,22,26,15.333,22.000,6.667,12,7,220,220,22352,22755,22805,,453,,50,,,,,,50
799,13,73,1,1,0,0x11,13,10,15,24,12.667,15.000,2.333,7,3,220,220,22352,22805,22855,,503,,50,,,,,,50
800,13,73,1,1,1,0x31,13,10,8,21,10.333,8.000,-2.333,3,-2,220,220,22352,22855,22905,0,553,43184,50,42681,22905,575,575,575,50
801,13,73,1,1,0,0x11,13,10,1,18,8.000,1.000,-7.000,-2,-7,220,220,22352,22905,22955,,603,,50,,,,,,50
802,13,73,1,1,0,0x11,12,9,0,16,7.000,0.000,-7.000,-7,-7,220,220,22352,22955,23005,,653,,50,,,,,,50
803,13,73,1,1,0,0x11,11,9,0,13,6.667,0.000,-6.667,-7,-6,220,220,22352,23005,23055,,703,,50,,,,,,50
804,13,73,1,1,0,0x11,11,8,0,10,6.333,0.000,-6.333,-6,-6,220,220,22352,23055,23105,,753,,50,,,,,,50
805,13,73,1,1,0,0x11,14,8,0,8,7.333,0.000,-7.333,-6,-7,220,220,22352,23105,23155,,803,,50,,,,,,50
806,13,73,1,1,0,0x11,10,7,0,5,5.667,0.000,-5.667,-7,-5,220,220,22352,23155,23205,,853,,50,,,,,,50
807,13,73,1,1,0,0x11,9,7,0,2,5.333,0.000,-5.333,-5,-5,220,220,22352,23205,23255,,903,,50,,,,,,50
808,13,74,2,1,0,0x12,15,54,11,38,26.667,54.000,27.333,22,28,220,220,23502,24305,24355,,853,,50,,,,,,50
809,13,74,2,1,0,0x12,16,61,12,40,29.667,61.000,31.333,28,32,220,220,23502,24355,24405,,903,,50,,,,,,50
810,13,74,2,1,0,0x12,16,69,12,43,32.333,69.000,36.667,32,37,220,220,23502,24405,24455,,953,,50,,,,,,50
811,13,74,2,1,0,0x12,16,77,13,46,35.333,77.000,41.667,37,42,220,220,23502,24455,24505,,1003,,50,,,,,,50
812,13,74,2,1,0,0x12,17,84,13,49,38.000,84.000,46.000,42,46,220,220,23502,24505,24555,,1053,,50,,,,,,50
813,13,74,2,1,0,0x12,17,92,13,52,40.667,92.000,51.333,46,52,220,220,23502,24555,24605,,1103,,50,,,,,,50
814,13,75,3,1,0,0x13,88,14,10,47,37.333,88.000,50.667,52,51,220,220,24652,24605,24705,,53,,100,,,,,,50
815,13,75,3,1,0,0x13,84,16,13,48,37.667,84.000,46.333,51,47,220,220,24652,24705,24755,,103,,50,,,,,,50
816,13,75,3,1,0,0x13,77,14,13,45,34.667,77.000,42.333,47,43,220,220,24652,24755,24805,,153,,50,,,,,,50
817,13,75,3,1,0,0x13,68,14,12,42,31.333,68.000,36.667,43,37,220,220,24652,24805,24855,,203,,50,,,,,,50
818,13,75,3,1,0,0x13,61,13,12,39,28.667,61.000,32.333,37,33,220,220,24652,24855,24905,,253,,50,,,,,,50
819,13,75,3,1,0,0x13,53,13,11,36,25.667,53.000,27.333,33,28,220,220,24652,24905,24955,,303,,50,,,,,,50
820,13,75,3,1,0,0x13,45,13,11,33,23.000,45.000,22.000,28,22,220,220,24652,24955,25005,,353,,50,,,,,,50
821,13,75,3,1,0,0x13,37,12,10,31,19.667,37.000,17.333,22,18,220,220,24652,25005,25055,,403,,50,,,,,,50
822,13,75,3,1,0,0x13,29,11,10,28,16.667,29.000,12.333,18,13,220,220,24652,25055,25105,,453,,50,,,,,,50
823,13,75,3,1,0,0x13,26,11,9,26,15.333,26.000,10.667,13,11,220,220,24652,25105,25155,,503,,50,,,,,,50
824,13,75,3,1,0,0x13,15,11,9,23,11.667,15.000,3.333,11,4,220,220,24652,25155,25205,,553,,50,,,,,,50
825,13,75,3,1,1,0x33,8,10,9,20,9.000,8.000,-1.000,4,-1,220,220,24652,25205,25255,0,603,40884,50,40331,25255,600,600,600,50
826,13,75,3,1,0,0x13,0,10,8,17,6.000,0.000,-6.000,-1,-6,220,220,24652,25255,25305,,653,,50,,,,,,50
827,13,75,3,1,0,0x13,0,10,8,15,6.000,0.000,-6.000,-6,-6,220,220,24652,25305,25355,,703,,50,,,,,,50
828,13,76,4,1,0,0x14,13,11,21,26,15.000,21.000,6.000,2,6,220,220,25877,26405,26455,,578,,50,,,,,,50
829,13,76,4,1,0,0x14,13,11,28,28,17.333,28.000,10.667,6,11,220,220,25877,26455,26505,,628,,50,,,,,,50
830,13,76,4,1,0,0x14,14,12,35,32,20.333,35.000,14.667,11,15,220,220,25877,26505,26555,,678,,50,,,,,,50
831,13,76,4,1,0,0x14,14,13,42,34,23.000,42.000,19.000,15,19,220,220,25877,26555,26605,,728,,50,,,,,,50
832,13,76,4,1,0,0x14,14,13,50,37,25.667,50.000,24.333,19,25,220,220,25877,26605,26655,,778,,50,,,,,,50
833,13,76,4,1,0,0x14,15,13,57,40,28.333,57.000,28.667,25,29,220,220,25877,26655,26705,,828,,50,,,,,,50
834,13,76,4,1,0,0x14,16,13,64,42,31.000,64.000,33.000,29,33,220,220,25877,26705,26755,,878,,50,,,,,,50
835,13,76,4,1,0,0x14,16,13,71,45,33.333,71.000,37.667,33,38,220,220,25877,26755,26805,,928,,50,,,,,,50
836,13,76,4,1,0,0x14,16,14,80,48,36.667,80.000,43.333,38,44,220,220,25877,26805,26855,,978,,50,,,,,,50
837,13,76,4,1,0,0x14,17,14,87,51,39.333,87.000,47.667,44,48,220,220,25877,26855,26905,,1028,,50,,,,,,50
838,13,76,4,1,0,0x14,17,14,94,53,41.667,94.000,52.333,48,53,220,220,25877,26905,26955,,1078,,50,,,,,,50
839,13,77,5,1,0,0x15,11,78,13,44,34.000,78.000,44.000,53,44,220,220,27002,26955,27055,,53,,100,,,,,,50
840,13,77,5,1,0,0x15,15,73,14,45,34.000,73.000,39.000,44,39,220,220,27002,27055,27105,,103,,50,,,,,,50
841,13,77,5,1,0,0x15,20,65,13,43,32.667,65.000,32.333,39,33,220,220,27002,27105,27155,,153,,50,,,,,,50
842,13,77,5,1,0,0x15,15,56,12,39,27.667,56.000,28.333,33,29,220,220,27002,27155,27205,,203,,50,,,,,,50
843,13,77,5,1,0,0x15,15,48,11,36,24.667,48.000,23.333,29,24,220,220,27002,27205,27255,,253,,50,,,,,,50
844,13,77,5,1,0,0x15,14,40,11,33,21.667,40.000,18.333,24,19,220,220,27002,27255,27305,,303,,50,,,,,,50
845,13,77,5,1,0,0x15,13,33,10,30,18.667,33.000,14.333,19,15,220,220,27002,27305,27355,,353,,50,,,,,,50
846,13,77,5,1,0,0x15,13,26,10,28,16.333,26.000,9.667,15,10,220,220,27002,27355,27405,,403,,50,,,,,,50
847,13,77,5,1,0,0x15,13,18,10,25,13.667,18.000,4.333,10,5,220,220,27002,27405,27455,,453,,50,,,,,,50
848,13,78,6,1,0,0x16,0,9,8,15,5.667,0.000,-5.667,-5,-5,220,220,28152,28505,28555,,403,,50,,,,,,50
849,13,78,6,1,0,0x16,2,10,8,18,6.667,2.000,-4.667,-5,-4,220,220,28152,28555,28605,,453,,50,,,,,,50
850,13,78,6,1,0,0x16,8,10,9,20,9.000,8.000,-1.000,-4,-1,220,220,28152,28605,28655,,503,,50,,,,,,50
851,13,78,6,1,1,0x36,15,10,9,23,11.333,15.000,3.667,-1,4,220,220,28152,28655,28705,0,553,37384,50,36881,28705,575,575,575,50
852,13,78,6,1,0,0x16,23,10,10,25,14.333,23.000,8.667,4,9,220,220,28152,28705,28755,,603,,50,,,,,,50
853,13,78,6,1,0,0x16,29,11,10,28,16.667,29.000,12.333,9,13,220,220,28152,28755,28805,,653,,50,,,,,,50
854,13,78,6,1,0,0x16,37,11,10,31,19.333,37.000,17.667,13,18,220,220,28152,28805,28855,,703,,50,,,,,,50
855,13,78,6,1,0,0x16,44,12,11,33,22.333,44.000,21.667,18,22,220,220,28152,28855,28905,,753,,50,,,,,,50
856,13,78,6,1,0,0x16,51,13,11,37,25.000,51.000,26.000,22,26,220,220,28152,28905,28955,,803,,50,,,,,,50
857,13,78,6,1,0,0x16,59,13,11,39,27.667,59.000,31.333,26,32,220,220,28152,28955,29005,,853,,50,,,,,,50
858,13,78,6,1,0,0x16,67,13,12,42,30.667,67.000,36.333,32,37,220,220,28152,29005,29055,,903,,50,,,,,,50
859,13,78,6,1,0,0x16,74,14,13,45,33.667,74.000,40.333,37,41,220,220,28152,29055,29105,,953,,50,,,,,,50
860,13,78,6,1,0,0x16,85,14,13,48,37.333,85.000,47.667,41,48,220,220,28152,29105,29155,,1003,,50,,,,,,50
861,13,78,6,1,0,0x16,88,15,13,50,38.667,88.000,49.333,48,50,220,220,28152,29155,29205,,1053,,50,,,,,,50
862,13,78,6,1,0,0x16,96,15,13,53,41.333,96.000,54.667,50,55,220,220,28152,29205,29255,,1103,,50,,,,,,50
863,14,79,1,1,0,0x11,15,10,80,46,35.000,80.000,45.000,55,45,220,220,29302,29255,29355,,53,,100,,,,,,50
864,14,79,1,1,0,0x11,18,13,75,47,35.333,75.000,39.667,45,40,220,220,29302,29355,29405,,103,,50,,,,,,50
865,14,79,1,1,0,0x11,17,13,66,44,32.000,66.000,34.000,40,34,220,220,29302,29405,29455,,153,,50,,,,,,50
866,14,79,1,1,0,0x11,16,13,58,40,29.000,58.000,29.000,34,29,220,220,29302,29455,29505,,203,,50,,,,,,50
867,14,79,1,1,0,0x11,15,12,50,37,25.667,50.000,24.333,29,25,220,220,29302,29505,29555,,253,,50,,,,,,50
868,14,80,2,1,0,0x12,9,0,6,3,5.000,0.000,-5.000,-5,-5,220,220,30452,30605,30655,,203,,50,,,,,,50
869,14,80,2,1,0,0x12,10,0,6,6,5.333,0.000,-5.333,-5,-5,220,220,30452,30655,30705,,253,,50,,,,,,50
870,14,80,2,1,0,0x12,10,0,7,9,5.667,0.000,-5.667,-5,-5,220,220,30452,30705,30755,,303,,50,,,,,,50
871,14,80,2,1,0,0x12,11,0,7,12,6.000,0.000,-6.000,-5,-6,220,220,30452,30755,30805,,353,,50,,,,,,50
872,14,80,2,1,0,0x12,11,0,8,14,6.333,0.000,-6.333,-6,-6,220,220,30452,30805,30855,,403,,50,,,,,,50
873,14,80,2,1,0,0x12,12,0,8,17,6.667,0.000,-6.667,-6,-6,220,220,30452,30855,30905,,453,,50,,,,,,50
874,14,80,2,1,0,0x12,12,5,8,20,8.333,5.000,-3.333,-6,-3,220,220,30452,30905,30955,,503,,50,,,,,,50
875,14,80,2,1,1,0x32,13,12,9,22,11.333,12.000,0.667,-3,1,220,220,30452,30955,31005,0,553,35084,50,34581,31005,575,575,575,50
876,14,80,2,1,0,0x12,13,19,9,25,13.667,19.000,5.333,1,6,220,220,30452,31005,31055,,603,,50,,,,,,50
877,14,80,2,1,0,0x12,14,27,10,28,17.000,27.000,10.000,6,10,220,220,30452,31055,31105,,653,,50,,,,,,50
878,14,80,2,1,0,0x12,18,33,10,30,20.333,33.000,12.667,10,13,220,220,30452,31105,31155,,703,,50,,,,,,50
879,14,80,2,1,0,0x12,15,41,11,33,22.333,41.000,18.667,13,19,220,220,30452,31155,31205,,753,,50,,,,,,50
880,14,80,2,1,0,0x12,14,49,11,36,24.667,49.000,24.333,19,25,220,220,30452,31205,31255,,803,,50,,,,,,50
881,14,80,2,1,0,0x12,16,56,11,39,27.667,56.000,28.333,25,29,220,220,30452,31255,31305,,853,,50,,,,,,50
882,14,80,2,1,0,0x12,16,64,12,41,30.667,64.000,33.333,29,34,220,220,30452,31305,31355,,903,,50,,,,,,50
883,14,80,2,1,0,0x12,16,72,12,44,33.333,72.000,38.667,34,39,220,220,30452,31355,31405,,953,,50,,,,,,50
884,14,80,2,1,0,0x12,16,80,13,47,36.333,80.000,43.667,39,44,220,220,30452,31405,31455,,1003,,50,,,,,,50
885,14,80,2,1,0,0x12,17,88,13,50,39.333,88.000,48.667,44,49,220,220,30452,31455,31505,,1053,,50,,,,,,50
886,14,80,2,1,0,0x12,17,96,14,53,42.333,96.000,53.667,49,54,220,220,30452,31505,31555,,1103,,50,,,,,,50
887,14,81,3,1,0,0x13,82,14,10,45,35.333,82.000,46.667,54,47,220,220,31602,31555,31655,,53,,100,,,,,,50
888,14,81,3,1,0,0x13,0,5,4,0,3.000,0.000,-3.000,-3,-3,220,220,31602,32655,32705,,1103,,50,,,,,,50
889,14,81,3,1,0,0x13,0,5,4,0,3.000,0.000,-3.000,-3,-3,220,220,31602,32705,32755,,1153,,50,,,,,,50
890,14,81,3,1,0,0x13,0,4,4,0,2.667,0.000,-2.667,-3,-2,220,220,31602,32755,32805,,1203,,50,,,,,,50
891,14,82,4,1,0,0x14,9,7,0,0,5.333,0.000,-5.333,-2,-5,220,220,32827,32805,32905,,78,,100,,,,,,50
892,14,82,4,1,0,0x14,9,8,0,2,5.667,0.000,-5.667,-5,-5,220,220,32827,32905,32955,,128,,50,,,,,,50
893,14,82,4,1,0,0x14,9,8,0,4,5.667,0.000,-5.667,-5,-5,220,220,32827,32955,33005,,178,,50,,,,,,50
894,14,82,4,1,0,0x14,9,8,0,8,5.667,0.000,-5.667,-5,-5,220,220,32827,33005,33055,,228,,50,,,,,,50
895,14,82,4,1,0,0x14,10,9,0,10,6.333,0.000,-6.333,-5,-6,220,220,32827,33055,33105,,278,,50,,,,,,50
896,14,82,4,1,0,0x14,15,9,0,14,8.000,0.000,-8.000,-6,-8,220,220,32827,33105,33155,,328,,50,,,,,,50
897,14,82,4,1,0,0x14,11,10,0,16,7.000,0.000,-7.000,-8,-7,220,220,32827,33155,33205,,378,,50,,,,,,50
898,14,82,4,1,0,0x14,11,10,2,19,7.667,2.000,-5.667,-7,-5,220,220,32827,33205,33255,,428,,50,,,,,,50
899,14,82,4,1,0,0x14,12,10,9,21,10.333,9.000,-1.333,-5,-1,220,220,32827,33255,33305,,478,,50,,,,,,50
900,14,82,4,1,1,0x34,12,11,16,24,13.000,16.000,3.000,-1,3,220,220,32827,33305,33355,0,528,32709,50,32231,33355,575,575,575,50
901,14,82,4,1,0,0x14,13,11,23,26,15.667,23.000,7.333,3,8,220,220,32827,33355,33405,,578,,50,,,,,,50
902,14,82,4,1,0,0x14,13,12,31,29,18.667,31.000,12.333,8,13,220,220,32827,33405,33455,,628,,50,,,,,,50
903,14,82,4,1,0,0x14,14,12,37,32,21.000,37.000,16.000,13,16,220,220,32827,33455,33505,,678,,50,,,,,,50
904,14,82,4,1,0,0x14,14,12,44,35,23.333,44.000,20.667,16,21,220,220,32827,33505,33555,,728,,50,,,,,,50
905,14,82,4,1,0,0x14,14,13,52,38,26.333,52.000,25.667,21,26,220,220,32827,33555,33605,,778,,50,,,,,,50
906,14,82,4,1,0,0x14,15,13,60,41,29.333,60.000,30.667,26,31,220,220,32827,33605,33655,,828,,50,,,,,,50
907,14,82,4,1,0,0x14,15,13,67,43,31.667,67.000,35.333,31,36,220,220,32827,33655,33705,,878,,50,,,,,,50
908,14,83,5,1,0,0x15,9,0,6,3,5.000,0.000,-5.000,-5,-5,220,220,33952,34755,34805,,853,,50,,,,,,50
909,14,83,5,1,0,0x15,9,0,6,0,5.000,0.000,-5.000,-5,-5,220,220,33952,34805,34855,,903,,50,,,,,,50
910,14,83,5,1,0,0x15,8,0,5,0,4.333,0.000,-4.333,-5,-4,220,220,33952,34855,34905,,953,,50,,,,,,50
911,14,83,5,1,0,0x15,8,0,5,0,4.333,0.000,-4.333,-4,-4,220,220,33952,34905,34955,,1003,,50,,,,,,50
912,14,83,5,1,0,0x15,7,0,4,0,3.667,0.000,-3.667,-4,-3,220,220,33952,34955,35005,,1053,,50,,,,,,50
913,14,83,5,1,0,0x15,6,0,3,0,3.000,0.000,-3.000,-3,-3,220,220,33952,35005,35055,,1103,,50,,,,,,50
914,14,84,6,1,0,0x16,0,8,9,0,5.667,0.000,-5.667,-3,-5,220,220,35102,35055,35155,,53,,100,,,,,,50
915,14,84,6,1,0,0x16,0,6,6,0,4.000,0.000,-4.000,-5,-4,220,220,35102,35155,35205,,103,,50,,,,,,50
916,14,84,6,1,0,0x16,0,7,7,2,4.667,0.000,-4.667,-4,-4,220,220,35102,35205,35255,,153,,50,,,,,,50
917,14,84,6,1,0,0x16,0,8,7,5,5.000,0.000,-5.000,-4,-5,220,220,35102,35255,35305,,203,,50,,,,,,50
918,14,84,6,1,0,0x16,0,8,7,7,5.000,0.000,-5.000,-5,-5,220,220,35102,35305,35355,,253,,50,,,,,,50
919,14,84,6,1,0,0x16,0,8,8,11,5.333,0.000,-5.333,-5,-5,220,220,35102,35355,35405,,303,,50,,,,,,50
920,14,84,6,1,0,0x16,0,9,8,13,5.667,0.000,-5.667,-5,-5,220,220,35102,35405,35455,,353,,50,,,,,,50
921,14,84,6,1,0,0x16,0,9,8,16,5.667,0.000,-5.667,-5,-5,220,220,35102,35455,35505,,403,,50,,,,,,50
922,14,84,6,1,0,0x16,5,10,9,19,8.000,5.000,-3.000,-5,-3,220,220,35102,35505,35555,,453,,50,,,,,,50
923,14,84,6,1,1,0x36,13,10,9,22,10.667,13.000,2.333,-3,3,220,220,35102,35555,35605,0,503,30434,50,29981,35605,550,550,550,50
924,14,84,6,1,0,0x16,19,11,10,24,13.333,19.000,5.667,3,6,220,220,35102,35605,35655,,553,,50,,,,,,50
925,14,84,6,1,0,0x16,27,11,10,27,16.000,27.000,11.000,6,11,220,220,35102,35655,35705,,603,,50,,,,,,50
926,14,84,6,1,0,0x16,34,11,10,30,18.333,34.000,15.667,11,16,220,220,35102,35705,35755,,653,,50,,,,,,50
927,14,84,6,1,0,0x16,41,12,11,32,21.333,41.000,19.667,16,20,220,220,35102,35755,35805,,703,,50,,,,,,50
928,15,85,1,1,0,0x11,12,9,0,15,7.000,0.000,-7.000,-7,-7,220,220,36177,36855,36905,,728,,50,,,,,,50
929,15,85,1,1,0,0x11,11,9,0,12,6.667,0.000,-6.667,-7,-6,220,220,36177,36905,36955,,778,,50,,,,,,50
930,15,85,1,1,0,0x11,11,8,0,9,6.333,0.000,-6.333,-6,-6,220,220,36177,36955,37005,,828,,50,,,,,,50
931,15,85,1,1,0,0x11,10,8,0,6,6.000,0.000,-6.000,-6,-6,220,220,36177,37005,37055,,878,,50,,,,,,50
932,15,85,1,1,0,0x11,10,7,0,3,5.667,0.000,-5.667,-6,-5,220,220,36177,37055,37105,,928,,50,,,,,,50
933,15,85,1,1,0,0x11,14,7,0,1,7.000,0.000,-7.000,-5,-7,220,220,36177,37105,37155,,978,,50,,,,,,50
934,15,85,1,1,0,0x11,9,6,0,0,5.000,0.000,-5.000,-7,-5,220,220,36177,37155,37205,,1028,,50,,,,,,50
935,15,85,1,1,0,0x11,8,6,0,0,4.667,0.000,-4.667,-5,-4,220,220,36177,37205,37255,,1078,,50,,,,,,50
936,15,85,1,1,0,0x11,7,6,0,0,4.333,0.000,-4.333,-4,-4,220,220,36177,37255,37305,,1128,,50,,,,,,50
937,15,86,2,1,0,0x12,12,0,5,0,5.667,0.000,-5.667,-4,-5,220,220,37352,37305,37405,,53,,100,,,,,,50
938,15,86,2,1,0,0x12,9,0,4,0,4.333,0.000,-4.333,-5,-4,220,220,37352,37405,37455,,103,,50,,,,,,50
939,15,86,2,1,0,0x12,9,0,5,0,4.667,0.000,-4.667,-4,-4,220,220,37352,37455,37505,,153,,50,,,,,,50
940,15,86,2,1,0,0x12,9,0,6,0,5.000,0.000,-5.000,-4,-5,220,220,37352,37505,37555,,203,,50,,,,,,50
941,15,86,2,1,0,0x12,9,0,6,2,5.000,0.000,-5.000,-5,-5,220,220,37352,37555,37605,,253,,50,,,,,,50
942,15,86,2,1,0,0x12,10,0,7,5,5.667,0.000,-5.667,-5,-5,220,220,37352,37605,37655,,303,,50,,,,,,50
943,15,86,2,1,0,0x12,10,0,7,9,5.667,0.000,-5.667,-5,-5,220,220,37352,37655,37705,,353,,50,,,,,,50
944,15,86,2,1,0,0x12,11,0,7,12,6.000,0.000,-6.000,-5,-6,220,220,37352,37705,37755,,403,,50,,,,,,50
945,15,86,2,1,0,0x12,12,0,8,15,6.667,0.000,-6.667,-6,-6,220,220,37352,37755,37805,,453,,50,,,,,,50
946,15,86,2,1,0,0x12,12,0,8,17,6.667,0.000,-6.667,-6,-6,220,220,37352,37805,37855,,503,,50,,,,,,50
947,15,86,2,1,0,0x12,13,7,9,20,9.667,7.000,-2.667,-6,-2,220,220,37352,37855,37905,,553,,50,,,,,,50
948,15,87,3,1,0,0x13,24,11,9,26,14.667,24.000,9.333,14,10,220,220,38577,38955,39005,,428,,50,,,,,,50
949,15,87,3,1,0,0x13,16,10,9,23,11.667,16.000,4.333,10,5,220,220,38577,39005,39055,,478,,50,,,,,,50
950,15,87,3,1,0,0x13,9,10,9,20,9.333,9.000,-0.333,5,0,220,220,38577,39055,39105,,528,,50,,,,,,50
951,15,87,3,1,1,0x33,6,10,8,18,8.000,6.000,-2.000,0,-2,220,220,38577,39105,39155,0,578,26959,50,26431,39155,600,600,600,50
952,15,87,3,1,0,0x13,0,9,8,15,5.667,0.000,-5.667,-2,-5,220,220,38577,39155,39205,,628,,50,,,,,,50
953,15,87,3,1,0,0x13,0,9,8,12,5.667,0.000,-5.667,-5,-5,220,220,38577,39205,39255,,678,,50,,,,,,50
954,15,87,3,1,0,0x13,0,9,7,9,5.333,0.000,-5.333,-5,-5,220,220,38577,39255,39305,,728,,50,,,,,,50
955,15,87,3,1,0,0x13,0,8,6,6,4.667,0.000,-4.667,-5,-4,220,220,38577,39305,39355,,778,,50,,,,,,50
956,15,87,3,1,0,0x13,0,8,7,3,5.000,0.000,-5.000,-4,-5,220,220,38577,39355,39405,,828,,50,,,,,,50
957,15,87,3,1,0,0x13,0,7,6,0,4.333,0.000,-4.333,-5,-4,220,220,38577,39405,39455,,878,,50,,,,,,50
958,15,87,3,1,0,0x13,0,6,5,0,3.667,0.000,-3.667,-4,-3,220,220,38577,39455,39505,,928,,50,,,,,,50
959,15,87,3,1,0,0x13,0,6,5,0,3.667,0.000,-3.667,-3,-3,220,220,38577,39505,39555,,978,,50,,,,,,50
960,15,87,3,1,0,0x13,0,6,5,0,3.667,0.000,-3.667,-3,-3,220,220,38577,39555,39605,,1028,,50,,,,,,50
961,15,87,3,1,0,0x13,0,5,4,0,3.000,0.000,-3.000,-3,-3,220,220,38577,39605,39655,,1078,,50,,,,,,50
962,15,87,3,1,0,0x13,0,4,4,0,2.667,0.000,-2.667,-3,-2,220,220,38577,39655,39705,,1128,,50,,,,,,50
963,15,87,3,1,0,0x13,0,4,3,0,2.333,0.000,-2.333,-2,-2,220,220,38577,39705,39755,,1178,,50,,,,,,50
964,15,88,4,1,0,0x14,9,8,0,2,5.667,0.000,-5.667,-2,-5,220,220,39777,39755,39855,,78,,100,,,,,,50
965,15,88,4,1,0,0x14,9,7,0,4,5.333,0.000,-5.333,-5,-5,220,220,39777,39855,39905,,128,,50,,,,,,50
966,15,88,4,1,0,0x14,9,8,0,7,5.667,0.000,-5.667,-5,-5,220,220,39777,39905,39955,,178,,50,,,,,,50
967,15,88,4,1,0,0x14,10,9,0,10,6.333,0.000,-6.333,-5,-6,220,220,39777,39955,40005,,228,,50,,,,,,50
968,15,89,5,1,0,0x15,15,53,12,38,26.667,53.000,26.333,32,27,220,220,40827,41055,41105,,278,,50,,,,,,50
969,15,89,5,1,0,0x15,19,46,11,35,25.333,46.000,20.667,27,21,220,220,40827,41105,41155,,328,,50,,,,,,50
970,15,89,5,1,0,0x15,14,39,11,32,21.333,39.000,17.667,21,18,220,220,40827,41155,41205,,378,,50,,,,,,50
971,15,89,5,1,0,0x15,13,31,10,29,18.000,31.000,13.000,18,13,220,220,40827,41205,41255,,428,,50,,,,,,50
972,15,89,5,1,0,0x15,13,24,10,27,15.667,24.000,8.333,13,9,220,220,40827,41255,41305,,478,,50,,,,,,50
973,15,89,5,1,0,0x15,13,16,10,24,13.000,16.000,3.000,9,3,220,220,40827,41305,41355,,528,,50,,,,,,50
974,15,89,5,1,1,0x35,12,9,9,21,10.000,9.000,-1.000,3,-1,220,220,40827,41355,41405,0,578,24709,50,24181,41405,575,575,575,50
975,15,89,5,1,0,0x15,12,2,9,19,7.667,2.000,-5.667,-1,-5,220,220,40827,41405,41455,,628,,50,,,,,,50
976,15,89,5,1,0,0x15,11,0,9,16,6.667,0.000,-6.667,-5,-6,220,220,40827,41455,41505,,678,,50,,,,,,50
977,15,89,5,1,0,0x15,10,0,8,13,6.000,0.000,-6.000,-6,-6,220,220,40827,41505,41555,,728,,50,,,,,,50
978,15,89,5,1,0,0x15,10,0,8,10,6.000,0.000,-6.000,-6,-6,220,220,40827,41555,41605,,778,,50,,,,,,50
979,15,89,5,1,0,0x15,10,0,7,8,5.667,0.000,-5.667,-6,-5,220,220,40827,41605,41655,,828,,50,,,,,,50
980,15,89,5,1,0,0x15,9,0,6,5,5.000,0.000,-5.000,-5,-5,220,220,40827,41655,41705,,878,,50,,,,,,50
981,15,89,5,1,0,0x15,9,0,6,1,5.000,0.000,-5.000,-5,-5,220,220,40827,41705,41755,,928,,50,,,,,,50
982,15,89,5,1,0,0x15,8,0,6,0,4.667,0.000,-4.667,-5,-4,220,220,40827,41755,41805,,978,,50,,,,,,50
983,15,89,5,1,0,0x15,8,0,5,0,4.333,0.000,-4.333,-4,-4,220,220,40827,41805,41855,,1028,,50,,,,,,50
984,15,89,5,1,0,0x15,7,0,5,0,4.000,0.000,-4.000,-4,-4,220,220,40827,41855,41905,,1078,,50,,,,,,50
985,15,89,5,1,0,0x15,7,0,4,0,3.667,0.000,-3.667,-4,-3,220,220,40827,41905,41955,,1128,,50,,,,,,50
986,15,90,6,1,0,0x16,0,7,8,0,5.000,0.000,-5.000,-3,-5,220,220,42002,41955,42055,,53,,100,,,,,,50
987,15,90,6,1,0,0x16,0,5,6,0,3.667,0.000,-3.667,-5,-3,220,220,42002,42055,42105,,103,,50,,,,,,50
988,16,91,1,1,0,0x11,15,10,79,45,34.667,79.000,44.333,53,45,220,220,43152,43105,43205,,53,,100,,,,,,50
989,16,91,1,1,0,0x11,18,13,73,46,34.667,73.000,38.333,45,39,220,220,43152,43205,43255,,103,,50,,,,,,50
990,16,91,1,1,0,0x11,16,13,65,43,31.333,65.000,33.667,39,34,220,220,43152,43255,43305,,153,,50,,,,,,50
991,16,91,1,1,0,0x11,16,13,57,40,28.667,57.000,28.333,34,29,220,220,43152,43305,43355,,203,,50,,,,,,50
992,16,91,1,1,0,0x11,15,13,49,37,25.667,49.000,23.333,29,24,220,220,43152,43355,43405,,253,,50,,,,,,50
993,16,91,1,1,0,0x11,15,12,42,34,23.000,42.000,19.000,24,19,220,220,43152,43405,43455,,303,,50,,,,,,50
994,16,91,1,1,0,0x11,14,11,34,31,19.667,34.000,14.333,19,15,220,220,43152,43455,43505,,353,,50,,,,,,50
995,16,91,1,1,0,0x11,14,11,26,28,17.000,26.000,9.000,15,9,220,220,43152,43505,43555,,403,,50,,,,,,50
996,16,91,1,1,0,0x11,14,11,19,26,14.667,19.000,4.333,9,5,220,220,43152,43555,43605,,453,,50,,,,,,50
997,16,91,1,1,0,0x11,13,10,12,23,11.667,12.000,0.333,5,1,220,220,43152,43605,43655,,503,,50,,,,,,50
998,16,91,1,1,1,0x31,12,10,5,21,9.000,5.000,-4.000,1,-4,220,220,43152,43655,43705,0,553,22384,50,21881,43705,575,575,575,50
999,16,91,1,1,0,0x11,12,10,0,18,7.333,0.000,-7.333,-4,-7,220,220,43152,43705,43755,,603,,50,,,,,,50
1000,16,91,1,1,0,0x11,12,9,0,15,7.000,0.000,-7.000,-7,-7,220,220,43152,43755,43805,,653,,50,,,,,,50
1001,16,91,1,1,0,0x11,11,9,0,12,6.667,0.000,-6.667,-7,-6,220,220,43152,43805,43855,,703,,50,,,,,,50
1002,16,91,1,1,0,0x11,11,8,0,9,6.333,0.000,-6.333,-6,-6,220,220,43152,43855,43905,,753,,50,,,,,,50
1003,16,91,1,1,0,0x11,10,8,0,6,6.000,0.000,-6.000,-6,-6,220,220,43152,43905,43955,,803,,50,,,,,,50
1004,16,91,1,1,0,0x11,10,8,0,4,6.000,0.000,-6.000,-6,-6,220,220,43152,43955,44005,,853,,50,,,,,,50
1005,16,91,1,1,0,0x11,9,7,0,1,5.333,0.000,-5.333,-6,-5,220,220,43152,44005,44055,,903,,50,,,,,,50
1006,16,91,1,1,0,0x11,9,7,0,0,5.333,0.000,-5.333,-5,-5,220,220,43152,44055,44105,,953,,50,,,,,,50
1007,16,91,1,1,0,0x11,13,6,0,0,6.333,0.000,-6.333,-5,-6,220,220,43152,44105,44155,,1003,,50,,,,,,50
1008,16,92,2,1,0,0x12,16,69,12,43,32.333,69.000,36.667,32,37,220,220,44302,45205,45255,,953,,50,,,,,,50
1009,16,92,2,1,0,0x12,16,76,13,46,35.000,76.000,41.000,37,41,220,220,44302,45255,45305,,1003,,50,,,,,,50
1010,16,92,2,1,0,0x12,16,84,13,49,37.667,84.000,46.333,41,47,220,220,44302,45305,45355,,1053,,50,,,,,,50
1011,16,92,2,1,0,0x12,17,92,13,52,40.667,92.000,51.333,47,52,220,220,44302,45355,45405,,1103,,50,,,,,,50
1012,16,92,2,1,0,0x12,17,100,14,54,43.667,100.000,56.333,52,57,220,220,44302,45405,45455,,1153,,50,,,,,,50
1013,16,92,2,1,0,0x12,18,108,14,58,46.667,108.000,61.333,57,62,220,220,44302,45455,45505,,1203,,50,,,,,,50
1014,16,93,3,1,0,0x13,76,14,13,45,34.333,76.000,41.667,62,42,220,220,45527,45505,45605,,78,,100,,,,,,50
1015,16,93,3,1,0,0x13,68,14,12,42,31.333,68.000,36.667,42,37,220,220,45527,45605,45655,,128,,50,,,,,,50
1016,16,93,3,1,0,0x13,60,13,11,39,28.000,60.000,32.000,37,32,220,220,45527,45655,45705,,178,,50,,,,,,50
1017,16,93,3,1,0,0x13,52,13,11,36,25.333,52.000,26.667,32,27,220,220,45527,45705,45755,,228,,50,,,,,,50
1018,16,93,3,1,0,0x13,44,12,11,33,22.333,44.000,21.667,27,22,220,220,45527,45755,45805,,278,,50,,,,,,50
1019,16,93,3,1,0,0x13,36,12,11,30,19.667,36.000,16.333,22,17,220,220,45527,45805,45855,,328,,50,,,,,,50
1020,16,93,3,1,0,0x13,28,11,10,27,16.333,28.000,11.667,17,12,220,220,45527,45855,45905,,378,,50,,,,,,50
1021,16,93,3,1,0,0x13,20,11,9,25,13.333,20.000,6.667,12,7,220,220,45527,45905,45955,,428,,50,,,,,,50
1022,16,93,3,1,0,0x13,13,11,9,22,11.000,13.000,2.000,7,2,220,220,45527,45955,46005,,478,,50,,,,,,50
1023,16,93,3,1,1,0x33,6,10,9,19,8.333,6.000,-2.333,2,-2,220,220,45527,46005,46055,0,528,20009,50,19531,46055,575,575,575,50
1024,16,93,3,1,0,0x13,0,10,8,17,6.000,0.000,-6.000,-2,-6,220,220,45527,46055,46105,,578,,50,,,,,,50
1025,16,93,3,1,0,0x13,0,9,8,14,5.667,0.000,-5.667,-6,-5,220,220,45527,46105,46155,,628,,50,,,,,,50
1026,16,93,3,1,0,0x13,0,9,8,11,5.667,0.000,-5.667,-5,-5,220,220,45527,46155,46205,,678,,50,,,,,,50
1027,16,93,3,1,0,0x13,0,8,7,8,5.000,0.000,-5.000,-5,-5,220,220,45527,46205,46255,,728,,50,,,,,,50
1028,16,94,4,1,0,0x14,14,12,37,32,21.000,37.000,16.000,11,16,220,220,46652,47305,47355,,703,,50,,,,,,50
1029,16,94,4,1,0,0x14,14,12,45,35,23.667,45.000,21.333,16,22,220,220,46652,47355,47405,,753,,50,,,,,,50
1030,16,94,4,1,0,0x14,14,13,53,38,26.667,53.000,26.333,22,27,220,220,46652,47405,47455,,803,,50,,,,,,50
1031,16,94,4,1,0,0x14,15,13,60,41,29.333,60.000,30.667,27,31,220,220,46652,47455,47505,,853,,50,,,,,,50
1032,16,94,4,1,0,0x14,15,13,68,43,32.000,68.000,36.000,31,36,220,220,46652,47505,47555,,903,,50,,,,,,50
1033,16,94,4,1,0,0x14,16,13,75,46,34.667,75.000,40.333,36,41,220,220,46652,47555,47605,,953,,50,,,,,,50
1034,16,94,4,1,0,0x14,16,14,83,49,37.667,83.000,45.333,41,46,220,220,46652,47605,47655,,1003,,50,,,,,,50
1035,16,94,4,1,0,0x14,17,14,91,52,40.667,91.000,50.333,46,51,220,220,46652,47655,47705,,1053,,50,,,,,,50
1036,16,94,4,1,0,0x14,17,15,99,55,43.667,99.000,55.333,51,56,220,220,46652,47705,47755,,1103,,50,,,,,,50
1037,16,95,5,1,0,0x15,12,76,13,44,33.667,76.000,42.333,56,43,220,220,47802,47755,47855,,53,,100,,,,,,50
1038,16,95,5,1,0,0x15,16,71,14,45,33.667,71.000,37.333,43,38,220,220,47802,47855,47905,,103,,50,,,,,,50
1039,16,95,5,1,0,0x15,15,62,13,42,30.000,62.000,32.000,38,32,220,220,47802,47905,47955,,153,,50,,,,,,50
1040,16,95,5,1,0,0x15,15,54,12,38,27.000,54.000,27.000,32,27,220,220,47802,47955,48005,,203,,50,,,,,,50
1041,16,95,5,1,0,0x15,14,46,11,35,23.667,46.000,22.333,27,23,220,220,47802,48005,48055,,253,,50,,,,,,50
1042,16,95,5,1,0,0x15,14,38,11,32,21.000,38.000,17.000,23,17,220,220,47802,48055,48105,,303,,50,,,,,,50
1043,16,95,5,1,0,0x15,17,31,11,30,19.667,31.000,11.333,17,12,220,220,47802,48105,48155,,353,,50,,,,,,50
1044,16,95,5,1,0,0x15,13,24,10,27,15.667,24.000,8.333,12,9,220,220,47802,48155,48205,,403,,50,,,,,,50
1045,16,95,5,1,0,0x15,13,16,10,24,13.000,16.000,3.000,9,3,220,220,47802,48205,48255,,453,,50,,,,,,50
1046,16,95,5,1,0,0x15,12,10,9,22,10.333,10.000,-0.333,3,0,220,220,47802,48255,48305,,503,,50,,,,,,50
1047,16,95,5,1,1,0x35,12,4,9,19,8.333,4.000,-4.333,0,-4,220,220,47802,48305,48355,0,553,17734,50,17231,48355,575,575,575,50
1048,16,96,6,1,0,0x16,8,9,9,21,8.667,8.000,-0.667,-5,0,220,220,48952,49405,49455,,503,,50,,,,,,50
1049,16,96,6,1,1,0x36,15,10,9,23,11.333,15.000,3.667,0,4,220,220,48952,49455,49505,0,553,16584,50,16081,49505,575,575,575,50
1050,16,96,6,1,0,0x16,22,10,10,26,14.000,22.000,8.000,4,8,220,220,48952,49505,49555,,603,,50,,,,,,50
1051,16,96,6,1,0,0x16,30,11,10,28,17.000,30.000,13.000,8,13,220,220,48952,49555,49605,,653,,50,,,,,,50
1052,16,96,6,1,0,0x16,37,12,11,31,20.000,37.000,17.000,13,17,220,220,48952,49605,49655,,703,,50,,,,,,50
1053,16,96,6,1,0,0x16,45,12,11,34,22.667,45.000,22.333,17,23,220,220,48952,49655,49705,,753,,50,,,,,,50
1054,16,96,6,1,0,0x16,53,12,11,37,25.333,53.000,27.667,23,28,220,220,48952,49705,49755,,803,,50,,,,,,50
1055,16,96,6,1,0,0x16,61,13,12,40,28.667,61.000,32.333,28,33,220,220,48952,49755,49805,,853,,50,,,,,,50
1056,16,96,6,1,0,0x16,68,13,12,42,31.000,68.000,37.000,33,37,220,220,48952,49805,49855,,903,,50,,,,,,50
1057,16,96,6,1,0,0x16,75,14,12,45,33.667,75.000,41.333,37,42,220,220,48952,49855,49905,,953,,50,,,,,,50
1058,16,96,6,1,0,0x16,83,14,13,48,36.667,83.000,46.333,42,47,220,220,48952,49905,49955,,1003,,50,,,,,,50
1059,16,96,6,1,0,0x16,90,15,13,51,39.333,90.000,50.667,47,51,220,220,48952,49955,50005,,1053,,50,,,,,,50
1060,16,96,6,1,0,0x16,97,15,13,53,41.667,97.000,55.333,51,56,220,220,48952,50005,50055,,1103,,50,,,,,,50
1061,17,97,1,1,0,0x11,19,11,77,45,35.667,77.000,41.333,56,42,220,220,50102,50055,50155,,53,,100,,,,,,50
1062,17,97,1,1,0,0x11,17,14,71,45,34.000,71.000,37.000,42,37,220,220,50102,50155,50205,,103,,50,,,,,,50
1063,17,97,1,1,0,0x11,16,13,62,42,30.333,62.000,31.667,37,32,220,220,50102,50205,50255,,153,,50,,,,,,50
1064,17,97,1,1,0,0x11,16,13,55,39,28.000,55.000,27.000,32,27,220,220,50102,50255,50305,,203,,50,,,,,,50
1065,17,97,1,1,0,0x11,15,12,47,36,24.667,47.000,22.333,27,23,220,220,50102,50305,50355,,253,,50,,,,,,50
1066,17,97,1,1,0,0x11,14,12,39,33,21.667,39.000,17.333,23,18,220,220,50102,50355,50405,,303,,50,,,,,,50
1067,17,97,1,1,0,0x11,14,11,32,30,19.000,32.000,13.000,18,13,220,220,50102,50405,50455,,353,,50,,,,,,50
1068,17,98,2,1,0,0x12,10,0,7,9,5.667,0.000,-5.667,-5,-5,220,220,51252,51505,51555,,303,,50,,,,,,50
1069,17,98,2,1,0,0x12,11,0,7,12,6.000,0.000,-6.000,-5,-6,220,220,51252,51555,51605,,353,,50,,,,,,50
1070,17,98,2,1,0,0x12,12,0,8,15,6.667,0.000,-6.667,-6,-6,220,220,51252,51605,51655,,403,,50,,,,,,50
1071,17,98,2,1,0,0x12,12,1,8,18,7.000,1.000,-6.000,-6,-6,220,220,51252,51655,51705,,453,,50,,,,,,50
1072,17,98,2,1,0,0x12,12,8,9,21,9.667,8.000,-1.667,-6,-1,220,220,51252,51705,51755,,503,,50,,,,,,50
1073,17,98,2,1,1,0x32,13,15,9,23,12.333,15.000,2.667,-1,3,220,220,51252,51755,51805,0,553,14284,50,13781,51805,575,575,575,50
1074,17,98,2,1,0,0x12,13,22,10,26,15.000,22.000,7.000,3,7,220,220,51252,51805,51855,,603,,50,,,,,,50
1075,17,98,2,1,0,0x12,14,29,10,29,17.667,29.000,11.333,7,12,220,220,51252,51855,51905,,653,,50,,,,,,50
1076,17,98,2,1,0,0x12,14,36,10,31,20.000,36.000,16.000,12,16,220,220,51252,51905,51955,,703,,50,,,,,,50
1077,17,98,2,1,0,0x12,14,44,11,34,23.000,44.000,21.000,16,21,220,220,51252,51955,52005,,753,,50,,,,,,50
1078,17,98,2,1,0,0x12,15,52,11,37,26.000,52.000,26.000,21,26,220,220,51252,52005,52055,,803,,50,,,,,,50
1079,17,98,2,1,0,0x12,16,60,12,40,29.333,60.000,30.667,26,31,220,220,51252,52055,52105,,853,,50,,,,,,50
1080,17,98,2,1,0,0x12,20,67,12,43,33.000,67.000,34.000,31,34,220,220,51252,52105,52155,,903,,50,,,,,,50
1081,17,98,2,1,0,0x12,16,75,12,45,34.333,75.000,40.667,34,41,220,220,51252,52155,52205,,953,,50,,,,,,50
1082,17,98,2,1,0,0x12,17,82,13,48,37.333,82.000,44.667,41,45,220,220,51252,52205,52255,,1003,,50,,,,,,50
1083,17,98,2,1,0,0x12,17,90,13,51,40.000,90.000,50.000,45,50,220,220,51252,52255,52305,,1053,,50,,,,,,50
1084,17,98,2,1,0,0x12,17,98,14,54,43.000,98.000,55.000,50,55,220,220,51252,52305,52355,,1103,,50,,,,,,50
1085,17,99,3,1,0,0x13,81,14,10,45,35.000,81.000,46.000,55,46,220,220,52402,52355,52455,,53,,100,,,,,,50
1086,17,99,3,1,0,0x13,78,15,12,46,35.000,78.000,43.000,46,43,220,220,52402,52455,52505,,103,,50,,,,,,50
1087,17,99,3,1,0,0x13,71,14,12,43,32.333,71.000,38.667,43,39,220,220,52402,52505,52555,,153,,50,,,,,,50
1088,17,99,3,1,0,0x13,0,4,3,0,2.333,0.000,-2.333,-3,-2,220,220,52402,53555,53605,,1203,,50,,,,,,50
1089,17,100,4,1,0,0x14,8,8,0,0,5.333,0.000,-5.333,-2,-5,220,220,53627,53605,53705,,78,,100,,,,,,50
1090,17,100,4,1,0,0x14,9,8,0,2,5.667,0.000,-5.667,-5,-5,220,220,53627,53705,53755,,128,,50,,,,,,50
1091,17,100,4,1,0,0x14,9,8,0,5,5.667,0.000,-5.667,-5,-5,220,220,53627,53755,53805,,178,,50,,,,,,50
1092,17,100,4,1,0,0x14,10,8,0,8,6.000,0.000,-6.000,-5,-6,220,220,53627,53805,53855,,228,,50,,,,,,50
1093,17,100,4,1,0,0x14,10,9,0,11,6.333,0.000,-6.333,-6,-6,220,220,53627,53855,53905,,278,,50,,,,,,50
1094,17,100,4,1,0,0x14,11,9,0,14,6.667,0.000,-6.667,-6,-6,220,220,53627,53905,53955,,328,,50,,,,,,50
1095,17,100,4,1,0,0x14,11,10,0,17,7.000,0.000,-7.000,-6,-7,220,220,53627,53955,54005,,378,,50,,,,,,50
1096,17,100,4,1,0,0x14,11,10,4,19,8.333,4.000,-4.333,-7,-4,220,220,53627,54005,54055,,428,,50,,,,,,50
1097,17,100,4,1,0,0x14,12,11,10,22,11.000,10.000,-1.000,-4,-1,220,220,53627,54055,54105,,478,,50,,,,,,50
1098,17,100,4,1,1,0x34,17,11,18,25,15.333,18.000,2.667,-1,3,220,220,53627,54105,54155,0,528,11909,50,11431,54155,575,575,575,50
1099,17,100,4,1,0,0x14,13,11,25,27,16.333,25.000,8.667,3,9,220,220,53627,54155,54205,,578,,50,,,,,,50
1100,17,100,4,1,0,0x14,13,12,32,30,19.000,32.000,13.000,9,13,220,220,53627,54205,54255,,628,,50,,,,,,50
1101,17,100,4,1,0,0x14,14,12,39,33,21.667,39.000,17.333,13,18,220,220,53627,54255,54305,,678,,50,,,,,,50
1102,17,100,4,1,0,0x14,14,13,46,36,24.333,46.000,21.667,18,22,220,220,53627,54305,54355,,728,,50,,,,,,50
1103,17,100,4,1,0,0x14,15,13,54,39,27.333,54.000,26.667,22,27,220,220,53627,54355,54405,,778,,50,,,,,,50
1104,17,100,4,1,0,0x14,15,13,61,41,29.667,61.000,31.333,27,32,220,220,53627,54405,54455,,828,,50,,,,,,50
1105,17,100,4,1,0,0x14,16,14,69,44,33.000,69.000,36.000,32,36,220,220,53627,54455,54505,,878,,50,,,,,,50
1106,17,100,4,1,0,0x14,16,14,75,46,35.000,75.000,40.000,36,40,220,220,53627,54505,54555,,928,,50,,,,,,50
1107,17,100,4,1,0,0x14,16,14,83,49,37.667,83.000,45.333,40,46,220,220,53627,54555,54605,,978,,50,,,,,,50
1108,17,101,5,1,0,0x15,8,0,5,0,4.333,0.000,-4.333,-4,-4,220,220,54752,55655,55705,,953,,50,,,,,,50
1109,17,101,5,1,0,0x15,8,0,5,0,4.333,0.000,-4.333,-4,-4,220,220,54752,55705,55755,,1003,,50,,,,,,50
1110,17,101,5,1,0,0x15,7,0,4,0,3.667,0.000,-3.667,-4,-3,220,220,54752,55755,55805,,1053,,50,,,,,,50
1111,17,102,6,1,0,0x16,0,5,5,0,3.333,0.000,-3.333,-3,-3,220,220,55827,55805,55905,,78,,100,,,,,,50
1112,17,102,6,1,0,0x16,0,6,6,0,4.000,0.000,-4.000,-3,-4,220,220,55827,55905,55955,,128,,50,,,,,,50
1113,17,102,6,1,0,0x16,0,7,6,0,4.333,0.000,-4.333,-4,-4,220,220,55827,55955,56005,,178,,50,,,,,,50
1114,17,102,6,1,0,0x16,0,7,6,2,4.333,0.000,-4.333,-4,-4,220,220,55827,56005,56055,,228,,50,,,,,,50
1115,17,102,6,1,0,0x16,0,7,7,5,4.667,0.000,-4.667,-4,-4,220,220,55827,56055,56105,,278,,50,,,,,,50
1116,17,102,6,1,0,0x16,0,8,7,9,5.000,0.000,-5.000,-4,-5,220,220,55827,56105,56155,,328,,50,,,,,,50
1117,17,102,6,1,0,0x16,0,8,8,12,5.333,0.000,-5.333,-5,-5,220,220,55827,56155,56205,,378,,50,,,,,,50
1118,17,102,6,1,0,0x16,0,9,8,14,5.667,0.000,-5.667,-5,-5,220,220,55827,56205,56255,,428,,50,,,,,,50
1119,17,102,6,1,0,0x16,0,9,9,16,6.000,0.000,-6.000,-5,-6,220,220,55827,56255,56305,,478,,50,,,,,,50
1120,17,102,6,1,0,0x16,6,10,9,19,8.333,6.000,-2.333,-6,-2,220,220,55827,56305,56355,,528,,50,,,,,,50
1121,17,102,6,1,1,0x36,12,10,9,22,10.333,12.000,1.667,-2,2,220,220,55827,56355,56405,0,578,9709,50,9181,56405,575,575,575,50
1122,17,102,6,1,0,0x16,20,10,10,25,13.333,20.000,6.667,2,7,220,220,55827,56405,56455,,628,,50,,,,,,50
1123,17,102,6,1,0,0x16,27,11,10,27,16.000,27.000,11.000,7,11,220,220,55827,56455,56505,,678,,50,,,,,,50
1124,17,102,6,1,0,0x16,34,11,10,29,18.333,34.000,15.667,11,16,220,220,55827,56505,56555,,728,,50,,,,,,50
1125,17,102,6,1,0,0x16,41,12,11,33,21.333,41.000,19.667,16,20,220,220,55827,56555,56605,,778,,50,,,,,,50
1126,17,102,6,1,0,0x16,49,13,11,35,24.333,49.000,24.667,20,25,220,220,55827,56605,56655,,828,,50,,,,,,50
1127,17,102,6,1,0,0x16,56,13,12,38,27.000,56.000,29.000,25,29,220,220,55827,56655,56705,,878,,50,,,,,,50
1128,18,103,1,1,0,0x11,11,8,0,9,6.333,0.000,-6.333,-6,-6,220,220,57002,57755,57805,,803,,50,,,,,,50
1129,18,103,1,1,0,0x11,10,8,0,6,6.000,0.000,-6.000,-6,-6,220,220,57002,57805,57855,,853,,50,,,,,,50
1130,18,103,1,1,0,0x11,9,7,0,3,5.333,0.000,-5.333,-6,-5,220,220,57002,57855,57905,,903,,50,,,,,,50
1131,18,103,1,1,0,0x11,9,7,0,0,5.333,0.000,-5.333,-5,-5,220,220,57002,57905,57955,,953,,50,,,,,,50
1132,18,103,1,1,0,0x11,9,6,0,0,5.000,0.000,-5.000,-5,-5,220,220,57002,57955,58005,,1003,,50,,,,,,50
1133,18,103,1,1,0,0x11,8,5,0,0,4.333,0.000,-4.333,-5,-4,220,220,57002,58005,58055,,1053,,50,,,,,,50
1134,18,103,1,1,0,0x11,7,5,0,0,4.000,0.000,-4.000,-4,-4,220,220,57002,58055,58105,,1103,,50,,,,,,50
1135,18,103,1,1,0,0x11,11,5,0,0,5.333,0.000,-5.333,-4,-5,220,220,57002,58105,58155,,1153,,50,,,,,,50
1136,18,103,1,1,0,0x11,6,5,0,0,3.667,0.000,-3.667,-5,-3,220,220,57002,58155,58205,,1203,,50,,,,,,50
1137,18,104,2,1,0,0x12,9,0,5,0,4.667,0.000,-4.667,-3,-4,220,220,58227,58205,58305,,78,,100,,,,,,50
1138,18,104,2,1,0,0x12,9,0,5,1,4.667,0.000,-4.667,-4,-4,220,220,58227,58305,58355,,128,,50,,,,,,50
1139,18,104,2,1,0,0x12,9,0,6,4,5.000,0.000,-5.000,-4,-5,220,220,58227,58355,58405,,178,,50,,,,,,50
1140,18,104,2,1,0,0x12,10,0,7,7,5.667,0.000,-5.667,-5,-5,220,220,58227,58405,58455,,228,,50,,,,,,50
1141,18,104,2,1,0,0x12,11,0,7,10,6.000,0.000,-6.000,-5,-6,220,220,58227,58455,58505,,278,,50,,,,,,50
1142,18,104,2,1,0,0x12,11,0,7,13,6.000,0.000,-6.000,-6,-6,220,220,58227,58505,58555,,328,,50,,,,,,50
1143,18,104,2,1,0,0x12,12,0,8,15,6.667,0.000,-6.667,-6,-6,220,220,58227,58555,58605,,378,,50,,,,,,50
1144,18,104,2,1,0,0x12,12,1,8,18,7.000,1.000,-6.000,-6,-6,220,220,58227,58605,58655,,428,,50,,,,,,50
1145,18,104,2,1,0,0x12,12,8,9,21,9.667,8.000,-1.667,-6,-1,220,220,58227,58655,58705,,478,,50,,,,,,50
1146,18,104,2,1,1,0x32,13,15,9,23,12.333,15.000,2.667,-1,3,220,220,58227,58705,58755,0,528,7309,50,6831,58755,575,575,575,50
1147,18,104,2,1,0,0x12,13,22,10,26,15.000,22.000,7.000,3,7,220,220,58227,58755,58805,,578,,50,,,,,,50
1148,18,105,3,1,1,0x33,7,10,9,20,8.667,7.000,-1.667,3,-1,220,220,59352,59855,59905,0,553,6184,50,5681,59905,575,575,575,50
1149,18,105,3,1,0,0x13,0,10,8,17,6.000,0.000,-6.000,-1,-6,220,220,59352,59905,59955,,603,,50,,,,,,50
1150,18,105,3,1,0,0x13,0,10,8,13,6.000,0.000,-6.000,-6,-6,220,220,59352,59955,60005,,653,,50,,,,,,50
1151,18,105,3,1,0,0x13,0,9,7,11,5.333,0.000,-5.333,-6,-5,220,220,59352,60005,60055,,703,,50,,,,,,50
1152,18,105,3,1,0,0x13,0,9,7,8,5.333,0.000,-5.333,-5,-5,220,220,59352,60055,60105,,753,,50,,,,,,50
1153,18,105,3,1,0,0x13,0,8,6,6,4.667,0.000,-4.667,-5,-4,220,220,59352,60105,60155,,803,,50,,,,,,50
1154,18,105,3,1,0,0x13,0,8,6,3,4.667,0.000,-4.667,-4,-4,220,220,59352,60155,60205,,853,,50,,,,,,50
1155,18,105,3,1,0,0x13,0,7,5,0,4.000,0.000,-4.000,-4,-4,220,220,59352,60205,60255,,903,,50,,,,,,50
1156,18,105,3,1,0,0x13,0,6,5,0,3.667,0.000,-3.667,-4,-3,220,220,59352,60255,60305,,953,,50,,,,,,50
1157,18,105,3,1,0,0x13,0,6,5,0,3.667,0.000,-3.667,-3,-3,220,220,59352,60305,60355,,1003,,50,,,,,,50
1158,18,105,3,1,0,0x13,0,5,4,0,3.000,0.000,-3.000,-3,-3,220,220,59352,60355,60405,,1053,,50,,,,,,50
1159,18,105,3,1,0,0x13,0,5,4,0,3.000,0.000,-3.000,-3,-3,220,220,59352,60405,60455,,1103,,50,,,,,,50
1160,18,106,4,1,0,0x14,10,10,0,0,6.667,0.000,-6.667,-3,-6,220,220,60502,60455,60555,,53,,100,,,,,,50
1161,18,106,4,1,0,0x14,8,8,0,0,5.333,0.000,-5.333,-6,-5,220,220,60502,60555,60605,,103,,50,,,,,,50
1162,18,106,4,1,0,0x14,9,8,0,1,5.667,0.000,-5.667,-5,-5,220,220,60502,60605,60655,,153,,50,,,,,,50
1163,18,106,4,1,0,0x14,9,8,0,4,5.667,0.000,-5.667,-5,-5,220,220,60502,60655,60705,,203,,50,,,,,,50
1164,18,106,4,1,0,0x14,10,8,0,6,6.000,0.000,-6.000,-5,-6,220,220,60502,60705,60755,,253,,50,,,,,,50
1165,18,106,4,1,0,0x14,10,9,0,9,6.333,0.000,-6.333,-6,-6,220,220,60502,60755,60805,,303,,50,,,,,,50
1166,18,106,4,1,0,0x14,10,9,0,12,6.333,0.000,-6.333,-6,-6,220,220,60502,60805,60855,,353,,50,,,,,,50
1167,18,106,4,1,0,0x14,11,9,0,15,6.667,0.000,-6.667,-6,-6,220,220,60502,60855,60905,,403,,50,,,,,,50
1168,18,107,5,1,0,0x15,14,38,11,33,21.000,38.000,17.000,23,17,220,220,61652,61955,62005,,353,,50,,,,,,50
1169,18,107,5,1,0,0x15,13,31,11,30,18.333,31.000,12.667,17,13,220,220,61652,62005,62055,,403,,50,,,,,,50
1170,18,107,5,1,0,0x15,13,23,10,27,15.333,23.000,7.667,13,8,220,220,61652,62055,62105,,453,,50,,,,,,50
1171,18,107,5,1,0,0x15,12,17,9,24,12.667,17.000,4.333,8,5,220,220,61652,62105,62155,,503,,50,,,,,,50
1172,18,107,5,1,1,0x35,17,9,9,22,11.667,9.000,-2.667,5,-2,220,220,61652,62155,62205,0,553,3884,50,3381,62205,575,575,575,50
1173,18,107,5,1,0,0x15,12,2,9,19,7.667,2.000,-5.667,-2,-5,220,220,61652,62205,62255,,603,,50,,,,,,50
1174,18,107,5,1,0,0x15,11,0,9,16,6.667,0.000,-6.667,-5,-6,220,220,61652,62255,62305,,653,,50,,,,,,50
1175,18,107,5,1,0,0x15,10,0,8,13,6.000,0.000,-6.000,-6,-6,220,220,61652,62305,62355,,703,,50,,,,,,50
1176,18,107,5,1,0,0x15,10,0,8,11,6.000,0.000,-6.000,-6,-6,220,220,61652,62355,62405,,753,,50,,,,,,50
1177,18,107,5,1,0,0x15,10,0,7,8,5.667,0.000,-5.667,-6,-5,220,220,61652,62405,62455,,803,,50,,,,,,50
1178,18,107,5,1,0,0x15,9,0,6,5,5.000,0.000,-5.000,-5,-5,220,220,61652,62455,62505,,853,,50,,,,,,50
1179,18,107,5,1,0,0x15,9,0,6,2,5.000,0.000,-5.000,-5,-5,220,220,61652,62505,62555,,903,,50,,,,,,50
1180,18,107,5,1,0,0x15,9,0,5,0,4.667,0.000,-4.667,-5,-4,220,220,61652,62555,62605,,953,,50,,,,,,50
1181,18,107,5,1,0,0x15,8,0,5,0,4.333,0.000,-4.333,-4,-4,220,220,61652,62605,62655,,1003,,50,,,,,,50
1182,18,107,5,1,0,0x15,8,0,4,0,4.000,0.000,-4.000,-4,-4,220,220,61652,62655,62705,,1053,,50,,,,,,50
1183,18,107,5,1,0,0x15,7,0,4,0,3.667,0.000,-3.667,-4,-3,220,220,61652,62705,62755,,1103,,50,,,,,,50
1184,18,108,6,1,0,0x16,0,7,8,0,5.000,0.000,-5.000,-3,-5,220,220,62802,62755,62855,,53,,100,,,,,,50
1185,18,108,6,1,0,0x16,0,6,6,0,4.000,0.000,-4.000,-5,-4,220,220,62802,62855,62905,,103,,50,,,,,,50
1186,18,108,6,1,0,0x16,0,7,6,0,4.333,0.000,-4.333,-4,-4,220,220,62802,62905,62955,,153,,50,,,,,,50
1187,18,108,6,1,0,0x16,0,7,6,2,4.333,0.000,-4.333,-4,-4,220,220,62802,62955,63005,,203,,50,,,,,,50
1188,19,109,1,1,0,0x11,17,13,66,43,32.000,66.000,34.000,39,34,220,220,63952,64055,64105,,153,,50,,,,,,50
1189,19,109,1,1,0,0x11,20,13,58,41,30.333,58.000,27.667,34,28,220,220,63952,64105,64155,,203,,50,,,,,,50
1190,19,109,1,1,0,0x11,15,12,50,37,25.667,50.000,24.333,28,25,220,220,63952,64155,64205,,253,,50,,,,,,50
1191,19,109,1,1,0,0x11,14,12,42,34,22.667,42.000,19.333,25,20,220,220,63952,64205,64255,,303,,50,,,,,,50
1192,19,109,1,1,0,0x11,14,11,35,32,20.000,35.000,15.000,20,15,220,220,63952,64255,64305,,353,,50,,,,,,50
1193,19,109,1,1,0,0x11,14,12,28,28,18.000,28.000,10.000,15,10,220,220,63952,64305,64355,,403,,50,,,,,,50
1194,19,109,1,1,0,0x11,13,11,21,26,15.000,21.000,6.000,10,6,220,220,63952,64355,64405,,453,,50,,,,,,50
1195,19,109,1,1,0,0x11,13,10,14,24,12.333,14.000,1.667,6,2,220,220,63952,64405,64455,,503,,50,,,,,,50
1196,19,109,1,1,1,0x31,13,10,8,21,10.333,8.000,-2.333,2,-2,220,220,63952,64455,64505,0,553,1584,50,1081,64505,575,575,575,50
1197,19,109,1,1,0,0x11,12,10,1,19,7.667,1.000,-6.667,-2,-6,220,220,63952,64505,64555,,603,,50,,,,,,50
1198,19,109,1,1,0,0x11,12,9,0,16,7.000,0.000,-7.000,-6,-7,220,220,63952,64555,64605,,653,,50,,,,,,50
1199,19,109,1,1,0,0x11,12,9,0,13,7.000,0.000,-7.000,-7,-7,220,220,63952,64605,64655,,703,,50,,,,,,50
1200,19,109,1,1,0,0x11,11,9,0,10,6.667,0.000,-6.667,-7,-6,220,220,63952,64655,64705,,753,,50,,,,,,50
1201,19,109,1,1,0,0x11,10,8,0,8,6.000,0.000,-6.000,-6,-6,220,220,63952,64705,64755,,803,,50,,,,,,50
1202,19,109,1,1,0,0x11,10,8,0,5,6.000,0.000,-6.000,-6,-6,220,220,63952,64755,64805,,853,,50,,,,,,50
1203,19,109,1,1,0,0x11,9,7,0,2,5.333,0.000,-5.333,-6,-5,220,220,63952,64805,64855,,903,,50,,,,,,50
1204,19,109,1,1,0,0x11,9,7,0,0,5.333,0.000,-5.333,-5,-5,220,220,63952,64855,64905,,953,,50,,,,,,50
1205,19,109,1,1,0,0x11,9,6,0,0,5.000,0.000,-5.000,-5,-5,220,220,63952,64905,64955,,1003,,50,,,,,,50
1206,19,109,1,1,0,0x11,8,6,0,0,4.667,0.000,-4.667,-5,-4,220,220,63952,64955,65005,,1053,,50,,,,,,50
1207,19,109,1,1,0,0x11,7,6,0,0,4.333,0.000,-4.333,-4,-4,220,220,63952,65005,65055,,1103,,50,,,,,,50
1208,19,110,2,1,0,0x12,20,82,13,49,38.333,82.000,43.667,40,44,220,220,65102,569,619,,1053,,50,,,,,,50
1209,19,110,2,1,0,0x12,17,90,13,51,40.000,90.000,50.000,44,50,220,220,65102,619,669,,1103,,50,,,,,,50
1210,19,110,2,1,0,0x12,17,97,14,54,42.667,97.000,54.333,50,55,220,220,65102,669,719,,1153,,50,,,,,,50
1211,19,110,2,1,0,0x12,17,105,14,56,45.333,105.000,59.667,55,60,220,220,65102,719,769,,1203,,50,,,,,,50
1212,19,111,3,1,0,0x13,76,15,12,45,34.333,76.000,41.667,60,42,220,220,791,769,869,,78,,100,,,,,,50
1213,19,111,3,1,0,0x13,69,14,12,42,31.667,69.000,37.333,42,38,220,220,791,869,919,,128,,50,,,,,,50
1214,19,111,3,1,0,0x13,60,13,12,39,28.333,60.000,31.667,38,32,220,220,791,919,969,,178,,50,,,,,,50
1215,19,111,3,1,0,0x13,52,13,11,36,25.333,52.000,26.667,32,27,220,220,791,969,1019,,228,,50,,,,,,50
1216,19,111,3,1,0,0x13,45,12,10,34,22.333,45.000,22.667,27,23,220,220,791,1019,1069,,278,,50,,,,,,50
1217,19,111,3,1,0,0x13,37,12,10,31,19.667,37.000,17.333,23,18,220,220,791,1069,1119,,328,,50,,,,,,50
1218,19,111,3,1,0,0x13,30,11,10,28,17.000,30.000,13.000,18,13,220,220,791,1119,1169,,378,,50,,,,,,50
1219,19,111,3,1,0,0x13,23,11,10,25,14.667,23.000,8.333,13,9,220,220,791,1169,1219,,428,,50,,,,,,50
1220,19,111,3,1,0,0x13,16,11,9,23,12.000,16.000,4.000,9,4,220,220,791,1219,1269,,478,,50,,,,,,50
1221,19,111,3,1,0,0x13,8,10,8,20,8.667,8.000,-0.667,4,0,220,220,791,1269,1319,,528,,50,,,,,,50
1222,19,111,3,1,1,0x33,2,10,8,17,6.667,2.000,-4.667,0,-4,220,220,791,1319,1369,0,578,64745,50,64217,1369,600,600,600,50
1223,19,111,3,1,0,0x13,0,10,8,15,6.000,0.000,-6.000,-4,-6,220,220,791,1369,1419,,628,,50,,,,,,50
1224,19,111,3,1,0,0x13,0,9,8,12,5.667,0.000,-5.667,-6,-5,220,220,791,1419,1469,,678,,50,,,,,,50
1225,19,111,3,1,0,0x13,0,9,7,9,5.333,0.000,-5.333,-5,-5,220,220,791,1469,1519,,728,,50,,,,,,50
1226,19,111,3,1,0,0x13,0,9,7,6,5.333,0.000,-5.333,-5,-5,220,220,791,1519,1569,,778,,50,,,,,,50
1227,19,111,3,1,0,0x13,0,8,6,4,4.667,0.000,-4.667,-5,-4,220,220,791,1569,1619,,828,,50,,,,,,50
1228,19,112,4,1,0,0x14,15,13,50,37,26.000,50.000,24.000,20,24,220,220,1991,2669,2719,,728,,50,,,,,,50
1229,19,112,4,1,0,0x14,15,13,58,40,28.667,58.000,29.333,24,30,220,220,1991,2719,2769,,778,,50,,,,,,50
1230,19,112,4,1,0,0x14,15,14,65,43,31.333,65.000,33.667,30,34,220,220,1991,2769,2819,,828,,50,,,,,,50
1231,19,112,4,1,0,0x14,16,14,72,45,34.000,72.000,38.000,34,38,220,220,1991,2819,2869,,878,,50,,,,,,50
1232,19,112,4,1,0,0x14,16,14,80,48,36.667,80.000,43.333,38,44,220,220,1991,2869,2919,,928,,50,,,,,,50
1233,19,112,4,1,0,0x14,16,14,87,51,39.000,87.000,48.000,44,48,220,220,1991,2919,2969,,978,,50,,,,,,50
1234,19,112,4,1,0,0x14,17,14,95,53,42.000,95.000,53.000,48,53,220,220,1991,2969,3019,,1028,,50,,,,,,50
1235,19,113,5,1,0,0x15,16,81,13,48,36.667,81.000,44.333,53,45,220,220,3041,3019,3119,,78,,100,,,,,,50
1236,19,113,5,1,0,0x15,16,74,13,45,34.333,74.000,39.667,45,40,220,220,3041,3119,3169,,128,,50,,,,,,50
1237,19,113,5,1,0,0x15,15,66,12,43,31.000,66.000,35.000,40,35,220,220,3041,3169,3219,,178,,50,,,,,,50
1238,19,113,5,1,0,0x15,15,59,12,39,28.667,59.000,30.333,35,31,220,220,3041,3219,3269,,228,,50,,,,,,50
1239,19,113,5,1,0,0x15,15,51,12,37,26.000,51.000,25.000,31,25,220,220,3041,3269,3319,,278,,50,,,,,,50
1240,19,113,5,1,0,0x15,14,44,11,34,23.000,44.000,21.000,25,21,220,220,3041,3319,3369,,328,,50,,,,,,50
1241,19,113,5,1,0,0x15,14,36,11,31,20.333,36.000,15.667,21,16,220,220,3041,3369,3419,,378,,50,,,,,,50
1242,19,113,5,1,0,0x15,13,29,10,29,17.333,29.000,11.667,16,12,220,220,3041,3419,3469,,428,,50,,,,,,50
1243,19,113,5,1,0,0x15,13,22,10,26,15.000,22.000,7.000,12,7,220,220,3041,3469,3519,,478,,50,,,,,,50
1244,19,113,5,1,0,0x15,12,15,10,24,12.333,15.000,2.667,7,3,220,220,3041,3519,3569,,528,,50,,,,,,50
1245,19,113,5,1,1,0x35,16,8,9,22,11.000,8.000,-3.000,3,-3,220,220,3041,3569,3619,0,578,62495,50,61967,3619,575,575,575,50
1246,19,113,5,1,0,0x15,12,2,9,19,7.667,2.000,-5.667,-3,-5,220,220,3041,3619,3669,,628,,50,,,,,,50
1247,19,113,5,1,0,0x15,11,0,8,16,6.333,0.000,-6.333,-5,-6,220,220,3041,3669,3719,,678,,50,,,,,,50
1248,19,114,6,1,0,0x16,20,11,9,25,13.333,20.000,6.667,2,7,220,220,4216,4769,4819,,603,,50,,,,,,50
1249,19,114,6,1,0,0x16,27,11,10,27,16.000,27.000,11.000,7,11,220,220,4216,4819,4869,,653,,50,,,,,,50
1250,19,114,6,1,0,0x16,34,11,10,30,18.333,34.000,15.667,11,16,220,220,4216,4869,4919,,703,,50,,,,,,50
1251,19,114,6,1,0,0x16,42,12,11,32,21.667,42.000,20.333,16,21,220,220,4216,4919,4969,,753,,50,,,,,,50
1252,19,114,6,1,0,0x16,49,12,11,36,24.000,49.000,25.000,21,25,220,220,4216,4969,5019,,803,,50,,,,,,50
1253,19,114,6,1,0,0x16,56,13,12,38,27.000,56.000,29.000,25,29,220,220,4216,5019,5069,,853,,50,,,,,,50
1254,19,114,6,1,0,0x16,63,13,12,41,29.333,63.000,33.667,29,34,220,220,4216,5069,5119,,903,,50,,,,,,50
1255,19,114,6,1,0,0x16,70,14,12,44,32.000,70.000,38.000,34,38,220,220,4216,5119,5169,,953,,50,,,,,,50
1256,19,114,6,1,0,0x16,78,14,13,46,35.000,78.000,43.000,38,43,220,220,4216,5169,5219,,1003,,50,,,,,,50
1257,19,114,6,1,0,0x16,84,14,13,48,37.000,84.000,47.000,43,47,220,220,4216,5219,5269,,1053,,50,,,,,,50
1258,19,114,6,1,0,0x16,91,15,13,51,39.667,91.000,51.333,47,52,220,220,4216,5269,5319,,1103,,50,,,,,,50
1259,20,115,1,1,0,0x11,15,11,80,46,35.333,80.000,44.667,52,45,220,220,5366,5319,5419,,53,,100,,,,,,50
1260,20,115,1,1,0,0x11,18,14,74,47,35.333,74.000,38.667,45,39,220,220,5366,5419,5469,,103,,50,,,,,,50
1261,20,115,1,1,0,0x11,17,14,67,44,32.667,67.000,34.333,39,35,220,220,5366,5469,5519,,153,,50,,,,,,50
1262,20,115,1,1,0,0x11,15,13,59,41,29.000,59.000,30.000,35,30,220,220,5366,5519,5569,,203,,50,,,,,,50
1263,20,115,1,1,0,0x11,19,13,51,38,27.667,51.000,23.333,30,24,220,220,5366,5569,5619,,253,,50,,,,,,50
1264,20,115,1,1,0,0x11,15,12,43,35,23.333,43.000,19.667,24,20,220,220,5366,5619,5669,,303,,50,,,,,,50
1265,20,115,1,1,0,0x11,14,12,36,32,20.667,36.000,15.333,20,16,220,220,5366,5669,5719,,353,,50,,,,,,50
1266,20,115,1,1,0,0x11,14,11,29,29,18.000,29.000,11.000,16,11,220,220,5366,5719,5769,,403,,50,,,,,,50
1267,20,115,1,1,0,0x11,13,11,22,27,15.333,22.000,6.667,11,7,220,220,5366,5769,5819,,453,,50,,,,,,50
1268,20,116,2,1,0,0x12,11,0,7,13,6.000,0.000,-6.000,-6,-6,220,220,6516,6869,6919,,403,,50,,,,,,50
1269,20,116,2,1,0,0x12,12,0,8,16,6.667,0.000,-6.667,-6,-6,220,220,6516,6919,6969,,453,,50,,,,,,50
1270,20,116,2,1,0,0x12,12,3,8,19,7.667,3.000,-4.667,-6,-4,220,220,6516,6969,7019,,503,,50,,,,,,50
1271,20,116,2,1,0,0x12,12,9,9,21,10.000,9.000,-1.000,-4,-1,220,220,6516,7019,7069,,553,,50,,,,,,50
1272,20,116,2,1,1,0x32,13,17,9,24,13.000,17.000,4.000,-1,4,220,220,6516,7069,7119,0,603,59020,50,58467,7119,600,600,600,50
1273,20,116,2,1,0,0x12,13,24,9,26,15.333,24.000,8.667,4,9,220,220,6516,7119,7169,,653,,50,,,,,,50
1274,20,116,2,1,0,0x12,14,30,10,29,18.000,30.000,12.000,9,12,220,220,6516,7169,7219,,703,,50,,,,,,50
1275,20,116,2,1,0,0x12,14,38,10,31,20.667,38.000,17.333,12,18,220,220,6516,7219,7269,,753,,50,,,,,,50
1276,20,116,2,1,0,0x12,15,46,11,35,24.000,46.000,22.000,18,22,220,220,6516,7269,7319,,803,,50,,,,,,50
1277,20,116,2,1,0,0x12,15,53,11,37,26.333,53.000,26.667,22,27,220,220,6516,7319,7369,,853,,50,,,,,,50
1278,20,116,2,1,0,0x12,16,60,12,40,29.333,60.000,30.667,27,31,220,220,6516,7369,7419,,903,,50,,,,,,50
1279,20,116,2,1,0,0x12,16,68,12,43,32.000,68.000,36.000,31,36,220,220,6516,7419,7469,,953,,50,,,,,,50
1280,20,116,2,1,0,0x12,16,76,12,46,34.667,76.000,41.333,36,42,220,220,6516,7469,7519,,1003,,50,,,,,,50
1281,20,116,2,1,0,0x12,17,83,13,49,37.667,83.000,45.333,42,46,220,220,6516,7519,7569,,1053,,50,,,,,,50
1282,20,116,2,1,0,0x12,21,91,14,52,42.000,91.000,49.000,46,49,220,220,6516,7569,7619,,1103,,50,,,,,,50
1283,20,116,2,1,0,0x12,17,99,14,54,43.333,99.000,55.667,49,56,220,220,6516,7619,7669,,1153,,50,,,,,,50
1284,20,116,2,1,0,0x12,18,107,14,57,46.333,107.000,60.667,56,61,220,220,6516,7669,7719,,1203,,50,,,,,,50
1285,20,117,3,1,0,0x13,77,15,12,45,34.667,77.000,42.333,61,43,220,220,7741,7719,7819,,78,,100,,,,,,50
1286,20,117,3,1,0,0x13,69,14,12,43,31.667,69.000,37.333,43,38,220,220,7741,7819,7869,,128,,50,,,,,,50
1287,20,117,3,1,0,0x13,62,13,12,40,29.000,62.000,33.000,38,33,220,220,7741,7869,7919,,178,,50,,,,,,50
1288,20,118,4,1,0,0x14,9,8,0,1,5.667,0.000,-5.667,-2,-5,220,220,8941,8919,9019,,78,,100,,,,,,50
1289,20,118,4,1,0,0x14,10,8,0,5,6.000,0.000,-6.000,-5,-6,220,220,8941,9019,9069,,128,,50,,,,,,50
1290,20,118,4,1,0,0x14,10,8,0,7,6.000,0.000,-6.000,-6,-6,220,220,8941,9069,9119,,178,,50,,,,,,50
1291,20,118,4,1,0,0x14,10,8,0,10,6.000,0.000,-6.000,-6,-6,220,220,8941,9119,9169,,228,,50,,,,,,50
1292,20,118,4,1,0,0x14,10,9,0,12,6.333,0.000,-6.333,-6,-6,220,220,8941,9169,9219,,278,,50,,,,,,50
1293,20,118,4,1,0,0x14,11,9,0,15,6.667,0.000,-6.667,-6,-6,220,220,8941,9219,9269,,328,,50,,,,,,50
1294,20,118,4,1,0,0x14,11,10,0,18,7.000,0.000,-7.000,-6,-7,220,220,8941,9269,9319,,378,,50,,,,,,50
1295,20,118,4,1,0,0x14,12,10,7,20,9.667,7.000,-2.667,-7,-2,220,220,8941,9319,9369,,428,,50,,,,,,50
1296,20,118,4,1,1,0x34,12,10,13,23,11.667,13.000,1.333,-2,2,220,220,8941,9369,9419,0,478,56595,50,56167,9419,550,550,550,50
1297,20,118,4,1,0,0x14,13,11,20,26,14.667,20.000,5.333,2,6,220,220,8941,9419,9469,,528,,50,,,,,,50
1298,20,118,4,1,0,0x14,13,11,27,28,17.000,27.000,10.000,6,10,220,220,8941,9469,9519,,578,,50,,,,,,50
1299,20,118,4,1,0,0x14,13,12,34,31,19.667,34.000,14.333,10,15,220,220,8941,9519,9569,,628,,50,,,,,,50
1300,20,118,4,1,0,0x14,18,12,41,34,23.667,41.000,17.333,15,18,220,220,8941,9569,9619,,678,,50,,,,,,50
1301,20,118,4,1,0,0x14,14,13,48,36,25.000,48.000,23.000,18,23,220,220,8941,9619,9669,,728,,50,,,,,,50
1302,20,118,4,1,0,0x14,15,13,56,39,28.000,56.000,28.000,23,28,220,220,8941,9669,9719,,778,,50,,,,,,50
1303,20,118,4,1,0,0x14,15,13,63,42,30.333,63.000,32.667,28,33,220,220,8941,9719,9769,,828,,50,,,,,,50
1304,20,118,4,1,0,0x14,16,14,70,45,33.333,70.000,36.667,33,37,220,220,8941,9769,9819,,878,,50,,,,,,50
1305,20,118,4,1,0,0x14,16,14,78,47,36.000,78.000,42.000,37,42,220,220,8941,9819,9869,,928,,50,,,,,,50
1306,20,118,4,1,0,0x14,16,14,86,50,38.667,86.000,47.333,42,48,220,220,8941,9869,9919,,978,,50,,,,,,50
1307,20,118,4,1,0,0x14,17,14,93,53,41.333,93.000,51.667,48,52,220,220,8941,9919,9969,,1028,,50,,,,,,50
1308,20,119,5,1,0,0x15,7,0,4,0,3.667,0.000,-3.667,-4,-3,220,220,9991,11019,11069,,1078,,50,,,,,,50
1309,20,119,5,1,0,0x15,6,0,4,0,3.333,0.000,-3.333,-3,-3,220,220,9991,11069,11119,,1128,,50,,,,,,50
1310,20,120,6,1,0,0x16,0,8,8,0,5.333,0.000,-5.333,-3,-5,220,220,11166,11119,11219,,53,,100,,,,,,50
1311,20,120,6,1,0,0x16,0,6,6,0,4.000,0.000,-4.000,-5,-4,220,220,11166,11219,11269,,103,,50,,,,,,50
1312,20,120,6,1,0,0x16,0,7,6,1,4.333,0.000,-4.333,-4,-4,220,220,11166,11269,11319,,153,,50,,,,,,50
1313,20,120,6,1,0,0x16,0,7,7,3,4.667,0.000,-4.667,-4,-4,220,220,11166,11319,11369,,203,,50,,,,,,50
1314,20,120,6,1,0,0x16,0,8,7,6,5.000,0.000,-5.000,-4,-5,220,220,11166,11369,11419,,253,,50,,,,,,50
1315,20,120,6,1,0,0x16,0,8,8,9,5.333,0.000,-5.333,-5,-5,220,220,11166,11419,11469,,303,,50,,,,,,50
1316,20,120,6,1,0,0x16,0,9,8,12,5.667,0.000,-5.667,-5,-5,220,220,11166,11469,11519,,353,,50,,,,,,50
1317,20,120,6,1,0,0x16,0,9,8,14,5.667,0.000,-5.667,-5,-5,220,220,11166,11519,11569,,403,,50,,,,,,50
1318,20,120,6,1,0,0x16,4,9,9,18,7.333,4.000,-3.333,-5,-3,220,220,11166,11569,11619,,453,,50,,,,,,50
1319,20,120,6,1,0,0x16,7,10,9,20,8.667,7.000,-1.667,-3,-1,220,220,11166,11619,11669,,503,,50,,,,,,50
1320,20,120,6,1,1,0x36,14,10,9,22,11.000,14.000,3.000,-1,3,220,220,11166,11669,11719,0,553,54370,50,53867,11719,575,575,575,50
1321,20,120,6,1,0,0x16,22,11,10,25,14.333,22.000,7.667,3,8,220,220,11166,11719,11769,,603,,50,,,,,,50
1322,20,120,6,1,0,0x16,29,11,10,27,16.667,29.000,12.333,8,13,220,220,11166,11769,11819,,653,,50,,,,,,50
1323,20,120,6,1,0,0x16,35,11,10,30,18.667,35.000,16.333,13,17,220,220,11166,11819,11869,,703,,50,,,,,,50
1324,20,120,6,1,0,0x16,43,12,11,33,22.000,43.000,21.000,17,21,220,220,11166,11869,11919,,753,,50,,,,,,50
1325,20,120,6,1,0,0x16,51,12,11,36,24.667,51.000,26.333,21,27,220,220,11166,11919,11969,,803,,50,,,,,,50
1326,20,120,6,1,0,0x16,58,13,12,39,27.667,58.000,30.333,27,31,220,220,11166,11969,12019,,853,,50,,,,,,50
1327,20,120,6,1,0,0x16,65,13,12,41,30.000,65.000,35.000,31,35,220,220,11166,12019,12069,,903,,50,,,,,,50
1328,21,121,1,1,0,0x11,10,8,0,4,6.000,0.000,-6.000,-6,-6,220,220,12316,13119,13169,,853,,50,,,,,,50
1329,21,121,1,1,0,0x11,10,7,0,2,5.667,0.000,-5.667,-6,-5,220,220,12316,13169,13219,,903,,50,,,,,,50
1330,21,121,1,1,0,0x11,9,7,0,0,5.333,0.000,-5.333,-5,-5,220,220,12316,13219,13269,,953,,50,,,,,,50
1331,21,121,1,1,0,0x11,8,6,0,0,4.667,0.000,-4.667,-5,-4,220,220,12316,13269,13319,,1003,,50,,,,,,50
1332,21,121,1,1,0,0x11,8,6,0,0,4.667,0.000,-4.667,-4,-4,220,220,12316,13319,13369,,1053,,50,,,,,,50
1333,21,121,1,1,0,0x11,7,5,0,0,4.000,0.000,-4.000,-4,-4,220,220,12316,13369,13419,,1103,,50,,,,,,50
1334,21,122,2,1,0,0x12,13,0,6,0,6.333,0.000,-6.333,-4,-6,220,220,13466,13419,13519,,53,,100,,,,,,50
1335,21,122,2,1,0,0x12,10,0,5,0,5.000,0.000,-5.000,-6,-5,220,220,13466,13519,13569,,103,,50,,,,,,50
1336,21,122,2,1,0,0x12,14,0,5,0,6.333,0.000,-6.333,-5,-6,220,220,13466,13569,13619,,153,,50,,,,,,50
1337,21,122,2,1,0,0x12,10,0,6,2,5.333,0.000,-5.333,-6,-5,220,220,13466,13619,13669,,203,,50,,,,,,50
1338,21,122,2,1,0,0x12,10,0,6,5,5.333,0.000,-5.333,-5,-5,220,220,13466,13669,13719,,253,,50,,,,,,50
1339,21,122,2,1,0,0x12,10,0,7,8,5.667,0.000,-5.667,-5,-5,220,220,13466,13719,13769,,303,,50,,,,,,50
1340,21,122,2,1,0,0x12,11,0,7,11,6.000,0.000,-6.000,-5,-6,220,220,13466,13769,13819,,353,,50,,,,,,50
1341,21,122,2,1,0,0x12,11,0,7,13,6.000,0.000,-6.000,-6,-6,220,220,13466,13819,13869,,403,,50,,,,,,50
1342,21,122,2,1,0,0x12,11,0,8,16,6.333,0.000,-6.333,-6,-6,220,220,13466,13869,13919,,453,,50,,,,,,50
1343,21,122,2,1,0,0x12,12,3,8,19,7.667,3.000,-4.667,-6,-4,220,220,13466,13919,13969,,503,,50,,,,,,50
1344,21,122,2,1,0,0x12,13,10,9,22,10.667,10.000,-0.667,-4,0,220,220,13466,13969,14019,,553,,50,,,,,,50
1345,21,122,2,1,1,0x32,13,17,9,25,13.000,17.000,4.000,0,4,220,220,13466,14019,14069,0,603,52070,50,51517,14069,600,600,600,50
1346,21,122,2,1,0,0x12,13,25,10,27,16.000,25.000,9.000,4,9,220,220,13466,14069,14119,,653,,50,,,,,,50
1347,21,122,2,1,0,0x12,14,32,10,30,18.667,32.000,13.333,9,14,220,220,13466,14119,14169,,703,,50,,,,,,50
1348,21,123,3,1,0,0x13,0,10,8,16,6.000,0.000,-6.000,-3,-6,220,220,14691,15219,15269,,578,,50,,,,,,50
1349,21,123,3,1,0,0x13,0,9,8,13,5.667,0.000,-5.667,-6,-5,220,220,14691,15269,15319,,628,,50,,,,,,50
1350,21,123,3,1,0,0x13,0,9,7,10,5.333,0.000,-5.333,-5,-5,220,220,14691,15319,15369,,678,,50,,,,,,50
1351,21,123,3,1,0,0x13,0,9,7,8,5.333,0.000,-5.333,-5,-5,220,220,14691,15369,15419,,728,,50,,,,,,50
1352,21,123,3,1,0,0x13,0,8,7,5,5.000,0.000,-5.000,-5,-5,220,220,14691,15419,15469,,778,,50,,,,,,50
1353,21,123,3,1,0,0x13,0,8,6,2,4.667,0.000,-4.667,-5,-4,220,220,14691,15469,15519,,828,,50,,,,,,50
1354,21,123,3,1,0,0x13,0,7,5,0,4.000,0.000,-4.000,-4,-4,220,220,14691,15519,15569,,878,,50,,,,,,50
1355,21,123,3,1,0,0x13,0,6,5,0,3.667,0.000,-3.667,-4,-3,220,220,14691,15569,15619,,928,,50,,,,,,50
1356,21,123,3,1,0,0x13,0,5,5,0,3.333,0.000,-3.333,-3,-3,220,220,14691,15619,15669,,978,,50,,,,,,50
1357,21,123,3,1,0,0x13,0,6,5,0,3.667,0.000,-3.667,-3,-3,220,220,14691,15669,15719,,1028,,50,,,,,,50
1358,21,123,3,1,0,0x13,0,5,4,0,3.000,0.000,-3.000,-3,-3,220,220,14691,15719,15769,,1078,,50,,,,,,50
1359,21,124,4,1,0,0x14,10,11,0,0,7.000,0.000,-7.000,-3,-7,220,220,15816,15769,15869,,53,,100,,,,,,50
1360,21,124,4,1,0,0x14,7,8,0,0,5.000,0.000,-5.000,-7,-5,220,220,15816,15869,15919,,103,,50,,,,,,50
1361,21,124,4,1,0,0x14,9,8,0,1,5.667,0.000,-5.667,-5,-5,220,220,15816,15919,15969,,153,,50,,,,,,50
1362,21,124,4,1,0,0x14,9,8,0,4,5.667,0.000,-5.667,-5,-5,220,220,15816,15969,16019,,203,,50,,,,,,50
1363,21,124,4,1,0,0x14,10,8,0,7,6.000,0.000,-6.000,-5,-6,220,220,15816,16019,16069,,253,,50,,,,,,50
1364,21,124,4,1,0,0x14,10,9,0,10,6.333,0.000,-6.333,-6,-6,220,220,15816,16069,16119,,303,,50,,,,,,50
1365,21,124,4,1,0,0x14,10,9,0,13,6.333,0.000,-6.333,-6,-6,220,220,15816,16119,16169,,353,,50,,,,,,50
1366,21,124,4,1,0,0x14,11,10,0,16,7.000,0.000,-7.000,-6,-7,220,220,15816,16169,16219,,403,,50,,,,,,50
1367,21,124,4,1,0,0x14,11,10,0,18,7.000,0.000,-7.000,-7,-7,220,220,15816,16219,16269,,453,,50,,,,,,50
1368,21,125,5,1,0,0x15,13,26,10,28,16.333,26.000,9.667,15,10,220,220,16966,17319,17369,,403,,50,,,,,,50
1369,21,125,5,1,0,0x15,12,19,10,25,13.667,19.000,5.333,10,6,220,220,16966,17369,17419,,453,,50,,,,,,50
1370,21,125,5,1,0,0x15,12,12,9,22,11.000,12.000,1.000,6,1,220,220,16966,17419,17469,,503,,50,,,,,,50
1371,21,125,5,1,1,0x35,12,5,9,20,8.667,5.000,-3.667,1,-3,220,220,16966,17469,17519,0,553,48570,50,48067,17519,575,575,575,50
1372,21,125,5,1,0,0x15,11,0,9,17,6.667,0.000,-6.667,-3,-6,220,220,16966,17519,17569,,603,,50,,,,,,50
1373,21,125,5,1,0,0x15,15,0,8,15,7.667,0.000,-7.667,-6,-7,220,220,16966,17569,17619,,653,,50,,,,,,50
1374,21,125,5,1,0,0x15,11,0,8,12,6.333,0.000,-6.333,-7,-6,220,220,16966,17619,17669,,703,,50,,,,,,50
1375,21,125,5,1,0,0x15,10,0,7,9,5.667,0.000,-5.667,-6,-5,220,220,16966,17669,17719,,753,,50,,,,,,50
1376,21,125,5,1,0,0x15,10,0,7,6,5.667,0.000,-5.667,-5,-5,220,220,16966,17719,17769,,803,,50,,,,,,50
1377,21,125,5,1,0,0x15,9,0,6,3,5.000,0.000,-5.000,-5,-5,220,220,16966,17769,17819,,853,,50,,,,,,50
1378,21,125,5,1,0,0x15,9,0,6,0,5.000,0.000,-5.000,-5,-5,220,220,16966,17819,17869,,903,,50,,,,,,50
1379,21,125,5,1,0,0x15,8,0,5,0,4.333,0.000,-4.333,-5,-4,220,220,16966,17869,17919,,953,,50,,,,,,50
1380,21,125,5,1,0,0x15,8,0,5,0,4.333,0.000,-4.333,-4,-4,220,220,16966,17919,17969,,1003,,50,,,,,,50
1381,21,125,5,1,0,0x15,8,0,4,0,4.000,0.000,-4.000,-4,-4,220,220,16966,17969,18019,,1053,,50,,,,,,50
1382,21,125,5,1,0,0x15,7,0,4,0,3.667,0.000,-3.667,-4,-3,220,220,16966,18019,18069,,1103,,50,,,,,,50
1383,21,126,6,1,0,0x16,0,8,9,0,5.667,0.000,-5.667,-3,-5,220,220,18116,18069,18169,,53,,100,,,,,,50
1384,21,126,6,1,0,0x16,0,6,7,0,4.333,0.000,-4.333,-5,-4,220,220,18116,18169,18219,,103,,50,,,,,,50
1385,21,126,6,1,0,0x16,0,7,6,2,4.333,0.000,-4.333,-4,-4,220,220,18116,18219,18269,,153,,50,,,,,,50
1386,21,126,6,1,0,0x16,0,7,6,4,4.333,0.000,-4.333,-4,-4,220,220,18116,18269,18319,,203,,50,,,,,,50
1387,21,126,6,1,0,0x16,0,8,7,7,5.000,0.000,-5.000,-4,-5,220,220,18116,18319,18369,,253,,50,,,,,,50
1388,22,127,1,1,0,0x11,15,13,55,39,27.667,55.000,27.333,32,28,220,220,19191,19419,19469,,278,,50,,,,,,50
1389,22,127,1,1,0,0x11,15,12,46,36,24.333,46.000,21.667,28,22,220,220,19191,19469,19519,,328,,50,,,,,,50
1390,22,127,1,1,0,0x11,15,12,39,33,22.000,39.000,17.000,22,17,220,220,19191,19519,19569,,378,,50,,,,,,50
1391,22,127,1,1,0,0x11,14,12,32,31,19.333,32.000,12.667,17,13,220,220,19191,19569,19619,,428,,50,,,,,,50
1392,22,127,1,1,0,0x11,18,11,25,28,18.000,25.000,7.000,13,7,220,220,19191,19619,19669,,478,,50,,,,,,50
1393,22,127,1,1,0,0x11,13,11,18,25,14.000,18.000,4.000,7,4,220,220,19191,19669,19719,,528,,50,,,,,,50
1394,22,127,1,1,0,0x11,13,10,12,23,11.667,12.000,0.333,4,1,220,220,19191,19719,19769,,578,,50,,,,,,50
1395,22,127,1,1,1,0x31,12,10,5,20,9.000,5.000,-4.000,1,-4,220,220,19191,19769,19819,0,628,46345,50,45767,19819,600,600,600,50
1396,22,127,1,1,0,0x11,12,10,0,17,7.333,0.000,-7.333,-4,-7,220,220,19191,19819,19869,,678,,50,,,,,,50
1397,22,127,1,1,0,0x11,12,9,0,15,7.000,0.000,-7.000,-7,-7,220,220,19191,19869,19919,,728,,50,,,,,,50
1398,22,127,1,1,0,0x11,11,9,0,12,6.667,0.000,-6.667,-7,-6,220,220,19191,19919,19969,,778,,50,,,,,,50
1399,22,127,1,1,0,0x11,11,8,0,9,6.333,0.000,-6.333,-6,-6,220,220,19191,19969,20019,,828,,50,,,,,,50
1400,22,127,1,1,0,0x11,10,8,0,6,6.000,0.000,-6.000,-6,-6,220,220,19191,20019,20069,,878,,50,,,,,,50
1401,22,127,1,1,0,0x11,10,8,0,4,6.000,0.000,-6.000,-6,-6,220,220,19191,20069,20119,,928,,50,,,,,,50
1402,22,127,1,1,0,0x11,9,7,0,1,5.333,0.000,-5.333,-6,-5,220,220,19191,20119,20169,,978,,50,,,,,,50
1403,22,127,1,1,0,0x11,9,6,0,0,5.000,0.000,-5.000,-5,-5,220,220,19191,20169,20219,,1028,,50,,,,,,50
1404,22,127,1,1,0,0x11,8,6,0,0,4.667,0.000,-4.667,-5,-4,220,220,19191,20219,20269,,1078,,50,,,,,,50
1405,22,127,1,1,0,0x11,8,6,0,0,4.667,0.000,-4.667,-4,-4,220,220,19191,20269,20319,,1128,,50,,,,,,50
1406,22,127,1,1,0,0x11,7,5,0,0,4.000,0.000,-4.000,-4,-4,220,220,19191,20319,20369,,1178,,50,,,,,,50
1407,22,127,1,1,0,0x11,7,5,0,0,4.000,0.000,-4.000,-4,-4,220,220,19191,20369,20419,,1228,,50,,,,,,50
1408,22,128,2,1,0,0x12,17,95,13,53,41.667,95.000,53.333,49,54,220,220,20441,21469,21519,,1078,,50,,,,,,50
1409,22,129,3,1,0,0x13,86,14,10,46,36.667,86.000,49.333,54,50,220,220,21566,21519,21619,,53,,100,,,,,,50
1410,22,129,3,1,0,0x13,78,15,12,46,35.000,78.000,43.000,50,43,220,220,21566,21619,21669,,103,,50,,,,,,50
1411,22,129,3,1,0,0x13,71,14,12,43,32.333,71.000,38.667,43,39,220,220,21566,21669,21719,,153,,50,,,,,,50
1412,22,129,3,1,0,0x13,63,13,12,40,29.333,63.000,33.667,39,34,220,220,21566,21719,21769,,203,,50,,,,,,50
1413,22,129,3,1,0,0x13,54,12,11,37,25.667,54.000,28.333,34,29,220,220,21566,21769,21819,,253,,50,,,,,,50
1414,22,129,3,1,0,0x13,47,13,11,34,23.667,47.000,23.333,29,24,220,220,21566,21819,21869,,303,,50,,,,,,50
1415,22,129,3,1,0,0x13,39,12,10,31,20.333,39.000,18.667,24,19,220,220,21566,21869,21919,,353,,50,,,,,,50
1416,22,129,3,1,0,0x13,32,12,10,29,18.000,32.000,14.000,19,14,220,220,21566,21919,21969,,403,,50,,,,,,50
1417,22,129,3,1,0,0x13,24,11,10,26,15.000,24.000,9.000,14,9,220,220,21566,21969,22019,,453,,50,,,,,,50
1418,22,129,3,1,0,0x13,17,11,9,23,12.333,17.000,4.667,9,5,220,220,21566,22019,22069,,503,,50,,,,,,50
1419,22,129,3,1,0,0x13,10,10,9,21,9.667,10.000,0.333,5,1,220,220,21566,22069,22119,,553,,50,,,,,,50
1420,22,129,3,1,1,0x33,3,10,8,18,7.000,3.000,-4.000,1,-4,220,220,21566,22119,22169,0,603,43970,50,43417,22169,600,600,600,50
1421,22,129,3,1,0,0x13,0,10,8,15,6.000,0.000,-6.000,-4,-6,220,220,21566,22169,22219,,653,,50,,,,,,50
1422,22,129,3,1,0,0x13,0,9,8,12,5.667,0.000,-5.667,-6,-5,220,220,21566,22219,22269,,703,,50,,,,,,50
1423,22,129,3,1,0,0x13,0,9,7,10,5.333,0.000,-5.333,-5,-5,220,220,21566,22269,22319,,753,,50,,,,,,50
1424,22,129,3,1,0,0x13,0,8,6,6,4.667,0.000,-4.667,-5,-4,220,220,21566,22319,22369,,803,,50,,,,,,50
1425,22,129,3,1,0,0x13,0,8,6,4,4.667,0.000,-4.667,-4,-4,220,220,21566,22369,22419,,853,,50,,,,,,50
1426,22,129,3,1,0,0x13,0,7,6,1,4.333,0.000,-4.333,-4,-4,220,220,21566,22419,22469,,903,,50,,,,,,50
1427,22,129,3,1,0,0x13,0,7,5,0,4.000,0.000,-4.000,-4,-4,220,220,21566,22469,22519,,953,,50,,,,,,50
1428,22,130,4,1,0,0x14,20,14,63,42,32.333,63.000,30.667,28,31,220,220,22791,23569,23619,,828,,50,,,,,,50
1429,22,130,4,1,0,0x14,16,14,70,45,33.333,70.000,36.667,31,37,220,220,22791,23619,23669,,878,,50,,,,,,50
1430,22,130,4,1,0,0x14,16,14,77,47,35.667,77.000,41.333,37,42,220,220,22791,23669,23719,,928,,50,,,,,,50
1431,22,130,4,1,0,0x14,16,14,85,50,38.333,85.000,46.667,42,47,220,220,22791,23719,23769,,978,,50,,,,,,50
1432,22,130,4,1,0,0x14,17,14,92,53,41.000,92.000,51.000,47,51,220,220,22791,23769,23819,,1028,,50,,,,,,50
1433,22,131,5,1,0,0x15,17,84,14,49,38.333,84.000,45.667,51,46,220,220,23841,23819,23919,,78,,100,,,,,,50
1434,22,131,5,1,0,0x15,16,77,13,46,35.333,77.000,41.667,46,42,220,220,23841,23919,23969,,128,,50,,,,,,50
1435,22,131,5,1,0,0x15,15,69,12,44,32.000,69.000,37.000,42,37,220,220,23841,23969,24019,,178,,50,,,,,,50
1436,22,131,5,1,0,0x15,16,62,12,41,30.000,62.000,32.000,37,32,220,220,23841,24019,24069,,228,,50,,,,,,50
1437,22,131,5,1,0,0x15,15,54,12,38,27.000,54.000,27.000,32,27,220,220,23841,24069,24119,,278,,50,,,,,,50
1438,22,131,5,1,0,0x15,14,47,11,35,24.000,47.000,23.000,27,23,220,220,23841,24119,24169,,328,,50,,,,,,50
1439,22,131,5,1,0,0x15,14,39,11,33,21.333,39.000,17.667,23,18,220,220,23841,24169,24219,,378,,50,,,,,,50
1440,22,131,5,1,0,0x15,13,32,10,30,18.333,32.000,13.667,18,14,220,220,23841,24219,24269,,428,,50,,,,,,50
1441,22,131,5,1,0,0x15,13,25,10,27,16.000,25.000,9.000,14,9,220,220,23841,24269,24319,,478,,50,,,,,,50
1442,22,131,5,1,0,0x15,13,17,10,25,13.333,17.000,3.667,9,4,220,220,23841,24319,24369,,528,,50,,,,,,50
1443,22,131,5,1,1,0x35,13,10,10,22,11.000,10.000,-1.000,4,-1,220,220,23841,24369,24419,0,578,41695,50,41167,24419,575,575,575,50
1444,22,131,5,1,0,0x15,12,3,9,19,8.000,3.000,-5.000,-1,-5,220,220,23841,24419,24469,,628,,50,,,,,,50
1445,22,131,5,1,0,0x15,11,0,9,17,6.667,0.000,-6.667,-5,-6,220,220,23841,24469,24519,,678,,50,,,,,,50
1446,22,131,5,1,0,0x15,11,0,8,14,6.333,0.000,-6.333,-6,-6,220,220,23841,24519,24569,,728,,50,,,,,,50
1447,22,131,5,1,0,0x15,15,0,8,11,7.667,0.000,-7.667,-6,-7,220,220,23841,24569,24619,,778,,50,,,,,,50
1448,22,132,6,1,0,0x16,34,11,10,29,18.333,34.000,15.667,11,16,220,220,25016,25669,25719,,703,,50,,,,,,50
1449,22,132,6,1,0,0x16,41,12,11,32,21.333,41.000,19.667,16,20,220,220,25016,25719,25769,,753,,50,,,,,,50
1450,22,132,6,1,0,0x16,49,12,11,35,24.000,49.000,25.000,20,25,220,220,25016,25769,25819,,803,,50,,,,,,50
1451,22,132,6,1,0,0x16,56,13,12,38,27.000,56.000,29.000,25,29,220,220,25016,25819,25869,,853,,50,,,,,,50
1452,22,132,6,1,0,0x16,63,13,12,41,29.333,63.000,33.667,29,34,220,220,25016,25869,25919,,903,,50,,,,,,50
1453,22,132,6,1,0,0x16,71,14,12,43,32.333,71.000,38.667,34,39,220,220,25016,25919,25969,,953,,50,,,,,,50
1454,22,132,6,1,0,0x16,78,14,12,46,34.667,78.000,43.333,39,44,220,220,25016,25969,26019,,1003,,50,,,,,,50
1455,22,132,6,1,0,0x16,85,14,13,49,37.333,85.000,47.667,44,48,220,220,25016,26019,26069,,1053,,50,,,,,,50
1456,22,132,6,1,0,0x16,92,15,13,51,40.000,92.000,52.000,48,52,220,220,25016,26069,26119,,1103,,50,,,,,,50
1457,23,133,1,1,0,0x11,15,11,80,45,35.333,80.000,44.667,52,45,220,220,26166,26119,26219,,53,,100,,,,,,50
1458,23,133,1,1,0,0x11,18,13,74,47,35.000,74.000,39.000,45,39,220,220,26166,26219,26269,,103,,50,,,,,,50
1459,23,133,1,1,0,0x11,16,13,66,43,31.667,66.000,34.333,39,35,220,220,26166,26269,26319,,153,,50,,,,,,50
1460,23,133,1,1,0,0x11,16,13,57,40,28.667,57.000,28.333,35,29,220,220,26166,26319,26369,,203,,50,,,,,,50
1461,23,133,1,1,0,0x11,15,12,50,37,25.667,50.000,24.333,29,25,220,220,26166,26369,26419,,253,,50,,,,,,50
1462,23,133,1,1,0,0x11,15,12,42,34,23.000,42.000,19.000,25,19,220,220,26166,26419,26469,,303,,50,,,,,,50
1463,23,133,1,1,0,0x11,15,12,35,31,20.667,35.000,14.333,19,15,220,220,26166,26469,26519,,353,,50,,,,,,50
1464,23,133,1,1,0,0x11,14,11,27,29,17.333,27.000,9.667,15,10,220,220,26166,26519,26569,,403,,50,,,,,,50
1465,23,133,1,1,0,0x11,18,11,20,26,16.333,20.000,3.667,10,4,220,220,26166,26569,26619,,453,,50,,,,,,50
1466,23,133,1,1,0,0x11,13,10,13,23,12.000,13.000,1.000,4,1,220,220,26166,26619,26669,,503,,50,,,,,,50
1467,23,133,1,1,1,0x31,13,10,6,21,9.667,6.000,-3.667,1,-3,220,220,26166,26669,26719,0,553,39370,50,38867,26719,575,575,575,50
1468,23,134,2,1,0,0x12,12,4,9,19,8.333,4.000,-4.333,-6,-4,220,220,27316,27769,27819,,503,,50,,,,,,50
1469,23,134,2,1,0,0x12,13,10,9,21,10.667,10.000,-0.667,-4,0,220,220,27316,27819,27869,,553,,50,,,,,,50
1470,23,134,2,1,1,0x32,13,17,9,24,13.000,17.000,4.000,0,4,220,220,27316,27869,27919,0,603,38220,50,37667,27919,600,600,600,50
1471,23,134,2,1,0,0x12,13,24,9,26,15.333,24.000,8.667,4,9,220,220,27316,27919,27969,,653,,50,,,,,,50
1472,23,134,2,1,0,0x12,14,31,10,29,18.333,31.000,12.667,9,13,220,220,27316,27969,28019,,703,,50,,,,,,50
1473,23,134,2,1,0,0x12,14,38,10,32,20.667,38.000,17.333,13,18,220,220,27316,28019,28069,,753,,50,,,,,,50
1474,23,134,2,1,0,0x12,15,45,10,35,23.333,45.000,21.667,18,22,220,220,27316,28069,28119,,803,,50,,,,,,50
1475,23,134,2,1,0,0x12,15,53,11,37,26.333,53.000,26.667,22,27,220,220,27316,28119,28169,,853,,50,,,,,,50
1476,23,134,2,1,0,0x12,16,61,12,40,29.667,61.000,31.333,27,32,220,220,27316,28169,28219,,903,,50,,,,,,50
1477,23,134,2,1,0,0x12,16,68,12,43,32.000,68.000,36.000,32,36,220,220,27316,28219,28269,,953,,50,,,,,,50
1478,23,134,2,1,0,0x12,16,76,12,46,34.667,76.000,41.333,36,42,220,220,27316,28269,28319,,1003,,50,,,,,,50
1479,23,134,2,1,0,0x12,17,83,13,48,37.667,83.000,45.333,42,46,220,220,27316,28319,28369,,1053,,50,,,,,,50
1480,23,134,2,1,0,0x12,17,92,14,52,41.000,92.000,51.000,46,51,220,220,27316,28369,28419,,1103,,50,,,,,,50
1481,23,134,2,1,0,0x12,17,99,14,55,43.333,99.000,55.667,51,56,220,220,27316,28419,28469,,1153,,50,,,,,,50
1482,23,134,2,1,0,0x12,18,107,14,57,46.333,107.000,60.667,56,61,220,220,27316,28469,28519,,1203,,50,,,,,,50
1483,23,135,3,1,0,0x13,81,14,12,46,35.667,81.000,45.333,61,46,220,220,28541,28519,28619,,78,,100,,,,,,50
1484,23,135,3,1,0,0x13,69,14,12,42,31.667,69.000,37.333,46,38,220,220,28541,28619,28669,,128,,50,,,,,,50
1485,23,135,3,1,0,0x13,61,13,11,40,28.333,61.000,32.667,38,33,220,220,28541,28669,28719,,178,,50,,,,,,50
1486,23,135,3,1,0,0x13,52,13,11,36,25.333,52.000,26.667,33,27,220,220,28541,28719,28769,,228,,50,,,,,,50
1487,23,135,3,1,0,0x13,44,13,10,33,22.333,44.000,21.667,27,22,220,220,28541,28769,28819,,278,,50,,,,,,50
1488,23,136,4,1,0,0x14,10,8,0,8,6.000,0.000,-6.000,-5,-6,220,220,29666,29869,29919,,253,,50,,,,,,50
1489,23,136,4,1,0,0x14,10,9,0,11,6.333,0.000,-6.333,-6,-6,220,220,29666,29919,29969,,303,,50,,,,,,50
1490,23,136,4,1,0,0x14,11,9,0,13,6.667,0.000,-6.667,-6,-6,220,220,29666,29969,30019,,353,,50,,,,,,50
1491,23,136,4,1,0,0x14,11,10,0,16,7.000,0.000,-7.000,-6,-7,220,220,29666,30019,30069,,403,,50,,,,,,50
1492,23,136,4,1,0,0x14,11,10,2,19,7.667,2.000,-5.667,-7,-5,220,220,29666,30069,30119,,453,,50,,,,,,50
1493,23,136,4,1,0,0x14,12,11,8,21,10.333,8.000,-2.333,-5,-2,220,220,29666,30119,30169,,503,,50,,,,,,50
1494,23,136,4,1,1,0x34,13,11,15,24,13.000,15.000,2.000,-2,2,220,220,29666,30169,30219,0,553,35870,50,35367,30219,575,575,575,50
1495,23,136,4,1,0,0x14,13,11,23,26,15.667,23.000,7.333,2,8,220,220,29666,30219,30269,,603,,50,,,,,,50
1496,23,136,4,1,0,0x14,13,12,30,29,18.333,30.000,11.667,8,12,220,220,29666,30269,30319,,653,,50,,,,,,50
1497,23,136,4,1,0,0x14,14,12,37,32,21.000,37.000,16.000,12,16,220,220,29666,30319,30369,,703,,50,,,,,,50
1498,23,136,4,1,0,0x14,14,12,44,35,23.333,44.000,20.667,16,21,220,220,29666,30369,30419,,753,,50,,,,,,50
1499,23,136,4,1,0,0x14,15,13,52,38,26.667,52.000,25.333,21,26,220,220,29666,30419,30469,,803,,50,,,,,,50
1500,23,136,4,1,0,0x14,16,14,60,41,30.000,60.000,30.000,26,30,220,220,29666,30469,30519,,853,,50,,,,,,50
1501,23,136,4,1,0,0x14,15,13,67,43,31.667,67.000,35.333,30,36,220,220,29666,30519,30569,,903,,50,,,,,,50
1502,23,136,4,1,0,0x14,20,14,75,47,36.333,75.000,38.667,36,39,220,220,29666,30569,30619,,953,,50,,,,,,50
1503,23,136,4,1,0,0x14,17,14,83,49,38.000,83.000,45.000,39,45,220,220,29666,30619,30669,,1003,,50,,,,,,50
1504,23,136,4,1,0,0x14,17,14,91,52,40.667,91.000,50.333,45,51,220,220,29666,30669,30719,,1053,,50,,,,,,50
1505,23,136,4,1,0,0x14,17,15,98,55,43.333,98.000,54.667,51,55,220,220,29666,30719,30769,,1103,,50,,,,,,50
1506,23,137,5,1,0,0x15,12,77,13,44,34.000,77.000,43.000,55,43,220,220,30816,30769,30869,,53,,100,,,,,,50
1507,23,137,5,1,0,0x15,15,71,14,45,33.333,71.000,37.667,43,38,220,220,30816,30869,30919,,103,,50,,,,,,50
1508,23,138,6,1,0,0x16,0,7,8,0,5.000,0.000,-5.000,-3,-5,220,220,31966,31919,32019,,53,,100,,,,,,50
1509,23,138,6,1,0,0x16,0,6,6,0,4.000,0.000,-4.000,-5,-4,220,220,31966,32019,32069,,103,,50,,,,,,50
1510,23,138,6,1,0,0x16,0,7,6,1,4.333,0.000,-4.333,-4,-4,220,220,31966,32069,32119,,153,,50,,,,,,50
1511,23,138,6,1,0,0x16,0,8,7,3,5.000,0.000,-5.000,-4,-5,220,220,31966,32119,32169,,203,,50,,,,,,50
1512,23,138,6,1,0,0x16,0,8,7,6,5.000,0.000,-5.000,-5,-5,220,220,31966,32169,32219,,253,,50,,,,,,50
1513,23,138,6,1,0,0x16,0,8,7,9,5.000,0.000,-5.000,-5,-5,220,220,31966,32219,32269,,303,,50,,,,,,50
1514,23,138,6,1,0,0x16,0,9,8,12,5.667,0.000,-5.667,-5,-5,220,220,31966,32269,32319,,353,,50,,,,,,50
1515,23,138,6,1,0,0x16,0,9,8,15,5.667,0.000,-5.667,-5,-5,220,220,31966,32319,32369,,403,,50,,,,,,50
1516,23,138,6,1,0,0x16,1,10,8,18,6.333,1.000,-5.333,-5,-5,220,220,31966,32369,32419,,453,,50,,,,,,50
1517,23,138,6,1,0,0x16,8,10,9,20,9.000,8.000,-1.000,-5,-1,220,220,31966,32419,32469,,503,,50,,,,,,50
1518,23,138,6,1,1,0x36,15,10,9,23,11.333,15.000,3.667,-1,4,220,220,31966,32469,32519,0,553,33570,50,33067,32519,575,575,575,50
1519,23,138,6,1,0,0x16,23,10,10,26,14.333,23.000,8.667,4,9,220,220,31966,32519,32569,,603,,50,,,,,,50
1520,23,138,6,1,0,0x16,34,11,10,29,18.333,34.000,15.667,9,16,220,220,31966,32569,32619,,653,,50,,,,,,50
1521,23,138,6,1,0,0x16,37,12,10,31,19.667,37.000,17.333,16,18,220,220,31966,32619,32669,,703,,50,,,,,,50
1522,23,138,6,1,0,0x16,45,12,11,34,22.667,45.000,22.333,18,23,220,220,31966,32669,32719,,753,,50,,,,,,50
1523,23,138,6,1,0,0x16,52,13,11,37,25.333,52.000,26.667,23,27,220,220,31966,32719,32769,,803,,50,,,,,,50
1524,23,138,6,1,0,0x16,60,13,12,39,28.333,60.000,31.667,27,32,220,220,31966,32769,32819,,853,,50,,,,,,50
1525,23,138,6,1,0,0x16,67,13,12,42,30.667,67.000,36.333,32,37,220,220,31966,32819,32869,,903,,50,,,,,,50
1526,23,138,6,1,0,0x16,75,14,12,45,33.667,75.000,41.333,37,42,220,220,31966,32869,32919,,953,,50,,,,,,50
1527,23,138,6,1,0,0x16,82,14,13,48,36.333,82.000,45.667,42,46,220,220,31966,32919,32969,,1003,,50,,,,,,50
1528,24,139,1,1,0,0x11,8,6,0,0,4.667,0.000,-4.667,-5,-4,220,220,33116,34019,34069,,953,,50,,,,,,50
1529,24,139,1,1,0,0x11,8,6,0,0,4.667,0.000,-4.667,-4,-4,220,220,33116,34069,34119,,1003,,50,,,,,,50
1530,24,139,1,1,0,0x11,8,5,0,0,4.333,0.000,-4.333,-4,-4,220,220,33116,34119,34169,,1053,,50,,,,,,50
1531,24,140,2,1,0,0x12,8,0,4,0,4.000,0.000,-4.000,-4,-4,220,220,34191,34169,34269,,78,,100,,,,,,50
1532,24,140,2,1,0,0x12,8,0,5,0,4.333,0.000,-4.333,-4,-4,220,220,34191,34269,34319,,128,,50,,,,,,50
1533,24,140,2,1,0,0x12,8,0,5,0,4.333,0.000,-4.333,-4,-4,220,220,34191,34319,34369,,178,,50,,,,,,50
1534,24,140,2,1,0,0x12,9,0,6,1,5.000,0.000,-5.000,-4,-5,220,220,34191,34369,34419,,228,,50,,,,,,50
1535,24,140,2,1,0,0x12,9,0,6,3,5.000,0.000,-5.000,-5,-5,220,220,34191,34419,34469,,278,,50,,,,,,50
1536,24,140,2,1,0,0x12,10,0,6,6,5.333,0.000,-5.333,-5,-5,220,220,34191,34469,34519,,328,,50,,,,,,50
1537,24,140,2,1,0,0x12,10,0,7,10,5.667,0.000,-5.667,-5,-5,220,220,34191,34519,34569,,378,,50,,,,,,50
1538,24,140,2,1,0,0x12,15,0,8,13,7.667,0.000,-7.667,-5,-7,220,220,34191,34569,34619,,428,,50,,,,,,50
1539,24,140,2,1,0,0x12,11,0,8,15,6.333,0.000,-6.333,-7,-6,220,220,34191,34619,34669,,478,,50,,,,,,50
1540,24,140,2,1,0,0x12,12,1,8,17,7.000,1.000,-6.000,-6,-6,220,220,34191,34669,34719,,528,,50,,,,,,50
1541,24,140,2,1,0,0x12,13,8,9,21,10.000,8.000,-2.000,-6,-2,220,220,34191,34719,34769,,578,,50,,,,,,50
1542,24,140,2,1,1,0x32,13,15,9,23,12.333,15.000,2.667,-2,3,220,220,34191,34769,34819,0,628,31345,50,30767,34819,600,600,600,50
1543,24,140,2,1,0,0x12,13,22,10,26,15.000,22.000,7.000,3,7,220,220,34191,34819,34869,,678,,50,,,,,,50
1544,24,140,2,1,0,0x12,14,29,10,28,17.667,29.000,11.333,7,12,220,220,34191,34869,34919,,728,,50,,,,,,50
1545,24,140,2,1,0,0x12,14,37,10,31,20.333,37.000,16.667,12,17,220,220,34191,34919,34969,,778,,50,,,,,,50
1546,24,140,2,1,0,0x12,14,44,11,34,23.000,44.000,21.000,17,21,220,220,34191,34969,35019,,828,,50,,,,,,50
1547,24,140,2,1,0,0x12,15,52,11,37,26.000,52.000,26.000,21,26,220,220,34191,35019,35069,,878,,50,,,,,,50
1548,24,141,3,1,0,0x13,0,9,7,10,5.333,0.000,-5.333,-5,-5,220,220,35441,36119,36169,,728,,50,,,,,,50
1549,24,141,3,1,0,0x13,0,9,7,7,5.333,0.000,-5.333,-5,-5,220,220,35441,36169,36219,,778,,50,,,,,,50
1550,24,141,3,1,0,0x13,0,8,7,4,5.000,0.000,-5.000,-5,-5,220,220,35441,36219,36269,,828,,50,,,,,,50
1551,24,141,3,1,0,0x13,0,7,6,2,4.333,0.000,-4.333,-5,-4,220,220,35441,36269,36319,,878,,50,,,,,,50
1552,24,141,3,1,0,0x13,0,7,6,0,4.333,0.000,-4.333,-4,-4,220,220,35441,36319,36369,,928,,50,,,,,,50
1553,24,141,3,1,0,0x13,0,6,5,0,3.667,0.000,-3.667,-4,-3,220,220,35441,36369,36419,,978,,50,,,,,,50
1554,24,141,3,1,0,0x13,0,6,5,0,3.667,0.000,-3.667,-3,-3,220,220,35441,36419,36469,,1028,,50,,,,,,50
1555,24,141,3,1,0,0x13,0,5,4,0,3.000,0.000,-3.000,-3,-3,220,220,35441,36469,36519,,1078,,50,,,,,,50
1556,24,141,3,1,0,0x13,0,5,4,0,3.000,0.000,-3.000,-3,-3,220,220,35441,36519,36569,,1128,,50,,,,,,50
1557,24,141,3,1,0,0x13,0,4,4,0,2.667,0.000,-2.667,-3,-2,220,220,35441,36569,36619,,1178,,50,,,,,,50
1558,24,142,4,1,0,0x14,9,8,0,0,5.667,0.000,-5.667,-2,-5,220,220,36641,36619,36719,,78,,100,,,,,,50
1559,24,142,4,1,0,0x14,9,8,0,2,5.667,0.000,-5.667,-5,-5,220,220,36641,36719,36769,,128,,50,,,,,,50
1560,24,142,4,1,0,0x14,9,8,0,5,5.667,0.000,-5.667,-5,-5,220,220,36641,36769,36819,,178,,50,,,,,,50
1561,24,142,4,1,0,0x14,10,9,0,9,6.333,0.000,-6.333,-5,-6,220,220,36641,36819,36869,,228,,50,,,,,,50
1562,24,142,4,1,0,0x14,10,9,0,11,6.333,0.000,-6.333,-6,-6,220,220,36641,36869,36919,,278,,50,,,,,,50
1563,24,142,4,1,0,0x14,11,9,0,14,6.667,0.000,-6.667,-6,-6,220,220,36641,36919,36969,,328,,50,,,,,,50
1564,24,142,4,1,0,0x14,11,10,0,17,7.000,0.000,-7.000,-6,-7,220,220,36641,36969,37019,,378,,50,,,,,,50
1565,24,142,4,1,0,0x14,12,10,4,20,8.667,4.000,-4.667,-7,-4,220,220,36641,37019,37069,,428,,50,,,,,,50
1566,24,142,4,1,1,0x34,12,11,12,22,11.667,12.000,0.333,-4,1,220,220,36641,37069,37119,0,478,28895,50,28467,37119,550,550,550,50
1567,24,142,4,1,0,0x14,13,11,19,25,14.333,19.000,4.667,1,5,220,220,36641,37119,37169,,528,,50,,,,,,50
1568,24,143,5,1,1,0x35,12,9,9,21,10.000,9.000,-1.000,3,-1,220,220,37691,38219,38269,0,578,27845,50,27317,38269,575,575,575,50
1569,24,143,5,1,0,0x15,11,2,9,19,7.333,2.000,-5.333,-1,-5,220,220,37691,38269,38319,,628,,50,,,,,,50
1570,24,143,5,1,0,0x15,11,0,9,16,6.667,0.000,-6.667,-5,-6,220,220,37691,38319,38369,,678,,50,,,,,,50
1571,24,143,5,1,0,0x15,11,0,8,13,6.333,0.000,-6.333,-6,-6,220,220,37691,38369,38419,,728,,50,,,,,,50
1572,24,143,5,1,0,0x15,10,0,8,10,6.000,0.000,-6.000,-6,-6,220,220,37691,38419,38469,,778,,50,,,,,,50
1573,24,143,5,1,0,0x15,10,0,7,7,5.667,0.000,-5.667,-6,-5,220,220,37691,38469,38519,,828,,50,,,,,,50
1574,24,143,5,1,0,0x15,9,0,7,4,5.333,0.000,-5.333,-5,-5,220,220,37691,38519,38569,,878,,50,,,,,,50
1575,24,143,5,1,0,0x15,14,0,6,2,6.667,0.000,-6.667,-5,-6,220,220,37691,38569,38619,,928,,50,,,,,,50
1576,24,143,5,1,0,0x15,9,0,5,0,4.667,0.000,-4.667,-6,-4,220,220,37691,38619,38669,,978,,50,,,,,,50
1577,24,143,5,1,0,0x15,8,0,5,0,4.333,0.000,-4.333,-4,-4,220,220,37691,38669,38719,,1028,,50,,,,,,50
1578,24,143,5,1,0,0x15,7,0,5,0,4.000,0.000,-4.000,-4,-4,220,220,37691,38719,38769,,1078,,50,,,,,,50
1579,24,143,5,1,0,0x15,7,0,4,0,3.667,0.000,-3.667,-4,-3,220,220,37691,38769,38819,,1128,,50,,,,,,50
1580,24,144,6,1,0,0x16,0,8,8,0,5.333,0.000,-5.333,-3,-5,220,220,38866,38819,38919,,53,,100,,,,,,50
1581,24,144,6,1,0,0x16,0,5,6,0,3.667,0.000,-3.667,-5,-3,220,220,38866,38919,38969,,103,,50,,,,,,50
1582,24,144,6,1,0,0x16,0,7,6,0,4.333,0.000,-4.333,-3,-4,220,220,38866,38969,39019,,153,,50,,,,,,50
1583,24,144,6,1,0,0x16,0,7,7,3,4.667,0.000,-4.667,-4,-4,220,220,38866,39019,39069,,203,,50,,,,,,50
1584,24,144,6,1,0,0x16,0,8,7,5,5.000,0.000,-5.000,-4,-5,220,220,38866,39069,39119,,253,,50,,,,,,50
1585,24,144,6,1,0,0x16,0,8,7,9,5.000,0.000,-5.000,-5,-5,220,220,38866,39119,39169,,303,,50,,,,,,50
1586,24,144,6,1,0,0x16,0,8,8,12,5.333,0.000,-5.333,-5,-5,220,220,38866,39169,39219,,353,,50,,,,,,50
1587,24,144,6,1,0,0x16,0,9,8,14,5.667,0.000,-5.667,-5,-5,220,220,38866,39219,39269,,403,,50,,,,,,50
1588,25,145,1,1,0,0x11,14,12,38,33,21.333,38.000,16.667,21,17,220,220,40016,40319,40369,,353,,50,,,,,,50
1589,25,145,1,1,0,0x11,14,12,31,30,19.000,31.000,12.000,17,12,220,220,40016,40369,40419,,403,,50,,,,,,50
1590,25,145,1,1,0,0x11,13,11,22,27,15.333,22.000,6.667,12,7,220,220,40016,40419,40469,,453,,50,,,,,,50
1591,25,145,1,1,0,0x11,13,11,16,24,13.333,16.000,2.667,7,3,220,220,40016,40469,40519,,503,,50,,,,,,50
1592,25,145,1,1,1,0x31,13,10,9,22,10.667,9.000,-1.667,3,-1,220,220,40016,40519,40569,0,553,25520,50,25017,40569,575,575,575,50
1593,25,145,1,1,0,0x11,17,10,2,20,9.667,2.000,-7.667,-1,-7,220,220,40016,40569,40619,,603,,50,,,,,,50
1594,25,145,1,1,0,0x11,12,10,0,17,7.333,0.000,-7.333,-7,-7,220,220,40016,40619,40669,,653,,50,,,,,,50
1595,25,145,1,1,0,0x11,12,9,0,14,7.000,0.000,-7.000,-7,-7,220,220,40016,40669,40719,,703,,50,,,,,,50
1596,25,145,1,1,0,0x11,11,8,0,11,6.333,0.000,-6.333,-7,-6,220,220,40016,40719,40769,,753,,50,,,,,,50
1597,25,145,1,1,0,0x11,11,8,0,8,6.333,0.000,-6.333,-6,-6,220,220,40016,40769,40819,,803,,50,,,,,,50
1598,25,145,1,1,0,0x11,10,8,0,5,6.000,0.000,-6.000,-6,-6,220,220,40016,40819,40869,,853,,50,,,,,,50
1599,25,145,1,1,0,0x11,10,7,0,2,5.667,0.000,-5.667,-6,-5,220,220,40016,40869,40919,,903,,50,,,,,,50
1600,25,145,1,1,0,0x11,9,7,0,0,5.333,0.000,-5.333,-5,-5,220,220,40016,40919,40969,,953,,50,,,,,,50
1601,25,145,1,1,0,0x11,8,6,0,0,4.667,0.000,-4.667,-5,-4,220,220,40016,40969,41019,,1003,,50,,,,,,50
1602,25,145,1,1,0,0x11,8,6,0,0,4.667,0.000,-4.667,-4,-4,220,220,40016,41019,41069,,1053,,50,,,,,,50
1603,25,145,1,1,0,0x11,7,5,0,0,4.000,0.000,-4.000,-4,-4,220,220,40016,41069,41119,,1103,,50,,,,,,50
1604,25,146,2,1,0,0x12,13,0,5,0,6.000,0.000,-6.000,-4,-6,220,220,41166,41119,41219,,53,,100,,,,,,50
1605,25,146,2,1,0,0x12,10,0,4,0,4.667,0.000,-4.667,-6,-4,220,220,41166,41219,41269,,103,,50,,,,,,50
1606,25,146,2,1,0,0x12,9,0,5,0,4.667,0.000,-4.667,-4,-4,220,220,41166,41269,41319,,153,,50,,,,,,50
1607,25,146,2,1,0,0x12,10,0,6,2,5.333,0.000,-5.333,-4,-5,220,220,41166,41319,41369,,203,,50,,,,,,50
1608,25,147,3,1,0,0x13,72,14,12,44,32.667,72.000,39.333,61,40,220,220,42391,42369,42469,,78,,100,,,,,,50
1609,25,147,3,1,0,0x13,65,14,12,41,30.333,65.000,34.667,40,35,220,220,42391,42469,42519,,128,,50,,,,,,50
1610,25,147,3,1,0,0x13,57,13,11,38,27.000,57.000,30.000,35,30,220,220,42391,42519,42569,,178,,50,,,,,,50
1611,25,147,3,1,0,0x13,53,13,11,35,25.667,53.000,27.333,30,28,220,220,42391,42569,42619,,228,,50,,,,,,50
1612,25,147,3,1,0,0x13,41,13,10,32,21.333,41.000,19.667,28,20,220,220,42391,42619,42669,,278,,50,,,,,,50
1613,25,147,3,1,0,0x13,34,12,10,29,18.667,34.000,15.333,20,16,220,220,42391,42669,42719,,328,,50,,,,,,50
1614,25,147,3,1,0,0x13,26,12,10,27,16.000,26.000,10.000,16,10,220,220,42391,42719,42769,,378,,50,,,,,,50
1615,25,147,3,1,0,0x13,19,11,9,24,13.000,19.000,6.000,10,6,220,220,42391,42769,42819,,428,,50,,,,,,50
1616,25,147,3,1,0,0x13,12,10,9,21,10.333,12.000,1.667,6,2,220,220,42391,42819,42869,,478,,50,,,,,,50
1617,25,147,3,1,1,0x33,4,10,8,19,7.333,4.000,-3.333,2,-3,220,220,42391,42869,42919,0,528,23145,50,22667,42919,575,575,575,50
1618,25,147,3,1,0,0x13,0,10,8,16,6.000,0.000,-6.000,-3,-6,220,220,42391,42919,42969,,578,,50,,,,,,50
1619,25,147,3,1,0,0x13,0,9,8,13,5.667,0.000,-5.667,-6,-5,220,220,42391,42969,43019,,628,,50,,,,,,50
1620,25,147,3,1,0,0x13,0,9,8,10,5.667,0.000,-5.667,-5,-5,220,220,42391,43019,43069,,678,,50,,,,,,50
1621,25,147,3,1,0,0x13,0,8,7,7,5.000,0.000,-5.000,-5,-5,220,220,42391,43069,43119,,728,,50,,,,,,50
1622,25,147,3,1,0,0x13,0,8,7,4,5.000,0.000,-5.000,-5,-5,220,220,42391,43119,43169,,778,,50,,,,,,50
1623,25,147,3,1,0,0x13,0,7,6,1,4.333,0.000,-4.333,-5,-4,220,220,42391,43169,43219,,828,,50,,,,,,50
1624,25,147,3,1,0,0x13,0,7,6,0,4.333,0.000,-4.333,-4,-4,220,220,42391,43219,43269,,878,,50,,,,,,50
1625,25,147,3,1,0,0x13,0,6,5,0,3.667,0.000,-3.667,-4,-3,220,220,42391,43269,43319,,928,,50,,,,,,50
1626,25,147,3,1,0,0x13,0,6,5,0,3.667,0.000,-3.667,-3,-3,220,220,42391,43319,43369,,978,,50,,,,,,50
1627,25,147,3,1,0,0x13,0,6,4,0,3.333,0.000,-3.333,-3,-3,220,220,42391,43369,43419,,1028,,50,,,,,,50
1628,25,148,4,1,0,0x14,16,14,80,48,36.667,80.000,43.333,39,44,220,220,43516,44469,44519,,1003,,50,,,,,,50
1629,25,148,4,1,0,0x14,17,15,88,51,40.000,88.000,48.000,44,48,220,220,43516,44519,44569,,1053,,50,,,,,,50
1630,25,148,4,1,0,0x14,21,15,95,54,43.667,95.000,51.333,48,52,220,220,43516,44569,44619,,1103,,50,,,,,,50
1631,25,149,5,1,0,0x15,12,82,13,46,35.667,82.000,46.333,52,47,220,220,44666,44619,44719,,53,,100,,,,,,50
1632,25,149,5,1,0,0x15,16,76,14,46,35.333,76.000,40.667,47,41,220,220,44666,44719,44769,,103,,50,,,,,,50
1633,25,149,5,1,0,0x15,16,67,13,43,32.000,67.000,35.000,41,35,220,220,44666,44769,44819,,153,,50,,,,,,50
1634,25,149,5,1,0,0x15,15,59,13,40,29.000,59.000,30.000,35,30,220,220,44666,44819,44869,,203,,50,,,,,,50
1635,25,149,5,1,0,0x15,14,50,11,37,25.000,50.000,25.000,30,25,220,220,44666,44869,44919,,253,,50,,,,,,50
1636,25,149,5,1,0,0x15,14,42,11,34,22.333,42.000,19.667,25,20,220,220,44666,44919,44969,,303,,50,,,,,,50
1637,25,149,5,1,0,0x15,14,35,10,31,19.667,35.000,15.333,20,16,220,220,44666,44969,45019,,353,,50,,,,,,50
1638,25,149,5,1,0,0x15,13,27,10,28,16.667,27.000,10.333,16,11,220,220,44666,45019,45069,,403,,50,,,,,,50
1639,25,149,5,1,0,0x15,13,20,10,25,14.333,20.000,5.667,11,6,220,220,44666,45069,45119,,453,,50,,,,,,50
1640,25,149,5,1,0,0x15,12,13,10,23,11.667,13.000,1.333,6,2,220,220,44666,45119,45169,,503,,50,,,,,,50
1641,25,149,5,1,1,0x35,12,6,9,20,9.000,6.000,-3.000,2,-3,220,220,44666,45169,45219,0,553,20870,50,20367,45219,575,575,575,50
1642,25,149,5,1,0,0x15,11,0,9,17,6.667,0.000,-6.667,-3,-6,220,220,44666,45219,45269,,603,,50,,,,,,50
1643,25,149,5,1,0,0x15,11,0,8,15,6.333,0.000,-6.333,-6,-6,220,220,44666,45269,45319,,653,,50,,,,,,50
1644,25,149,5,1,0,0x15,10,0,8,12,6.000,0.000,-6.000,-6,-6,220,220,44666,45319,45369,,703,,50,,,,,,50
1645,25,149,5,1,0,0x15,10,0,7,9,5.667,0.000,-5.667,-6,-5,220,220,44666,45369,45419,,753,,50,,,,,,50
1646,25,149,5,1,0,0x15,10,0,7,6,5.667,0.000,-5.667,-5,-5,220,220,44666,45419,45469,,803,,50,,,,,,50
1647,25,149,5,1,0,0x15,10,0,6,3,5.333,0.000,-5.333,-5,-5,220,220,44666,45469,45519,,853,,50,,,,,,50
1648,25,150,6,1,0,0x16,57,12,11,38,26.667,57.000,30.333,23,31,220,220,45816,46569,46619,,803,,50,,,,,,50
1649,25,150,6,1,0,0x16,61,13,12,40,28.667,61.000,32.333,31,33,220,220,45816,46619,46669,,853,,50,,,,,,50
1650,25,150,6,1,0,0x16,68,13,12,43,31.000,68.000,37.000,33,37,220,220,45816,46669,46719,,903,,50,,,,,,50
1651,25,150,6,1,0,0x16,75,14,12,45,33.667,75.000,41.333,37,42,220,220,45816,46719,46769,,953,,50,,,,,,50
1652,25,150,6,1,0,0x16,83,14,13,48,36.667,83.000,46.333,42,47,220,220,45816,46769,46819,,1003,,50,,,,,,50
1653,25,150,6,1,0,0x16,91,14,13,51,39.333,91.000,51.667,47,52,220,220,45816,46819,46869,,1053,,50,,,,,,50
1654,25,150,6,1,0,0x16,98,15,13,54,42.000,98.000,56.000,52,56,220,220,45816,46869,46919,,1103,,50,,,,,,50
1655,26,151,1,1,0,0x11,15,10,75,44,33.333,75.000,41.667,56,42,220,220,46966,46919,47019,,53,,100,,,,,,50
1656,26,151,1,1,0,0x11,17,13,70,45,33.333,70.000,36.667,42,37,220,220,46966,47019,47069,,103,,50,,,,,,50
1657,26,151,1,1,0,0x11,17,13,62,42,30.667,62.000,31.333,37,32,220,220,46966,47069,47119,,153,,50,,,,,,50
1658,26,151,1,1,0,0x11,16,13,54,39,27.667,54.000,26.333,32,27,220,220,46966,47119,47169,,203,,50,,,,,,50
1659,26,151,1,1,0,0x11,15,12,46,36,24.333,46.000,21.667,27,22,220,220,46966,47169,47219,,253,,50,,,,,,50
1660,26,151,1,1,0,0x11,14,12,39,33,21.667,39.000,17.333,22,18,220,220,46966,47219,47269,,303,,50,,,,,,50
1661,26,151,1,1,0,0x11,14,11,32,30,19.000,32.000,13.000,18,13,220,220,46966,47269,47319,,353,,50,,,,,,50
1662,26,151,1,1,0,0x11,14,11,24,27,16.333,24.000,7.667,13,8,220,220,46966,47319,47369,,403,,50,,,,,,50
1663,26,151,1,1,0,0x11,13,11,17,25,13.667,17.000,3.333,8,4,220,220,46966,47369,47419,,453,,50,,,,,,50
1664,26,151,1,1,0,0x11,13,10,11,23,11.333,11.000,-0.333,4,0,220,220,46966,47419,47469,,503,,50,,,,,,50
1665,26,151,1,1,1,0x31,12,10,4,20,8.667,4.000,-4.667,0,-4,220,220,46966,47469,47519,0,553,18570,50,18067,47519,575,575,575,50
1666,26,151,1,1,0,0x11,12,10,0,17,7.333,0.000,-7.333,-4,-7,220,220,46966,47519,47569,,603,,50,,,,,,50
1667,26,151,1,1,0,0x11,16,9,0,15,8.333,0.000,-8.333,-7,-8,220,220,46966,47569,47619,,653,,50,,,,,,50
1668,26,152,2,1,1,0x32,13,19,9,25,13.667,19.000,5.333,0,6,220,220,48116,48669,48719,0,603,17420,50,16867,48719,600,600,600,50
1669,26,152,2,1,0,0x12,14,26,9,27,16.333,26.000,9.667,6,10,220,220,48116,48719,48769,,653,,50,,,,,,50
1670,26,152,2,1,0,0x12,14,32,10,30,18.667,32.000,13.333,10,14,220,220,48116,48769,48819,,703,,50,,,,,,50
1671,26,152,2,1,0,0x12,14,40,11,33,21.667,40.000,18.333,14,19,220,220,48116,48819,48869,,753,,50,,,,,,50
1672,26,152,2,1,0,0x12,14,48,11,36,24.333,48.000,23.667,19,24,220,220,48116,48869,48919,,803,,50,,,,,,50
1673,26,152,2,1,0,0x12,16,56,11,38,27.667,56.000,28.333,24,29,220,220,48116,48919,48969,,853,,50,,,,,,50
1674,26,152,2,1,0,0x12,16,63,12,41,30.333,63.000,32.667,29,33,220,220,48116,48969,49019,,903,,50,,,,,,50
1675,26,152,2,1,0,0x12,16,71,12,44,33.000,71.000,38.000,33,38,220,220,48116,49019,49069,,953,,50,,,,,,50
1676,26,152,2,1,0,0x12,16,79,13,47,36.000,79.000,43.000,38,43,220,220,48116,49069,49119,,1003,,50,,,,,,50
1677,26,152,2,1,0,0x12,17,87,13,50,39.000,87.000,48.000,43,48,220,220,48116,49119,49169,,1053,,50,,,,,,50
1678,26,152,2,1,0,0x12,17,95,13,53,41.667,95.000,53.333,48,54,220,220,48116,49169,49219,,1103,,50,,,,,,50
1679,26,152,2,1,0,0x12,17,103,14,56,44.667,103.000,58.333,54,59,220,220,48116,49219,49269,,1153,,50,,,,,,50
1680,26,152,2,1,0,0x12,17,111,15,59,47.667,111.000,63.333,59,64,220,220,48116,49269,49319,,1203,,50,,,,,,50
1681,26,153,3,1,0,0x13,71,14,12,43,32.333,71.000,38.667,64,39,220,220,49341,49319,49419,,78,,100,,,,,,50
1682,26,153,3,1,0,0x13,64,14,12,41,30.000,64.000,34.000,39,34,220,220,49341,49419,49469,,128,,50,,,,,,50
1683,26,153,3,1,0,0x13,56,13,11,37,26.667,56.000,29.333,34,30,220,220,49341,49469,49519,,178,,50,,,,,,50
1684,26,153,3,1,0,0x13,48,13,11,34,24.000,48.000,24.000,30,24,220,220,49341,49519,49569,,228,,50,,,,,,50
1685,26,153,3,1,0,0x13,44,12,11,32,22.333,44.000,21.667,24,22,220,220,49341,49569,49619,,278,,50,,,,,,50
1686,26,153,3,1,0,0x13,32,12,10,29,18.000,32.000,14.000,22,14,220,220,49341,49619,49669,,328,,50,,,,,,50
1687,26,153,3,1,0,0x13,25,11,10,26,15.333,25.000,9.667,14,10,220,220,49341,49669,49719,,378,,50,,,,,,50
1688,26,154,4,1,0,0x14,10,10,0,15,6.667,0.000,-6.667,-6,-6,220,220,50466,50769,50819,,353,,50,,,,,,50
1689,26,154,4,1,0,0x14,11,10,0,17,7.000,0.000,-7.000,-6,-7,220,220,50466,50819,50869,,403,,50,,,,,,50
1690,26,154,4,1,0,0x14,12,10,5,20,9.000,5.000,-4.000,-7,-4,220,220,50466,50869,50919,,453,,50,,,,,,50
1691,26,154,4,1,1,0x34,12,11,12,22,11.667,12.000,0.333,-4,1,220,220,50466,50919,50969,0,503,15070,50,14617,50969,550,550,550,50
1692,26,154,4,1,0,0x14,13,11,19,25,14.333,19.000,4.667,1,5,220,220,50466,50969,51019,,553,,50,,,,,,50
1693,26,154,4,1,0,0x14,13,12,26,28,17.000,26.000,9.000,5,9,220,220,50466,51019,51069,,603,,50,,,,,,50
1694,26,154,4,1,0,0x14,14,12,33,30,19.667,33.000,13.333,9,14,220,220,50466,51069,51119,,653,,50,,,,,,50
1695,26,154,4,1,0,0x14,14,12,41,33,22.333,41.000,18.667,14,19,220,220,50466,51119,51169,,703,,50,,,,,,50
1696,26,154,4,1,0,0x14,14,13,48,36,25.000,48.000,23.000,19,23,220,220,50466,51169,51219,,753,,50,,,,,,50
1697,26,154,4,1,0,0x14,14,13,55,39,27.333,55.000,27.667,23,28,220,220,50466,51219,51269,,803,,50,,,,,,50
1698,26,154,4,1,0,0x14,15,13,63,42,30.333,63.000,32.667,28,33,220,220,50466,51269,51319,,853,,50,,,,,,50
1699,26,154,4,1,0,0x14,16,14,70,45,33.333,70.000,36.667,33,37,220,220,50466,51319,51369,,903,,50,,,,,,50
1700,26,154,4,1,0,0x14,16,14,78,47,36.000,78.000,42.000,37,42,220,220,50466,51369,51419,,953,,50,,,,,,50
1701,26,154,4,1,0,0x14,16,15,85,50,38.667,85.000,46.333,42,47,220,220,50466,51419,51469,,1003,,50,,,,,,50
1702,26,154,4,1,0,0x14,17,14,93,53,41.333,93.000,51.667,47,52,220,220,50466,51469,51519,,1053,,50,,,,,,50
1703,26,155,5,1,0,0x15,21,83,13,49,39.000,83.000,44.000,52,44,220,220,51541,51519,51619,,78,,100,,,,,,50
1704,26,155,5,1,0,0x15,16,75,13,46,34.667,75.000,40.333,44,41,220,220,51541,51619,51669,,128,,50,,,,,,50
1705,26,155,5,1,0,0x15,16,68,12,43,32.000,68.000,36.000,41,36,220,220,51541,51669,51719,,178,,50,,,,,,50
1706,26,155,5,1,0,0x15,15,61,12,41,29.333,61.000,31.667,36,32,220,220,51541,51719,51769,,228,,50,,,,,,50
1707,26,155,5,1,0,0x15,15,54,12,38,27.000,54.000,27.000,32,27,220,220,51541,51769,51819,,278,,50,,,,,,50
1708,26,156,6,1,0,0x16,0,7,6,1,4.333,0.000,-4.333,-4,-4,220,220,52791,52869,52919,,128,,50,,,,,,50
1709,26,156,6,1,0,0x16,0,7,7,3,4.667,0.000,-4.667,-4,-4,220,220,52791,52919,52969,,178,,50,,,,,,50
1710,26,156,6,1,0,0x16,0,8,7,7,5.000,0.000,-5.000,-4,-5,220,220,52791,52969,53019,,228,,50,,,,,,50
1711,26,156,6,1,0,0x16,0,8,8,10,5.333,0.000,-5.333,-5,-5,220,220,52791,53019,53069,,278,,50,,,,,,50
1712,26,156,6,1,0,0x16,0,9,8,13,5.667,0.000,-5.667,-5,-5,220,220,52791,53069,53119,,328,,50,,,,,,50
1713,26,156,6,1,0,0x16,0,9,8,16,5.667,0.000,-5.667,-5,-5,220,220,52791,53119,53169,,378,,50,,,,,,50
1714,26,156,6,1,0,0x16,4,10,9,19,7.667,4.000,-3.667,-5,-3,220,220,52791,53169,53219,,428,,50,,,,,,50
1715,26,156,6,1,1,0x36,11,10,9,21,10.000,11.000,1.000,-3,1,220,220,52791,53219,53269,0,478,12745,50,12317,53269,550,550,550,50
1716,26,156,6,1,0,0x16,18,11,10,24,13.000,18.000,5.000,1,5,220,220,52791,53269,53319,,528,,50,,,,,,50
1717,26,156,6,1,0,0x16,25,11,10,27,15.333,25.000,9.667,5,10,220,220,52791,53319,53369,,578,,50,,,,,,50
1718,26,156,6,1,0,0x16,33,11,10,29,18.000,33.000,15.000,10,15,220,220,52791,53369,53419,,628,,50,,,,,,50
1719,26,156,6,1,0,0x16,40,12,10,32,20.667,40.000,19.333,15,20,220,220,52791,53419,53469,,678,,50,,,,,,50
1720,26,156,6,1,0,0x16,47,12,11,35,23.333,47.000,23.667,20,24,220,220,52791,53469,53519,,728,,50,,,,,,50
1721,26,156,6,1,0,0x16,55,13,12,38,26.667,55.000,28.333,24,29,220,220,52791,53519,53569,,778,,50,,,,,,50
1722,26,156,6,1,0,0x16,66,13,12,41,30.333,66.000,35.667,29,36,220,220,52791,53569,53619,,828,,50,,,,,,50
1723,26,156,6,1,0,0x16,69,14,12,43,31.667,69.000,37.333,36,38,220,220,52791,53619,53669,,878,,50,,,,,,50
1724,26,156,6,1,0,0x16,76,14,12,45,34.000,76.000,42.000,38,42,220,220,52791,53669,53719,,928,,50,,,,,,50
1725,26,156,6,1,0,0x16,83,14,13,48,36.667,83.000,46.333,42,47,220,220,52791,53719,53769,,978,,50,,,,,,50
1726,26,156,6,1,0,0x16,90,14,13,51,39.000,90.000,51.000,47,51,220,220,52791,53769,53819,,1028,,50,,,,,,50
1727,27,157,1,1,0,0x11,17,15,83,50,38.333,83.000,44.667,51,45,220,220,53841,53819,53919,,78,,100,,,,,,50
1728,27,157,1,1,0,0x11,8,6,0,0,4.667,0.000,-4.667,-4,-4,220,220,53841,54919,54969,,1128,,50,,,,,,50
1729,27,158,2,1,0,0x12,13,0,5,0,6.000,0.000,-6.000,-4,-6,220,220,55016,54969,55069,,53,,100,,,,,,50
1730,27,158,2,1,0,0x12,9,0,4,0,4.333,0.000,-4.333,-6,-4,220,220,55016,55069,55119,,103,,50,,,,,,50
1731,27,158,2,1,0,0x12,9,0,5,0,4.667,0.000,-4.667,-4,-4,220,220,55016,55119,55169,,153,,50,,,,,,50
1732,27,158,2,1,0,0x12,9,0,6,2,5.000,0.000,-5.000,-4,-5,220,220,55016,55169,55219,,203,,50,,,,,,50
1733,27,158,2,1,0,0x12,10,0,6,4,5.333,0.000,-5.333,-5,-5,220,220,55016,55219,55269,,253,,50,,,,,,50
1734,27,158,2,1,0,0x12,10,0,7,7,5.667,0.000,-5.667,-5,-5,220,220,55016,55269,55319,,303,,50,,,,,,50
1735,27,158,2,1,0,0x12,11,0,7,11,6.000,0.000,-6.000,-5,-6,220,220,55016,55319,55369,,353,,50,,,,,,50
1736,27,158,2,1,0,0x12,11,0,8,13,6.333,0.000,-6.333,-6,-6,220,220,55016,55369,55419,,403,,50,,,,,,50
1737,27,158,2,1,0,0x12,12,0,8,16,6.667,0.000,-6.667,-6,-6,220,220,55016,55419,55469,,453,,50,,,,,,50
1738,27,158,2,1,0,0x12,13,3,8,19,8.000,3.000,-5.000,-6,-5,220,220,55016,55469,55519,,503,,50,,,,,,50
1739,27,158,2,1,0,0x12,13,9,8,21,10.000,9.000,-1.000,-5,-1,220,220,55016,55519,55569,,553,,50,,,,,,50
1740,27,158,2,1,1,0x32,18,17,9,25,14.667,17.000,2.333,-1,3,220,220,55016,55569,55619,0,603,10520,50,9967,55619,600,600,600,50
1741,27,158,2,1,0,0x12,14,23,9,27,15.333,23.000,7.667,3,8,220,220,55016,55619,55669,,653,,50,,,,,,50
1742,27,158,2,1,0,0x12,14,30,10,29,18.000,30.000,12.000,8,12,220,220,55016,55669,55719,,703,,50,,,,,,50
1743,27,158,2,1,0,0x12,14,37,10,31,20.333,37.000,16.667,12,17,220,220,55016,55719,55769,,753,,50,,,,,,50
1744,27,158,2,1,0,0x12,15,45,11,34,23.667,45.000,21.333,17,22,220,220,55016,55769,55819,,803,,50,,,,,,50
1745,27,158,2,1,0,0x12,15,52,11,37,26.000,52.000,26.000,22,26,220,220,55016,55819,55869,,853,,50,,,,,,50
1746,27,158,2,1,0,0x12,16,60,12,40,29.333,60.000,30.667,26,31,220,220,55016,55869,55919,,903,,50,,,,,,50
1747,27,158,2,1,0,0x12,16,67,12,43,31.667,67.000,35.333,31,36,220,220,55016,55919,55969,,953,,50,,,,,,50
1748,27,159,3,1,0,0x13,0,8,6,3,4.667,0.000,-4.667,-5,-4,220,220,56241,57019,57069,,828,,50,,,,,,50
1749,27,159,3,1,0,0x13,0,7,6,1,4.333,0.000,-4.333,-4,-4,220,220,56241,57069,57119,,878,,50,,,,,,50
1750,27,159,3,1,0,0x13,0,7,5,0,4.000,0.000,-4.000,-4,-4,220,220,56241,57119,57169,,928,,50,,,,,,50
1751,27,159,3,1,0,0x13,0,6,5,0,3.667,0.000,-3.667,-4,-3,220,220,56241,57169,57219,,978,,50,,,,,,50
1752,27,159,3,1,0,0x13,0,5,5,0,3.333,0.000,-3.333,-3,-3,220,220,56241,57219,57269,,1028,,50,,,,,,50
1753,27,159,3,1,0,0x13,0,5,4,0,3.000,0.000,-3.000,-3,-3,220,220,56241,57269,57319,,1078,,50,,,,,,50
1754,27,159,3,1,0,0x13,0,4,4,0,2.667,0.000,-2.667,-3,-2,220,220,56241,57319,57369,,1128,,50,,,,,,50
1755,27,159,3,1,0,0x13,0,4,3,0,2.333,0.000,-2.333,-2,-2,220,220,56241,57369,57419,,1178,,50,,,,,,50
1756,27,160,4,1,0,0x14,9,8,0,1,5.667,0.000,-5.667,-2,-5,220,220,57441,57419,57519,,78,,100,,,,,,50
1757,27,160,4,1,0,0x14,9,7,0,4,5.333,0.000,-5.333,-5,-5,220,220,57441,57519,57569,,128,,50,,,,,,50
1758,27,160,4,1,0,0x14,14,8,0,7,7.333,0.000,-7.333,-5,-7,220,220,57441,57569,57619,,178,,50,,,,,,50
1759,27,160,4,1,0,0x14,10,9,0,9,6.333,0.000,-6.333,-7,-6,220,220,57441,57619,57669,,228,,50,,,,,,50
1760,27,160,4,1,0,0x14,10,9,0,13,6.333,0.000,-6.333,-6,-6,220,220,57441,57669,57719,,278,,50,,,,,,50
1761,27,160,4,1,0,0x14,11,9,0,15,6.667,0.000,-6.667,-6,-6,220,220,57441,57719,57769,,328,,50,,,,,,50
1762,27,160,4,1,0,0x14,11,10,0,18,7.000,0.000,-7.000,-6,-7,220,220,57441,57769,57819,,378,,50,,,,,,50
1763,27,160,4,1,0,0x14,11,10,6,20,9.000,6.000,-3.000,-7,-3,220,220,57441,57819,57869,,428,,50,,,,,,50
1764,27,160,4,1,1,0x34,12,11,13,23,12.000,13.000,1.000,-3,1,220,220,57441,57869,57919,0,478,8095,50,7667,57919,550,550,550,50
1765,27,160,4,1,0,0x14,13,11,20,25,14.667,20.000,5.333,1,6,220,220,57441,57919,57969,,528,,50,,,,,,50
1766,27,160,4,1,0,0x14,13,11,27,28,17.000,27.000,10.000,6,10,220,220,57441,57969,58019,,578,,50,,,,,,50
1767,27,160,4,1,0,0x14,14,12,34,31,20.000,34.000,14.000,10,14,220,220,57441,58019,58069,,628,,50,,,,,,50
1768,27,161,5,1,0,0x15,11,0,8,14,6.333,0.000,-6.333,-6,-6,220,220,58491,59119,59169,,678,,50,,,,,,50
1769,27,161,5,1,0,0x15,11,0,8,12,6.333,0.000,-6.333,-6,-6,220,220,58491,59169,59219,,728,,50,,,,,,50
1770,27,161,5,1,0,0x15,10,0,7,9,5.667,0.000,-5.667,-6,-5,220,220,58491,59219,59269,,778,,50,,,,,,50
1771,27,161,5,1,0,0x15,10,0,7,6,5.667,0.000,-5.667,-5,-5,220,220,58491,59269,59319,,828,,50,,,,,,50
1772,27,161,5,1,0,0x15,9,0,6,3,5.000,0.000,-5.000,-5,-5,220,220,58491,59319,59369,,878,,50,,,,,,50
1773,27,161,5,1,0,0x15,9,0,6,0,5.000,0.000,-5.000,-5,-5,220,220,58491,59369,59419,,928,,50,,,,,,50
1774,27,161,5,1,0,0x15,8,0,5,0,4.333,0.000,-4.333,-5,-4,220,220,58491,59419,59469,,978,,50,,,,,,50
1775,27,161,5,1,0,0x15,8,0,5,0,4.333,0.000,-4.333,-4,-4,220,220,58491,59469,59519,,1028,,50,,,,,,50
1776,27,161,5,1,0,0x15,7,0,5,0,4.000,0.000,-4.000,-4,-4,220,220,58491,59519,59569,,1078,,50,,,,,,50
1777,27,161,5,1,0,0x15,11,0,4,0,5.000,0.000,-5.000,-4,-5,220,220,58491,59569,59619,,1128,,50,,,,,,50
1778,27,162,6,1,0,0x16,0,8,8,0,5.333,0.000,-5.333,-5,-5,220,220,59666,59619,59719,,53,,100,,,,,,50
1779,27,162,6,1,0,0x16,0,5,7,0,4.000,0.000,-4.000,-5,-4,220,220,59666,59719,59769,,103,,50,,,,,,50
1780,27,162,6,1,0,0x16,0,7,7,1,4.667,0.000,-4.667,-4,-4,220,220,59666,59769,59819,,153,,50,,,,,,50
1781,27,162,6,1,0,0x16,0,8,6,3,4.667,0.000,-4.667,-4,-4,220,220,59666,59819,59869,,203,,50,,,,,,50
1782,27,162,6,1,0,0x16,0,8,7,6,5.000,0.000,-5.000,-4,-5,220,220,59666,59869,59919,,253,,50,,,,,,50
1783,27,162,6,1,0,0x16,0,8,8,9,5.333,0.000,-5.333,-5,-5,220,220,59666,59919,59969,,303,,50,,,,,,50
1784,27,162,6,1,0,0x16,0,8,8,12,5.333,0.000,-5.333,-5,-5,220,220,59666,59969,60019,,353,,50,,,,,,50
1785,27,162,6,1,0,0x16,0,9,8,15,5.667,0.000,-5.667,-5,-5,220,220,59666,60019,60069,,403,,50,,,,,,50
1786,27,162,6,1,0,0x16,1,9,8,17,6.000,1.000,-5.000,-5,-5,220,220,59666,60069,60119,,453,,50,,,,,,50
1787,27,162,6,1,0,0x16,8,10,9,20,9.000,8.000,-1.000,-5,-1,220,220,59666,60119,60169,,503,,50,,,,,,50
1788,28,163,1,1,0,0x11,13,11,20,26,14.667,20.000,5.333,11,6,220,220,60816,61219,61269,,453,,50,,,,,,50
1789,28,163,1,1,0,0x11,13,10,13,23,12.000,13.000,1.000,6,1,220,220,60816,61269,61319,,503,,50,,,,,,50
1790,28,163,1,1,1,0x31,12,10,6,21,9.333,6.000,-3.333,1,-3,220,220,60816,61319,61369,0,553,4720,50,4217,61369,575,575,575,50
1791,28,163,1,1,0,0x11,12,9,0,18,7.000,0.000,-7.000,-3,-7,220,220,60816,61369,61419,,603,,50,,,,,,50
1792,28,163,1,1,0,0x11,12,9,0,15,7.000,0.000,-7.000,-7,-7,220,220,60816,61419,61469,,653,,50,,,,,,50
1793,28,163,1,1,0,0x11,11,8,0,13,6.333,0.000,-6.333,-7,-6,220,220,60816,61469,61519,,703,,50,,,,,,50
1794,28,163,1,1,0,0x11,11,8,0,10,6.333,0.000,-6.333,-6,-6,220,220,60816,61519,61569,,753,,50,,,,,,50
1795,28,163,1,1,0,0x11,14,8,0,7,7.333,0.000,-7.333,-6,-7,220,220,60816,61569,61619,,803,,50,,,,,,50
1796,28,163,1,1,0,0x11,10,8,0,4,6.000,0.000,-6.000,-7,-6,220,220,60816,61619,61669,,853,,50,,,,,,50
1797,28,163,1,1,0,0x11,9,7,0,1,5.333,0.000,-5.333,-6,-5,220,220,60816,61669,61719,,903,,50,,,,,,50
1798,28,163,1,1,0,0x11,9,7,0,0,5.333,0.000,-5.333,-5,-5,220,220,60816,61719,61769,,953,,50,,,,,,50
1799,28,163,1,1,0,0x11,8,6,0,0,4.667,0.000,-4.667,-5,-4,220,220,60816,61769,61819,,1003,,50,,,,,,50
1800,28,163,1,1,0,0x11,8,6,0,0,4.667,0.000,-4.667,-4,-4,220,220,60816,61819,61869,,1053,,50,,,,,,50
1801,28,163,1,1,0,0x11,7,6,0,0,4.333,0.000,-4.333,-4,-4,220,220,60816,61869,61919,,1103,,50,,,,,,50
1802,28,164,2,1,0,0x12,13,0,5,0,6.000,0.000,-6.000,-4,-6,220,220,61966,61919,62019,,53,,100,,,,,,50
1803,28,164,2,1,0,0x12,10,0,5,0,5.000,0.000,-5.000,-6,-5,220,220,61966,62019,62069,,103,,50,,,,,,50
1804,28,164,2,1,0,0x12,10,0,6,0,5.333,0.000,-5.333,-5,-5,220,220,61966,62069,62119,,153,,50,,,,,,50
1805,28,164,2,1,0,0x12,9,0,6,2,5.000,0.000,-5.000,-5,-5,220,220,61966,62119,62169,,203,,50,,,,,,50
1806,28,164,2,1,0,0x12,10,0,6,6,5.333,0.000,-5.333,-5,-5,220,220,61966,62169,62219,,253,,50,,,,,,50
1807,28,164,2,1,0,0x12,10,0,7,8,5.667,0.000,-5.667,-5,-5,220,220,61966,62219,62269,,303,,50,,,,,,50
1808,28,165,3,1,0,0x13,55,13,11,37,26.333,55.000,28.667,34,29,220,220,63116,63319,63369,,253,,50,,,,,,50
1809,28,165,3,1,0,0x13,47,13,11,34,23.667,47.000,23.333,29,24,220,220,63116,63369,63419,,303,,50,,,,,,50
1810,28,165,3,1,0,0x13,39,12,10,31,20.333,39.000,18.667,24,19,220,220,63116,63419,63469,,353,,50,,,,,,50
1811,28,165,3,1,0,0x13,32,12,10,29,18.000,32.000,14.000,19,14,220,220,63116,63469,63519,,403,,50,,,,,,50
1812,28,165,3,1,0,0x13,24,12,9,26,15.000,24.000,9.000,14,9,220,220,63116,63519,63569,,453,,50,,,,,,50
1813,28,165,3,1,0,0x13,22,11,9,24,14.000,22.000,8.000,9,8,220,220,63116,63569,63619,,503,,50,,,,,,50
1814,28,165,3,1,0,0x13,10,11,9,21,10.000,10.000,0.000,8,0,220,220,63116,63619,63669,,553,,50,,,,,,50
1815,28,165,3,1,1,0x33,3,10,8,18,7.000,3.000,-4.000,0,-4,220,220,63116,63669,63719,0,603,2420,50,1867,63719,600,600,600,50
1816,28,165,3,1,0,0x13,0,9,8,16,5.667,0.000,-5.667,-4,-5,220,220,63116,63719,63769,,653,,50,,,,,,50
1817,28,165,3,1,0,0x13,0,9,8,13,5.667,0.000,-5.667,-5,-5,220,220,63116,63769,63819,,703,,50,,,,,,50
1818,28,165,3,1,0,0x13,0,9,7,10,5.333,0.000,-5.333,-5,-5,220,220,63116,63819,63869,,753,,50,,,,,,50
1819,28,165,3,1,0,0x13,0,8,7,7,5.000,0.000,-5.000,-5,-5,220,220,63116,63869,63919,,803,,50,,,,,,50
1820,28,165,3,1,0,0x13,0,8,6,4,4.667,0.000,-4.667,-5,-4,220,220,63116,63919,63969,,853,,50,,,,,,50
1821,28,165,3,1,0,0x13,0,7,6,2,4.333,0.000,-4.333,-4,-4,220,220,63116,63969,64019,,903,,50,,,,,,50
1822,28,165,3,1,0,0x13,0,7,5,0,4.000,0.000,-4.000,-4,-4,220,220,63116,64019,64069,,953,,50,,,,,,50
1823,28,165,3,1,0,0x13,0,7,6,0,4.333,0.000,-4.333,-4,-4,220,220,63116,64069,64119,,1003,,50,,,,,,50
1824,28,165,3,1,0,0x13,0,5,5,0,3.333,0.000,-3.333,-4,-3,220,220,63116,64119,64169,,1053,,50,,,,,,50
1825,28,165,3,1,0,0x13,0,5,5,0,3.333,0.000,-3.333,-3,-3,220,220,63116,64169,64219,,1103,,50,,,,,,50
1826,28,165,3,1,0,0x13,0,5,4,0,3.000,0.000,-3.000,-3,-3,220,220,63116,64219,64269,,1153,,50,,,,,,50
1827,28,165,3,1,0,0x13,0,5,4,0,3.000,0.000,-3.000,-3,-3,220,220,63116,64269,64319,,1203,,50,,,,,,50
1828,28,166,4,1,0,0x14,17,15,98,55,43.333,98.000,54.667,50,55,220,220,64341,65369,65419,,1078,,50,,,,,,50
1829,28,167,5,1,0,0x15,12,77,13,44,34.000,77.000,43.000,55,43,220,220,65466,65419,65519,,53,,100,,,,,,50
1830,28,167,5,1,0,0x15,15,71,14,45,33.333,71.000,37.667,43,38,220,220,65466,65519,33,,103,,50,,,,,,50
1831,28,167,5,1,0,0x15,20,63,13,42,32.000,63.000,31.000,38,31,220,220,65466,33,83,,153,,50,,,,,,50
1832,28,167,5,1,0,0x15,15,55,12,38,27.333,55.000,27.667,31,28,220,220,65466,83,133,,203,,50,,,,,,50
1833,28,167,5,1,0,0x15,15,47,11,35,24.333,47.000,22.667,28,23,220,220,65466,133,183,,253,,50,,,,,,50
1834,28,167,5,1,0,0x15,14,39,11,32,21.333,39.000,17.667,23,18,220,220,65466,183,233,,303,,50,,,,,,50
1835,28,167,5,1,0,0x15,13,32,10,30,18.333,32.000,13.667,18,14,220,220,65466,233,283,,353,,50,,,,,,50
1836,28,167,5,1,0,0x15,13,25,10,27,16.000,25.000,9.000,14,9,220,220,65466,283,333,,403,,50,,,,,,50
1837,28,167,5,1,0,0x15,13,17,9,25,13.000,17.000,4.000,9,4,220,220,65466,333,383,,453,,50,,,,,,50
1838,28,167,5,1,0,0x15,12,10,9,22,10.333,10.000,-0.333,4,0,220,220,65466,383,433,,503,,50,,,,,,50
1839,28,167,5,1,1,0x35,12,4,9,19,8.333,4.000,-4.333,0,-4,220,220,65466,433,483,0,553,70,50,65103,483,575,575,575,50
1840,28,167,5,1,0,0x15,11,0,8,17,6.333,0.000,-6.333,-4,-6,220,220,65466,483,533,,603,,50,,,,,,50
1841,28,167,5,1,0,0x15,11,0,8,14,6.333,0.000,-6.333,-6,-6,220,220,65466,533,583,,653,,50,,,,,,50
1842,28,167,5,1,0,0x15,10,0,8,11,6.000,0.000,-6.000,-6,-6,220,220,65466,583,633,,703,,50,,,,,,50
1843,28,167,5,1,0,0x15,10,0,7,9,5.667,0.000,-5.667,-6,-5,220,220,65466,633,683,,753,,50,,,,,,50
1844,28,167,5,1,0,0x15,10,0,7,6,5.667,0.000,-5.667,-5,-5,220,220,65466,683,733,,803,,50,,,,,,50
1845,28,167,5,1,0,0x15,9,0,6,3,5.000,0.000,-5.000,-5,-5,220,220,65466,733,783,,853,,50,,,,,,50
1846,28,167,5,1,0,0x15,9,0,6,0,5.000,0.000,-5.000,-5,-5,220,220,65466,783,833,,903,,50,,,,,,50
1847,28,167,5,1,0,0x15,8,0,6,0,4.667,0.000,-4.667,-5,-4,220,220,65466,833,883,,953,,50,,,,,,50
1848,28,168,6,1,0,0x16,72,13,12,44,32.333,72.000,39.667,35,40,220,220,1080,1933,1983,,903,,50,,,,,,50
1849,28,168,6,1,0,0x16,79,14,13,47,35.333,79.000,43.667,40,44,220,220,1080,1983,2033,,953,,50,,,,,,50
1850,28,168,6,1,0,0x16,91,14,13,50,39.333,91.000,51.667,44,52,220,220,1080,2033,2083,,1003,,50,,,,,,50
1851,28,168,6,1,0,0x16,94,15,13,52,40.667,94.000,53.333,52,54,220,220,1080,2083,2133,,1053,,50,,,,,,50
1852,29,169,1,1,0,0x11,17,14,82,49,37.667,82.000,44.333,54,45,220,220,2155,2133,2233,,78,,100,,,,,,50
1853,29,169,1,1,0,0x11,17,14,75,47,35.333,75.000,39.667,45,40,220,220,2155,2233,2283,,128,,50,,,,,,50
1854,29,169,1,1,0,0x11,16,14,67,43,32.333,67.000,34.667,40,35,220,220,2155,2283,2333,,178,,50,,,,,,50
1855,29,169,1,1,0,0x11,15,13,59,41,29.000,59.000,30.000,35,30,220,220,2155,2333,2383,,228,,50,,,,,,50
1856,29,169,1,1,0,0x11,15,13,52,38,26.667,52.000,25.333,30,26,220,220,2155,2383,2433,,278,,50,,,,,,50
1857,29,169,1,1,0,0x11,15,12,45,35,24.000,45.000,21.000,26,21,220,220,2155,2433,2483,,328,,50,,,,,,50
1858,29,169,1,1,0,0x11,14,12,38,33,21.333,38.000,16.667,21,17,220,220,2155,2483,2533,,378,,50,,,,,,50
1859,29,169,1,1,0,0x11,14,12,30,30,18.667,30.000,11.333,17,12,220,220,2155,2533,2583,,428,,50,,,,,,50
1860,29,169,1,1,0,0x11,13,11,23,27,15.667,23.000,7.333,12,8,220,220,2155,2583,2633,,478,,50,,,,,,50
1861,29,169,1,1,0,0x11,13,11,16,24,13.333,16.000,2.667,8,3,220,220,2155,2633,2683,,528,,50,,,,,,50
1862,29,169,1,1,1,0x31,13,10,9,22,10.667,9.000,-1.667,3,-1,220,220,2155,2683,2733,0,578,63381,50,62853,2733,575,575,575,50
1863,29,169,1,1,0,0x11,12,10,3,19,8.333,3.000,-5.333,-1,-5,220,220,2155,2733,2783,,628,,50,,,,,,50
1864,29,169,1,1,0,0x11,12,9,0,17,7.000,0.000,-7.000,-5,-7,220,220,2155,2783,2833,,678,,50,,,,,,50
1865,29,169,1,1,0,0x11,12,9,0,14,7.000,0.000,-7.000,-7,-7,220,220,2155,2833,2883,,728,,50,,,,,,50
1866,29,169,1,1,0,0x11,11,8,0,11,6.333,0.000,-6.333,-7,-6,220,220,2155,2883,2933,,778,,50,,,,,,50
1867,29,169,1,1,0,0x11,10,8,0,9,6.000,0.000,-6.000,-6,-6,220,220,2155,2933,2983,,828,,50,,,,,,50
1868,29,170,2,1,0,0x12,19,37,10,32,22.000,37.000,15.000,12,15,220,220,3330,4033,4083,,753,,50,,,,,,50
1869,29,170,2,1,0,0x12,14,44,10,34,22.667,44.000,21.333,15,22,220,220,3330,4083,4133,,803,,50,,,,,,50
1870,29,170,2,1,0,0x12,15,51,11,37,25.667,51.000,25.333,22,26,220,220,3330,4133,4183,,853,,50,,,,,,50
1871,29,170,2,1,0,0x12,16,59,12,40,29.000,59.000,30.000,26,30,220,220,3330,4183,4233,,903,,50,,,,,,50
1872,29,170,2,1,0,0x12,16,67,12,42,31.667,67.000,35.333,30,36,220,220,3330,4233,4283,,953,,50,,,,,,50
1873,29,170,2,1,0,0x12,16,74,12,45,34.000,74.000,40.000,36,40,220,220,3330,4283,4333,,1003,,50,,,,,,50
1874,29,170,2,1,0,0x12,17,82,13,48,37.333,82.000,44.667,40,45,220,220,3330,4333,4383,,1053,,50,,,,,,50
1875,29,170,2,1,0,0x12,17,89,14,50,40.000,89.000,49.000,45,49,220,220,3330,4383,4433,,1103,,50,,,,,,50
1876,29,170,2,1,0,0x12,17,97,14,53,42.667,97.000,54.333,49,55,220,220,3330,4433,4483,,1153,,50,,,,,,50
1877,29,170,2,1,0,0x12,17,105,14,56,45.333,105.000,59.667,55,60,220,220,3330,4483,4533,,1203,,50,,,,,,50
1878,29,171,3,1,0,0x13,75,15,12,45,34.000,75.000,41.000,60,41,220,220,4555,4533,4633,,78,,100,,,,,,50
1879,29,171,3,1,0,0x13,68,14,12,42,31.333,68.000,36.667,41,37,220,220,4555,4633,4683,,128,,50,,,,,,50
1880,29,171,3,1,0,0x13,60,13,11,39,28.000,60.000,32.000,37,32,220,220,4555,4683,4733,,178,,50,,,,,,50
1881,29,171,3,1,0,0x13,52,13,11,36,25.333,52.000,26.667,32,27,220,220,4555,4733,4783,,228,,50,,,,,,50
1882,29,171,3,1,0,0x13,44,12,11,33,22.333,44.000,21.667,27,22,220,220,4555,4783,4833,,278,,50,,,,,,50
1883,29,171,3,1,0,0x13,37,12,10,30,19.667,37.000,17.333,22,18,220,220,4555,4833,4883,,328,,50,,,,,,50
1884,29,171,3,1,0,0x13,29,12,10,28,17.000,29.000,12.000,18,12,220,220,4555,4883,4933,,378,,50,,,,,,50
1885,29,171,3,1,0,0x13,22,11,9,25,14.000,22.000,8.000,12,8,220,220,4555,4933,4983,,428,,50,,,,,,50
1886,29,171,3,1,0,0x13,15,11,9,22,11.667,15.000,3.333,8,4,220,220,4555,4983,5033,,478,,50,,,,,,50
1887,29,171,3,1,0,0x13,12,10,9,20,10.333,12.000,1.667,4,2,220,220,4555,5033,5083,,528,,50,,,,,,50
1888,29,172,4,1,0,0x14,12,10,8,21,10.000,8.000,-2.000,-6,-2,220,220,5755,6133,6183,,428,,50,,,,,,50
1889,29,172,4,1,1,0x34,12,11,15,24,12.667,15.000,2.333,-2,3,220,220,5755,6183,6233,0,478,59781,50,59353,6233,550,550,550,50
1890,29,172,4,1,0,0x14,13,11,22,26,15.333,22.000,6.667,3,7,220,220,5755,6233,6283,,528,,50,,,,,,50
1891,29,172,4,1,0,0x14,13,12,29,29,18.000,29.000,11.000,7,11,220,220,5755,6283,6333,,578,,50,,,,,,50
1892,29,172,4,1,0,0x14,13,12,36,32,20.333,36.000,15.667,11,16,220,220,5755,6333,6383,,628,,50,,,,,,50
1893,29,172,4,1,0,0x14,14,12,43,35,23.000,43.000,20.000,16,20,220,220,5755,6383,6433,,678,,50,,,,,,50
1894,29,172,4,1,0,0x14,14,13,50,37,25.667,50.000,24.333,20,25,220,220,5755,6433,6483,,728,,50,,,,,,50
1895,29,172,4,1,0,0x14,15,13,58,40,28.667,58.000,29.333,25,30,220,220,5755,6483,6533,,778,,50,,,,,,50
1896,29,172,4,1,0,0x14,15,14,66,43,31.667,66.000,34.333,30,35,220,220,5755,6533,6583,,828,,50,,,,,,50
1897,29,172,4,1,0,0x14,16,14,73,46,34.333,73.000,38.667,35,39,220,220,5755,6583,6633,,878,,50,,,,,,50
1898,29,172,4,1,0,0x14,16,14,80,48,36.667,80.000,43.333,39,44,220,220,5755,6633,6683,,928,,50,,,,,,50
1899,29,172,4,1,0,0x14,17,14,88,51,39.667,88.000,48.333,44,49,220,220,5755,6683,6733,,978,,50,,,,,,50
1900,29,172,4,1,0,0x14,17,15,95,53,42.333,95.000,52.667,49,53,220,220,5755,6733,6783,,1028,,50,,,,,,50
1901,29,173,5,1,0,0x15,16,82,13,48,37.000,82.000,45.000,53,45,220,220,6805,6783,6883,,78,,100,,,,,,50
1902,29,173,5,1,0,0x15,16,74,13,45,34.333,74.000,39.667,45,40,220,220,6805,6883,6933,,128,,50,,,,,,50
1903,29,173,5,1,0,0x15,15,66,12,42,31.000,66.000,35.000,40,35,220,220,6805,6933,6983,,178,,50,,,,,,50
1904,29,173,5,1,0,0x15,15,59,12,40,28.667,59.000,30.333,35,31,220,220,6805,6983,7033,,228,,50,,,,,,50
1905,29,173,5,1,0,0x15,19,52,12,38,27.667,52.000,24.333,31,25,220,220,6805,7033,7083,,278,,50,,,,,,50
1906,29,173,5,1,0,0x15,14,44,11,35,23.000,44.000,21.000,25,21,220,220,6805,7083,7133,,328,,50,,,,,,50
1907,29,173,5,1,0,0x15,14,36,11,31,20.333,36.000,15.667,21,16,220,220,6805,7133,7183,,378,,50,,,,,,50
1908,29,174,6,1,0,0x16,0,8,8,9,5.333,0.000,-5.333,-5,-5,220,220,7980,8233,8283,,303,,50,,,,,,50
1909,29,174,6,1,0,0x16,0,8,8,12,5.333,0.000,-5.333,-5,-5,220,220,7980,8283,8333,,353,,50,,,,,,50
1910,29,174,6,1,0,0x16,0,9,8,15,5.667,0.000,-5.667,-5,-5,220,220,7980,8333,8383,,403,,50,,,,,,50
1911,29,174,6,1,0,0x16,2,10,8,18,6.667,2.000,-4.667,-5,-4,220,220,7980,8383,8433,,453,,50,,,,,,50
1912,29,174,6,1,0,0x16,8,10,9,21,9.000,8.000,-1.000,-4,-1,220,220,7980,8433,8483,,503,,50,,,,,,50
1913,29,174,6,1,1,0x36,15,10,10,23,11.667,15.000,3.333,-1,4,220,220,7980,8483,8533,0,553,57556,50,57053,8533,575,575,575,50
1914,29,174,6,1,0,0x16,23,11,10,26,14.667,23.000,8.333,4,9,220,220,7980,8533,8583,,603,,50,,,,,,50
1915,29,174,6,1,0,0x16,30,11,10,28,17.000,30.000,13.000,9,13,220,220,7980,8583,8633,,653,,50,,,,,,50
1916,29,174,6,1,0,0x16,37,11,10,31,19.333,37.000,17.667,13,18,220,220,7980,8633,8683,,703,,50,,,,,,50
1917,29,174,6,1,0,0x16,44,12,11,34,22.333,44.000,21.667,18,22,220,220,7980,8683,8733,,753,,50,,,,,,50
1918,29,174,6,1,0,0x16,52,13,11,37,25.333,52.000,26.667,22,27,220,220,7980,8733,8783,,803,,50,,,,,,50
1919,29,174,6,1,0,0x16,59,13,12,39,28.000,59.000,31.000,27,31,220,220,7980,8783,8833,,853,,50,,,,,,50
1920,29,174,6,1,0,0x16,66,14,12,42,30.667,66.000,35.333,31,36,220,220,7980,8833,8883,,903,,50,,,,,,50
1921,29,174,6,1,0,0x16,74,14,12,45,33.333,74.000,40.667,36,41,220,220,7980,8883,8933,,953,,50,,,,,,50
1922,29,174,6,1,0,0x16,81,14,13,47,36.000,81.000,45.000,41,45,220,220,7980,8933,8983,,1003,,50,,,,,,50
1923,29,174,6,1,0,0x16,88,15,13,50,38.667,88.000,49.333,45,50,220,220,7980,8983,9033,,1053,,50,,,,,,50
1924,29,174,6,1,0,0x16,100,15,14,53,43.000,100.000,57.000,50,57,220,220,7980,9033,9083,,1103,,50,,,,,,50
1925,30,175,1,1,0,0x11,15,11,76,45,34.000,76.000,42.000,57,42,220,220,9130,9083,9183,,53,,100,,,,,,50
1926,30,175,1,1,0,0x11,17,13,70,45,33.333,70.000,36.667,42,37,220,220,9130,9183,9233,,103,,50,,,,,,50
1927,30,175,1,1,0,0x11,17,13,63,42,31.000,63.000,32.000,37,32,220,220,9130,9233,9283,,153,,50,,,,,,50
1928,30,176,2,1,0,0x12,8,0,6,0,4.667,0.000,-4.667,-4,-4,220,220,10205,10333,10383,,178,,50,,,,,,50
1929,30,176,2,1,0,0x12,9,0,6,1,5.000,0.000,-5.000,-4,-5,220,220,10205,10383,10433,,228,,50,,,,,,50
1930,30,176,2,1,0,0x12,9,0,6,3,5.000,0.000,-5.000,-5,-5,220,220,10205,10433,10483,,278,,50,,,,,,50
1931,30,176,2,1,0,0x12,10,0,6,6,5.333,0.000,-5.333,-5,-5,220,220,10205,10483,10533,,328,,50,,,,,,50
1932,30,176,2,1,0,0x12,10,0,7,9,5.667,0.000,-5.667,-5,-5,220,220,10205,10533,10583,,378,,50,,,,,,50
1933,30,176,2,1,0,0x12,11,0,8,12,6.333,0.000,-6.333,-5,-6,220,220,10205,10583,10633,,428,,50,,,,,,50
1934,30,176,2,1,0,0x12,12,0,8,14,6.667,0.000,-6.667,-6,-6,220,220,10205,10633,10683,,478,,50,,,,,,50
1935,30,176,2,1,0,0x12,12,0,8,18,6.667,0.000,-6.667,-6,-6,220,220,10205,10683,10733,,528,,50,,,,,,50
1936,30,176,2,1,0,0x12,12,7,8,20,9.000,7.000,-2.000,-6,-2,220,220,10205,10733,10783,,578,,50,,,,,,50
1937,30,176,2,1,1,0x32,13,14,9,23,12.000,14.000,2.000,-2,2,220,220,10205,10783,10833,0,628,55331,50,54753,10833,600,600,600,50
1938,30,176,2,1,0,0x12,13,20,9,25,14.000,20.000,6.000,2,6,220,220,10205,10833,10883,,678,,50,,,,,,50
1939,30,176,2,1,0,0x12,14,27,10,28,17.000,27.000,10.000,6,10,220,220,10205,10883,10933,,728,,50,,,,,,50
1940,30,176,2,1,0,0x12,14,34,10,30,19.333,34.000,14.667,10,15,220,220,10205,10933,10983,,778,,50,,,,,,50
1941,30,176,2,1,0,0x12,15,42,10,33,22.333,42.000,19.667,15,20,220,220,10205,10983,11033,,828,,50,,,,,,50
1942,30,176,2,1,0,0x12,19,49,11,36,26.333,49.000,22.667,20,23,220,220,10205,11033,11083,,878,,50,,,,,,50
1943,30,176,2,1,0,0x12,15,57,12,39,28.000,57.000,29.000,23,29,220,220,10205,11083,11133,,928,,50,,,,,,50
1944,30,176,2,1,0,0x12,16,65,12,42,31.000,65.000,34.000,29,34,220,220,10205,11133,11183,,978,,50,,,,,,50
1945,30,176,2,1,0,0x12,16,72,13,45,33.667,72.000,38.333,34,39,220,220,10205,11183,11233,,1028,,50,,,,,,50
1946,30,176,2,1,0,0x12,16,80,13,47,36.333,80.000,43.667,39,44,220,220,10205,11233,11283,,1078,,50,,,,,,50
1947,30,176,2,1,0,0x12,17,87,13,50,39.000,87.000,48.000,44,48,220,220,10205,11283,11333,,1128,,50,,,,,,50
1948,30,177,3,1,0,0x13,0,6,5,0,3.667,0.000,-3.667,-4,-3,220,220,11455,12383,12433,,978,,50,,,,,,50
1949,30,177,3,1,0,0x13,0,5,5,0,3.333,0.000,-3.333,-3,-3,220,220,11455,12433,12483,,1028,,50,,,,,,50
1950,30,177,3,1,0,0x13,0,5,4,0,3.000,0.000,-3.000,-3,-3,220,220,11455,12483,12533,,1078,,50,,,,,,50
1951,30,177,3,1,0,0x13,0,5,4,0,3.000,0.000,-3.000,-3,-3,220,220,11455,12533,12583,,1128,,50,,,,,,50
1952,30,177,3,1,0,0x13,0,4,4,0,2.667,0.000,-2.667,-3,-2,220,220,11455,12583,12633,,1178,,50,,,,,,50
1953,30,178,4,1,0,0x14,8,8,0,1,5.333,0.000,-5.333,-2,-5,220,220,12655,12633,12733,,78,,100,,,,,,50
1954,30,178,4,1,0,0x14,9,8,0,4,5.667,0.000,-5.667,-5,-5,220,220,12655,12733,12783,,128,,50,,,,,,50
1955,30,178,4,1,0,0x14,10,8,0,6,6.000,0.000,-6.000,-5,-6,220,220,12655,12783,12833,,178,,50,,,,,,50
1956,30,178,4,1,0,0x14,9,9,0,9,6.000,0.000,-6.000,-6,-6,220,220,12655,12833,12883,,228,,50,,,,,,50
1957,30,178,4,1,0,0x14,11,9,0,12,6.667,0.000,-6.667,-6,-6,220,220,12655,12883,12933,,278,,50,,,,,,50
1958,30,178,4,1,0,0x14,11,9,0,15,6.667,0.000,-6.667,-6,-6,220,220,12655,12933,12983,,328,,50,,,,,,50
1959,30,178,4,1,0,0x14,11,10,0,17,7.000,0.000,-7.000,-6,-7,220,220,12655,12983,13033,,378,,50,,,,,,50
1960,30,178,4,1,0,0x14,16,10,6,21,10.667,6.000,-4.667,-7,-4,220,220,12655,13033,13083,,428,,50,,,,,,50
1961,30,178,4,1,1,0x34,12,11,12,23,11.667,12.000,0.333,-4,1,220,220,12655,13083,13133,0,478,52881,50,52453,13133,550,550,550,50
1962,30,178,4,1,0,0x14,13,11,20,25,14.667,20.000,5.333,1,6,220,220,12655,13133,13183,,528,,50,,,,,,50
1963,30,178,4,1,0,0x14,13,11,27,28,17.000,27.000,10.000,6,10,220,220,12655,13183,13233,,578,,50,,,,,,50
1964,30,178,4,1,0,0x14,13,12,34,31,19.667,34.000,14.333,10,15,220,220,12655,13233,13283,,628,,50,,,,,,50
1965,30,178,4,1,0,0x14,14,12,41,34,22.333,41.000,18.667,15,19,220,220,12655,13283,13333,,678,,50,,,,,,50
1966,30,178,4,1,0,0x14,14,13,49,37,25.333,49.000,23.667,19,24,220,220,12655,13333,13383,,728,,50,,,,,,50
1967,30,178,4,1,0,0x14,15,13,57,39,28.333,57.000,28.667,24,29,220,220,12655,13383,13433,,778,,50,,,,,,50
1968,30,179,5,1,0,0x15,10,0,7,6,5.667,0.000,-5.667,-5,-5,220,220,13705,14483,14533,,828,,50,,,,,,50
1969,30,179,5,1,0,0x15,9,0,6,3,5.000,0.000,-5.000,-5,-5,220,220,13705,14533,14583,,878,,50,,,,,,50
1970,30,179,5,1,0,0x15,9,0,6,1,5.000,0.000,-5.000,-5,-5,220,220,13705,14583,14633,,928,,50,,,,,,50
1971,30,179,5,1,0,0x15,8,0,5,0,4.333,0.000,-4.333,-5,-4,220,220,13705,14633,14683,,978,,50,,,,,,50
1972,30,179,5,1,0,0x15,8,0,5,0,4.333,0.000,-4.333,-4,-4,220,220,13705,14683,14733,,1028,,50,,,,,,50
1973,30,179,5,1,0,0x15,7,0,5,0,4.000,0.000,-4.000,-4,-4,220,220,13705,14733,14783,,1078,,50,,,,,,50
1974,30,179,5,1,0,0x15,7,0,4,0,3.667,0.000,-3.667,-4,-3,220,220,13705,14783,14833,,1128,,50,,,,,,50
1975,30,180,6,1,0,0x16,0,7,8,0,5.000,0.000,-5.000,-3,-5,220,220,14880,14833,14933,,53,,100,,,,,,50
1976,30,180,6,1,0,0x16,0,5,6,0,3.667,0.000,-3.667,-5,-3,220,220,14880,14933,14983,,103,,50,,,,,,50
1977,30,180,6,1,0,0x16,0,6,6,0,4.000,0.000,-4.000,-3,-4,220,220,14880,14983,15033,,153,,50,,,,,,50
1978,30,180,6,1,0,0x16,0,7,7,2,4.667,0.000,-4.667,-4,-4,220,220,14880,15033,15083,,203,,50,,,,,,50
1979,30,180,6,1,0,0x16,0,8,6,5,4.667,0.000,-4.667,-4,-4,220,220,14880,15083,15133,,253,,50,,,,,,50
1980,30,180,6,1,0,0x16,0,8,7,8,5.000,0.000,-5.000,-4,-5,220,220,14880,15133,15183,,303,,50,,,,,,50
1981,30,180,6,1,0,0x16,0,9,8,11,5.667,0.000,-5.667,-5,-5,220,220,14880,15183,15233,,353,,50,,,,,,50
1982,30,180,6,1,0,0x16,0,8,8,14,5.333,0.000,-5.333,-5,-5,220,220,14880,15233,15283,,403,,50,,,,,,50
1983,30,180,6,1,0,0x16,0,9,9,17,6.000,0.000,-6.000,-5,-6,220,220,14880,15283,15333,,453,,50,,,,,,50
1984,30,180,6,1,0,0x16,6,10,9,19,8.333,6.000,-2.333,-6,-2,220,220,14880,15333,15383,,503,,50,,,,,,50
1985,30,180,6,1,1,0x36,14,10,9,22,11.000,14.000,3.000,-2,3,220,220,14880,15383,15433,0,553,50656,50,50153,15433,575,575,575,50
1986,30,180,6,1,0,0x16,21,11,10,25,14.000,21.000,7.000,3,7,220,220,14880,15433,15483,,603,,50,,,,,,50
1987,30,180,6,1,0,0x16,28,11,10,28,16.333,28.000,11.667,7,12,220,220,14880,15483,15533,,653,,50,,,,,,50
1988,31,181,1,1,0,0x11,12,10,0,18,7.333,0.000,-7.333,-3,-7,220,220,16030,16583,16633,,603,,50,,,,,,50
1989,31,181,1,1,0,0x11,12,9,0,15,7.000,0.000,-7.000,-7,-7,220,220,16030,16633,16683,,653,,50,,,,,,50
1990,31,181,1,1,0,0x11,11,9,0,13,6.667,0.000,-6.667,-7,-6,220,220,16030,16683,16733,,703,,50,,,,,,50
1991,31,181,1,1,0,0x11,11,9,0,10,6.667,0.000,-6.667,-6,-6,220,220,16030,16733,16783,,753,,50,,,,,,50
1992,31,181,1,1,0,0x11,10,8,0,7,6.000,0.000,-6.000,-6,-6,220,220,16030,16783,16833,,803,,50,,,,,,50
1993,31,181,1,1,0,0x11,10,7,0,4,5.667,0.000,-5.667,-6,-5,220,220,16030,16833,16883,,853,,50,,,,,,50
1994,31,181,1,1,0,0x11,9,7,0,1,5.333,0.000,-5.333,-5,-5,220,220,16030,16883,16933,,903,,50,,,,,,50
1995,31,181,1,1,0,0x11,9,7,0,0,5.333,0.000,-5.333,-5,-5,220,220,16030,16933,16983,,953,,50,,,,,,50
1996,31,181,1,1,0,0x11,8,6,0,0,4.667,0.000,-4.667,-5,-4,220,220,16030,16983,17033,,1003,,50,,,,,,50
1997,31,181,1,1,0,0x11,12,6,0,0,6.000,0.000,-6.000,-4,-6,220,220,16030,17033,17083,,1053,,50,,,,,,50
1998,31,181,1,1,0,0x11,7,5,0,0,4.000,0.000,-4.000,-6,-4,220,220,16030,17083,17133,,1103,,50,,,,,,50
1999,31,182,2,1,0,0x12,13,0,5,0,6.000,0.000,-6.000,-4,-6,220,220,17180,17133,17233,,53,,100,,,,,,50
2000,31,182,2,1,0,0x12,10,0,4,0,4.667,0.000,-4.667,-6,-4,220,220,17180,17233,17283,,103,,50,,,,,,50
2001,31,182,2,1,0,0x12,9,0,6,1,5.000,0.000,-5.000,-4,-5,220,220,17180,17283,17333,,153,,50,,,,,,50
2002,31,182,2,1,0,0x12,9,0,6,4,5.000,0.000,-5.000,-5,-5,220,220,17180,17333,17383,,203,,50,,,,,,50
2003,31,182,2,1,0,0x12,10,0,7,6,5.667,0.000,-5.667,-5,-5,220,220,17180,17383,17433,,253,,50,,,,,,50
2004,31,182,2,1,0,0x12,10,0,7,9,5.667,0.000,-5.667,-5,-5,220,220,17180,17433,17483,,303,,50,,,,,,50
2005,31,182,2,1,0,0x12,11,0,7,12,6.000,0.000,-6.000,-5,-6,220,220,17180,17483,17533,,353,,50,,,,,,50
2006,31,182,2,1,0,0x12,11,0,8,15,6.333,0.000,-6.333,-6,-6,220,220,17180,17533,17583,,403,,50,,,,,,50
2007,31,182,2,1,0,0x12,12,0,8,18,6.667,0.000,-6.667,-6,-6,220,220,17180,17583,17633,,453,,50,,,,,,50
2008,31,183,3,1,0,0x13,32,12,10,29,18.000,32.000,14.000,19,14,220,220,18330,18683,18733,,403,,50,,,,,,50
2009,31,183,3,1,0,0x13,25,11,10,26,15.333,25.000,9.667,14,10,220,220,18330,18733,18783,,453,,50,,,,,,50
2010,31,183,3,1,0,0x13,17,11,9,23,12.333,17.000,4.667,10,5,220,220,18330,18783,18833,,503,,50,,,,,,50
2011,31,183,3,1,0,0x13,10,10,9,21,9.667,10.000,0.333,5,1,220,220,18330,18833,18883,,553,,50,,,,,,50
2012,31,183,3,1,1,0x33,3,10,8,18,7.000,3.000,-4.000,1,-4,220,220,18330,18883,18933,0,603,47206,50,46653,18933,600,600,600,50
2013,31,183,3,1,0,0x13,0,10,8,16,6.000,0.000,-6.000,-4,-6,220,220,18330,18933,18983,,653,,50,,,,,,50
2014,31,183,3,1,0,0x13,0,9,8,13,5.667,0.000,-5.667,-6,-5,220,220,18330,18983,19033,,703,,50,,,,,,50
2015,31,183,3,1,0,0x13,0,9,7,11,5.333,0.000,-5.333,-5,-5,220,220,18330,19033,19083,,753,,50,,,,,,50
2016,31,183,3,1,0,0x13,0,8,7,7,5.000,0.000,-5.000,-5,-5,220,220,18330,19083,19133,,803,,50,,,,,,50
2017,31,183,3,1,0,0x13,0,8,6,4,4.667,0.000,-4.667,-5,-4,220,220,18330,19133,19183,,853,,50,,,,,,50
2018,31,183,3,1,0,0x13,0,8,6,2,4.667,0.000,-4.667,-4,-4,220,220,18330,19183,19233,,903,,50,,,,,,50
2019,31,183,3,1,0,0x13,0,7,6,0,4.333,0.000,-4.333,-4,-4,220,220,18330,19233,19283,,953,,50,,,,,,50
2020,31,183,3,1,0,0x13,0,6,5,0,3.667,0.000,-3.667,-4,-3,220,220,18330,19283,19333,,1003,,50,,,,,,50
2021,31,183,3,1,0,0x13,0,6,5,0,3.667,0.000,-3.667,-3,-3,220,220,18330,19333,19383,,1053,,50,,,,,,50
2022,31,183,3,1,0,0x13,0,5,4,0,3.000,0.000,-3.000,-3,-3,220,220,18330,19383,19433,,1103,,50,,,,,,50
2023,31,183,3,1,0,0x13,0,5,4,0,3.000,0.000,-3.000,-3,-3,220,220,18330,19433,19483,,1153,,50,,,,,,50
2024,31,183,3,1,0,0x13,0,4,4,0,2.667,0.000,-2.667,-3,-2,220,220,18330,19483,19533,,1203,,50,,,,,,50
2025,31,184,4,1,0,0x14,8,7,0,0,5.000,0.000,-5.000,-2,-5,220,220,19555,19533,19633,,78,,100,,,,,,50
2026,31,184,4,1,0,0x14,9,8,0,2,5.667,0.000,-5.667,-5,-5,220,220,19555,19633,19683,,128,,50,,,,,,50
2027,31,184,4,1,0,0x14,9,8,0,5,5.667,0.000,-5.667,-5,-5,220,220,19555,19683,19733,,178,,50,,,,,,50
2028,31,185,5,1,0,0x15,15,61,13,40,29.667,61.000,31.333,37,32,220,220,20680,20783,20833,,153,,50,,,,,,50
2029,31,185,5,1,0,0x15,15,52,12,37,26.333,52.000,25.667,32,26,220,220,20680,20833,20883,,203,,50,,,,,,50
2030,31,185,5,1,0,0x15,14,44,11,34,23.000,44.000,21.000,26,21,220,220,20680,20883,20933,,253,,50,,,,,,50
2031,31,185,5,1,0,0x15,13,37,11,32,20.333,37.000,16.667,21,17,220,220,20680,20933,20983,,303,,50,,,,,,50
2032,31,185,5,1,0,0x15,13,30,10,29,17.667,30.000,12.333,17,13,220,220,20680,20983,21033,,353,,50,,,,,,50
2033,31,185,5,1,0,0x15,17,23,10,27,16.667,23.000,6.333,13,7,220,220,20680,21033,21083,,403,,50,,,,,,50
2034,31,185,5,1,0,0x15,13,15,10,23,12.667,15.000,2.333,7,3,220,220,20680,21083,21133,,453,,50,,,,,,50
2035,31,185,5,1,1,0x35,12,9,9,21,10.000,9.000,-1.000,3,-1,220,220,20680,21133,21183,0,503,44856,50,44403,21183,550,550,550,50
2036,31,185,5,1,0,0x15,12,2,9,19,7.667,2.000,-5.667,-1,-5,220,220,20680,21183,21233,,553,,50,,,,,,50
2037,31,185,5,1,0,0x15,11,0,9,16,6.667,0.000,-6.667,-5,-6,220,220,20680,21233,21283,,603,,50,,,,,,50
2038,31,185,5,1,0,0x15,11,0,8,13,6.333,0.000,-6.333,-6,-6,220,220,20680,21283,21333,,653,,50,,,,,,50
2039,31,185,5,1,0,0x15,10,0,8,10,6.000,0.000,-6.000,-6,-6,220,220,20680,21333,21383,,703,,50,,,,,,50
2040,31,185,5,1,0,0x15,10,0,7,7,5.667,0.000,-5.667,-6,-5,220,220,20680,21383,21433,,753,,50,,,,,,50
2041,31,185,5,1,0,0x15,9,0,6,4,5.000,0.000,-5.000,-5,-5,220,220,20680,21433,21483,,803,,50,,,,,,50
2042,31,185,5,1,0,0x15,9,0,6,1,5.000,0.000,-5.000,-5,-5,220,220,20680,21483,21533,,853,,50,,,,,,50
2043,31,185,5,1,0,0x15,8,0,6,0,4.667,0.000,-4.667,-5,-4,220,220,20680,21533,21583,,903,,50,,,,,,50
2044,31,185,5,1,0,0x15,8,0,5,0,4.333,0.000,-4.333,-4,-4,220,220,20680,21583,21633,,953,,50,,,,,,50
2045,31,185,5,1,0,0x15,7,0,5,0,4.000,0.000,-4.000,-4,-4,220,220,20680,21633,21683,,1003,,50,,,,,,50
2046,31,185,5,1,0,0x15,7,0,4,0,3.667,0.000,-3.667,-4,-3,220,220,20680,21683,21733,,1053,,50,,,,,,50
2047,31,186,6,1,0,0x16,0,5,5,0,3.333,0.000,-3.333,-3,-3,220,220,21755,21733,21833,,78,,100,,,,,,50
2048,31,186,6,1,0,0x16,94,15,13,52,40.667,94.000,53.333,49,54,220,220,21755,22833,22883,,1128,,50,,,,,,50
2049,32,187,1,1,0,0x11,16,11,82,47,36.333,82.000,45.667,54,46,220,220,22930,22883,22983,,53,,100,,,,,,50
2050,32,187,1,1,0,0x11,18,13,77,48,36.000,77.000,41.000,46,41,220,220,22930,22983,23033,,103,,50,,,,,,50
2051,32,187,1,1,0,0x11,21,13,69,45,34.333,69.000,34.667,41,35,220,220,22930,23033,23083,,153,,50,,,,,,50
2052,32,187,1,1,0,0x11,16,13,60,41,29.667,60.000,30.333,35,31,220,220,22930,23083,23133,,203,,50,,,,,,50
2053,32,187,1,1,0,0x11,16,13,53,38,27.333,53.000,25.667,31,26,220,220,22930,23133,23183,,253,,50,,,,,,50
2054,32,187,1,1,0,0x11,15,13,45,36,24.333,45.000,20.667,26,21,220,220,22930,23183,23233,,303,,50,,,,,,50
2055,32,187,1,1,0,0x11,15,12,38,33,21.667,38.000,16.333,21,17,220,220,22930,23233,23283,,353,,50,,,,,,50
2056,32,187,1,1,0,0x11,14,11,30,30,18.333,30.000,11.667,17,12,220,220,22930,23283,23333,,403,,50,,,,,,50
2057,32,187,1,1,0,0x11,14,11,23,27,16.000,23.000,7.000,12,7,220,220,22930,23333,23383,,453,,50,,,,,,50
2058,32,187,1,1,0,0x11,13,10,16,24,13.000,16.000,3.000,7,3,220,220,22930,23383,23433,,503,,50,,,,,,50
2059,32,187,1,1,1,0x31,13,10,9,22,10.667,9.000,-1.667,3,-1,220,220,22930,23433,23483,0,553,42606,50,42103,23483,575,575,575,50
2060,32,187,1,1,0,0x11,13,10,2,19,8.333,2.000,-6.333,-1,-6,220,220,22930,23483,23533,,603,,50,,,,,,50
2061,32,187,1,1,0,0x11,12,9,0,17,7.000,0.000,-7.000,-6,-7,220,220,22930,23533,23583,,653,,50,,,,,,50
2062,32,187,1,1,0,0x11,11,9,0,13,6.667,0.000,-6.667,-7,-6,220,220,22930,23583,23633,,703,,50,,,,,,50
2063,32,187,1,1,0,0x11,11,8,0,11,6.333,0.000,-6.333,-6,-6,220,220,22930,23633,23683,,753,,50,,,,,,50
2064,32,187,1,1,0,0x11,11,8,0,8,6.333,0.000,-6.333,-6,-6,220,220,22930,23683,23733,,803,,50,,,,,,50
2065,32,187,1,1,0,0x11,10,8,0,5,6.000,0.000,-6.000,-6,-6,220,220,22930,23733,23783,,853,,50,,,,,,50
2066,32,187,1,1,0,0x11,9,7,0,2,5.333,0.000,-5.333,-6,-5,220,220,22930,23783,23833,,903,,50,,,,,,50
2067,32,187,1,1,0,0x11,9,7,0,0,5.333,0.000,-5.333,-5,-5,220,220,22930,23833,23883,,953,,50,,,,,,50
2068,32,188,2,1,0,0x12,16,61,12,40,29.667,61.000,31.333,27,32,220,220,24080,24933,24983,,903,,50,,,,,,50
2069,32,188,2,1,0,0x12,16,68,12,43,32.000,68.000,36.000,32,36,220,220,24080,24983,25033,,953,,50,,,,,,50
2070,32,188,2,1,0,0x12,20,75,13,46,36.000,75.000,39.000,36,39,220,220,24080,25033,25083,,1003,,50,,,,,,50
2071,32,188,2,1,0,0x12,16,84,13,49,37.667,84.000,46.333,39,47,220,220,24080,25083,25133,,1053,,50,,,,,,50
2072,32,188,2,1,0,0x12,17,92,13,51,40.667,92.000,51.333,47,52,220,220,24080,25133,25183,,1103,,50,,,,,,50
2073,32,188,2,1,0,0x12,17,99,14,55,43.333,99.000,55.667,52,56,220,220,24080,25183,25233,,1153,,50,,,,,,50
2074,32,188,2,1,0,0x12,17,107,15,57,46.333,107.000,60.667,56,61,220,220,24080,25233,25283,,1203,,50,,,,,,50
2075,32,189,3,1,0,0x13,72,14,12,44,32.667,72.000,39.333,61,40,220,220,25305,25283,25383,,78,,100,,,,,,50
2076,32,189,3,1,0,0x13,65,14,12,41,30.333,65.000,34.667,40,35,220,220,25305,25383,25433,,128,,50,,,,,,50
2077,32,189,3,1,0,0x13,57,13,11,38,27.000,57.000,30.000,35,30,220,220,25305,25433,25483,,178,,50,,,,,,50
2078,32,189,3,1,0,0x13,49,12,11,35,24.000,49.000,25.000,30,25,220,220,25305,25483,25533,,228,,50,,,,,,50
2079,32,189,3,1,0,0x13,41,12,10,32,21.000,41.000,20.000,25,20,220,220,25305,25533,25583,,278,,50,,,,,,50
2080,32,189,3,1,0,0x13,33,12,10,29,18.333,33.000,14.667,20,15,220,220,25305,25583,25633,,328,,50,,,,,,50
2081,32,189,3,1,0,0x13,26,11,10,27,15.667,26.000,10.333,15,11,220,220,25305,25633,25683,,378,,50,,,,,,50
2082,32,189,3,1,0,0x13,18,11,9,24,12.667,18.000,5.333,11,6,220,220,25305,25683,25733,,428,,50,,,,,,50
2083,32,189,3,1,0,0x13,11,10,9,21,10.000,11.000,1.000,6,1,220,220,25305,25733,25783,,478,,50,,,,,,50
2084,32,189,3,1,1,0x33,4,10,8,18,7.333,4.000,-3.333,1,-3,220,220,25305,25783,25833,0,528,40231,50,39753,25833,575,575,575,50
2085,32,189,3,1,0,0x13,0,10,8,16,6.000,0.000,-6.000,-3,-6,220,220,25305,25833,25883,,578,,50,,,,,,50
2086,32,189,3,1,0,0x13,0,9,7,13,5.333,0.000,-5.333,-6,-5,220,220,25305,25883,25933,,628,,50,,,,,,50
2087,32,189,3,1,0,0x13,0,9,7,10,5.333,0.000,-5.333,-5,-5,220,220,25305,25933,25983,,678,,50,,,,,,50
2088,32,190,4,1,0,0x14,17,12,29,30,19.333,29.000,9.667,7,10,220,220,26430,27033,27083,,653,,50,,,,,,50
2089,32,190,4,1,0,0x14,13,12,36,32,20.333,36.000,15.667,10,16,220,220,26430,27083,27133,,703,,50,,,,,,50
2090,32,190,4,1,0,0x14,14,12,43,35,23.000,43.000,20.000,16,20,220,220,26430,27133,27183,,753,,50,,,,,,50
2091,32,190,4,1,0,0x14,14,13,51,37,26.000,51.000,25.000,20,25,220,220,26430,27183,27233,,803,,50,,,,,,50
2092,32,190,4,1,0,0x14,15,13,58,40,28.667,58.000,29.333,25,30,220,220,26430,27233,27283,,853,,50,,,,,,50
2093,32,190,4,1,0,0x14,15,14,66,43,31.667,66.000,34.333,30,35,220,220,26430,27283,27333,,903,,50,,,,,,50
2094,32,190,4,1,0,0x14,16,14,73,46,34.333,73.000,38.667,35,39,220,220,26430,27333,27383,,953,,50,,,,,,50
2095,32,190,4,1,0,0x14,16,14,80,48,36.667,80.000,43.333,39,44,220,220,26430,27383,27433,,1003,,50,,,,,,50
2096,32,190,4,1,0,0x14,16,14,88,51,39.333,88.000,48.667,44,49,220,220,26430,27433,27483,,1053,,50,,,,,,50
2097,32,190,4,1,0,0x14,17,15,96,54,42.667,96.000,53.333,49,54,220,220,26430,27483,27533,,1103,,50,,,,,,50
2098,32,191,5,1,0,0x15,12,81,13,46,35.333,81.000,45.667,54,46,220,220,27580,27533,27633,,53,,100,,,,,,50
2099,32,191,5,1,0,0x15,15,76,14,46,35.000,76.000,41.000,46,41,220,220,27580,27633,27683,,103,,50,,,,,,50
2100,32,191,5,1,0,0x15,15,67,13,43,31.667,67.000,35.333,41,36,220,220,27580,27683,27733,,153,,50,,,,,,50
2101,32,191,5,1,0,0x15,15,58,12,40,28.333,58.000,29.667,36,30,220,220,27580,27733,27783,,203,,50,,,,,,50
2102,32,191,5,1,0,0x15,14,50,12,36,25.333,50.000,24.667,30,25,220,220,27580,27783,27833,,253,,50,,,,,,50
2103,32,191,5,1,0,0x15,14,42,11,34,22.333,42.000,19.667,25,20,220,220,27580,27833,27883,,303,,50,,,,,,50
2104,32,191,5,1,0,0x15,13,35,11,31,19.667,35.000,15.333,20,16,220,220,27580,27883,27933,,353,,50,,,,,,50
2105,32,191,5,1,0,0x15,13,27,10,28,16.667,27.000,10.333,16,11,220,220,27580,27933,27983,,403,,50,,,,,,50
2106,32,191,5,1,0,0x15,13,19,10,25,14.000,19.000,5.000,11,5,220,220,27580,27983,28033,,453,,50,,,,,,50
2107,32,191,5,1,0,0x15,16,12,9,23,12.333,12.000,-0.333,5,0,220,220,27580,28033,28083,,503,,50,,,,,,50
2108,32,192,6,1,0,0x16,2,10,9,18,7.000,2.000,-5.000,-6,-5,220,220,28730,29133,29183,,453,,50,,,,,,50
2109,32,192,6,1,1,0x36,10,10,9,21,9.667,10.000,0.333,-5,1,220,220,28730,29183,29233,0,503,36806,50,36353,29233,550,550,550,50
2110,32,192,6,1,0,0x16,17,10,9,24,12.000,17.000,5.000,1,5,220,220,28730,29233,29283,,553,,50,,,,,,50
2111,32,192,6,1,0,0x16,24,11,10,26,15.000,24.000,9.000,5,9,220,220,28730,29283,29333,,603,,50,,,,,,50
2112,32,192,6,1,0,0x16,32,11,10,29,17.667,32.000,14.333,9,15,220,220,28730,29333,29383,,653,,50,,,,,,50
2113,32,192,6,1,0,0x16,39,11,10,32,20.000,39.000,19.000,15,19,220,220,28730,29383,29433,,703,,50,,,,,,50
2114,32,192,6,1,0,0x16,46,12,11,34,23.000,46.000,23.000,19,23,220,220,28730,29433,29483,,753,,50,,,,,,50
2115,32,192,6,1,0,0x16,54,13,11,37,26.000,54.000,28.000,23,28,220,220,28730,29483,29533,,803,,50,,,,,,50
2116,32,192,6,1,0,0x16,62,13,12,40,29.000,62.000,33.000,28,33,220,220,28730,29533,29583,,853,,50,,,,,,50
2117,32,192,6,1,0,0x16,69,13,12,43,31.333,69.000,37.667,33,38,220,220,28730,29583,29633,,903,,50,,,,,,50
2118,32,192,6,1,0,0x16,76,14,12,46,34.000,76.000,42.000,38,42,220,220,28730,29633,29683,,953,,50,,,,,,50
2119,32,192,6,1,0,0x16,84,14,13,48,37.000,84.000,47.000,42,47,220,220,28730,29683,29733,,1003,,50,,,,,,50
2120,32,192,6,1,0,0x16,92,15,13,51,40.000,92.000,52.000,47,52,220,220,28730,29733,29783,,1053,,50,,,,,,50
2121,33,193,1,1,0,0x11,17,14,84,50,38.333,84.000,45.667,52,46,220,220,29805,29783,29883,,78,,100,,,,,,50
2122,33,193,1,1,0,0x11,17,14,76,47,35.667,76.000,40.333,46,41,220,220,29805,29883,29933,,128,,50,,,,,,50
2123,33,193,1,1,0,0x11,16,13,68,44,32.333,68.000,35.667,41,36,220,220,29805,29933,29983,,178,,50,,,,,,50
2124,33,193,1,1,0,0x11,15,13,60,41,29.333,60.000,30.667,36,31,220,220,29805,29983,30033,,228,,50,,,,,,50
2125,33,193,1,1,0,0x11,19,13,53,39,28.333,53.000,24.667,31,25,220,220,29805,30033,30083,,278,,50,,,,,,50
2126,33,193,1,1,0,0x11,15,12,45,36,24.000,45.000,21.000,25,21,220,220,29805,30083,30133,,328,,50,,,,,,50
2127,33,193,1,1,0,0x11,14,12,38,33,21.333,38.000,16.667,21,17,220,220,29805,30133,30183,,378,,50,,,,,,50
2128,33,194,2,1,0,0x12,10,0,6,5,5.333,0.000,-5.333,-5,-5,220,220,30980,31233,31283,,303,,50,,,,,,50
2129,33,194,2,1,0,0x12,10,0,7,8,5.667,0.000,-5.667,-5,-5,220,220,30980,31283,31333,,353,,50,,,,,,50
2130,33,194,2,1,0,0x12,11,0,7,12,6.000,0.000,-6.000,-5,-6,220,220,30980,31333,31383,,403,,50,,,,,,50
2131,33,194,2,1,0,0x12,11,0,8,14,6.333,0.000,-6.333,-6,-6,220,220,30980,31383,31433,,453,,50,,,,,,50
2132,33,194,2,1,0,0x12,12,0,8,17,6.667,0.000,-6.667,-6,-6,220,220,30980,31433,31483,,503,,50,,,,,,50
2133,33,194,2,1,0,0x12,12,6,8,20,8.667,6.000,-2.667,-6,-2,220,220,30980,31483,31533,,553,,50,,,,,,50
2134,33,194,2,1,1,0x32,13,13,9,22,11.667,13.000,1.333,-2,2,220,220,30980,31533,31583,0,603,34556,50,34003,31583,600,600,600,50
2135,33,194,2,1,0,0x12,13,19,9,25,13.667,19.000,5.333,2,6,220,220,30980,31583,31633,,653,,50,,,,,,50
2136,33,194,2,1,0,0x12,14,26,10,27,16.667,26.000,9.333,6,10,220,220,30980,31633,31683,,703,,50,,,,,,50
2137,33,194,2,1,0,0x12,14,34,10,30,19.333,34.000,14.667,10,15,220,220,30980,31683,31733,,753,,50,,,,,,50
2138,33,194,2,1,0,0x12,15,42,10,33,22.333,42.000,19.667,15,20,220,220,30980,31733,31783,,803,,50,,,,,,50
2139,33,194,2,1,0,0x12,15,49,11,36,25.000,49.000,24.000,20,24,220,220,30980,31783,31833,,853,,50,,,,,,50
2140,33,194,2,1,0,0x12,15,57,12,39,28.000,57.000,29.000,24,29,220,220,30980,31833,31883,,903,,50,,,,,,50
2141,33,194,2,1,0,0x12,16,65,12,42,31.000,65.000,34.000,29,34,220,220,30980,31883,31933,,953,,50,,,,,,50
2142,33,194,2,1,0,0x12,16,73,13,45,34.000,73.000,39.000,34,39,220,220,30980,31933,31983,,1003,,50,,,,,,50
2143,33,194,2,1,0,0x12,17,81,13,48,37.000,81.000,44.000,39,44,220,220,30980,31983,32033,,1053,,50,,,,,,50
2144,33,194,2,1,0,0x12,21,88,14,51,41.000,88.000,47.000,44,47,220,220,30980,32033,32083,,1103,,50,,,,,,50
2145,33,194,2,1,0,0x12,17,96,14,53,42.333,96.000,53.667,47,54,220,220,30980,32083,32133,,1153,,50,,,,,,50
2146,33,194,2,1,0,0x12,17,105,14,56,45.333,105.000,59.667,54,60,220,220,30980,32133,32183,,1203,,50,,,,,,50
2147,33,195,3,1,0,0x13,78,15,13,46,35.333,78.000,42.667,60,43,220,220,32205,32183,32283,,78,,100,,,,,,50
2148,33,195,3,1,0,0x13,0,5,4,0,3.000,0.000,-3.000,-3,-3,220,220,32205,33283,33333,,1128,,50,,,,,,50
2149,33,195,3,1,0,0x13,0,4,3,0,2.333,0.000,-2.333,-3,-2,220,220,32205,33333,33383,,1178,,50,,,,,,50
2150,33,196,4,1,0,0x14,9,8,0,1,5.667,0.000,-5.667,-2,-5,220,220,33405,33383,33483,,78,,100,,,,,,50
2151,33,196,4,1,0,0x14,9,7,0,4,5.333,0.000,-5.333,-5,-5,220,220,33405,33483,33533,,128,,50,,,,,,50
2152,33,196,4,1,0,0x14,10,8,0,7,6.000,0.000,-6.000,-5,-6,220,220,33405,33533,33583,,178,,50,,,,,,50
2153,33,196,4,1,0,0x14,10,8,0,9,6.000,0.000,-6.000,-6,-6,220,220,33405,33583,33633,,228,,50,,,,,,50
2154,33,196,4,1,0,0x14,10,9,0,13,6.333,0.000,-6.333,-6,-6,220,220,33405,33633,33683,,278,,50,,,,,,50
2155,33,196,4,1,0,0x14,11,10,0,15,7.000,0.000,-7.000,-6,-7,220,220,33405,33683,33733,,328,,50,,,,,,50
2156,33,196,4,1,0,0x14,11,10,0,18,7.000,0.000,-7.000,-7,-7,220,220,33405,33733,33783,,378,,50,,,,,,50
2157,33,196,4,1,0,0x14,12,10,7,21,9.667,7.000,-2.667,-7,-2,220,220,33405,33783,33833,,428,,50,,,,,,50
2158,33,196,4,1,1,0x34,12,10,14,23,12.000,14.000,2.000,-2,2,220,220,33405,33833,33883,0,478,32131,50,31703,33883,550,550,550,50
2159,33,196,4,1,0,0x14,13,11,21,26,15.000,21.000,6.000,2,6,220,220,33405,33883,33933,,528,,50,,,,,,50
2160,33,196,4,1,0,0x14,13,11,28,29,17.333,28.000,10.667,6,11,220,220,33405,33933,33983,,578,,50,,,,,,50
2161,33,196,4,1,0,0x14,13,12,36,32,20.333,36.000,15.667,11,16,220,220,33405,33983,34033,,628,,50,,,,,,50
2162,33,196,4,1,0,0x14,19,12,42,35,24.333,42.000,17.667,16,18,220,220,33405,34033,34083,,678,,50,,,,,,50
2163,33,196,4,1,0,0x14,15,13,50,37,26.000,50.000,24.000,18,24,220,220,33405,34083,34133,,728,,50,,,,,,50
2164,33,196,4,1,0,0x14,15,13,58,40,28.667,58.000,29.333,24,30,220,220,33405,34133,34183,,778,,50,,,,,,50
2165,33,196,4,1,0,0x14,15,14,65,43,31.333,65.000,33.667,30,34,220,220,33405,34183,34233,,828,,50,,,,,,50
2166,33,196,4,1,0,0x14,16,13,73,45,34.000,73.000,39.000,34,39,220,220,33405,34233,34283,,878,,50,,,,,,50
2167,33,196,4,1,0,0x14,16,14,80,48,36.667,80.000,43.333,39,44,220,220,33405,34283,34333,,928,,50,,,,,,50
2168,33,197,5,1,0,0x15,9,0,6,0,5.000,0.000,-5.000,-5,-5,220,220,34455,35383,35433,,978,,50,,,,,,50
2169,33,197,5,1,0,0x15,8,0,5,0,4.333,0.000,-4.333,-5,-4,220,220,34455,35433,35483,,1028,,50,,,,,,50
2170,33,197,5,1,0,0x15,8,0,5,0,4.333,0.000,-4.333,-4,-4,220,220,34455,35483,35533,,1078,,50,,,,,,50
2171,33,197,5,1,0,0x15,7,0,4,0,3.667,0.000,-3.667,-4,-3,220,220,34455,35533,35583,,1128,,50,,,,,,50
2172,33,198,6,1,0,0x16,0,8,8,0,5.333,0.000,-5.333,-3,-5,220,220,35630,35583,35683,,53,,100,,,,,,50
2173,33,198,6,1,0,0x16,0,6,6,0,4.000,0.000,-4.000,-5,-4,220,220,35630,35683,35733,,103,,50,,,,,,50
2174,33,198,6,1,0,0x16,0,6,6,0,4.000,0.000,-4.000,-4,-4,220,220,35630,35733,35783,,153,,50,,,,,,50
2175,33,198,6,1,0,0x16,0,7,6,2,4.333,0.000,-4.333,-4,-4,220,220,35630,35783,35833,,203,,50,,,,,,50
2176,33,198,6,1,0,0x16,0,7,7,4,4.667,0.000,-4.667,-4,-4,220,220,35630,35833,35883,,253,,50,,,,,,50
2177,33,198,6,1,0,0x16,0,8,7,7,5.000,0.000,-5.000,-4,-5,220,220,35630,35883,35933,,303,,50,,,,,,50
2178,33,198,6,1,0,0x16,0,8,7,11,5.000,0.000,-5.000,-5,-5,220,220,35630,35933,35983,,353,,50,,,,,,50
2179,33,198,6,1,0,0x16,0,9,8,14,5.667,0.000,-5.667,-5,-5,220,220,35630,35983,36033,,403,,50,,,,,,50
2180,33,198,6,1,0,0x16,3,9,9,17,7.000,3.000,-4.000,-5,-4,220,220,35630,36033,36083,,453,,50,,,,,,50
2181,33,198,6,1,0,0x16,6,10,9,19,8.333,6.000,-2.333,-4,-2,220,220,35630,36083,36133,,503,,50,,,,,,50
2182,33,198,6,1,1,0x36,14,10,9,22,11.000,14.000,3.000,-2,3,220,220,35630,36133,36183,0,553,29906,50,29403,36183,575,575,575,50
2183,33,198,6,1,0,0x16,21,10,9,24,13.333,21.000,7.667,3,8,220,220,35630,36183,36233,,603,,50,,,,,,50
2184,33,198,6,1,0,0x16,28,11,10,28,16.333,28.000,11.667,8,12,220,220,35630,36233,36283,,653,,50,,,,,,50
2185,33,198,6,1,0,0x16,35,11,11,31,19.000,35.000,16.000,12,16,220,220,35630,36283,36333,,703,,50,,,,,,50
2186,33,198,6,1,0,0x16,42,12,10,33,21.333,42.000,20.667,16,21,220,220,35630,36333,36383,,753,,50,,,,,,50
2187,33,198,6,1,0,0x16,50,12,11,36,24.333,50.000,25.667,21,26,220,220,35630,36383,36433,,803,,50,,,,,,50
2188,34,199,1,1,0,0x11,11,8,0,10,6.333,0.000,-6.333,-7,-6,220,220,36780,37483,37533,,753,,50,,,,,,50
2189,34,199,1,1,0,0x11,10,8,0,8,6.000,0.000,-6.000,-6,-6,220,220,36780,37533,37583,,803,,50,,,,,,50
2190,34,199,1,1,0,0x11,10,8,0,4,6.000,0.000,-6.000,-6,-6,220,220,36780,37583,37633,,853,,50,,,,,,50
2191,34,199,1,1,0,0x11,9,7,0,2,5.333,0.000,-5.333,-6,-5,220,220,36780,37633,37683,,903,,50,,,,,,50
2192,34,199,1,1,0,0x11,9,7,0,0,5.333,0.000,-5.333,-5,-5,220,220,36780,37683,37733,,953,,50,,,,,,50
2193,34,199,1,1,0,0x11,8,6,0,0,4.667,0.000,-4.667,-5,-4,220,220,36780,37733,37783,,1003,,50,,,,,,50
2194,34,199,1,1,0,0x11,8,6,0,0,4.667,0.000,-4.667,-4,-4,220,220,36780,37783,37833,,1053,,50,,,,,,50
2195,34,199,1,1,0,0x11,7,5,0,0,4.000,0.000,-4.000,-4,-4,220,220,36780,37833,37883,,1103,,50,,,,,,50
2196,34,200,2,1,0,0x12,13,0,5,0,6.000,0.000,-6.000,-4,-6,220,220,37930,37883,37983,,53,,100,,,,,,50
2197,34,200,2,1,0,0x12,10,0,5,0,5.000,0.000,-5.000,-6,-5,220,220,37930,37983,38033,,103,,50,,,,,,50
2198,34,200,2,1,0,0x12,14,0,5,1,6.333,0.000,-6.333,-5,-6,220,220,37930,38033,38083,,153,,50,,,,,,50
2199,34,200,2,1,0,0x12,10,0,6,3,5.333,0.000,-5.333,-6,-5,220,220,37930,38083,38133,,203,,50,,,,,,50
2200,34,200,2,1,0,0x12,10,0,7,6,5.667,0.000,-5.667,-5,-5,220,220,37930,38133,38183,,253,,50,,,,,,50
2201,34,200,2,1,0,0x12,10,0,7,8,5.667,0.000,-5.667,-5,-5,220,220,37930,38183,38233,,303,,50,,,,,,50
2202,34,200,2,1,0,0x12,11,0,7,11,6.000,0.000,-6.000,-5,-6,220,220,37930,38233,38283,,353,,50,,,,,,50
2203,34,200,2,1,0,0x12,12,0,8,14,6.667,0.000,-6.667,-6,-6,220,220,37930,38283,38333,,403,,50,,,,,,50
2204,34,200,2,1,0,0x12,12,0,8,17,6.667,0.000,-6.667,-6,-6,220,220,37930,38333,38383,,453,,50,,,,,,50
2205,34,200,2,1,0,0x12,12,5,8,20,8.333,5.000,-3.333,-6,-3,220,220,37930,38383,38433,,503,,50,,,,,,50
2206,34,200,2,1,1,0x32,13,12,9,22,11.333,12.000,0.667,-3,1,220,220,37930,38433,38483,0,553,27606,50,27103,38483,575,575,575,50
2207,34,200,2,1,0,0x12,13,18,9,25,13.333,18.000,4.667,1,5,220,220,37930,38483,38533,,603,,50,,,,,,50
2208,34,201,3,1,0,0x13,14,11,9,22,11.333,14.000,2.667,7,3,220,220,39080,39583,39633,,553,,50,,,,,,50
2209,34,201,3,1,1,0x33,7,10,9,20,8.667,7.000,-1.667,3,-1,220,220,39080,39633,39683,0,603,26456,50,25903,39683,600,600,600,50
2210,34,201,3,1,0,0x13,0,10,8,17,6.000,0.000,-6.000,-1,-6,220,220,39080,39683,39733,,653,,50,,,,,,50
2211,34,201,3,1,0,0x13,0,9,8,14,5.667,0.000,-5.667,-6,-5,220,220,39080,39733,39783,,703,,50,,,,,,50
2212,34,201,3,1,0,0x13,0,9,7,11,5.333,0.000,-5.333,-5,-5,220,220,39080,39783,39833,,753,,50,,,,,,50
2213,34,201,3,1,0,0x13,0,8,7,8,5.000,0.000,-5.000,-5,-5,220,220,39080,39833,39883,,803,,50,,,,,,50
2214,34,201,3,1,0,0x13,0,8,7,5,5.000,0.000,-5.000,-5,-5,220,220,39080,39883,39933,,853,,50,,,,,,50
2215,34,201,3,1,0,0x13,0,7,6,3,4.333,0.000,-4.333,-5,-4,220,220,39080,39933,39983,,903,,50,,,,,,50
2216,34,201,3,1,0,0x13,0,7,6,0,4.333,0.000,-4.333,-4,-4,220,220,39080,39983,40033,,953,,50,,,,,,50
2217,34,201,3,1,0,0x13,0,6,5,0,3.667,0.000,-3.667,-4,-3,220,220,39080,40033,40083,,1003,,50,,,,,,50
2218,34,201,3,1,0,0x13,0,6,5,0,3.667,0.000,-3.667,-3,-3,220,220,39080,40083,40133,,1053,,50,,,,,,50
2219,34,201,3,1,0,0x13,0,6,4,0,3.333,0.000,-3.333,-3,-3,220,220,39080,40133,40183,,1103,,50,,,,,,50
2220,34,201,3,1,0,0x13,0,5,4,0,3.000,0.000,-3.000,-3,-3,220,220,39080,40183,40233,,1153,,50,,,,,,50
2221,34,201,3,1,0,0x13,0,5,3,0,2.667,0.000,-2.667,-3,-2,220,220,39080,40233,40283,,1203,,50,,,,,,50
2222,34,202,4,1,0,0x14,8,7,0,0,5.000,0.000,-5.000,-2,-5,220,220,40305,40283,40383,,78,,100,,,,,,50
2223,34,202,4,1,0,0x14,9,7,0,2,5.333,0.000,-5.333,-5,-5,220,220,40305,40383,40433,,128,,50,,,,,,50
2224,34,202,4,1,0,0x14,9,8,0,4,5.667,0.000,-5.667,-5,-5,220,220,40305,40433,40483,,178,,50,,,,,,50
2225,34,202,4,1,0,0x14,10,8,0,8,6.000,0.000,-6.000,-5,-6,220,220,40305,40483,40533,,228,,50,,,,,,50
2226,34,202,4,1,0,0x14,10,9,0,11,6.333,0.000,-6.333,-6,-6,220,220,40305,40533,40583,,278,,50,,,,,,50
2227,34,202,4,1,0,0x14,10,9,0,13,6.333,0.000,-6.333,-6,-6,220,220,40305,40583,40633,,328,,50,,,,,,50
2228,34,203,5,1,0,0x15,14,39,11,33,21.333,39.000,17.667,23,18,220,220,41430,41683,41733,,303,,50,,,,,,50
2229,34,203,5,1,0,0x15,13,32,10,30,18.333,32.000,13.667,18,14,220,220,41430,41733,41783,,353,,50,,,,,,50
2230,34,203,5,1,0,0x15,13,25,10,27,16.000,25.000,9.000,14,9,220,220,41430,41783,41833,,403,,50,,,,,,50
2231,34,203,5,1,0,0x15,12,18,10,25,13.333,18.000,4.667,9,5,220,220,41430,41833,41883,,453,,50,,,,,,50
2232,34,203,5,1,0,0x15,12,10,9,22,10.333,10.000,-0.333,5,0,220,220,41430,41883,41933,,503,,50,,,,,,50
2233,34,203,5,1,1,0x35,12,3,9,19,8.000,3.000,-5.000,0,-5,220,220,41430,41933,41983,0,553,24106,50,23603,41983,575,575,575,50
2234,34,203,5,1,0,0x15,11,0,8,16,6.333,0.000,-6.333,-5,-6,220,220,41430,41983,42033,,603,,50,,,,,,50
2235,34,203,5,1,0,0x15,15,0,8,14,7.667,0.000,-7.667,-6,-7,220,220,41430,42033,42083,,653,,50,,,,,,50
2236,34,203,5,1,0,0x15,11,0,8,11,6.333,0.000,-6.333,-7,-6,220,220,41430,42083,42133,,703,,50,,,,,,50
2237,34,203,5,1,0,0x15,10,0,7,8,5.667,0.000,-5.667,-6,-5,220,220,41430,42133,42183,,753,,50,,,,,,50
2238,34,203,5,1,0,0x15,10,0,7,5,5.667,0.000,-5.667,-5,-5,220,220,41430,42183,42233,,803,,50,,,,,,50
2239,34,203,5,1,0,0x15,9,0,6,2,5.000,0.000,-5.000,-5,-5,220,220,41430,42233,42283,,853,,50,,,,,,50
2240,34,203,5,1,0,0x15,9,0,6,0,5.000,0.000,-5.000,-5,-5,220,220,41430,42283,42333,,903,,50,,,,,,50
2241,34,203,5,1,0,0x15,8,0,5,0,4.333,0.000,-4.333,-5,-4,220,220,41430,42333,42383,,953,,50,,,,,,50
2242,34,203,5,1,0,0x15,8,0,5,0,4.333,0.000,-4.333,-4,-4,220,220,41430,42383,42433,,1003,,50,,,,,,50
2243,34,203,5,1,0,0x15,7,0,4,0,3.667,0.000,-3.667,-4,-3,220,220,41430,42433,42483,,1053,,50,,,,,,50
2244,34,203,5,1,0,0x15,7,0,3,0,3.333,0.000,-3.333,-3,-3,220,220,41430,42483,42533,,1103,,50,,,,,,50
2245,34,204,6,1,0,0x16,0,8,9,0,5.667,0.000,-5.667,-3,-5,220,220,42580,42533,42633,,53,,100,,,,,,50
2246,34,204,6,1,0,0x16,0,6,6,0,4.000,0.000,-4.000,-5,-4,220,220,42580,42633,42683,,103,,50,,,,,,50
2247,34,204,6,1,0,0x16,0,7,6,1,4.333,0.000,-4.333,-4,-4,220,220,42580,42683,42733,,153,,50,,,,,,50
2248,35,205,1,1,0,0x11,16,14,73,45,34.333,73.000,38.667,43,39,220,220,43655,43783,43833,,178,,50,,,,,,50
2249,35,205,1,1,0,0x11,15,13,64,42,30.667,64.000,33.333,39,34,220,220,43655,43833,43883,,228,,50,,,,,,50
2250,35,205,1,1,0,0x11,15,13,57,40,28.333,57.000,28.667,34,29,220,220,43655,43883,43933,,278,,50,,,,,,50
2251,35,205,1,1,0,0x11,15,12,49,37,25.333,49.000,23.667,29,24,220,220,43655,43933,43983,,328,,50,,,,,,50
2252,35,205,1,1,0,0x11,15,12,41,34,22.667,41.000,18.333,24,19,220,220,43655,43983,44033,,378,,50,,,,,,50
2253,35,205,1,1,0,0x11,18,11,33,31,20.667,33.000,12.333,19,13,220,220,43655,44033,44083,,428,,50,,,,,,50
2254,35,205,1,1,0,0x11,14,11,26,28,17.000,26.000,9.000,13,9,220,220,43655,44083,44133,,478,,50,,,,,,50
2255,35,205,1,1,0,0x11,13,11,19,25,14.333,19.000,4.667,9,5,220,220,43655,44133,44183,,528,,50,,,,,,50
2256,35,205,1,1,0,0x11,12,10,11,23,11.000,11.000,0.000,5,0,220,220,43655,44183,44233,,578,,50,,,,,,50
2257,35,205,1,1,1,0x31,13,10,4,20,9.000,4.000,-5.000,0,-5,220,220,43655,44233,44283,0,628,21881,50,21303,44283,600,600,600,50
2258,35,205,1,1,0,0x11,12,9,0,17,7.000,0.000,-7.000,-5,-7,220,220,43655,44283,44333,,678,,50,,,,,,50
2259,35,205,1,1,0,0x11,12,9,0,15,7.000,0.000,-7.000,-7,-7,220,220,43655,44333,44383,,728,,50,,,,,,50
2260,35,205,1,1,0,0x11,11,9,0,12,6.667,0.000,-6.667,-7,-6,220,220,43655,44383,44433,,778,,50,,,,,,50
2261,35,205,1,1,0,0x11,10,8,0,9,6.000,0.000,-6.000,-6,-6,220,220,43655,44433,44483,,828,,50,,,,,,50
2262,35,205,1,1,0,0x11,10,8,0,6,6.000,0.000,-6.000,-6,-6,220,220,43655,44483,44533,,878,,50,,,,,,50
2263,35,205,1,1,0,0x11,10,7,0,4,5.667,0.000,-5.667,-6,-5,220,220,43655,44533,44583,,928,,50,,,,,,50
2264,35,205,1,1,0,0x11,9,7,0,1,5.333,0.000,-5.333,-5,-5,220,220,43655,44583,44633,,978,,50,,,,,,50
2265,35,205,1,1,0,0x11,9,6,0,0,5.000,0.000,-5.000,-5,-5,220,220,43655,44633,44683,,1028,,50,,,,,,50
2266,35,205,1,1,0,0x11,8,6,0,0,4.667,0.000,-4.667,-5,-4,220,220,43655,44683,44733,,1078,,50,,,,,,50
2267,35,205,1,1,0,0x11,7,5,0,0,4.000,0.000,-4.000,-4,-4,220,220,43655,44733,44783,,1128,,50,,,,,,50
2268,35,206,2,1,0,0x12,16,82,13,48,37.000,82.000,45.000,40,45,220,220,44905,45833,45883,,978,,50,,,,,,50
2269,35,206,2,1,0,0x12,17,90,13,51,40.000,90.000,50.000,45,50,220,220,44905,45883,45933,,1028,,50,,,,,,50
2270,35,206,2,1,0,0x12,17,98,14,54,43.000,98.000,55.000,50,55,220,220,44905,45933,45983,,1078,,50,,,,,,50
2271,35,207,3,1,0,0x13,84,14,10,45,36.000,84.000,48.000,55,48,220,220,46030,45983,46083,,53,,100,,,,,,50
2272,35,207,3,1,0,0x13,77,15,12,45,34.667,77.000,42.333,48,43,220,220,46030,46083,46133,,103,,50,,,,,,50
2273,35,207,3,1,0,0x13,69,15,12,43,32.000,69.000,37.000,43,37,220,220,46030,46133,46183,,153,,50,,,,,,50
2274,35,207,3,1,0,0x13,61,14,12,40,29.000,61.000,32.000,37,32,220,220,46030,46183,46233,,203,,50,,,,,,50
2275,35,207,3,1,0,0x13,52,13,12,36,25.667,52.000,26.333,32,27,220,220,46030,46233,46283,,253,,50,,,,,,50
2276,35,207,3,1,0,0x13,45,12,11,33,22.667,45.000,22.333,27,23,220,220,46030,46283,46333,,303,,50,,,,,,50
2277,35,207,3,1,0,0x13,37,12,10,30,19.667,37.000,17.333,23,18,220,220,46030,46333,46383,,353,,50,,,,,,50
2278,35,207,3,1,0,0x13,30,12,10,28,17.333,30.000,12.667,18,13,220,220,46030,46383,46433,,403,,50,,,,,,50
2279,35,207,3,1,0,0x13,22,11,10,25,14.333,22.000,7.667,13,8,220,220,46030,46433,46483,,453,,50,,,,,,50
2280,35,207,3,1,0,0x13,16,11,9,22,12.000,16.000,4.000,8,4,220,220,46030,46483,46533,,503,,50,,,,,,50
2281,35,207,3,1,0,0x13,9,11,9,21,9.667,9.000,-0.667,4,0,220,220,46030,46533,46583,,553,,50,,,,,,50
2282,35,207,3,1,1,0x33,2,10,8,18,6.667,2.000,-4.667,0,-4,220,220,46030,46583,46633,0,603,19506,50,18953,46633,600,600,600,50
2283,35,207,3,1,0,0x13,0,10,8,14,6.000,0.000,-6.000,-4,-6,220,220,46030,46633,46683,,653,,50,,,,,,50
2284,35,207,3,1,0,0x13,0,9,8,12,5.667,0.000,-5.667,-6,-5,220,220,46030,46683,46733,,703,,50,,,,,,50
2285,35,207,3,1,0,0x13,0,9,7,9,5.333,0.000,-5.333,-5,-5,220,220,46030,46733,46783,,753,,50,,,,,,50
2286,35,207,3,1,0,0x13,0,8,7,6,5.000,0.000,-5.000,-5,-5,220,220,46030,46783,46833,,803,,50,,,,,,50
2287,35,207,3,1,0,0x13,0,8,6,3,4.667,0.000,-4.667,-5,-4,220,220,46030,46833,46883,,853,,50,,,,,,50
2288,35,208,4,1,0,0x14,15,13,47,36,25.000,47.000,22.000,18,22,220,220,47255,47933,47983,,728,,50,,,,,,50
2289,35,208,4,1,0,0x14,14,13,54,39,27.000,54.000,27.000,22,27,220,220,47255,47983,48033,,778,,50,,,,,,50
2290,35,208,4,1,0,0x14,19,14,62,42,31.667,62.000,30.333,27,31,220,220,47255,48033,48083,,828,,50,,,,,,50
2291,35,208,4,1,0,0x14,16,14,69,44,33.000,69.000,36.000,31,36,220,220,47255,48083,48133,,878,,50,,,,,,50
2292,35,208,4,1,0,0x14,16,14,77,47,35.667,77.000,41.333,36,42,220,220,47255,48133,48183,,928,,50,,,,,,50
2293,35,208,4,1,0,0x14,16,14,85,50,38.333,85.000,46.667,42,47,220,220,47255,48183,48233,,978,,50,,,,,,50
2294,35,208,4,1,0,0x14,17,15,92,53,41.333,92.000,50.667,47,51,220,220,47255,48233,48283,,1028,,50,,,,,,50
2295,35,208,4,1,0,0x14,17,15,100,55,44.000,100.000,56.000,51,56,220,220,47255,48283,48333,,1078,,50,,,,,,50
2296,35,209,5,1,0,0x15,12,75,12,44,33.000,75.000,42.000,56,42,220,220,48380,48333,48433,,53,,100,,,,,,50
2297,35,209,5,1,0,0x15,15,69,13,44,32.333,69.000,36.667,42,37,220,220,48380,48433,48483,,103,,50,,,,,,50
2298,35,209,5,1,0,0x15,15,61,13,41,29.667,61.000,31.333,37,32,220,220,48380,48483,48533,,153,,50,,,,,,50
2299,35,209,5,1,0,0x15,15,53,12,38,26.667,53.000,26.333,32,27,220,220,48380,48533,48583,,203,,50,,,,,,50
2300,35,209,5,1,0,0x15,14,44,11,34,23.000,44.000,21.000,27,21,220,220,48380,48583,48633,,253,,50,,,,,,50
2301,35,209,5,1,0,0x15,14,37,10,32,20.333,37.000,16.667,21,17,220,220,48380,48633,48683,,303,,50,,,,,,50
2302,35,209,5,1,0,0x15,13,30,10,29,17.667,30.000,12.333,17,13,220,220,48380,48683,48733,,353,,50,,,,,,50
2303,35,209,5,1,0,0x15,13,23,10,26,15.333,23.000,7.667,13,8,220,220,48380,48733,48783,,403,,50,,,,,,50
2304,35,209,5,1,0,0x15,12,16,9,24,12.333,16.000,3.667,8,4,220,220,48380,48783,48833,,453,,50,,,,,,50
2305,35,209,5,1,1,0x35,12,9,9,21,10.000,9.000,-1.000,4,-1,220,220,48380,48833,48883,0,503,17156,50,16703,48883,550,550,550,50
2306,35,209,5,1,0,0x15,11,2,9,19,7.333,2.000,-5.333,-1,-5,220,220,48380,48883,48933,,553,,50,,,,,,50
2307,35,209,5,1,0,0x15,11,0,8,16,6.333,0.000,-6.333,-5,-6,220,220,48380,48933,48983,,603,,50,,,,,,50
2308,35,210,6,1,0,0x16,21,12,10,26,14.333,21.000,6.667,4,7,220,220,49455,50033,50083,,628,,50,,,,,,50
2309,35,210,6,1,0,0x16,34,11,11,29,18.667,34.000,15.333,7,16,220,220,49455,50083,50133,,678,,50,,,,,,50
2310,35,210,6,1,0,0x16,37,12,11,31,20.000,37.000,17.000,16,17,220,220,49455,50133,50183,,728,,50,,,,,,50
2311,35,210,6,1,0,0x16,45,12,11,34,22.667,45.000,22.333,17,23,220,220,49455,50183,50233,,778,,50,,,,,,50
2312,35,210,6,1,0,0x16,52,13,11,37,25.333,52.000,26.667,23,27,220,220,49455,50233,50283,,828,,50,,,,,,50
2313,35,210,6,1,0,0x16,59,13,12,39,28.000,59.000,31.000,27,31,220,220,49455,50283,50333,,878,,50,,,,,,50
2314,35,210,6,1,0,0x16,67,14,12,42,31.000,67.000,36.000,31,36,220,220,49455,50333,50383,,928,,50,,,,,,50
2315,35,210,6,1,0,0x16,74,14,12,45,33.333,74.000,40.667,36,41,220,220,49455,50383,50433,,978,,50,,,,,,50
2316,35,210,6,1,0,0x16,82,14,13,48,36.333,82.000,45.667,41,46,220,220,49455,50433,50483,,1028,,50,,,,,,50
2317,35,210,6,1,0,0x16,89,15,13,50,39.000,89.000,50.000,46,50,220,220,49455,50483,50533,,1078,,50,,,,,,50
2318,35,210,6,1,0,0x16,96,15,14,53,41.667,96.000,54.333,50,55,220,220,49455,50533,50583,,1128,,50,,,,,,50
2319,36,211,1,1,0,0x11,15,11,79,46,35.000,79.000,44.000,55,44,220,220,50630,50583,50683,,53,,100,,,,,,50
2320,36,211,1,1,0,0x11,18,13,74,46,35.000,74.000,39.000,44,39,220,220,50630,50683,50733,,103,,50,,,,,,50
2321,36,211,1,1,0,0x11,17,13,66,43,32.000,66.000,34.000,39,34,220,220,50630,50733,50783,,153,,50,,,,,,50
2322,36,211,1,1,0,0x11,16,13,58,40,29.000,58.000,29.000,34,29,220,220,50630,50783,50833,,203,,50,,,,,,50
2323,36,211,1,1,0,0x11,15,12,50,37,25.667,50.000,24.333,29,25,220,220,50630,50833,50883,,253,,50,,,,,,50
2324,36,211,1,1,0,0x11,15,12,42,35,23.000,42.000,19.000,25,19,220,220,50630,50883,50933,,303,,50,,,,,,50
2325,36,211,1,1,0,0x11,14,12,35,32,20.333,35.000,14.667,19,15,220,220,50630,50933,50983,,353,,50,,,,,,50
2326,36,211,1,1,0,0x11,14,11,28,29,17.667,28.000,10.333,15,11,220,220,50630,50983,51033,,403,,50,,,,,,50
2327,36,211,1,1,0,0x11,18,11,21,27,16.667,21.000,4.333,11,5,220,220,50630,51033,51083,,453,,50,,,,,,50
2328,36,212,2,1,0,0x12,11,0,7,13,6.000,0.000,-6.000,-5,-6,220,220,51780,52133,52183,,403,,50,,,,,,50
2329,36,212,2,1,0,0x12,12,0,8,16,6.667,0.000,-6.667,-6,-6,220,220,51780,52183,52233,,453,,50,,,,,,50
2330,36,212,2,1,0,0x12,12,2,8,18,7.333,2.000,-5.333,-6,-5,220,220,51780,52233,52283,,503,,50,,,,,,50
2331,36,212,2,1,0,0x12,12,10,9,21,10.333,10.000,-0.333,-5,0,220,220,51780,52283,52333,,553,,50,,,,,,50
2332,36,212,2,1,1,0x32,13,17,9,24,13.000,17.000,4.000,0,4,220,220,51780,52333,52383,0,603,13756,50,13203,52383,600,600,600,50
2333,36,212,2,1,0,0x12,14,24,9,26,15.667,24.000,8.333,4,9,220,220,51780,52383,52433,,653,,50,,,,,,50
2334,36,212,2,1,0,0x12,14,31,10,29,18.333,31.000,12.667,9,13,220,220,51780,52433,52483,,703,,50,,,,,,50
2335,36,212,2,1,0,0x12,14,38,10,32,20.667,38.000,17.333,13,18,220,220,51780,52483,52533,,753,,50,,,,,,50
2336,36,212,2,1,0,0x12,15,46,11,35,24.000,46.000,22.000,18,22,220,220,51780,52533,52583,,803,,50,,,,,,50
2337,36,212,2,1,0,0x12,15,53,11,38,26.333,53.000,26.667,22,27,220,220,51780,52583,52633,,853,,50,,,,,,50
2338,36,212,2,1,0,0x12,15,61,12,40,29.333,61.000,31.667,27,32,220,220,51780,52633,52683,,903,,50,,,,,,50
2339,36,212,2,1,0,0x12,15,68,12,43,31.667,68.000,36.333,32,37,220,220,51780,52683,52733,,953,,50,,,,,,50
2340,36,212,2,1,0,0x12,16,76,13,46,35.000,76.000,41.000,37,41,220,220,51780,52733,52783,,1003,,50,,,,,,50
2341,36,212,2,1,0,0x12,16,84,13,48,37.667,84.000,46.333,41,47,220,220,51780,52783,52833,,1053,,50,,,,,,50
2342,36,212,2,1,0,0x12,17,91,14,51,40.667,91.000,50.333,47,51,220,220,51780,52833,52883,,1103,,50,,,,,,50
2343,36,212,2,1,0,0x12,17,99,14,54,43.333,99.000,55.667,51,56,220,220,51780,52883,52933,,1153,,50,,,,,,50
2344,36,212,2,1,0,0x12,18,107,14,57,46.333,107.000,60.667,56,61,220,220,51780,52933,52983,,1203,,50,,,,,,50
2345,36,213,3,1,0,0x13,77,14,13,45,34.667,77.000,42.333,61,43,220,220,53005,52983,53083,,78,,100,,,,,,50
2346,36,213,3,1,0,0x13,66,13,12,41,30.333,66.000,35.667,43,36,220,220,53005,53083,53133,,128,,50,,,,,,50
2347,36,213,3,1,0,0x13,58,13,11,38,27.333,58.000,30.667,36,31,220,220,53005,53133,53183,,178,,50,,,,,,50
2348,36,214,4,1,0,0x14,9,8,0,2,5.667,0.000,-5.667,-5,-5,220,220,54130,54233,54283,,153,,50,,,,,,50
2349,36,214,4,1,0,0x14,10,8,0,5,6.000,0.000,-6.000,-5,-6,220,220,54130,54283,54333,,203,,50,,,,,,50
2350,36,214,4,1,0,0x14,10,8,0,9,6.000,0.000,-6.000,-6,-6,220,220,54130,54333,54383,,253,,50,,,,,,50
2351,36,214,4,1,0,0x14,10,9,0,11,6.333,0.000,-6.333,-6,-6,220,220,54130,54383,54433,,303,,50,,,,,,50
2352,36,214,4,1,0,0x14,11,9,0,14,6.667,0.000,-6.667,-6,-6,220,220,54130,54433,54483,,353,,50,,,,,,50
2353,36,214,4,1,0,0x14,11,10,0,16,7.000,0.000,-7.000,-6,-7,220,220,54130,54483,54533,,403,,50,,,,,,50
2354,36,214,4,1,0,0x14,12,10,3,19,8.333,3.000,-5.333,-7,-5,220,220,54130,54533,54583,,453,,50,,,,,,50
2355,36,214,4,1,0,0x14,12,10,10,22,10.667,10.000,-0.667,-5,0,220,220,54130,54583,54633,,503,,50,,,,,,50
2356,36,214,4,1,1,0x34,13,11,16,24,13.333,16.000,2.667,0,3,220,220,54130,54633,54683,0,553,11406,50,10903,54683,575,575,575,50
2357,36,214,4,1,0,0x14,13,11,24,27,16.000,24.000,8.000,3,8,220,220,54130,54683,54733,,603,,50,,,,,,50
2358,36,214,4,1,0,0x14,13,12,31,30,18.667,31.000,12.333,8,13,220,220,54130,54733,54783,,653,,50,,,,,,50
2359,36,214,4,1,0,0x14,14,12,38,32,21.333,38.000,16.667,13,17,220,220,54130,54783,54833,,703,,50,,,,,,50
2360,36,214,4,1,0,0x14,14,13,44,35,23.667,44.000,20.333,17,21,220,220,54130,54833,54883,,753,,50,,,,,,50
2361,36,214,4,1,0,0x14,15,13,52,38,26.667,52.000,25.333,21,26,220,220,54130,54883,54933,,803,,50,,,,,,50
2362,36,214,4,1,0,0x14,15,13,60,41,29.333,60.000,30.667,26,31,220,220,54130,54933,54983,,853,,50,,,,,,50
2363,36,214,4,1,0,0x14,16,14,67,44,32.333,67.000,34.667,31,35,220,220,54130,54983,55033,,903,,50,,,,,,50
2364,36,214,4,1,0,0x14,20,14,75,46,36.333,75.000,38.667,35,39,220,220,54130,55033,55083,,953,,50,,,,,,50
2365,36,214,4,1,0,0x14,16,14,82,49,37.333,82.000,44.667,39,45,220,220,54130,55083,55133,,1003,,50,,,,,,50
2366,36,214,4,1,0,0x14,17,14,89,51,40.000,89.000,49.000,45,49,220,220,54130,55133,55183,,1053,,50,,,,,,50
2367,36,214,4,1,0,0x14,17,14,96,54,42.333,96.000,53.667,49,54,220,220,54130,55183,55233,,1103,,50,,,,,,50
2368,36,215,5,1,0,0x15,7,0,4,0,3.667,0.000,-3.667,-4,-3,220,220,55280,56283,56333,,1053,,50,,,,,,50
2369,36,215,5,1,0,0x15,7,0,3,0,3.333,0.000,-3.333,-3,-3,220,220,55280,56333,56383,,1103,,50,,,,,,50
2370,36,216,6,1,0,0x16,0,7,8,0,5.000,0.000,-5.000,-3,-5,220,220,56430,56383,56483,,53,,100,,,,,,50
2371,36,216,6,1,0,0x16,0,6,7,0,4.333,0.000,-4.333,-5,-4,220,220,56430,56483,56533,,103,,50,,,,,,50
2372,36,216,6,1,0,0x16,0,7,6,1,4.333,0.000,-4.333,-4,-4,220,220,56430,56533,56583,,153,,50,,,,,,50
2373,36,216,6,1,0,0x16,0,7,7,4,4.667,0.000,-4.667,-4,-4,220,220,56430,56583,56633,,203,,50,,,,,,50
2374,36,216,6,1,0,0x16,0,8,7,6,5.000,0.000,-5.000,-4,-5,220,220,56430,56633,56683,,253,,50,,,,,,50
2375,36,216,6,1,0,0x16,0,9,7,10,5.333,0.000,-5.333,-5,-5,220,220,56430,56683,56733,,303,,50,,,,,,50
2376,36,216,6,1,0,0x16,0,9,8,12,5.667,0.000,-5.667,-5,-5,220,220,56430,56733,56783,,353,,50,,,,,,50
2377,36,216,6,1,0,0x16,0,9,8,15,5.667,0.000,-5.667,-5,-5,220,220,56430,56783,56833,,403,,50,,,,,,50
2378,36,216,6,1,0,0x16,2,9,9,18,6.667,2.000,-4.667,-5,-4,220,220,56430,56833,56883,,453,,50,,,,,,50
2379,36,216,6,1,0,0x16,9,10,9,21,9.333,9.000,-0.333,-4,0,220,220,56430,56883,56933,,503,,50,,,,,,50
2380,36,216,6,1,1,0x36,16,10,10,23,12.000,16.000,4.000,0,4,220,220,56430,56933,56983,0,553,9106,50,8603,56983,575,575,575,50
2381,36,216,6,1,0,0x16,23,11,10,26,14.667,23.000,8.333,4,9,220,220,56430,56983,57033,,603,,50,,,,,,50
2382,36,216,6,1,0,0x16,35,12,10,29,19.000,35.000,16.000,9,16,220,220,56430,57033,57083,,653,,50,,,,,,50
2383,36,216,6,1,0,0x16,38,12,10,31,20.000,38.000,18.000,16,18,220,220,56430,57083,57133,,703,,50,,,,,,50
2384,36,216,6,1,0,0x16,45,12,11,34,22.667,45.000,22.333,18,23,220,220,56430,57133,57183,,753,,50,,,,,,50
2385,36,216,6,1,0,0x16,52,13,12,37,25.667,52.000,26.333,23,27,220,220,56430,57183,57233,,803,,50,,,,,,50
2386,36,216,6,1,0,0x16,59,13,12,40,28.000,59.000,31.000,27,31,220,220,56430,57233,57283,,853,,50,,,,,,50
2387,36,216,6,1,0,0x16,67,14,12,42,31.000,67.000,36.000,31,36,220,220,56430,57283,57333,,903,,50,,,,,,50
2388,37,217,1,1,0,0x11,9,7,0,3,5.333,0.000,-5.333,-6,-5,220,220,57580,58383,58433,,853,,50,,,,,,50
2389,37,217,1,1,0,0x11,9,7,0,0,5.333,0.000,-5.333,-5,-5,220,220,57580,58433,58483,,903,,50,,,,,,50
2390,37,217,1,1,0,0x11,8,6,0,0,4.667,0.000,-4.667,-5,-4,220,220,57580,58483,58533,,953,,50,,,,,,50
2391,37,217,1,1,0,0x11,8,6,0,0,4.667,0.000,-4.667,-4,-4,220,220,57580,58533,58583,,1003,,50,,,,,,50
2392,37,217,1,1,0,0x11,7,6,0,0,4.333,0.000,-4.333,-4,-4,220,220,57580,58583,58633,,1053,,50,,,,,,50
2393,37,218,2,1,0,0x12,8,0,4,0,4.000,0.000,-4.000,-4,-4,220,220,58655,58633,58733,,78,,100,,,,,,50
2394,37,218,2,1,0,0x12,8,0,5,0,4.333,0.000,-4.333,-4,-4,220,220,58655,58733,58783,,128,,50,,,,,,50
2395,37,218,2,1,0,0x12,9,0,5,0,4.667,0.000,-4.667,-4,-4,220,220,58655,58783,58833,,178,,50,,,,,,50
2396,37,218,2,1,0,0x12,9,0,5,1,4.667,0.000,-4.667,-4,-4,220,220,58655,58833,58883,,228,,50,,,,,,50
2397,37,218,2,1,0,0x12,10,0,6,3,5.333,0.000,-5.333,-4,-5,220,220,58655,58883,58933,,278,,50,,,,,,50
2398,37,218,2,1,0,0x12,10,0,7,6,5.667,0.000,-5.667,-5,-5,220,220,58655,58933,58983,,328,,50,,,,,,50
2399,37,218,2,1,0,0x12,10,0,7,9,5.667,0.000,-5.667,-5,-5,220,220,58655,58983,59033,,378,,50,,,,,,50
2400,37,218,2,1,0,0x12,15,0,8,12,7.667,0.000,-7.667,-5,-7,220,220,58655,59033,59083,,428,,50,,,,,,50
2401,37,218,2,1,0,0x12,11,0,8,15,6.333,0.000,-6.333,-7,-6,220,220,58655,59083,59133,,478,,50,,,,,,50
2402,37,218,2,1,0,0x12,12,0,8,18,6.667,0.000,-6.667,-6,-6,220,220,58655,59133,59183,,528,,50,,,,,,50
2403,37,218,2,1,0,0x12,12,7,9,20,9.333,7.000,-2.333,-6,-2,220,220,58655,59183,59233,,578,,50,,,,,,50
2404,37,218,2,1,1,0x32,12,13,9,23,11.333,13.000,1.667,-2,2,220,220,58655,59233,59283,0,628,6881,50,6303,59283,600,600,600,50
2405,37,218,2,1,0,0x12,13,20,9,25,14.000,20.000,6.000,2,6,220,220,58655,59283,59333,,678,,50,,,,,,50
2406,37,218,2,1,0,0x12,14,27,10,28,17.000,27.000,10.000,6,10,220,220,58655,59333,59383,,728,,50,,,,,,50
2407,37,218,2,1,0,0x12,14,34,10,30,19.333,34.000,14.667,10,15,220,220,58655,59383,59433,,778,,50,,,,,,50
2408,37,219,3,1,0,0x13,0,10,8,15,6.000,0.000,-6.000,-4,-6,220,220,59905,60483,60533,,628,,50,,,,,,50
2409,37,219,3,1,0,0x13,0,9,8,12,5.667,0.000,-5.667,-6,-5,220,220,59905,60533,60583,,678,,50,,,,,,50
2410,37,219,3,1,0,0x13,0,9,8,9,5.667,0.000,-5.667,-5,-5,220,220,59905,60583,60633,,728,,50,,,,,,50
2411,37,219,3,1,0,0x13,0,8,7,7,5.000,0.000,-5.000,-5,-5,220,220,59905,60633,60683,,778,,50,,,,,,50
2412,37,219,3,1,0,0x13,0,8,6,4,4.667,0.000,-4.667,-5,-4,220,220,59905,60683,60733,,828,,50,,,,,,50
2413,37,219,3,1,0,0x13,0,7,6,2,4.333,0.000,-4.333,-4,-4,220,220,59905,60733,60783,,878,,50,,,,,,50
2414,37,219,3,1,0,0x13,0,7,5,0,4.000,0.000,-4.000,-4,-4,220,220,59905,60783,60833,,928,,50,,,,,,50
2415,37,219,3,1,0,0x13,0,6,5,0,3.667,0.000,-3.667,-4,-3,220,220,59905,60833,60883,,978,,50,,,,,,50
2416,37,219,3,1,0,0x13,0,6,5,0,3.667,0.000,-3.667,-3,-3,220,220,59905,60883,60933,,1028,,50,,,,,,50
2417,37,219,3,1,0,0x13,0,5,5,0,3.333,0.000,-3.333,-3,-3,220,220,59905,60933,60983,,1078,,50,,,,,,50
2418,37,219,3,1,0,0x13,0,5,4,0,3.000,0.000,-3.000,-3,-3,220,220,59905,60983,61033,,1128,,50,,,,,,50
2419,37,219,3,1,0,0x13,0,5,4,0,3.000,0.000,-3.000,-3,-3,220,220,59905,61033,61083,,1178,,50,,,,,,50
2420,37,220,4,1,0,0x14,9,7,0,0,5.333,0.000,-5.333,-3,-5,220,220,61105,61083,61183,,78,,100,,,,,,50
2421,37,220,4,1,0,0x14,9,8,0,4,5.667,0.000,-5.667,-5,-5,220,220,61105,61183,61233,,128,,50,,,,,,50
2422,37,220,4,1,0,0x14,9,8,0,6,5.667,0.000,-5.667,-5,-5,220,220,61105,61233,61283,,178,,50,,,,,,50
2423,37,220,4,1,0,0x14,10,9,0,9,6.333,0.000,-6.333,-5,-6,220,220,61105,61283,61333,,228,,50,,,,,,50
2424,37,220,4,1,0,0x14,10,9,0,12,6.333,0.000,-6.333,-6,-6,220,220,61105,61333,61383,,278,,50,,,,,,50
2425,37,220,4,1,0,0x14,11,9,0,15,6.667,0.000,-6.667,-6,-6,220,220,61105,61383,61433,,328,,50,,,,,,50
2426,37,220,4,1,0,0x14,11,10,0,17,7.000,0.000,-7.000,-6,-7,220,220,61105,61433,61483,,378,,50,,,,,,50
2427,37,220,4,1,0,0x14,11,10,5,20,8.667,5.000,-3.667,-7,-3,220,220,61105,61483,61533,,428,,50,,,,,,50
2428,37,221,5,1,0,0x15,13,21,10,26,14.667,21.000,6.333,11,7,220,220,62155,62583,62633,,478,,50,,,,,,50
2429,37,221,5,1,0,0x15,12,14,10,23,12.000,14.000,2.000,7,2,220,220,62155,62633,62683,,528,,50,,,,,,50
2430,37,221,5,1,1,0x35,12,7,9,21,9.333,7.000,-2.333,2,-2,220,220,62155,62683,62733,0,578,3381,50,2853,62733,575,575,575,50
2431,37,221,5,1,0,0x15,12,0,9,18,7.000,0.000,-7.000,-2,-7,220,220,62155,62733,62783,,628,,50,,,,,,50
2432,37,221,5,1,0,0x15,11,0,9,16,6.667,0.000,-6.667,-7,-6,220,220,62155,62783,62833,,678,,50,,,,,,50
2433,37,221,5,1,0,0x15,11,0,8,13,6.333,0.000,-6.333,-6,-6,220,220,62155,62833,62883,,728,,50,,,,,,50
2434,37,221,5,1,0,0x15,10,0,8,10,6.000,0.000,-6.000,-6,-6,220,220,62155,62883,62933,,778,,50,,,,,,50
2435,37,221,5,1,0,0x15,10,0,7,7,5.667,0.000,-5.667,-6,-5,220,220,62155,62933,62983,,828,,50,,,,,,50
2436,37,221,5,1,0,0x15,10,0,7,4,5.667,0.000,-5.667,-5,-5,220,220,62155,62983,63033,,878,,50,,,,,,50
2437,37,221,5,1,0,0x15,13,0,6,2,6.333,0.000,-6.333,-5,-6,220,220,62155,63033,63083,,928,,50,,,,,,50
2438,37,221,5,1,0,0x15,9,0,6,0,5.000,0.000,-5.000,-6,-5,220,220,62155,63083,63133,,978,,50,,,,,,50
2439,37,221,5,1,0,0x15,8,0,5,0,4.333,0.000,-4.333,-5,-4,220,220,62155,63133,63183,,1028,,50,,,,,,50
2440,37,221,5,1,0,0x15,8,0,5,0,4.333,0.000,-4.333,-4,-4,220,220,62155,63183,63233,,1078,,50,,,,,,50
2441,37,221,5,1,0,0x15,7,0,4,0,3.667,0.000,-3.667,-4,-3,220,220,62155,63233,63283,,1128,,50,,,,,,50
2442,37,222,6,1,0,0x16,0,7,8,0,5.000,0.000,-5.000,-3,-5,220,220,63330,63283,63383,,53,,100,,,,,,50
2443,37,222,6,1,0,0x16,0,6,6,0,4.000,0.000,-4.000,-5,-4,220,220,63330,63383,63433,,103,,50,,,,,,50
2444,37,222,6,1,0,0x16,0,7,6,0,4.333,0.000,-4.333,-4,-4,220,220,63330,63433,63483,,153,,50,,,,,,50
2445,37,222,6,1,0,0x16,0,7,6,2,4.333,0.000,-4.333,-4,-4,220,220,63330,63483,63533,,203,,50,,,,,,50
2446,37,222,6,1,0,0x16,0,7,7,5,4.667,0.000,-4.667,-4,-4,220,220,63330,63533,63583,,253,,50,,,,,,50
2447,37,222,6,1,0,0x16,0,8,7,7,5.000,0.000,-5.000,-4,-5,220,220,63330,63583,63633,,303,,50,,,,,,50
2448,38,223,1,1,0,0x11,15,12,50,37,25.667,50.000,24.333,29,25,220,220,64480,64683,64733,,253,,50,,,,,,50
2449,38,223,1,1,0,0x11,14,12,42,34,22.667,42.000,19.333,25,20,220,220,64480,64733,64783,,303,,50,,,,,,50
2450,38,223,1,1,0,0x11,14,12,36,32,20.667,36.000,15.333,20,16,220,220,64480,64783,64833,,353,,50,,,,,,50
2451,38,223,1,1,0,0x11,13,11,28,29,17.333,28.000,10.667,16,11,220,220,64480,64833,64883,,403,,50,,,,,,50
2452,38,223,1,1,0,0x11,13,11,21,26,15.000,21.000,6.000,11,6,220,220,64480,64883,64933,,453,,50,,,,,,50
2453,38,223,1,1,0,0x11,13,10,14,24,12.333,14.000,1.667,6,2,220,220,64480,64933,64983,,503,,50,,,,,,50
2454,38,223,1,1,1,0x31,13,10,7,21,10.000,7.000,-3.000,2,-3,220,220,64480,64983,65033,0,553,1056,50,553,65033,575,575,575,50
2455,38,223,1,1,0,0x11,16,10,1,19,9.000,1.000,-8.000,-3,-8,220,220,64480,65033,65083,,603,,50,,,,,,50
2456,38,223,1,1,0,0x11,12,10,0,16,7.333,0.000,-7.333,-8,-7,220,220,64480,65083,65133,,653,,50,,,,,,50
2457,38,223,1,1,0,0x11,11,9,0,14,6.667,0.000,-6.667,-7,-6,220,220,64480,65133,65183,,703,,50,,,,,,50
2458,38,223,1,1,0,0x11,11,9,0,10,6.667,0.000,-6.667,-6,-6,220,220,64480,65183,65233,,753,,50,,,,,,50
2459,38,223,1,1,0,0x11,10,8,0,8,6.000,0.000,-6.000,-6,-6,220,220,64480,65233,65283,,803,,50,,,,,,50
2460,38,223,1,1,0,0x11,9,8,0,5,5.667,0.000,-5.667,-6,-5,220,220,64480,65283,65333,,853,,50,,,,,,50
2461,38,223,1,1,0,0x11,9,7,0,2,5.333,0.000,-5.333,-5,-5,220,220,64480,65333,65383,,903,,50,,,,,,50
2462,38,223,1,1,0,0x11,9,7,0,0,5.333,0.000,-5.333,-5,-5,220,220,64480,65383,65433,,953,,50,,,,,,50
2463,38,223,1,1,0,0x11,8,6,0,0,4.667,0.000,-4.667,-5,-4,220,220,64480,65433,65483,,1003,,50,,,,,,50
2464,38,223,1,1,0,0x11,7,6,0,0,4.333,0.000,-4.333,-4,-4,220,220,64480,65483,65533,,1053,,50,,,,,,50
2465,38,223,1,1,0,0x11,7,6,0,0,4.333,0.000,-4.333,-4,-4,220,220,64480,65533,47,,1103,,50,,,,,,50
2466,38,224,2,1,0,0x12,13,0,5,0,6.000,0.000,-6.000,-4,-6,220,220,94,47,147,,53,,100,,,,,,50
2467,38,224,2,1,0,0x12,9,0,4,0,4.333,0.000,-4.333,-6,-4,220,220,94,147,197,,103,,50,,,,,,50
2468,38,225,3,1,0,0x13,85,14,10,47,36.333,85.000,48.667,53,49,220,220,1244,1197,1297,,53,,100,,,,,,50
2469,38,225,3,1,0,0x13,81,16,12,47,36.333,81.000,44.667,49,45,220,220,1244,1297,1347,,103,,50,,,,,,50
2470,38,225,3,1,0,0x13,73,15,12,44,33.333,73.000,39.667,45,40,220,220,1244,1347,1397,,153,,50,,,,,,50
2471,38,225,3,1,0,0x13,65,14,12,41,30.333,65.000,34.667,40,35,220,220,1244,1397,1447,,203,,50,,,,,,50
2472,38,225,3,1,0,0x13,58,13,11,38,27.333,58.000,30.667,35,31,220,220,1244,1447,1497,,253,,50,,,,,,50
2473,38,225,3,1,0,0x13,54,13,11,36,26.000,54.000,28.000,31,28,220,220,1244,1497,1547,,303,,50,,,,,,50
2474,38,225,3,1,0,0x13,42,12,10,32,21.333,42.000,20.667,28,21,220,220,1244,1547,1597,,353,,50,,,,,,50
2475,38,225,3,1,0,0x13,34,12,10,30,18.667,34.000,15.333,21,16,220,220,1244,1597,1647,,403,,50,,,,,,50
2476,38,225,3,1,0,0x13,27,11,10,27,16.000,27.000,11.000,16,11,220,220,1244,1647,1697,,453,,50,,,,,,50
2477,38,225,3,1,0,0x13,20,11,9,25,13.333,20.000,6.667,11,7,220,220,1244,1697,1747,,503,,50,,,,,,50
2478,38,225,3,1,0,0x13,13,11,9,22,11.000,13.000,2.000,7,2,220,220,1244,1747,1797,,553,,50,,,,,,50
2479,38,225,3,1,1,0x33,6,10,8,20,8.000,6.000,-2.000,2,-2,220,220,1244,1797,1847,0,603,64292,50,63739,1847,600,600,600,50
2480,38,225,3,1,0,0x13,0,10,8,17,6.000,0.000,-6.000,-2,-6,220,220,1244,1847,1897,,653,,50,,,,,,50
2481,38,225,3,1,0,0x13,0,10,8,14,6.000,0.000,-6.000,-6,-6,220,220,1244,1897,1947,,703,,50,,,,,,50
2482,38,225,3,1,0,0x13,0,9,8,11,5.667,0.000,-5.667,-6,-5,220,220,1244,1947,1997,,753,,50,,,,,,50
2483,38,225,3,1,0,0x13,0,8,7,8,5.000,0.000,-5.000,-5,-5,220,220,1244,1997,2047,,803,,50,,,,,,50
2484,38,225,3,1,0,0x13,0,8,6,6,4.667,0.000,-4.667,-5,-4,220,220,1244,2047,2097,,853,,50,,,,,,50
2485,38,225,3,1,0,0x13,0,8,6,3,4.667,0.000,-4.667,-4,-4,220,220,1244,2097,2147,,903,,50,,,,,,50
2486,38,225,3,1,0,0x13,0,7,6,0,4.333,0.000,-4.333,-4,-4,220,220,1244,2147,2197,,953,,50,,,,,,50
2487,38,225,3,1,0,0x13,0,6,5,0,3.667,0.000,-3.667,-4,-3,220,220,1244,2197,2247,,1003,,50,,,,,,50
2488,38,226,4,1,0,0x14,15,13,66,43,31.333,66.000,34.667,30,35,220,220,2469,3297,3347,,878,,50,,,,,,50
2489,38,226,4,1,0,0x14,16,14,74,46,34.667,74.000,39.333,35,40,220,220,2469,3347,3397,,928,,50,,,,,,50
2490,38,226,4,1,0,0x14,16,14,81,48,37.000,81.000,44.000,40,44,220,220,2469,3397,3447,,978,,50,,,,,,50
2491,38,226,4,1,0,0x14,17,15,88,51,40.000,88.000,48.000,44,48,220,220,2469,3447,3497,,1028,,50,,,,,,50
2492,38,226,4,1,0,0x14,21,15,95,54,43.667,95.000,51.333,48,52,220,220,2469,3497,3547,,1078,,50,,,,,,50
2493,38,227,5,1,0,0x15,12,77,12,44,33.667,77.000,43.333,52,44,220,220,3594,3547,3647,,53,,100,,,,,,50
2494,38,227,5,1,0,0x15,15,72,14,45,33.667,72.000,38.333,44,39,220,220,3594,3647,3697,,103,,50,,,,,,50
2495,38,227,5,1,0,0x15,15,64,12,42,30.333,64.000,33.667,39,34,220,220,3594,3697,3747,,153,,50,,,,,,50
2496,38,227,5,1,0,0x15,15,55,12,39,27.333,55.000,27.667,34,28,220,220,3594,3747,3797,,203,,50,,,,,,50
2497,38,227,5,1,0,0x15,14,47,11,36,24.000,47.000,23.000,28,23,220,220,3594,3797,3847,,253,,50,,,,,,50
2498,38,227,5,1,0,0x15,14,39,11,33,21.333,39.000,17.667,23,18,220,220,3594,3847,3897,,303,,50,,,,,,50
2499,38,227,5,1,0,0x15,13,33,11,30,19.000,33.000,14.000,18,14,220,220,3594,3897,3947,,353,,50,,,,,,50
2500,38,227,5,1,0,0x15,13,26,10,27,16.333,26.000,9.667,14,10,220,220,3594,3947,3997,,403,,50,,,,,,50
2501,38,227,5,1,0,0x15,12,18,10,25,13.333,18.000,4.667,10,5,220,220,3594,3997,4047,,453,,50,,,,,,50
2502,38,227,5,1,0,0x15,12,12,9,22,11.000,12.000,1.000,5,1,220,220,3594,4047,4097,,503,,50,,,,,,50
2503,38,227,5,1,1,0x35,12,5,9,20,8.667,5.000,-3.667,1,-3,220,220,3594,4097,4147,0,553,61942,50,61439,4147,575,575,575,50
2504,38,227,5,1,0,0x15,11,0,8,17,6.333,0.000,-6.333,-3,-6,220,220,3594,4147,4197,,603,,50,,,,,,50
2505,38,227,5,1,0,0x15,11,0,8,15,6.333,0.000,-6.333,-6,-6,220,220,3594,4197,4247,,653,,50,,,,,,50
2506,38,227,5,1,0,0x15,10,0,8,12,6.000,0.000,-6.000,-6,-6,220,220,3594,4247,4297,,703,,50,,,,,,50
2507,38,227,5,1,0,0x15,10,0,7,8,5.667,0.000,-5.667,-6,-5,220,220,3594,4297,4347,,753,,50,,,,,,50
2508,38,228,6,1,0,0x16,39,11,11,32,20.333,39.000,18.667,15,19,220,220,4744,5397,5447,,703,,50,,,,,,50
2509,38,228,6,1,0,0x16,46,12,11,34,23.000,46.000,23.000,19,23,220,220,4744,5447,5497,,753,,50,,,,,,50
2510,38,228,6,1,0,0x16,53,14,12,37,26.333,53.000,26.667,23,27,220,220,4744,5497,5547,,803,,50,,,,,,50
2511,38,228,6,1,0,0x16,65,13,12,41,30.000,65.000,35.000,27,35,220,220,4744,5547,5597,,853,,50,,,,,,50
2512,38,228,6,1,0,0x16,68,14,12,43,31.333,68.000,36.667,35,37,220,220,4744,5597,5647,,903,,50,,,,,,50
2513,38,228,6,1,0,0x16,75,14,12,45,33.667,75.000,41.333,37,42,220,220,4744,5647,5697,,953,,50,,,,,,50
2514,38,228,6,1,0,0x16,83,14,13,48,36.667,83.000,46.333,42,47,220,220,4744,5697,5747,,1003,,50,,,,,,50
2515,38,228,6,1,0,0x16,89,15,13,50,39.000,89.000,50.000,47,50,220,220,4744,5747,5797,,1053,,50,,,,,,50
2516,39,229,1,1,0,0x11,17,15,86,51,39.333,86.000,46.667,50,47,220,220,5819,5797,5897,,78,,100,,,,,,50
2517,39,229,1,1,0,0x11,17,14,80,48,37.000,80.000,43.000,47,43,220,220,5819,5897,5947,,128,,50,,,,,,50
2518,39,229,1,1,0,0x11,16,14,72,45,34.000,72.000,38.000,43,38,220,220,5819,5947,5997,,178,,50,,,,,,50
2519,39,229,1,1,0,0x11,16,13,64,42,31.000,64.000,33.000,38,33,220,220,5819,5997,6047,,228,,50,,,,,,50
2520,39,229,1,1,0,0x11,15,13,57,40,28.333,57.000,28.667,33,29,220,220,5819,6047,6097,,278,,50,,,,,,50
2521,39,229,1,1,0,0x11,15,13,49,37,25.667,49.000,23.333,29,24,220,220,5819,6097,6147,,328,,50,,,,,,50
2522,39,229,1,1,0,0x11,14,12,42,35,22.667,42.000,19.333,24,20,220,220,5819,6147,6197,,378,,50,,,,,,50
2523,39,229,1,1,0,0x11,14,12,34,31,20.000,34.000,14.000,20,14,220,220,5819,6197,6247,,428,,50,,,,,,50
2524,39,229,1,1,0,0x11,14,11,27,29,17.333,27.000,9.667,14,10,220,220,5819,6247,6297,,478,,50,,,,,,50
2525,39,229,1,1,0,0x11,13,11,20,26,14.667,20.000,5.333,10,6,220,220,5819,6297,6347,,528,,50,,,,,,50
2526,39,229,1,1,0,0x11,13,10,13,23,12.000,13.000,1.000,6,1,220,220,5819,6347,6397,,578,,50,,,,,,50
2527,39,229,1,1,1,0x31,13,10,6,20,9.667,6.000,-3.667,1,-3,220,220,5819,6397,6447,0,628,59717,50,59139,6447,600,600,600,50
2528,39,230,2,1,0,0x12,16,7,8,20,10.333,7.000,-3.333,-6,-3,220,220,7069,7497,7547,,478,,50,,,,,,50
2529,39,230,2,1,1,0x32,13,14,9,23,12.000,14.000,2.000,-3,2,220,220,7069,7547,7597,0,528,58467,50,57989,7597,575,575,575,50
2530,39,230,2,1,0,0x12,13,20,9,25,14.000,20.000,6.000,2,6,220,220,7069,7597,7647,,578,,50,,,,,,50
2531,39,230,2,1,0,0x12,13,27,10,28,16.667,27.000,10.333,6,11,220,220,7069,7647,7697,,628,,50,,,,,,50
2532,39,230,2,1,0,0x12,14,35,10,31,19.667,35.000,15.333,11,16,220,220,7069,7697,7747,,678,,50,,,,,,50
2533,39,230,2,1,0,0x12,15,42,11,33,22.667,42.000,19.333,16,20,220,220,7069,7747,7797,,728,,50,,,,,,50
2534,39,230,2,1,0,0x12,15,49,11,36,25.000,49.000,24.000,20,24,220,220,7069,7797,7847,,778,,50,,,,,,50
2535,39,230,2,1,0,0x12,15,57,12,39,28.000,57.000,29.000,24,29,220,220,7069,7847,7897,,828,,50,,,,,,50
2536,39,230,2,1,0,0x12,15,65,12,41,30.667,65.000,34.333,29,35,220,220,7069,7897,7947,,878,,50,,,,,,50
2537,39,230,2,1,0,0x12,16,72,12,44,33.333,72.000,38.667,35,39,220,220,7069,7947,7997,,928,,50,,,,,,50
2538,39,230,2,1,0,0x12,16,80,13,47,36.333,80.000,43.667,39,44,220,220,7069,7997,8047,,978,,50,,,,,,50
2539,39,230,2,1,0,0x12,17,88,13,50,39.333,88.000,48.667,44,49,220,220,7069,8047,8097,,1028,,50,,,,,,50
2540,39,230,2,1,0,0x12,17,96,13,53,42.000,96.000,54.000,49,54,220,220,7069,8097,8147,,1078,,50,,,,,,50
2541,39,231,3,1,0,0x13,80,14,10,44,34.667,80.000,45.333,54,46,220,220,8194,8147,8247,,53,,100,,,,,,50
2542,39,231,3,1,0,0x13,77,16,12,45,35.000,77.000,42.000,46,42,220,220,8194,8247,8297,,103,,50,,,,,,50
2543,39,231,3,1,0,0x13,69,14,12,43,31.667,69.000,37.333,42,38,220,220,8194,8297,8347,,153,,50,,,,,,50
2544,39,231,3,1,0,0x13,61,14,12,40,29.000,61.000,32.000,38,32,220,220,8194,8347,8397,,203,,50,,,,,,50
2545,39,231,3,1,0,0x13,52,13,11,36,25.333,52.000,26.667,32,27,220,220,8194,8397,8447,,253,,50,,,,,,50
2546,39,231,3,1,0,0x13,45,12,11,33,22.667,45.000,22.333,27,23,220,220,8194,8447,8497,,303,,50,,,,,,50
2547,39,231,3,1,0,0x13,41,12,10,31,21.000,41.000,20.000,23,20,220,220,8194,8497,8547,,353,,50,,,,,,50
2548,39,232,4,1,0,0x14,10,8,0,9,6.000,0.000,-6.000,-5,-6,220,220,9344,9597,9647,,303,,50,,,,,,50
2549,39,232,4,1,0,0x14,10,9,0,12,6.333,0.000,-6.333,-6,-6,220,220,9344,9647,9697,,353,,50,,,,,,50
2550,39,232,4,1,0,0x14,11,9,0,14,6.667,0.000,-6.667,-6,-6,220,220,9344,9697,9747,,403,,50,,,,,,50
2551,39,232,4,1,0,0x14,11,10,0,17,7.000,0.000,-7.000,-6,-7,220,220,9344,9747,9797,,453,,50,,,,,,50
2552,39,232,4,1,0,0x14,12,10,5,20,9.000,5.000,-4.000,-7,-4,220,220,9344,9797,9847,,503,,50,,,,,,50
2553,39,232,4,1,0,0x14,12,11,11,22,11.333,11.000,-0.333,-4,0,220,220,9344,9847,9897,,553,,50,,,,,,50
2554,39,232,4,1,1,0x34,13,11,18,25,14.000,18.000,4.000,0,4,220,220,9344,9897,9947,0,603,56192,50,55639,9947,600,600,600,50
2555,39,232,4,1,0,0x14,13,11,25,28,16.333,25.000,8.667,4,9,220,220,9344,9947,9997,,653,,50,,,,,,50
2556,39,232,4,1,0,0x14,13,12,32,30,19.000,32.000,13.000,9,13,220,220,9344,9997,10047,,703,,50,,,,,,50
2557,39,232,4,1,0,0x14,14,12,39,33,21.667,39.000,17.333,13,18,220,220,9344,10047,10097,,753,,50,,,,,,50
2558,39,232,4,1,0,0x14,14,13,46,36,24.333,46.000,21.667,18,22,220,220,9344,10097,10147,,803,,50,,,,,,50
2559,39,232,4,1,0,0x14,15,13,54,39,27.333,54.000,26.667,22,27,220,220,9344,10147,10197,,853,,50,,,,,,50
2560,39,232,4,1,0,0x14,15,13,61,41,29.667,61.000,31.333,27,32,220,220,9344,10197,10247,,903,,50,,,,,,50
2561,39,232,4,1,0,0x14,16,14,69,44,33.000,69.000,36.000,32,36,220,220,9344,10247,10297,,953,,50,,,,,,50
2562,39,232,4,1,0,0x14,16,14,77,47,35.667,77.000,41.333,36,42,220,220,9344,10297,10347,,1003,,50,,,,,,50
2563,39,232,4,1,0,0x14,17,14,84,50,38.333,84.000,45.667,42,46,220,220,9344,10347,10397,,1053,,50,,,,,,50
2564,39,232,4,1,0,0x14,17,14,91,52,40.667,91.000,50.333,46,51,220,220,9344,10397,10447,,1103,,50,,,,,,50
2565,39,232,4,1,0,0x14,17,15,99,55,43.667,99.000,55.333,51,56,220,220,9344,10447,10497,,1153,,50,,,,,,50
2566,39,232,4,1,0,0x14,22,15,107,58,48.000,107.000,59.000,56,59,220,220,9344,10497,10547,,1203,,50,,,,,,50
2567,39,233,5,1,0,0x15,16,70,13,44,33.000,70.000,37.000,59,37,220,220,10569,10547,10647,,78,,100,,,,,,50
2568,39,234,6,1,0,0x16,0,6,5,0,3.667,0.000,-3.667,-3,-3,220,220,11619,11697,11747,,128,,50,,,,,,50
2569,39,234,6,1,0,0x16,0,6,6,0,4.000,0.000,-4.000,-3,-4,220,220,11619,11747,11797,,178,,50,,,,,,50
2570,39,234,6,1,0,0x16,0,7,6,2,4.333,0.000,-4.333,-4,-4,220,220,11619,11797,11847,,228,,50,,,,,,50
2571,39,234,6,1,0,0x16,0,8,7,5,5.000,0.000,-5.000,-4,-5,220,220,11619,11847,11897,,278,,50,,,,,,50
2572,39,234,6,1,0,0x16,0,8,7,8,5.000,0.000,-5.000,-5,-5,220,220,11619,11897,11947,,328,,50,,,,,,50
2573,39,234,6,1,0,0x16,0,8,8,11,5.333,0.000,-5.333,-5,-5,220,220,11619,11947,11997,,378,,50,,,,,,50
2574,39,234,6,1,0,0x16,0,9,7,14,5.333,0.000,-5.333,-5,-5,220,220,11619,11997,12047,,428,,50,,,,,,50
2575,39,234,6,1,0,0x16,0,9,8,16,5.667,0.000,-5.667,-5,-5,220,220,11619,12047,12097,,478,,50,,,,,,50
2576,39,234,6,1,0,0x16,6,9,9,19,8.000,6.000,-2.000,-5,-2,220,220,11619,12097,12147,,528,,50,,,,,,50
2577,39,234,6,1,1,0x36,13,10,9,22,10.667,13.000,2.333,-2,3,220,220,11619,12147,12197,0,578,53917,50,53389,12197,575,575,575,50
2578,39,234,6,1,0,0x16,20,10,9,25,13.000,20.000,7.000,3,7,220,220,11619,12197,12247,,628,,50,,,,,,50
2579,39,234,6,1,0,0x16,27,11,10,28,16.000,27.000,11.000,7,11,220,220,11619,12247,12297,,678,,50,,,,,,50
2580,39,234,6,1,0,0x16,35,11,10,30,18.667,35.000,16.333,11,17,220,220,11619,12297,12347,,728,,50,,,,,,50
2581,39,234,6,1,0,0x16,42,12,11,33,21.667,42.000,20.333,17,21,220,220,11619,12347,12397,,778,,50,,,,,,50
2582,39,234,6,1,0,0x16,50,12,11,36,24.333,50.000,25.667,21,26,220,220,11619,12397,12447,,828,,50,,,,,,50
2583,39,234,6,1,0,0x16,57,13,12,38,27.333,57.000,29.667,26,30,220,220,11619,12447,12497,,878,,50,,,,,,50
2584,39,234,6,1,0,0x16,69,13,12,42,31.333,69.000,37.667,30,38,220,220,11619,12497,12547,,928,,50,,,,,,50
2585,39,234,6,1,0,0x16,73,14,12,44,33.000,73.000,40.000,38,40,220,220,11619,12547,12597,,978,,50,,,,,,50
2586,39,234,6,1,0,0x16,80,14,13,47,35.667,80.000,44.333,40,45,220,220,11619,12597,12647,,1028,,50,,,,,,50
2587,39,234,6,1,0,0x16,87,14,13,49,38.000,87.000,49.000,45,49,220,220,11619,12647,12697,,1078,,50,,,,,,50
2588,40,235,1,1,0,0x11,8,6,0,0,4.667,0.000,-4.667,-5,-4,220,220,12794,13747,13797,,1003,,50,,,,,,50
2589,40,235,1,1,0,0x11,8,6,0,0,4.667,0.000,-4.667,-4,-4,220,220,12794,13797,13847,,1053,,50,,,,,,50
2590,40,235,1,1,0,0x11,7,5,0,0,4.000,0.000,-4.000,-4,-4,220,220,12794,13847,13897,,1103,,50,,,,,,50
2591,40,236,2,1,0,0x12,13,0,5,0,6.000,0.000,-6.000,-4,-6,220,220,13944,13897,13997,,53,,100,,,,,,50
2592,40,236,2,1,0,0x12,10,0,4,0,4.667,0.000,-4.667,-6,-4,220,220,13944,13997,14047,,103,,50,,,,,,50
2593,40,236,2,1,0,0x12,9,0,5,0,4.667,0.000,-4.667,-4,-4,220,220,13944,14047,14097,,153,,50,,,,,,50
2594,40,236,2,1,0,0x12,9,0,5,1,4.667,0.000,-4.667,-4,-4,220,220,13944,14097,14147,,203,,50,,,,,,50
2595,40,236,2,1,0,0x12,10,0,6,4,5.333,0.000,-5.333,-4,-5,220,220,13944,14147,14197,,253,,50,,,,,,50
2596,40,236,2,1,0,0x12,10,0,6,7,5.333,0.000,-5.333,-5,-5,220,220,13944,14197,14247,,303,,50,,,,,,50
2597,40,236,2,1,0,0x12,11,0,7,10,6.000,0.000,-6.000,-5,-6,220,220,13944,14247,14297,,353,,50,,,,,,50
2598,40,236,2,1,0,0x12,11,0,8,13,6.333,0.000,-6.333,-6,-6,220,220,13944,14297,14347,,403,,50,,,,,,50
2599,40,236,2,1,0,0x12,11,0,8,15,6.333,0.000,-6.333,-6,-6,220,220,13944,14347,14397,,453,,50,,,,,,50
2600,40,236,2,1,0,0x12,11,2,8,18,7.000,2.000,-5.000,-6,-5,220,220,13944,14397,14447,,503,,50,,,,,,50
2601,40,236,2,1,0,0x12,12,8,8,21,9.333,8.000,-1.333,-5,-1,220,220,13944,14447,14497,,553,,50,,,,,,50
2602,40,236,2,1,1,0x32,17,15,9,24,13.667,15.000,1.333,-1,2,220,220,13944,14497,14547,0,603,51592,50,51039,14547,600,600,600,50
2603,40,236,2,1,0,0x12,13,23,9,26,15.000,23.000,8.000,2,8,220,220,13944,14547,14597,,653,,50,,,,,,50
2604,40,236,2,1,0,0x12,14,30,10,29,18.000,30.000,12.000,8,12,220,220,13944,14597,14647,,703,,50,,,,,,50
2605,40,236,2,1,0,0x12,14,36,10,31,20.000,36.000,16.000,12,16,220,220,13944,14647,14697,,753,,50,,,,,,50
2606,40,236,2,1,0,0x12,14,44,11,34,23.000,44.000,21.000,16,21,220,220,13944,14697,14747,,803,,50,,,,,,50
2607,40,236,2,1,0,0x12,15,52,11,37,26.000,52.000,26.000,21,26,220,220,13944,14747,14797,,853,,50,,,,,,50
2608,40,237,3,1,0,0x13,0,9,7,8,5.333,0.000,-5.333,-5,-5,220,220,15169,15847,15897,,728,,50,,,,,,50
2609,40,237,3,1,0,0x13,0,8,7,6,5.000,0.000,-5.000,-5,-5,220,220,15169,15897,15947,,778,,50,,,,,,50
2610,40,237,3,1,0,0x13,0,8,6,3,4.667,0.000,-4.667,-5,-4,220,220,15169,15947,15997,,828,,50,,,,,,50
2611,40,237,3,1,0,0x13,0,7,5,0,4.000,0.000,-4.000,-4,-4,220,220,15169,15997,16047,,878,,50,,,,,,50
2612,40,237,3,1,0,0x13,0,7,5,0,4.000,0.000,-4.000,-4,-4,220,220,15169,16047,16097,,928,,50,,,,,,50
2613,40,237,3,1,0,0x13,0,6,5,0,3.667,0.000,-3.667,-4,-3,220,220,15169,16097,16147,,978,,50,,,,,,50
2614,40,237,3,1,0,0x13,0,5,5,0,3.333,0.000,-3.333,-3,-3,220,220,15169,16147,16197,,1028,,50,,,,,,50
2615,40,237,3,1,0,0x13,0,5,4,0,3.000,0.000,-3.000,-3,-3,220,220,15169,16197,16247,,1078,,50,,,,,,50
2616,40,238,4,1,0,0x14,10,10,0,0,6.667,0.000,-6.667,-3,-6,220,220,16294,16247,16347,,53,,100,,,,,,50
2617,40,238,4,1,0,0x14,8,8,0,0,5.333,0.000,-5.333,-6,-5,220,220,16294,16347,16397,,103,,50,,,,,,50
2618,40,238,4,1,0,0x14,9,8,0,2,5.667,0.000,-5.667,-5,-5,220,220,16294,16397,16447,,153,,50,,,,,,50
2619,40,238,4,1,0,0x14,9,8,0,5,5.667,0.000,-5.667,-5,-5,220,220,16294,16447,16497,,203,,50,,,,,,50
2620,40,238,4,1,0,0x14,14,8,0,8,7.333,0.000,-7.333,-5,-7,220,220,16294,16497,16547,,253,,50,,,,,,50
2621,40,238,4,1,0,0x14,10,8,0,11,6.000,0.000,-6.000,-7,-6,220,220,16294,16547,16597,,303,,50,,,,,,50
2622,40,238,4,1,0,0x14,10,9,0,13,6.333,0.000,-6.333,-6,-6,220,220,16294,16597,16647,,353,,50,,,,,,50
2623,40,238,4,1,0,0x14,11,10,0,16,7.000,0.000,-7.000,-6,-7,220,220,16294,16647,16697,,403,,50,,,,,,50
2624,40,238,4,1,0,0x14,11,10,2,19,7.667,2.000,-5.667,-7,-5,220,220,16294,16697,16747,,453,,50,,,,,,50
2625,40,238,4,1,0,0x14,12,11,9,22,10.667,9.000,-1.667,-5,-1,220,220,16294,16747,16797,,503,,50,,,,,,50
2626,40,238,4,1,1,0x34,12,11,16,24,13.000,16.000,3.000,-1,3,220,220,16294,16797,16847,0,553,49242,50,48739,16847,575,575,575,50
2627,40,238,4,1,0,0x14,13,12,23,27,16.000,23.000,7.000,3,7,220,220,16294,16847,16897,,603,,50,,,,,,50
2628,40,239,5,1,1,0x35,12,7,9,20,9.333,7.000,-2.333,2,-2,220,220,17444,17947,17997,0,553,48092,50,47589,17997,575,575,575,50
2629,40,239,5,1,0,0x15,11,0,9,18,6.667,0.000,-6.667,-2,-6,220,220,17444,17997,18047,,603,,50,,,,,,50
2630,40,239,5,1,0,0x15,11,0,8,15,6.333,0.000,-6.333,-6,-6,220,220,17444,18047,18097,,653,,50,,,,,,50
2631,40,239,5,1,0,0x15,11,0,8,13,6.333,0.000,-6.333,-6,-6,220,220,17444,18097,18147,,703,,50,,,,,,50
2632,40,239,5,1,0,0x15,10,0,7,10,5.667,0.000,-5.667,-6,-5,220,220,17444,18147,18197,,753,,50,,,,,,50
2633,40,239,5,1,0,0x15,10,0,7,7,5.667,0.000,-5.667,-5,-5,220,220,17444,18197,18247,,803,,50,,,,,,50
2634,40,239,5,1,0,0x15,10,0,7,4,5.667,0.000,-5.667,-5,-5,220,220,17444,18247,18297,,853,,50,,,,,,50
2635,40,239,5,1,0,0x15,9,0,6,1,5.000,0.000,-5.000,-5,-5,220,220,17444,18297,18347,,903,,50,,,,,,50
2636,40,239,5,1,0,0x15,8,0,5,0,4.333,0.000,-4.333,-5,-4,220,220,17444,18347,18397,,953,,50,,,,,,50
2637,40,239,5,1,0,0x15,8,0,5,0,4.333,0.000,-4.333,-4,-4,220,220,17444,18397,18447,,1003,,50,,,,,,50
2638,40,239,5,1,0,0x15,7,0,4,0,3.667,0.000,-3.667,-4,-3,220,220,17444,18447,18497,,1053,,50,,,,,,50
2639,40,239,5,1,0,0x15,11,0,4,0,5.000,0.000,-5.000,-3,-5,220,220,17444,18497,18547,,1103,,50,,,,,,50
2640,40,240,6,1,0,0x16,0,8,8,0,5.333,0.000,-5.333,-5,-5,220,220,18594,18547,18647,,53,,100,,,,,,50
2641,40,240,6,1,0,0x16,0,5,6,0,3.667,0.000,-3.667,-5,-3,220,220,18594,18647,18697,,103,,50,,,,,,50
2642,40,240,6,1,0,0x16,0,6,6,0,4.000,0.000,-4.000,-3,-4,220,220,18594,18697,18747,,153,,50,,,,,,50
2643,40,240,6,1,0,0x16,0,7,6,3,4.333,0.000,-4.333,-4,-4,220,220,18594,18747,18797,,203,,50,,,,,,50
2644,40,240,6,1,0,0x16,0,8,6,5,4.667,0.000,-4.667,-4,-4,220,220,18594,18797,18847,,253,,50,,,,,,50
2645,40,240,6,1,0,0x16,0,8,7,8,5.000,0.000,-5.000,-4,-5,220,220,18594,18847,18897,,303,,50,,,,,,50
2646,40,240,6,1,0,0x16,0,9,8,11,5.667,0.000,-5.667,-5,-5,220,220,18594,18897,18947,,353,,50,,,,,,50
2647,40,240,6,1,0,0x16,0,9,8,14,5.667,0.000,-5.667,-5,-5,220,220,18594,18947,18997,,403,,50,,,,,,50
2648,41,241,1,1,0,0x11,14,12,34,31,20.000,34.000,14.000,18,14,220,220,19744,20047,20097,,353,,50,,,,,,50
2649,41,241,1,1,0,0x11,13,11,27,28,17.000,27.000,10.000,14,10,220,220,19744,20097,20147,,403,,50,,,,,,50
2650,41,241,1,1,0,0x11,13,11,20,26,14.667,20.000,5.333,10,6,220,220,19744,20147,20197,,453,,50,,,,,,50
2651,41,241,1,1,0,0x11,13,10,13,23,12.000,13.000,1.000,6,1,220,220,19744,20197,20247,,503,,50,,,,,,50
2652,41,241,1,1,1,0x31,12,10,6,20,9.333,6.000,-3.333,1,-3,220,220,19744,20247,20297,0,553,45792,50,45289,20297,575,575,575,50
2653,41,241,1,1,0,0x11,12,10,0,18,7.333,0.000,-7.333,-3,-7,220,220,19744,20297,20347,,603,,50,,,,,,50
2654,41,241,1,1,0,0x11,12,9,0,15,7.000,0.000,-7.000,-7,-7,220,220,19744,20347,20397,,653,,50,,,,,,50
2655,41,241,1,1,0,0x11,11,9,0,13,6.667,0.000,-6.667,-7,-6,220,220,19744,20397,20447,,703,,50,,,,,,50
2656,41,241,1,1,0,0x11,10,8,0,10,6.000,0.000,-6.000,-6,-6,220,220,19744,20447,20497,,753,,50,,,,,,50
2657,41,241,1,1,0,0x11,14,8,0,7,7.333,0.000,-7.333,-6,-7,220,220,19744,20497,20547,,803,,50,,,,,,50
2658,41,241,1,1,0,0x11,10,8,0,4,6.000,0.000,-6.000,-7,-6,220,220,19744,20547,20597,,853,,50,,,,,,50
2659,41,241,1,1,0,0x11,9,7,0,1,5.333,0.000,-5.333,-6,-5,220,220,19744,20597,20647,,903,,50,,,,,,50
2660,41,241,1,1,0,0x11,9,6,0,0,5.000,0.000,-5.000,-5,-5,220,220,19744,20647,20697,,953,,50,,,,,,50
2661,41,241,1,1,0,0x11,8,6,0,0,4.667,0.000,-4.667,-5,-4,220,220,19744,20697,20747,,1003,,50,,,,,,50
2662,41,241,1,1,0,0x11,7,5,0,0,4.000,0.000,-4.000,-4,-4,220,220,19744,20747,20797,,1053,,50,,,,,,50
2663,41,241,1,1,0,0x11,7,5,0,0,4.000,0.000,-4.000,-4,-4,220,220,19744,20797,20847,,1103,,50,,,,,,50
2664,41,242,2,1,0,0x12,13,0,5,0,6.000,0.000,-6.000,-4,-6,220,220,20894,20847,20947,,53,,100,,,,,,50
2665,41,242,2,1,0,0x12,9,0,4,0,4.333,0.000,-4.333,-6,-4,220,220,20894,20947,20997,,103,,50,,,,,,50
2666,41,242,2,1,0,0x12,9,0,5,0,4.667,0.000,-4.667,-4,-4,220,220,20894,20997,21047,,153,,50,,,,,,50
2667,41,242,2,1,0,0x12,10,0,6,3,5.333,0.000,-5.333,-4,-5,220,220,20894,21047,21097,,203,,50,,,,,,50
2668,41,243,3,1,0,0x13,75,15,12,44,34.000,75.000,41.000,46,41,220,220,22044,22147,22197,,153,,50,,,,,,50
2669,41,243,3,1,0,0x13,67,14,12,42,31.000,67.000,36.000,41,36,220,220,22044,22197,22247,,203,,50,,,,,,50
2670,41,243,3,1,0,0x13,59,14,12,39,28.333,59.000,30.667,36,31,220,220,22044,22247,22297,,253,,50,,,,,,50
2671,41,243,3,1,0,0x13,51,13,11,36,25.000,51.000,26.000,31,26,220,220,22044,22297,22347,,303,,50,,,,,,50
2672,41,243,3,1,0,0x13,43,12,10,33,21.667,43.000,21.333,26,22,220,220,22044,22347,22397,,353,,50,,,,,,50
2673,41,243,3,1,0,0x13,36,12,10,30,19.333,36.000,16.667,22,17,220,220,22044,22397,22447,,403,,50,,,,,,50
2674,41,243,3,1,0,0x13,28,12,10,27,16.667,28.000,11.333,17,12,220,220,22044,22447,22497,,453,,50,,,,,,50
2675,41,243,3,1,0,0x13,25,11,10,25,15.333,25.000,9.667,12,10,220,220,22044,22497,22547,,503,,50,,,,,,50
2676,41,243,3,1,0,0x13,14,10,9,22,11.000,14.000,3.000,10,3,220,220,22044,22547,22597,,553,,50,,,,,,50
2677,41,243,3,1,1,0x33,6,10,8,19,8.000,6.000,-2.000,3,-2,220,220,22044,22597,22647,0,603,43492,50,42939,22647,600,600,600,50
2678,41,243,3,1,0,0x13,0,9,8,16,5.667,0.000,-5.667,-2,-5,220,220,22044,22647,22697,,653,,50,,,,,,50
2679,41,243,3,1,0,0x13,0,10,7,13,5.667,0.000,-5.667,-5,-5,220,220,22044,22697,22747,,703,,50,,,,,,50
2680,41,243,3,1,0,0x13,0,9,7,11,5.333,0.000,-5.333,-5,-5,220,220,22044,22747,22797,,753,,50,,,,,,50
2681,41,243,3,1,0,0x13,0,8,7,8,5.000,0.000,-5.000,-5,-5,220,220,22044,22797,22847,,803,,50,,,,,,50
2682,41,243,3,1,0,0x13,0,8,7,5,5.000,0.000,-5.000,-5,-5,220,220,22044,22847,22897,,853,,50,,,,,,50
2683,41,243,3,1,0,0x13,0,8,6,3,4.667,0.000,-4.667,-5,-4,220,220,22044,22897,22947,,903,,50,,,,,,50
2684,41,243,3,1,0,0x13,0,7,5,0,4.000,0.000,-4.000,-4,-4,220,220,22044,22947,22997,,953,,50,,,,,,50
2685,41,243,3,1,0,0x13,0,6,5,0,3.667,0.000,-3.667,-4,-3,220,220,22044,22997,23047,,1003,,50,,,,,,50
2686,41,243,3,1,0,0x13,0,6,5,0,3.667,0.000,-3.667,-3,-3,220,220,22044,23047,23097,,1053,,50,,,,,,50
2687,41,243,3,1,0,0x13,0,5,4,0,3.000,0.000,-3.000,-3,-3,220,220,22044,23097,23147,,1103,,50,,,,,,50
2688,41,244,4,1,0,0x14,16,14,80,48,36.667,80.000,43.333,38,44,220,220,23269,24197,24247,,978,,50,,,,,,50
2689,41,244,4,1,0,0x14,16,14,88,51,39.333,88.000,48.667,44,49,220,220,23269,24247,24297,,1028,,50,,,,,,50
2690,41,244,4,1,0,0x14,17,15,96,54,42.667,96.000,53.333,49,54,220,220,23269,24297,24347,,1078,,50,,,,,,50
2691,41,245,5,1,0,0x15,12,77,13,45,34.000,77.000,43.000,54,43,220,220,24394,24347,24447,,53,,100,,,,,,50
2692,41,245,5,1,0,0x15,16,72,14,45,34.000,72.000,38.000,43,38,220,220,24394,24447,24497,,103,,50,,,,,,50
2693,41,245,5,1,0,0x15,19,64,13,42,32.000,64.000,32.000,38,32,220,220,24394,24497,24547,,153,,50,,,,,,50
2694,41,245,5,1,0,0x15,15,55,12,39,27.333,55.000,27.667,32,28,220,220,24394,24547,24597,,203,,50,,,,,,50
2695,41,245,5,1,0,0x15,14,47,11,36,24.000,47.000,23.000,28,23,220,220,24394,24597,24647,,253,,50,,,,,,50
2696,41,245,5,1,0,0x15,14,40,11,33,21.667,40.000,18.333,23,19,220,220,24394,24647,24697,,303,,50,,,,,,50
2697,41,245,5,1,0,0x15,14,32,10,30,18.667,32.000,13.333,19,14,220,220,24394,24697,24747,,353,,50,,,,,,50
2698,41,245,5,1,0,0x15,13,25,10,27,16.000,25.000,9.000,14,9,220,220,24394,24747,24797,,403,,50,,,,,,50
2699,41,245,5,1,0,0x15,13,18,10,24,13.667,18.000,4.333,9,5,220,220,24394,24797,24847,,453,,50,,,,,,50
2700,41,245,5,1,0,0x15,12,11,9,22,10.667,11.000,0.333,5,1,220,220,24394,24847,24897,,503,,50,,,,,,50
2701,41,245,5,1,1,0x35,12,4,9,19,8.333,4.000,-4.333,1,-4,220,220,24394,24897,24947,0,553,41142,50,40639,24947,575,575,575,50
2702,41,245,5,1,0,0x15,11,0,9,17,6.667,0.000,-6.667,-4,-6,220,220,24394,24947,24997,,603,,50,,,,,,50
2703,41,245,5,1,0,0x15,11,0,8,14,6.333,0.000,-6.333,-6,-6,220,220,24394,24997,25047,,653,,50,,,,,,50
2704,41,245,5,1,0,0x15,10,0,7,11,5.667,0.000,-5.667,-6,-5,220,220,24394,25047,25097,,703,,50,,,,,,50
2705,41,245,5,1,0,0x15,10,0,7,9,5.667,0.000,-5.667,-5,-5,220,220,24394,25097,25147,,753,,50,,,,,,50
2706,41,245,5,1,0,0x15,9,0,7,5,5.333,0.000,-5.333,-5,-5,220,220,24394,25147,25197,,803,,50,,,,,,50
2707,41,245,5,1,0,0x15,9,0,6,3,5.000,0.000,-5.000,-5,-5,220,220,24394,25197,25247,,853,,50,,,,,,50
2708,41,246,6,1,0,0x16,52,13,11,37,25.333,52.000,26.667,22,27,220,220,25544,26297,26347,,803,,50,,,,,,50
2709,41,246,6,1,0,0x16,59,13,12,39,28.000,59.000,31.000,27,31,220,220,25544,26347,26397,,853,,50,,,,,,50
2710,41,246,6,1,0,0x16,67,13,12,42,30.667,67.000,36.333,31,37,220,220,25544,26397,26447,,903,,50,,,,,,50
2711,41,246,6,1,0,0x16,74,13,12,45,33.000,74.000,41.000,37,41,220,220,25544,26447,26497,,953,,50,,,,,,50
2712,41,246,6,1,0,0x16,85,14,13,47,37.333,85.000,47.667,41,48,220,220,25544,26497,26547,,1003,,50,,,,,,50
2713,41,246,6,1,0,0x16,88,15,13,50,38.667,88.000,49.333,48,50,220,220,25544,26547,26597,,1053,,50,,,,,,50
2714,41,246,6,1,0,0x16,95,15,13,53,41.000,95.000,54.000,50,54,220,220,25544,26597,26647,,1103,,50,,,,,,50
2715,42,247,1,1,0,0x11,15,10,80,46,35.000,80.000,45.000,54,45,220,220,26694,26647,26747,,53,,100,,,,,,50
2716,42,247,1,1,0,0x11,18,13,74,47,35.000,74.000,39.000,45,39,220,220,26694,26747,26797,,103,,50,,,,,,50
2717,42,247,1,1,0,0x11,17,13,66,43,32.000,66.000,34.000,39,34,220,220,26694,26797,26847,,153,,50,,,,,,50
2718,42,247,1,1,0,0x11,16,13,58,40,29.000,58.000,29.000,34,29,220,220,26694,26847,26897,,203,,50,,,,,,50
2719,42,247,1,1,0,0x11,15,13,50,37,26.000,50.000,24.000,29,24,220,220,26694,26897,26947,,253,,50,,,,,,50
2720,42,247,1,1,0,0x11,15,12,42,34,23.000,42.000,19.000,24,19,220,220,26694,26947,26997,,303,,50,,,,,,50
2721,42,247,1,1,0,0x11,15,12,35,31,20.667,35.000,14.333,19,15,220,220,26694,26997,27047,,353,,50,,,,,,50
2722,42,247,1,1,0,0x11,14,12,28,29,18.000,28.000,10.000,15,10,220,220,26694,27047,27097,,403,,50,,,,,,50
2723,42,247,1,1,0,0x11,13,11,20,25,14.667,20.000,5.333,10,6,220,220,26694,27097,27147,,453,,50,,,,,,50
2724,42,247,1,1,0,0x11,13,10,13,23,12.000,13.000,1.000,6,1,220,220,26694,27147,27197,,503,,50,,,,,,50
2725,42,247,1,1,1,0x31,12,10,6,21,9.333,6.000,-3.333,1,-3,220,220,26694,27197,27247,0,553,38842,50,38339,27247,575,575,575,50
2726,42,247,1,1,0,0x11,12,9,0,18,7.000,0.000,-7.000,-3,-7,220,220,26694,27247,27297,,603,,50,,,,,,50
2727,42,247,1,1,0,0x11,12,9,0,15,7.000,0.000,-7.000,-7,-7,220,220,26694,27297,27347,,653,,50,,,,,,50
2728,42,248,2,1,1,0x32,13,19,9,24,13.667,19.000,5.333,0,6,220,220,27844,28397,28447,0,603,37692,50,37139,28447,600,600,600,50
2729,42,248,2,1,0,0x12,14,26,9,28,16.333,26.000,9.667,6,10,220,220,27844,28447,28497,,653,,50,,,,,,50
2730,42,248,2,1,0,0x12,12,33,10,30,18.333,33.000,14.667,10,15,220,220,27844,28497,28547,,703,,50,,,,,,50
2731,42,248,2,1,0,0x12,19,40,11,33,23.333,40.000,16.667,15,17,220,220,27844,28547,28597,,753,,50,,,,,,50
2732,42,248,2,1,0,0x12,15,48,11,35,24.667,48.000,23.333,17,24,220,220,27844,28597,28647,,803,,50,,,,,,50
2733,42,248,2,1,0,0x12,15,56,12,38,27.667,56.000,28.333,24,29,220,220,27844,28647,28697,,853,,50,,,,,,50
2734,42,248,2,1,0,0x12,16,64,12,41,30.667,64.000,33.333,29,34,220,220,27844,28697,28747,,903,,50,,,,,,50
2735,42,248,2,1,0,0x12,16,71,12,44,33.000,71.000,38.000,34,38,220,220,27844,28747,28797,,953,,50,,,,,,50
2736,42,248,2,1,0,0x12,17,79,13,47,36.333,79.000,42.667,38,43,220,220,27844,28797,28847,,1003,,50,,,,,,50
2737,42,248,2,1,0,0x12,16,87,13,50,38.667,87.000,48.333,43,49,220,220,27844,28847,28897,,1053,,50,,,,,,50
2738,42,248,2,1,0,0x12,17,96,14,53,42.333,96.000,53.667,49,54,220,220,27844,28897,28947,,1103,,50,,,,,,50
2739,42,248,2,1,0,0x12,17,104,14,55,45.000,104.000,59.000,54,59,220,220,27844,28947,28997,,1153,,50,,,,,,50
2740,42,248,2,1,0,0x12,17,112,15,59,48.000,112.000,64.000,59,64,220,220,27844,28997,29047,,1203,,50,,,,,,50
2741,42,249,3,1,0,0x13,71,14,12,43,32.333,71.000,38.667,64,39,220,220,29069,29047,29147,,78,,100,,,,,,50
2742,42,249,3,1,0,0x13,63,14,12,40,29.667,63.000,33.333,39,34,220,220,29069,29147,29197,,128,,50,,,,,,50
2743,42,249,3,1,0,0x13,55,13,11,37,26.333,55.000,28.667,34,29,220,220,29069,29197,29247,,178,,50,,,,,,50
2744,42,249,3,1,0,0x13,48,12,11,34,23.667,48.000,24.333,29,25,220,220,29069,29247,29297,,228,,50,,,,,,50
2745,42,249,3,1,0,0x13,39,12,10,32,20.333,39.000,18.667,25,19,220,220,29069,29297,29347,,278,,50,,,,,,50
2746,42,249,3,1,0,0x13,32,12,10,29,18.000,32.000,14.000,19,14,220,220,29069,29347,29397,,328,,50,,,,,,50
2747,42,249,3,1,0,0x13,25,11,9,26,15.000,25.000,10.000,14,10,220,220,29069,29397,29447,,378,,50,,,,,,50
2748,42,250,4,1,0,0x14,15,9,0,13,8.000,0.000,-8.000,-6,-8,220,220,30194,30497,30547,,353,,50,,,,,,50
2749,42,250,4,1,0,0x14,11,9,0,16,6.667,0.000,-6.667,-8,-6,220,220,30194,30547,30597,,403,,50,,,,,,50
2750,42,250,4,1,0,0x14,11,10,1,18,7.333,1.000,-6.333,-6,-6,220,220,30194,30597,30647,,453,,50,,,,,,50
2751,42,250,4,1,0,0x14,12,10,8,21,10.000,8.000,-2.000,-6,-2,220,220,30194,30647,30697,,503,,50,,,,,,50
2752,42,250,4,1,1,0x34,12,11,14,24,12.333,14.000,1.667,-2,2,220,220,30194,30697,30747,0,553,35342,50,34839,30747,575,575,575,50
2753,42,250,4,1,0,0x14,12,11,22,26,15.000,22.000,7.000,2,7,220,220,30194,30747,30797,,603,,50,,,,,,50
2754,42,250,4,1,0,0x14,13,11,29,29,17.667,29.000,11.333,7,12,220,220,30194,30797,30847,,653,,50,,,,,,50
2755,42,250,4,1,0,0x14,14,12,36,32,20.667,36.000,15.333,12,16,220,220,30194,30847,30897,,703,,50,,,,,,50
2756,42,250,4,1,0,0x14,14,12,43,34,23.000,43.000,20.000,16,20,220,220,30194,30897,30947,,753,,50,,,,,,50
2757,42,250,4,1,0,0x14,14,13,51,37,26.000,51.000,25.000,20,25,220,220,30194,30947,30997,,803,,50,,,,,,50
2758,42,250,4,1,0,0x14,15,13,58,40,28.667,58.000,29.333,25,30,220,220,30194,30997,31047,,853,,50,,,,,,50
2759,42,250,4,1,0,0x14,15,14,66,43,31.667,66.000,34.333,30,35,220,220,30194,31047,31097,,903,,50,,,,,,50
2760,42,250,4,1,0,0x14,16,14,73,46,34.333,73.000,38.667,35,39,220,220,30194,31097,31147,,953,,50,,,,,,50
2761,42,250,4,1,0,0x14,16,14,81,49,37.000,81.000,44.000,39,44,220,220,30194,31147,31197,,1003,,50,,,,,,50
2762,42,250,4,1,0,0x14,16,14,89,51,39.667,89.000,49.333,44,50,220,220,30194,31197,31247,,1053,,50,,,,,,50
2763,42,250,4,1,0,0x14,17,15,96,54,42.667,96.000,53.333,50,54,220,220,30194,31247,31297,,1103,,50,,,,,,50
2764,42,251,5,1,0,0x15,12,78,13,45,34.333,78.000,43.667,54,44,220,220,31344,31297,31397,,53,,100,,,,,,50
2765,42,251,5,1,0,0x15,16,73,14,45,34.333,73.000,38.667,44,39,220,220,31344,31397,31447,,103,,50,,,,,,50
2766,42,251,5,1,0,0x15,15,65,13,42,31.000,65.000,34.000,39,34,220,220,31344,31447,31497,,153,,50,,,,,,50
2767,42,251,5,1,0,0x15,19,56,12,40,29.000,56.000,27.000,34,27,220,220,31344,31497,31547,,203,,50,,,,,,50
2768,42,252,6,1,0,0x16,0,6,6,1,4.000,0.000,-4.000,-4,-4,220,220,32494,32597,32647,,153,,50,,,,,,50
2769,42,252,6,1,0,0x16,0,8,6,4,4.667,0.000,-4.667,-4,-4,220,220,32494,32647,32697,,203,,50,,,,,,50
2770,42,252,6,1,0,0x16,0,8,7,7,5.000,0.000,-5.000,-4,-5,220,220,32494,32697,32747,,253,,50,,,,,,50
2771,42,252,6,1,0,0x16,0,8,7,10,5.000,0.000,-5.000,-5,-5,220,220,32494,32747,32797,,303,,50,,,,,,50
2772,42,252,6,1,0,0x16,0,9,8,13,5.667,0.000,-5.667,-5,-5,220,220,32494,32797,32847,,353,,50,,,,,,50
2773,42,252,6,1,0,0x16,0,9,8,15,5.667,0.000,-5.667,-5,-5,220,220,32494,32847,32897,,403,,50,,,,,,50
2774,42,252,6,1,0,0x16,3,10,9,18,7.333,3.000,-4.333,-5,-4,220,220,32494,32897,32947,,453,,50,,,,,,50
2775,42,252,6,1,1,0x36,10,10,9,21,9.667,10.000,0.333,-4,1,220,220,32494,32947,32997,0,503,33042,50,32589,32997,550,550,550,50
2776,42,252,6,1,0,0x16,17,10,9,23,12.000,17.000,5.000,1,5,220,220,32494,32997,33047,,553,,50,,,,,,50
2777,42,252,6,1,0,0x16,24,10,10,26,14.667,24.000,9.333,5,10,220,220,32494,33047,33097,,603,,50,,,,,,50
2778,42,252,6,1,0,0x16,32,12,10,29,18.000,32.000,14.000,10,14,220,220,32494,33097,33147,,653,,50,,,,,,50
2779,42,252,6,1,0,0x16,39,12,10,32,20.333,39.000,18.667,14,19,220,220,32494,33147,33197,,703,,50,,,,,,50
2780,42,252,6,1,0,0x16,47,12,11,35,23.333,47.000,23.667,19,24,220,220,32494,33197,33247,,753,,50,,,,,,50
2781,42,252,6,1,0,0x16,54,12,12,37,26.000,54.000,28.000,24,28,220,220,32494,33247,33297,,803,,50,,,,,,50
2782,42,252,6,1,0,0x16,61,13,12,40,28.667,61.000,32.333,28,33,220,220,32494,33297,33347,,853,,50,,,,,,50
2783,42,252,6,1,0,0x16,69,13,12,43,31.333,69.000,37.667,33,38,220,220,32494,33347,33397,,903,,50,,,,,,50
2784,42,252,6,1,0,0x16,76,14,13,45,34.333,76.000,41.667,38,42,220,220,32494,33397,33447,,953,,50,,,,,,50
2785,42,252,6,1,0,0x16,83,15,13,48,37.000,83.000,46.000,42,46,220,220,32494,33447,33497,,1003,,50,,,,,,50
2786,42,252,6,1,0,0x16,95,15,13,51,41.000,95.000,54.000,46,54,220,220,32494,33497,33547,,1053,,50,,,,,,50
2787,43,253,1,1,0,0x11,17,15,85,50,39.000,85.000,46.000,54,46,220,220,33569,33547,33647,,78,,100,,,,,,50
2788,43,253,1,1,0,0x11,8,6,0,0,4.667,0.000,-4.667,-4,-4,220,220,33569,34647,34697,,1128,,50,,,,,,50
2789,43,253,1,1,0,0x11,7,5,0,0,4.000,0.000,-4.000,-4,-4,220,220,33569,34697,34747,,1178,,50,,,,,,50
2790,43,253,1,1,0,0x11,6,5,0,0,3.667,0.000,-3.667,-4,-3,220,220,33569,34747,34797,,1228,,50,,,,,,50
2791,43,254,2,1,0,0x12,9,0,5,0,4.667,0.000,-4.667,-3,-4,220,220,34819,34797,34897,,78,,100,,,,,,50
2792,43,254,2,1,0,0x12,9,0,6,0,5.000,0.000,-5.000,-4,-5,220,220,34819,34897,34947,,128,,50,,,,,,50
2793,43,254,2,1,0,0x12,9,0,6,2,5.000,0.000,-5.000,-5,-5,220,220,34819,34947,34997,,178,,50,,,,,,50
2794,43,254,2,1,0,0x12,10,0,6,4,5.333,0.000,-5.333,-5,-5,220,220,34819,34997,35047,,228,,50,,,,,,50
2795,43,254,2,1,0,0x12,10,0,7,8,5.667,0.000,-5.667,-5,-5,220,220,34819,35047,35097,,278,,50,,,,,,50
2796,43,254,2,1,0,0x12,10,0,8,11,6.000,0.000,-6.000,-5,-6,220,220,34819,35097,35147,,328,,50,,,,,,50
2797,43,254,2,1,0,0x12,11,0,8,14,6.333,0.000,-6.333,-6,-6,220,220,34819,35147,35197,,378,,50,,,,,,50
2798,43,254,2,1,0,0x12,11,0,8,16,6.333,0.000,-6.333,-6,-6,220,220,34819,35197,35247,,428,,50,,,,,,50
2799,43,254,2,1,0,0x12,12,4,9,19,8.333,4.000,-4.333,-6,-4,220,220,34819,35247,35297,,478,,50,,,,,,50
2800,43,254,2,1,0,0x12,13,11,9,22,11.000,11.000,0.000,-4,0,220,220,34819,35297,35347,,528,,50,,,,,,50
2801,43,254,2,1,1,0x32,13,18,9,24,13.333,18.000,4.667,0,5,220,220,34819,35347,35397,0,578,30717,50,30189,35397,600,600,600,50
2802,43,254,2,1,0,0x12,13,26,10,27,16.333,26.000,9.667,5,10,220,220,34819,35397,35447,,628,,50,,,,,,50
2803,43,254,2,1,0,0x12,14,33,10,30,19.000,33.000,14.000,10,14,220,220,34819,35447,35497,,678,,50,,,,,,50
2804,43,254,2,1,0,0x12,19,40,11,33,23.333,40.000,16.667,14,17,220,220,34819,35497,35547,,728,,50,,,,,,50
2805,43,254,2,1,0,0x12,15,48,11,35,24.667,48.000,23.333,17,24,220,220,34819,35547,35597,,778,,50,,,,,,50
2806,43,254,2,1,0,0x12,15,55,11,38,27.000,55.000,28.000,24,28,220,220,34819,35597,35647,,828,,50,,,,,,50
2807,43,254,2,1,0,0x12,16,62,12,41,30.000,62.000,32.000,28,32,220,220,34819,35647,35697,,878,,50,,,,,,50
2808,43,255,3,1,0,0x13,0,8,6,4,4.667,0.000,-4.667,-5,-4,220,220,36019,36747,36797,,778,,50,,,,,,50
2809,43,255,3,1,0,0x13,0,7,6,2,4.333,0.000,-4.333,-4,-4,220,220,36019,36797,36847,,828,,50,,,,,,50
2810,43,255,3,1,0,0x13,0,7,6,0,4.333,0.000,-4.333,-4,-4,220,220,36019,36847,36897,,878,,50,,,,,,50
2811,43,255,3,1,0,0x13,0,7,5,0,4.000,0.000,-4.000,-4,-4,220,220,36019,36897,36947,,928,,50,,,,,,50
2812,43,255,3,1,0,0x13,0,6,5,0,3.667,0.000,-3.667,-4,-3,220,220,36019,36947,36997,,978,,50,,,,,,50
2813,43,255,3,1,0,0x13,0,4,4,0,2.667,0.000,-2.667,-3,-2,220,220,36019,36997,37047,,1028,,50,,,,,,50
2814,43,255,3,1,0,0x13,0,5,4,0,3.000,0.000,-3.000,-2,-3,220,220,36019,37047,37097,,1078,,50,,,,,,50
2815,43,255,3,1,0,0x13,0,4,4,0,2.667,0.000,-2.667,-3,-2,220,220,36019,37097,37147,,1128,,50,,,,,,50
2816,43,255,3,1,0,0x13,0,4,3,0,2.333,0.000,-2.333,-2,-2,220,220,36019,37147,37197,,1178,,50,,,,,,50
2817,43,256,4,1,0,0x14,9,8,0,3,5.667,0.000,-5.667,-2,-5,220,220,37219,37197,37297,,78,,100,,,,,,50
2818,43,256,4,1,0,0x14,9,8,0,6,5.667,0.000,-5.667,-5,-5,220,220,37219,37297,37347,,128,,50,,,,,,50
2819,43,256,4,1,0,0x14,10,9,0,9,6.333,0.000,-6.333,-5,-6,220,220,37219,37347,37397,,178,,50,,,,,,50
2820,43,256,4,1,0,0x14,10,9,0,12,6.333,0.000,-6.333,-6,-6,220,220,37219,37397,37447,,228,,50,,,,,,50
2821,43,256,4,1,0,0x14,11,10,0,14,7.000,0.000,-7.000,-6,-7,220,220,37219,37447,37497,,278,,50,,,,,,50
2822,43,256,4,1,0,0x14,15,10,0,18,8.333,0.000,-8.333,-7,-8,220,220,37219,37497,37547,,328,,50,,,,,,50
2823,43,256,4,1,0,0x14,11,10,4,20,8.333,4.000,-4.333,-8,-4,220,220,37219,37547,37597,,378,,50,,,,,,50
2824,43,256,4,1,0,0x14,12,11,11,22,11.333,11.000,-0.333,-4,0,220,220,37219,37597,37647,,428,,50,,,,,,50
2825,43,256,4,1,1,0x34,13,11,18,25,14.000,18.000,4.000,0,4,220,220,37219,37647,37697,0,478,28317,50,27889,37697,550,550,550,50
2826,43,256,4,1,0,0x14,13,11,25,27,16.333,25.000,8.667,4,9,220,220,37219,37697,37747,,528,,50,,,,,,50
2827,43,256,4,1,0,0x14,13,12,32,30,19.000,32.000,13.000,9,13,220,220,37219,37747,37797,,578,,50,,,,,,50
2828,43,257,5,1,0,0x15,11,0,9,17,6.667,0.000,-6.667,-3,-6,220,220,38269,38847,38897,,628,,50,,,,,,50
2829,43,257,5,1,0,0x15,11,0,8,14,6.333,0.000,-6.333,-6,-6,220,220,38269,38897,38947,,678,,50,,,,,,50
2830,43,257,5,1,0,0x15,10,0,8,12,6.000,0.000,-6.000,-6,-6,220,220,38269,38947,38997,,728,,50,,,,,,50
2831,43,257,5,1,0,0x15,10,0,7,8,5.667,0.000,-5.667,-6,-5,220,220,38269,38997,39047,,778,,50,,,,,,50
2832,43,257,5,1,0,0x15,10,0,7,5,5.667,0.000,-5.667,-5,-5,220,220,38269,39047,39097,,828,,50,,,,,,50
2833,43,257,5,1,0,0x15,9,0,6,3,5.000,0.000,-5.000,-5,-5,220,220,38269,39097,39147,,878,,50,,,,,,50
2834,43,257,5,1,0,0x15,9,0,6,0,5.000,0.000,-5.000,-5,-5,220,220,38269,39147,39197,,928,,50,,,,,,50
2835,43,257,5,1,0,0x15,8,0,5,0,4.333,0.000,-4.333,-5,-4,220,220,38269,39197,39247,,978,,50,,,,,,50
2836,43,257,5,1,0,0x15,8,0,5,0,4.333,0.000,-4.333,-4,-4,220,220,38269,39247,39297,,1028,,50,,,,,,50
2837,43,257,5,1,0,0x15,7,0,4,0,3.667,0.000,-3.667,-4,-3,220,220,38269,39297,39347,,1078,,50,,,,,,50
2838,43,257,5,1,0,0x15,7,0,4,0,3.667,0.000,-3.667,-3,-3,220,220,38269,39347,39397,,1128,,50,,,,,,50
2839,43,258,6,1,0,0x16,0,8,9,0,5.667,0.000,-5.667,-3,-5,220,220,39444,39397,39497,,53,,100,,,,,,50
2840,43,258,6,1,0,0x16,0,6,6,0,4.000,0.000,-4.000,-5,-4,220,220,39444,39497,39547,,103,,50,,,,,,50
2841,43,258,6,1,0,0x16,0,7,6,2,4.333,0.000,-4.333,-4,-4,220,220,39444,39547,39597,,153,,50,,,,,,50
2842,43,258,6,1,0,0x16,0,8,7,4,5.000,0.000,-5.000,-4,-5,220,220,39444,39597,39647,,203,,50,,,,,,50
2843,43,258,6,1,0,0x16,0,8,7,7,5.000,0.000,-5.000,-5,-5,220,220,39444,39647,39697,,253,,50,,,,,,50
2844,43,258,6,1,0,0x16,0,9,8,10,5.667,0.000,-5.667,-5,-5,220,220,39444,39697,39747,,303,,50,,,,,,50
2845,43,258,6,1,0,0x16,0,8,8,13,5.333,0.000,-5.333,-5,-5,220,220,39444,39747,39797,,353,,50,,,,,,50
2846,43,258,6,1,0,0x16,0,9,8,16,5.667,0.000,-5.667,-5,-5,220,220,39444,39797,39847,,403,,50,,,,,,50
2847,43,258,6,1,0,0x16,3,10,8,19,7.000,3.000,-4.000,-5,-4,220,220,39444,39847,39897,,453,,50,,,,,,50
2848,44,259,1,1,0,0x11,13,11,23,27,15.667,23.000,7.333,12,8,220,220,40519,40947,40997,,478,,50,,,,,,50
2849,44,259,1,1,0,0x11,13,10,16,24,13.000,16.000,3.000,8,3,220,220,40519,40997,41047,,528,,50,,,,,,50
2850,44,259,1,1,1,0x31,13,10,8,22,10.333,8.000,-2.333,3,-2,220,220,40519,41047,41097,0,578,25017,50,24489,41097,575,575,575,50
2851,44,259,1,1,0,0x11,12,10,1,19,7.667,1.000,-6.667,-2,-6,220,220,40519,41097,41147,,628,,50,,,,,,50
2852,44,259,1,1,0,0x11,12,9,0,16,7.000,0.000,-7.000,-6,-7,220,220,40519,41147,41197,,678,,50,,,,,,50
2853,44,259,1,1,0,0x11,11,9,0,14,6.667,0.000,-6.667,-7,-6,220,220,40519,41197,41247,,728,,50,,,,,,50
2854,44,259,1,1,0,0x11,11,9,0,11,6.667,0.000,-6.667,-6,-6,220,220,40519,41247,41297,,778,,50,,,,,,50
2855,44,259,1,1,0,0x11,10,8,0,8,6.000,0.000,-6.000,-6,-6,220,220,40519,41297,41347,,828,,50,,,,,,50
2856,44,259,1,1,0,0x11,10,7,0,5,5.667,0.000,-5.667,-6,-5,220,220,40519,41347,41397,,878,,50,,,,,,50
2857,44,259,1,1,0,0x11,9,7,0,2,5.333,0.000,-5.333,-5,-5,220,220,40519,41397,41447,,928,,50,,,,,,50
2858,44,259,1,1,0,0x11,9,6,0,0,5.000,0.000,-5.000,-5,-5,220,220,40519,41447,41497,,978,,50,,,,,,50
2859,44,259,1,1,0,0x11,13,6,0,0,6.333,0.000,-6.333,-5,-6,220,220,40519,41497,41547,,1028,,50,,,,,,50
2860,44,259,1,1,0,0x11,7,6,0,0,4.333,0.000,-4.333,-6,-4,220,220,40519,41547,41597,,1078,,50,,,,,,50
2861,44,259,1,1,0,0x11,7,6,0,0,4.333,0.000,-4.333,-4,-4,220,220,40519,41597,41647,,1128,,50,,,,,,50
2862,44,260,2,1,0,0x12,12,0,5,0,5.667,0.000,-5.667,-4,-5,220,220,41694,41647,41747,,53,,100,,,,,,50
2863,44,260,2,1,0,0x12,9,0,4,0,4.333,0.000,-4.333,-5,-4,220,220,41694,41747,41797,,103,,50,,,,,,50
2864,44,260,2,1,0,0x12,10,0,5,0,5.000,0.000,-5.000,-4,-5,220,220,41694,41797,41847,,153,,50,,,,,,50
2865,44,260,2,1,0,0x12,9,0,6,2,5.000,0.000,-5.000,-5,-5,220,220,41694,41847,41897,,203,,50,,,,,,50
2866,44,260,2,1,0,0x12,10,0,6,4,5.333,0.000,-5.333,-5,-5,220,220,41694,41897,41947,,253,,50,,,,,,50
2867,44,260,2,1,0,0x12,10,0,7,6,5.667,0.000,-5.667,-5,-5,220,220,41694,41947,41997,,303,,50,,,,,,50
2868,44,261,3,1,0,0x13,63,13,12,40,29.333,63.000,33.667,40,34,220,220,42919,43047,43097,,178,,50,,,,,,50
2869,44,261,3,1,0,0x13,55,13,11,37,26.333,55.000,28.667,34,29,220,220,42919,43097,43147,,228,,50,,,,,,50
2870,44,261,3,1,0,0x13,47,13,10,34,23.333,47.000,23.667,29,24,220,220,42919,43147,43197,,278,,50,,,,,,50
2871,44,261,3,1,0,0x13,39,12,11,31,20.667,39.000,18.333,24,19,220,220,42919,43197,43247,,328,,50,,,,,,50
2872,44,261,3,1,0,0x13,31,12,10,29,17.667,31.000,13.333,19,14,220,220,42919,43247,43297,,378,,50,,,,,,50
2873,44,261,3,1,0,0x13,24,12,10,26,15.333,24.000,8.667,14,9,220,220,42919,43297,43347,,428,,50,,,,,,50
2874,44,261,3,1,0,0x13,16,11,9,23,12.000,16.000,4.000,9,4,220,220,42919,43347,43397,,478,,50,,,,,,50
2875,44,261,3,1,0,0x13,9,11,9,20,9.667,9.000,-0.667,4,0,220,220,42919,43397,43447,,528,,50,,,,,,50
2876,44,261,3,1,1,0x33,1,10,8,18,6.333,1.000,-5.333,0,-5,220,220,42919,43447,43497,0,578,22617,50,22089,43497,600,600,600,50
2877,44,261,3,1,0,0x13,0,10,8,15,6.000,0.000,-6.000,-5,-6,220,220,42919,43497,43547,,628,,50,,,,,,50
2878,44,261,3,1,0,0x13,0,10,7,12,5.667,0.000,-5.667,-6,-5,220,220,42919,43547,43597,,678,,50,,,,,,50
2879,44,261,3,1,0,0x13,0,9,7,9,5.333,0.000,-5.333,-5,-5,220,220,42919,43597,43647,,728,,50,,,,,,50
2880,44,261,3,1,0,0x13,0,8,7,6,5.000,0.000,-5.000,-5,-5,220,220,42919,43647,43697,,778,,50,,,,,,50
2881,44,261,3,1,0,0x13,0,8,6,3,4.667,0.000,-4.667,-5,-4,220,220,42919,43697,43747,,828,,50,,,,,,50
2882,44,261,3,1,0,0x13,0,7,6,1,4.333,0.000,-4.333,-4,-4,220,220,42919,43747,43797,,878,,50,,,,,,50
2883,44,261,3,1,0,0x13,0,6,5,0,3.667,0.000,-3.667,-4,-3,220,220,42919,43797,43847,,928,,50,,,,,,50
2884,44,261,3,1,0,0x13,0,6,5,0,3.667,0.000,-3.667,-3,-3,220,220,42919,43847,43897,,978,,50,,,,,,50
2885,44,261,3,1,0,0x13,0,5,4,0,3.000,0.000,-3.000,-3,-3,220,220,42919,43897,43947,,1028,,50,,,,,,50
2886,44,261,3,1,0,0x13,0,5,4,0,3.000,0.000,-3.000,-3,-3,220,220,42919,43947,43997,,1078,,50,,,,,,50
2887,44,261,3,1,0,0x13,0,5,4,0,3.000,0.000,-3.000,-3,-3,220,220,42919,43997,44047,,1128,,50,,,,,,50
2888,44,262,4,1,0,0x14,17,15,96,54,42.667,96.000,53.333,48,54,220,220,44119,45097,45147,,1028,,50,,,,,,50
2889,44,262,4,1,0,0x14,17,15,104,57,45.333,104.000,58.667,54,59,220,220,44119,45147,45197,,1078,,50,,,,,,50
2890,44,263,5,1,0,0x15,11,71,12,42,31.333,71.000,39.667,59,40,220,220,45244,45197,45297,,53,,100,,,,,,50
2891,44,263,5,1,0,0x15,15,66,14,43,31.667,66.000,34.333,40,35,220,220,45244,45297,45347,,103,,50,,,,,,50
2892,44,263,5,1,0,0x15,15,58,12,40,28.333,58.000,29.667,35,30,220,220,45244,45347,45397,,153,,50,,,,,,50
2893,44,263,5,1,0,0x15,15,49,12,37,25.333,49.000,23.667,30,24,220,220,45244,45397,45447,,203,,50,,,,,,50
2894,44,263,5,1,0,0x15,14,41,11,33,22.000,41.000,19.000,24,19,220,220,45244,45447,45497,,253,,50,,,,,,50
2895,44,263,5,1,0,0x15,18,34,11,31,21.000,34.000,13.000,19,13,220,220,45244,45497,45547,,303,,50,,,,,,50
2896,44,263,5,1,0,0x15,13,27,10,28,16.667,27.000,10.333,13,11,220,220,45244,45547,45597,,353,,50,,,,,,50
2897,44,263,5,1,0,0x15,13,20,10,25,14.333,20.000,5.667,11,6,220,220,45244,45597,45647,,403,,50,,,,,,50
2898,44,263,5,1,0,0x15,12,13,10,23,11.667,13.000,1.333,6,2,220,220,45244,45647,45697,,453,,50,,,,,,50
2899,44,263,5,1,1,0x35,12,6,9,20,9.000,6.000,-3.000,2,-3,220,220,45244,45697,45747,0,503,20292,50,19839,45747,550,550,550,50
2900,44,263,5,1,0,0x15,12,0,9,18,7.000,0.000,-7.000,-3,-7,220,220,45244,45747,45797,,553,,50,,,,,,50
2901,44,263,5,1,0,0x15,11,0,8,15,6.333,0.000,-6.333,-7,-6,220,220,45244,45797,45847,,603,,50,,,,,,50
2902,44,263,5,1,0,0x15,11,0,8,12,6.333,0.000,-6.333,-6,-6,220,220,45244,45847,45897,,653,,50,,,,,,50
2903,44,263,5,1,0,0x15,10,0,8,9,6.000,0.000,-6.000,-6,-6,220,220,45244,45897,45947,,703,,50,,,,,,50
2904,44,263,5,1,0,0x15,10,0,7,7,5.667,0.000,-5.667,-6,-5,220,220,45244,45947,45997,,753,,50,,,,,,50
2905,44,263,5,1,0,0x15,9,0,7,4,5.333,0.000,-5.333,-5,-5,220,220,45244,45997,46047,,803,,50,,,,,,50
2906,44,263,5,1,0,0x15,9,0,6,1,5.000,0.000,-5.000,-5,-5,220,220,45244,46047,46097,,853,,50,,,,,,50
2907,44,263,5,1,0,0x15,9,0,5,0,4.667,0.000,-4.667,-5,-4,220,220,45244,46097,46147,,903,,50,,,,,,50
2908,44,264,6,1,0,0x16,66,14,12,41,30.667,66.000,35.333,31,36,220,220,46319,47197,47247,,928,,50,,,,,,50
2909,44,264,6,1,0,0x16,73,13,13,44,33.000,73.000,40.000,36,40,220,220,46319,47247,47297,,978,,50,,,,,,50
2910,44,264,6,1,0,0x16,81,14,13,47,36.000,81.000,45.000,40,45,220,220,46319,47297,47347,,1028,,50,,,,,,50
2911,44,264,6,1,0,0x16,88,14,13,50,38.333,88.000,49.667,45,50,220,220,46319,47347,47397,,1078,,50,,,,,,50
2912,44,264,6,1,0,0x16,95,15,14,52,41.333,95.000,53.667,50,54,220,220,46319,47397,47447,,1128,,50,,,,,,50
2913,45,265,1,1,0,0x11,20,11,79,46,36.667,79.000,42.333,54,43,220,220,47494,47447,47547,,53,,100,,,,,,50
2914,45,265,1,1,0,0x11,18,13,73,47,34.667,73.000,38.333,43,39,220,220,47494,47547,47597,,103,,50,,,,,,50
2915,45,265,1,1,0,0x11,17,14,65,43,32.000,65.000,33.000,39,33,220,220,47494,47597,47647,,153,,50,,,,,,50
2916,45,265,1,1,0,0x11,16,13,57,40,28.667,57.000,28.333,33,29,220,220,47494,47647,47697,,203,,50,,,,,,50
2917,45,265,1,1,0,0x11,15,13,49,37,25.667,49.000,23.333,29,24,220,220,47494,47697,47747,,253,,50,,,,,,50
2918,45,265,1,1,0,0x11,14,12,41,34,22.333,41.000,18.667,24,19,220,220,47494,47747,47797,,303,,50,,,,,,50
2919,45,265,1,1,0,0x11,14,12,34,31,20.000,34.000,14.000,19,14,220,220,47494,47797,47847,,353,,50,,,,,,50
2920,45,265,1,1,0,0x11,14,11,26,28,17.000,26.000,9.000,14,9,220,220,47494,47847,47897,,403,,50,,,,,,50
2921,45,265,1,1,0,0x11,13,11,19,25,14.333,19.000,4.667,9,5,220,220,47494,47897,47947,,453,,50,,,,,,50
2922,45,265,1,1,0,0x11,13,10,13,23,12.000,13.000,1.000,5,1,220,220,47494,47947,47997,,503,,50,,,,,,50
2923,45,265,1,1,1,0x31,13,10,6,20,9.667,6.000,-3.667,1,-3,220,220,47494,47997,48047,0,553,18042,50,17539,48047,575,575,575,50
2924,45,265,1,1,0,0x11,12,10,0,18,7.333,0.000,-7.333,-3,-7,220,220,47494,48047,48097,,603,,50,,,,,,50
2925,45,265,1,1,0,0x11,12,9,0,15,7.000,0.000,-7.000,-7,-7,220,220,47494,48097,48147,,653,,50,,,,,,50
2926,45,265,1,1,0,0x11,11,9,0,12,6.667,0.000,-6.667,-7,-6,220,220,47494,48147,48197,,703,,50,,,,,,50
2927,45,265,1,1,0,0x11,10,8,0,10,6.000,0.000,-6.000,-6,-6,220,220,47494,48197,48247,,753,,50,,,,,,50
2928,45,266,2,1,0,0x12,14,34,10,30,19.333,34.000,14.667,11,15,220,220,48644,49297,49347,,703,,50,,,,,,50
2929,45,266,2,1,0,0x12,14,42,11,33,22.333,42.000,19.667,15,20,220,220,48644,49347,49397,,753,,50,,,,,,50
2930,45,266,2,1,0,0x12,15,50,11,36,25.333,50.000,24.667,20,25,220,220,48644,49397,49447,,803,,50,,,,,,50
2931,45,266,2,1,0,0x12,15,58,12,39,28.333,58.000,29.667,25,30,220,220,48644,49447,49497,,853,,50,,,,,,50
2932,45,266,2,1,0,0x12,20,66,12,42,32.667,66.000,33.333,30,34,220,220,48644,49497,49547,,903,,50,,,,,,50
2933,45,266,2,1,0,0x12,16,73,13,45,34.000,73.000,39.000,34,39,220,220,48644,49547,49597,,953,,50,,,,,,50
2934,45,266,2,1,0,0x12,16,82,13,48,37.000,82.000,45.000,39,45,220,220,48644,49597,49647,,1003,,50,,,,,,50
2935,45,266,2,1,0,0x12,17,89,13,51,39.667,89.000,49.333,45,50,220,220,48644,49647,49697,,1053,,50,,,,,,50
2936,45,266,2,1,0,0x12,17,97,14,53,42.667,97.000,54.333,50,55,220,220,48644,49697,49747,,1103,,50,,,,,,50
2937,45,267,3,1,0,0x13,83,14,10,46,35.667,83.000,47.333,55,48,220,220,49794,49747,49847,,53,,100,,,,,,50
2938,45,267,3,1,0,0x13,80,16,12,47,36.000,80.000,44.000,48,44,220,220,49794,49847,49897,,103,,50,,,,,,50
2939,45,267,3,1,0,0x13,72,15,12,44,33.000,72.000,39.000,44,39,220,220,49794,49897,49947,,153,,50,,,,,,50
2940,45,267,3,1,0,0x13,64,13,12,40,29.667,64.000,34.333,39,35,220,220,49794,49947,49997,,203,,50,,,,,,50
2941,45,267,3,1,0,0x13,55,13,11,37,26.333,55.000,28.667,35,29,220,220,49794,49997,50047,,253,,50,,,,,,50
2942,45,267,3,1,0,0x13,48,13,11,35,24.000,48.000,24.000,29,24,220,220,49794,50047,50097,,303,,50,,,,,,50
2943,45,267,3,1,0,0x13,40,12,10,32,20.667,40.000,19.333,24,20,220,220,49794,50097,50147,,353,,50,,,,,,50
2944,45,267,3,1,0,0x13,33,12,10,29,18.333,33.000,14.667,20,15,220,220,49794,50147,50197,,403,,50,,,,,,50
2945,45,267,3,1,0,0x13,26,11,10,26,15.667,26.000,10.333,15,11,220,220,49794,50197,50247,,453,,50,,,,,,50
2946,45,267,3,1,0,0x13,19,11,9,24,13.000,19.000,6.000,11,6,220,220,49794,50247,50297,,503,,50,,,,,,50
2947,45,267,3,1,0,0x13,12,11,9,22,10.667,12.000,1.333,6,2,220,220,49794,50297,50347,,553,,50,,,,,,50
2948,45,268,4,1,0,0x14,11,10,3,19,8.000,3.000,-5.000,-6,-5,220,220,51019,51397,51447,,428,,50,,,,,,50
2949,45,268,4,1,0,0x14,12,11,10,22,11.000,10.000,-1.000,-5,-1,220,220,51019,51447,51497,,478,,50,,,,,,50
2950,45,268,4,1,1,0x34,17,11,17,25,15.000,17.000,2.000,-1,2,220,220,51019,51497,51547,0,528,14517,50,14039,51547,575,575,575,50
2951,45,268,4,1,0,0x14,13,11,24,27,16.000,24.000,8.000,2,8,220,220,51019,51547,51597,,578,,50,,,,,,50
2952,45,268,4,1,0,0x14,13,12,31,30,18.667,31.000,12.333,8,13,220,220,51019,51597,51647,,628,,50,,,,,,50
2953,45,268,4,1,0,0x14,14,12,38,33,21.333,38.000,16.667,13,17,220,220,51019,51647,51697,,678,,50,,,,,,50
2954,45,268,4,1,0,0x14,14,13,46,35,24.333,46.000,21.667,17,22,220,220,51019,51697,51747,,728,,50,,,,,,50
2955,45,268,4,1,0,0x14,15,13,53,38,27.000,53.000,26.000,22,26,220,220,51019,51747,51797,,778,,50,,,,,,50
2956,45,268,4,1,0,0x14,15,13,61,41,29.667,61.000,31.333,26,32,220,220,51019,51797,51847,,828,,50,,,,,,50
2957,45,268,4,1,0,0x14,16,14,68,44,32.667,68.000,35.333,32,36,220,220,51019,51847,51897,,878,,50,,,,,,50
2958,45,268,4,1,0,0x14,16,14,75,46,35.000,75.000,40.000,36,40,220,220,51019,51897,51947,,928,,50,,,,,,50
2959,45,268,4,1,0,0x14,16,14,82,49,37.333,82.000,44.667,40,45,220,220,51019,51947,51997,,978,,50,,,,,,50
2960,45,268,4,1,0,0x14,17,14,90,52,40.333,90.000,49.667,45,50,220,220,51019,51997,52047,,1028,,50,,,,,,50
2961,45,268,4,1,0,0x14,17,15,97,54,43.000,97.000,54.000,50,54,220,220,51019,52047,52097,,1078,,50,,,,,,50
2962,45,269,5,1,0,0x15,12,75,13,44,33.333,75.000,41.667,54,42,220,220,52144,52097,52197,,53,,100,,,,,,50
2963,45,269,5,1,0,0x15,16,71,14,45,33.667,71.000,37.333,42,38,220,220,52144,52197,52247,,103,,50,,,,,,50
2964,45,269,5,1,0,0x15,15,62,13,41,30.000,62.000,32.000,38,32,220,220,52144,52247,52297,,153,,50,,,,,,50
2965,45,269,5,1,0,0x15,15,54,12,38,27.000,54.000,27.000,32,27,220,220,52144,52297,52347,,203,,50,,,,,,50
2966,45,269,5,1,0,0x15,14,45,11,35,23.333,45.000,21.667,27,22,220,220,52144,52347,52397,,253,,50,,,,,,50
2967,45,269,5,1,0,0x15,14,39,11,32,21.333,39.000,17.667,22,18,220,220,52144,52397,52447,,303,,50,,,,,,50
2968,45,270,6,1,0,0x16,0,8,7,9,5.000,0.000,-5.000,-5,-5,220,220,53294,53497,53547,,253,,50,,,,,,50
2969,45,270,6,1,0,0x16,0,8,8,11,5.333,0.000,-5.333,-5,-5,220,220,53294,53547,53597,,303,,50,,,,,,50
2970,45,270,6,1,0,0x16,0,9,8,14,5.667,0.000,-5.667,-5,-5,220,220,53294,53597,53647,,353,,50,,,,,,50
2971,45,270,6,1,0,0x16,0,9,8,16,5.667,0.000,-5.667,-5,-5,220,220,53294,53647,53697,,403,,50,,,,,,50
2972,45,270,6,1,0,0x16,5,9,8,19,7.333,5.000,-2.333,-5,-2,220,220,53294,53697,53747,,453,,50,,,,,,50
2973,45,270,6,1,1,0x36,12,10,9,22,10.333,12.000,1.667,-2,2,220,220,53294,53747,53797,0,503,12242,50,11789,53797,550,550,550,50
2974,45,270,6,1,0,0x16,19,11,10,24,13.333,19.000,5.667,2,6,220,220,53294,53797,53847,,553,,50,,,,,,50
2975,45,270,6,1,0,0x16,26,11,10,27,15.667,26.000,10.333,6,11,220,220,53294,53847,53897,,603,,50,,,,,,50
2976,45,270,6,1,0,0x16,33,11,11,30,18.333,33.000,14.667,11,15,220,220,53294,53897,53947,,653,,50,,,,,,50
2977,45,270,6,1,0,0x16,41,12,11,32,21.333,41.000,19.667,15,20,220,220,53294,53947,53997,,703,,50,,,,,,50
2978,45,270,6,1,0,0x16,48,12,11,35,23.667,48.000,24.333,20,25,220,220,53294,53997,54047,,753,,50,,,,,,50
2979,45,270,6,1,0,0x16,56,13,12,38,27.000,56.000,29.000,25,29,220,220,53294,54047,54097,,803,,50,,,,,,50
2980,45,270,6,1,0,0x16,63,13,12,40,29.333,63.000,33.667,29,34,220,220,53294,54097,54147,,853,,50,,,,,,50
2981,45,270,6,1,0,0x16,70,13,12,43,31.667,70.000,38.333,34,39,220,220,53294,54147,54197,,903,,50,,,,,,50
2982,45,270,6,1,0,0x16,77,14,13,46,34.667,77.000,42.333,39,43,220,220,53294,54197,54247,,953,,50,,,,,,50
2983,45,270,6,1,0,0x16,84,14,13,48,37.000,84.000,47.000,43,47,220,220,53294,54247,54297,,1003,,50,,,,,,50
2984,45,270,6,1,0,0x16,91,15,13,51,39.667,91.000,51.333,47,52,220,220,53294,54297,54347,,1053,,50,,,,,,50
2985,46,271,1,1,0,0x11,17,15,85,51,39.000,85.000,46.000,52,46,220,220,54369,54347,54447,,78,,100,,,,,,50
2986,46,271,1,1,0,0x11,17,14,78,48,36.333,78.000,41.667,46,42,220,220,54369,54447,54497,,128,,50,,,,,,50
2987,46,271,1,1,0,0x11,20,14,70,45,34.667,70.000,35.333,42,36,220,220,54369,54497,54547,,178,,50,,,,,,50
2988,46,271,1,1,0,0x11,6,5,0,0,3.667,0.000,-3.667,-5,-3,220,220,54369,55547,55597,,1228,,50,,,,,,50
2989,46,272,2,1,0,0x12,9,0,5,0,4.667,0.000,-4.667,-3,-4,220,220,55619,55597,55697,,78,,100,,,,,,50
2990,46,272,2,1,0,0x12,9,0,6,1,5.000,0.000,-5.000,-4,-5,220,220,55619,55697,55747,,128,,50,,,,,,50
2991,46,272,2,1,0,0x12,10,0,6,4,5.333,0.000,-5.333,-5,-5,220,220,55619,55747,55797,,178,,50,,,,,,50
2992,46,272,2,1,0,0x12,10,0,6,7,5.333,0.000,-5.333,-5,-5,220,220,55619,55797,55847,,228,,50,,,,,,50
2993,46,272,2,1,0,0x12,10,0,7,10,5.667,0.000,-5.667,-5,-5,220,220,55619,55847,55897,,278,,50,,,,,,50
2994,46,272,2,1,0,0x12,11,0,8,13,6.333,0.000,-6.333,-5,-6,220,220,55619,55897,55947,,328,,50,,,,,,50
2995,46,272,2,1,0,0x12,12,0,8,15,6.667,0.000,-6.667,-6,-6,220,220,55619,55947,55997,,378,,50,,,,,,50
2996,46,272,2,1,0,0x12,12,1,8,18,7.000,1.000,-6.000,-6,-6,220,220,55619,55997,56047,,428,,50,,,,,,50
2997,46,272,2,1,0,0x12,13,8,9,21,10.000,8.000,-2.000,-6,-2,220,220,55619,56047,56097,,478,,50,,,,,,50
2998,46,272,2,1,1,0x32,13,15,9,23,12.333,15.000,2.667,-2,3,220,220,55619,56097,56147,0,528,9917,50,9439,56147,575,575,575,50
2999,46,272,2,1,0,0x12,13,22,9,26,14.667,22.000,7.333,3,8,220,220,55619,56147,56197,,578,,50,,,,,,50
3000,46,272,2,1,0,0x12,14,29,10,29,17.667,29.000,11.333,8,12,220,220,55619,56197,56247,,628,,50,,,,,,50
3001,46,272,2,1,0,0x12,14,36,10,31,20.000,36.000,16.000,12,16,220,220,55619,56247,56297,,678,,50,,,,,,50
3002,46,272,2,1,0,0x12,15,44,11,34,23.333,44.000,20.667,16,21,220,220,55619,56297,56347,,728,,50,,,,,,50
3003,46,272,2,1,0,0x12,15,51,11,37,25.667,51.000,25.333,21,26,220,220,55619,56347,56397,,778,,50,,,,,,50
3004,46,272,2,1,0,0x12,15,58,12,40,28.333,58.000,29.667,26,30,220,220,55619,56397,56447,,828,,50,,,,,,50
3005,46,272,2,1,0,0x12,16,66,12,42,31.333,66.000,34.667,30,35,220,220,55619,56447,56497,,878,,50,,,,,,50
3006,46,272,2,1,0,0x12,20,74,12,46,35.333,74.000,38.667,35,39,220,220,55619,56497,56547,,928,,50,,,,,,50
3007,46,272,2,1,0,0x12,16,81,13,48,36.667,81.000,44.333,39,45,220,220,55619,56547,56597,,978,,50,,,,,,50
3008,46,273,3,1,0,0x13,0,7,5,0,4.000,0.000,-4.000,-4,-4,220,220,56744,57647,57697,,953,,50,,,,,,50
3009,46,273,3,1,0,0x13,0,6,5,0,3.667,0.000,-3.667,-4,-3,220,220,56744,57697,57747,,1003,,50,,,,,,50
3010,46,273,3,1,0,0x13,0,6,4,0,3.333,0.000,-3.333,-3,-3,220,220,56744,57747,57797,,1053,,50,,,,,,50
3011,46,273,3,1,0,0x13,0,5,4,0,3.000,0.000,-3.000,-3,-3,220,220,56744,57797,57847,,1103,,50,,,,,,50
3012,46,274,4,1,0,0x14,10,10,0,0,6.667,0.000,-6.667,-3,-6,220,220,57894,57847,57947,,53,,100,,,,,,50
3013,46,274,4,1,0,0x14,8,8,0,0,5.333,0.000,-5.333,-6,-5,220,220,57894,57947,57997,,103,,50,,,,,,50
3014,46,274,4,1,0,0x14,8,8,0,1,5.333,0.000,-5.333,-5,-5,220,220,57894,57997,58047,,153,,50,,,,,,50
3015,46,274,4,1,0,0x14,10,8,0,4,6.000,0.000,-6.000,-5,-6,220,220,57894,58047,58097,,203,,50,,,,,,50
3016,46,274,4,1,0,0x14,10,8,0,7,6.000,0.000,-6.000,-6,-6,220,220,57894,58097,58147,,253,,50,,,,,,50
3017,46,274,4,1,0,0x14,10,9,0,10,6.333,0.000,-6.333,-6,-6,220,220,57894,58147,58197,,303,,50,,,,,,50
3018,46,274,4,1,0,0x14,10,9,0,12,6.333,0.000,-6.333,-6,-6,220,220,57894,58197,58247,,353,,50,,,,,,50
3019,46,274,4,1,0,0x14,11,9,0,15,6.667,0.000,-6.667,-6,-6,220,220,57894,58247,58297,,403,,50,,,,,,50
3020,46,274,4,1,0,0x14,11,10,0,18,7.000,0.000,-7.000,-6,-7,220,220,57894,58297,58347,,453,,50,,,,,,50
3021,46,274,4,1,0,0x14,11,10,6,21,9.000,6.000,-3.000,-7,-3,220,220,57894,58347,58397,,503,,50,,,,,,50
3022,46,274,4,1,1,0x34,12,10,12,23,11.333,12.000,0.667,-3,1,220,220,57894,58397,58447,0,553,7642,50,7139,58447,575,575,575,50
3023,46,274,4,1,0,0x14,13,11,19,25,14.333,19.000,4.667,1,5,220,220,57894,58447,58497,,603,,50,,,,,,50
3024,46,274,4,1,0,0x14,17,12,27,28,18.667,27.000,8.333,5,9,220,220,57894,58497,58547,,653,,50,,,,,,50
3025,46,274,4,1,0,0x14,13,12,33,30,19.333,33.000,13.667,9,14,220,220,57894,58547,58597,,703,,50,,,,,,50
3026,46,274,4,1,0,0x14,14,12,40,33,22.000,40.000,18.000,14,18,220,220,57894,58597,58647,,753,,50,,,,,,50
3027,46,274,4,1,0,0x14,14,12,47,36,24.333,47.000,22.667,18,23,220,220,57894,58647,58697,,803,,50,,,,,,50
3028,46,275,5,1,0,0x15,10,0,7,10,5.667,0.000,-5.667,-6,-5,220,220,59044,59747,59797,,753,,50,,,,,,50
3029,46,275,5,1,0,0x15,10,0,7,7,5.667,0.000,-5.667,-5,-5,220,220,59044,59797,59847,,803,,50,,,,,,50
3030,46,275,5,1,0,0x15,9,0,6,4,5.000,0.000,-5.000,-5,-5,220,220,59044,59847,59897,,853,,50,,,,,,50
3031,46,275,5,1,0,0x15,9,0,6,2,5.000,0.000,-5.000,-5,-5,220,220,59044,59897,59947,,903,,50,,,,,,50
3032,46,275,5,1,0,0x15,8,0,6,0,4.667,0.000,-4.667,-5,-4,220,220,59044,59947,59997,,953,,50,,,,,,50
3033,46,275,5,1,0,0x15,8,0,5,0,4.333,0.000,-4.333,-4,-4,220,220,59044,59997,60047,,1003,,50,,,,,,50
3034,46,275,5,1,0,0x15,7,0,4,0,3.667,0.000,-3.667,-4,-3,220,220,59044,60047,60097,,1053,,50,,,,,,50
3035,46,275,5,1,0,0x15,7,0,4,0,3.667,0.000,-3.667,-3,-3,220,220,59044,60097,60147,,1103,,50,,,,,,50
3036,46,276,6,1,0,0x16,0,7,8,0,5.000,0.000,-5.000,-3,-5,220,220,60194,60147,60247,,53,,100,,,,,,50
3037,46,276,6,1,0,0x16,0,6,6,0,4.000,0.000,-4.000,-5,-4,220,220,60194,60247,60297,,103,,50,,,,,,50
3038,46,276,6,1,0,0x16,0,7,6,0,4.333,0.000,-4.333,-4,-4,220,220,60194,60297,60347,,153,,50,,,,,,50
3039,46,276,6,1,0,0x16,0,7,6,3,4.333,0.000,-4.333,-4,-4,220,220,60194,60347,60397,,203,,50,,,,,,50
3040,46,276,6,1,0,0x16,0,8,6,6,4.667,0.000,-4.667,-4,-4,220,220,60194,60397,60447,,253,,50,,,,,,50
3041,46,276,6,1,0,0x16,0,8,7,8,5.000,0.000,-5.000,-4,-5,220,220,60194,60447,60497,,303,,50,,,,,,50
3042,46,276,6,1,0,0x16,0,9,7,12,5.333,0.000,-5.333,-5,-5,220,220,60194,60497,60547,,353,,50,,,,,,50
3043,46,276,6,1,0,0x16,0,9,8,14,5.667,0.000,-5.667,-5,-5,220,220,60194,60547,60597,,403,,50,,,,,,50
3044,46,276,6,1,0,0x16,0,9,8,17,5.667,0.000,-5.667,-5,-5,220,220,60194,60597,60647,,453,,50,,,,,,50
3045,46,276,6,1,0,0x16,7,10,9,20,8.667,7.000,-1.667,-5,-1,220,220,60194,60647,60697,,503,,50,,,,,,50
3046,46,276,6,1,1,0x36,13,10,9,22,10.667,13.000,2.333,-1,3,220,220,60194,60697,60747,0,553,5342,50,4839,60747,575,575,575,50
3047,46,276,6,1,0,0x16,20,10,10,25,13.333,20.000,6.667,3,7,220,220,60194,60747,60797,,603,,50,,,,,,50
3048,47,277,1,1,1,0x31,13,10,6,21,9.667,6.000,-3.667,1,-3,220,220,61344,61847,61897,0,553,4192,50,3689,61897,575,575,575,50
3049,47,277,1,1,0,0x11,12,10,0,18,7.333,0.000,-7.333,-3,-7,220,220,61344,61897,61947,,603,,50,,,,,,50
3050,47,277,1,1,0,0x11,12,9,0,16,7.000,0.000,-7.000,-7,-7,220,220,61344,61947,61997,,653,,50,,,,,,50
3051,47,277,1,1,0,0x11,12,9,0,13,7.000,0.000,-7.000,-7,-7,220,220,61344,61997,62047,,703,,50,,,,,,50
3052,47,277,1,1,0,0x11,11,8,0,10,6.333,0.000,-6.333,-7,-6,220,220,61344,62047,62097,,753,,50,,,,,,50
3053,47,277,1,1,0,0x11,10,8,0,7,6.000,0.000,-6.000,-6,-6,220,220,61344,62097,62147,,803,,50,,,,,,50
3054,47,277,1,1,0,0x11,10,8,0,5,6.000,0.000,-6.000,-6,-6,220,220,61344,62147,62197,,853,,50,,,,,,50
3055,47,277,1,1,0,0x11,10,7,0,2,5.667,0.000,-5.667,-6,-5,220,220,61344,62197,62247,,903,,50,,,,,,50
3056,47,277,1,1,0,0x11,9,6,0,0,5.000,0.000,-5.000,-5,-5,220,220,61344,62247,62297,,953,,50,,,,,,50
3057,47,277,1,1,0,0x11,8,6,0,0,4.667,0.000,-4.667,-5,-4,220,220,61344,62297,62347,,1003,,50,,,,,,50
3058,47,277,1,1,0,0x11,8,6,0,0,4.667,0.000,-4.667,-4,-4,220,220,61344,62347,62397,,1053,,50,,,,,,50
3059,47,277,1,1,0,0x11,8,5,0,0,4.333,0.000,-4.333,-4,-4,220,220,61344,62397,62447,,1103,,50,,,,,,50
3060,47,278,2,1,0,0x12,17,0,5,0,7.333,0.000,-7.333,-4,-7,220,220,62494,62447,62547,,53,,100,,,,,,50
3061,47,278,2,1,0,0x12,9,0,4,0,4.333,0.000,-4.333,-7,-4,220,220,62494,62547,62597,,103,,50,,,,,,50
3062,47,278,2,1,0,0x12,9,0,5,0,4.667,0.000,-4.667,-4,-4,220,220,62494,62597,62647,,153,,50,,,,,,50
3063,47,278,2,1,0,0x12,9,0,5,1,4.667,0.000,-4.667,-4,-4,220,220,62494,62647,62697,,203,,50,,,,,,50
3064,47,278,2,1,0,0x12,10,0,6,4,5.333,0.000,-5.333,-4,-5,220,220,62494,62697,62747,,253,,50,,,,,,50
3065,47,278,2,1,0,0x12,10,0,7,7,5.667,0.000,-5.667,-5,-5,220,220,62494,62747,62797,,303,,50,,,,,,50
3066,47,278,2,1,0,0x12,11,0,7,10,6.000,0.000,-6.000,-5,-6,220,220,62494,62797,62847,,353,,50,,,,,,50
3067,47,278,2,1,0,0x12,11,0,7,12,6.000,0.000,-6.000,-6,-6,220,220,62494,62847,62897,,403,,50,,,,,,50
3068,47,279,3,1,0,0x13,43,13,11,33,22.333,43.000,20.667,26,21,220,220,63719,63947,63997,,278,,50,,,,,,50
3069,47,279,3,1,0,0x13,36,12,10,30,19.333,36.000,16.667,21,17,220,220,63719,63997,64047,,328,,50,,,,,,50
3070,47,279,3,1,0,0x13,28,11,10,28,16.333,28.000,11.667,17,12,220,220,63719,64047,64097,,378,,50,,,,,,50
3071,47,279,3,1,0,0x13,21,11,9,25,13.667,21.000,7.333,12,8,220,220,63719,64097,64147,,428,,50,,,,,,50
3072,47,279,3,1,0,0x13,14,11,9,22,11.333,14.000,2.667,8,3,220,220,63719,64147,64197,,478,,50,,,,,,50
3073,47,279,3,1,1,0x33,7,10,8,20,8.333,7.000,-1.333,3,-1,220,220,63719,64197,64247,0,528,1817,50,1339,64247,575,575,575,50
3074,47,279,3,1,0,0x13,0,10,8,17,6.000,0.000,-6.000,-1,-6,220,220,63719,64247,64297,,578,,50,,,,,,50
3075,47,279,3,1,0,0x13,0,10,8,14,6.000,0.000,-6.000,-6,-6,220,220,63719,64297,64347,,628,,50,,,,,,50
3076,47,279,3,1,0,0x13,0,9,7,11,5.333,0.000,-5.333,-6,-5,220,220,63719,64347,64397,,678,,50,,,,,,50
3077,47,279,3,1,0,0x13,0,8,7,9,5.000,0.000,-5.000,-5,-5,220,220,63719,64397,64447,,728,,50,,,,,,50
3078,47,279,3,1,0,0x13,0,8,6,5,4.667,0.000,-4.667,-5,-4,220,220,63719,64447,64497,,778,,50,,,,,,50
3079,47,279,3,1,0,0x13,0,8,6,3,4.667,0.000,-4.667,-4,-4,220,220,63719,64497,64547,,828,,50,,,,,,50
3080,47,279,3,1,0,0x13,0,7,6,1,4.333,0.000,-4.333,-4,-4,220,220,63719,64547,64597,,878,,50,,,,,,50
3081,47,279,3,1,0,0x13,0,7,5,0,4.000,0.000,-4.000,-4,-4,220,220,63719,64597,64647,,928,,50,,,,,,50
3082,47,279,3,1,0,0x13,0,6,5,0,3.667,0.000,-3.667,-4,-3,220,220,63719,64647,64697,,978,,50,,,,,,50
3083,47,279,3,1,0,0x13,0,5,4,0,3.000,0.000,-3.000,-3,-3,220,220,63719,64697,64747,,1028,,50,,,,,,50
3084,47,279,3,1,0,0x13,0,5,4,0,3.000,0.000,-3.000,-3,-3,220,220,63719,64747,64797,,1078,,50,,,,,,50
3085,47,280,4,1,0,0x14,11,11,0,0,7.333,0.000,-7.333,-3,-7,220,220,64844,64797,64897,,53,,100,,,,,,50
3086,47,280,4,1,0,0x14,8,8,0,0,5.333,0.000,-5.333,-7,-5,220,220,64844,64897,64947,,103,,50,,,,,,50
3087,47,280,4,1,0,0x14,9,8,0,2,5.667,0.000,-5.667,-5,-5,220,220,64844,64947,64997,,153,,50,,,,,,50
3088,47,281,5,1,0,0x15,16,74,14,46,34.667,74.000,39.333,44,40,220,220,458,511,561,,103,,50,,,,,,50
3089,47,281,5,1,0,0x15,15,66,13,42,31.333,66.000,34.667,40,35,220,220,458,561,611,,153,,50,,,,,,50
3090,47,281,5,1,0,0x15,15,57,12,39,28.000,57.000,29.000,35,29,220,220,458,611,661,,203,,50,,,,,,50
3091,47,281,5,1,0,0x15,15,49,12,36,25.333,49.000,23.667,29,24,220,220,458,661,711,,253,,50,,,,,,50
3092,47,281,5,1,0,0x15,14,42,11,34,22.333,42.000,19.667,24,20,220,220,458,711,761,,303,,50,,,,,,50
3093,47,281,5,1,0,0x15,14,35,11,31,20.000,35.000,15.000,20,15,220,220,458,761,811,,353,,50,,,,,,50
3094,47,281,5,1,0,0x15,13,27,10,28,16.667,27.000,10.333,15,11,220,220,458,811,861,,403,,50,,,,,,50
3095,47,281,5,1,0,0x15,12,20,10,25,14.000,20.000,6.000,11,6,220,220,458,861,911,,453,,50,,,,,,50
3096,47,281,5,1,0,0x15,12,14,9,23,11.667,14.000,2.333,6,3,220,220,458,911,961,,503,,50,,,,,,50
3097,47,281,5,1,1,0x35,16,7,8,21,10.333,7.000,-3.333,3,-3,220,220,458,961,1011,0,553,65078,50,64575,1011,575,575,575,50
3098,47,281,5,1,0,0x15,12,1,9,18,7.333,1.000,-6.333,-3,-6,220,220,458,1011,1061,,603,,50,,,,,,50
3099,47,281,5,1,0,0x15,11,0,8,15,6.333,0.000,-6.333,-6,-6,220,220,458,1061,1111,,653,,50,,,,,,50
3100,47,281,5,1,0,0x15,10,0,8,13,6.000,0.000,-6.000,-6,-6,220,220,458,1111,1161,,703,,50,,,,,,50
3101,47,281,5,1,0,0x15,11,0,8,10,6.333,0.000,-6.333,-6,-6,220,220,458,1161,1211,,753,,50,,,,,,50
3102,47,281,5,1,0,0x15,10,0,7,7,5.667,0.000,-5.667,-6,-5,220,220,458,1211,1261,,803,,50,,,,,,50
3103,47,281,5,1,0,0x15,9,0,7,4,5.333,0.000,-5.333,-5,-5,220,220,458,1261,1311,,853,,50,,,,,,50
3104,47,281,5,1,0,0x15,9,0,6,2,5.000,0.000,-5.000,-5,-5,220,220,458,1311,1361,,903,,50,,,,,,50
3105,47,281,5,1,0,0x15,9,0,5,0,4.667,0.000,-4.667,-5,-4,220,220,458,1361,1411,,953,,50,,,,,,50
3106,47,281,5,1,0,0x15,8,0,6,0,4.667,0.000,-4.667,-4,-4,220,220,458,1411,1461,,1003,,50,,,,,,50
3107,47,281,5,1,0,0x15,8,0,4,0,4.000,0.000,-4.000,-4,-4,220,220,458,1461,1511,,1053,,50,,,,,,50
3108,47,282,6,1,0,0x16,79,14,13,46,35.333,79.000,43.667,40,44,220,220,1608,2561,2611,,1003,,50,,,,,,50
3109,47,282,6,1,0,0x16,85,15,13,49,37.667,85.000,47.333,44,48,220,220,1608,2611,2661,,1053,,50,,,,,,50
3110,47,282,6,1,0,0x16,93,15,13,52,40.333,93.000,52.667,48,53,220,220,1608,2661,2711,,1103,,50,,,,,,50
3111,48,283,1,1,0,0x11,15,11,78,45,34.667,78.000,43.333,53,44,220,220,2758,2711,2811,,53,,100,,,,,,50
3112,48,283,1,1,0,0x11,18,13,73,46,34.667,73.000,38.333,44,39,220,220,2758,2811,2861,,103,,50,,,,,,50
3113,48,283,1,1,0,0x11,17,14,65,43,32.000,65.000,33.000,39,33,220,220,2758,2861,2911,,153,,50,,,,,,50
3114,48,283,1,1,0,0x11,16,13,57,40,28.667,57.000,28.333,33,29,220,220,2758,2911,2961,,203,,50,,,,,,50
3115,48,283,1,1,0,0x11,19,13,49,37,27.000,49.000,22.000,29,22,220,220,2758,2961,3011,,253,,50,,,,,,50
3116,48,283,1,1,0,0x11,14,12,42,34,22.667,42.000,19.333,22,20,220,220,2758,3011,3061,,303,,50,,,,,,50
3117,48,283,1,1,0,0x11,14,12,35,31,20.333,35.000,14.667,20,15,220,220,2758,3061,3111,,353,,50,,,,,,50
3118,48,283,1,1,0,0x11,14,11,28,29,17.667,28.000,10.333,15,11,220,220,2758,3111,3161,,403,,50,,,,,,50
3119,48,283,1,1,0,0x11,13,11,20,26,14.667,20.000,5.333,11,6,220,220,2758,3161,3211,,453,,50,,,,,,50
3120,48,283,1,1,0,0x11,13,11,14,24,12.667,14.000,1.333,6,2,220,220,2758,3211,3261,,503,,50,,,,,,50
3121,48,283,1,1,1,0x31,12,10,7,21,9.667,7.000,-2.667,2,-2,220,220,2758,3261,3311,0,553,62778,50,62275,3311,575,575,575,50
3122,48,283,1,1,0,0x11,12,10,0,18,7.333,0.000,-7.333,-2,-7,220,220,2758,3311,3361,,603,,50,,,,,,50
3123,48,283,1,1,0,0x11,12,10,0,16,7.333,0.000,-7.333,-7,-7,220,220,2758,3361,3411,,653,,50,,,,,,50
3124,48,283,1,1,0,0x11,11,8,0,13,6.333,0.000,-6.333,-7,-6,220,220,2758,3411,3461,,703,,50,,,,,,50
3125,48,283,1,1,0,0x11,11,9,0,10,6.667,0.000,-6.667,-6,-6,220,220,2758,3461,3511,,753,,50,,,,,,50
3126,48,283,1,1,0,0x11,10,8,0,7,6.000,0.000,-6.000,-6,-6,220,220,2758,3511,3561,,803,,50,,,,,,50
3127,48,283,1,1,0,0x11,10,8,0,4,6.000,0.000,-6.000,-6,-6,220,220,2758,3561,3611,,853,,50,,,,,,50
3128,48,284,2,1,0,0x12,14,47,11,35,24.000,47.000,23.000,18,23,220,220,3908,4661,4711,,803,,50,,,,,,50
3129,48,284,2,1,0,0x12,15,54,11,38,26.667,54.000,27.333,23,28,220,220,3908,4711,4761,,853,,50,,,,,,50
3130,48,284,2,1,0,0x12,16,62,12,41,30.000,62.000,32.000,28,32,220,220,3908,4761,4811,,903,,50,,,,,,50
3131,48,284,2,1,0,0x12,16,69,12,44,32.333,69.000,36.667,32,37,220,220,3908,4811,4861,,953,,50,,,,,,50
3132,48,284,2,1,0,0x12,16,77,13,46,35.333,77.000,41.667,37,42,220,220,3908,4861,4911,,1003,,50,,,,,,50
3133,48,284,2,1,0,0x12,17,84,13,49,38.000,84.000,46.000,42,46,220,220,3908,4911,4961,,1053,,50,,,,,,50
3134,48,284,2,1,0,0x12,21,92,13,52,42.000,92.000,50.000,46,50,220,220,3908,4961,5011,,1103,,50,,,,,,50
3135,48,284,2,1,0,0x12,17,100,14,55,43.667,100.000,56.333,50,57,220,220,3908,5011,5061,,1153,,50,,,,,,50
3136,48,284,2,1,0,0x12,18,108,14,58,46.667,108.000,61.333,57,62,220,220,3908,5061,5111,,1203,,50,,,,,,50
3137,48,285,3,1,0,0x13,76,15,12,45,34.333,76.000,41.667,62,42,220,220,5133,5111,5211,,78,,100,,,,,,50
3138,48,285,3,1,0,0x13,68,14,12,42,31.333,68.000,36.667,42,37,220,220,5133,5211,5261,,128,,50,,,,,,50
3139,48,285,3,1,0,0x13,60,13,11,39,28.000,60.000,32.000,37,32,220,220,5133,5261,5311,,178,,50,,,,,,50
3140,48,285,3,1,0,0x13,52,13,11,36,25.333,52.000,26.667,32,27,220,220,5133,5311,5361,,228,,50,,,,,,50
3141,48,285,3,1,0,0x13,45,13,11,33,23.000,45.000,22.000,27,22,220,220,5133,5361,5411,,278,,50,,,,,,50
3142,48,285,3,1,0,0x13,37,12,10,30,19.667,37.000,17.333,22,18,220,220,5133,5411,5461,,328,,50,,,,,,50
3143,48,285,3,1,0,0x13,30,12,10,28,17.333,30.000,12.667,18,13,220,220,5133,5461,5511,,378,,50,,,,,,50
3144,48,285,3,1,0,0x13,22,11,9,25,14.000,22.000,8.000,13,8,220,220,5133,5511,5561,,428,,50,,,,,,50
3145,48,285,3,1,0,0x13,15,11,9,22,11.667,15.000,3.333,8,4,220,220,5133,5561,5611,,478,,50,,,,,,50
3146,48,285,3,1,1,0x33,8,10,9,20,9.000,8.000,-1.000,4,-1,220,220,5133,5611,5661,0,528,60403,50,59925,5661,575,575,575,50
3147,48,285,3,1,0,0x13,0,9,8,17,5.667,0.000,-5.667,-1,-5,220,220,5133,5661,5711,,578,,50,,,,,,50
3148,48,286,4,1,1,0x34,13,10,14,23,12.333,14.000,1.667,-2,2,220,220,6258,6761,6811,0,553,59278,50,58775,6811,575,575,575,50
3149,48,286,4,1,0,0x14,13,11,21,26,15.000,21.000,6.000,2,6,220,220,6258,6811,6861,,603,,50,,,,,,50
3150,48,286,4,1,0,0x14,13,12,28,29,17.667,28.000,10.333,6,11,220,220,6258,6861,6911,,653,,50,,,,,,50
3151,48,286,4,1,0,0x14,14,12,35,31,20.333,35.000,14.667,11,15,220,220,6258,6911,6961,,703,,50,,,,,,50
3152,48,286,4,1,0,0x14,18,12,41,35,23.667,41.000,17.333,15,18,220,220,6258,6961,7011,,753,,50,,,,,,50
3153,48,286,4,1,0,0x14,14,13,49,36,25.333,49.000,23.667,18,24,220,220,6258,7011,7061,,803,,50,,,,,,50
3154,48,286,4,1,0,0x14,15,13,56,39,28.000,56.000,28.000,24,28,220,220,6258,7061,7111,,853,,50,,,,,,50
3155,48,286,4,1,0,0x14,15,13,64,42,30.667,64.000,33.333,28,34,220,220,6258,7111,7161,,903,,50,,,,,,50
3156,48,286,4,1,0,0x14,16,14,71,45,33.667,71.000,37.333,34,38,220,220,6258,7161,7211,,953,,50,,,,,,50
3157,48,286,4,1,0,0x14,16,14,78,47,36.000,78.000,42.000,38,42,220,220,6258,7211,7261,,1003,,50,,,,,,50
3158,48,286,4,1,0,0x14,16,14,86,50,38.667,86.000,47.333,42,48,220,220,6258,7261,7311,,1053,,50,,,,,,50
3159,48,286,4,1,0,0x14,17,15,93,53,41.667,93.000,51.333,48,52,220,220,6258,7311,7361,,1103,,50,,,,,,50
3160,48,287,5,1,0,0x15,12,79,13,45,34.667,79.000,44.333,52,45,220,220,7408,7361,7461,,53,,100,,,,,,50
3161,48,287,5,1,0,0x15,15,73,14,45,34.000,73.000,39.000,45,39,220,220,7408,7461,7511,,103,,50,,,,,,50
3162,48,287,5,1,0,0x15,16,65,12,42,31.000,65.000,34.000,39,34,220,220,7408,7511,7561,,153,,50,,,,,,50
3163,48,287,5,1,0,0x15,15,57,12,40,28.000,57.000,29.000,34,29,220,220,7408,7561,7611,,203,,50,,,,,,50
3164,48,287,5,1,0,0x15,14,49,11,36,24.667,49.000,24.333,29,25,220,220,7408,7611,7661,,253,,50,,,,,,50
3165,48,287,5,1,0,0x15,14,42,11,33,22.333,42.000,19.667,25,20,220,220,7408,7661,7711,,303,,50,,,,,,50
3166,48,287,5,1,0,0x15,14,34,11,31,19.667,34.000,14.333,20,15,220,220,7408,7711,7761,,353,,50,,,,,,50
3167,48,287,5,1,0,0x15,13,27,10,28,16.667,27.000,10.333,15,11,220,220,7408,7761,7811,,403,,50,,,,,,50
3168,48,288,6,1,0,0x16,0,9,8,12,5.667,0.000,-5.667,-5,-5,220,220,8558,8861,8911,,353,,50,,,,,,50
3169,48,288,6,1,0,0x16,0,9,8,14,5.667,0.000,-5.667,-5,-5,220,220,8558,8911,8961,,403,,50,,,,,,50
3170,48,288,6,1,0,0x16,4,10,9,18,7.667,4.000,-3.667,-5,-3,220,220,8558,8961,9011,,453,,50,,,,,,50
3171,48,288,6,1,0,0x16,7,10,9,20,8.667,7.000,-1.667,-3,-1,220,220,8558,9011,9061,,503,,50,,,,,,50
3172,48,288,6,1,1,0x36,14,10,10,23,11.333,14.000,2.667,-1,3,220,220,8558,9061,9111,0,553,56978,50,56475,9111,575,575,575,50
3173,48,288,6,1,0,0x16,21,10,10,25,13.667,21.000,7.333,3,8,220,220,8558,9111,9161,,603,,50,,,,,,50
3174,48,288,6,1,0,0x16,28,11,10,28,16.333,28.000,11.667,8,12,220,220,8558,9161,9211,,653,,50,,,,,,50
3175,48,288,6,1,0,0x16,35,11,11,30,19.000,35.000,16.000,12,16,220,220,8558,9211,9261,,703,,50,,,,,,50
3176,48,288,6,1,0,0x16,42,12,11,33,21.667,42.000,20.333,16,21,220,220,8558,9261,9311,,753,,50,,,,,,50
3177,48,288,6,1,0,0x16,50,12,11,36,24.333,50.000,25.667,21,26,220,220,8558,9311,9361,,803,,50,,,,,,50
3178,48,288,6,1,0,0x16,58,13,12,39,27.667,58.000,30.333,26,31,220,220,8558,9361,9411,,853,,50,,,,,,50
3179,48,288,6,1,0,0x16,65,13,12,41,30.000,65.000,35.000,31,35,220,220,8558,9411,9461,,903,,50,,,,,,50
3180,48,288,6,1,0,0x16,72,14,13,44,33.000,72.000,39.000,35,39,220,220,8558,9461,9511,,953,,50,,,,,,50
3181,48,288,6,1,0,0x16,79,14,13,47,35.333,79.000,43.667,39,44,220,220,8558,9511,9561,,1003,,50,,,,,,50
3182,48,288,6,1,0,0x16,86,14,13,49,37.667,86.000,48.333,44,49,220,220,8558,9561,9611,,1053,,50,,,,,,50
3183,48,288,6,1,0,0x16,93,15,13,52,40.333,93.000,52.667,49,53,220,220,8558,9611,9661,,1103,,50,,,,,,50
3184,49,289,1,1,0,0x11,15,11,82,47,36.000,82.000,46.000,53,46,220,220,9708,9661,9761,,53,,100,,,,,,50
3185,49,289,1,1,0,0x11,18,14,76,47,36.000,76.000,40.000,46,40,220,220,9708,9761,9811,,103,,50,,,,,,50
3186,49,289,1,1,0,0x11,17,14,68,44,33.000,68.000,35.000,40,35,220,220,9708,9811,9861,,153,,50,,,,,,50
3187,49,289,1,1,0,0x11,16,13,60,41,29.667,60.000,30.333,35,31,220,220,9708,9861,9911,,203,,50,,,,,,50
3188,49,290,2,1,0,0x12,14,0,6,0,6.667,0.000,-6.667,-4,-6,220,220,10858,10961,11011,,153,,50,,,,,,50
3189,49,290,2,1,0,0x12,9,0,6,3,5.000,0.000,-5.000,-6,-5,220,220,10858,11011,11061,,203,,50,,,,,,50
3190,49,290,2,1,0,0x12,10,0,6,5,5.333,0.000,-5.333,-5,-5,220,220,10858,11061,11111,,253,,50,,,,,,50
3191,49,290,2,1,0,0x12,10,0,7,8,5.667,0.000,-5.667,-5,-5,220,220,10858,11111,11161,,303,,50,,,,,,50
3192,49,290,2,1,0,0x12,11,0,7,11,6.000,0.000,-6.000,-5,-6,220,220,10858,11161,11211,,353,,50,,,,,,50
3193,49,290,2,1,0,0x12,11,0,8,13,6.333,0.000,-6.333,-6,-6,220,220,10858,11211,11261,,403,,50,,,,,,50
3194,49,290,2,1,0,0x12,12,0,8,16,6.667,0.000,-6.667,-6,-6,220,220,10858,11261,11311,,453,,50,,,,,,50
3195,49,290,2,1,0,0x12,12,2,9,19,7.667,2.000,-5.667,-6,-5,220,220,10858,11311,11361,,503,,50,,,,,,50
3196,49,290,2,1,0,0x12,13,9,9,21,10.333,9.000,-1.333,-5,-1,220,220,10858,11361,11411,,553,,50,,,,,,50
3197,49,290,2,1,1,0x32,13,16,9,24,12.667,16.000,3.333,-1,4,220,220,10858,11411,11461,0,603,54678,50,54125,11461,600,600,600,50
3198,49,290,2,1,0,0x12,13,23,10,27,15.333,23.000,7.667,4,8,220,220,10858,11461,11511,,653,,50,,,,,,50
3199,49,290,2,1,0,0x12,14,31,10,29,18.333,31.000,12.667,8,13,220,220,10858,11511,11561,,703,,50,,,,,,50
3200,49,290,2,1,0,0x12,15,38,10,32,21.000,38.000,17.000,13,17,220,220,10858,11561,11611,,753,,50,,,,,,50
3201,49,290,2,1,0,0x12,15,46,11,34,24.000,46.000,22.000,17,22,220,220,10858,11611,11661,,803,,50,,,,,,50
3202,49,290,2,1,0,0x12,15,53,12,38,26.667,53.000,26.333,22,27,220,220,10858,11661,11711,,853,,50,,,,,,50
3203,49,290,2,1,0,0x12,15,61,11,40,29.000,61.000,32.000,27,32,220,220,10858,11711,11761,,903,,50,,,,,,50
3204,49,290,2,1,0,0x12,16,69,12,43,32.333,69.000,36.667,32,37,220,220,10858,11761,11811,,953,,50,,,,,,50
3205,49,290,2,1,0,0x12,16,76,13,46,35.000,76.000,41.000,37,41,220,220,10858,11811,11861,,1003,,50,,,,,,50
3206,49,290,2,1,0,0x12,16,85,13,49,38.000,85.000,47.000,41,47,220,220,10858,11861,11911,,1053,,50,,,,,,50
3207,49,290,2,1,0,0x12,16,93,14,52,41.000,93.000,52.000,47,52,220,220,10858,11911,11961,,1103,,50,,,,,,50
3208,49,291,3,1,0,0x13,0,6,5,0,3.667,0.000,-3.667,-4,-3,220,220,12083,13011,13061,,978,,50,,,,,,50
3209,49,291,3,1,0,0x13,0,5,4,0,3.000,0.000,-3.000,-3,-3,220,220,12083,13061,13111,,1028,,50,,,,,,50
3210,49,291,3,1,0,0x13,0,5,4,0,3.000,0.000,-3.000,-3,-3,220,220,12083,13111,13161,,1078,,50,,,,,,50
3211,49,292,4,1,0,0x14,10,10,0,0,6.667,0.000,-6.667,-3,-6,220,220,13208,13161,13261,,53,,100,,,,,,50
3212,49,292,4,1,0,0x14,8,8,0,0,5.333,0.000,-5.333,-6,-5,220,220,13208,13261,13311,,103,,50,,,,,,50
3213,49,292,4,1,0,0x14,9,7,0,1,5.333,0.000,-5.333,-5,-5,220,220,13208,13311,13361,,153,,50,,,,,,50
3214,49,292,4,1,0,0x14,9,8,0,4,5.667,0.000,-5.667,-5,-5,220,220,13208,13361,13411,,203,,50,,,,,,50
3215,49,292,4,1,0,0x14,9,8,0,6,5.667,0.000,-5.667,-5,-5,220,220,13208,13411,13461,,253,,50,,,,,,50
3216,49,292,4,1,0,0x14,10,8,0,9,6.000,0.000,-6.000,-5,-6,220,220,13208,13461,13511,,303,,50,,,,,,50
3217,49,292,4,1,0,0x14,10,9,0,12,6.333,0.000,-6.333,-6,-6,220,220,13208,13511,13561,,353,,50,,,,,,50
3218,49,292,4,1,0,0x14,11,9,0,14,6.667,0.000,-6.667,-6,-6,220,220,13208,13561,13611,,403,,50,,,,,,50
3219,49,292,4,1,0,0x14,11,10,0,17,7.000,0.000,-7.000,-6,-7,220,220,13208,13611,13661,,453,,50,,,,,,50
3220,49,292,4,1,0,0x14,12,10,5,20,9.000,5.000,-4.000,-7,-4,220,220,13208,13661,13711,,503,,50,,,,,,50
3221,49,292,4,1,1,0x34,12,11,12,23,11.667,12.000,0.333,-4,1,220,220,13208,13711,13761,0,553,52328,50,51825,13761,575,575,575,50
3222,49,292,4,1,0,0x14,13,11,19,25,14.333,19.000,4.667,1,5,220,220,13208,13761,13811,,603,,50,,,,,,50
3223,49,292,4,1,0,0x14,13,11,26,28,16.667,26.000,9.333,5,10,220,220,13208,13811,13861,,653,,50,,,,,,50
3224,49,292,4,1,0,0x14,13,12,34,31,19.667,34.000,14.333,10,15,220,220,13208,13861,13911,,703,,50,,,,,,50
3225,49,292,4,1,0,0x14,14,12,41,34,22.333,41.000,18.667,15,19,220,220,13208,13911,13961,,753,,50,,,,,,50
3226,49,292,4,1,0,0x14,19,13,48,37,26.667,48.000,21.333,19,22,220,220,13208,13961,14011,,803,,50,,,,,,50
3227,49,292,4,1,0,0x14,15,13,56,39,28.000,56.000,28.000,22,28,220,220,13208,14011,14061,,853,,50,,,,,,50
3228,49,293,5,1,0,0x15,10,0,7,7,5.667,0.000,-5.667,-5,-5,220,220,14358,15111,15161,,803,,50,,,,,,50
3229,49,293,5,1,0,0x15,9,0,7,5,5.333,0.000,-5.333,-5,-5,220,220,14358,15161,15211,,853,,50,,,,,,50
3230,49,293,5,1,0,0x15,9,0,6,2,5.000,0.000,-5.000,-5,-5,220,220,14358,15211,15261,,903,,50,,,,,,50
3231,49,293,5,1,0,0x15,9,0,6,0,5.000,0.000,-5.000,-5,-5,220,220,14358,15261,15311,,953,,50,,,,,,50
3232,49,293,5,1,0,0x15,8,0,5,0,4.333,0.000,-4.333,-5,-4,220,220,14358,15311,15361,,1003,,50,,,,,,50
3233,49,293,5,1,0,0x15,8,0,5,0,4.333,0.000,-4.333,-4,-4,220,220,14358,15361,15411,,1053,,50,,,,,,50
3234,49,293,5,1,0,0x15,7,0,4,0,3.667,0.000,-3.667,-4,-3,220,220,14358,15411,15461,,1103,,50,,,,,,50
3235,49,294,6,1,0,0x16,0,8,8,0,5.333,0.000,-5.333,-3,-5,220,220,15508,15461,15561,,53,,100,,,,,,50
3236,49,294,6,1,0,0x16,0,6,6,0,4.000,0.000,-4.000,-5,-4,220,220,15508,15561,15611,,103,,50,,,,,,50
3237,49,294,6,1,0,0x16,0,7,6,1,4.333,0.000,-4.333,-4,-4,220,220,15508,15611,15661,,153,,50,,,,,,50
3238,49,294,6,1,0,0x16,0,7,6,3,4.333,0.000,-4.333,-4,-4,220,220,15508,15661,15711,,203,,50,,,,,,50
3239,49,294,6,1,0,0x16,0,7,7,6,4.667,0.000,-4.667,-4,-4,220,220,15508,15711,15761,,253,,50,,,,,,50
3240,49,294,6,1,0,0x16,0,8,7,9,5.000,0.000,-5.000,-4,-5,220,220,15508,15761,15811,,303,,50,,,,,,50
3241,49,294,6,1,0,0x16,0,8,8,11,5.333,0.000,-5.333,-5,-5,220,220,15508,15811,15861,,353,,50,,,,,,50
3242,49,294,6,1,0,0x16,0,8,8,14,5.333,0.000,-5.333,-5,-5,220,220,15508,15861,15911,,403,,50,,,,,,50
3243,49,294,6,1,0,0x16,0,9,9,17,6.000,0.000,-6.000,-5,-6,220,220,15508,15911,15961,,453,,50,,,,,,50
3244,49,294,6,1,1,0x36,12,10,8,21,10.000,12.000,2.000,-6,2,220,220,15508,15961,16011,0,503,50028,50,49575,16011,550,550,550,50
3245,49,294,6,1,0,0x16,15,10,9,22,11.333,15.000,3.667,2,4,220,220,15508,16011,16061,,553,,50,,,,,,50
3246,49,294,6,1,0,0x16,22,10,10,25,14.000,22.000,8.000,4,8,220,220,15508,16061,16111,,603,,50,,,,,,50
3247,49,294,6,1,0,0x16,29,11,10,28,16.667,29.000,12.333,8,13,220,220,15508,16111,16161,,653,,50,,,,,,50
3248,50,295,1,1,0,0x11,12,10,1,19,7.667,1.000,-6.667,-2,-6,220,220,16583,17211,17261,,678,,50,,,,,,50
3249,50,295,1,1,0,0x11,12,9,0,16,7.000,0.000,-7.000,-6,-7,220,220,16583,17261,17311,,728,,50,,,,,,50
3250,50,295,1,1,0,0x11,12,9,0,13,7.000,0.000,-7.000,-7,-7,220,220,16583,17311,17361,,778,,50,,,,,,50
3251,50,295,1,1,0,0x11,11,9,0,11,6.667,0.000,-6.667,-7,-6,220,220,16583,17361,17411,,828,,50,,,,,,50
3252,50,295,1,1,0,0x11,10,8,0,9,6.000,0.000,-6.000,-6,-6,220,220,16583,17411,17461,,878,,50,,,,,,50
3253,50,295,1,1,0,0x11,10,8,0,5,6.000,0.000,-6.000,-6,-6,220,220,16583,17461,17511,,928,,50,,,,,,50
3254,50,295,1,1,0,0x11,10,7,0,2,5.667,0.000,-5.667,-6,-5,220,220,16583,17511,17561,,978,,50,,,,,,50
3255,50,295,1,1,0,0x11,9,6,0,0,5.000,0.000,-5.000,-5,-5,220,220,16583,17561,17611,,1028,,50,,,,,,50
3256,50,295,1,1,0,0x11,9,6,0,0,5.000,0.000,-5.000,-5,-5,220,220,16583,17611,17661,,1078,,50,,,,,,50
3257,50,295,1,1,0,0x11,8,6,0,0,4.667,0.000,-4.667,-5,-4,220,220,16583,17661,17711,,1128,,50,,,,,,50
3258,50,295,1,1,0,0x11,7,5,0,0,4.000,0.000,-4.000,-4,-4,220,220,16583,17711,17761,,1178,,50,,,,,,50
3259,50,295,1,1,0,0x11,7,5,0,0,4.000,0.000,-4.000,-4,-4,220,220,16583,17761,17811,,1228,,50,,,,,,50
3260,50,296,2,1,0,0x12,9,0,5,0,4.667,0.000,-4.667,-4,-4,220,220,17833,17811,17911,,78,,100,,,,,,50
3261,50,296,2,1,0,0x12,9,0,5,0,4.667,0.000,-4.667,-4,-4,220,220,17833,17911,17961,,128,,50,,,,,,50
3262,50,296,2,1,0,0x12,14,0,6,2,6.667,0.000,-6.667,-4,-6,220,220,17833,17961,18011,,178,,50,,,,,,50
3263,50,296,2,1,0,0x12,10,0,6,3,5.333,0.000,-5.333,-6,-5,220,220,17833,18011,18061,,228,,50,,,,,,50
3264,50,296,2,1,0,0x12,10,0,7,7,5.667,0.000,-5.667,-5,-5,220,220,17833,18061,18111,,278,,50,,,,,,50
3265,50,296,2,1,0,0x12,11,0,7,9,6.000,0.000,-6.000,-5,-6,220,220,17833,18111,18161,,328,,50,,,,,,50
3266,50,296,2,1,0,0x12,11,0,7,12,6.000,0.000,-6.000,-6,-6,220,220,17833,18161,18211,,378,,50,,,,,,50
3267,50,296,2,1,0,0x12,12,0,8,16,6.667,0.000,-6.667,-6,-6,220,220,17833,18211,18261,,428,,50,,,,,,50
3268,50,297,3,1,0,0x13,36,12,10,30,19.333,36.000,16.667,22,17,220,220,19033,19311,19361,,328,,50,,,,,,50
3269,50,297,3,1,0,0x13,29,11,10,27,16.667,29.000,12.333,17,13,220,220,19033,19361,19411,,378,,50,,,,,,50
3270,50,297,3,1,0,0x13,22,11,9,25,14.000,22.000,8.000,13,8,220,220,19033,19411,19461,,428,,50,,,,,,50
3271,50,297,3,1,0,0x13,15,11,9,23,11.667,15.000,3.333,8,4,220,220,19033,19461,19511,,478,,50,,,,,,50
3272,50,297,3,1,1,0x33,8,10,9,19,9.000,8.000,-1.000,4,-1,220,220,19033,19511,19561,0,528,46503,50,46025,19561,575,575,575,50
3273,50,297,3,1,0,0x13,0,10,8,17,6.000,0.000,-6.000,-1,-6,220,220,19033,19561,19611,,578,,50,,,,,,50
3274,50,297,3,1,0,0x13,0,9,8,14,5.667,0.000,-5.667,-6,-5,220,220,19033,19611,19661,,628,,50,,,,,,50
3275,50,297,3,1,0,0x13,0,9,7,11,5.333,0.000,-5.333,-5,-5,220,220,19033,19661,19711,,678,,50,,,,,,50
3276,50,297,3,1,0,0x13,0,9,7,9,5.333,0.000,-5.333,-5,-5,220,220,19033,19711,19761,,728,,50,,,,,,50
3277,50,297,3,1,0,0x13,0,8,7,5,5.000,0.000,-5.000,-5,-5,220,220,19033,19761,19811,,778,,50,,,,,,50
3278,50,297,3,1,0,0x13,0,8,6,3,4.667,0.000,-4.667,-5,-4,220,220,19033,19811,19861,,828,,50,,,,,,50
3279,50,297,3,1,0,0x13,0,7,6,0,4.333,0.000,-4.333,-4,-4,220,220,19033,19861,19911,,878,,50,,,,,,50
3280,50,297,3,1,0,0x13,0,7,5,0,4.000,0.000,-4.000,-4,-4,220,220,19033,19911,19961,,928,,50,,,,,,50
3281,50,297,3,1,0,0x13,0,6,5,0,3.667,0.000,-3.667,-4,-3,220,220,19033,19961,20011,,978,,50,,,,,,50
3282,50,297,3,1,0,0x13,0,5,4,0,3.000,0.000,-3.000,-3,-3,220,220,19033,20011,20061,,1028,,50,,,,,,50
3283,50,297,3,1,0,0x13,0,5,4,0,3.000,0.000,-3.000,-3,-3,220,220,19033,20061,20111,,1078,,50,,,,,,50
3284,50,298,4,1,0,0x14,11,10,0,0,7.000,0.000,-7.000,-3,-7,220,220,20158,20111,20211,,53,,100,,,,,,50
3285,50,298,4,1,0,0x14,8,8,0,0,5.333,0.000,-5.333,-7,-5,220,220,20158,20211,20261,,103,,50,,,,,,50
3286,50,298,4,1,0,0x14,9,8,0,2,5.667,0.000,-5.667,-5,-5,220,220,20158,20261,20311,,153,,50,,,,,,50
3287,50,298,4,1,0,0x14,10,8,0,5,6.000,0.000,-6.000,-5,-6,220,220,20158,20311,20361,,203,,50,,,,,,50
3288,50,299,5,1,0,0x15,16,68,13,43,32.333,68.000,35.667,41,36,220,220,21308,21411,21461,,153,,50,,,,,,50
3289,50,299,5,1,0,0x15,15,60,12,41,29.000,60.000,31.000,36,31,220,220,21308,21461,21511,,203,,50,,,,,,50
3290,50,299,5,1,0,0x15,15,52,12,37,26.333,52.000,25.667,31,26,220,220,21308,21511,21561,,253,,50,,,,,,50
3291,50,299,5,1,0,0x15,14,45,11,34,23.333,45.000,21.667,26,22,220,220,21308,21561,21611,,303,,50,,,,,,50
3292,50,299,5,1,0,0x15,14,38,11,32,21.000,38.000,17.000,22,17,220,220,21308,21611,21661,,353,,50,,,,,,50
3293,50,299,5,1,0,0x15,13,30,10,29,17.667,30.000,12.333,17,13,220,220,21308,21661,21711,,403,,50,,,,,,50
3294,50,299,5,1,0,0x15,13,23,10,26,15.333,23.000,7.667,13,8,220,220,21308,21711,21761,,453,,50,,,,,,50
3295,50,299,5,1,0,0x15,13,15,10,24,12.667,15.000,2.333,8,3,220,220,21308,21761,21811,,503,,50,,,,,,50
3296,50,299,5,1,1,0x35,12,9,10,21,10.333,9.000,-1.333,3,-1,220,220,21308,21811,21861,0,553,44228,50,43725,21861,575,575,575,50
3297,50,299,5,1,0,0x15,12,2,9,19,7.667,2.000,-5.667,-1,-5,220,220,21308,21861,21911,,603,,50,,,,,,50
3298,50,299,5,1,0,0x15,11,0,8,16,6.333,0.000,-6.333,-5,-6,220,220,21308,21911,21961,,653,,50,,,,,,50
3299,50,299,5,1,0,0x15,15,0,8,14,7.667,0.000,-7.667,-6,-7,220,220,21308,21961,22011,,703,,50,,,,,,50
3300,50,299,5,1,0,0x15,10,0,8,10,6.000,0.000,-6.000,-7,-6,220,220,21308,22011,22061,,753,,50,,,,,,50
3301,50,299,5,1,0,0x15,10,0,7,7,5.667,0.000,-5.667,-6,-5,220,220,21308,22061,22111,,803,,50,,,,,,50
3302,50,299,5,1,0,0x15,9,0,7,4,5.333,0.000,-5.333,-5,-5,220,220,21308,22111,22161,,853,,50,,,,,,50
3303,50,299,5,1,0,0x15,9,0,6,2,5.000,0.000,-5.000,-5,-5,220,220,21308,22161,22211,,903,,50,,,,,,50
3304,50,299,5,1,0,0x15,8,0,5,0,4.333,0.000,-4.333,-5,-4,220,220,21308,22211,22261,,953,,50,,,,,,50
3305,50,299,5,1,0,0x15,8,0,5,0,4.333,0.000,-4.333,-4,-4,220,220,21308,22261,22311,,1003,,50,,,,,,50
3306,50,299,5,1,0,0x15,8,0,4,0,4.000,0.000,-4.000,-4,-4,220,220,21308,22311,22361,,1053,,50,,,,,,50
3307,50,299,5,1,0,0x15,7,0,4,0,3.667,0.000,-3.667,-4,-3,220,220,21308,22361,22411,,1103,,50,,,,,,50
3308,50,300,6,1,0,0x16,85,15,13,49,37.667,85.000,47.333,43,48,220,220,22458,23461,23511,,1053,,50,,,,,,50
3309,50,300,6,1,0,0x16,93,15,13,52,40.333,93.000,52.667,48,53,220,220,22458,23511,23561,,1103,,50,,,,,,50
3310,51,301,1,1,0,0x11,15,11,79,45,35.000,79.000,44.000,53,44,220,220,23608,23561,23661,,53,,100,,,,,,50
3311,51,301,1,1,0,0x11,18,14,73,46,35.000,73.000,38.000,44,38,220,220,23608,23661,23711,,103,,50,,,,,,50
3312,51,301,1,1,0,0x11,17,14,65,43,32.000,65.000,33.000,38,33,220,220,23608,23711,23761,,153,,50,,,,,,50
3313,51,301,1,1,0,0x11,16,13,57,40,28.667,57.000,28.333,33,29,220,220,23608,23761,23811,,203,,50,,,,,,50
3314,51,301,1,1,0,0x11,15,13,49,37,25.667,49.000,23.333,29,24,220,220,23608,23811,23861,,253,,50,,,,,,50
3315,51,301,1,1,0,0x11,15,12,42,34,23.000,42.000,19.000,24,19,220,220,23608,23861,23911,,303,,50,,,,,,50
3316,51,301,1,1,0,0x11,14,12,34,31,20.000,34.000,14.000,19,14,220,220,23608,23911,23961,,353,,50,,,,,,50
3317,51,301,1,1,0,0x11,18,11,27,29,18.667,27.000,8.333,14,9,220,220,23608,23961,24011,,403,,50,,,,,,50
3318,51,301,1,1,0,0x11,14,11,20,26,15.000,20.000,5.000,9,5,220,220,23608,24011,24061,,453,,50,,,,,,50
3319,51,301,1,1,0,0x11,13,11,13,23,12.333,13.000,0.667,5,1,220,220,23608,24061,24111,,503,,50,,,,,,50
3320,51,301,1,1,1,0x31,13,10,6,20,9.667,6.000,-3.667,1,-3,220,220,23608,24111,24161,0,553,41928,50,41425,24161,575,575,575,50
3321,51,301,1,1,0,0x11,12,10,0,18,7.333,0.000,-7.333,-3,-7,220,220,23608,24161,24211,,603,,50,,,,,,50
3322,51,301,1,1,0,0x11,12,9,0,15,7.000,0.000,-7.000,-7,-7,220,220,23608,24211,24261,,653,,50,,,,,,50
3323,51,301,1,1,0,0x11,11,9,0,12,6.667,0.000,-6.667,-7,-6,220,220,23608,24261,24311,,703,,50,,,,,,50
3324,51,301,1,1,0,0x11,11,8,0,10,6.333,0.000,-6.333,-6,-6,220,220,23608,24311,24361,,753,,50,,,,,,50
3325,51,301,1,1,0,0x11,10,8,0,7,6.000,0.000,-6.000,-6,-6,220,220,23608,24361,24411,,803,,50,,,,,,50
3326,51,301,1,1,0,0x11,10,8,0,4,6.000,0.000,-6.000,-6,-6,220,220,23608,24411,24461,,853,,50,,,,,,50
3327,51,301,1,1,0,0x11,9,7,0,1,5.333,0.000,-5.333,-6,-5,220,220,23608,24461,24511,,903,,50,,,,,,50
3328,51,302,2,1,0,0x12,15,52,11,37,26.000,52.000,26.000,21,26,220,220,24758,25561,25611,,853,,50,,,,,,50
3329,51,302,2,1,0,0x12,16,60,12,40,29.333,60.000,30.667,26,31,220,220,24758,25611,25661,,903,,50,,,,,,50
3330,51,302,2,1,0,0x12,16,67,12,43,31.667,67.000,35.333,31,36,220,220,24758,25661,25711,,953,,50,,,,,,50
3331,51,302,2,1,0,0x12,16,75,13,46,34.667,75.000,40.333,36,41,220,220,24758,25711,25761,,1003,,50,,,,,,50
3332,51,302,2,1,0,0x12,17,83,13,48,37.667,83.000,45.333,41,46,220,220,24758,25761,25811,,1053,,50,,,,,,50
3333,51,302,2,1,0,0x12,17,90,13,51,40.000,90.000,50.000,46,50,220,220,24758,25811,25861,,1103,,50,,,,,,50
3334,51,302,2,1,0,0x12,17,98,14,54,43.000,98.000,55.000,50,55,220,220,24758,25861,25911,,1153,,50,,,,,,50
3335,51,302,2,1,0,0x12,17,107,14,57,46.000,107.000,61.000,55,61,220,220,24758,25911,25961,,1203,,50,,,,,,50
3336,51,303,3,1,0,0x13,77,15,13,45,35.000,77.000,42.000,61,42,220,220,25983,25961,26061,,78,,100,,,,,,50
3337,51,303,3,1,0,0x13,69,14,12,42,31.667,69.000,37.333,42,38,220,220,25983,26061,26111,,128,,50,,,,,,50
3338,51,303,3,1,0,0x13,61,13,12,39,28.667,61.000,32.333,38,33,220,220,25983,26111,26161,,178,,50,,,,,,50
3339,51,303,3,1,0,0x13,53,13,11,36,25.667,53.000,27.333,33,28,220,220,25983,26161,26211,,228,,50,,,,,,50
3340,51,303,3,1,0,0x13,45,13,10,33,22.667,45.000,22.333,28,23,220,220,25983,26211,26261,,278,,50,,,,,,50
3341,51,303,3,1,0,0x13,37,12,10,31,19.667,37.000,17.333,23,18,220,220,25983,26261,26311,,328,,50,,,,,,50
3342,51,303,3,1,0,0x13,30,12,10,28,17.333,30.000,12.667,18,13,220,220,25983,26311,26361,,378,,50,,,,,,50
3343,51,303,3,1,0,0x13,22,11,10,25,14.333,22.000,7.667,13,8,220,220,25983,26361,26411,,428,,50,,,,,,50
3344,51,303,3,1,0,0x13,14,11,9,22,11.333,14.000,2.667,8,3,220,220,25983,26411,26461,,478,,50,,,,,,50
3345,51,303,3,1,1,0x33,7,10,9,20,8.667,7.000,-1.667,3,-1,220,220,25983,26461,26511,0,528,39553,50,39075,26511,575,575,575,50
3346,51,303,3,1,0,0x13,0,10,8,17,6.000,0.000,-6.000,-1,-6,220,220,25983,26511,26561,,578,,50,,,,,,50
3347,51,303,3,1,0,0x13,0,9,8,14,5.667,0.000,-5.667,-6,-5,220,220,25983,26561,26611,,628,,50,,,,,,50
3348,51,304,4,1,0,0x14,12,11,21,26,14.667,21.000,6.333,2,7,220,220,27108,27661,27711,,603,,50,,,,,,50
3349,51,304,4,1,0,0x14,13,11,28,29,17.333,28.000,10.667,7,11,220,220,27108,27711,27761,,653,,50,,,,,,50
3350,51,304,4,1,0,0x14,13,12,35,32,20.000,35.000,15.000,11,15,220,220,27108,27761,27811,,703,,50,,,,,,50
3351,51,304,4,1,0,0x14,14,12,43,34,23.000,43.000,20.000,15,20,220,220,27108,27811,27861,,753,,50,,,,,,50
3352,51,304,4,1,0,0x14,14,13,50,37,25.667,50.000,24.333,20,25,220,220,27108,27861,27911,,803,,50,,,,,,50
3353,51,304,4,1,0,0x14,15,13,58,40,28.667,58.000,29.333,25,30,220,220,27108,27911,27961,,853,,50,,,,,,50
3354,51,304,4,1,0,0x14,20,13,66,43,33.000,66.000,33.000,30,33,220,220,27108,27961,28011,,903,,50,,,,,,50
3355,51,304,4,1,0,0x14,16,14,73,45,34.333,73.000,38.667,33,39,220,220,27108,28011,28061,,953,,50,,,,,,50
3356,51,304,4,1,0,0x14,16,14,81,48,37.000,81.000,44.000,39,44,220,220,27108,28061,28111,,1003,,50,,,,,,50
3357,51,304,4,1,0,0x14,17,15,88,51,40.000,88.000,48.000,44,48,220,220,27108,28111,28161,,1053,,50,,,,,,50
3358,51,304,4,1,0,0x14,17,14,96,54,42.333,96.000,53.667,48,54,220,220,27108,28161,28211,,1103,,50,,,,,,50
3359,51,305,5,1,0,0x15,12,78,13,45,34.333,78.000,43.667,54,44,220,220,28258,28211,28311,,53,,100,,,,,,50
3360,51,305,5,1,0,0x15,15,73,14,45,34.000,73.000,39.000,44,39,220,220,28258,28311,28361,,103,,50,,,,,,50
3361,51,305,5,1,0,0x15,15,65,13,42,31.000,65.000,34.000,39,34,220,220,28258,28361,28411,,153,,50,,,,,,50
3362,51,305,5,1,0,0x15,14,57,12,39,27.667,57.000,29.333,34,30,220,220,28258,28411,28461,,203,,50,,,,,,50
3363,51,305,5,1,0,0x15,14,49,11,36,24.667,49.000,24.333,30,25,220,220,28258,28461,28511,,253,,50,,,,,,50
3364,51,305,5,1,0,0x15,14,41,11,33,22.000,41.000,19.000,25,19,220,220,28258,28511,28561,,303,,50,,,,,,50
3365,51,305,5,1,0,0x15,14,34,11,30,19.667,34.000,14.333,19,15,220,220,28258,28561,28611,,353,,50,,,,,,50
3366,51,305,5,1,0,0x15,13,26,10,28,16.333,26.000,9.667,15,10,220,220,28258,28611,28661,,403,,50,,,,,,50
3367,51,305,5,1,0,0x15,13,19,10,25,14.000,19.000,5.000,10,5,220,220,28258,28661,28711,,453,,50,,,,,,50
3368,51,306,6,1,0,0x16,0,9,8,14,5.667,0.000,-5.667,-5,-5,220,220,29408,29761,29811,,403,,50,,,,,,50
3369,51,306,6,1,0,0x16,0,9,8,16,5.667,0.000,-5.667,-5,-5,220,220,29408,29811,29861,,453,,50,,,,,,50
3370,51,306,6,1,0,0x16,5,10,9,19,8.000,5.000,-3.000,-5,-3,220,220,29408,29861,29911,,503,,50,,,,,,50
3371,51,306,6,1,1,0x36,13,10,9,22,10.667,13.000,2.333,-3,3,220,220,29408,29911,29961,0,553,36128,50,35625,29961,575,575,575,50
3372,51,306,6,1,0,0x16,24,11,10,25,15.000,24.000,9.000,3,9,220,220,29408,29961,30011,,603,,50,,,,,,50
3373,51,306,6,1,0,0x16,27,11,10,28,16.000,27.000,11.000,9,11,220,220,29408,30011,30061,,653,,50,,,,,,50
3374,51,306,6,1,0,0x16,35,11,10,30,18.667,35.000,16.333,11,17,220,220,29408,30061,30111,,703,,50,,,,,,50
3375,51,306,6,1,0,0x16,42,11,11,32,21.333,42.000,20.667,17,21,220,220,29408,30111,30161,,753,,50,,,,,,50
3376,51,306,6,1,0,0x16,49,13,11,36,24.333,49.000,24.667,21,25,220,220,29408,30161,30211,,803,,50,,,,,,50
3377,51,306,6,1,0,0x16,57,13,12,39,27.333,57.000,29.667,25,30,220,220,29408,30211,30261,,853,,50,,,,,,50
3378,51,306,6,1,0,0x16,65,13,12,41,30.000,65.000,35.000,30,35,220,220,29408,30261,30311,,903,,50,,,,,,50
3379,51,306,6,1,0,0x16,72,14,12,44,32.667,72.000,39.333,35,40,220,220,29408,30311,30361,,953,,50,,,,,,50
3380,51,306,6,1,0,0x16,79,14,13,46,35.333,79.000,43.667,40,44,220,220,29408,30361,30411,,1003,,50,,,,,,50
3381,51,306,6,1,0,0x16,87,14,13,49,38.000,87.000,49.000,44,49,220,220,29408,30411,30461,,1053,,50,,,,,,50
3382,51,306,6,1,0,0x16,93,15,13,52,40.333,93.000,52.667,49,53,220,220,29408,30461,30511,,1103,,50,,,,,,50
3383,52,307,1,1,0,0x11,15,11,80,46,35.333,80.000,44.667,53,45,220,220,30558,30511,30611,,53,,100,,,,,,50
3384,52,307,1,1,0,0x11,18,13,74,47,35.000,74.000,39.000,45,39,220,220,30558,30611,30661,,103,,50,,,,,,50
3385,52,307,1,1,0,0x11,17,13,66,43,32.000,66.000,34.000,39,34,220,220,30558,30661,30711,,153,,50,,,,,,50
3386,52,307,1,1,0,0x11,16,13,58,41,29.000,58.000,29.000,34,29,220,220,30558,30711,30761,,203,,50,,,,,,50
3387,52,307,1,1,0,0x11,15,12,50,37,25.667,50.000,24.333,29,25,220,220,30558,30761,30811,,253,,50,,,,,,50
3388,52,308,2,1,0,0x12,10,0,6,3,5.333,0.000,-5.333,-4,-5,220,220,31708,31861,31911,,203,,50,,,,,,50
3389,52,308,2,1,0,0x12,10,0,6,5,5.333,0.000,-5.333,-5,-5,220,220,31708,31911,31961,,253,,50,,,,,,50
3390,52,308,2,1,0,0x12,14,0,7,9,7.000,0.000,-7.000,-5,-7,220,220,31708,31961,32011,,303,,50,,,,,,50
3391,52,308,2,1,0,0x12,10,0,7,11,5.667,0.000,-5.667,-7,-5,220,220,31708,32011,32061,,353,,50,,,,,,50
3392,52,308,2,1,0,0x12,11,0,8,14,6.333,0.000,-6.333,-5,-6,220,220,31708,32061,32111,,403,,50,,,,,,50
3393,52,308,2,1,0,0x12,12,0,8,16,6.667,0.000,-6.667,-6,-6,220,220,31708,32111,32161,,453,,50,,,,,,50
3394,52,308,2,1,0,0x12,12,4,8,19,8.000,4.000,-4.000,-6,-4,220,220,31708,32161,32211,,503,,50,,,,,,50
3395,52,308,2,1,1,0x32,13,11,8,22,10.667,11.000,0.333,-4,1,220,220,31708,32211,32261,0,553,33828,50,33325,32261,575,575,575,50
3396,52,308,2,1,0,0x12,13,18,9,25,13.333,18.000,4.667,1,5,220,220,31708,32261,32311,,603,,50,,,,,,50
3397,52,308,2,1,0,0x12,14,25,9,27,16.000,25.000,9.000,5,9,220,220,31708,32311,32361,,653,,50,,,,,,50
3398,52,308,2,1,0,0x12,14,32,10,30,18.667,32.000,13.333,9,14,220,220,31708,32361,32411,,703,,50,,,,,,50
3399,52,308,2,1,0,0x12,14,40,11,32,21.667,40.000,18.333,14,19,220,220,31708,32411,32461,,753,,50,,,,,,50
3400,52,308,2,1,0,0x12,15,48,11,35,24.667,48.000,23.333,19,24,220,220,31708,32461,32511,,803,,50,,,,,,50
3401,52,308,2,1,0,0x12,15,55,11,38,27.000,55.000,28.000,24,28,220,220,31708,32511,32561,,853,,50,,,,,,50
3402,52,308,2,1,0,0x12,16,63,12,41,30.333,63.000,32.667,28,33,220,220,31708,32561,32611,,903,,50,,,,,,50
3403,52,308,2,1,0,0x12,16,71,12,44,33.000,71.000,38.000,33,38,220,220,31708,32611,32661,,953,,50,,,,,,50
3404,52,308,2,1,0,0x12,16,78,13,47,35.667,78.000,42.333,38,43,220,220,31708,32661,32711,,1003,,50,,,,,,50
3405,52,308,2,1,0,0x12,17,86,13,50,38.667,86.000,47.333,43,48,220,220,31708,32711,32761,,1053,,50,,,,,,50
3406,52,308,2,1,0,0x12,17,93,14,52,41.333,93.000,51.667,48,52,220,220,31708,32761,32811,,1103,,50,,,,,,50
3407,52,309,3,1,0,0x13,86,14,10,47,36.667,86.000,49.333,52,50,220,220,32858,32811,32911,,53,,100,,,,,,50
3408,52,309,3,1,0,0x13,0,5,5,0,3.333,0.000,-3.333,-3,-3,220,220,32858,33911,33961,,1103,,50,,,,,,50
3409,52,309,3,1,0,0x13,0,5,4,0,3.000,0.000,-3.000,-3,-3,220,220,32858,33961,34011,,1153,,50,,,,,,50
3410,52,309,3,1,0,0x13,0,4,4,0,2.667,0.000,-2.667,-3,-2,220,220,32858,34011,34061,,1203,,50,,,,,,50
3411,52,310,4,1,0,0x14,8,7,0,0,5.000,0.000,-5.000,-2,-5,220,220,34083,34061,34161,,78,,100,,,,,,50
3412,52,310,4,1,0,0x14,9,7,0,0,5.333,0.000,-5.333,-5,-5,220,220,34083,34161,34211,,128,,50,,,,,,50
3413,52,310,4,1,0,0x14,8,7,0,3,5.000,0.000,-5.000,-5,-5,220,220,34083,34211,34261,,178,,50,,,,,,50
3414,52,310,4,1,0,0x14,10,8,0,6,6.000,0.000,-6.000,-5,-6,220,220,34083,34261,34311,,228,,50,,,,,,50
3415,52,310,4,1,0,0x14,10,9,0,9,6.333,0.000,-6.333,-6,-6,220,220,34083,34311,34361,,278,,50,,,,,,50
3416,52,310,4,1,0,0x14,10,9,0,13,6.333,0.000,-6.333,-6,-6,220,220,34083,34361,34411,,328,,50,,,,,,50
3417,52,310,4,1,0,0x14,11,10,0,15,7.000,0.000,-7.000,-6,-7,220,220,34083,34411,34461,,378,,50,,,,,,50
3418,52,310,4,1,0,0x14,11,10,0,18,7.000,0.000,-7.000,-7,-7,220,220,34083,34461,34511,,428,,50,,,,,,50
3419,52,310,4,1,0,0x14,12,10,6,20,9.333,6.000,-3.333,-7,-3,220,220,34083,34511,34561,,478,,50,,,,,,50
3420,52,310,4,1,1,0x34,12,11,13,23,12.000,13.000,1.000,-3,1,220,220,34083,34561,34611,0,528,31453,50,30975,34611,575,575,575,50
3421,52,310,4,1,0,0x14,13,11,20,26,14.667,20.000,5.333,1,6,220,220,34083,34611,34661,,578,,50,,,,,,50
3422,52,310,4,1,0,0x14,13,11,27,28,17.000,27.000,10.000,6,10,220,220,34083,34661,34711,,628,,50,,,,,,50
3423,52,310,4,1,0,0x14,14,12,34,31,20.000,34.000,14.000,10,14,220,220,34083,34711,34761,,678,,50,,,,,,50
3424,52,310,4,1,0,0x14,14,12,41,34,22.333,41.000,18.667,14,19,220,220,34083,34761,34811,,728,,50,,,,,,50
3425,52,310,4,1,0,0x14,15,13,49,36,25.667,49.000,23.333,19,24,220,220,34083,34811,34861,,778,,50,,,,,,50
3426,52,310,4,1,0,0x14,15,13,56,40,28.000,56.000,28.000,24,28,220,220,34083,34861,34911,,828,,50,,,,,,50
3427,52,310,4,1,0,0x14,15,14,64,42,31.000,64.000,33.000,28,33,220,220,34083,34911,34961,,878,,50,,,,,,50
3428,52,311,5,1,0,0x15,14,0,7,4,7.000,0.000,-7.000,-5,-7,220,220,35208,36011,36061,,853,,50,,,,,,50
3429,52,311,5,1,0,0x15,9,0,6,2,5.000,0.000,-5.000,-7,-5,220,220,35208,36061,36111,,903,,50,,,,,,50
3430,52,311,5,1,0,0x15,8,0,5,0,4.333,0.000,-4.333,-5,-4,220,220,35208,36111,36161,,953,,50,,,,,,50
3431,52,311,5,1,0,0x15,8,0,5,0,4.333,0.000,-4.333,-4,-4,220,220,35208,36161,36211,,1003,,50,,,,,,50
3432,52,311,5,1,0,0x15,7,0,4,0,3.667,0.000,-3.667,-4,-3,220,220,35208,36211,36261,,1053,,50,,,,,,50
3433,52,311,5,1,0,0x15,7,0,4,0,3.667,0.000,-3.667,-3,-3,220,220,35208,36261,36311,,1103,,50,,,,,,50
3434,52,312,6,1,0,0x16,0,7,8,0,5.000,0.000,-5.000,-3,-5,220,220,36358,36311,36411,,53,,100,,,,,,50
3435,52,312,6,1,0,0x16,0,6,6,0,4.000,0.000,-4.000,-5,-4,220,220,36358,36411,36461,,103,,50,,,,,,50
3436,52,312,6,1,0,0x16,0,7,6,1,4.333,0.000,-4.333,-4,-4,220,220,36358,36461,36511,,153,,50,,,,,,50
3437,52,312,6,1,0,0x16,0,7,6,3,4.333,0.000,-4.333,-4,-4,220,220,36358,36511,36561,,203,,50,,,,,,50
3438,52,312,6,1,0,0x16,0,8,7,6,5.000,0.000,-5.000,-4,-5,220,220,36358,36561,36611,,253,,50,,,,,,50
3439,52,312,6,1,0,0x16,0,8,7,9,5.000,0.000,-5.000,-5,-5,220,220,36358,36611,36661,,303,,50,,,,,,50
3440,52,312,6,1,0,0x16,0,9,7,12,5.333,0.000,-5.333,-5,-5,220,220,36358,36661,36711,,353,,50,,,,,,50
3441,52,312,6,1,0,0x16,0,9,8,15,5.667,0.000,-5.667,-5,-5,220,220,36358,36711,36761,,403,,50,,,,,,50
3442,52,312,6,1,0,0x16,0,9,9,17,6.000,0.000,-6.000,-5,-6,220,220,36358,36761,36811,,453,,50,,,,,,50
3443,52,312,6,1,0,0x16,7,10,9,20,8.667,7.000,-1.667,-6,-1,220,220,36358,36811,36861,,503,,50,,,,,,50
3444,52,312,6,1,1,0x36,14,10,10,22,11.333,14.000,2.667,-1,3,220,220,36358,36861,36911,0,553,29178,50,28675,36911,575,575,575,50
3445,52,312,6,1,0,0x16,21,11,10,25,14.000,21.000,7.000,3,7,220,220,36358,36911,36961,,603,,50,,,,,,50
3446,52,312,6,1,0,0x16,33,11,10,28,18.000,33.000,15.000,7,15,220,220,36358,36961,37011,,653,,50,,,,,,50
3447,52,312,6,1,0,0x16,35,11,11,30,19.000,35.000,16.000,15,16,220,220,36358,37011,37061,,703,,50,,,,,,50
3448,53,313,1,1,0,0x11,13,9,0,17,7.333,0.000,-7.333,-5,-7,220,220,37508,38111,38161,,653,,50,,,,,,50
3449,53,313,1,1,0,0x11,12,9,0,14,7.000,0.000,-7.000,-7,-7,220,220,37508,38161,38211,,703,,50,,,,,,50
3450,53,313,1,1,0,0x11,11,9,0,12,6.667,0.000,-6.667,-7,-6,220,220,37508,38211,38261,,753,,50,,,,,,50
3451,53,313,1,1,0,0x11,10,8,0,9,6.000,0.000,-6.000,-6,-6,220,220,37508,38261,38311,,803,,50,,,,,,50
3452,53,313,1,1,0,0x11,10,8,0,6,6.000,0.000,-6.000,-6,-6,220,220,37508,38311,38361,,853,,50,,,,,,50
3453,53,313,1,1,0,0x11,10,7,0,3,5.667,0.000,-5.667,-6,-5,220,220,37508,38361,38411,,903,,50,,,,,,50
3454,53,313,1,1,0,0x11,9,7,0,0,5.333,0.000,-5.333,-5,-5,220,220,37508,38411,38461,,953,,50,,,,,,50
3455,53,313,1,1,0,0x11,8,6,0,0,4.667,0.000,-4.667,-5,-4,220,220,37508,38461,38511,,1003,,50,,,,,,50
3456,53,313,1,1,0,0x11,8,6,0,0,4.667,0.000,-4.667,-4,-4,220,220,37508,38511,38561,,1053,,50,,,,,,50
3457,53,313,1,1,0,0x11,8,5,0,0,4.333,0.000,-4.333,-4,-4,220,220,37508,38561,38611,,1103,,50,,,,,,50
3458,53,314,2,1,0,0x12,13,0,5,0,6.000,0.000,-6.000,-4,-6,220,220,38658,38611,38711,,53,,100,,,,,,50
3459,53,314,2,1,0,0x12,9,0,4,0,4.333,0.000,-4.333,-6,-4,220,220,38658,38711,38761,,103,,50,,,,,,50
3460,53,314,2,1,0,0x12,9,0,5,0,4.667,0.000,-4.667,-4,-4,220,220,38658,38761,38811,,153,,50,,,,,,50
3461,53,314,2,1,0,0x12,9,0,6,2,5.000,0.000,-5.000,-4,-5,220,220,38658,38811,38861,,203,,50,,,,,,50
3462,53,314,2,1,0,0x12,9,0,6,4,5.000,0.000,-5.000,-5,-5,220,220,38658,38861,38911,,253,,50,,,,,,50
3463,53,314,2,1,0,0x12,10,0,7,7,5.667,0.000,-5.667,-5,-5,220,220,38658,38911,38961,,303,,50,,,,,,50
3464,53,314,2,1,0,0x12,15,0,7,11,7.333,0.000,-7.333,-5,-7,220,220,38658,38961,39011,,353,,50,,,,,,50
3465,53,314,2,1,0,0x12,11,0,7,13,6.000,0.000,-6.000,-7,-6,220,220,38658,39011,39061,,403,,50,,,,,,50
3466,53,314,2,1,0,0x12,12,0,8,15,6.667,0.000,-6.667,-6,-6,220,220,38658,39061,39111,,453,,50,,,,,,50
3467,53,314,2,1,0,0x12,12,2,8,18,7.333,2.000,-5.333,-6,-5,220,220,38658,39111,39161,,503,,50,,,,,,50
3468,53,315,3,1,0,0x13,28,11,10,27,16.333,28.000,11.667,16,12,220,220,39883,40211,40261,,378,,50,,,,,,50
3469,53,315,3,1,0,0x13,21,11,9,25,13.667,21.000,7.333,12,8,220,220,39883,40261,40311,,428,,50,,,,,,50
3470,53,315,3,1,0,0x13,14,11,9,22,11.333,14.000,2.667,8,3,220,220,39883,40311,40361,,478,,50,,,,,,50
3471,53,315,3,1,1,0x33,7,10,9,20,8.667,7.000,-1.667,3,-1,220,220,39883,40361,40411,0,528,25653,50,25175,40411,575,575,575,50
3472,53,315,3,1,0,0x13,0,10,8,17,6.000,0.000,-6.000,-1,-6,220,220,39883,40411,40461,,578,,50,,,,,,50
3473,53,315,3,1,0,0x13,0,9,8,14,5.667,0.000,-5.667,-6,-5,220,220,39883,40461,40511,,628,,50,,,,,,50
3474,53,315,3,1,0,0x13,0,9,7,11,5.333,0.000,-5.333,-5,-5,220,220,39883,40511,40561,,678,,50,,,,,,50
3475,53,315,3,1,0,0x13,0,8,7,8,5.000,0.000,-5.000,-5,-5,220,220,39883,40561,40611,,728,,50,,,,,,50
3476,53,315,3,1,0,0x13,0,8,6,5,4.667,0.000,-4.667,-5,-4,220,220,39883,40611,40661,,778,,50,,,,,,50
3477,53,315,3,1,0,0x13,0,7,6,2,4.333,0.000,-4.333,-4,-4,220,220,39883,40661,40711,,828,,50,,,,,,50
3478,53,315,3,1,0,0x13,0,7,6,0,4.333,0.000,-4.333,-4,-4,220,220,39883,40711,40761,,878,,50,,,,,,50
3479,53,315,3,1,0,0x13,0,6,5,0,3.667,0.000,-3.667,-4,-3,220,220,39883,40761,40811,,928,,50,,,,,,50
3480,53,315,3,1,0,0x13,0,6,5,0,3.667,0.000,-3.667,-3,-3,220,220,39883,40811,40861,,978,,50,,,,,,50
3481,53,315,3,1,0,0x13,0,5,4,0,3.000,0.000,-3.000,-3,-3,220,220,39883,40861,40911,,1028,,50,,,,,,50
3482,53,315,3,1,0,0x13,0,5,4,0,3.000,0.000,-3.000,-3,-3,220,220,39883,40911,40961,,1078,,50,,,,,,50
3483,53,316,4,1,0,0x14,10,10,0,0,6.667,0.000,-6.667,-3,-6,220,220,41008,40961,41061,,53,,100,,,,,,50
3484,53,316,4,1,0,0x14,8,7,0,0,5.000,0.000,-5.000,-6,-5,220,220,41008,41061,41111,,103,,50,,,,,,50
3485,53,316,4,1,0,0x14,9,8,0,1,5.667,0.000,-5.667,-5,-5,220,220,41008,41111,41161,,153,,50,,,,,,50
3486,53,316,4,1,0,0x14,10,8,0,4,6.000,0.000,-6.000,-5,-6,220,220,41008,41161,41211,,203,,50,,,,,,50
3487,53,316,4,1,0,0x14,10,8,0,6,6.000,0.000,-6.000,-6,-6,220,220,41008,41211,41261,,253,,50,,,,,,50
3488,53,317,5,1,0,0x15,15,62,12,41,29.667,62.000,32.333,37,33,220,220,42233,42311,42361,,128,,50,,,,,,50
3489,53,317,5,1,0,0x15,14,55,12,38,27.000,55.000,28.000,33,28,220,220,42233,42361,42411,,178,,50,,,,,,50
3490,53,317,5,1,0,0x15,14,47,11,35,24.000,47.000,23.000,28,23,220,220,42233,42411,42461,,228,,50,,,,,,50
3491,53,317,5,1,0,0x15,14,39,11,32,21.333,39.000,17.667,23,18,220,220,42233,42461,42511,,278,,50,,,,,,50
3492,53,317,5,1,0,0x15,13,31,10,29,18.000,31.000,13.000,18,13,220,220,42233,42511,42561,,328,,50,,,,,,50
3493,53,317,5,1,0,0x15,13,24,10,27,15.667,24.000,8.333,13,9,220,220,42233,42561,42611,,378,,50,,,,,,50
3494,53,317,5,1,0,0x15,13,17,10,24,13.333,17.000,3.667,9,4,220,220,42233,42611,42661,,428,,50,,,,,,50
3495,53,317,5,1,1,0x35,12,9,9,21,10.000,9.000,-1.000,4,-1,220,220,42233,42661,42711,0,478,23303,50,22875,42711,550,550,550,50
3496,53,317,5,1,0,0x15,12,2,9,19,7.667,2.000,-5.667,-1,-5,220,220,42233,42711,42761,,528,,50,,,,,,50
3497,53,317,5,1,0,0x15,11,0,8,16,6.333,0.000,-6.333,-5,-6,220,220,42233,42761,42811,,578,,50,,,,,,50
3498,53,317,5,1,0,0x15,11,0,8,13,6.333,0.000,-6.333,-6,-6,220,220,42233,42811,42861,,628,,50,,,,,,50
3499,53,317,5,1,0,0x15,10,0,7,11,5.667,0.000,-5.667,-6,-5,220,220,42233,42861,42911,,678,,50,,,,,,50
3500,53,317,5,1,0,0x15,10,0,7,8,5.667,0.000,-5.667,-5,-5,220,220,42233,42911,42961,,728,,50,,,,,,50
3501,53,317,5,1,0,0x15,14,0,7,5,7.000,0.000,-7.000,-5,-7,220,220,42233,42961,43011,,778,,50,,,,,,50
3502,53,317,5,1,0,0x15,9,0,6,2,5.000,0.000,-5.000,-7,-5,220,220,42233,43011,43061,,828,,50,,,,,,50
3503,53,317,5,1,0,0x15,8,0,6,0,4.667,0.000,-4.667,-5,-4,220,220,42233,43061,43111,,878,,50,,,,,,50
3504,53,317,5,1,0,0x15,8,0,5,0,4.333,0.000,-4.333,-4,-4,220,220,42233,43111,43161,,928,,50,,,,,,50
3505,53,317,5,1,0,0x15,7,0,4,0,3.667,0.000,-3.667,-4,-3,220,220,42233,43161,43211,,978,,50,,,,,,50
3506,53,317,5,1,0,0x15,7,0,4,0,3.667,0.000,-3.667,-3,-3,220,220,42233,43211,43261,,1028,,50,,,,,,50
3507,53,318,6,1,0,0x16,0,5,5,0,3.333,0.000,-3.333,-3,-3,220,220,43283,43261,43361,,78,,100,,,,,,50
3508,53,318,6,1,0,0x16,93,15,13,52,40.333,93.000,52.667,48,53,220,220,43283,44361,44411,,1128,,50,,,,,,50
3509,54,319,1,1,0,0x11,15,11,80,46,35.333,80.000,44.667,53,45,220,220,44458,44411,44511,,53,,100,,,,,,50
3510,54,319,1,1,0,0x11,17,13,74,47,34.667,74.000,39.333,45,40,220,220,44458,44511,44561,,103,,50,,,,,,50
3511,54,319,1,1,0,0x11,17,13,66,44,32.000,66.000,34.000,40,34,220,220,44458,44561,44611,,153,,50,,,,,,50
3512,54,319,1,1,0,0x11,16,13,58,40,29.000,58.000,29.000,34,29,220,220,44458,44611,44661,,203,,50,,,,,,50
3513,54,319,1,1,0,0x11,15,13,50,37,26.000,50.000,24.000,29,24,220,220,44458,44661,44711,,253,,50,,,,,,50
3514,54,319,1,1,0,0x11,14,12,43,34,23.000,43.000,20.000,24,20,220,220,44458,44711,44761,,303,,50,,,,,,50
3515,54,319,1,1,0,0x11,14,11,36,32,20.333,36.000,15.667,20,16,220,220,44458,44761,44811,,353,,50,,,,,,50
3516,54,319,1,1,0,0x11,14,11,28,29,17.667,28.000,10.333,16,11,220,220,44458,44811,44861,,403,,50,,,,,,50
3517,54,319,1,1,0,0x11,14,11,21,26,15.333,21.000,5.667,11,6,220,220,44458,44861,44911,,453,,50,,,,,,50
3518,54,319,1,1,0,0x11,13,11,15,24,13.000,15.000,2.000,6,2,220,220,44458,44911,44961,,503,,50,,,,,,50
3519,54,319,1,1,1,0x31,17,10,8,22,11.667,8.000,-3.667,2,-3,220,220,44458,44961,45011,0,553,21078,50,20575,45011,575,575,575,50
3520,54,319,1,1,0,0x11,12,10,1,19,7.667,1.000,-6.667,-3,-6,220,220,44458,45011,45061,,603,,50,,,,,,50
3521,54,319,1,1,0,0x11,12,9,0,16,7.000,0.000,-7.000,-6,-7,220,220,44458,45061,45111,,653,,50,,,,,,50
3522,54,319,1,1,0,0x11,11,9,0,14,6.667,0.000,-6.667,-7,-6,220,220,44458,45111,45161,,703,,50,,,,,,50
3523,54,319,1,1,0,0x11,11,8,0,11,6.333,0.000,-6.333,-6,-6,220,220,44458,45161,45211,,753,,50,,,,,,50
3524,54,319,1,1,0,0x11,10,8,0,8,6.000,0.000,-6.000,-6,-6,220,220,44458,45211,45261,,803,,50,,,,,,50
3525,54,319,1,1,0,0x11,10,8,0,5,6.000,0.000,-6.000,-6,-6,220,220,44458,45261,45311,,853,,50,,,,,,50
3526,54,319,1,1,0,0x11,10,7,0,3,5.667,0.000,-5.667,-6,-5,220,220,44458,45311,45361,,903,,50,,,,,,50
3527,54,319,1,1,0,0x11,9,7,0,0,5.333,0.000,-5.333,-5,-5,220,220,44458,45361,45411,,953,,50,,,,,,50
3528,54,320,2,1,0,0x12,16,57,11,39,28.000,57.000,29.000,25,29,220,220,45608,46461,46511,,903,,50,,,,,,50
3529,54,320,2,1,0,0x12,16,65,12,42,31.000,65.000,34.000,29,34,220,220,45608,46511,46561,,953,,50,,,,,,50
3530,54,320,2,1,0,0x12,16,73,13,45,34.000,73.000,39.000,34,39,220,220,45608,46561,46611,,1003,,50,,,,,,50
3531,54,320,2,1,0,0x12,16,81,13,47,36.667,81.000,44.333,39,45,220,220,45608,46611,46661,,1053,,50,,,,,,50
3532,54,320,2,1,0,0x12,17,88,13,50,39.333,88.000,48.667,45,49,220,220,45608,46661,46711,,1103,,50,,,,,,50
3533,54,320,2,1,0,0x12,17,96,14,53,42.333,96.000,53.667,49,54,220,220,45608,46711,46761,,1153,,50,,,,,,50
3534,54,320,2,1,0,0x12,17,104,14,56,45.000,104.000,59.000,54,59,220,220,45608,46761,46811,,1203,,50,,,,,,50
3535,54,321,3,1,0,0x13,77,15,12,46,34.667,77.000,42.333,59,43,220,220,46833,46811,46911,,78,,100,,,,,,50
3536,54,321,3,1,0,0x13,70,14,12,43,32.000,70.000,38.000,43,38,220,220,46833,46911,46961,,128,,50,,,,,,50
3537,54,321,3,1,0,0x13,66,13,12,40,30.333,66.000,35.667,38,36,220,220,46833,46961,47011,,178,,50,,,,,,50
3538,54,321,3,1,0,0x13,54,13,11,36,26.000,54.000,28.000,36,28,220,220,46833,47011,47061,,228,,50,,,,,,50
3539,54,321,3,1,0,0x13,46,13,11,34,23.333,46.000,22.667,28,23,220,220,46833,47061,47111,,278,,50,,,,,,50
3540,54,321,3,1,0,0x13,38,12,10,31,20.000,38.000,18.000,23,18,220,220,46833,47111,47161,,328,,50,,,,,,50
3541,54,321,3,1,0,0x13,31,12,10,29,17.667,31.000,13.333,18,14,220,220,46833,47161,47211,,378,,50,,,,,,50
3542,54,321,3,1,0,0x13,24,11,9,26,14.667,24.000,9.333,14,10,220,220,46833,47211,47261,,428,,50,,,,,,50
3543,54,321,3,1,0,0x13,16,10,9,23,11.667,16.000,4.333,10,5,220,220,46833,47261,47311,,478,,50,,,,,,50
3544,54,321,3,1,0,0x13,10,10,9,20,9.667,10.000,0.333,5,1,220,220,46833,47311,47361,,528,,50,,,,,,50
3545,54,321,3,1,1,0x33,3,10,8,18,7.000,3.000,-4.000,1,-4,220,220,46833,47361,47411,0,578,18703,50,18175,47411,600,600,600,50
3546,54,321,3,1,0,0x13,0,9,8,15,5.667,0.000,-5.667,-4,-5,220,220,46833,47411,47461,,628,,50,,,,,,50
3547,54,321,3,1,0,0x13,0,9,7,13,5.333,0.000,-5.333,-5,-5,220,220,46833,47461,47511,,678,,50,,,,,,50
3548,54,322,4,1,0,0x14,13,11,27,28,17.000,27.000,10.000,6,10,220,220,48033,48561,48611,,578,,50,,,,,,50
3549,54,322,4,1,0,0x14,13,11,34,31,19.333,34.000,14.667,10,15,220,220,48033,48611,48661,,628,,50,,,,,,50
3550,54,322,4,1,0,0x14,14,12,41,34,22.333,41.000,18.667,15,19,220,220,48033,48661,48711,,678,,50,,,,,,50
3551,54,322,4,1,0,0x14,14,13,49,37,25.333,49.000,23.667,19,24,220,220,48033,48711,48761,,728,,50,,,,,,50
3552,54,322,4,1,0,0x14,14,13,57,39,28.000,57.000,29.000,24,29,220,220,48033,48761,48811,,778,,50,,,,,,50
3553,54,322,4,1,0,0x14,15,13,64,42,30.667,64.000,33.333,29,34,220,220,48033,48811,48861,,828,,50,,,,,,50
3554,54,322,4,1,0,0x14,15,13,71,45,33.000,71.000,38.000,34,38,220,220,48033,48861,48911,,878,,50,,,,,,50
3555,54,322,4,1,0,0x14,16,14,79,48,36.333,79.000,42.667,38,43,220,220,48033,48911,48961,,928,,50,,,,,,50
3556,54,322,4,1,0,0x14,21,15,86,51,40.667,86.000,45.333,43,46,220,220,48033,48961,49011,,978,,50,,,,,,50
3557,54,322,4,1,0,0x14,17,14,93,53,41.333,93.000,51.667,46,52,220,220,48033,49011,49061,,1028,,50,,,,,,50
3558,54,323,5,1,0,0x15,16,82,13,49,37.000,82.000,45.000,52,45,220,220,49083,49061,49161,,78,,100,,,,,,50
3559,54,323,5,1,0,0x15,16,75,13,46,34.667,75.000,40.333,45,41,220,220,49083,49161,49211,,128,,50,,,,,,50
3560,54,323,5,1,0,0x15,16,68,12,43,32.000,68.000,36.000,41,36,220,220,49083,49211,49261,,178,,50,,,,,,50
3561,54,323,5,1,0,0x15,15,60,12,40,29.000,60.000,31.000,36,31,220,220,49083,49261,49311,,228,,50,,,,,,50
3562,54,323,5,1,0,0x15,15,52,11,37,26.000,52.000,26.000,31,26,220,220,49083,49311,49361,,278,,50,,,,,,50
3563,54,323,5,1,0,0x15,14,45,11,35,23.333,45.000,21.667,26,22,220,220,49083,49361,49411,,328,,50,,,,,,50
3564,54,323,5,1,0,0x15,14,38,11,32,21.000,38.000,17.000,22,17,220,220,49083,49411,49461,,378,,50,,,,,,50
3565,54,323,5,1,0,0x15,13,30,11,29,18.000,30.000,12.000,17,12,220,220,49083,49461,49511,,428,,50,,,,,,50
3566,54,323,5,1,0,0x15,13,23,10,26,15.333,23.000,7.667,12,8,220,220,49083,49511,49561,,478,,50,,,,,,50
3567,54,323,5,1,0,0x15,12,16,9,24,12.333,16.000,3.667,8,4,220,220,49083,49561,49611,,528,,50,,,,,,50
3568,54,324,6,1,0,0x16,0,9,9,16,6.000,0.000,-6.000,-5,-6,220,220,50258,50661,50711,,453,,50,,,,,,50
3569,54,324,6,1,0,0x16,3,10,9,19,7.333,3.000,-4.333,-6,-4,220,220,50258,50711,50761,,503,,50,,,,,,50
3570,54,324,6,1,1,0x36,11,10,9,22,10.000,11.000,1.000,-4,1,220,220,50258,50761,50811,0,553,15278,50,14775,50811,575,575,575,50
3571,54,324,6,1,0,0x16,18,10,9,24,12.333,18.000,5.667,1,6,220,220,50258,50811,50861,,603,,50,,,,,,50
3572,54,324,6,1,0,0x16,26,11,10,27,15.667,26.000,10.333,6,11,220,220,50258,50861,50911,,653,,50,,,,,,50
3573,54,324,6,1,0,0x16,33,12,10,29,18.333,33.000,14.667,11,15,220,220,50258,50911,50961,,703,,50,,,,,,50
3574,54,324,6,1,0,0x16,45,12,11,33,22.667,45.000,22.333,15,23,220,220,50258,50961,51011,,753,,50,,,,,,50
3575,54,324,6,1,0,0x16,48,13,11,35,24.000,48.000,24.000,23,24,220,220,50258,51011,51061,,803,,50,,,,,,50
3576,54,324,6,1,0,0x16,55,12,11,38,26.000,55.000,29.000,24,29,220,220,50258,51061,51111,,853,,50,,,,,,50
3577,54,324,6,1,0,0x16,62,13,12,40,29.000,62.000,33.000,29,33,220,220,50258,51111,51161,,903,,50,,,,,,50
3578,54,324,6,1,0,0x16,69,13,12,43,31.333,69.000,37.667,33,38,220,220,50258,51161,51211,,953,,50,,,,,,50
3579,54,324,6,1,0,0x16,76,13,12,45,33.667,76.000,42.333,38,43,220,220,50258,51211,51261,,1003,,50,,,,,,50
3580,54,324,6,1,0,0x16,83,14,13,48,36.667,83.000,46.333,43,47,220,220,50258,51261,51311,,1053,,50,,,,,,50
3581,54,324,6,1,0,0x16,90,15,13,50,39.333,90.000,50.667,47,51,220,220,50258,51311,51361,,1103,,50,,,,,,50
3582,55,325,1,1,0,0x11,15,11,81,46,35.667,81.000,45.333,51,46,220,220,51408,51361,51461,,53,,100,,,,,,50
3583,55,325,1,1,0,0x11,18,13,75,47,35.333,75.000,39.667,46,40,220,220,51408,51461,51511,,103,,50,,,,,,50
3584,55,325,1,1,0,0x11,17,13,68,44,32.667,68.000,35.333,40,36,220,220,51408,51511,51561,,153,,50,,,,,,50
3585,55,325,1,1,0,0x11,16,13,60,41,29.667,60.000,30.333,36,31,220,220,51408,51561,51611,,203,,50,,,,,,50
3586,55,325,1,1,0,0x11,15,12,52,38,26.333,52.000,25.667,31,26,220,220,51408,51611,51661,,253,,50,,,,,,50
3587,55,325,1,1,0,0x11,15,12,44,35,23.667,44.000,20.333,26,21,220,220,51408,51661,51711,,303,,50,,,,,,50
3588,55,326,2,1,0,0x12,10,0,6,5,5.333,0.000,-5.333,-5,-5,220,220,52558,52761,52811,,253,,50,,,,,,50
3589,55,326,2,1,0,0x12,10,0,7,7,5.667,0.000,-5.667,-5,-5,220,220,52558,52811,52861,,303,,50,,,,,,50
3590,55,326,2,1,0,0x12,11,0,7,10,6.000,0.000,-6.000,-5,-6,220,220,52558,52861,52911,,353,,50,,,,,,50
3591,55,326,2,1,0,0x12,11,0,7,13,6.000,0.000,-6.000,-6,-6,220,220,52558,52911,52961,,403,,50,,,,,,50
3592,55,326,2,1,0,0x12,16,0,8,17,8.000,0.000,-8.000,-6,-8,220,220,52558,52961,53011,,453,,50,,,,,,50
3593,55,326,2,1,0,0x12,12,2,8,18,7.333,2.000,-5.333,-8,-5,220,220,52558,53011,53061,,503,,50,,,,,,50
3594,55,326,2,1,0,0x12,13,9,9,21,10.333,9.000,-1.333,-5,-1,220,220,52558,53061,53111,,553,,50,,,,,,50
3595,55,326,2,1,1,0x32,13,16,9,24,12.667,16.000,3.333,-1,4,220,220,52558,53111,53161,0,603,12978,50,12425,53161,600,600,600,50
3596,55,326,2,1,0,0x12,13,22,9,26,14.667,22.000,7.333,4,8,220,220,52558,53161,53211,,653,,50,,,,,,50
3597,55,326,2,1,0,0x12,14,29,10,28,17.667,29.000,11.333,8,12,220,220,52558,53211,53261,,703,,50,,,,,,50
3598,55,326,2,1,0,0x12,14,36,10,31,20.000,36.000,16.000,12,16,220,220,52558,53261,53311,,753,,50,,,,,,50
3599,55,326,2,1,0,0x12,15,44,10,34,23.000,44.000,21.000,16,21,220,220,52558,53311,53361,,803,,50,,,,,,50
3600,55,326,2,1,0,0x12,15,52,11,37,26.000,52.000,26.000,21,26,220,220,52558,53361,53411,,853,,50,,,,,,50
3601,55,326,2,1,0,0x12,15,58,11,40,28.000,58.000,30.000,26,30,220,220,52558,53411,53461,,903,,50,,,,,,50
3602,55,326,2,1,0,0x12,16,66,12,43,31.333,66.000,34.667,30,35,220,220,52558,53461,53511,,953,,50,,,,,,50
3603,55,326,2,1,0,0x12,16,74,12,45,34.000,74.000,40.000,35,40,220,220,52558,53511,53561,,1003,,50,,,,,,50
3604,55,326,2,1,0,0x12,16,81,13,48,36.667,81.000,44.333,40,45,220,220,52558,53561,53611,,1053,,50,,,,,,50
3605,55,326,2,1,0,0x12,17,89,13,51,39.667,89.000,49.333,45,50,220,220,52558,53611,53661,,1103,,50,,,,,,50
3606,55,326,2,1,0,0x12,17,97,14,53,42.667,97.000,54.333,50,55,220,220,52558,53661,53711,,1153,,50,,,,,,50
3607,55,326,2,1,0,0x12,17,105,14,56,45.333,105.000,59.667,55,60,220,220,52558,53711,53761,,1203,,50,,,,,,50
3608,55,327,3,1,0,0x13,0,5,4,0,3.000,0.000,-3.000,-3,-3,220,220,53783,54811,54861,,1078,,50,,,,,,50
3609,55,327,3,1,0,0x13,0,5,4,0,3.000,0.000,-3.000,-3,-3,220,220,53783,54861,54911,,1128,,50,,,,,,50
3610,55,327,3,1,0,0x13,0,4,4,0,2.667,0.000,-2.667,-3,-2,220,220,53783,54911,54961,,1178,,50,,,,,,50
3611,55,328,4,1,0,0x14,13,8,0,1,7.000,0.000,-7.000,-2,-7,220,220,54983,54961,55061,,78,,100,,,,,,50
3612,55,328,4,1,0,0x14,9,8,0,4,5.667,0.000,-5.667,-7,-5,220,220,54983,55061,55111,,128,,50,,,,,,50
3613,55,328,4,1,0,0x14,9,8,0,6,5.667,0.000,-5.667,-5,-5,220,220,54983,55111,55161,,178,,50,,,,,,50
3614,55,328,4,1,0,0x14,10,9,0,9,6.333,0.000,-6.333,-5,-6,220,220,54983,55161,55211,,228,,50,,,,,,50
3615,55,328,4,1,0,0x14,10,9,0,12,6.333,0.000,-6.333,-6,-6,220,220,54983,55211,55261,,278,,50,,,,,,50
3616,55,328,4,1,0,0x14,10,10,0,15,6.667,0.000,-6.667,-6,-6,220,220,54983,55261,55311,,328,,50,,,,,,50
3617,55,328,4,1,0,0x14,11,9,0,17,6.667,0.000,-6.667,-6,-6,220,220,54983,55311,55361,,378,,50,,,,,,50
3618,55,328,4,1,0,0x14,12,10,5,20,9.000,5.000,-4.000,-6,-4,220,220,54983,55361,55411,,428,,50,,,,,,50
3619,55,328,4,1,1,0x34,12,10,12,23,11.333,12.000,0.667,-4,1,220,220,54983,55411,55461,0,478,10553,50,10125,55461,550,550,550,50
3620,55,328,4,1,0,0x14,13,11,19,25,14.333,19.000,4.667,1,5,220,220,54983,55461,55511,,528,,50,,,,,,50
3621,55,328,4,1,0,0x14,13,11,26,28,16.667,26.000,9.333,5,10,220,220,54983,55511,55561,,578,,50,,,,,,50
3622,55,328,4,1,0,0x14,13,11,32,30,18.667,32.000,13.333,10,14,220,220,54983,55561,55611,,628,,50,,,,,,50
3623,55,328,4,1,0,0x14,14,12,40,33,22.000,40.000,18.000,14,18,220,220,54983,55611,55661,,678,,50,,,,,,50
3624,55,328,4,1,0,0x14,14,13,46,36,24.333,46.000,21.667,18,22,220,220,54983,55661,55711,,728,,50,,,,,,50
3625,55,328,4,1,0,0x14,14,12,54,38,26.667,54.000,27.333,22,28,220,220,54983,55711,55761,,778,,50,,,,,,50
3626,55,328,4,1,0,0x14,15,13,61,41,29.667,61.000,31.333,28,32,220,220,54983,55761,55811,,828,,50,,,,,,50
3627,55,328,4,1,0,0x14,15,14,69,44,32.667,69.000,36.333,32,37,220,220,54983,55811,55861,,878,,50,,,,,,50
3628,55,329,5,1,0,0x15,9,0,6,1,5.000,0.000,-5.000,-5,-5,220,220,56033,56911,56961,,928,,50,,,,,,50
3629,55,329,5,1,0,0x15,13,0,6,0,6.333,0.000,-6.333,-5,-6,220,220,56033,56961,57011,,978,,50,,,,,,50
3630,55,329,5,1,0,0x15,8,0,5,0,4.333,0.000,-4.333,-6,-4,220,220,56033,57011,57061,,1028,,50,,,,,,50
3631,55,329,5,1,0,0x15,8,0,4,0,4.000,0.000,-4.000,-4,-4,220,220,56033,57061,57111,,1078,,50,,,,,,50
3632,55,329,5,1,0,0x15,7,0,4,0,3.667,0.000,-3.667,-4,-3,220,220,56033,57111,57161,,1128,,50,,,,,,50
3633,55,330,6,1,0,0x16,0,7,8,0,5.000,0.000,-5.000,-3,-5,220,220,57208,57161,57261,,53,,100,,,,,,50
3634,55,330,6,1,0,0x16,0,5,6,0,3.667,0.000,-3.667,-5,-3,220,220,57208,57261,57311,,103,,50,,,,,,50
3635,55,330,6,1,0,0x16,0,7,6,0,4.333,0.000,-4.333,-3,-4,220,220,57208,57311,57361,,153,,50,,,,,,50
3636,55,330,6,1,0,0x16,0,7,6,3,4.333,0.000,-4.333,-4,-4,220,220,57208,57361,57411,,203,,50,,,,,,50
3637,55,330,6,1,0,0x16,0,7,6,5,4.333,0.000,-4.333,-4,-4,220,220,57208,57411,57461,,253,,50,,,,,,50
3638,55,330,6,1,0,0x16,0,8,7,8,5.000,0.000,-5.000,-4,-5,220,220,57208,57461,57511,,303,,50,,,,,,50
3639,55,330,6,1,0,0x16,0,8,8,11,5.333,0.000,-5.333,-5,-5,220,220,57208,57511,57561,,353,,50,,,,,,50
3640,55,330,6,1,0,0x16,0,9,8,14,5.667,0.000,-5.667,-5,-5,220,220,57208,57561,57611,,403,,50,,,,,,50
3641,55,330,6,1,0,0x16,0,9,9,17,6.000,0.000,-6.000,-5,-6,220,220,57208,57611,57661,,453,,50,,,,,,50
3642,55,330,6,1,0,0x16,6,10,9,19,8.333,6.000,-2.333,-6,-2,220,220,57208,57661,57711,,503,,50,,,,,,50
3643,55,330,6,1,1,0x36,13,10,9,22,10.667,13.000,2.333,-2,3,220,220,57208,57711,57761,0,553,8328,50,7825,57761,575,575,575,50
3644,55,330,6,1,0,0x16,20,10,10,25,13.333,20.000,6.667,3,7,220,220,57208,57761,57811,,603,,50,,,,,,50
3645,55,330,6,1,0,0x16,27,11,10,27,16.000,27.000,11.000,7,11,220,220,57208,57811,57861,,653,,50,,,,,,50
3646,55,330,6,1,0,0x16,34,11,10,30,18.333,34.000,15.667,11,16,220,220,57208,57861,57911,,703,,50,,,,,,50
3647,55,330,6,1,0,0x16,42,11,11,32,21.333,42.000,20.667,16,21,220,220,57208,57911,57961,,753,,50,,,,,,50
3648,56,331,1,1,0,0x11,16,9,0,14,8.333,0.000,-8.333,-7,-8,220,220,58358,59011,59061,,703,,50,,,,,,50
3649,56,331,1,1,0,0x11,11,8,0,11,6.333,0.000,-6.333,-8,-6,220,220,58358,59061,59111,,753,,50,,,,,,50
3650,56,331,1,1,0,0x11,10,8,0,8,6.000,0.000,-6.000,-6,-6,220,220,58358,59111,59161,,803,,50,,,,,,50
3651,56,331,1,1,0,0x11,10,8,0,5,6.000,0.000,-6.000,-6,-6,220,220,58358,59161,59211,,853,,50,,,,,,50
3652,56,331,1,1,0,0x11,10,7,0,2,5.667,0.000,-5.667,-6,-5,220,220,58358,59211,59261,,903,,50,,,,,,50
3653,56,331,1,1,0,0x11,9,6,0,0,5.000,0.000,-5.000,-5,-5,220,220,58358,59261,59311,,953,,50,,,,,,50
3654,56,331,1,1,0,0x11,8,6,0,0,4.667,0.000,-4.667,-5,-4,220,220,58358,59311,59361,,1003,,50,,,,,,50
3655,56,331,1,1,0,0x11,8,6,0,0,4.667,0.000,-4.667,-4,-4,220,220,58358,59361,59411,,1053,,50,,,,,,50
3656,56,331,1,1,0,0x11,7,5,0,0,4.000,0.000,-4.000,-4,-4,220,220,58358,59411,59461,,1103,,50,,,,,,50
3657,56,332,2,1,0,0x12,13,0,5,0,6.000,0.000,-6.000,-4,-6,220,220,59508,59461,59561,,53,,100,,,,,,50
3658,56,332,2,1,0,0x12,9,0,4,0,4.333,0.000,-4.333,-6,-4,220,220,59508,59561,59611,,103,,50,,,,,,50
3659,56,332,2,1,0,0x12,9,0,5,0,4.667,0.000,-4.667,-4,-4,220,220,59508,59611,59661,,153,,50,,,,,,50
3660,56,332,2,1,0,0x12,9,0,5,2,4.667,0.000,-4.667,-4,-4,220,220,59508,59661,59711,,203,,50,,,,,,50
3661,56,332,2,1,0,0x12,9,0,6,4,5.000,0.000,-5.000,-4,-5,220,220,59508,59711,59761,,253,,50,,,,,,50
3662,56,332,2,1,0,0x12,10,0,6,7,5.333,0.000,-5.333,-5,-5,220,220,59508,59761,59811,,303,,50,,,,,,50
3663,56,332,2,1,0,0x12,11,0,7,10,6.000,0.000,-6.000,-5,-6,220,220,59508,59811,59861,,353,,50,,,,,,50
3664,56,332,2,1,0,0x12,11,0,7,13,6.000,0.000,-6.000,-6,-6,220,220,59508,59861,59911,,403,,50,,,,,,50
3665,56,332,2,1,0,0x12,11,0,8,15,6.333,0.000,-6.333,-6,-6,220,220,59508,59911,59961,,453,,50,,,,,,50
3666,56,332,2,1,0,0x12,16,2,8,18,8.667,2.000,-6.667,-6,-6,220,220,59508,59961,60011,,503,,50,,,,,,50
3667,56,332,2,1,0,0x12,12,9,9,21,10.000,9.000,-1.000,-6,-1,220,220,59508,60011,60061,,553,,50,,,,,,50
3668,56,333,3,1,0,0x13,20,11,9,24,13.333,20.000,6.667,11,7,220,220,60733,61111,61161,,428,,50,,,,,,50
3669,56,333,3,1,0,0x13,13,11,8,22,10.667,13.000,2.333,7,3,220,220,60733,61161,61211,,478,,50,,,,,,50
3670,56,333,3,1,1,0x33,6,10,8,19,8.000,6.000,-2.000,3,-2,220,220,60733,61211,61261,0,528,4803,50,4325,61261,575,575,575,50
3671,56,333,3,1,0,0x13,0,10,8,17,6.000,0.000,-6.000,-2,-6,220,220,60733,61261,61311,,578,,50,,,,,,50
3672,56,333,3,1,0,0x13,0,9,8,14,5.667,0.000,-5.667,-6,-5,220,220,60733,61311,61361,,628,,50,,,,,,50
3673,56,333,3,1,0,0x13,0,9,8,11,5.667,0.000,-5.667,-5,-5,220,220,60733,61361,61411,,678,,50,,,,,,50
3674,56,333,3,1,0,0x13,0,8,7,8,5.000,0.000,-5.000,-5,-5,220,220,60733,61411,61461,,728,,50,,,,,,50
3675,56,333,3,1,0,0x13,0,8,6,5,4.667,0.000,-4.667,-5,-4,220,220,60733,61461,61511,,778,,50,,,,,,50
3676,56,333,3,1,0,0x13,0,8,6,2,4.667,0.000,-4.667,-4,-4,220,220,60733,61511,61561,,828,,50,,,,,,50
3677,56,333,3,1,0,0x13,0,7,6,0,4.333,0.000,-4.333,-4,-4,220,220,60733,61561,61611,,878,,50,,,,,,50
3678,56,333,3,1,0,0x13,0,6,5,0,3.667,0.000,-3.667,-4,-3,220,220,60733,61611,61661,,928,,50,,,,,,50
3679,56,333,3,1,0,0x13,0,6,5,0,3.667,0.000,-3.667,-3,-3,220,220,60733,61661,61711,,978,,50,,,,,,50
3680,56,333,3,1,0,0x13,0,5,4,0,3.000,0.000,-3.000,-3,-3,220,220,60733,61711,61761,,1028,,50,,,,,,50
3681,56,333,3,1,0,0x13,0,5,4,0,3.000,0.000,-3.000,-3,-3,220,220,60733,61761,61811,,1078,,50,,,,,,50
3682,56,334,4,1,0,0x14,10,10,0,0,6.667,0.000,-6.667,-3,-6,220,220,61858,61811,61911,,53,,100,,,,,,50
3683,56,334,4,1,0,0x14,7,8,0,0,5.000,0.000,-5.000,-6,-5,220,220,61858,61911,61961,,103,,50,,,,,,50
3684,56,334,4,1,0,0x14,13,8,0,1,7.000,0.000,-7.000,-5,-7,220,220,61858,61961,62011,,153,,50,,,,,,50
3685,56,334,4,1,0,0x14,9,8,0,3,5.667,0.000,-5.667,-7,-5,220,220,61858,62011,62061,,203,,50,,,,,,50
3686,56,334,4,1,0,0x14,10,8,0,6,6.000,0.000,-6.000,-5,-6,220,220,61858,62061,62111,,253,,50,,,,,,50
3687,56,334,4,1,0,0x14,10,8,0,9,6.000,0.000,-6.000,-6,-6,220,220,61858,62111,62161,,303,,50,,,,,,50
3688,56,335,5,1,0,0x15,14,50,11,36,25.000,50.000,25.000,30,25,220,220,63008,63211,63261,,253,,50,,,,,,50
3689,56,335,5,1,0,0x15,14,43,11,33,22.667,43.000,20.333,25,21,220,220,63008,63261,63311,,303,,50,,,,,,50
3690,56,335,5,1,0,0x15,14,35,11,31,20.000,35.000,15.000,21,15,220,220,63008,63311,63361,,353,,50,,,,,,50
3691,56,335,5,1,0,0x15,13,28,10,28,17.000,28.000,11.000,15,11,220,220,63008,63361,63411,,403,,50,,,,,,50
3692,56,335,5,1,0,0x15,13,20,10,26,14.333,20.000,5.667,11,6,220,220,63008,63411,63461,,453,,50,,,,,,50
3693,56,335,5,1,0,0x15,12,14,9,23,11.667,14.000,2.333,6,3,220,220,63008,63461,63511,,503,,50,,,,,,50
3694,56,335,5,1,1,0x35,12,7,9,21,9.333,7.000,-2.333,3,-2,220,220,63008,63511,63561,0,553,2528,50,2025,63561,575,575,575,50
3695,56,335,5,1,0,0x15,11,0,8,18,6.333,0.000,-6.333,-2,-6,220,220,63008,63561,63611,,603,,50,,,,,,50
3696,56,335,5,1,0,0x15,11,0,8,15,6.333,0.000,-6.333,-6,-6,220,220,63008,63611,63661,,653,,50,,,,,,50
3697,56,335,5,1,0,0x15,11,0,8,13,6.333,0.000,-6.333,-6,-6,220,220,63008,63661,63711,,703,,50,,,,,,50
3698,56,335,5,1,0,0x15,10,0,7,10,5.667,0.000,-5.667,-6,-5,220,220,63008,63711,63761,,753,,50,,,,,,50
3699,56,335,5,1,0,0x15,9,0,7,7,5.333,0.000,-5.333,-5,-5,220,220,63008,63761,63811,,803,,50,,,,,,50
3700,56,335,5,1,0,0x15,10,0,6,4,5.333,0.000,-5.333,-5,-5,220,220,63008,63811,63861,,853,,50,,,,,,50
3701,56,335,5,1,0,0x15,9,0,6,1,5.000,0.000,-5.000,-5,-5,220,220,63008,63861,63911,,903,,50,,,,,,50
3702,56,335,5,1,0,0x15,9,0,5,0,4.667,0.000,-4.667,-5,-4,220,220,63008,63911,63961,,953,,50,,,,,,50
3703,56,335,5,1,0,0x15,12,0,5,0,5.667,0.000,-5.667,-4,-5,220,220,63008,63961,64011,,1003,,50,,,,,,50
3704,56,335,5,1,0,0x15,7,0,4,0,3.667,0.000,-3.667,-5,-3,220,220,63008,64011,64061,,1053,,50,,,,,,50
3705,56,335,5,1,0,0x15,7,0,4,0,3.667,0.000,-3.667,-3,-3,220,220,63008,64061,64111,,1103,,50,,,,,,50
3706,56,336,6,1,0,0x16,0,7,8,0,5.000,0.000,-5.000,-3,-5,220,220,64158,64111,64211,,53,,100,,,,,,50
3707,56,336,6,1,0,0x16,0,6,6,0,4.000,0.000,-4.000,-5,-4,220,220,64158,64211,64261,,103,,50,,,,,,50
3708,57,337,1,1,0,0x11,15,10,78,45,34.333,78.000,43.667,56,44,220,220,65308,65261,65361,,53,,100,,,,,,50
3709,57,337,1,1,0,0x11,17,13,73,46,34.333,73.000,38.667,44,39,220,220,65308,65361,65411,,103,,50,,,,,,50
3710,57,337,1,1,0,0x11,17,13,65,43,31.667,65.000,33.333,39,34,220,220,65308,65411,65461,,153,,50,,,,,,50
3711,57,337,1,1,0,0x11,16,13,57,40,28.667,57.000,28.333,34,29,220,220,65308,65461,65511,,203,,50,,,,,,50
3712,57,337,1,1,0,0x11,15,13,49,37,25.667,49.000,23.333,29,24,220,220,65308,65511,25,,253,,50,,,,,,50
3713,57,337,1,1,0,0x11,15,12,42,34,23.000,42.000,19.000,24,19,220,220,65308,25,75,,303,,50,,,,,,50
3714,57,337,1,1,0,0x11,14,11,34,31,19.667,34.000,14.333,19,15,220,220,65308,75,125,,353,,50,,,,,,50
3715,57,337,1,1,0,0x11,14,11,27,28,17.333,27.000,9.667,15,10,220,220,65308,125,175,,403,,50,,,,,,50
3716,57,337,1,1,0,0x11,13,11,20,26,14.667,20.000,5.333,10,6,220,220,65308,175,225,,453,,50,,,,,,50
3717,57,337,1,1,0,0x11,13,10,14,23,12.333,14.000,1.667,6,2,220,220,65308,225,275,,503,,50,,,,,,50
3718,57,337,1,1,1,0x31,12,10,7,21,9.667,7.000,-2.667,2,-2,220,220,65308,275,325,0,553,228,50,65261,325,575,575,575,50
3719,57,337,1,1,0,0x11,12,10,0,19,7.333,0.000,-7.333,-2,-7,220,220,65308,325,375,,603,,50,,,,,,50
3720,57,337,1,1,0,0x11,12,9,0,16,7.000,0.000,-7.000,-7,-7,220,220,65308,375,425,,653,,50,,,,,,50
3721,57,337,1,1,0,0x11,16,9,0,14,8.333,0.000,-8.333,-7,-8,220,220,65308,425,475,,703,,50,,,,,,50
3722,57,337,1,1,0,0x11,10,9,0,11,6.333,0.000,-6.333,-8,-6,220,220,65308,475,525,,753,,50,,,,,,50
3723,57,337,1,1,0,0x11,10,8,0,8,6.000,0.000,-6.000,-6,-6,220,220,65308,525,575,,803,,50,,,,,,50
3724,57,337,1,1,0,0x11,10,8,0,5,6.000,0.000,-6.000,-6,-6,220,220,65308,575,625,,853,,50,,,,,,50
3725,57,337,1,1,0,0x11,10,7,0,2,5.667,0.000,-5.667,-6,-5,220,220,65308,625,675,,903,,50,,,,,,50
3726,57,337,1,1,0,0x11,9,7,0,0,5.333,0.000,-5.333,-5,-5,220,220,65308,675,725,,953,,50,,,,,,50
3727,57,337,1,1,0,0x11,8,6,0,0,4.667,0.000,-4.667,-5,-4,220,220,65308,725,775,,1003,,50,,,,,,50
3728,57,338,2,1,0,0x12,16,68,12,43,32.000,68.000,36.000,32,36,220,220,922,1825,1875,,953,,50,,,,,,50
3729,57,338,2,1,0,0x12,16,76,12,46,34.667,76.000,41.333,36,42,220,220,922,1875,1925,,1003,,50,,,,,,50
3730,57,338,2,1,0,0x12,16,83,13,48,37.333,83.000,45.667,42,46,220,220,922,1925,1975,,1053,,50,,,,,,50
3731,57,338,2,1,0,0x12,17,91,13,51,40.333,91.000,50.667,46,51,220,220,922,1975,2025,,1103,,50,,,,,,50
3732,57,338,2,1,0,0x12,17,98,14,54,43.000,98.000,55.000,51,55,220,220,922,2025,2075,,1153,,50,,,,,,50
3733,57,338,2,1,0,0x12,17,107,15,57,46.333,107.000,60.667,55,61,220,220,922,2075,2125,,1203,,50,,,,,,50
3734,57,339,3,1,0,0x13,73,14,12,44,33.000,73.000,40.000,61,40,220,220,2147,2125,2225,,78,,100,,,,,,50
3735,57,339,3,1,0,0x13,66,14,12,41,30.667,66.000,35.333,40,36,220,220,2147,2225,2275,,128,,50,,,,,,50
3736,57,339,3,1,0,0x13,58,13,11,38,27.333,58.000,30.667,36,31,220,220,2147,2275,2325,,178,,50,,,,,,50
3737,57,339,3,1,0,0x13,50,13,11,35,24.667,50.000,25.333,31,26,220,220,2147,2325,2375,,228,,50,,,,,,50
3738,57,339,3,1,0,0x13,42,12,10,32,21.333,42.000,20.667,26,21,220,220,2147,2375,2425,,278,,50,,,,,,50
3739,57,339,3,1,0,0x13,39,12,10,30,20.333,39.000,18.667,21,19,220,220,2147,2425,2475,,328,,50,,,,,,50
3740,57,339,3,1,0,0x13,28,11,10,27,16.333,28.000,11.667,19,12,220,220,2147,2475,2525,,378,,50,,,,,,50
3741,57,339,3,1,0,0x13,20,10,10,24,13.333,20.000,6.667,12,7,220,220,2147,2525,2575,,428,,50,,,,,,50
3742,57,339,3,1,0,0x13,13,11,9,22,11.000,13.000,2.000,7,2,220,220,2147,2575,2625,,478,,50,,,,,,50
3743,57,339,3,1,1,0x33,6,10,9,19,8.333,6.000,-2.333,2,-2,220,220,2147,2625,2675,0,528,63389,50,62911,2675,575,575,575,50
3744,57,339,3,1,0,0x13,0,10,8,16,6.000,0.000,-6.000,-2,-6,220,220,2147,2675,2725,,578,,50,,,,,,50
3745,57,339,3,1,0,0x13,0,9,8,14,5.667,0.000,-5.667,-6,-5,220,220,2147,2725,2775,,628,,50,,,,,,50
3746,57,339,3,1,0,0x13,0,9,8,11,5.667,0.000,-5.667,-5,-5,220,220,2147,2775,2825,,678,,50,,,,,,50
3747,57,339,3,1,0,0x13,0,9,7,8,5.333,0.000,-5.333,-5,-5,220,220,2147,2825,2875,,728,,50,,,,,,50
3748,57,340,4,1,0,0x14,14,12,37,32,21.000,37.000,16.000,12,16,220,220,3272,3925,3975,,703,,50,,,,,,50
3749,57,340,4,1,0,0x14,14,12,44,35,23.333,44.000,20.667,16,21,220,220,3272,3975,4025,,753,,50,,,,,,50
3750,57,340,4,1,0,0x14,14,13,51,38,26.000,51.000,25.000,21,25,220,220,3272,4025,4075,,803,,50,,,,,,50
3751,57,340,4,1,0,0x14,15,13,59,40,29.000,59.000,30.000,25,30,220,220,3272,4075,4125,,853,,50,,,,,,50
3752,57,340,4,1,0,0x14,16,13,66,43,31.667,66.000,34.333,30,35,220,220,3272,4125,4175,,903,,50,,,,,,50
3753,57,340,4,1,0,0x14,16,14,73,46,34.333,73.000,38.667,35,39,220,220,3272,4175,4225,,953,,50,,,,,,50
3754,57,340,4,1,0,0x14,16,14,81,48,37.000,81.000,44.000,39,44,220,220,3272,4225,4275,,1003,,50,,,,,,50
3755,57,340,4,1,0,0x14,17,14,88,51,39.667,88.000,48.333,44,49,220,220,3272,4275,4325,,1053,,50,,,,,,50
3756,57,340,4,1,0,0x14,17,15,95,54,42.333,95.000,52.667,49,53,220,220,3272,4325,4375,,1103,,50,,,,,,50
3757,57,341,5,1,0,0x15,16,80,13,46,36.333,80.000,43.667,53,44,220,220,4422,4375,4475,,53,,100,,,,,,50
3758,57,341,5,1,0,0x15,16,75,14,46,35.000,75.000,40.000,44,40,220,220,4422,4475,4525,,103,,50,,,,,,50
3759,57,341,5,1,0,0x15,15,67,13,43,31.667,67.000,35.333,40,36,220,220,4422,4525,4575,,153,,50,,,,,,50
3760,57,341,5,1,0,0x15,15,59,12,40,28.667,59.000,30.333,36,31,220,220,4422,4575,4625,,203,,50,,,,,,50
3761,57,341,5,1,0,0x15,15,51,11,37,25.667,51.000,25.333,31,26,220,220,4422,4625,4675,,253,,50,,,,,,50
3762,57,341,5,1,0,0x15,14,44,11,34,23.000,44.000,21.000,26,21,220,220,4422,4675,4725,,303,,50,,,,,,50
3763,57,341,5,1,0,0x15,14,36,11,31,20.333,36.000,15.667,21,16,220,220,4422,4725,4775,,353,,50,,,,,,50
3764,57,341,5,1,0,0x15,13,29,10,28,17.333,29.000,11.667,16,12,220,220,4422,4775,4825,,403,,50,,,,,,50
3765,57,341,5,1,0,0x15,13,22,10,26,15.000,22.000,7.000,12,7,220,220,4422,4825,4875,,453,,50,,,,,,50
3766,57,341,5,1,0,0x15,13,14,9,23,12.000,14.000,2.000,7,2,220,220,4422,4875,4925,,503,,50,,,,,,50
3767,57,341,5,1,1,0x35,12,7,9,21,9.333,7.000,-2.333,2,-2,220,220,4422,4925,4975,0,553,61114,50,60611,4975,575,575,575,50
3768,57,342,6,1,0,0x16,8,10,9,20,9.000,8.000,-1.000,-5,-1,220,220,5572,6025,6075,,503,,50,,,,,,50
3769,57,342,6,1,1,0x36,15,10,10,23,11.667,15.000,3.333,-1,4,220,220,5572,6075,6125,0,553,59964,50,59461,6125,575,575,575,50
3770,57,342,6,1,0,0x16,22,10,10,25,14.000,22.000,8.000,4,8,220,220,5572,6125,6175,,603,,50,,,,,,50
3771,57,342,6,1,0,0x16,29,11,10,28,16.667,29.000,12.333,8,13,220,220,5572,6175,6225,,653,,50,,,,,,50
3772,57,342,6,1,0,0x16,36,11,10,30,19.000,36.000,17.000,13,17,220,220,5572,6225,6275,,703,,50,,,,,,50
3773,57,342,6,1,0,0x16,43,12,11,33,22.000,43.000,21.000,17,21,220,220,5572,6275,6325,,753,,50,,,,,,50
3774,57,342,6,1,0,0x16,51,12,11,36,24.667,51.000,26.333,21,27,220,220,5572,6325,6375,,803,,50,,,,,,50
3775,57,342,6,1,0,0x16,58,13,11,39,27.333,58.000,30.667,27,31,220,220,5572,6375,6425,,853,,50,,,,,,50
3776,57,342,6,1,0,0x16,70,13,12,42,31.667,70.000,38.333,31,39,220,220,5572,6425,6475,,903,,50,,,,,,50
3777,57,342,6,1,0,0x16,73,13,12,44,32.667,73.000,40.333,39,41,220,220,5572,6475,6525,,953,,50,,,,,,50
3778,57,342,6,1,0,0x16,80,14,13,47,35.667,80.000,44.333,41,45,220,220,5572,6525,6575,,1003,,50,,,,,,50
3779,57,342,6,1,0,0x16,87,15,13,49,38.333,87.000,48.667,45,49,220,220,5572,6575,6625,,1053,,50,,,,,,50
3780,57,342,6,1,0,0x16,94,15,13,52,40.667,94.000,53.333,49,54,220,220,5572,6625,6675,,1103,,50,,,,,,50
3781,58,343,1,1,0,0x11,15,11,77,45,34.333,77.000,42.667,54,43,220,220,6722,6675,6775,,53,,100,,,,,,50
3782,58,343,1,1,0,0x11,17,13,72,46,34.000,72.000,38.000,43,38,220,220,6722,6775,6825,,103,,50,,,,,,50
3783,58,343,1,1,0,0x11,16,13,64,42,31.000,64.000,33.000,38,33,220,220,6722,6825,6875,,153,,50,,,,,,50
3784,58,343,1,1,0,0x11,16,13,56,40,28.333,56.000,27.667,33,28,220,220,6722,6875,6925,,203,,50,,,,,,50
3785,58,343,1,1,0,0x11,15,13,47,36,25.000,47.000,22.000,28,22,220,220,6722,6925,6975,,253,,50,,,,,,50
3786,58,343,1,1,0,0x11,14,12,40,34,22.000,40.000,18.000,22,18,220,220,6722,6975,7025,,303,,50,,,,,,50
3787,58,343,1,1,0,0x11,14,12,33,30,19.667,33.000,13.333,18,14,220,220,6722,7025,7075,,353,,50,,,,,,50
3788,58,344,2,1,0,0x12,10,0,7,8,5.667,0.000,-5.667,-5,-5,220,220,7872,8125,8175,,303,,50,,,,,,50
3789,58,344,2,1,0,0x12,11,0,7,11,6.000,0.000,-6.000,-5,-6,220,220,7872,8175,8225,,353,,50,,,,,,50
3790,58,344,2,1,0,0x12,11,0,8,14,6.333,0.000,-6.333,-6,-6,220,220,7872,8225,8275,,403,,50,,,,,,50
3791,58,344,2,1,0,0x12,12,0,8,17,6.667,0.000,-6.667,-6,-6,220,220,7872,8275,8325,,453,,50,,,,,,50
3792,58,344,2,1,0,0x12,12,5,8,20,8.333,5.000,-3.333,-6,-3,220,220,7872,8325,8375,,503,,50,,,,,,50
3793,58,344,2,1,1,0x32,12,11,9,22,10.667,11.000,0.333,-3,1,220,220,7872,8375,8425,0,553,57664,50,57161,8425,575,575,575,50
3794,58,344,2,1,0,0x12,17,18,9,25,14.667,18.000,3.333,1,4,220,220,7872,8425,8475,,603,,50,,,,,,50
3795,58,344,2,1,0,0x12,13,25,9,27,15.667,25.000,9.333,4,10,220,220,7872,8475,8525,,653,,50,,,,,,50
3796,58,344,2,1,0,0x12,14,32,10,30,18.667,32.000,13.333,10,14,220,220,7872,8525,8575,,703,,50,,,,,,50
3797,58,344,2,1,0,0x12,14,39,10,32,21.000,39.000,18.000,14,18,220,220,7872,8575,8625,,753,,50,,,,,,50
3798,58,344,2,1,0,0x12,14,46,11,35,23.667,46.000,22.333,18,23,220,220,7872,8625,8675,,803,,50,,,,,,50
3799,58,344,2,1,0,0x12,15,54,11,38,26.667,54.000,27.333,23,28,220,220,7872,8675,8725,,853,,50,,,,,,50
3800,58,344,2,1,0,0x12,15,61,11,41,29.000,61.000,32.000,28,32,220,220,7872,8725,8775,,903,,50,,,,,,50
3801,58,344,2,1,0,0x12,16,69,12,43,32.333,69.000,36.667,32,37,220,220,7872,8775,8825,,953,,50,,,,,,50
3802,58,344,2,1,0,0x12,16,77,13,46,35.333,77.000,41.667,37,42,220,220,7872,8825,8875,,1003,,50,,,,,,50
3803,58,344,2,1,0,0x12,17,85,13,49,38.333,85.000,46.667,42,47,220,220,7872,8875,8925,,1053,,50,,,,,,50
3804,58,344,2,1,0,0x12,17,93,13,51,41.000,93.000,52.000,47,52,220,220,7872,8925,8975,,1103,,50,,,,,,50
3805,58,345,3,1,0,0x13,88,14,10,48,37.333,88.000,50.667,52,51,220,220,9022,8975,9075,,53,,100,,,,,,50
3806,58,345,3,1,0,0x13,84,16,13,48,37.667,84.000,46.333,51,47,220,220,9022,9075,9125,,103,,50,,,,,,50
3807,58,345,3,1,0,0x13,76,15,12,45,34.333,76.000,41.667,47,42,220,220,9022,9125,9175,,153,,50,,,,,,50
3808,58,345,3,1,0,0x13,0,5,4,0,3.000,0.000,-3.000,-3,-3,220,220,9022,10175,10225,,1203,,50,,,,,,50
3809,58,346,4,1,0,0x14,9,8,0,0,5.667,0.000,-5.667,-3,-5,220,220,10247,10225,10325,,78,,100,,,,,,50
3810,58,346,4,1,0,0x14,9,7,0,2,5.333,0.000,-5.333,-5,-5,220,220,10247,10325,10375,,128,,50,,,,,,50
3811,58,346,4,1,0,0x14,9,7,0,5,5.333,0.000,-5.333,-5,-5,220,220,10247,10375,10425,,178,,50,,,,,,50
3812,58,346,4,1,0,0x14,14,8,0,8,7.333,0.000,-7.333,-5,-7,220,220,10247,10425,10475,,228,,50,,,,,,50
3813,58,346,4,1,0,0x14,10,8,0,11,6.000,0.000,-6.000,-7,-6,220,220,10247,10475,10525,,278,,50,,,,,,50
3814,58,346,4,1,0,0x14,11,9,0,13,6.667,0.000,-6.667,-6,-6,220,220,10247,10525,10575,,328,,50,,,,,,50
3815,58,346,4,1,0,0x14,11,10,0,16,7.000,0.000,-7.000,-6,-7,220,220,10247,10575,10625,,378,,50,,,,,,50
3816,58,346,4,1,0,0x14,11,9,2,19,7.333,2.000,-5.333,-7,-5,220,220,10247,10625,10675,,428,,50,,,,,,50
3817,58,346,4,1,0,0x14,12,10,8,21,10.000,8.000,-2.000,-5,-2,220,220,10247,10675,10725,,478,,50,,,,,,50
3818,58,346,4,1,1,0x34,12,11,16,24,13.000,16.000,3.000,-2,3,220,220,10247,10725,10775,0,528,55289,50,54811,10775,575,575,575,50
3819,58,346,4,1,0,0x14,13,11,22,26,15.333,22.000,6.667,3,7,220,220,10247,10775,10825,,578,,50,,,,,,50
3820,58,346,4,1,0,0x14,13,12,30,29,18.333,30.000,11.667,7,12,220,220,10247,10825,10875,,628,,50,,,,,,50
3821,58,346,4,1,0,0x14,14,12,37,32,21.000,37.000,16.000,12,16,220,220,10247,10875,10925,,678,,50,,,,,,50
3822,58,346,4,1,0,0x14,14,13,44,35,23.667,44.000,20.333,16,21,220,220,10247,10925,10975,,728,,50,,,,,,50
3823,58,346,4,1,0,0x14,15,13,52,38,26.667,52.000,25.333,21,26,220,220,10247,10975,11025,,778,,50,,,,,,50
3824,58,346,4,1,0,0x14,15,13,59,41,29.000,59.000,30.000,26,30,220,220,10247,11025,11075,,828,,50,,,,,,50
3825,58,346,4,1,0,0x14,15,14,66,43,31.667,66.000,34.333,30,35,220,220,10247,11075,11125,,878,,50,,,,,,50
3826,58,346,4,1,0,0x14,16,14,74,46,34.667,74.000,39.333,35,40,220,220,10247,11125,11175,,928,,50,,,,,,50
3827,58,346,4,1,0,0x14,16,14,82,49,37.333,82.000,44.667,40,45,220,220,10247,11175,11225,,978,,50,,,,,,50
3828,58,347,5,1,0,0x15,8,0,5,0,4.333,0.000,-4.333,-5,-4,220,220,11372,12275,12325,,953,,50,,,,,,50
3829,58,347,5,1,0,0x15,8,0,5,0,4.333,0.000,-4.333,-4,-4,220,220,11372,12325,12375,,1003,,50,,,,,,50
3830,58,347,5,1,0,0x15,7,0,4,0,3.667,0.000,-3.667,-4,-3,220,220,11372,12375,12425,,1053,,50,,,,,,50
3831,58,347,5,1,0,0x15,11,0,4,0,5.000,0.000,-5.000,-3,-5,220,220,11372,12425,12475,,1103,,50,,,,,,50
3832,58,348,6,1,0,0x16,0,8,8,0,5.333,0.000,-5.333,-5,-5,220,220,12522,12475,12575,,53,,100,,,,,,50
3833,58,348,6,1,0,0x16,0,6,6,0,4.000,0.000,-4.000,-5,-4,220,220,12522,12575,12625,,103,,50,,,,,,50
3834,58,348,6,1,0,0x16,0,6,6,0,4.000,0.000,-4.000,-4,-4,220,220,12522,12625,12675,,153,,50,,,,,,50
3835,58,348,6,1,0,0x16,0,7,6,3,4.333,0.000,-4.333,-4,-4,220,220,12522,12675,12725,,203,,50,,,,,,50
3836,58,348,6,1,0,0x16,0,8,7,5,5.000,0.000,-5.000,-4,-5,220,220,12522,12725,12775,,253,,50,,,,,,50
3837,58,348,6,1,0,0x16,0,8,7,8,5.000,0.000,-5.000,-5,-5,220,220,12522,12775,12825,,303,,50,,,,,,50
3838,58,348,6,1,0,0x16,0,8,8,11,5.333,0.000,-5.333,-5,-5,220,220,12522,12825,12875,,353,,50,,,,,,50
3839,58,348,6,1,0,0x16,0,9,8,14,5.667,0.000,-5.667,-5,-5,220,220,12522,12875,12925,,403,,50,,,,,,50
3840,58,348,6,1,0,0x16,0,9,9,17,6.000,0.000,-6.000,-5,-6,220,220,12522,12925,12975,,453,,50,,,,,,50
3841,58,348,6,1,0,0x16,7,10,9,20,8.667,7.000,-1.667,-6,-1,220,220,12522,12975,13025,,503,,50,,,,,,50
3842,58,348,6,1,1,0x36,14,10,9,22,11.000,14.000,3.000,-1,3,220,220,12522,13025,13075,0,553,53014,50,52511,13075,575,575,575,50
3843,58,348,6,1,0,0x16,21,11,10,25,14.000,21.000,7.000,3,7,220,220,12522,13075,13125,,603,,50,,,,,,50
3844,58,348,6,1,0,0x16,29,11,10,28,16.667,29.000,12.333,7,13,220,220,12522,13125,13175,,653,,50,,,,,,50
3845,58,348,6,1,0,0x16,36,11,10,31,19.000,36.000,17.000,13,17,220,220,12522,13175,13225,,703,,50,,,,,,50
3846,58,348,6,1,0,0x16,43,12,11,33,22.000,43.000,21.000,17,21,220,220,12522,13225,13275,,753,,50,,,,,,50
3847,58,348,6,1,0,0x16,51,12,11,36,24.667,51.000,26.333,21,27,220,220,12522,13275,13325,,803,,50,,,,,,50
3848,59,349,1,1,0,0x11,11,9,0,10,6.667,0.000,-6.667,-6,-6,220,220,13672,14375,14425,,753,,50,,,,,,50
3849,59,349,1,1,0,0x11,15,8,0,8,7.667,0.000,-7.667,-6,-7,220,220,13672,14425,14475,,803,,50,,,,,,50
3850,59,349,1,1,0,0x11,10,8,0,4,6.000,0.000,-6.000,-7,-6,220,220,13672,14475,14525,,853,,50,,,,,,50
3851,59,349,1,1,0,0x11,9,7,0,1,5.333,0.000,-5.333,-6,-5,220,220,13672,14525,14575,,903,,50,,,,,,50
3852,59,349,1,1,0,0x11,9,7,0,0,5.333,0.000,-5.333,-5,-5,220,220,13672,14575,14625,,953,,50,,,,,,50
3853,59,349,1,1,0,0x11,8,6,0,0,4.667,0.000,-4.667,-5,-4,220,220,13672,14625,14675,,1003,,50,,,,,,50
3854,59,349,1,1,0,0x11,8,6,0,0,4.667,0.000,-4.667,-4,-4,220,220,13672,14675,14725,,1053,,50,,,,,,50
3855,59,349,1,1,0,0x11,7,5,0,0,4.000,0.000,-4.000,-4,-4,220,220,13672,14725,14775,,1103,,50,,,,,,50
3856,59,350,2,1,0,0x12,13,0,6,0,6.333,0.000,-6.333,-4,-6,220,220,14822,14775,14875,,53,,100,,,,,,50
3857,59,350,2,1,0,0x12,10,0,4,0,4.667,0.000,-4.667,-6,-4,220,220,14822,14875,14925,,103,,50,,,,,,50
3858,59,350,2,1,0,0x12,9,0,5,1,4.667,0.000,-4.667,-4,-4,220,220,14822,14925,14975,,153,,50,,,,,,50
3859,59,350,2,1,0,0x12,10,0,6,3,5.333,0.000,-5.333,-4,-5,220,220,14822,14975,15025,,203,,50,,,,,,50
3860,59,350,2,1,0,0x12,10,0,6,5,5.333,0.000,-5.333,-5,-5,220,220,14822,15025,15075,,253,,50,,,,,,50
3861,59,350,2,1,0,0x12,10,0,7,9,5.667,0.000,-5.667,-5,-5,220,220,14822,15075,15125,,303,,50,,,,,,50
3862,59,350,2,1,0,0x12,11,0,7,12,6.000,0.000,-6.000,-5,-6,220,220,14822,15125,15175,,353,,50,,,,,,50
3863,59,350,2,1,0,0x12,11,0,8,15,6.333,0.000,-6.333,-6,-6,220,220,14822,15175,15225,,403,,50,,,,,,50
3864,59,350,2,1,0,0x12,12,0,8,17,6.667,0.000,-6.667,-6,-6,220,220,14822,15225,15275,,453,,50,,,,,,50
3865,59,350,2,1,0,0x12,12,6,8,20,8.667,6.000,-2.667,-6,-2,220,220,14822,15275,15325,,503,,50,,,,,,50
3866,59,350,2,1,1,0x32,13,13,9,22,11.667,13.000,1.333,-2,2,220,220,14822,15325,15375,0,553,50714,50,50211,15375,575,575,575,50
3867,59,350,2,1,0,0x12,13,20,10,25,14.333,20.000,5.667,2,6,220,220,14822,15375,15425,,603,,50,,,,,,50
3868,59,351,3,1,0,0x13,18,11,9,22,12.667,18.000,5.333,6,6,220,220,15972,16475,16525,,553,,50,,,,,,50
3869,59,351,3,1,1,0x33,6,10,9,19,8.333,6.000,-2.333,6,-2,220,220,15972,16525,16575,0,603,49564,50,49011,16575,600,600,600,50
3870,59,351,3,1,0,0x13,0,10,8,17,6.000,0.000,-6.000,-2,-6,220,220,15972,16575,16625,,653,,50,,,,,,50
3871,59,351,3,1,0,0x13,0,9,8,14,5.667,0.000,-5.667,-6,-5,220,220,15972,16625,16675,,703,,50,,,,,,50
3872,59,351,3,1,0,0x13,0,9,7,12,5.333,0.000,-5.333,-5,-5,220,220,15972,16675,16725,,753,,50,,,,,,50
3873,59,351,3,1,0,0x13,0,9,7,9,5.333,0.000,-5.333,-5,-5,220,220,15972,16725,16775,,803,,50,,,,,,50
3874,59,351,3,1,0,0x13,0,8,7,6,5.000,0.000,-5.000,-5,-5,220,220,15972,16775,16825,,853,,50,,,,,,50
3875,59,351,3,1,0,0x13,0,8,6,3,4.667,0.000,-4.667,-5,-4,220,220,15972,16825,16875,,903,,50,,,,,,50
3876,59,351,3,1,0,0x13,0,8,6,0,4.667,0.000,-4.667,-4,-4,220,220,15972,16875,16925,,953,,50,,,,,,50
3877,59,351,3,1,0,0x13,0,7,5,0,4.000,0.000,-4.000,-4,-4,220,220,15972,16925,16975,,1003,,50,,,,,,50
3878,59,351,3,1,0,0x13,0,6,5,0,3.667,0.000,-3.667,-4,-3,220,220,15972,16975,17025,,1053,,50,,,,,,50
3879,59,351,3,1,0,0x13,0,6,5,0,3.667,0.000,-3.667,-3,-3,220,220,15972,17025,17075,,1103,,50,,,,,,50
3880,59,351,3,1,0,0x13,0,5,4,0,3.000,0.000,-3.000,-3,-3,220,220,15972,17075,17125,,1153,,50,,,,,,50
3881,59,351,3,1,0,0x13,0,5,4,0,3.000,0.000,-3.000,-3,-3,220,220,15972,17125,17175,,1203,,50,,,,,,50
3882,59,352,4,1,0,0x14,8,7,0,0,5.000,0.000,-5.000,-3,-5,220,220,17197,17175,17275,,78,,100,,,,,,50
3883,59,352,4,1,0,0x14,9,7,0,1,5.333,0.000,-5.333,-5,-5,220,220,17197,17275,17325,,128,,50,,,,,,50
3884,59,352,4,1,0,0x14,9,7,0,4,5.333,0.000,-5.333,-5,-5,220,220,17197,17325,17375,,178,,50,,,,,,50
3885,59,352,4,1,0,0x14,10,8,0,7,6.000,0.000,-6.000,-5,-6,220,220,17197,17375,17425,,228,,50,,,,,,50
3886,59,352,4,1,0,0x14,15,9,0,10,8.000,0.000,-8.000,-6,-8,220,220,17197,17425,17475,,278,,50,,,,,,50
3887,59,352,4,1,0,0x14,10,9,0,12,6.333,0.000,-6.333,-8,-6,220,220,17197,17475,17525,,328,,50,,,,,,50
3888,59,353,5,1,0,0x15,14,41,11,33,22.000,41.000,19.000,24,19,220,220,18322,18575,18625,,303,,50,,,,,,50
3889,59,353,5,1,0,0x15,13,34,10,30,19.000,34.000,15.000,19,15,220,220,18322,18625,18675,,353,,50,,,,,,50
3890,59,353,5,1,0,0x15,13,27,10,28,16.667,27.000,10.333,15,11,220,220,18322,18675,18725,,403,,50,,,,,,50
3891,59,353,5,1,0,0x15,13,20,10,25,14.333,20.000,5.667,11,6,220,220,18322,18725,18775,,453,,50,,,,,,50
3892,59,353,5,1,0,0x15,12,13,10,22,11.667,13.000,1.333,6,2,220,220,18322,18775,18825,,503,,50,,,,,,50
3893,59,353,5,1,1,0x35,12,6,9,20,9.000,6.000,-3.000,2,-3,220,220,18322,18825,18875,0,553,47214,50,46711,18875,575,575,575,50
3894,59,353,5,1,0,0x15,11,0,9,18,6.667,0.000,-6.667,-3,-6,220,220,18322,18875,18925,,603,,50,,,,,,50
3895,59,353,5,1,0,0x15,11,0,8,15,6.333,0.000,-6.333,-6,-6,220,220,18322,18925,18975,,653,,50,,,,,,50
3896,59,353,5,1,0,0x15,11,0,8,12,6.333,0.000,-6.333,-6,-6,220,220,18322,18975,19025,,703,,50,,,,,,50
3897,59,353,5,1,0,0x15,10,0,7,9,5.667,0.000,-5.667,-6,-5,220,220,18322,19025,19075,,753,,50,,,,,,50
3898,59,353,5,1,0,0x15,9,0,7,6,5.333,0.000,-5.333,-5,-5,220,220,18322,19075,19125,,803,,50,,,,,,50
3899,59,353,5,1,0,0x15,9,0,6,3,5.000,0.000,-5.000,-5,-5,220,220,18322,19125,19175,,853,,50,,,,,,50
3900,59,353,5,1,0,0x15,9,0,6,0,5.000,0.000,-5.000,-5,-5,220,220,18322,19175,19225,,903,,50,,,,,,50
3901,59,353,5,1,0,0x15,8,0,5,0,4.333,0.000,-4.333,-5,-4,220,220,18322,19225,19275,,953,,50,,,,,,50
3902,59,353,5,1,0,0x15,8,0,5,0,4.333,0.000,-4.333,-4,-4,220,220,18322,19275,19325,,1003,,50,,,,,,50
3903,59,353,5,1,0,0x15,7,0,4,0,3.667,0.000,-3.667,-4,-3,220,220,18322,19325,19375,,1053,,50,,,,,,50
3904,59,353,5,1,0,0x15,7,0,4,0,3.667,0.000,-3.667,-3,-3,220,220,18322,19375,19425,,1103,,50,,,,,,50
3905,59,354,6,1,0,0x16,0,7,8,0,5.000,0.000,-5.000,-3,-5,220,220,19472,19425,19525,,53,,100,,,,,,50
3906,59,354,6,1,0,0x16,0,6,6,0,4.000,0.000,-4.000,-5,-4,220,220,19472,19525,19575,,103,,50,,,,,,50
3907,59,354,6,1,0,0x16,0,7,6,1,4.333,0.000,-4.333,-4,-4,220,220,19472,19575,19625,,153,,50,,,,,,50
3908,60,355,1,1,0,0x11,18,14,75,47,35.667,75.000,39.333,46,40,220,220,20622,20675,20725,,103,,50,,,,,,50
3909,60,355,1,1,0,0x11,17,13,68,44,32.667,68.000,35.333,40,36,220,220,20622,20725,20775,,153,,50,,,,,,50
3910,60,355,1,1,0,0x11,16,13,60,41,29.667,60.000,30.333,36,31,220,220,20622,20775,20825,,203,,50,,,,,,50
3911,60,355,1,1,0,0x11,15,13,52,38,26.667,52.000,25.333,31,26,220,220,20622,20825,20875,,253,,50,,,,,,50
3912,60,355,1,1,0,0x11,15,12,44,35,23.667,44.000,20.333,26,21,220,220,20622,20875,20925,,303,,50,,,,,,50
3913,60,355,1,1,0,0x11,15,12,37,32,21.333,37.000,15.667,21,16,220,220,20622,20925,20975,,353,,50,,,,,,50
3914,60,355,1,1,0,0x11,14,11,30,30,18.333,30.000,11.667,16,12,220,220,20622,20975,21025,,403,,50,,,,,,50
3915,60,355,1,1,0,0x11,14,11,22,27,15.667,22.000,6.333,12,7,220,220,20622,21025,21075,,453,,50,,,,,,50
3916,60,355,1,1,0,0x11,13,10,16,24,13.000,16.000,3.000,7,3,220,220,20622,21075,21125,,503,,50,,,,,,50
3917,60,355,1,1,1,0x31,13,10,9,22,10.667,9.000,-1.667,3,-1,220,220,20622,21125,21175,0,553,44914,50,44411,21175,575,575,575,50
3918,60,355,1,1,0,0x11,12,10,2,19,8.000,2.000,-6.000,-1,-6,220,220,20622,21175,21225,,603,,50,,,,,,50
3919,60,355,1,1,0,0x11,12,9,0,16,7.000,0.000,-7.000,-6,-7,220,220,20622,21225,21275,,653,,50,,,,,,50
3920,60,355,1,1,0,0x11,11,9,0,13,6.667,0.000,-6.667,-7,-6,220,220,20622,21275,21325,,703,,50,,,,,,50
3921,60,355,1,1,0,0x11,11,8,0,11,6.333,0.000,-6.333,-6,-6,220,220,20622,21325,21375,,753,,50,,,,,,50
3922,60,355,1,1,0,0x11,11,8,0,8,6.333,0.000,-6.333,-6,-6,220,220,20622,21375,21425,,803,,50,,,,,,50
3923,60,355,1,1,0,0x11,14,8,0,6,7.333,0.000,-7.333,-6,-7,220,220,20622,21425,21475,,853,,50,,,,,,50
3924,60,355,1,1,0,0x11,9,7,0,2,5.333,0.000,-5.333,-7,-5,220,220,20622,21475,21525,,903,,50,,,,,,50
3925,60,355,1,1,0,0x11,9,7,0,0,5.333,0.000,-5.333,-5,-5,220,220,20622,21525,21575,,953,,50,,,,,,50
3926,60,355,1,1,0,0x11,9,6,0,0,5.000,0.000,-5.000,-5,-5,220,220,20622,21575,21625,,1003,,50,,,,,,50
3927,60,355,1,1,0,0x11,8,5,0,0,4.333,0.000,-4.333,-5,-4,220,220,20622,21625,21675,,1053,,50,,,,,,50
3928,60,356,2,1,0,0x12,16,75,13,45,34.667,75.000,40.333,36,41,220,220,21772,22725,22775,,1003,,50,,,,,,50
3929,60,356,2,1,0,0x12,16,82,13,48,37.000,82.000,45.000,41,45,220,220,21772,22775,22825,,1053,,50,,,,,,50
3930,60,356,2,1,0,0x12,17,90,13,51,40.000,90.000,50.000,45,50,220,220,21772,22825,22875,,1103,,50,,,,,,50
3931,60,356,2,1,0,0x12,17,97,14,54,42.667,97.000,54.333,50,55,220,220,21772,22875,22925,,1153,,50,,,,,,50
3932,60,356,2,1,0,0x12,17,106,14,56,45.667,106.000,60.333,55,61,220,220,21772,22925,22975,,1203,,50,,,,,,50
3933,60,357,3,1,0,0x13,73,14,12,44,33.000,73.000,40.000,61,40,220,220,22997,22975,23075,,78,,100,,,,,,50
3934,60,357,3,1,0,0x13,65,14,12,41,30.333,65.000,34.667,40,35,220,220,22997,23075,23125,,128,,50,,,,,,50
3935,60,357,3,1,0,0x13,57,13,11,38,27.000,57.000,30.000,35,30,220,220,22997,23125,23175,,178,,50,,,,,,50
3936,60,357,3,1,0,0x13,50,13,11,35,24.667,50.000,25.333,30,26,220,220,22997,23175,23225,,228,,50,,,,,,50
3937,60,357,3,1,0,0x13,42,12,11,32,21.667,42.000,20.333,26,21,220,220,22997,23225,23275,,278,,50,,,,,,50
3938,60,357,3,1,0,0x13,35,12,10,29,19.000,35.000,16.000,21,16,220,220,22997,23275,23325,,328,,50,,,,,,50
3939,60,357,3,1,0,0x13,27,11,10,27,16.000,27.000,11.000,16,11,220,220,22997,23325,23375,,378,,50,,,,,,50
3940,60,357,3,1,0,0x13,20,11,9,24,13.333,20.000,6.667,11,7,220,220,22997,23375,23425,,428,,50,,,,,,50
3941,60,357,3,1,0,0x13,17,10,9,22,12.000,17.000,5.000,7,5,220,220,22997,23425,23475,,478,,50,,,,,,50
3942,60,357,3,1,1,0x33,6,10,8,19,8.000,6.000,-2.000,5,-2,220,220,22997,23475,23525,0,528,42539,50,42061,23525,575,575,575,50
3943,60,357,3,1,0,0x13,0,10,8,16,6.000,0.000,-6.000,-2,-6,220,220,22997,23525,23575,,578,,50,,,,,,50
3944,60,357,3,1,0,0x13,0,9,8,13,5.667,0.000,-5.667,-6,-5,220,220,22997,23575,23625,,628,,50,,,,,,50
3945,60,357,3,1,0,0x13,0,9,7,11,5.333,0.000,-5.333,-5,-5,220,220,22997,23625,23675,,678,,50,,,,,,50
3946,60,357,3,1,0,0x13,0,8,7,8,5.000,0.000,-5.000,-5,-5,220,220,22997,23675,23725,,728,,50,,,,,,50
3947,60,357,3,1,0,0x13,0,8,6,5,4.667,0.000,-4.667,-5,-4,220,220,22997,23725,23775,,778,,50,,,,,,50
3948,60,358,4,1,0,0x14,14,12,40,33,22.000,40.000,18.000,14,18,220,220,24122,24825,24875,,753,,50,,,,,,50
3949,60,358,4,1,0,0x14,14,13,48,36,25.000,48.000,23.000,18,23,220,220,24122,24875,24925,,803,,50,,,,,,50
3950,60,358,4,1,0,0x14,15,13,55,39,27.667,55.000,27.333,23,28,220,220,24122,24925,24975,,853,,50,,,,,,50
3951,60,358,4,1,0,0x14,15,14,62,42,30.333,62.000,31.667,28,32,220,220,24122,24975,25025,,903,,50,,,,,,50
3952,60,358,4,1,0,0x14,15,14,70,45,33.000,70.000,37.000,32,37,220,220,24122,25025,25075,,953,,50,,,,,,50
3953,60,358,4,1,0,0x14,16,14,77,47,35.667,77.000,41.333,37,42,220,220,24122,25075,25125,,1003,,50,,,,,,50
3954,60,358,4,1,0,0x14,16,14,85,50,38.333,85.000,46.667,42,47,220,220,24122,25125,25175,,1053,,50,,,,,,50
3955,60,358,4,1,0,0x14,17,14,92,53,41.000,92.000,51.000,47,51,220,220,24122,25175,25225,,1103,,50,,,,,,50
3956,60,359,5,1,0,0x15,13,84,13,47,36.667,84.000,47.333,51,48,220,220,25272,25225,25325,,53,,100,,,,,,50
3957,60,359,5,1,0,0x15,16,78,14,47,36.000,78.000,42.000,48,42,220,220,25272,25325,25375,,103,,50,,,,,,50
3958,60,359,5,1,0,0x15,16,70,13,44,33.000,70.000,37.000,42,37,220,220,25272,25375,25425,,153,,50,,,,,,50
3959,60,359,5,1,0,0x15,20,61,12,41,31.000,61.000,30.000,37,30,220,220,25272,25425,25475,,203,,50,,,,,,50
3960,60,359,5,1,0,0x15,14,53,12,37,26.333,53.000,26.667,30,27,220,220,25272,25475,25525,,253,,50,,,,,,50
3961,60,359,5,1,0,0x15,14,45,11,35,23.333,45.000,21.667,27,22,220,220,25272,25525,25575,,303,,50,,,,,,50
3962,60,359,5,1,0,0x15,14,38,11,32,21.000,38.000,17.000,22,17,220,220,25272,25575,25625,,353,,50,,,,,,50
3963,60,359,5,1,0,0x15,13,30,10,29,17.667,30.000,12.333,17,13,220,220,25272,25625,25675,,403,,50,,,,,,50
3964,60,359,5,1,0,0x15,13,23,10,26,15.333,23.000,7.667,13,8,220,220,25272,25675,25725,,453,,50,,,,,,50
3965,60,359,5,1,0,0x15,12,16,10,24,12.667,16.000,3.333,8,4,220,220,25272,25725,25775,,503,,50,,,,,,50
3966,60,359,5,1,1,0x35,12,8,9,21,9.667,8.000,-1.667,4,-1,220,220,25272,25775,25825,0,553,40264,50,39761,25825,575,575,575,50
3967,60,359,5,1,0,0x15,11,1,9,19,7.000,1.000,-6.000,-1,-6,220,220,25272,25825,25875,,603,,50,,,,,,50
3968,60,360,6,1,1,0x36,12,10,9,22,10.333,12.000,1.667,-3,2,220,220,26422,26925,26975,0,553,39114,50,38611,26975,575,575,575,50
3969,60,360,6,1,0,0x16,20,10,9,24,13.000,20.000,7.000,2,7,220,220,26422,26975,27025,,603,,50,,,,,,50
3970,60,360,6,1,0,0x16,26,11,10,27,15.667,26.000,10.333,7,11,220,220,26422,27025,27075,,653,,50,,,,,,50
3971,60,360,6,1,0,0x16,34,11,11,30,18.667,34.000,15.333,11,16,220,220,26422,27075,27125,,703,,50,,,,,,50
3972,60,360,6,1,0,0x16,42,12,11,32,21.667,42.000,20.333,16,21,220,220,26422,27125,27175,,753,,50,,,,,,50
3973,60,360,6,1,0,0x16,49,13,11,36,24.333,49.000,24.667,21,25,220,220,26422,27175,27225,,803,,50,,,,,,50
3974,60,360,6,1,0,0x16,57,13,11,38,27.000,57.000,30.000,25,30,220,220,26422,27225,27275,,853,,50,,,,,,50
3975,60,360,6,1,0,0x16,64,13,12,41,29.667,64.000,34.333,30,35,220,220,26422,27275,27325,,903,,50,,,,,,50
3976,60,360,6,1,0,0x16,72,14,12,43,32.667,72.000,39.333,35,40,220,220,26422,27325,27375,,953,,50,,,,,,50
3977,60,360,6,1,0,0x16,79,14,12,46,35.000,79.000,44.000,40,44,220,220,26422,27375,27425,,1003,,50,,,,,,50
3978,60,360,6,1,0,0x16,90,15,13,50,39.333,90.000,50.667,44,51,220,220,26422,27425,27475,,1053,,50,,,,,,50
3979,60,360,6,1,0,0x16,94,15,13,52,40.667,94.000,53.333,51,54,220,220,26422,27475,27525,,1103,,50,,,,,,50
3980,61,361,1,1,0,0x11,15,11,79,46,35.000,79.000,44.000,54,44,220,220,27572,27525,27625,,53,,100,,,,,,50
3981,61,361,1,1,0,0x11,18,13,74,46,35.000,74.000,39.000,44,39,220,220,27572,27625,27675,,103,,50,,,,,,50
3982,61,361,1,1,0,0x11,17,13,66,43,32.000,66.000,34.000,39,34,220,220,27572,27675,27725,,153,,50,,,,,,50
3983,61,361,1,1,0,0x11,16,13,58,41,29.000,58.000,29.000,34,29,220,220,27572,27725,27775,,203,,50,,,,,,50
3984,61,361,1,1,0,0x11,15,12,50,37,25.667,50.000,24.333,29,25,220,220,27572,27775,27825,,253,,50,,,,,,50
3985,61,361,1,1,0,0x11,15,12,42,34,23.000,42.000,19.000,25,19,220,220,27572,27825,27875,,303,,50,,,,,,50
3986,61,361,1,1,0,0x11,14,12,36,32,20.667,36.000,15.333,19,16,220,220,27572,27875,27925,,353,,50,,,,,,50
3987,61,361,1,1,0,0x11,14,11,28,29,17.667,28.000,10.333,16,11,220,220,27572,27925,27975,,403,,50,,,,,,50
3988,61,362,2,1,0,0x12,10,0,7,9,5.667,0.000,-5.667,-5,-5,220,220,28722,29025,29075,,353,,50,,,,,,50
3989,61,362,2,1,0,0x12,11,0,7,12,6.000,0.000,-6.000,-5,-6,220,220,28722,29075,29125,,403,,50,,,,,,50
3990,61,362,2,1,0,0x12,11,0,8,15,6.333,0.000,-6.333,-6,-6,220,220,28722,29125,29175,,453,,50,,,,,,50
3991,61,362,2,1,0,0x12,12,0,8,17,6.667,0.000,-6.667,-6,-6,220,220,28722,29175,29225,,503,,50,,,,,,50
3992,61,362,2,1,0,0x12,12,6,8,20,8.667,6.000,-2.667,-6,-2,220,220,28722,29225,29275,,553,,50,,,,,,50
3993,61,362,2,1,1,0x32,12,13,9,23,11.333,13.000,1.667,-2,2,220,220,28722,29275,29325,0,603,36814,50,36261,29325,600,600,600,50
3994,61,362,2,1,0,0x12,13,20,9,25,14.000,20.000,6.000,2,6,220,220,28722,29325,29375,,653,,50,,,,,,50
3995,61,362,2,1,0,0x12,14,27,10,28,17.000,27.000,10.000,6,10,220,220,28722,29375,29425,,703,,50,,,,,,50
3996,61,362,2,1,0,0x12,18,35,10,31,21.000,35.000,14.000,10,14,220,220,28722,29425,29475,,753,,50,,,,,,50
3997,61,362,2,1,0,0x12,15,42,10,33,22.333,42.000,19.667,14,20,220,220,28722,29475,29525,,803,,50,,,,,,50
3998,61,362,2,1,0,0x12,15,50,11,36,25.333,50.000,24.667,20,25,220,220,28722,29525,29575,,853,,50,,,,,,50
3999,61,362,2,1,0,0x12,16,57,11,39,28.000,57.000,29.000,25,29,220,220,28722,29575,29625,,903,,50,,,,,,50
4000,61,362,2,1,0,0x12,16,65,12,42,31.000,65.000,34.000,29,34,220,220,28722,29625,29675,,953,,50,,,,,,50
4001,61,362,2,1,0,0x12,16,73,12,45,33.667,73.000,39.333,34,40,220,220,28722,29675,29725,,1003,,50,,,,,,50
4002,61,362,2,1,0,0x12,16,80,13,47,36.333,80.000,43.667,40,44,220,220,28722,29725,29775,,1053,,50,,,,,,50
4003,61,362,2,1,0,0x12,17,88,13,50,39.333,88.000,48.667,44,49,220,220,28722,29775,29825,,1103,,50,,,,,,50
4004,61,362,2,1,0,0x12,16,97,14,53,42.333,97.000,54.667,49,55,220,220,28722,29825,29875,,1153,,50,,,,,,50
4005,61,362,2,1,0,0x12,17,104,14,56,45.000,104.000,59.000,55,59,220,220,28722,29875,29925,,1203,,50,,,,,,50
4006,61,363,3,1,0,0x13,77,15,12,45,34.667,77.000,42.333,59,43,220,220,29947,29925,30025,,78,,100,,,,,,50
4007,61,363,3,1,0,0x13,70,14,12,43,32.000,70.000,38.000,43,38,220,220,29947,30025,30075,,128,,50,,,,,,50
4008,61,363,3,1,0,0x13,0,4,4,0,2.667,0.000,-2.667,-2,-2,220,220,29947,31075,31125,,1178,,50,,,,,,50
4009,61,364,4,1,0,0x14,9,8,0,1,5.667,0.000,-5.667,-2,-5,220,220,31147,31125,31225,,78,,100,,,,,,50
4010,61,364,4,1,0,0x14,9,8,0,3,5.667,0.000,-5.667,-5,-5,220,220,31147,31225,31275,,128,,50,,,,,,50
4011,61,364,4,1,0,0x14,10,8,0,6,6.000,0.000,-6.000,-5,-6,220,220,31147,31275,31325,,178,,50,,,,,,50
4012,61,364,4,1,0,0x14,10,8,0,9,6.000,0.000,-6.000,-6,-6,220,220,31147,31325,31375,,228,,50,,,,,,50
4013,61,364,4,1,0,0x14,10,9,0,12,6.333,0.000,-6.333,-6,-6,220,220,31147,31375,31425,,278,,50,,,,,,50
4014,61,364,4,1,0,0x14,14,9,0,15,7.667,0.000,-7.667,-6,-7,220,220,31147,31425,31475,,328,,50,,,,,,50
4015,61,364,4,1,0,0x14,11,10,0,17,7.000,0.000,-7.000,-7,-7,220,220,31147,31475,31525,,378,,50,,,,,,50
4016,61,364,4,1,0,0x14,12,10,6,20,9.333,6.000,-3.333,-7,-3,220,220,31147,31525,31575,,428,,50,,,,,,50
4017,61,364,4,1,1,0x34,12,11,13,23,12.000,13.000,1.000,-3,1,220,220,31147,31575,31625,0,478,34389,50,33961,31625,550,550,550,50
4018,61,364,4,1,0,0x14,12,11,20,25,14.333,20.000,5.667,1,6,220,220,31147,31625,31675,,528,,50,,,,,,50
4019,61,364,4,1,0,0x14,13,12,27,28,17.333,27.000,9.667,6,10,220,220,31147,31675,31725,,578,,50,,,,,,50
4020,61,364,4,1,0,0x14,13,11,34,31,19.333,34.000,14.667,10,15,220,220,31147,31725,31775,,628,,50,,,,,,50
4021,61,364,4,1,0,0x14,13,12,41,33,22.000,41.000,19.000,15,19,220,220,31147,31775,31825,,678,,50,,,,,,50
4022,61,364,4,1,0,0x14,14,12,48,36,24.667,48.000,23.333,19,24,220,220,31147,31825,31875,,728,,50,,,,,,50
4023,61,364,4,1,0,0x14,15,13,56,39,28.000,56.000,28.000,24,28,220,220,31147,31875,31925,,778,,50,,,,,,50
4024,61,364,4,1,0,0x14,16,13,64,42,31.000,64.000,33.000,28,33,220,220,31147,31925,31975,,828,,50,,,,,,50
4025,61,364,4,1,0,0x14,16,14,71,45,33.667,71.000,37.333,33,38,220,220,31147,31975,32025,,878,,50,,,,,,50
4026,61,364,4,1,0,0x14,16,14,78,47,36.000,78.000,42.000,38,42,220,220,31147,32025,32075,,928,,50,,,,,,50
4027,61,364,4,1,0,0x14,16,14,86,50,38.667,86.000,47.333,42,48,220,220,31147,32075,32125,,978,,50,,,,,,50
4028,61,365,5,1,0,0x15,8,0,5,0,4.333,0.000,-4.333,-5,-4,220,220,32197,33175,33225,,1028,,50,,,,,,50
4029,61,365,5,1,0,0x15,8,0,5,0,4.333,0.000,-4.333,-4,-4,220,220,32197,33225,33275,,1078,,50,,,,,,50
4030,61,365,5,1,0,0x15,7,0,4,0,3.667,0.000,-3.667,-4,-3,220,220,32197,33275,33325,,1128,,50,,,,,,50
4031,61,365,5,1,0,0x15,7,0,3,0,3.333,0.000,-3.333,-3,-3,220,220,32197,33325,33375,,1178,,50,,,,,,50
4032,61,365,5,1,0,0x15,7,0,3,0,3.333,0.000,-3.333,-3,-3,220,220,32197,33375,33425,,1228,,50,,,,,,50
4033,61,366,6,1,0,0x16,0,6,6,0,4.000,0.000,-4.000,-3,-4,220,220,33447,33425,33525,,78,,100,,,,,,50
4034,61,366,6,1,0,0x16,0,7,6,1,4.333,0.000,-4.333,-4,-4,220,220,33447,33525,33575,,128,,50,,,,,,50
4035,61,366,6,1,0,0x16,0,8,6,4,4.667,0.000,-4.667,-4,-4,220,220,33447,33575,33625,,178,,50,,,,,,50
4036,61,366,6,1,0,0x16,0,8,7,7,5.000,0.000,-5.000,-4,-5,220,220,33447,33625,33675,,228,,50,,,,,,50
4037,61,366,6,1,0,0x16,0,8,7,10,5.000,0.000,-5.000,-5,-5,220,220,33447,33675,33725,,278,,50,,,,,,50
4038,61,366,6,1,0,0x16,0,9,8,13,5.667,0.000,-5.667,-5,-5,220,220,33447,33725,33775,,328,,50,,,,,,50
4039,61,366,6,1,0,0x16,0,9,8,16,5.667,0.000,-5.667,-5,-5,220,220,33447,33775,33825,,378,,50,,,,,,50
4040,61,366,6,1,0,0x16,3,9,9,18,7.000,3.000,-4.000,-5,-4,220,220,33447,33825,33875,,428,,50,,,,,,50
4041,61,366,6,1,1,0x36,11,10,9,21,10.000,11.000,1.000,-4,1,220,220,33447,33875,33925,0,478,32089,50,31661,33925,550,550,550,50
4042,61,366,6,1,0,0x16,18,10,9,24,12.333,18.000,5.667,1,6,220,220,33447,33925,33975,,528,,50,,,,,,50
4043,61,366,6,1,0,0x16,25,11,10,27,15.333,25.000,9.667,6,10,220,220,33447,33975,34025,,578,,50,,,,,,50
4044,61,366,6,1,0,0x16,32,11,10,29,17.667,32.000,14.333,10,15,220,220,33447,34025,34075,,628,,50,,,,,,50
4045,61,366,6,1,0,0x16,40,12,11,32,21.000,40.000,19.000,15,19,220,220,33447,34075,34125,,678,,50,,,,,,50
4046,61,366,6,1,0,0x16,47,12,11,35,23.333,47.000,23.667,19,24,220,220,33447,34125,34175,,728,,50,,,,,,50
4047,61,366,6,1,0,0x16,54,13,12,37,26.333,54.000,27.667,24,28,220,220,33447,34175,34225,,778,,50,,,,,,50
4048,62,367,1,1,0,0x11,11,8,0,9,6.333,0.000,-6.333,-6,-6,220,220,34497,35275,35325,,828,,50,,,,,,50
4049,62,367,1,1,0,0x11,10,8,0,6,6.000,0.000,-6.000,-6,-6,220,220,34497,35325,35375,,878,,50,,,,,,50
4050,62,367,1,1,0,0x11,10,7,0,2,5.667,0.000,-5.667,-6,-5,220,220,34497,35375,35425,,928,,50,,,,,,50
4051,62,367,1,1,0,0x11,13,7,0,0,6.667,0.000,-6.667,-5,-6,220,220,34497,35425,35475,,978,,50,,,,,,50
4052,62,367,1,1,0,0x11,8,6,0,0,4.667,0.000,-4.667,-6,-4,220,220,34497,35475,35525,,1028,,50,,,,,,50
4053,62,367,1,1,0,0x11,8,6,0,0,4.667,0.000,-4.667,-4,-4,220,220,34497,35525,35575,,1078,,50,,,,,,50
4054,62,367,1,1,0,0x11,7,5,0,0,4.000,0.000,-4.000,-4,-4,220,220,34497,35575,35625,,1128,,50,,,,,,50
4055,62,368,2,1,0,0x12,13,0,5,0,6.000,0.000,-6.000,-4,-6,220,220,35672,35625,35725,,53,,100,,,,,,50
4056,62,368,2,1,0,0x12,9,0,4,0,4.333,0.000,-4.333,-6,-4,220,220,35672,35725,35775,,103,,50,,,,,,50
4057,62,368,2,1,0,0x12,10,0,5,0,5.000,0.000,-5.000,-4,-5,220,220,35672,35775,35825,,153,,50,,,,,,50
4058,62,368,2,1,0,0x12,9,0,6,2,5.000,0.000,-5.000,-5,-5,220,220,35672,35825,35875,,203,,50,,,,,,50
4059,62,368,2,1,0,0x12,9,0,6,4,5.000,0.000,-5.000,-5,-5,220,220,35672,35875,35925,,253,,50,,,,,,50
4060,62,368,2,1,0,0x12,10,0,7,7,5.667,0.000,-5.667,-5,-5,220,220,35672,35925,35975,,303,,50,,,,,,50
4061,62,368,2,1,0,0x12,11,0,7,10,6.000,0.000,-6.000,-5,-6,220,220,35672,35975,36025,,353,,50,,,,,,50
4062,62,368,2,1,0,0x12,11,0,7,13,6.000,0.000,-6.000,-6,-6,220,220,35672,36025,36075,,403,,50,,,,,,50
4063,62,368,2,1,0,0x12,12,0,8,16,6.667,0.000,-6.667,-6,-6,220,220,35672,36075,36125,,453,,50,,,,,,50
4064,62,368,2,1,0,0x12,12,2,8,18,7.333,2.000,-5.333,-6,-5,220,220,35672,36125,36175,,503,,50,,,,,,50
4065,62,368,2,1,0,0x12,12,8,9,21,9.667,8.000,-1.667,-5,-1,220,220,35672,36175,36225,,553,,50,,,,,,50
4066,62,368,2,1,1,0x32,13,15,9,23,12.333,15.000,2.667,-1,3,220,220,35672,36225,36275,0,603,29864,50,29311,36275,600,600,600,50
4067,62,368,2,1,0,0x12,13,22,10,26,15.000,22.000,7.000,3,7,220,220,35672,36275,36325,,653,,50,,,,,,50
4068,62,369,3,1,0,0x13,11,11,8,21,10.000,11.000,1.000,6,1,220,220,36897,37375,37425,,528,,50,,,,,,50
4069,62,369,3,1,1,0x33,3,10,8,18,7.000,3.000,-4.000,1,-4,220,220,36897,37425,37475,0,578,28639,50,28111,37475,600,600,600,50
4070,62,369,3,1,0,0x13,0,10,8,16,6.000,0.000,-6.000,-4,-6,220,220,36897,37475,37525,,628,,50,,,,,,50
4071,62,369,3,1,0,0x13,0,9,7,12,5.333,0.000,-5.333,-6,-5,220,220,36897,37525,37575,,678,,50,,,,,,50
4072,62,369,3,1,0,0x13,0,9,7,10,5.333,0.000,-5.333,-5,-5,220,220,36897,37575,37625,,728,,50,,,,,,50
4073,62,369,3,1,0,0x13,0,8,6,7,4.667,0.000,-4.667,-5,-4,220,220,36897,37625,37675,,778,,50,,,,,,50
4074,62,369,3,1,0,0x13,0,8,6,4,4.667,0.000,-4.667,-4,-4,220,220,36897,37675,37725,,828,,50,,,,,,50
4075,62,369,3,1,0,0x13,0,7,6,1,4.333,0.000,-4.333,-4,-4,220,220,36897,37725,37775,,878,,50,,,,,,50
4076,62,369,3,1,0,0x13,0,7,5,0,4.000,0.000,-4.000,-4,-4,220,220,36897,37775,37825,,928,,50,,,,,,50
4077,62,369,3,1,0,0x13,0,6,5,0,3.667,0.000,-3.667,-4,-3,220,220,36897,37825,37875,,978,,50,,,,,,50
4078,62,369,3,1,0,0x13,0,6,5,0,3.667,0.000,-3.667,-3,-3,220,220,36897,37875,37925,,1028,,50,,,,,,50
4079,62,369,3,1,0,0x13,0,5,4,0,3.000,0.000,-3.000,-3,-3,220,220,36897,37925,37975,,1078,,50,,,,,,50
4080,62,369,3,1,0,0x13,0,4,4,0,2.667,0.000,-2.667,-3,-2,220,220,36897,37975,38025,,1128,,50,,,,,,50
4081,62,369,3,1,0,0x13,0,4,4,0,2.667,0.000,-2.667,-2,-2,220,220,36897,38025,38075,,1178,,50,,,,,,50
4082,62,370,4,1,0,0x14,8,7,0,0,5.000,0.000,-5.000,-2,-5,220,220,38097,38075,38175,,78,,100,,,,,,50
4083,62,370,4,1,0,0x14,9,8,0,4,5.667,0.000,-5.667,-5,-5,220,220,38097,38175,38225,,128,,50,,,,,,50
4084,62,370,4,1,0,0x14,9,8,0,6,5.667,0.000,-5.667,-5,-5,220,220,38097,38225,38275,,178,,50,,,,,,50
4085,62,370,4,1,0,0x14,10,8,0,9,6.000,0.000,-6.000,-5,-6,220,220,38097,38275,38325,,228,,50,,,,,,50
4086,62,370,4,1,0,0x14,10,8,0,12,6.000,0.000,-6.000,-6,-6,220,220,38097,38325,38375,,278,,50,,,,,,50
4087,62,370,4,1,0,0x14,11,9,0,14,6.667,0.000,-6.667,-6,-6,220,220,38097,38375,38425,,328,,50,,,,,,50
4088,62,371,5,1,0,0x15,18,36,11,32,21.667,36.000,14.333,22,15,220,220,39222,39475,39525,,303,,50,,,,,,50
4089,62,371,5,1,0,0x15,13,30,10,29,17.667,30.000,12.333,15,13,220,220,39222,39525,39575,,353,,50,,,,,,50
4090,62,371,5,1,0,0x15,13,22,10,26,15.000,22.000,7.000,13,7,220,220,39222,39575,39625,,403,,50,,,,,,50
4091,62,371,5,1,0,0x15,13,15,10,23,12.667,15.000,2.333,7,3,220,220,39222,39625,39675,,453,,50,,,,,,50
4092,62,371,5,1,1,0x35,12,7,9,21,9.333,7.000,-2.333,3,-2,220,220,39222,39675,39725,0,503,26314,50,25861,39725,550,550,550,50
4093,62,371,5,1,0,0x15,11,1,9,18,7.000,1.000,-6.000,-2,-6,220,220,39222,39725,39775,,553,,50,,,,,,50
4094,62,371,5,1,0,0x15,11,0,8,16,6.333,0.000,-6.333,-6,-6,220,220,39222,39775,39825,,603,,50,,,,,,50
4095,62,371,5,1,0,0x15,11,0,8,12,6.333,0.000,-6.333,-6,-6,220,220,39222,39825,39875,,653,,50,,,,,,50
4096,62,371,5,1,0,0x15,10,0,7,10,5.667,0.000,-5.667,-6,-5,220,220,39222,39875,39925,,703,,50,,,,,,50
4097,62,371,5,1,0,0x15,10,0,7,7,5.667,0.000,-5.667,-5,-5,220,220,39222,39925,39975,,753,,50,,,,,,50
4098,62,371,5,1,0,0x15,9,0,6,4,5.000,0.000,-5.000,-5,-5,220,220,39222,39975,40025,,803,,50,,,,,,50
4099,62,371,5,1,0,0x15,9,0,6,1,5.000,0.000,-5.000,-5,-5,220,220,39222,40025,40075,,853,,50,,,,,,50
4100,62,371,5,1,0,0x15,9,0,5,0,4.667,0.000,-4.667,-5,-4,220,220,39222,40075,40125,,903,,50,,,,,,50
4101,62,371,5,1,0,0x15,8,0,5,0,4.333,0.000,-4.333,-4,-4,220,220,39222,40125,40175,,953,,50,,,,,,50
4102,62,371,5,1,0,0x15,7,0,4,0,3.667,0.000,-3.667,-4,-3,220,220,39222,40175,40225,,1003,,50,,,,,,50
4103,62,371,5,1,0,0x15,7,0,4,0,3.667,0.000,-3.667,-3,-3,220,220,39222,40225,40275,,1053,,50,,,,,,50
4104,62,372,6,1,0,0x16,0,6,5,0,3.667,0.000,-3.667,-3,-3,220,220,40297,40275,40375,,78,,100,,,,,,50
4105,62,372,6,1,0,0x16,0,6,5,0,3.667,0.000,-3.667,-3,-3,220,220,40297,40375,40425,,128,,50,,,,,,50
4106,62,372,6,1,0,0x16,0,7,6,0,4.333,0.000,-4.333,-3,-4,220,220,40297,40425,40475,,178,,50,,,,,,50
4107,62,372,6,1,0,0x16,0,7,6,2,4.333,0.000,-4.333,-4,-4,220,220,40297,40475,40525,,228,,50,,,,,,50
4108,63,373,1,1,0,0x11,17,14,70,45,33.667,70.000,36.333,42,37,220,220,41472,41575,41625,,153,,50,,,,,,50
4109,63,373,1,1,0,0x11,16,13,62,42,30.333,62.000,31.667,37,32,220,220,41472,41625,41675,,203,,50,,,,,,50
4110,63,373,1,1,0,0x11,15,13,54,39,27.333,54.000,26.667,32,27,220,220,41472,41675,41725,,253,,50,,,,,,50
4111,63,373,1,1,0,0x11,15,12,46,36,24.333,46.000,21.667,27,22,220,220,41472,41725,41775,,303,,50,,,,,,50
4112,63,373,1,1,0,0x11,14,12,39,33,21.667,39.000,17.333,22,18,220,220,41472,41775,41825,,353,,50,,,,,,50
4113,63,373,1,1,0,0x11,14,11,31,30,18.667,31.000,12.333,18,13,220,220,41472,41825,41875,,403,,50,,,,,,50
4114,63,373,1,1,0,0x11,14,11,24,27,16.333,24.000,7.667,13,8,220,220,41472,41875,41925,,453,,50,,,,,,50
4115,63,373,1,1,0,0x11,13,11,17,24,13.667,17.000,3.333,8,4,220,220,41472,41925,41975,,503,,50,,,,,,50
4116,63,373,1,1,1,0x31,13,10,10,22,11.000,10.000,-1.000,4,-1,220,220,41472,41975,42025,0,553,24064,50,23561,42025,575,575,575,50
4117,63,373,1,1,0,0x11,12,10,2,19,8.000,2.000,-6.000,-1,-6,220,220,41472,42025,42075,,603,,50,,,,,,50
4118,63,373,1,1,0,0x11,12,9,0,17,7.000,0.000,-7.000,-6,-7,220,220,41472,42075,42125,,653,,50,,,,,,50
4119,63,373,1,1,0,0x11,11,9,0,14,6.667,0.000,-6.667,-7,-6,220,220,41472,42125,42175,,703,,50,,,,,,50
4120,63,373,1,1,0,0x11,11,9,0,11,6.667,0.000,-6.667,-6,-6,220,220,41472,42175,42225,,753,,50,,,,,,50
4121,63,373,1,1,0,0x11,10,8,0,8,6.000,0.000,-6.000,-6,-6,220,220,41472,42225,42275,,803,,50,,,,,,50
4122,63,373,1,1,0,0x11,10,8,0,5,6.000,0.000,-6.000,-6,-6,220,220,41472,42275,42325,,853,,50,,,,,,50
4123,63,373,1,1,0,0x11,9,7,0,3,5.333,0.000,-5.333,-6,-5,220,220,41472,42325,42375,,903,,50,,,,,,50
4124,63,373,1,1,0,0x11,9,7,0,0,5.333,0.000,-5.333,-5,-5,220,220,41472,42375,42425,,953,,50,,,,,,50
4125,63,373,1,1,0,0x11,12,6,0,0,6.000,0.000,-6.000,-5,-6,220,220,41472,42425,42475,,1003,,50,,,,,,50
4126,63,373,1,1,0,0x11,8,6,0,0,4.667,0.000,-4.667,-6,-4,220,220,41472,42475,42525,,1053,,50,,,,,,50
4127,63,373,1,1,0,0x11,7,5,0,0,4.000,0.000,-4.000,-4,-4,220,220,41472,42525,42575,,1103,,50,,,,,,50
4128,63,374,2,1,0,0x12,16,83,13,49,37.333,83.000,45.667,41,46,220,220,42622,43625,43675,,1053,,50,,,,,,50
4129,63,374,2,1,0,0x12,17,91,13,51,40.333,91.000,50.667,46,51,220,220,42622,43675,43725,,1103,,50,,,,,,50
4130,63,374,2,1,0,0x12,17,99,14,54,43.333,99.000,55.667,51,56,220,220,42622,43725,43775,,1153,,50,,,,,,50
4131,63,374,2,1,0,0x12,17,108,14,57,46.333,108.000,61.667,56,62,220,220,42622,43775,43825,,1203,,50,,,,,,50
4132,63,375,3,1,0,0x13,75,14,12,45,33.667,75.000,41.333,62,42,220,220,43847,43825,43925,,78,,100,,,,,,50
4133,63,375,3,1,0,0x13,67,14,12,42,31.000,67.000,36.000,42,36,220,220,43847,43925,43975,,128,,50,,,,,,50
4134,63,375,3,1,0,0x13,59,13,11,39,27.667,59.000,31.333,36,32,220,220,43847,43975,44025,,178,,50,,,,,,50
4135,63,375,3,1,0,0x13,51,13,11,36,25.000,51.000,26.000,32,26,220,220,43847,44025,44075,,228,,50,,,,,,50
4136,63,375,3,1,0,0x13,44,12,10,33,22.000,44.000,22.000,26,22,220,220,43847,44075,44125,,278,,50,,,,,,50
4137,63,375,3,1,0,0x13,36,12,10,30,19.333,36.000,16.667,22,17,220,220,43847,44125,44175,,328,,50,,,,,,50
4138,63,375,3,1,0,0x13,29,11,10,28,16.667,29.000,12.333,17,13,220,220,43847,44175,44225,,378,,50,,,,,,50
4139,63,375,3,1,0,0x13,21,11,9,25,13.667,21.000,7.333,13,8,220,220,43847,44225,44275,,428,,50,,,,,,50
4140,63,375,3,1,0,0x13,14,10,9,22,11.000,14.000,3.000,8,3,220,220,43847,44275,44325,,478,,50,,,,,,50
4141,63,375,3,1,1,0x33,7,10,8,20,8.333,7.000,-1.333,3,-1,220,220,43847,44325,44375,0,528,21689,50,21211,44375,575,575,575,50
4142,63,375,3,1,0,0x13,0,10,8,17,6.000,0.000,-6.000,-1,-6,220,220,43847,44375,44425,,578,,50,,,,,,50
4143,63,375,3,1,0,0x13,0,9,8,14,5.667,0.000,-5.667,-6,-5,220,220,43847,44425,44475,,628,,50,,,,,,50
4144,63,375,3,1,0,0x13,0,9,7,12,5.333,0.000,-5.333,-5,-5,220,220,43847,44475,44525,,678,,50,,,,,,50
4145,63,375,3,1,0,0x13,0,8,7,9,5.000,0.000,-5.000,-5,-5,220,220,43847,44525,44575,,728,,50,,,,,,50
4146,63,375,3,1,0,0x13,0,8,6,6,4.667,0.000,-4.667,-5,-4,220,220,43847,44575,44625,,778,,50,,,,,,50
4147,63,375,3,1,0,0x13,0,7,6,3,4.333,0.000,-4.333,-4,-4,220,220,43847,44625,44675,,828,,50,,,,,,50
4148,63,376,4,1,0,0x14,14,13,48,36,25.000,48.000,23.000,19,23,220,220,44972,45725,45775,,803,,50,,,,,,50
4149,63,376,4,1,0,0x14,15,13,55,39,27.667,55.000,27.333,23,28,220,220,44972,45775,45825,,853,,50,,,,,,50
4150,63,376,4,1,0,0x14,15,13,62,42,30.000,62.000,32.000,28,32,220,220,44972,45825,45875,,903,,50,,,,,,50
4151,63,376,4,1,0,0x14,16,13,70,45,33.000,70.000,37.000,32,37,220,220,44972,45875,45925,,953,,50,,,,,,50
4152,63,376,4,1,0,0x14,16,14,78,47,36.000,78.000,42.000,37,42,220,220,44972,45925,45975,,1003,,50,,,,,,50
4153,63,376,4,1,0,0x14,17,14,85,50,38.667,85.000,46.333,42,47,220,220,44972,45975,46025,,1053,,50,,,,,,50
4154,63,376,4,1,0,0x14,17,15,93,53,41.667,93.000,51.333,47,52,220,220,44972,46025,46075,,1103,,50,,,,,,50
4155,63,376,4,1,0,0x14,17,15,100,55,44.000,100.000,56.000,52,56,220,220,44972,46075,46125,,1153,,50,,,,,,50
4156,63,376,4,1,0,0x14,18,15,109,58,47.333,109.000,61.667,56,62,220,220,44972,46125,46175,,1203,,50,,,,,,50
4157,63,377,5,1,0,0x15,16,67,13,43,32.000,67.000,35.000,62,35,220,220,46197,46175,46275,,78,,100,,,,,,50
4158,63,377,5,1,0,0x15,16,59,12,40,29.000,59.000,30.000,35,30,220,220,46197,46275,46325,,128,,50,,,,,,50
4159,63,377,5,1,0,0x15,15,51,12,37,26.000,51.000,25.000,30,25,220,220,46197,46325,46375,,178,,50,,,,,,50
4160,63,377,5,1,0,0x15,14,44,11,34,23.000,44.000,21.000,25,21,220,220,46197,46375,46425,,228,,50,,,,,,50
4161,63,377,5,1,0,0x15,18,36,10,32,21.333,36.000,14.667,21,15,220,220,46197,46425,46475,,278,,50,,,,,,50
4162,63,377,5,1,0,0x15,13,30,10,29,17.667,30.000,12.333,15,13,220,220,46197,46475,46525,,328,,50,,,,,,50
4163,63,377,5,1,0,0x15,13,22,10,26,15.000,22.000,7.000,13,7,220,220,46197,46525,46575,,378,,50,,,,,,50
4164,63,377,5,1,0,0x15,12,15,9,24,12.000,15.000,3.000,7,3,220,220,46197,46575,46625,,428,,50,,,,,,50
4165,63,377,5,1,1,0x35,12,8,9,21,9.667,8.000,-1.667,3,-1,220,220,46197,46625,46675,0,478,19339,50,18911,46675,550,550,550,50
4166,63,377,5,1,0,0x15,12,1,9,18,7.333,1.000,-6.333,-1,-6,220,220,46197,46675,46725,,528,,50,,,,,,50
4167,63,377,5,1,0,0x15,11,0,8,16,6.333,0.000,-6.333,-6,-6,220,220,46197,46725,46775,,578,,50,,,,,,50
4168,63,378,6,1,0,0x16,22,11,10,26,14.333,22.000,7.667,4,8,220,220,47247,47825,47875,,628,,50,,,,,,50
4169,63,378,6,1,0,0x16,30,11,10,28,17.000,30.000,13.000,8,13,220,220,47247,47875,47925,,678,,50,,,,,,50
4170,63,378,6,1,0,0x16,37,12,10,31,19.667,37.000,17.333,13,18,220,220,47247,47925,47975,,728,,50,,,,,,50
4171,63,378,6,1,0,0x16,45,12,11,34,22.667,45.000,22.333,18,23,220,220,47247,47975,48025,,778,,50,,,,,,50
4172,63,378,6,1,0,0x16,52,13,12,36,25.667,52.000,26.333,23,27,220,220,47247,48025,48075,,828,,50,,,,,,50
4173,63,378,6,1,0,0x16,60,13,12,40,28.333,60.000,31.667,27,32,220,220,47247,48075,48125,,878,,50,,,,,,50
4174,63,378,6,1,0,0x16,67,14,12,42,31.000,67.000,36.000,32,36,220,220,47247,48125,48175,,928,,50,,,,,,50
4175,63,378,6,1,0,0x16,74,14,13,45,33.667,74.000,40.333,36,41,220,220,47247,48175,48225,,978,,50,,,,,,50
4176,63,378,6,1,0,0x16,82,14,13,47,36.333,82.000,45.667,41,46,220,220,47247,48225,48275,,1028,,50,,,,,,50
4177,63,378,6,1,0,0x16,88,15,13,50,38.667,88.000,49.333,46,50,220,220,47247,48275,48325,,1078,,50,,,,,,50
4178,63,378,6,1,0,0x16,96,15,13,53,41.333,96.000,54.667,50,55,220,220,47247,48325,48375,,1128,,50,,,,,,50
4179,64,379,1,1,0,0x11,19,11,79,46,36.333,79.000,42.667,55,43,220,220,48422,48375,48475,,53,,100,,,,,,50
4180,64,379,1,1,0,0x11,18,13,73,47,34.667,73.000,38.333,43,39,220,220,48422,48475,48525,,103,,50,,,,,,50
4181,64,379,1,1,0,0x11,17,14,66,44,32.333,66.000,33.667,39,34,220,220,48422,48525,48575,,153,,50,,,,,,50
4182,64,379,1,1,0,0x11,16,13,58,41,29.000,58.000,29.000,34,29,220,220,48422,48575,48625,,203,,50,,,,,,50
4183,64,379,1,1,0,0x11,15,12,50,37,25.667,50.000,24.333,29,25,220,220,48422,48625,48675,,253,,50,,,,,,50
4184,64,379,1,1,0,0x11,14,12,43,34,23.000,43.000,20.000,25,20,220,220,48422,48675,48725,,303,,50,,,,,,50
4185,64,379,1,1,0,0x11,14,12,35,32,20.333,35.000,14.667,20,15,220,220,48422,48725,48775,,353,,50,,,,,,50
4186,64,379,1,1,0,0x11,14,11,28,29,17.667,28.000,10.333,15,11,220,220,48422,48775,48825,,403,,50,,,,,,50
4187,64,379,1,1,0,0x11,13,11,21,26,15.000,21.000,6.000,11,6,220,220,48422,48825,48875,,453,,50,,,,,,50
4188,64,380,2,1,0,0x12,11,0,8,13,6.333,0.000,-6.333,-5,-6,220,220,49572,49925,49975,,403,,50,,,,,,50
4189,64,380,2,1,0,0x12,11,0,8,16,6.333,0.000,-6.333,-6,-6,220,220,49572,49975,50025,,453,,50,,,,,,50
4190,64,380,2,1,0,0x12,12,2,8,18,7.333,2.000,-5.333,-6,-5,220,220,49572,50025,50075,,503,,50,,,,,,50
4191,64,380,2,1,0,0x12,13,9,8,21,10.000,9.000,-1.000,-5,-1,220,220,49572,50075,50125,,553,,50,,,,,,50
4192,64,380,2,1,1,0x32,13,16,9,24,12.667,16.000,3.333,-1,4,220,220,49572,50125,50175,0,603,15964,50,15411,50175,600,600,600,50
4193,64,380,2,1,0,0x12,13,24,9,26,15.333,24.000,8.667,4,9,220,220,49572,50175,50225,,653,,50,,,,,,50
4194,64,380,2,1,0,0x12,14,31,10,29,18.333,31.000,12.667,9,13,220,220,49572,50225,50275,,703,,50,,,,,,50
4195,64,380,2,1,0,0x12,15,38,10,32,21.000,38.000,17.000,13,17,220,220,49572,50275,50325,,753,,50,,,,,,50
4196,64,380,2,1,0,0x12,14,46,11,35,23.667,46.000,22.333,17,23,220,220,49572,50325,50375,,803,,50,,,,,,50
4197,64,380,2,1,0,0x12,15,53,11,37,26.333,53.000,26.667,23,27,220,220,49572,50375,50425,,853,,50,,,,,,50
4198,64,380,2,1,0,0x12,20,60,12,41,30.667,60.000,29.333,27,30,220,220,49572,50425,50475,,903,,50,,,,,,50
4199,64,380,2,1,0,0x12,16,68,12,42,32.000,68.000,36.000,30,36,220,220,49572,50475,50525,,953,,50,,,,,,50
4200,64,380,2,1,0,0x12,16,76,13,46,35.000,76.000,41.000,36,41,220,220,49572,50525,50575,,1003,,50,,,,,,50
4201,64,380,2,1,0,0x12,16,83,13,49,37.333,83.000,45.667,41,46,220,220,49572,50575,50625,,1053,,50,,,,,,50
4202,64,380,2,1,0,0x12,17,90,13,51,40.000,90.000,50.000,46,50,220,220,49572,50625,50675,,1103,,50,,,,,,50
4203,64,380,2,1,0,0x12,17,98,14,54,43.000,98.000,55.000,50,55,220,220,49572,50675,50725,,1153,,50,,,,,,50
4204,64,380,2,1,0,0x12,17,106,14,57,45.667,106.000,60.333,55,61,220,220,49572,50725,50775,,1203,,50,,,,,,50
4205,64,381,3,1,0,0x13,73,15,12,44,33.333,73.000,39.667,61,40,220,220,50797,50775,50875,,78,,100,,,,,,50
4206,64,381,3,1,0,0x13,66,14,12,42,30.667,66.000,35.333,40,36,220,220,50797,50875,50925,,128,,50,,,,,,50
4207,64,381,3,1,0,0x13,58,13,11,39,27.333,58.000,30.667,36,31,220,220,50797,50925,50975,,178,,50,,,,,,50
4208,64,382,4,1,0,0x14,8,8,0,2,5.333,0.000,-5.333,-5,-5,220,220,51922,52025,52075,,153,,50,,,,,,50
4209,64,382,4,1,0,0x14,10,8,0,5,6.000,0.000,-6.000,-5,-6,220,220,51922,52075,52125,,203,,50,,,,,,50
4210,64,382,4,1,0,0x14,10,8,0,8,6.000,0.000,-6.000,-6,-6,220,220,51922,52125,52175,,253,,50,,,,,,50
4211,64,382,4,1,0,0x14,11,9,0,11,6.667,0.000,-6.667,-6,-6,220,220,51922,52175,52225,,303,,50,,,,,,50
4212,64,382,4,1,0,0x14,11,9,0,13,6.667,0.000,-6.667,-6,-6,220,220,51922,52225,52275,,353,,50,,,,,,50
4213,64,382,4,1,0,0x14,11,9,0,16,6.667,0.000,-6.667,-6,-6,220,220,51922,52275,52325,,403,,50,,,,,,50
4214,64,382,4,1,0,0x14,12,10,2,19,8.000,2.000,-6.000,-6,-6,220,220,51922,52325,52375,,453,,50,,,,,,50
4215,64,382,4,1,0,0x14,12,10,9,22,10.333,9.000,-1.333,-6,-1,220,220,51922,52375,52425,,503,,50,,,,,,50
4216,64,382,4,1,1,0x34,16,11,16,24,14.333,16.000,1.667,-1,2,220,220,51922,52425,52475,0,553,13614,50,13111,52475,575,575,575,50
4217,64,382,4,1,0,0x14,13,11,22,26,15.333,22.000,6.667,2,7,220,220,51922,52475,52525,,603,,50,,,,,,50
4218,64,382,4,1,0,0x14,13,12,30,29,18.333,30.000,11.667,7,12,220,220,51922,52525,52575,,653,,50,,,,,,50
4219,64,382,4,1,0,0x14,14,12,36,32,20.667,36.000,15.333,12,16,220,220,51922,52575,52625,,703,,50,,,,,,50
4220,64,382,4,1,0,0x14,14,13,44,35,23.667,44.000,20.333,16,21,220,220,51922,52625,52675,,753,,50,,,,,,50
4221,64,382,4,1,0,0x14,15,13,51,37,26.333,51.000,24.667,21,25,220,220,51922,52675,52725,,803,,50,,,,,,50
4222,64,382,4,1,0,0x14,15,13,59,40,29.000,59.000,30.000,25,30,220,220,51922,52725,52775,,853,,50,,,,,,50
4223,64,382,4,1,0,0x14,15,13,66,43,31.333,66.000,34.667,30,35,220,220,51922,52775,52825,,903,,50,,,,,,50
4224,64,382,4,1,0,0x14,16,14,73,46,34.333,73.000,38.667,35,39,220,220,51922,52825,52875,,953,,50,,,,,,50
4225,64,382,4,1,0,0x14,16,14,81,48,37.000,81.000,44.000,39,44,220,220,51922,52875,52925,,1003,,50,,,,,,50
4226,64,382,4,1,0,0x14,16,15,88,51,39.667,88.000,48.333,44,49,220,220,51922,52925,52975,,1053,,50,,,,,,50
4227,64,382,4,1,0,0x14,17,15,96,54,42.667,96.000,53.333,49,54,220,220,51922,52975,53025,,1103,,50,,,,,,50
4228,64,383,5,1,0,0x15,7,0,5,0,4.000,0.000,-4.000,-4,-4,220,220,53072,54075,54125,,1053,,50,,,,,,50
4229,64,383,5,1,0,0x15,7,0,4,0,3.667,0.000,-3.667,-4,-3,220,220,53072,54125,54175,,1103,,50,,,,,,50
4230,64,384,6,1,0,0x16,0,8,8,0,5.333,0.000,-5.333,-3,-5,220,220,54222,54175,54275,,53,,100,,,,,,50
4231,64,384,6,1,0,0x16,0,6,6,0,4.000,0.000,-4.000,-5,-4,220,220,54222,54275,54325,,103,,50,,,,,,50
4232,64,384,6,1,0,0x16,0,7,6,0,4.333,0.000,-4.333,-4,-4,220,220,54222,54325,54375,,153,,50,,,,,,50
4233,64,384,6,1,0,0x16,0,7,6,3,4.333,0.000,-4.333,-4,-4,220,220,54222,54375,54425,,203,,50,,,,,,50
4234,64,384,6,1,0,0x16,0,8,7,7,5.000,0.000,-5.000,-4,-5,220,220,54222,54425,54475,,253,,50,,,,,,50
4235,64,384,6,1,0,0x16,0,8,7,9,5.000,0.000,-5.000,-5,-5,220,220,54222,54475,54525,,303,,50,,,,,,50
4236,64,384,6,1,0,0x16,0,8,7,12,5.000,0.000,-5.000,-5,-5,220,220,54222,54525,54575,,353,,50,,,,,,50
4237,64,384,6,1,0,0x16,0,9,8,15,5.667,0.000,-5.667,-5,-5,220,220,54222,54575,54625,,403,,50,,,,,,50
4238,64,384,6,1,0,0x16,1,9,8,18,6.000,1.000,-5.000,-5,-5,220,220,54222,54625,54675,,453,,50,,,,,,50
4239,64,384,6,1,0,0x16,8,10,9,20,9.000,8.000,-1.000,-5,-1,220,220,54222,54675,54725,,503,,50,,,,,,50
4240,64,384,6,1,1,0x36,15,10,9,23,11.333,15.000,3.667,-1,4,220,220,54222,54725,54775,0,553,11314,50,10811,54775,575,575,575,50
4241,64,384,6,1,0,0x16,22,11,10,25,14.333,22.000,7.667,4,8,220,220,54222,54775,54825,,603,,50,,,,,,50
4242,64,384,6,1,0,0x16,29,11,10,28,16.667,29.000,12.333,8,13,220,220,54222,54825,54875,,653,,50,,,,,,50
4243,64,384,6,1,0,0x16,36,11,10,31,19.000,36.000,17.000,13,17,220,220,54222,54875,54925,,703,,50,,,,,,50
4244,64,384,6,1,0,0x16,44,12,11,33,22.333,44.000,21.667,17,22,220,220,54222,54925,54975,,753,,50,,,,,,50
4245,64,384,6,1,0,0x16,51,12,11,36,24.667,51.000,26.333,22,27,220,220,54222,54975,55025,,803,,50,,,,,,50
4246,64,384,6,1,0,0x16,58,13,11,39,27.333,58.000,30.667,27,31,220,220,54222,55025,55075,,853,,50,,,,,,50
4247,64,384,6,1,0,0x16,65,13,12,41,30.000,65.000,35.000,31,35,220,220,54222,55075,55125,,903,,50,,,,,,50
4248,65,385,1,1,0,0x11,9,8,0,3,5.667,0.000,-5.667,-6,-5,220,220,55372,56175,56225,,853,,50,,,,,,50
4249,65,385,1,1,0,0x11,9,7,0,1,5.333,0.000,-5.333,-5,-5,220,220,55372,56225,56275,,903,,50,,,,,,50
4250,65,385,1,1,0,0x11,9,7,0,0,5.333,0.000,-5.333,-5,-5,220,220,55372,56275,56325,,953,,50,,,,,,50
4251,65,385,1,1,0,0x11,8,6,0,0,4.667,0.000,-4.667,-5,-4,220,220,55372,56325,56375,,1003,,50,,,,,,50
4252,65,385,1,1,0,0x11,7,6,0,0,4.333,0.000,-4.333,-4,-4,220,220,55372,56375,56425,,1053,,50,,,,,,50
4253,65,385,1,1,0,0x11,11,5,0,0,5.333,0.000,-5.333,-4,-5,220,220,55372,56425,56475,,1103,,50,,,,,,50
4254,65,386,2,1,0,0x12,13,0,5,0,6.000,0.000,-6.000,-5,-6,220,220,56522,56475,56575,,53,,100,,,,,,50
4255,65,386,2,1,0,0x12,9,0,5,0,4.667,0.000,-4.667,-6,-4,220,220,56522,56575,56625,,103,,50,,,,,,50
4256,65,386,2,1,0,0x12,10,0,5,0,5.000,0.000,-5.000,-4,-5,220,220,56522,56625,56675,,153,,50,,,,,,50
4257,65,386,2,1,0,0x12,10,0,6,3,5.333,0.000,-5.333,-5,-5,220,220,56522,56675,56725,,203,,50,,,,,,50
4258,65,386,2,1,0,0x12,10,0,6,6,5.333,0.000,-5.333,-5,-5,220,220,56522,56725,56775,,253,,50,,,,,,50
4259,65,386,2,1,0,0x12,11,0,7,8,6.000,0.000,-6.000,-5,-6,220,220,56522,56775,56825,,303,,50,,,,,,50
4260,65,386,2,1,0,0x12,11,0,7,11,6.000,0.000,-6.000,-6,-6,220,220,56522,56825,56875,,353,,50,,,,,,50
4261,65,386,2,1,0,0x12,11,0,8,14,6.333,0.000,-6.333,-6,-6,220,220,56522,56875,56925,,403,,50,,,,,,50
4262,65,386,2,1,0,0x12,12,0,8,17,6.667,0.000,-6.667,-6,-6,220,220,56522,56925,56975,,453,,50,,,,,,50
4263,65,386,2,1,0,0x12,12,5,9,20,8.667,5.000,-3.667,-6,-3,220,220,56522,56975,57025,,503,,50,,,,,,50
4264,65,386,2,1,1,0x32,13,12,9,22,11.333,12.000,0.667,-3,1,220,220,56522,57025,57075,0,553,9014,50,8511,57075,575,575,575,50
4265,65,386,2,1,0,0x12,13,18,9,24,13.333,18.000,4.667,1,5,220,220,56522,57075,57125,,603,,50,,,,,,50
4266,65,386,2,1,0,0x12,14,26,10,27,16.667,26.000,9.333,5,10,220,220,56522,57125,57175,,653,,50,,,,,,50
4267,65,386,2,1,0,0x12,14,32,10,29,18.667,32.000,13.333,10,14,220,220,56522,57175,57225,,703,,50,,,,,,50
4268,65,387,3,1,0,0x13,0,10,8,16,6.000,0.000,-6.000,-2,-6,220,220,57672,58275,58325,,653,,50,,,,,,50
4269,65,387,3,1,0,0x13,0,10,7,13,5.667,0.000,-5.667,-6,-5,220,220,57672,58325,58375,,703,,50,,,,,,50
4270,65,387,3,1,0,0x13,0,9,7,10,5.333,0.000,-5.333,-5,-5,220,220,57672,58375,58425,,753,,50,,,,,,50
4271,65,387,3,1,0,0x13,0,9,7,8,5.333,0.000,-5.333,-5,-5,220,220,57672,58425,58475,,803,,50,,,,,,50
4272,65,387,3,1,0,0x13,0,8,6,5,4.667,0.000,-4.667,-5,-4,220,220,57672,58475,58525,,853,,50,,,,,,50
4273,65,387,3,1,0,0x13,0,7,6,2,4.333,0.000,-4.333,-4,-4,220,220,57672,58525,58575,,903,,50,,,,,,50
4274,65,387,3,1,0,0x13,0,7,6,0,4.333,0.000,-4.333,-4,-4,220,220,57672,58575,58625,,953,,50,,,,,,50
4275,65,387,3,1,0,0x13,0,6,5,0,3.667,0.000,-3.667,-4,-3,220,220,57672,58625,58675,,1003,,50,,,,,,50
4276,65,387,3,1,0,0x13,0,6,5,0,3.667,0.000,-3.667,-3,-3,220,220,57672,58675,58725,,1053,,50,,,,,,50
4277,65,387,3,1,0,0x13,0,5,4,0,3.000,0.000,-3.000,-3,-3,220,220,57672,58725,58775,,1103,,50,,,,,,50
4278,65,387,3,1,0,0x13,0,5,4,0,3.000,0.000,-3.000,-3,-3,220,220,57672,58775,58825,,1153,,50,,,,,,50
4279,65,387,3,1,0,0x13,0,4,4,0,2.667,0.000,-2.667,-3,-2,220,220,57672,58825,58875,,1203,,50,,,,,,50
4280,65,388,4,1,0,0x14,9,7,0,0,5.333,0.000,-5.333,-2,-5,220,220,58897,58875,58975,,78,,100,,,,,,50
4281,65,388,4,1,0,0x14,9,7,0,2,5.333,0.000,-5.333,-5,-5,220,220,58897,58975,59025,,128,,50,,,,,,50
4282,65,388,4,1,0,0x14,9,8,0,5,5.667,0.000,-5.667,-5,-5,220,220,58897,59025,59075,,178,,50,,,,,,50
4283,65,388,4,1,0,0x14,10,8,0,8,6.000,0.000,-6.000,-5,-6,220,220,58897,59075,59125,,228,,50,,,,,,50
4284,65,388,4,1,0,0x14,10,8,0,11,6.000,0.000,-6.000,-6,-6,220,220,58897,59125,59175,,278,,50,,,,,,50
4285,65,388,4,1,0,0x14,11,9,0,14,6.667,0.000,-6.667,-6,-6,220,220,58897,59175,59225,,328,,50,,,,,,50
4286,65,388,4,1,0,0x14,11,9,0,16,6.667,0.000,-6.667,-6,-6,220,220,58897,59225,59275,,378,,50,,,,,,50
4287,65,388,4,1,0,0x14,11,10,2,19,7.667,2.000,-5.667,-6,-5,220,220,58897,59275,59325,,428,,50,,,,,,50
4288,65,389,5,1,0,0x15,13,24,10,27,15.667,24.000,8.333,13,9,220,220,60022,60375,60425,,403,,50,,,,,,50
4289,65,389,5,1,0,0x15,12,18,10,24,13.333,18.000,4.667,9,5,220,220,60022,60425,60475,,453,,50,,,,,,50
4290,65,389,5,1,1,0x35,16,10,9,22,11.667,10.000,-1.667,5,-1,220,220,60022,60475,60525,0,503,5514,50,5061,60525,550,550,550,50
4291,65,389,5,1,0,0x15,12,4,9,19,8.333,4.000,-4.333,-1,-4,220,220,60022,60525,60575,,553,,50,,,,,,50
4292,65,389,5,1,0,0x15,12,0,8,17,6.667,0.000,-6.667,-4,-6,220,220,60022,60575,60625,,603,,50,,,,,,50
4293,65,389,5,1,0,0x15,11,0,8,14,6.333,0.000,-6.333,-6,-6,220,220,60022,60625,60675,,653,,50,,,,,,50
4294,65,389,5,1,0,0x15,10,0,8,11,6.000,0.000,-6.000,-6,-6,220,220,60022,60675,60725,,703,,50,,,,,,50
4295,65,389,5,1,0,0x15,10,0,7,9,5.667,0.000,-5.667,-6,-5,220,220,60022,60725,60775,,753,,50,,,,,,50
4296,65,389,5,1,0,0x15,10,0,7,6,5.667,0.000,-5.667,-5,-5,220,220,60022,60775,60825,,803,,50,,,,,,50
4297,65,389,5,1,0,0x15,10,0,6,3,5.333,0.000,-5.333,-5,-5,220,220,60022,60825,60875,,853,,50,,,,,,50
4298,65,389,5,1,0,0x15,9,0,6,0,5.000,0.000,-5.000,-5,-5,220,220,60022,60875,60925,,903,,50,,,,,,50
4299,65,389,5,1,0,0x15,8,0,5,0,4.333,0.000,-4.333,-5,-4,220,220,60022,60925,60975,,953,,50,,,,,,50
4300,65,389,5,1,0,0x15,7,0,5,0,4.000,0.000,-4.000,-4,-4,220,220,60022,60975,61025,,1003,,50,,,,,,50
4301,65,389,5,1,0,0x15,7,0,4,0,3.667,0.000,-3.667,-4,-3,220,220,60022,61025,61075,,1053,,50,,,,,,50
4302,65,390,6,1,0,0x16,0,5,5,0,3.333,0.000,-3.333,-3,-3,220,220,61097,61075,61175,,78,,100,,,,,,50
4303,65,390,6,1,0,0x16,0,6,5,0,3.667,0.000,-3.667,-3,-3,220,220,61097,61175,61225,,128,,50,,,,,,50
4304,65,390,6,1,0,0x16,0,6,5,0,3.667,0.000,-3.667,-3,-3,220,220,61097,61225,61275,,178,,50,,,,,,50
4305,65,390,6,1,0,0x16,0,7,6,0,4.333,0.000,-4.333,-3,-4,220,220,61097,61275,61325,,228,,50,,,,,,50
4306,65,390,6,1,0,0x16,0,7,6,3,4.333,0.000,-4.333,-4,-4,220,220,61097,61325,61375,,278,,50,,,,,,50
4307,65,390,6,1,0,0x16,0,8,7,6,5.000,0.000,-5.000,-4,-5,220,220,61097,61375,61425,,328,,50,,,,,,50
4308,66,391,1,1,0,0x11,19,12,55,39,28.667,55.000,26.333,33,27,220,220,62347,62475,62525,,178,,50,,,,,,50
4309,66,391,1,1,0,0x11,15,13,47,36,25.000,47.000,22.000,27,22,220,220,62347,62525,62575,,228,,50,,,,,,50
4310,66,391,1,1,0,0x11,14,12,40,33,22.000,40.000,18.000,22,18,220,220,62347,62575,62625,,278,,50,,,,,,50
4311,66,391,1,1,0,0x11,14,12,32,30,19.333,32.000,12.667,18,13,220,220,62347,62625,62675,,328,,50,,,,,,50
4312,66,391,1,1,0,0x11,13,11,25,28,16.333,25.000,8.667,13,9,220,220,62347,62675,62725,,378,,50,,,,,,50
4313,66,391,1,1,0,0x11,13,11,19,25,14.333,19.000,4.667,9,5,220,220,62347,62725,62775,,428,,50,,,,,,50
4314,66,391,1,1,0,0x11,13,10,11,23,11.333,11.000,-0.333,5,0,220,220,62347,62775,62825,,478,,50,,,,,,50
4315,66,391,1,1,1,0x31,12,10,4,20,8.667,4.000,-4.667,0,-4,220,220,62347,62825,62875,0,528,3189,50,2711,62875,575,575,575,50
4316,66,391,1,1,0,0x11,12,10,0,18,7.333,0.000,-7.333,-4,-7,220,220,62347,62875,62925,,578,,50,,,,,,50
4317,66,391,1,1,0,0x11,11,9,0,15,6.667,0.000,-6.667,-7,-6,220,220,62347,62925,62975,,628,,50,,,,,,50
4318,66,391,1,1,0,0x11,11,9,0,12,6.667,0.000,-6.667,-6,-6,220,220,62347,62975,63025,,678,,50,,,,,,50
4319,66,391,1,1,0,0x11,11,8,0,9,6.333,0.000,-6.333,-6,-6,220,220,62347,63025,63075,,728,,50,,,,,,50
4320,66,391,1,1,0,0x11,10,8,0,6,6.000,0.000,-6.000,-6,-6,220,220,62347,63075,63125,,778,,50,,,,,,50
4321,66,391,1,1,0,0x11,9,7,0,4,5.333,0.000,-5.333,-6,-5,220,220,62347,63125,63175,,828,,50,,,,,,50
4322,66,391,1,1,0,0x11,9,7,0,1,5.333,0.000,-5.333,-5,-5,220,220,62347,63175,63225,,878,,50,,,,,,50
4323,66,391,1,1,0,0x11,9,6,0,0,5.000,0.000,-5.000,-5,-5,220,220,62347,63225,63275,,928,,50,,,,,,50
4324,66,391,1,1,0,0x11,8,6,0,0,4.667,0.000,-4.667,-5,-4,220,220,62347,63275,63325,,978,,50,,,,,,50
4325,66,391,1,1,0,0x11,7,5,0,0,4.000,0.000,-4.000,-4,-4,220,220,62347,63325,63375,,1028,,50,,,,,,50
4326,66,391,1,1,0,0x11,7,5,0,0,4.000,0.000,-4.000,-4,-4,220,220,62347,63375,63425,,1078,,50,,,,,,50
4327,66,392,2,1,0,0x12,13,0,5,0,6.000,0.000,-6.000,-4,-6,220,220,63472,63425,63525,,53,,100,,,,,,50
4328,66,392,2,1,0,0x12,17,97,13,54,42.333,97.000,54.667,49,55,220,220,63472,64525,64575,,1103,,50,,,,,,50
4329,66,393,3,1,0,0x13,82,14,10,45,35.333,82.000,46.667,55,47,220,220,64622,64575,64675,,53,,100,,,,,,50
4330,66,393,3,1,0,0x13,78,15,12,46,35.000,78.000,43.000,47,43,220,220,64622,64675,64725,,103,,50,,,,,,50
4331,66,393,3,1,0,0x13,71,14,12,43,32.333,71.000,38.667,43,39,220,220,64622,64725,64775,,153,,50,,,,,,50
4332,66,393,3,1,0,0x13,63,13,12,40,29.333,63.000,33.667,39,34,220,220,64622,64775,64825,,203,,50,,,,,,50
4333,66,393,3,1,0,0x13,54,13,11,37,26.000,54.000,28.000,34,28,220,220,64622,64825,64875,,253,,50,,,,,,50
4334,66,393,3,1,0,0x13,47,12,11,34,23.333,47.000,23.667,28,24,220,220,64622,64875,64925,,303,,50,,,,,,50
4335,66,393,3,1,0,0x13,39,12,10,31,20.333,39.000,18.667,24,19,220,220,64622,64925,64975,,353,,50,,,,,,50
4336,66,393,3,1,0,0x13,32,12,10,29,18.000,32.000,14.000,19,14,220,220,64622,64975,65025,,403,,50,,,,,,50
4337,66,393,3,1,0,0x13,25,11,10,26,15.333,25.000,9.667,14,10,220,220,64622,65025,65075,,453,,50,,,,,,50
4338,66,393,3,1,0,0x13,18,11,9,24,12.667,18.000,5.333,10,6,220,220,64622,65075,65125,,503,,50,,,,,,50
4339,66,393,3,1,0,0x13,11,11,9,21,10.333,11.000,0.667,6,1,220,220,64622,65125,65175,,553,,50,,,,,,50
4340,66,393,3,1,1,0x33,4,10,8,18,7.333,4.000,-3.333,1,-3,220,220,64622,65175,65225,0,603,914,50,361,65225,600,600,600,50
4341,66,393,3,1,0,0x13,0,10,8,16,6.000,0.000,-6.000,-3,-6,220,220,64622,65225,65275,,653,,50,,,,,,50
4342,66,393,3,1,0,0x13,0,9,8,13,5.667,0.000,-5.667,-6,-5,220,220,64622,65275,65325,,703,,50,,,,,,50
4343,66,393,3,1,0,0x13,0,9,7,10,5.333,0.000,-5.333,-5,-5,220,220,64622,65325,65375,,753,,50,,,,,,50
4344,66,393,3,1,0,0x13,0,8,7,7,5.000,0.000,-5.000,-5,-5,220,220,64622,65375,65425,,803,,50,,,,,,50
4345,66,393,3,1,0,0x13,0,8,6,5,4.667,0.000,-4.667,-5,-4,220,220,64622,65425,65475,,853,,50,,,,,,50
4346,66,393,3,1,0,0x13,0,8,6,2,4.667,0.000,-4.667,-4,-4,220,220,64622,65475,65525,,903,,50,,,,,,50
4347,66,393,3,1,0,0x13,0,6,5,0,3.667,0.000,-3.667,-4,-3,220,220,64622,65525,39,,953,,50,,,,,,50
4348,66,394,4,1,0,0x14,15,13,61,41,29.667,61.000,31.333,26,32,220,220,311,1089,1139,,828,,50,,,,,,50
4349,66,394,4,1,0,0x14,16,14,68,44,32.667,68.000,35.333,32,36,220,220,311,1139,1189,,878,,50,,,,,,50
4350,66,394,4,1,0,0x14,16,14,75,46,35.000,75.000,40.000,36,40,220,220,311,1189,1239,,928,,50,,,,,,50
4351,66,394,4,1,0,0x14,16,15,83,49,38.000,83.000,45.000,40,45,220,220,311,1239,1289,,978,,50,,,,,,50
4352,66,394,4,1,0,0x14,17,15,90,52,40.667,90.000,49.333,45,50,220,220,311,1289,1339,,1028,,50,,,,,,50
4353,66,394,4,1,0,0x14,17,15,97,54,43.000,97.000,54.000,50,54,220,220,311,1339,1389,,1078,,50,,,,,,50
4354,66,395,5,1,0,0x15,12,75,13,44,33.333,75.000,41.667,54,42,220,220,1436,1389,1489,,53,,100,,,,,,50
4355,66,395,5,1,0,0x15,15,70,13,44,32.667,70.000,37.333,42,38,220,220,1436,1489,1539,,103,,50,,,,,,50
4356,66,395,5,1,0,0x15,15,61,13,41,29.667,61.000,31.333,38,32,220,220,1436,1539,1589,,153,,50,,,,,,50
4357,66,395,5,1,0,0x15,15,53,12,38,26.667,53.000,26.333,32,27,220,220,1436,1589,1639,,203,,50,,,,,,50
4358,66,395,5,1,0,0x15,14,46,11,35,23.667,46.000,22.333,27,23,220,220,1436,1639,1689,,253,,50,,,,,,50
4359,66,395,5,1,0,0x15,14,38,11,32,21.000,38.000,17.000,23,17,220,220,1436,1689,1739,,303,,50,,,,,,50
4360,66,395,5,1,0,0x15,13,31,10,29,18.000,31.000,13.000,17,13,220,220,1436,1739,1789,,353,,50,,,,,,50
4361,66,395,5,1,0,0x15,13,24,10,27,15.667,24.000,8.333,13,9,220,220,1436,1789,1839,,403,,50,,,,,,50
4362,66,395,5,1,0,0x15,12,17,10,24,13.000,17.000,4.000,9,4,220,220,1436,1839,1889,,453,,50,,,,,,50
4363,66,395,5,1,1,0x35,17,10,9,22,12.000,10.000,-2.000,4,-2,220,220,1436,1889,1939,0,503,64100,50,63647,1939,550,550,550,50
4364,66,395,5,1,0,0x15,12,3,9,19,8.000,3.000,-5.000,-2,-5,220,220,1436,1939,1989,,553,,50,,,,,,50
4365,66,395,5,1,0,0x15,11,0,9,16,6.667,0.000,-6.667,-5,-6,220,220,1436,1989,2039,,603,,50,,,,,,50
4366,66,395,5,1,0,0x15,11,0,8,14,6.333,0.000,-6.333,-6,-6,220,220,1436,2039,2089,,653,,50,,,,,,50
4367,66,395,5,1,0,0x15,11,0,7,11,6.000,0.000,-6.000,-6,-6,220,220,1436,2089,2139,,703,,50,,,,,,50
4368,66,396,6,1,0,0x16,33,11,11,30,18.333,33.000,14.667,11,15,220,220,2511,3189,3239,,728,,50,,,,,,50
4369,66,396,6,1,0,0x16,41,12,11,32,21.333,41.000,19.667,15,20,220,220,2511,3239,3289,,778,,50,,,,,,50
4370,66,396,6,1,0,0x16,48,13,11,35,24.000,48.000,24.000,20,24,220,220,2511,3289,3339,,828,,50,,,,,,50
4371,66,396,6,1,0,0x16,56,13,11,37,26.667,56.000,29.333,24,30,220,220,2511,3339,3389,,878,,50,,,,,,50
4372,66,396,6,1,0,0x16,62,13,12,40,29.000,62.000,33.000,30,33,220,220,2511,3389,3439,,928,,50,,,,,,50
4373,66,396,6,1,0,0x16,70,14,12,43,32.000,70.000,38.000,33,38,220,220,2511,3439,3489,,978,,50,,,,,,50
4374,66,396,6,1,0,0x16,77,14,13,46,34.667,77.000,42.333,38,43,220,220,2511,3489,3539,,1028,,50,,,,,,50
4375,66,396,6,1,0,0x16,84,14,13,48,37.000,84.000,47.000,43,47,220,220,2511,3539,3589,,1078,,50,,,,,,50
4376,66,396,6,1,0,0x16,91,15,13,50,39.667,91.000,51.333,47,52,220,220,2511,3589,3639,,1128,,50,,,,,,50
4377,67,397,1,1,0,0x11,16,11,85,48,37.333,85.000,47.667,52,48,220,220,3686,3639,3739,,53,,100,,,,,,50
4378,67,397,1,1,0,0x11,18,14,78,48,36.667,78.000,41.333,48,42,220,220,3686,3739,3789,,103,,50,,,,,,50
4379,67,397,1,1,0,0x11,17,14,71,45,34.000,71.000,37.000,42,37,220,220,3686,3789,3839,,153,,50,,,,,,50
4380,67,397,1,1,0,0x11,16,14,63,42,31.000,63.000,32.000,37,32,220,220,3686,3839,3889,,203,,50,,,,,,50
4381,67,397,1,1,0,0x11,19,13,55,40,29.000,55.000,26.000,32,26,220,220,3686,3889,3939,,253,,50,,,,,,50
4382,67,397,1,1,0,0x11,15,12,48,36,25.000,48.000,23.000,26,23,220,220,3686,3939,3989,,303,,50,,,,,,50
4383,67,397,1,1,0,0x11,15,12,40,34,22.333,40.000,17.667,23,18,220,220,3686,3989,4039,,353,,50,,,,,,50
4384,67,397,1,1,0,0x11,14,11,33,30,19.333,33.000,13.667,18,14,220,220,3686,4039,4089,,403,,50,,,,,,50
4385,67,397,1,1,0,0x11,14,11,25,28,16.667,25.000,8.333,14,9,220,220,3686,4089,4139,,453,,50,,,,,,50
4386,67,397,1,1,0,0x11,13,11,18,25,14.000,18.000,4.000,9,4,220,220,3686,4139,4189,,503,,50,,,,,,50
4387,67,397,1,1,0,0x11,13,10,11,23,11.333,11.000,-0.333,4,0,220,220,3686,4189,4239,,553,,50,,,,,,50
4388,67,398,2,1,0,0x12,12,1,8,18,7.000,1.000,-6.000,-6,-6,220,220,4911,5289,5339,,428,,50,,,,,,50
4389,67,398,2,1,0,0x12,12,7,9,21,9.333,7.000,-2.333,-6,-2,220,220,4911,5339,5389,,478,,50,,,,,,50
4390,67,398,2,1,1,0x32,13,14,9,23,12.000,14.000,2.000,-2,2,220,220,4911,5389,5439,0,528,60625,50,60147,5439,575,575,575,50
4391,67,398,2,1,0,0x12,14,22,9,26,15.000,22.000,7.000,2,7,220,220,4911,5439,5489,,578,,50,,,,,,50
4392,67,398,2,1,0,0x12,14,29,10,28,17.667,29.000,11.333,7,12,220,220,4911,5489,5539,,628,,50,,,,,,50
4393,67,398,2,1,0,0x12,14,35,10,31,19.667,35.000,15.333,12,16,220,220,4911,5539,5589,,678,,50,,,,,,50
4394,67,398,2,1,0,0x12,14,42,11,33,22.333,42.000,19.667,16,20,220,220,4911,5589,5639,,728,,50,,,,,,50
4395,67,398,2,1,0,0x12,15,50,11,36,25.333,50.000,24.667,20,25,220,220,4911,5639,5689,,778,,50,,,,,,50
4396,67,398,2,1,0,0x12,15,58,11,39,28.000,58.000,30.000,25,30,220,220,4911,5689,5739,,828,,50,,,,,,50
4397,67,398,2,1,0,0x12,15,65,12,42,30.667,65.000,34.333,30,35,220,220,4911,5739,5789,,878,,50,,,,,,50
4398,67,398,2,1,0,0x12,16,73,13,45,34.000,73.000,39.000,35,39,220,220,4911,5789,5839,,928,,50,,,,,,50
4399,67,398,2,1,0,0x12,16,80,13,48,36.333,80.000,43.667,39,44,220,220,4911,5839,5889,,978,,50,,,,,,50
4400,67,398,2,1,0,0x12,21,88,13,51,40.667,88.000,47.333,44,48,220,220,4911,5889,5939,,1028,,50,,,,,,50
4401,67,398,2,1,0,0x12,17,96,14,53,42.333,96.000,53.667,48,54,220,220,4911,5939,5989,,1078,,50,,,,,,50
4402,67,399,3,1,0,0x13,79,14,10,44,34.333,79.000,44.667,54,45,220,220,6036,5989,6089,,53,,100,,,,,,50
4403,67,399,3,1,0,0x13,76,15,12,45,34.333,76.000,41.667,45,42,220,220,6036,6089,6139,,103,,50,,,,,,50
4404,67,399,3,1,0,0x13,68,14,12,42,31.333,68.000,36.667,42,37,220,220,6036,6139,6189,,153,,50,,,,,,50
4405,67,399,3,1,0,0x13,60,14,12,39,28.667,60.000,31.333,37,32,220,220,6036,6189,6239,,203,,50,,,,,,50
4406,67,399,3,1,0,0x13,52,13,11,36,25.333,52.000,26.667,32,27,220,220,6036,6239,6289,,253,,50,,,,,,50
4407,67,399,3,1,0,0x13,44,12,11,33,22.333,44.000,21.667,27,22,220,220,6036,6289,6339,,303,,50,,,,,,50
4408,67,400,4,1,0,0x14,10,8,0,6,6.000,0.000,-6.000,-5,-6,220,220,7186,7389,7439,,253,,50,,,,,,50
4409,67,400,4,1,0,0x14,10,9,0,9,6.333,0.000,-6.333,-6,-6,220,220,7186,7439,7489,,303,,50,,,,,,50
4410,67,400,4,1,0,0x14,10,9,0,12,6.333,0.000,-6.333,-6,-6,220,220,7186,7489,7539,,353,,50,,,,,,50
4411,67,400,4,1,0,0x14,11,9,0,15,6.667,0.000,-6.667,-6,-6,220,220,7186,7539,7589,,403,,50,,,,,,50
4412,67,400,4,1,0,0x14,12,10,0,18,7.333,0.000,-7.333,-6,-7,220,220,7186,7589,7639,,453,,50,,,,,,50
4413,67,400,4,1,0,0x14,12,10,5,20,9.000,5.000,-4.000,-7,-4,220,220,7186,7639,7689,,503,,50,,,,,,50
4414,67,400,4,1,1,0x34,12,11,12,22,11.667,12.000,0.333,-4,1,220,220,7186,7689,7739,0,553,58350,50,57847,7739,575,575,575,50
4415,67,400,4,1,0,0x14,12,11,18,25,13.667,18.000,4.333,1,5,220,220,7186,7739,7789,,603,,50,,,,,,50
4416,67,400,4,1,0,0x14,13,11,25,27,16.333,25.000,8.667,5,9,220,220,7186,7789,7839,,653,,50,,,,,,50
4417,67,400,4,1,0,0x14,13,12,31,30,18.667,31.000,12.333,9,13,220,220,7186,7839,7889,,703,,50,,,,,,50
4418,67,400,4,1,0,0x14,18,12,39,34,23.000,39.000,16.000,13,16,220,220,7186,7889,7939,,753,,50,,,,,,50
4419,67,400,4,1,0,0x14,14,13,46,36,24.333,46.000,21.667,16,22,220,220,7186,7939,7989,,803,,50,,,,,,50
4420,67,400,4,1,0,0x14,15,13,54,38,27.333,54.000,26.667,22,27,220,220,7186,7989,8039,,853,,50,,,,,,50
4421,67,400,4,1,0,0x14,15,13,61,41,29.667,61.000,31.333,27,32,220,220,7186,8039,8089,,903,,50,,,,,,50
4422,67,400,4,1,0,0x14,15,14,68,44,32.333,68.000,35.667,32,36,220,220,7186,8089,8139,,953,,50,,,,,,50
4423,67,400,4,1,0,0x14,16,14,76,47,35.333,76.000,40.667,36,41,220,220,7186,8139,8189,,1003,,50,,,,,,50
4424,67,400,4,1,0,0x14,16,14,83,50,37.667,83.000,45.333,41,46,220,220,7186,8189,8239,,1053,,50,,,,,,50
4425,67,400,4,1,0,0x14,17,15,91,52,41.000,91.000,50.000,46,50,220,220,7186,8239,8289,,1103,,50,,,,,,50
4426,67,401,5,1,0,0x15,13,86,14,48,37.667,86.000,48.333,50,49,220,220,8336,8289,8389,,53,,100,,,,,,50
4427,67,401,5,1,0,0x15,16,80,14,48,36.667,80.000,43.333,49,44,220,220,8336,8389,8439,,103,,50,,,,,,50
4428,67,401,5,1,0,0x15,7,0,3,0,3.333,0.000,-3.333,-3,-3,220,220,8336,9439,9489,,1153,,50,,,,,,50
4429,67,401,5,1,0,0x15,6,0,3,0,3.000,0.000,-3.000,-3,-3,220,220,8336,9489,9539,,1203,,50,,,,,,50
4430,67,402,6,1,0,0x16,0,6,7,0,4.333,0.000,-4.333,-3,-4,220,220,9561,9539,9639,,78,,100,,,,,,50
4431,67,402,6,1,0,0x16,0,7,6,2,4.333,0.000,-4.333,-4,-4,220,220,9561,9639,9689,,128,,50,,,,,,50
4432,67,402,6,1,0,0x16,0,8,7,5,5.000,0.000,-5.000,-4,-5,220,220,9561,9689,9739,,178,,50,,,,,,50
4433,67,402,6,1,0,0x16,0,8,7,8,5.000,0.000,-5.000,-5,-5,220,220,9561,9739,9789,,228,,50,,,,,,50
4434,67,402,6,1,0,0x16,0,8,7,11,5.000,0.000,-5.000,-5,-5,220,220,9561,9789,9839,,278,,50,,,,,,50
4435,67,402,6,1,0,0x16,0,9,8,13,5.667,0.000,-5.667,-5,-5,220,220,9561,9839,9889,,328,,50,,,,,,50
4436,67,402,6,1,0,0x16,2,10,8,17,6.667,2.000,-4.667,-5,-4,220,220,9561,9889,9939,,378,,50,,,,,,50
4437,67,402,6,1,0,0x16,5,10,9,19,8.000,5.000,-3.000,-4,-3,220,220,9561,9939,9989,,428,,50,,,,,,50
4438,67,402,6,1,1,0x36,12,10,9,22,10.333,12.000,1.667,-3,2,220,220,9561,9989,10039,0,478,55975,50,55547,10039,550,550,550,50
4439,67,402,6,1,0,0x16,19,11,10,24,13.333,19.000,5.667,2,6,220,220,9561,10039,10089,,528,,50,,,,,,50
4440,67,402,6,1,0,0x16,26,11,10,27,15.667,26.000,10.333,6,11,220,220,9561,10089,10139,,578,,50,,,,,,50
4441,67,402,6,1,0,0x16,34,11,10,30,18.333,34.000,15.667,11,16,220,220,9561,10139,10189,,628,,50,,,,,,50
4442,67,402,6,1,0,0x16,41,12,11,32,21.333,41.000,19.667,16,20,220,220,9561,10189,10239,,678,,50,,,,,,50
4443,67,402,6,1,0,0x16,49,12,12,35,24.333,49.000,24.667,20,25,220,220,9561,10239,10289,,728,,50,,,,,,50
4444,67,402,6,1,0,0x16,56,13,11,38,26.667,56.000,29.333,25,30,220,220,9561,10289,10339,,778,,50,,,,,,50
4445,67,402,6,1,0,0x16,64,13,12,41,29.667,64.000,34.333,30,35,220,220,9561,10339,10389,,828,,50,,,,,,50
4446,67,402,6,1,0,0x16,71,13,12,43,32.000,71.000,39.000,35,39,220,220,9561,10389,10439,,878,,50,,,,,,50
4447,67,402,6,1,0,0x16,79,14,12,46,35.000,79.000,44.000,39,44,220,220,9561,10439,10489,,928,,50,,,,,,50
4448,68,403,1,1,0,0x11,9,7,0,0,5.333,0.000,-5.333,-5,-5,220,220,10612,11539,11589,,977,,50,,,,,,50
4449,68,403,1,1,0,0x11,8,6,0,0,4.667,0.000,-4.667,-5,-4,220,220,10612,11589,11639,,1027,,50,,,,,,50
4450,68,403,1,1,0,0x11,8,6,0,0,4.667,0.000,-4.667,-4,-4,220,220,10612,11639,11689,,1077,,50,,,,,,50
4451,68,403,1,1,0,0x11,7,5,0,0,4.000,0.000,-4.000,-4,-4,220,220,10612,11689,11739,,1127,,50,,,,,,50
4452,68,404,2,1,0,0x12,12,0,5,0,5.667,0.000,-5.667,-4,-5,220,220,11786,11739,11839,,53,,100,,,,,,50
4453,68,404,2,1,0,0x12,9,0,4,0,4.333,0.000,-4.333,-5,-4,220,220,11786,11839,11889,,103,,50,,,,,,50
4454,68,404,2,1,0,0x12,13,0,5,0,6.000,0.000,-6.000,-4,-6,220,220,11786,11889,11939,,153,,50,,,,,,50
4455,68,404,2,1,0,0x12,9,0,6,1,5.000,0.000,-5.000,-6,-5,220,220,11786,11939,11989,,203,,50,,,,,,50
4456,68,404,2,1,0,0x12,10,0,6,3,5.333,0.000,-5.333,-5,-5,220,220,11786,11989,12039,,253,,50,,,,,,50
4457,68,404,2,1,0,0x12,10,0,6,6,5.333,0.000,-5.333,-5,-5,220,220,11786,12039,12089,,303,,50,,,,,,50
4458,68,404,2,1,0,0x12,11,0,7,9,6.000,0.000,-6.000,-5,-6,220,220,11786,12089,12139,,353,,50,,,,,,50
4459,68,404,2,1,0,0x12,11,0,7,12,6.000,0.000,-6.000,-6,-6,220,220,11786,12139,12189,,403,,50,,,,,,50
4460,68,404,2,1,0,0x12,12,0,8,15,6.667,0.000,-6.667,-6,-6,220,220,11786,12189,12239,,453,,50,,,,,,50
4461,68,404,2,1,0,0x12,12,0,8,18,6.667,0.000,-6.667,-6,-6,220,220,11786,12239,12289,,503,,50,,,,,,50
4462,68,404,2,1,0,0x12,12,7,9,21,9.333,7.000,-2.333,-6,-2,220,220,11786,12289,12339,,553,,50,,,,,,50
4463,68,404,2,1,1,0x32,13,14,9,23,12.000,14.000,2.000,-2,2,220,220,11786,12339,12389,0,603,53750,50,53197,12389,600,600,600,50
4464,68,404,2,1,0,0x12,13,21,10,26,14.667,21.000,6.333,2,7,220,220,11786,12389,12439,,653,,50,,,,,,50
4465,68,404,2,1,0,0x12,13,28,10,28,17.000,28.000,11.000,7,11,220,220,11786,12439,12489,,703,,50,,,,,,50
4466,68,404,2,1,0,0x12,14,36,10,31,20.000,36.000,16.000,11,16,220,220,11786,12489,12539,,753,,50,,,,,,50
4467,68,404,2,1,0,0x12,15,43,11,34,23.000,43.000,20.000,16,20,220,220,11786,12539,12589,,803,,50,,,,,,50
4468,68,405,3,1,0,0x13,0,9,8,12,5.667,0.000,-5.667,-6,-5,220,220,13011,13639,13689,,678,,50,,,,,,50
4469,68,405,3,1,0,0x13,0,9,7,9,5.333,0.000,-5.333,-5,-5,220,220,13011,13689,13739,,728,,50,,,,,,50
4470,68,405,3,1,0,0x13,0,8,7,6,5.000,0.000,-5.000,-5,-5,220,220,13011,13739,13789,,778,,50,,,,,,50
4471,68,405,3,1,0,0x13,0,8,6,3,4.667,0.000,-4.667,-5,-4,220,220,13011,13789,13839,,828,,50,,,,,,50
4472,68,405,3,1,0,0x13,0,7,6,1,4.333,0.000,-4.333,-4,-4,220,220,13011,13839,13889,,878,,50,,,,,,50
4473,68,405,3,1,0,0x13,0,6,5,0,3.667,0.000,-3.667,-4,-3,220,220,13011,13889,13939,,928,,50,,,,,,50
4474,68,405,3,1,0,0x13,0,6,5,0,3.667,0.000,-3.667,-3,-3,220,220,13011,13939,13989,,978,,50,,,,,,50
4475,68,405,3,1,0,0x13,0,6,5,0,3.667,0.000,-3.667,-3,-3,220,220,13011,13989,14039,,1028,,50,,,,,,50
4476,68,405,3,1,0,0x13,0,5,4,0,3.000,0.000,-3.000,-3,-3,220,220,13011,14039,14089,,1078,,50,,,,,,50
4477,68,405,3,1,0,0x13,0,4,4,0,2.667,0.000,-2.667,-3,-2,220,220,13011,14089,14139,,1128,,50,,,,,,50
4478,68,405,3,1,0,0x13,0,4,4,0,2.667,0.000,-2.667,-2,-2,220,220,13011,14139,14189,,1178,,50,,,,,,50
4479,68,406,4,1,0,0x14,9,8,0,1,5.667,0.000,-5.667,-2,-5,220,220,14211,14189,14289,,78,,100,,,,,,50
4480,68,406,4,1,0,0x14,9,8,0,4,5.667,0.000,-5.667,-5,-5,220,220,14211,14289,14339,,128,,50,,,,,,50
4481,68,406,4,1,0,0x14,9,8,0,7,5.667,0.000,-5.667,-5,-5,220,220,14211,14339,14389,,178,,50,,,,,,50
4482,68,406,4,1,0,0x14,10,9,0,10,6.333,0.000,-6.333,-5,-6,220,220,14211,14389,14439,,228,,50,,,,,,50
4483,68,406,4,1,0,0x14,10,9,0,13,6.333,0.000,-6.333,-6,-6,220,220,14211,14439,14489,,278,,50,,,,,,50
4484,68,406,4,1,0,0x14,11,10,0,16,7.000,0.000,-7.000,-6,-7,220,220,14211,14489,14539,,328,,50,,,,,,50
4485,68,406,4,1,0,0x14,11,10,1,18,7.333,1.000,-6.333,-7,-6,220,220,14211,14539,14589,,378,,50,,,,,,50
4486,68,406,4,1,0,0x14,12,10,8,21,10.000,8.000,-2.000,-6,-2,220,220,14211,14589,14639,,428,,50,,,,,,50
4487,68,406,4,1,1,0x34,12,10,14,23,12.000,14.000,2.000,-2,2,220,220,14211,14639,14689,0,478,51325,50,50897,14689,550,550,550,50
4488,68,407,5,1,0,0x15,13,15,10,23,12.667,15.000,2.333,7,3,220,220,15261,15739,15789,,528,,50,,,,,,50
4489,68,407,5,1,1,0x35,12,8,9,21,9.667,8.000,-1.667,3,-1,220,220,15261,15789,15839,0,578,50275,50,49747,15839,575,575,575,50
4490,68,407,5,1,0,0x15,12,1,9,18,7.333,1.000,-6.333,-1,-6,220,220,15261,15839,15889,,628,,50,,,,,,50
4491,68,407,5,1,0,0x15,16,0,8,16,8.000,0.000,-8.000,-6,-8,220,220,15261,15889,15939,,678,,50,,,,,,50
4492,68,407,5,1,0,0x15,11,0,8,13,6.333,0.000,-6.333,-8,-6,220,220,15261,15939,15989,,728,,50,,,,,,50
4493,68,407,5,1,0,0x15,10,0,8,10,6.000,0.000,-6.000,-6,-6,220,220,15261,15989,16039,,778,,50,,,,,,50
4494,68,407,5,1,0,0x15,10,0,7,7,5.667,0.000,-5.667,-6,-5,220,220,15261,16039,16089,,828,,50,,,,,,50
4495,68,407,5,1,0,0x15,10,0,7,4,5.667,0.000,-5.667,-5,-5,220,220,15261,16089,16139,,878,,50,,,,,,50
4496,68,407,5,1,0,0x15,9,0,6,2,5.000,0.000,-5.000,-5,-5,220,220,15261,16139,16189,,928,,50,,,,,,50
4497,68,407,5,1,0,0x15,9,0,6,0,5.000,0.000,-5.000,-5,-5,220,220,15261,16189,16239,,978,,50,,,,,,50
4498,68,407,5,1,0,0x15,8,0,5,0,4.333,0.000,-4.333,-5,-4,220,220,15261,16239,16289,,1028,,50,,,,,,50
4499,68,407,5,1,0,0x15,8,0,4,0,4.000,0.000,-4.000,-4,-4,220,220,15261,16289,16339,,1078,,50,,,,,,50
4500,68,407,5,1,0,0x15,7,0,4,0,3.667,0.000,-3.667,-4,-3,220,220,15261,16339,16389,,1128,,50,,,,,,50
4501,68,408,6,1,0,0x16,0,7,8,0,5.000,0.000,-5.000,-3,-5,220,220,16436,16389,16489,,53,,100,,,,,,50
4502,68,408,6,1,0,0x16,0,6,6,0,4.000,0.000,-4.000,-5,-4,220,220,16436,16489,16539,,103,,50,,,,,,50
4503,68,408,6,1,0,0x16,0,6,6,0,4.000,0.000,-4.000,-4,-4,220,220,16436,16539,16589,,153,,50,,,,,,50
4504,68,408,6,1,0,0x16,0,7,6,2,4.333,0.000,-4.333,-4,-4,220,220,16436,16589,16639,,203,,50,,,,,,50
4505,68,408,6,1,0,0x16,0,8,6,5,4.667,0.000,-4.667,-4,-4,220,220,16436,16639,16689,,253,,50,,,,,,50
4506,68,408,6,1,0,0x16,0,8,7,7,5.000,0.000,-5.000,-4,-5,220,220,16436,16689,16739,,303,,50,,,,,,50
4507,68,408,6,1,0,0x16,0,9,8,11,5.667,0.000,-5.667,-5,-5,220,220,16436,16739,16789,,353,,50,,,,,,50
4508,69,409,1,1,0,0x11,15,12,42,34,23.000,42.000,19.000,24,19,220,220,17586,17839,17889,,303,,50,,,,,,50
4509,69,409,1,1,0,0x11,14,13,35,32,20.667,35.000,14.333,19,15,220,220,17586,17889,17939,,353,,50,,,,,,50
4510,69,409,1,1,0,0x11,18,11,28,29,19.000,28.000,9.000,15,9,220,220,17586,17939,17989,,403,,50,,,,,,50
4511,69,409,1,1,0,0x11,14,11,21,26,15.333,21.000,5.667,9,6,220,220,17586,17989,18039,,453,,50,,,,,,50
4512,69,409,1,1,0,0x11,13,11,14,23,12.667,14.000,1.333,6,2,220,220,17586,18039,18089,,503,,50,,,,,,50
4513,69,409,1,1,1,0x31,13,10,8,21,10.333,8.000,-2.333,2,-2,220,220,17586,18089,18139,0,553,47950,50,47447,18139,575,575,575,50
4514,69,409,1,1,0,0x11,12,10,0,19,7.333,0.000,-7.333,-2,-7,220,220,17586,18139,18189,,603,,50,,,,,,50
4515,69,409,1,1,0,0x11,12,9,0,16,7.000,0.000,-7.000,-7,-7,220,220,17586,18189,18239,,653,,50,,,,,,50
4516,69,409,1,1,0,0x11,11,9,0,13,6.667,0.000,-6.667,-7,-6,220,220,17586,18239,18289,,703,,50,,,,,,50
4517,69,409,1,1,0,0x11,11,8,0,11,6.333,0.000,-6.333,-6,-6,220,220,17586,18289,18339,,753,,50,,,,,,50
4518,69,409,1,1,0,0x11,10,8,0,7,6.000,0.000,-6.000,-6,-6,220,220,17586,18339,18389,,803,,50,,,,,,50
4519,69,409,1,1,0,0x11,10,7,0,4,5.667,0.000,-5.667,-6,-5,220,220,17586,18389,18439,,853,,50,,,,,,50
4520,69,409,1,1,0,0x11,9,7,0,2,5.333,0.000,-5.333,-5,-5,220,220,17586,18439,18489,,903,,50,,,,,,50
4521,69,409,1,1,0,0x11,8,6,0,0,4.667,0.000,-4.667,-5,-4,220,220,17586,18489,18539,,953,,50,,,,,,50
4522,69,409,1,1,0,0x11,8,6,0,0,4.667,0.000,-4.667,-4,-4,220,220,17586,18539,18589,,1003,,50,,,,,,50
4523,69,409,1,1,0,0x11,7,6,0,0,4.333,0.000,-4.333,-4,-4,220,220,17586,18589,18639,,1053,,50,,,,,,50
4524,69,409,1,1,0,0x11,7,5,0,0,4.000,0.000,-4.000,-4,-4,220,220,17586,18639,18689,,1103,,50,,,,,,50
4525,69,410,2,1,0,0x12,13,0,5,0,6.000,0.000,-6.000,-4,-6,220,220,18736,18689,18789,,53,,100,,,,,,50
4526,69,410,2,1,0,0x12,9,0,4,0,4.333,0.000,-4.333,-6,-4,220,220,18736,18789,18839,,103,,50,,,,,,50
4527,69,410,2,1,0,0x12,9,0,5,0,4.667,0.000,-4.667,-4,-4,220,220,18736,18839,18889,,153,,50,,,,,,50
4528,69,411,3,1,0,0x13,84,16,12,48,37.333,84.000,46.667,54,47,220,220,19886,19939,19989,,103,,50,,,,,,50
4529,69,411,3,1,0,0x13,76,15,12,45,34.333,76.000,41.667,47,42,220,220,19886,19989,20039,,153,,50,,,,,,50
4530,69,411,3,1,0,0x13,68,14,12,42,31.333,68.000,36.667,42,37,220,220,19886,20039,20089,,203,,50,,,,,,50
4531,69,411,3,1,0,0x13,60,13,12,39,28.333,60.000,31.667,37,32,220,220,19886,20089,20139,,253,,50,,,,,,50
4532,69,411,3,1,0,0x13,52,13,11,36,25.333,52.000,26.667,32,27,220,220,19886,20139,20189,,303,,50,,,,,,50
4533,69,411,3,1,0,0x13,44,12,11,33,22.333,44.000,21.667,27,22,220,220,19886,20189,20239,,353,,50,,,,,,50
4534,69,411,3,1,0,0x13,37,12,10,30,19.667,37.000,17.333,22,18,220,220,19886,20239,20289,,403,,50,,,,,,50
4535,69,411,3,1,0,0x13,30,12,10,28,17.333,30.000,12.667,18,13,220,220,19886,20289,20339,,453,,50,,,,,,50
4536,69,411,3,1,0,0x13,22,11,9,25,14.000,22.000,8.000,13,8,220,220,19886,20339,20389,,503,,50,,,,,,50
4537,69,411,3,1,0,0x13,15,11,9,22,11.667,15.000,3.333,8,4,220,220,19886,20389,20439,,553,,50,,,,,,50
4538,69,411,3,1,1,0x33,8,10,9,20,9.000,8.000,-1.000,4,-1,220,220,19886,20439,20489,0,603,45650,50,45097,20489,600,600,600,50
4539,69,411,3,1,0,0x13,0,10,8,17,6.000,0.000,-6.000,-1,-6,220,220,19886,20489,20539,,653,,50,,,,,,50
4540,69,411,3,1,0,0x13,0,9,8,14,5.667,0.000,-5.667,-6,-5,220,220,19886,20539,20589,,703,,50,,,,,,50
4541,69,411,3,1,0,0x13,0,9,8,11,5.667,0.000,-5.667,-5,-5,220,220,19886,20589,20639,,753,,50,,,,,,50
4542,69,411,3,1,0,0x13,0,8,7,8,5.000,0.000,-5.000,-5,-5,220,220,19886,20639,20689,,803,,50,,,,,,50
4543,69,411,3,1,0,0x13,0,8,6,5,4.667,0.000,-4.667,-5,-4,220,220,19886,20689,20739,,853,,50,,,,,,50
4544,69,411,3,1,0,0x13,0,8,6,3,4.667,0.000,-4.667,-4,-4,220,220,19886,20739,20789,,903,,50,,,,,,50
4545,69,411,3,1,0,0x13,0,7,5,0,4.000,0.000,-4.000,-4,-4,220,220,19886,20789,20839,,953,,50,,,,,,50
4546,69,411,3,1,0,0x13,0,7,5,0,4.000,0.000,-4.000,-4,-4,220,220,19886,20839,20889,,1003,,50,,,,,,50
4547,69,411,3,1,0,0x13,0,6,5,0,3.667,0.000,-3.667,-4,-3,220,220,19886,20889,20939,,1053,,50,,,,,,50
4548,69,412,4,1,0,0x14,16,14,72,45,34.000,72.000,38.000,32,38,220,220,21111,21989,22039,,928,,50,,,,,,50
4549,69,412,4,1,0,0x14,16,14,79,48,36.333,79.000,42.667,38,43,220,220,21111,22039,22089,,978,,50,,,,,,50
4550,69,412,4,1,0,0x14,17,14,87,50,39.333,87.000,47.667,43,48,220,220,21111,22089,22139,,1028,,50,,,,,,50
4551,69,412,4,1,0,0x14,17,15,94,53,42.000,94.000,52.000,48,52,220,220,21111,22139,22189,,1078,,50,,,,,,50
4552,69,413,5,1,0,0x15,12,78,13,45,34.333,78.000,43.667,52,44,220,220,22236,22189,22289,,53,,100,,,,,,50
4553,69,413,5,1,0,0x15,16,73,14,45,34.333,73.000,38.667,44,39,220,220,22236,22289,22339,,103,,50,,,,,,50
4554,69,413,5,1,0,0x15,15,64,13,42,30.667,64.000,33.333,39,34,220,220,22236,22339,22389,,153,,50,,,,,,50
4555,69,413,5,1,0,0x15,15,56,12,39,27.667,56.000,28.333,34,29,220,220,22236,22389,22439,,203,,50,,,,,,50
4556,69,413,5,1,0,0x15,14,48,11,36,24.333,48.000,23.667,29,24,220,220,22236,22439,22489,,253,,50,,,,,,50
4557,69,413,5,1,0,0x15,14,41,11,33,22.000,41.000,19.000,24,19,220,220,22236,22489,22539,,303,,50,,,,,,50
4558,69,413,5,1,0,0x15,13,33,11,30,19.000,33.000,14.000,19,14,220,220,22236,22539,22589,,353,,50,,,,,,50
4559,69,413,5,1,0,0x15,13,26,10,27,16.333,26.000,9.667,14,10,220,220,22236,22589,22639,,403,,50,,,,,,50
4560,69,413,5,1,0,0x15,13,18,10,25,13.667,18.000,4.333,10,5,220,220,22236,22639,22689,,453,,50,,,,,,50
4561,69,413,5,1,0,0x15,12,12,9,22,11.000,12.000,1.000,5,1,220,220,22236,22689,22739,,503,,50,,,,,,50
4562,69,413,5,1,1,0x35,12,5,9,20,8.667,5.000,-3.667,1,-3,220,220,22236,22739,22789,0,553,43300,50,42797,22789,575,575,575,50
4563,69,413,5,1,0,0x15,11,0,8,17,6.333,0.000,-6.333,-3,-6,220,220,22236,22789,22839,,603,,50,,,,,,50
4564,69,413,5,1,0,0x15,11,0,8,14,6.333,0.000,-6.333,-6,-6,220,220,22236,22839,22889,,653,,50,,,,,,50
4565,69,413,5,1,0,0x15,15,0,8,12,7.667,0.000,-7.667,-6,-7,220,220,22236,22889,22939,,703,,50,,,,,,50
4566,69,413,5,1,0,0x15,10,0,7,9,5.667,0.000,-5.667,-7,-5,220,220,22236,22939,22989,,753,,50,,,,,,50
4567,69,413,5,1,0,0x15,10,0,7,6,5.667,0.000,-5.667,-5,-5,220,220,22236,22989,23039,,803,,50,,,,,,50
4568,69,414,6,1,0,0x16,44,12,11,34,22.333,44.000,21.667,17,22,220,220,23386,24089,24139,,753,,50,,,,,,50
4569,69,414,6,1,0,0x16,51,12,12,37,25.000,51.000,26.000,22,26,220,220,23386,24139,24189,,803,,50,,,,,,50
4570,69,414,6,1,0,0x16,59,13,12,39,28.000,59.000,31.000,26,31,220,220,23386,24189,24239,,853,,50,,,,,,50
4571,69,414,6,1,0,0x16,66,13,12,42,30.333,66.000,35.667,31,36,220,220,23386,24239,24289,,903,,50,,,,,,50
4572,69,414,6,1,0,0x16,73,14,13,44,33.333,73.000,39.667,36,40,220,220,23386,24289,24339,,953,,50,,,,,,50
4573,69,414,6,1,0,0x16,81,14,13,47,36.000,81.000,45.000,40,45,220,220,23386,24339,24389,,1003,,50,,,,,,50
4574,69,414,6,1,0,0x16,88,14,13,50,38.333,88.000,49.667,45,50,220,220,23386,24389,24439,,1053,,50,,,,,,50
4575,69,414,6,1,0,0x16,95,15,13,53,41.000,95.000,54.000,50,54,220,220,23386,24439,24489,,1103,,50,,,,,,50
4576,70,415,1,1,0,0x11,15,11,81,46,35.667,81.000,45.333,54,46,220,220,24536,24489,24589,,53,,100,,,,,,50
4577,70,415,1,1,0,0x11,18,14,75,47,35.667,75.000,39.333,46,40,220,220,24536,24589,24639,,103,,50,,,,,,50
4578,70,415,1,1,0,0x11,16,13,67,44,32.000,67.000,35.000,40,35,220,220,24536,24639,24689,,153,,50,,,,,,50
4579,70,415,1,1,0,0x11,16,13,58,41,29.000,58.000,29.000,35,29,220,220,24536,24689,24739,,203,,50,,,,,,50
4580,70,415,1,1,0,0x11,15,13,50,37,26.000,50.000,24.000,29,24,220,220,24536,24739,24789,,253,,50,,,,,,50
4581,70,415,1,1,0,0x11,14,12,43,34,23.000,43.000,20.000,24,20,220,220,24536,24789,24839,,303,,50,,,,,,50
4582,70,415,1,1,0,0x11,14,12,36,32,20.667,36.000,15.333,20,16,220,220,24536,24839,24889,,353,,50,,,,,,50
4583,70,415,1,1,0,0x11,18,11,28,29,19.000,28.000,9.000,16,9,220,220,24536,24889,24939,,403,,50,,,,,,50
4584,70,415,1,1,0,0x11,13,11,20,26,14.667,20.000,5.333,9,6,220,220,24536,24939,24989,,453,,50,,,,,,50
4585,70,415,1,1,0,0x11,13,11,13,23,12.333,13.000,0.667,6,1,220,220,24536,24989,25039,,503,,50,,,,,,50
4586,70,415,1,1,1,0x31,12,10,6,21,9.333,6.000,-3.333,1,-3,220,220,24536,25039,25089,0,553,41000,50,40497,25089,575,575,575,50
4587,70,415,1,1,0,0x11,12,10,0,18,7.333,0.000,-7.333,-3,-7,220,220,24536,25089,25139,,603,,50,,,,,,50
4588,70,416,2,1,0,0x12,13,11,9,22,11.000,11.000,0.000,-4,0,220,220,25686,26189,26239,,553,,50,,,,,,50
4589,70,416,2,1,1,0x32,13,18,9,24,13.333,18.000,4.667,0,5,220,220,25686,26239,26289,0,603,39850,50,39297,26289,600,600,600,50
4590,70,416,2,1,0,0x12,14,25,10,27,16.333,25.000,8.667,5,9,220,220,25686,26289,26339,,653,,50,,,,,,50
4591,70,416,2,1,0,0x12,14,32,10,30,18.667,32.000,13.333,9,14,220,220,25686,26339,26389,,703,,50,,,,,,50
4592,70,416,2,1,0,0x12,14,40,10,33,21.333,40.000,18.667,14,19,220,220,25686,26389,26439,,753,,50,,,,,,50
4593,70,416,2,1,0,0x12,15,47,11,35,24.333,47.000,22.667,19,23,220,220,25686,26439,26489,,803,,50,,,,,,50
4594,70,416,2,1,0,0x12,15,55,12,38,27.333,55.000,27.667,23,28,220,220,25686,26489,26539,,853,,50,,,,,,50
4595,70,416,2,1,0,0x12,15,63,12,41,30.000,63.000,33.000,28,33,220,220,25686,26539,26589,,903,,50,,,,,,50
4596,70,416,2,1,0,0x12,16,71,13,44,33.333,71.000,37.667,33,38,220,220,25686,26589,26639,,953,,50,,,,,,50
4597,70,416,2,1,0,0x12,16,78,13,47,35.667,78.000,42.333,38,43,220,220,25686,26639,26689,,1003,,50,,,,,,50
4598,70,416,2,1,0,0x12,16,87,13,50,38.667,87.000,48.333,43,49,220,220,25686,26689,26739,,1053,,50,,,,,,50
4599,70,416,2,1,0,0x12,17,94,14,53,41.667,94.000,52.333,49,53,220,220,25686,26739,26789,,1103,,50,,,,,,50
4600,70,416,2,1,0,0x12,17,103,14,55,44.667,103.000,58.333,53,59,220,220,25686,26789,26839,,1153,,50,,,,,,50
4601,70,416,2,1,0,0x12,18,111,15,59,48.000,111.000,63.000,59,63,220,220,25686,26839,26889,,1203,,50,,,,,,50
4602,70,417,3,1,0,0x13,71,14,12,44,32.333,71.000,38.667,63,39,220,220,26911,26889,26989,,78,,100,,,,,,50
4603,70,417,3,1,0,0x13,64,14,12,41,30.000,64.000,34.000,39,34,220,220,26911,26989,27039,,128,,50,,,,,,50
4604,70,417,3,1,0,0x13,56,13,11,38,26.667,56.000,29.333,34,30,220,220,26911,27039,27089,,178,,50,,,,,,50
4605,70,417,3,1,0,0x13,48,13,11,35,24.000,48.000,24.000,30,24,220,220,26911,27089,27139,,228,,50,,,,,,50
4606,70,417,3,1,0,0x13,40,12,11,32,21.000,40.000,19.000,24,19,220,220,26911,27139,27189,,278,,50,,,,,,50
4607,70,417,3,1,0,0x13,32,12,10,29,18.000,32.000,14.000,19,14,220,220,26911,27189,27239,,328,,50,,,,,,50
4608,70,418,4,1,0,0x14,10,9,0,10,6.333,0.000,-6.333,-6,-6,220,220,28036,28289,28339,,303,,50,,,,,,50
4609,70,418,4,1,0,0x14,11,9,0,13,6.667,0.000,-6.667,-6,-6,220,220,28036,28339,28389,,353,,50,,,,,,50
4610,70,418,4,1,0,0x14,11,9,0,16,6.667,0.000,-6.667,-6,-6,220,220,28036,28389,28439,,403,,50,,,,,,50
4611,70,418,4,1,0,0x14,12,10,1,18,7.667,1.000,-6.667,-6,-6,220,220,28036,28439,28489,,453,,50,,,,,,50
4612,70,418,4,1,0,0x14,12,10,7,21,9.667,7.000,-2.667,-6,-2,220,220,28036,28489,28539,,503,,50,,,,,,50
4613,70,418,4,1,1,0x34,12,11,14,24,12.333,14.000,1.667,-2,2,220,220,28036,28539,28589,0,553,37500,50,36997,28589,575,575,575,50
4614,70,418,4,1,0,0x14,13,11,22,26,15.333,22.000,6.667,2,7,220,220,28036,28589,28639,,603,,50,,,,,,50
4615,70,418,4,1,0,0x14,13,11,29,29,17.667,29.000,11.333,7,12,220,220,28036,28639,28689,,653,,50,,,,,,50
4616,70,418,4,1,0,0x14,13,12,36,32,20.333,36.000,15.667,12,16,220,220,28036,28689,28739,,703,,50,,,,,,50
4617,70,418,4,1,0,0x14,14,12,43,34,23.000,43.000,20.000,16,20,220,220,28036,28739,28789,,753,,50,,,,,,50
4618,70,418,4,1,0,0x14,14,13,51,37,26.000,51.000,25.000,20,25,220,220,28036,28789,28839,,803,,50,,,,,,50
4619,70,418,4,1,0,0x14,16,13,58,40,29.000,58.000,29.000,25,29,220,220,28036,28839,28889,,853,,50,,,,,,50
4620,70,418,4,1,0,0x14,20,14,66,43,33.333,66.000,32.667,29,33,220,220,28036,28889,28939,,903,,50,,,,,,50
4621,70,418,4,1,0,0x14,16,14,73,45,34.333,73.000,38.667,33,39,220,220,28036,28939,28989,,953,,50,,,,,,50
4622,70,418,4,1,0,0x14,16,14,81,48,37.000,81.000,44.000,39,44,220,220,28036,28989,29039,,1003,,50,,,,,,50
4623,70,418,4,1,0,0x14,17,14,89,51,40.000,89.000,49.000,44,49,220,220,28036,29039,29089,,1053,,50,,,,,,50
4624,70,418,4,1,0,0x14,17,15,96,54,42.667,96.000,53.333,49,54,220,220,28036,29089,29139,,1103,,50,,,,,,50
4625,70,419,5,1,0,0x15,12,79,13,45,34.667,79.000,44.333,54,45,220,220,29186,29139,29239,,53,,100,,,,,,50
4626,70,419,5,1,0,0x15,16,73,14,45,34.333,73.000,38.667,45,39,220,220,29186,29239,29289,,103,,50,,,,,,50
4627,70,419,5,1,0,0x15,15,65,13,42,31.000,65.000,34.000,39,34,220,220,29186,29289,29339,,153,,50,,,,,,50
4628,70,420,6,1,0,0x16,0,6,6,0,4.000,0.000,-4.000,-5,-4,220,220,30336,30389,30439,,103,,50,,,,,,50
4629,70,420,6,1,0,0x16,0,7,6,2,4.333,0.000,-4.333,-4,-4,220,220,30336,30439,30489,,153,,50,,,,,,50
4630,70,420,6,1,0,0x16,0,7,6,4,4.333,0.000,-4.333,-4,-4,220,220,30336,30489,30539,,203,,50,,,,,,50
4631,70,420,6,1,0,0x16,0,7,7,7,4.667,0.000,-4.667,-4,-4,220,220,30336,30539,30589,,253,,50,,,,,,50
4632,70,420,6,1,0,0x16,0,8,7,10,5.000,0.000,-5.000,-4,-5,220,220,30336,30589,30639,,303,,50,,,,,,50
4633,70,420,6,1,0,0x16,0,9,8,13,5.667,0.000,-5.667,-5,-5,220,220,30336,30639,30689,,353,,50,,,,,,50
4634,70,420,6,1,0,0x16,0,9,8,16,5.667,0.000,-5.667,-5,-5,220,220,30336,30689,30739,,403,,50,,,,,,50
4635,70,420,6,1,0,0x16,3,9,9,18,7.000,3.000,-4.000,-5,-4,220,220,30336,30739,30789,,453,,50,,,,,,50
4636,70,420,6,1,1,0x36,11,10,9,21,10.000,11.000,1.000,-4,1,220,220,30336,30789,30839,0,503,35200,50,34747,30839,550,550,550,50
4637,70,420,6,1,0,0x16,18,10,9,24,12.333,18.000,5.667,1,6,220,220,30336,30839,30889,,553,,50,,,,,,50
4638,70,420,6,1,0,0x16,29,11,10,27,16.667,29.000,12.333,6,13,220,220,30336,30889,30939,,603,,50,,,,,,50
4639,70,420,6,1,0,0x16,32,11,10,29,17.667,32.000,14.333,13,15,220,220,30336,30939,30989,,653,,50,,,,,,50
4640,70,420,6,1,0,0x16,40,12,11,32,21.000,40.000,19.000,15,19,220,220,30336,30989,31039,,703,,50,,,,,,50
4641,70,420,6,1,0,0x16,46,12,11,35,23.000,46.000,23.000,19,23,220,220,30336,31039,31089,,753,,50,,,,,,50
4642,70,420,6,1,0,0x16,54,12,11,38,25.667,54.000,28.333,23,29,220,220,30336,31089,31139,,803,,50,,,,,,50
4643,70,420,6,1,0,0x16,62,13,12,40,29.000,62.000,33.000,29,33,220,220,30336,31139,31189,,853,,50,,,,,,50
4644,70,420,6,1,0,0x16,69,13,12,43,31.333,69.000,37.667,33,38,220,220,30336,31189,31239,,903,,50,,,,,,50
4645,70,420,6,1,0,0x16,77,14,13,46,34.667,77.000,42.333,38,43,220,220,30336,31239,31289,,953,,50,,,,,,50
4646,70,420,6,1,0,0x16,83,14,13,48,36.667,83.000,46.333,43,47,220,220,30336,31289,31339,,1003,,50,,,,,,50
4647,70,420,6,1,0,0x16,91,15,13,50,39.667,91.000,51.333,47,52,220,220,30336,31339,31389,,1053,,50,,,,,,50
4648,71,421,1,1,0,0x11,8,6,0,0,4.667,0.000,-4.667,-5,-4,220,220,31411,32439,32489,,1078,,50,,,,,,50
4649,71,421,1,1,0,0x11,8,5,0,0,4.333,0.000,-4.333,-4,-4,220,220,31411,32489,32539,,1128,,50,,,,,,50
4650,71,421,1,1,0,0x11,7,6,0,0,4.333,0.000,-4.333,-4,-4,220,220,31411,32539,32589,,1178,,50,,,,,,50
4651,71,421,1,1,0,0x11,7,5,0,0,4.000,0.000,-4.000,-4,-4,220,220,31411,32589,32639,,1228,,50,,,,,,50
4652,71,422,2,1,0,0x12,9,0,5,0,4.667,0.000,-4.667,-4,-4,220,220,32661,32639,32739,,78,,100,,,,,,50
4653,71,422,2,1,0,0x12,9,0,6,0,5.000,0.000,-5.000,-4,-5,220,220,32661,32739,32789,,128,,50,,,,,,50
4654,71,422,2,1,0,0x12,9,0,6,2,5.000,0.000,-5.000,-5,-5,220,220,32661,32789,32839,,178,,50,,,,,,50
4655,71,422,2,1,0,0x12,10,0,6,5,5.333,0.000,-5.333,-5,-5,220,220,32661,32839,32889,,228,,50,,,,,,50
4656,71,422,2,1,0,0x12,15,0,7,8,7.333,0.000,-7.333,-5,-7,220,220,32661,32889,32939,,278,,50,,,,,,50
4657,71,422,2,1,0,0x12,11,0,7,11,6.000,0.000,-6.000,-7,-6,220,220,32661,32939,32989,,328,,50,,,,,,50
4658,71,422,2,1,0,0x12,11,0,8,14,6.333,0.000,-6.333,-6,-6,220,220,32661,32989,33039,,378,,50,,,,,,50
4659,71,422,2,1,0,0x12,12,0,8,17,6.667,0.000,-6.667,-6,-6,220,220,32661,33039,33089,,428,,50,,,,,,50
4660,71,422,2,1,0,0x12,13,4,9,20,8.667,4.000,-4.667,-6,-4,220,220,32661,33089,33139,,478,,50,,,,,,50
4661,71,422,2,1,1,0x32,13,12,8,22,11.000,12.000,1.000,-4,1,220,220,32661,33139,33189,0,528,32875,50,32397,33189,575,575,575,50
4662,71,422,2,1,0,0x12,13,19,9,25,13.667,19.000,5.333,1,6,220,220,32661,33189,33239,,578,,50,,,,,,50
4663,71,422,2,1,0,0x12,13,26,10,27,16.333,26.000,9.667,6,10,220,220,32661,33239,33289,,628,,50,,,,,,50
4664,71,422,2,1,0,0x12,14,33,10,30,19.000,33.000,14.000,10,14,220,220,32661,33289,33339,,678,,50,,,,,,50
4665,71,422,2,1,0,0x12,14,41,11,33,22.000,41.000,19.000,14,19,220,220,32661,33339,33389,,728,,50,,,,,,50
4666,71,422,2,1,0,0x12,15,48,11,36,24.667,48.000,23.333,19,24,220,220,32661,33389,33439,,778,,50,,,,,,50
4667,71,422,2,1,0,0x12,15,56,11,39,27.333,56.000,28.667,24,29,220,220,32661,33439,33489,,828,,50,,,,,,50
4668,71,423,3,1,0,0x13,0,8,7,7,5.000,0.000,-5.000,-5,-5,220,220,33786,34539,34589,,803,,50,,,,,,50
4669,71,423,3,1,0,0x13,0,8,6,4,4.667,0.000,-4.667,-5,-4,220,220,33786,34589,34639,,853,,50,,,,,,50
4670,71,423,3,1,0,0x13,0,7,6,1,4.333,0.000,-4.333,-4,-4,220,220,33786,34639,34689,,903,,50,,,,,,50
4671,71,423,3,1,0,0x13,0,6,6,0,4.000,0.000,-4.000,-4,-4,220,220,33786,34689,34739,,953,,50,,,,,,50
4672,71,423,3,1,0,0x13,0,7,5,0,4.000,0.000,-4.000,-4,-4,220,220,33786,34739,34789,,1003,,50,,,,,,50
4673,71,423,3,1,0,0x13,0,6,5,0,3.667,0.000,-3.667,-4,-3,220,220,33786,34789,34839,,1053,,50,,,,,,50
4674,71,423,3,1,0,0x13,0,5,4,0,3.000,0.000,-3.000,-3,-3,220,220,33786,34839,34889,,1103,,50,,,,,,50
4675,71,423,3,1,0,0x13,0,4,4,0,2.667,0.000,-2.667,-3,-2,220,220,33786,34889,34939,,1153,,50,,,,,,50
4676,71,423,3,1,0,0x13,0,4,3,0,2.333,0.000,-2.333,-2,-2,220,220,33786,34939,34989,,1203,,50,,,,,,50
4677,71,424,4,1,0,0x14,9,8,0,1,5.667,0.000,-5.667,-2,-5,220,220,35011,34989,35089,,78,,100,,,,,,50
4678,71,424,4,1,0,0x14,9,8,0,3,5.667,0.000,-5.667,-5,-5,220,220,35011,35089,35139,,128,,50,,,,,,50
4679,71,424,4,1,0,0x14,10,8,0,6,6.000,0.000,-6.000,-5,-6,220,220,35011,35139,35189,,178,,50,,,,,,50
4680,71,424,4,1,0,0x14,10,9,0,9,6.333,0.000,-6.333,-6,-6,220,220,35011,35189,35239,,228,,50,,,,,,50
4681,71,424,4,1,0,0x14,10,9,0,12,6.333,0.000,-6.333,-6,-6,220,220,35011,35239,35289,,278,,50,,,,,,50
4682,71,424,4,1,0,0x14,11,9,0,14,6.667,0.000,-6.667,-6,-6,220,220,35011,35289,35339,,328,,50,,,,,,50
4683,71,424,4,1,0,0x14,11,10,0,17,7.000,0.000,-7.000,-6,-7,220,220,35011,35339,35389,,378,,50,,,,,,50
4684,71,424,4,1,0,0x14,12,10,4,20,8.667,4.000,-4.667,-7,-4,220,220,35011,35389,35439,,428,,50,,,,,,50
4685,71,424,4,1,0,0x14,12,10,11,22,11.000,11.000,0.000,-4,0,220,220,35011,35439,35489,,478,,50,,,,,,50
4686,71,424,4,1,1,0x34,12,11,18,25,13.667,18.000,4.333,0,5,220,220,35011,35489,35539,0,528,30525,50,30047,35539,575,575,575,50
4687,71,424,4,1,0,0x14,13,11,24,27,16.000,24.000,8.000,5,8,220,220,35011,35539,35589,,578,,50,,,,,,50
4688,71,425,5,1,1,0x35,12,5,9,20,8.667,5.000,-3.667,1,-3,220,220,36136,36639,36689,0,553,29400,50,28897,36689,575,575,575,50
4689,71,425,5,1,0,0x15,12,0,9,17,7.000,0.000,-7.000,-3,-7,220,220,36136,36689,36739,,603,,50,,,,,,50
4690,71,425,5,1,0,0x15,11,0,8,14,6.333,0.000,-6.333,-7,-6,220,220,36136,36739,36789,,653,,50,,,,,,50
4691,71,425,5,1,0,0x15,11,0,8,12,6.333,0.000,-6.333,-6,-6,220,220,36136,36789,36839,,703,,50,,,,,,50
4692,71,425,5,1,0,0x15,10,0,7,9,5.667,0.000,-5.667,-6,-5,220,220,36136,36839,36889,,753,,50,,,,,,50
4693,71,425,5,1,0,0x15,14,0,7,6,7.000,0.000,-7.000,-5,-7,220,220,36136,36889,36939,,803,,50,,,,,,50
4694,71,425,5,1,0,0x15,9,0,6,3,5.000,0.000,-5.000,-7,-5,220,220,36136,36939,36989,,853,,50,,,,,,50
4695,71,425,5,1,0,0x15,8,0,6,0,4.667,0.000,-4.667,-5,-4,220,220,36136,36989,37039,,903,,50,,,,,,50
4696,71,425,5,1,0,0x15,8,0,5,0,4.333,0.000,-4.333,-4,-4,220,220,36136,37039,37089,,953,,50,,,,,,50
4697,71,425,5,1,0,0x15,8,0,4,0,4.000,0.000,-4.000,-4,-4,220,220,36136,37089,37139,,1003,,50,,,,,,50
4698,71,425,5,1,0,0x15,7,0,4,0,3.667,0.000,-3.667,-4,-3,220,220,36136,37139,37189,,1053,,50,,,,,,50
4699,71,425,5,1,0,0x15,7,0,4,0,3.667,0.000,-3.667,-3,-3,220,220,36136,37189,37239,,1103,,50,,,,,,50
4700,71,426,6,1,0,0x16,0,7,8,0,5.000,0.000,-5.000,-3,-5,220,220,37286,37239,37339,,53,,100,,,,,,50
4701,71,426,6,1,0,0x16,0,6,7,0,4.333,0.000,-4.333,-5,-4,220,220,37286,37339,37389,,103,,50,,,,,,50
4702,71,426,6,1,0,0x16,0,7,7,2,4.667,0.000,-4.667,-4,-4,220,220,37286,37389,37439,,153,,50,,,,,,50
4703,71,426,6,1,0,0x16,0,7,6,5,4.333,0.000,-4.333,-4,-4,220,220,37286,37439,37489,,203,,50,,,,,,50
4704,71,426,6,1,0,0x16,0,8,7,7,5.000,0.000,-5.000,-4,-5,220,220,37286,37489,37539,,253,,50,,,,,,50
4705,71,426,6,1,0,0x16,0,8,7,10,5.000,0.000,-5.000,-5,-5,220,220,37286,37539,37589,,303,,50,,,,,,50
4706,71,426,6,1,0,0x16,0,9,8,13,5.667,0.000,-5.667,-5,-5,220,220,37286,37589,37639,,353,,50,,,,,,50
4707,71,426,6,1,0,0x16,0,9,8,16,5.667,0.000,-5.667,-5,-5,220,220,37286,37639,37689,,403,,50,,,,,,50
4708,72,427,1,1,0,0x11,14,11,30,29,18.333,30.000,11.667,17,12,220,220,38361,38739,38789,,428,,50,,,,,,50
4709,72,427,1,1,0,0x11,13,11,23,27,15.667,23.000,7.333,12,8,220,220,38361,38789,38839,,478,,50,,,,,,50
4710,72,427,1,1,0,0x11,14,10,16,24,13.333,16.000,2.667,8,3,220,220,38361,38839,38889,,528,,50,,,,,,50
4711,72,427,1,1,1,0x31,17,10,9,22,12.000,9.000,-3.000,3,-3,220,220,38361,38889,38939,0,578,27175,50,26647,38939,575,575,575,50
4712,72,427,1,1,0,0x11,12,10,2,19,8.000,2.000,-6.000,-3,-6,220,220,38361,38939,38989,,628,,50,,,,,,50
4713,72,427,1,1,0,0x11,12,10,0,16,7.333,0.000,-7.333,-6,-7,220,220,38361,38989,39039,,678,,50,,,,,,50
4714,72,427,1,1,0,0x11,12,9,0,14,7.000,0.000,-7.000,-7,-7,220,220,38361,39039,39089,,728,,50,,,,,,50
4715,72,427,1,1,0,0x11,11,8,0,11,6.333,0.000,-6.333,-7,-6,220,220,38361,39089,39139,,778,,50,,,,,,50
4716,72,427,1,1,0,0x11,10,8,0,8,6.000,0.000,-6.000,-6,-6,220,220,38361,39139,39189,,828,,50,,,,,,50
4717,72,427,1,1,0,0x11,10,8,0,5,6.000,0.000,-6.000,-6,-6,220,220,38361,39189,39239,,878,,50,,,,,,50
4718,72,427,1,1,0,0x11,9,7,0,2,5.333,0.000,-5.333,-6,-5,220,220,38361,39239,39289,,928,,50,,,,,,50
4719,72,427,1,1,0,0x11,9,6,0,0,5.000,0.000,-5.000,-5,-5,220,220,38361,39289,39339,,978,,50,,,,,,50
4720,72,427,1,1,0,0x11,9,6,0,0,5.000,0.000,-5.000,-5,-5,220,220,38361,39339,39389,,1028,,50,,,,,,50
4721,72,427,1,1,0,0x11,8,6,0,0,4.667,0.000,-4.667,-5,-4,220,220,38361,39389,39439,,1078,,50,,,,,,50
4722,72,427,1,1,0,0x11,8,5,0,0,4.333,0.000,-4.333,-4,-4,220,220,38361,39439,39489,,1128,,50,,,,,,50
4723,72,428,2,1,0,0x12,12,0,5,0,5.667,0.000,-5.667,-4,-5,220,220,39536,39489,39589,,53,,100,,,,,,50
4724,72,428,2,1,0,0x12,9,0,4,0,4.333,0.000,-4.333,-5,-4,220,220,39536,39589,39639,,103,,50,,,,,,50
4725,72,428,2,1,0,0x12,9,0,5,0,4.667,0.000,-4.667,-4,-4,220,220,39536,39639,39689,,153,,50,,,,,,50
4726,72,428,2,1,0,0x12,9,0,6,1,5.000,0.000,-5.000,-4,-5,220,220,39536,39689,39739,,203,,50,,,,,,50
4727,72,428,2,1,0,0x12,10,0,6,4,5.333,0.000,-5.333,-5,-5,220,220,39536,39739,39789,,253,,50,,,,,,50
4728,72,429,3,1,0,0x13,73,14,12,43,33.000,73.000,40.000,44,40,220,220,40761,40839,40889,,128,,50,,,,,,50
4729,72,429,3,1,0,0x13,68,14,11,41,31.000,68.000,37.000,40,37,220,220,40761,40889,40939,,178,,50,,,,,,50
4730,72,429,3,1,0,0x13,55,13,11,38,26.333,55.000,28.667,37,29,220,220,40761,40939,40989,,228,,50,,,,,,50
4731,72,429,3,1,0,0x13,48,12,11,35,23.667,48.000,24.333,29,25,220,220,40761,40989,41039,,278,,50,,,,,,50
4732,72,429,3,1,0,0x13,40,12,10,31,20.667,40.000,19.333,25,20,220,220,40761,41039,41089,,328,,50,,,,,,50
4733,72,429,3,1,0,0x13,32,12,10,29,18.000,32.000,14.000,20,14,220,220,40761,41089,41139,,378,,50,,,,,,50
4734,72,429,3,1,0,0x13,24,11,10,26,15.000,24.000,9.000,14,9,220,220,40761,41139,41189,,428,,50,,,,,,50
4735,72,429,3,1,0,0x13,17,10,9,23,12.000,17.000,5.000,9,5,220,220,40761,41189,41239,,478,,50,,,,,,50
4736,72,429,3,1,0,0x13,10,10,9,20,9.667,10.000,0.333,5,1,220,220,40761,41239,41289,,528,,50,,,,,,50
4737,72,429,3,1,1,0x33,2,10,8,18,6.667,2.000,-4.667,1,-4,220,220,40761,41289,41339,0,578,24775,50,24247,41339,600,600,600,50
4738,72,429,3,1,0,0x13,0,9,8,15,5.667,0.000,-5.667,-4,-5,220,220,40761,41339,41389,,628,,50,,,,,,50
4739,72,429,3,1,0,0x13,0,9,7,12,5.333,0.000,-5.333,-5,-5,220,220,40761,41389,41439,,678,,50,,,,,,50
4740,72,429,3,1,0,0x13,0,8,7,9,5.000,0.000,-5.000,-5,-5,220,220,40761,41439,41489,,728,,50,,,,,,50
4741,72,429,3,1,0,0x13,0,8,7,7,5.000,0.000,-5.000,-5,-5,220,220,40761,41489,41539,,778,,50,,,,,,50
4742,72,429,3,1,0,0x13,0,8,6,3,4.667,0.000,-4.667,-5,-4,220,220,40761,41539,41589,,828,,50,,,,,,50
4743,72,429,3,1,0,0x13,0,7,6,1,4.333,0.000,-4.333,-4,-4,220,220,40761,41589,41639,,878,,50,,,,,,50
4744,72,429,3,1,0,0x13,0,7,5,0,4.000,0.000,-4.000,-4,-4,220,220,40761,41639,41689,,928,,50,,,,,,50
4745,72,429,3,1,0,0x13,0,6,5,0,3.667,0.000,-3.667,-4,-3,220,220,40761,41689,41739,,978,,50,,,,,,50
4746,72,429,3,1,0,0x13,0,6,5,0,3.667,0.000,-3.667,-3,-3,220,220,40761,41739,41789,,1028,,50,,,,,,50
4747,72,429,3,1,0,0x13,0,5,4,0,3.000,0.000,-3.000,-3,-3,220,220,40761,41789,41839,,1078,,50,,,,,,50
4748,72,430,4,1,0,0x14,16,15,87,51,39.333,87.000,47.667,44,48,220,220,41961,42889,42939,,978,,50,,,,,,50
4749,72,430,4,1,0,0x14,21,14,95,54,43.333,95.000,51.667,48,52,220,220,41961,42939,42989,,1028,,50,,,,,,50
4750,72,431,5,1,0,0x15,16,80,13,48,36.333,80.000,43.667,52,44,220,220,43011,42989,43089,,78,,100,,,,,,50
4751,72,431,5,1,0,0x15,16,73,13,45,34.000,73.000,39.000,44,39,220,220,43011,43089,43139,,128,,50,,,,,,50
4752,72,431,5,1,0,0x15,15,65,12,42,30.667,65.000,34.333,39,35,220,220,43011,43139,43189,,178,,50,,,,,,50
4753,72,431,5,1,0,0x15,15,58,12,40,28.333,58.000,29.667,35,30,220,220,43011,43189,43239,,228,,50,,,,,,50
4754,72,431,5,1,0,0x15,15,50,11,36,25.333,50.000,24.667,30,25,220,220,43011,43239,43289,,278,,50,,,,,,50
4755,72,431,5,1,0,0x15,14,42,11,34,22.333,42.000,19.667,25,20,220,220,43011,43289,43339,,328,,50,,,,,,50
4756,72,431,5,1,0,0x15,13,35,10,30,19.333,35.000,15.667,20,16,220,220,43011,43339,43389,,378,,50,,,,,,50
4757,72,431,5,1,0,0x15,13,28,10,28,17.000,28.000,11.000,16,11,220,220,43011,43389,43439,,428,,50,,,,,,50
4758,72,431,5,1,0,0x15,13,20,10,26,14.333,20.000,5.667,11,6,220,220,43011,43439,43489,,478,,50,,,,,,50
4759,72,431,5,1,0,0x15,12,14,10,23,12.000,14.000,2.000,6,2,220,220,43011,43489,43539,,528,,50,,,,,,50
4760,72,431,5,1,1,0x35,12,7,9,20,9.333,7.000,-2.333,2,-2,220,220,43011,43539,43589,0,578,22525,50,21997,43589,575,575,575,50
4761,72,431,5,1,0,0x15,11,0,9,18,6.667,0.000,-6.667,-2,-6,220,220,43011,43589,43639,,628,,50,,,,,,50
4762,72,431,5,1,0,0x15,11,0,9,15,6.667,0.000,-6.667,-6,-6,220,220,43011,43639,43689,,678,,50,,,,,,50
4763,72,431,5,1,0,0x15,10,0,8,13,6.000,0.000,-6.000,-6,-6,220,220,43011,43689,43739,,728,,50,,,,,,50
4764,72,431,5,1,0,0x15,10,0,8,10,6.000,0.000,-6.000,-6,-6,220,220,43011,43739,43789,,778,,50,,,,,,50
4765,72,431,5,1,0,0x15,10,0,7,7,5.667,0.000,-5.667,-6,-5,220,220,43011,43789,43839,,828,,50,,,,,,50
4766,72,431,5,1,0,0x15,10,0,7,4,5.667,0.000,-5.667,-5,-5,220,220,43011,43839,43889,,878,,50,,,,,,50
4767,72,431,5,1,0,0x15,13,0,6,2,6.333,0.000,-6.333,-5,-6,220,220,43011,43889,43939,,928,,50,,,,,,50
4768,72,432,6,1,0,0x16,57,13,12,38,27.333,57.000,29.667,29,30,220,220,44186,44989,45039,,853,,50,,,,,,50
4769,72,432,6,1,0,0x16,65,13,12,41,30.000,65.000,35.000,30,35,220,220,44186,45039,45089,,903,,50,,,,,,50
4770,72,432,6,1,0,0x16,72,14,12,44,32.667,72.000,39.333,35,40,220,220,44186,45089,45139,,953,,50,,,,,,50
4771,72,432,6,1,0,0x16,80,14,12,47,35.333,80.000,44.667,40,45,220,220,44186,45139,45189,,1003,,50,,,,,,50
4772,72,432,6,1,0,0x16,87,15,13,49,38.333,87.000,48.667,45,49,220,220,44186,45189,45239,,1053,,50,,,,,,50
4773,72,432,6,1,0,0x16,94,15,13,52,40.667,94.000,53.333,49,54,220,220,44186,45239,45289,,1103,,50,,,,,,50
4774,73,433,1,1,0,0x11,15,11,81,46,35.667,81.000,45.333,54,46,220,220,45336,45289,45389,,53,,100,,,,,,50
4775,73,433,1,1,0,0x11,18,13,74,47,35.000,74.000,39.000,46,39,220,220,45336,45389,45439,,103,,50,,,,,,50
4776,73,433,1,1,0,0x11,16,13,66,44,31.667,66.000,34.333,39,35,220,220,45336,45439,45489,,153,,50,,,,,,50
4777,73,433,1,1,0,0x11,16,13,58,40,29.000,58.000,29.000,35,29,220,220,45336,45489,45539,,203,,50,,,,,,50
4778,73,433,1,1,0,0x11,15,13,50,37,26.000,50.000,24.000,29,24,220,220,45336,45539,45589,,253,,50,,,,,,50
4779,73,433,1,1,0,0x11,15,12,42,34,23.000,42.000,19.000,24,19,220,220,45336,45589,45639,,303,,50,,,,,,50
4780,73,433,1,1,0,0x11,14,12,35,32,20.333,35.000,14.667,19,15,220,220,45336,45639,45689,,353,,50,,,,,,50
4781,73,433,1,1,0,0x11,14,11,28,29,17.667,28.000,10.333,15,11,220,220,45336,45689,45739,,403,,50,,,,,,50
4782,73,433,1,1,0,0x11,13,11,21,26,15.000,21.000,6.000,11,6,220,220,45336,45739,45789,,453,,50,,,,,,50
4783,73,433,1,1,0,0x11,13,11,14,24,12.667,14.000,1.333,6,2,220,220,45336,45789,45839,,503,,50,,,,,,50
4784,73,433,1,1,1,0x31,12,10,8,21,10.000,8.000,-2.000,2,-2,220,220,45336,45839,45889,0,553,20200,50,19697,45889,575,575,575,50
4785,73,433,1,1,0,0x11,16,10,0,19,8.667,0.000,-8.667,-2,-8,220,220,45336,45889,45939,,603,,50,,,,,,50
4786,73,433,1,1,0,0x11,12,9,0,16,7.000,0.000,-7.000,-8,-7,220,220,45336,45939,45989,,653,,50,,,,,,50
4787,73,433,1,1,0,0x11,11,9,0,13,6.667,0.000,-6.667,-7,-6,220,220,45336,45989,46039,,703,,50,,,,,,50
4788,73,434,2,1,0,0x12,13,26,9,28,16.000,26.000,10.000,6,10,220,220,46486,47089,47139,,653,,50,,,,,,50
4789,73,434,2,1,0,0x12,14,33,10,30,19.000,33.000,14.000,10,14,220,220,46486,47139,47189,,703,,50,,,,,,50
4790,73,434,2,1,0,0x12,15,41,11,33,22.333,41.000,18.667,14,19,220,220,46486,47189,47239,,753,,50,,,,,,50
4791,73,434,2,1,0,0x12,14,49,11,36,24.667,49.000,24.333,19,25,220,220,46486,47239,47289,,803,,50,,,,,,50
4792,73,434,2,1,0,0x12,15,57,11,38,27.667,57.000,29.333,25,30,220,220,46486,47289,47339,,853,,50,,,,,,50
4793,73,434,2,1,0,0x12,16,64,12,41,30.667,64.000,33.333,30,34,220,220,46486,47339,47389,,903,,50,,,,,,50
4794,73,434,2,1,0,0x12,16,72,12,44,33.333,72.000,38.667,34,39,220,220,46486,47389,47439,,953,,50,,,,,,50
4795,73,434,2,1,0,0x12,17,80,13,47,36.667,80.000,43.333,39,44,220,220,46486,47439,47489,,1003,,50,,,,,,50
4796,73,434,2,1,0,0x12,17,87,13,50,39.000,87.000,48.000,44,48,220,220,46486,47489,47539,,1053,,50,,,,,,50
4797,73,434,2,1,0,0x12,17,95,14,53,42.000,95.000,53.000,48,53,220,220,46486,47539,47589,,1103,,50,,,,,,50
4798,73,435,3,1,0,0x13,85,14,10,47,36.333,85.000,48.667,53,49,220,220,47636,47589,47689,,53,,100,,,,,,50
4799,73,435,3,1,0,0x13,81,16,12,47,36.333,81.000,44.667,49,45,220,220,47636,47689,47739,,103,,50,,,,,,50
4800,73,435,3,1,0,0x13,74,15,12,44,33.667,74.000,40.333,45,41,220,220,47636,47739,47789,,153,,50,,,,,,50
4801,73,435,3,1,0,0x13,66,14,12,41,30.667,66.000,35.333,41,36,220,220,47636,47789,47839,,203,,50,,,,,,50
4802,73,435,3,1,0,0x13,57,13,11,38,27.000,57.000,30.000,36,30,220,220,47636,47839,47889,,253,,50,,,,,,50
4803,73,435,3,1,0,0x13,54,13,11,36,26.000,54.000,28.000,30,28,220,220,47636,47889,47939,,303,,50,,,,,,50
4804,73,435,3,1,0,0x13,42,12,10,32,21.333,42.000,20.667,28,21,220,220,47636,47939,47989,,353,,50,,,,,,50
4805,73,435,3,1,0,0x13,34,12,10,29,18.667,34.000,15.333,21,16,220,220,47636,47989,48039,,403,,50,,,,,,50
4806,73,435,3,1,0,0x13,27,11,10,27,16.000,27.000,11.000,16,11,220,220,47636,48039,48089,,453,,50,,,,,,50
4807,73,435,3,1,0,0x13,20,12,9,24,13.667,20.000,6.333,11,7,220,220,47636,48089,48139,,503,,50,,,,,,50
4808,73,436,4,1,0,0x14,11,10,0,16,7.000,0.000,-7.000,-6,-7,220,220,48861,49189,49239,,378,,50,,,,,,50
4809,73,436,4,1,0,0x14,11,10,1,19,7.333,1.000,-6.333,-7,-6,220,220,48861,49239,49289,,428,,50,,,,,,50
4810,73,436,4,1,0,0x14,12,10,8,21,10.000,8.000,-2.000,-6,-2,220,220,48861,49289,49339,,478,,50,,,,,,50
4811,73,436,4,1,1,0x34,13,11,15,23,13.000,15.000,2.000,-2,2,220,220,48861,49339,49389,0,528,16675,50,16197,49389,575,575,575,50
4812,73,436,4,1,0,0x14,13,11,23,26,15.667,23.000,7.333,2,8,220,220,48861,49389,49439,,578,,50,,,,,,50
4813,73,436,4,1,0,0x14,13,12,29,29,18.000,29.000,11.000,8,11,220,220,48861,49439,49489,,628,,50,,,,,,50
4814,73,436,4,1,0,0x14,13,12,36,32,20.333,36.000,15.667,11,16,220,220,48861,49489,49539,,678,,50,,,,,,50
4815,73,436,4,1,0,0x14,14,13,44,35,23.667,44.000,20.333,16,21,220,220,48861,49539,49589,,728,,50,,,,,,50
4816,73,436,4,1,0,0x14,14,13,51,37,26.000,51.000,25.000,21,25,220,220,48861,49589,49639,,778,,50,,,,,,50
4817,73,436,4,1,0,0x14,15,13,59,40,29.000,59.000,30.000,25,30,220,220,48861,49639,49689,,828,,50,,,,,,50
4818,73,436,4,1,0,0x14,15,13,66,43,31.333,66.000,34.667,30,35,220,220,48861,49689,49739,,878,,50,,,,,,50
4819,73,436,4,1,0,0x14,16,14,73,46,34.333,73.000,38.667,35,39,220,220,48861,49739,49789,,928,,50,,,,,,50
4820,73,436,4,1,0,0x14,16,14,80,48,36.667,80.000,43.333,39,44,220,220,48861,49789,49839,,978,,50,,,,,,50
4821,73,436,4,1,0,0x14,16,15,88,51,39.667,88.000,48.333,44,49,220,220,48861,49839,49889,,1028,,50,,,,,,50
4822,73,436,4,1,0,0x14,21,15,95,54,43.667,95.000,51.333,49,52,220,220,48861,49889,49939,,1078,,50,,,,,,50
4823,73,437,5,1,0,0x15,12,78,13,44,34.333,78.000,43.667,52,44,220,220,49986,49939,50039,,53,,100,,,,,,50
4824,73,437,5,1,0,0x15,15,72,14,45,33.667,72.000,38.333,44,39,220,220,49986,50039,50089,,103,,50,,,,,,50
4825,73,437,5,1,0,0x15,15,64,13,42,30.667,64.000,33.333,39,34,220,220,49986,50089,50139,,153,,50,,,,,,50
4826,73,437,5,1,0,0x15,15,56,12,39,27.667,56.000,28.333,34,29,220,220,49986,50139,50189,,203,,50,,,,,,50
4827,73,437,5,1,0,0x15,14,48,11,35,24.333,48.000,23.667,29,24,220,220,49986,50189,50239,,253,,50,,,,,,50
4828,73,438,6,1,0,0x16,0,7,7,4,4.667,0.000,-4.667,-4,-4,220,220,51136,51289,51339,,203,,50,,,,,,50
4829,73,438,6,1,0,0x16,0,8,7,7,5.000,0.000,-5.000,-4,-5,220,220,51136,51339,51389,,253,,50,,,,,,50
4830,73,438,6,1,0,0x16,0,8,7,10,5.000,0.000,-5.000,-5,-5,220,220,51136,51389,51439,,303,,50,,,,,,50
4831,73,438,6,1,0,0x16,0,9,8,13,5.667,0.000,-5.667,-5,-5,220,220,51136,51439,51489,,353,,50,,,,,,50
4832,73,438,6,1,0,0x16,0,9,8,16,5.667,0.000,-5.667,-5,-5,220,220,51136,51489,51539,,403,,50,,,,,,50
4833,73,438,6,1,0,0x16,4,10,9,19,7.667,4.000,-3.667,-5,-3,220,220,51136,51539,51589,,453,,50,,,,,,50
4834,73,438,6,1,1,0x36,10,10,9,21,9.667,10.000,0.333,-3,1,220,220,51136,51589,51639,0,503,14400,50,13947,51639,550,550,550,50
4835,73,438,6,1,0,0x16,17,10,9,24,12.000,17.000,5.000,1,5,220,220,51136,51639,51689,,553,,50,,,,,,50
4836,73,438,6,1,0,0x16,24,11,10,27,15.000,24.000,9.000,5,9,220,220,51136,51689,51739,,603,,50,,,,,,50
4837,73,438,6,1,0,0x16,32,11,10,29,17.667,32.000,14.333,9,15,220,220,51136,51739,51789,,653,,50,,,,,,50
4838,73,438,6,1,0,0x16,39,12,11,32,20.667,39.000,18.333,15,19,220,220,51136,51789,51839,,703,,50,,,,,,50
4839,73,438,6,1,0,0x16,46,12,11,34,23.000,46.000,23.000,19,23,220,220,51136,51839,51889,,753,,50,,,,,,50
4840,73,438,6,1,0,0x16,58,13,12,38,27.667,58.000,30.333,23,31,220,220,51136,51889,51939,,803,,50,,,,,,50
4841,73,438,6,1,0,0x16,61,13,12,40,28.667,61.000,32.333,31,33,220,220,51136,51939,51989,,853,,50,,,,,,50
4842,73,438,6,1,0,0x16,68,13,12,42,31.000,68.000,37.000,33,37,220,220,51136,51989,52039,,903,,50,,,,,,50
4843,73,438,6,1,0,0x16,75,14,12,45,33.667,75.000,41.333,37,42,220,220,51136,52039,52089,,953,,50,,,,,,50
4844,73,438,6,1,0,0x16,82,14,13,47,36.333,82.000,45.667,42,46,220,220,51136,52089,52139,,1003,,50,,,,,,50
4845,73,438,6,1,0,0x16,89,14,13,50,38.667,89.000,50.333,46,51,220,220,51136,52139,52189,,1053,,50,,,,,,50
4846,74,439,1,1,0,0x11,17,15,87,51,39.667,87.000,47.333,51,48,220,220,52211,52189,52289,,78,,100,,,,,,50
4847,74,439,1,1,0,0x11,17,14,80,49,37.000,80.000,43.000,48,43,220,220,52211,52289,52339,,128,,50,,,,,,50
4848,74,439,1,1,0,0x11,7,5,0,0,4.000,0.000,-4.000,-4,-4,220,220,52211,53339,53389,,1178,,50,,,,,,50
4849,74,439,1,1,0,0x11,6,5,0,0,3.667,0.000,-3.667,-4,-3,220,220,52211,53389,53439,,1228,,50,,,,,,50
4850,74,440,2,1,0,0x12,9,0,5,0,4.667,0.000,-4.667,-3,-4,220,220,53461,53439,53539,,78,,100,,,,,,50
4851,74,440,2,1,0,0x12,10,0,6,1,5.333,0.000,-5.333,-4,-5,220,220,53461,53539,53589,,128,,50,,,,,,50
4852,74,440,2,1,0,0x12,9,0,6,3,5.000,0.000,-5.000,-5,-5,220,220,53461,53589,53639,,178,,50,,,,,,50
4853,74,440,2,1,0,0x12,10,0,6,6,5.333,0.000,-5.333,-5,-5,220,220,53461,53639,53689,,228,,50,,,,,,50
4854,74,440,2,1,0,0x12,10,0,7,9,5.667,0.000,-5.667,-5,-5,220,220,53461,53689,53739,,278,,50,,,,,,50
4855,74,440,2,1,0,0x12,11,0,7,12,6.000,0.000,-6.000,-5,-6,220,220,53461,53739,53789,,328,,50,,,,,,50
4856,74,440,2,1,0,0x12,11,0,7,14,6.000,0.000,-6.000,-6,-6,220,220,53461,53789,53839,,378,,50,,,,,,50
4857,74,440,2,1,0,0x12,12,0,8,17,6.667,0.000,-6.667,-6,-6,220,220,53461,53839,53889,,428,,50,,,,,,50
4858,74,440,2,1,0,0x12,17,6,8,20,10.333,6.000,-4.333,-6,-4,220,220,53461,53889,53939,,478,,50,,,,,,50
4859,74,440,2,1,1,0x32,13,13,9,23,11.667,13.000,1.333,-4,2,220,220,53461,53939,53989,0,528,12075,50,11597,53989,575,575,575,50
4860,74,440,2,1,0,0x12,13,20,9,25,14.000,20.000,6.000,2,6,220,220,53461,53989,54039,,578,,50,,,,,,50
4861,74,440,2,1,0,0x12,14,27,10,27,17.000,27.000,10.000,6,10,220,220,53461,54039,54089,,628,,50,,,,,,50
4862,74,440,2,1,0,0x12,14,34,10,30,19.333,34.000,14.667,10,15,220,220,53461,54089,54139,,678,,50,,,,,,50
4863,74,440,2,1,0,0x12,15,41,11,33,22.333,41.000,18.667,15,19,220,220,53461,54139,54189,,728,,50,,,,,,50
4864,74,440,2,1,0,0x12,15,49,11,36,25.000,49.000,24.000,19,24,220,220,53461,54189,54239,,778,,50,,,,,,50
4865,74,440,2,1,0,0x12,15,57,11,39,27.667,57.000,29.333,24,30,220,220,53461,54239,54289,,828,,50,,,,,,50
4866,74,440,2,1,0,0x12,15,64,12,41,30.333,64.000,33.667,30,34,220,220,53461,54289,54339,,878,,50,,,,,,50
4867,74,440,2,1,0,0x12,16,71,12,44,33.000,71.000,38.000,34,38,220,220,53461,54339,54389,,928,,50,,,,,,50
4868,74,441,3,1,0,0x13,0,7,6,0,4.333,0.000,-4.333,-4,-4,220,220,54586,55439,55489,,903,,50,,,,,,50
4869,74,441,3,1,0,0x13,0,6,5,0,3.667,0.000,-3.667,-4,-3,220,220,54586,55489,55539,,953,,50,,,,,,50
4870,74,441,3,1,0,0x13,0,6,5,0,3.667,0.000,-3.667,-3,-3,220,220,54586,55539,55589,,1003,,50,,,,,,50
4871,74,441,3,1,0,0x13,0,6,5,0,3.667,0.000,-3.667,-3,-3,220,220,54586,55589,55639,,1053,,50,,,,,,50
4872,74,441,3,1,0,0x13,0,5,4,0,3.000,0.000,-3.000,-3,-3,220,220,54586,55639,55689,,1103,,50,,,,,,50
4873,74,441,3,1,0,0x13,0,5,4,0,3.000,0.000,-3.000,-3,-3,220,220,54586,55689,55739,,1153,,50,,,,,,50
4874,74,441,3,1,0,0x13,0,4,3,0,2.333,0.000,-2.333,-3,-2,220,220,54586,55739,55789,,1203,,50,,,,,,50
4875,74,442,4,1,0,0x14,8,8,0,0,5.333,0.000,-5.333,-2,-5,220,220,55811,55789,55889,,78,,100,,,,,,50
4876,74,442,4,1,0,0x14,13,8,0,4,7.000,0.000,-7.000,-5,-7,220,220,55811,55889,55939,,128,,50,,,,,,50
4877,74,442,4,1,0,0x14,10,8,0,6,6.000,0.000,-6.000,-7,-6,220,220,55811,55939,55989,,178,,50,,,,,,50
4878,74,442,4,1,0,0x14,10,8,0,8,6.000,0.000,-6.000,-6,-6,220,220,55811,55989,56039,,228,,50,,,,,,50
4879,74,442,4,1,0,0x14,10,9,0,12,6.333,0.000,-6.333,-6,-6,220,220,55811,56039,56089,,278,,50,,,,,,50
4880,74,442,4,1,0,0x14,11,9,0,14,6.667,0.000,-6.667,-6,-6,220,220,55811,56089,56139,,328,,50,,,,,,50
4881,74,442,4,1,0,0x14,11,10,0,17,7.000,0.000,-7.000,-6,-7,220,220,55811,56139,56189,,378,,50,,,,,,50
4882,74,442,4,1,0,0x14,12,10,4,20,8.667,4.000,-4.667,-7,-4,220,220,55811,56189,56239,,428,,50,,,,,,50
4883,74,442,4,1,0,0x14,12,11,11,23,11.333,11.000,-0.333,-4,0,220,220,55811,56239,56289,,478,,50,,,,,,50
4884,74,442,4,1,1,0x34,12,11,17,24,13.333,17.000,3.667,0,4,220,220,55811,56289,56339,0,528,9725,50,9247,56339,575,575,575,50
4885,74,442,4,1,0,0x14,13,11,24,27,16.000,24.000,8.000,4,8,220,220,55811,56339,56389,,578,,50,,,,,,50
4886,74,442,4,1,0,0x14,13,12,31,30,18.667,31.000,12.333,8,13,220,220,55811,56389,56439,,628,,50,,,,,,50
4887,74,442,4,1,0,0x14,13,12,39,33,21.333,39.000,17.667,13,18,220,220,55811,56439,56489,,678,,50,,,,,,50
4888,74,443,5,1,0,0x15,11,0,8,14,6.333,0.000,-6.333,-6,-6,220,220,56936,57539,57589,,653,,50,,,,,,50
4889,74,443,5,1,0,0x15,10,0,7,11,5.667,0.000,-5.667,-6,-5,220,220,56936,57589,57639,,703,,50,,,,,,50
4890,74,443,5,1,0,0x15,10,0,7,8,5.667,0.000,-5.667,-5,-5,220,220,56936,57639,57689,,753,,50,,,,,,50
4891,74,443,5,1,0,0x15,10,0,6,5,5.333,0.000,-5.333,-5,-5,220,220,56936,57689,57739,,803,,50,,,,,,50
4892,74,443,5,1,0,0x15,9,0,6,2,5.000,0.000,-5.000,-5,-5,220,220,56936,57739,57789,,853,,50,,,,,,50
4893,74,443,5,1,0,0x15,8,0,6,0,4.667,0.000,-4.667,-5,-4,220,220,56936,57789,57839,,903,,50,,,,,,50
4894,74,443,5,1,0,0x15,8,0,5,0,4.333,0.000,-4.333,-4,-4,220,220,56936,57839,57889,,953,,50,,,,,,50
4895,74,443,5,1,0,0x15,11,0,4,0,5.000,0.000,-5.000,-4,-5,220,220,56936,57889,57939,,1003,,50,,,,,,50
4896,74,443,5,1,0,0x15,7,0,4,0,3.667,0.000,-3.667,-5,-3,220,220,56936,57939,57989,,1053,,50,,,,,,50
4897,74,443,5,1,0,0x15,7,0,3,0,3.333,0.000,-3.333,-3,-3,220,220,56936,57989,58039,,1103,,50,,,,,,50
4898,74,444,6,1,0,0x16,0,8,9,1,5.667,0.000,-5.667,-3,-5,220,220,58086,58039,58139,,53,,100,,,,,,50
4899,74,444,6,1,0,0x16,0,6,6,0,4.000,0.000,-4.000,-5,-4,220,220,58086,58139,58189,,103,,50,,,,,,50
4900,74,444,6,1,0,0x16,0,7,6,2,4.333,0.000,-4.333,-4,-4,220,220,58086,58189,58239,,153,,50,,,,,,50
4901,74,444,6,1,0,0x16,0,8,7,5,5.000,0.000,-5.000,-4,-5,220,220,58086,58239,58289,,203,,50,,,,,,50
4902,74,444,6,1,0,0x16,0,8,7,8,5.000,0.000,-5.000,-5,-5,220,220,58086,58289,58339,,253,,50,,,,,,50
4903,74,444,6,1,0,0x16,0,9,7,11,5.333,0.000,-5.333,-5,-5,220,220,58086,58339,58389,,303,,50,,,,,,50
4904,74,444,6,1,0,0x16,0,9,8,13,5.667,0.000,-5.667,-5,-5,220,220,58086,58389,58439,,353,,50,,,,,,50
4905,74,444,6,1,0,0x16,0,9,8,16,5.667,0.000,-5.667,-5,-5,220,220,58086,58439,58489,,403,,50,,,,,,50
4906,74,444,6,1,0,0x16,5,10,8,19,7.667,5.000,-2.667,-5,-2,220,220,58086,58489,58539,,453,,50,,,,,,50
4907,74,444,6,1,1,0x36,12,10,9,22,10.333,12.000,1.667,-2,2,220,220,58086,58539,58589,0,503,7450,50,6997,58589,550,550,550,50
4908,75,445,1,1,0,0x11,13,10,15,24,12.667,15.000,2.333,6,3,220,220,59161,59639,59689,,528,,50,,,,,,50
4909,75,445,1,1,1,0x31,12,10,8,21,10.000,8.000,-2.000,3,-2,220,220,59161,59689,59739,0,578,6375,50,5847,59739,575,575,575,50
4910,75,445,1,1,0,0x11,12,9,1,18,7.333,1.000,-6.333,-2,-6,220,220,59161,59739,59789,,628,,50,,,,,,50
4911,75,445,1,1,0,0x11,12,9,0,16,7.000,0.000,-7.000,-6,-7,220,220,59161,59789,59839,,678,,50,,,,,,50
4912,75,445,1,1,0,0x11,11,9,0,14,6.667,0.000,-6.667,-7,-6,220,220,59161,59839,59889,,728,,50,,,,,,50
4913,75,445,1,1,0,0x11,15,9,0,12,8.000,0.000,-8.000,-6,-8,220,220,59161,59889,59939,,778,,50,,,,,,50
4914,75,445,1,1,0,0x11,10,8,0,8,6.000,0.000,-6.000,-8,-6,220,220,59161,59939,59989,,828,,50,,,,,,50
4915,75,445,1,1,0,0x11,10,8,0,5,6.000,0.000,-6.000,-6,-6,220,220,59161,59989,60039,,878,,50,,,,,,50
4916,75,445,1,1,0,0x11,10,7,0,2,5.667,0.000,-5.667,-6,-5,220,220,59161,60039,60089,,928,,50,,,,,,50
4917,75,445,1,1,0,0x11,9,7,0,0,5.333,0.000,-5.333,-5,-5,220,220,59161,60089,60139,,978,,50,,,,,,50
4918,75,445,1,1,0,0x11,8,6,0,0,4.667,0.000,-4.667,-5,-4,220,220,59161,60139,60189,,1028,,50,,,,,,50
4919,75,445,1,1,0,0x11,8,6,0,0,4.667,0.000,-4.667,-4,-4,220,220,59161,60189,60239,,1078,,50,,,,,,50
4920,75,445,1,1,0,0x11,7,6,0,0,4.333,0.000,-4.333,-4,-4,220,220,59161,60239,60289,,1128,,50,,,,,,50
4921,75,446,2,1,0,0x12,12,0,5,0,5.667,0.000,-5.667,-4,-5,220,220,60336,60289,60389,,53,,100,,,,,,50
4922,75,446,2,1,0,0x12,9,0,4,0,4.333,0.000,-4.333,-5,-4,220,220,60336,60389,60439,,103,,50,,,,,,50
4923,75,446,2,1,0,0x12,9,0,5,0,4.667,0.000,-4.667,-4,-4,220,220,60336,60439,60489,,153,,50,,,,,,50
4924,75,446,2,1,0,0x12,9,0,6,1,5.000,0.000,-5.000,-4,-5,220,220,60336,60489,60539,,203,,50,,,,,,50
4925,75,446,2,1,0,0x12,9,0,6,4,5.000,0.000,-5.000,-5,-5,220,220,60336,60539,60589,,253,,50,,,,,,50
4926,75,446,2,1,0,0x12,10,0,7,7,5.667,0.000,-5.667,-5,-5,220,220,60336,60589,60639,,303,,50,,,,,,50
4927,75,446,2,1,0,0x12,10,0,6,9,5.333,0.000,-5.333,-5,-5,220,220,60336,60639,60689,,353,,50,,,,,,50
4928,75,447,3,1,0,0x13,52,13,11,36,25.333,52.000,26.667,32,27,220,220,61561,61739,61789,,228,,50,,,,,,50
4929,75,447,3,1,0,0x13,44,13,11,33,22.667,44.000,21.333,27,22,220,220,61561,61789,61839,,278,,50,,,,,,50
4930,75,447,3,1,0,0x13,36,12,10,30,19.333,36.000,16.667,22,17,220,220,61561,61839,61889,,328,,50,,,,,,50
4931,75,447,3,1,0,0x13,33,12,10,28,18.333,33.000,14.667,17,15,220,220,61561,61889,61939,,378,,50,,,,,,50
4932,75,447,3,1,0,0x13,21,12,10,25,14.333,21.000,6.667,15,7,220,220,61561,61939,61989,,428,,50,,,,,,50
4933,75,447,3,1,0,0x13,14,11,9,22,11.333,14.000,2.667,7,3,220,220,61561,61989,62039,,478,,50,,,,,,50
4934,75,447,3,1,1,0x33,7,11,9,20,9.000,7.000,-2.000,3,-2,220,220,61561,62039,62089,0,528,3975,50,3497,62089,575,575,575,50
4935,75,447,3,1,0,0x13,0,10,8,17,6.000,0.000,-6.000,-2,-6,220,220,61561,62089,62139,,578,,50,,,,,,50
4936,75,447,3,1,0,0x13,0,9,8,14,5.667,0.000,-5.667,-6,-5,220,220,61561,62139,62189,,628,,50,,,,,,50
4937,75,447,3,1,0,0x13,0,9,7,12,5.333,0.000,-5.333,-5,-5,220,220,61561,62189,62239,,678,,50,,,,,,50
4938,75,447,3,1,0,0x13,0,8,7,9,5.000,0.000,-5.000,-5,-5,220,220,61561,62239,62289,,728,,50,,,,,,50
4939,75,447,3,1,0,0x13,0,8,6,6,4.667,0.000,-4.667,-5,-4,220,220,61561,62289,62339,,778,,50,,,,,,50
4940,75,447,3,1,0,0x13,0,8,6,3,4.667,0.000,-4.667,-4,-4,220,220,61561,62339,62389,,828,,50,,,,,,50
4941,75,447,3,1,0,0x13,0,7,6,1,4.333,0.000,-4.333,-4,-4,220,220,61561,62389,62439,,878,,50,,,,,,50
4942,75,447,3,1,0,0x13,0,6,5,0,3.667,0.000,-3.667,-4,-3,220,220,61561,62439,62489,,928,,50,,,,,,50
4943,75,447,3,1,0,0x13,0,6,5,0,3.667,0.000,-3.667,-3,-3,220,220,61561,62489,62539,,978,,50,,,,,,50
4944,75,447,3,1,0,0x13,0,6,5,0,3.667,0.000,-3.667,-3,-3,220,220,61561,62539,62589,,1028,,50,,,,,,50
4945,75,447,3,1,0,0x13,0,5,4,0,3.000,0.000,-3.000,-3,-3,220,220,61561,62589,62639,,1078,,50,,,,,,50
4946,75,448,4,1,0,0x14,10,10,0,0,6.667,0.000,-6.667,-3,-6,220,220,62686,62639,62739,,53,,100,,,,,,50
4947,75,448,4,1,0,0x14,8,8,0,0,5.333,0.000,-5.333,-6,-5,220,220,62686,62739,62789,,103,,50,,,,,,50
4948,75,449,5,1,0,0x15,12,79,13,45,34.667,79.000,44.333,54,45,220,220,63836,63789,63889,,53,,100,,,,,,50
4949,75,449,5,1,0,0x15,14,74,14,46,34.000,74.000,40.000,45,40,220,220,63836,63889,63939,,103,,50,,,,,,50
4950,75,449,5,1,0,0x15,19,65,13,43,32.333,65.000,32.667,40,33,220,220,63836,63939,63989,,153,,50,,,,,,50
4951,75,449,5,1,0,0x15,15,58,12,39,28.333,58.000,29.667,33,30,220,220,63836,63989,64039,,203,,50,,,,,,50
4952,75,449,5,1,0,0x15,15,50,11,37,25.333,50.000,24.667,30,25,220,220,63836,64039,64089,,253,,50,,,,,,50
4953,75,449,5,1,0,0x15,14,42,11,34,22.333,42.000,19.667,25,20,220,220,63836,64089,64139,,303,,50,,,,,,50
4954,75,449,5,1,0,0x15,14,35,11,31,20.000,35.000,15.000,20,15,220,220,63836,64139,64189,,353,,50,,,,,,50
4955,75,449,5,1,0,0x15,13,28,10,29,17.000,28.000,11.000,15,11,220,220,63836,64189,64239,,403,,50,,,,,,50
4956,75,449,5,1,0,0x15,13,21,10,26,14.667,21.000,6.333,11,7,220,220,63836,64239,64289,,453,,50,,,,,,50
4957,75,449,5,1,0,0x15,13,14,9,23,12.000,14.000,2.000,7,2,220,220,63836,64289,64339,,503,,50,,,,,,50
4958,75,449,5,1,1,0x35,12,7,9,21,9.333,7.000,-2.333,2,-2,220,220,63836,64339,64389,0,553,1700,50,1197,64389,575,575,575,50
4959,75,449,5,1,0,0x15,11,0,9,18,6.667,0.000,-6.667,-2,-6,220,220,63836,64389,64439,,603,,50,,,,,,50
4960,75,449,5,1,0,0x15,11,0,8,16,6.333,0.000,-6.333,-6,-6,220,220,63836,64439,64489,,653,,50,,,,,,50
4961,75,449,5,1,0,0x15,11,0,8,13,6.333,0.000,-6.333,-6,-6,220,220,63836,64489,64539,,703,,50,,,,,,50
4962,75,449,5,1,0,0x15,10,0,8,10,6.000,0.000,-6.000,-6,-6,220,220,63836,64539,64589,,753,,50,,,,,,50
4963,75,449,5,1,0,0x15,10,0,7,7,5.667,0.000,-5.667,-6,-5,220,220,63836,64589,64639,,803,,50,,,,,,50
4964,75,449,5,1,0,0x15,10,0,6,4,5.333,0.000,-5.333,-5,-5,220,220,63836,64639,64689,,853,,50,,,,,,50
4965,75,449,5,1,0,0x15,9,0,6,2,5.000,0.000,-5.000,-5,-5,220,220,63836,64689,64739,,903,,50,,,,,,50
4966,75,449,5,1,0,0x15,8,0,5,0,4.333,0.000,-4.333,-5,-4,220,220,63836,64739,64789,,953,,50,,,,,,50
4967,75,449,5,1,0,0x15,8,0,5,0,4.333,0.000,-4.333,-4,-4,220,220,63836,64789,64839,,1003,,50,,,,,,50
4968,75,450,6,1,0,0x16,70,13,12,44,31.667,70.000,38.333,35,39,220,220,64986,353,403,,953,,50,,,,,,50
4969,75,450,6,1,0,0x16,83,14,13,47,36.667,83.000,46.333,39,47,220,220,64986,403,453,,1003,,50,,,,,,50
4970,75,450,6,1,0,0x16,86,14,13,49,37.667,86.000,48.333,47,49,220,220,64986,453,503,,1053,,50,,,,,,50
4971,75,450,6,1,0,0x16,93,15,13,51,40.333,93.000,52.667,49,53,220,220,64986,503,553,,1103,,50,,,,,,50
4972,76,451,1,1,0,0x11,15,11,79,46,35.000,79.000,44.000,53,44,220,220,600,553,653,,53,,100,,,,,,50
4973,76,451,1,1,0,0x11,18,13,73,46,34.667,73.000,38.333,44,39,220,220,600,653,703,,103,,50,,,,,,50
4974,76,451,1,1,0,0x11,16,13,65,43,31.333,65.000,33.667,39,34,220,220,600,703,753,,153,,50,,,,,,50
4975,76,451,1,1,0,0x11,16,13,57,40,28.667,57.000,28.333,34,29,220,220,600,753,803,,203,,50,,,,,,50
4976,76,451,1,1,0,0x11,15,13,49,37,25.667,49.000,23.333,29,24,220,220,600,803,853,,253,,50,,,,,,50
4977,76,451,1,1,0,0x11,15,12,42,34,23.000,42.000,19.000,24,19,220,220,600,853,903,,303,,50,,,,,,50
4978,76,451,1,1,0,0x11,14,12,35,31,20.333,35.000,14.667,19,15,220,220,600,903,953,,353,,50,,,,,,50
4979,76,451,1,1,0,0x11,14,11,28,29,17.667,28.000,10.333,15,11,220,220,600,953,1003,,403,,50,,,,,,50
4980,76,451,1,1,0,0x11,13,11,21,26,15.000,21.000,6.000,11,6,220,220,600,1003,1053,,453,,50,,,,,,50
4981,76,451,1,1,0,0x11,13,10,13,23,12.000,13.000,1.000,6,1,220,220,600,1053,1103,,503,,50,,,,,,50
4982,76,451,1,1,1,0x31,12,10,7,21,9.667,7.000,-2.667,1,-2,220,220,600,1103,1153,0,553,64936,50,64433,1153,575,575,575,50
4983,76,451,1,1,0,0x11,12,10,0,18,7.333,0.000,-7.333,-2,-7,220,220,600,1153,1203,,603,,50,,,,,,50
4984,76,451,1,1,0,0x11,11,9,0,16,6.667,0.000,-6.667,-7,-6,220,220,600,1203,1253,,653,,50,,,,,,50
4985,76,451,1,1,0,0x11,11,9,0,13,6.667,0.000,-6.667,-6,-6,220,220,600,1253,1303,,703,,50,,,,,,50
4986,76,451,1,1,0,0x11,10,8,0,10,6.000,0.000,-6.000,-6,-6,220,220,600,1303,1353,,753,,50,,,,,,50
4987,76,451,1,1,0,0x11,15,8,0,8,7.667,0.000,-7.667,-6,-7,220,220,600,1353,1403,,803,,50,,,,,,50
4988,76,452,2,1,0,0x12,14,39,11,33,21.333,39.000,17.667,14,18,220,220,1750,2453,2503,,753,,50,,,,,,50
4989,76,452,2,1,0,0x12,15,47,11,35,24.333,47.000,22.667,18,23,220,220,1750,2503,2553,,803,,50,,,,,,50
4990,76,452,2,1,0,0x12,15,55,11,38,27.000,55.000,28.000,23,28,220,220,1750,2553,2603,,853,,50,,,,,,50
4991,76,452,2,1,0,0x12,16,62,12,41,30.000,62.000,32.000,28,32,220,220,1750,2603,2653,,903,,50,,,,,,50
4992,76,452,2,1,0,0x12,16,70,12,44,32.667,70.000,37.333,32,38,220,220,1750,2653,2703,,953,,50,,,,,,50
4993,76,452,2,1,0,0x12,16,78,13,47,35.667,78.000,42.333,38,43,220,220,1750,2703,2753,,1003,,50,,,,,,50
4994,76,452,2,1,0,0x12,17,85,13,49,38.333,85.000,46.667,43,47,220,220,1750,2753,2803,,1053,,50,,,,,,50
4995,76,452,2,1,0,0x12,17,92,14,52,41.000,92.000,51.000,47,51,220,220,1750,2803,2853,,1103,,50,,,,,,50
4996,76,453,3,1,0,0x13,87,14,10,47,37.000,87.000,50.000,51,50,220,220,2900,2853,2953,,53,,100,,,,,,50
4997,76,453,3,1,0,0x13,84,16,12,48,37.333,84.000,46.667,50,47,220,220,2900,2953,3003,,103,,50,,,,,,50
4998,76,453,3,1,0,0x13,76,15,12,45,34.333,76.000,41.667,47,42,220,220,2900,3003,3053,,153,,50,,,,,,50
4999,76,453,3,1,0,0x13,68,14,12,42,31.333,68.000,36.667,42,37,220,220,2900,3053,3103,,203,,50,,,,,,50
5000,76,453,3,1,0,0x13,60,13,11,39,28.000,60.000,32.000,37,32,220,220,2900,3103,3153,,253,,50,,,,,,50
5001,76,453,3,1,0,0x13,52,13,11,36,25.333,52.000,26.667,32,27,220,220,2900,3153,3203,,303,,50,,,,,,50
5002,76,453,3,1,0,0x13,44,13,11,33,22.667,44.000,21.333,27,22,220,220,2900,3203,3253,,353,,50,,,,,,50
5003,76,453,3,1,0,0x13,36,12,10,30,19.333,36.000,16.667,22,17,220,220,2900,3253,3303,,403,,50,,,,,,50
5004,76,453,3,1,0,0x13,29,12,10,28,17.000,29.000,12.000,17,12,220,220,2900,3303,3353,,453,,50,,,,,,50
5005,76,453,3,1,0,0x13,26,11,9,26,15.333,26.000,10.667,12,11,220,220,2900,3353,3403,,503,,50,,,,,,50
5006,76,453,3,1,0,0x13,15,11,9,22,11.667,15.000,3.333,11,4,220,220,2900,3403,3453,,553,,50,,,,,,50
5007,76,453,3,1,1,0x33,7,11,8,20,8.667,7.000,-1.667,4,-1,220,220,2900,3453,3503,0,603,62636,50,62083,3503,600,600,600,50
5008,76,454,4,1,0,0x14,12,10,8,21,10.000,8.000,-2.000,-6,-2,220,220,4125,4553,4603,,478,,50,,,,,,50
5009,76,454,4,1,1,0x34,12,11,14,23,12.333,14.000,1.667,-2,2,220,220,4125,4603,4653,0,528,61411,50,60933,4653,575,575,575,50
5010,76,454,4,1,0,0x14,13,11,21,26,15.000,21.000,6.000,2,6,220,220,4125,4653,4703,,578,,50,,,,,,50
5011,76,454,4,1,0,0x14,13,11,28,28,17.333,28.000,10.667,6,11,220,220,4125,4703,4753,,628,,50,,,,,,50
5012,76,454,4,1,0,0x14,13,12,36,31,20.333,36.000,15.667,11,16,220,220,4125,4753,4803,,678,,50,,,,,,50
5013,76,454,4,1,0,0x14,14,12,42,34,22.667,42.000,19.333,16,20,220,220,4125,4803,4853,,728,,50,,,,,,50
5014,76,454,4,1,0,0x14,14,13,49,37,25.333,49.000,23.667,20,24,220,220,4125,4853,4903,,778,,50,,,,,,50
5015,76,454,4,1,0,0x14,15,13,57,39,28.333,57.000,28.667,24,29,220,220,4125,4903,4953,,828,,50,,,,,,50
5016,76,454,4,1,0,0x14,15,13,64,42,30.667,64.000,33.333,29,34,220,220,4125,4953,5003,,878,,50,,,,,,50
5017,76,454,4,1,0,0x14,16,14,72,45,34.000,72.000,38.000,34,38,220,220,4125,5003,5053,,928,,50,,,,,,50
5018,76,454,4,1,0,0x14,16,14,79,48,36.333,79.000,42.667,38,43,220,220,4125,5053,5103,,978,,50,,,,,,50
5019,76,454,4,1,0,0x14,17,14,87,51,39.333,87.000,47.667,43,48,220,220,4125,5103,5153,,1028,,50,,,,,,50
5020,76,454,4,1,0,0x14,17,15,94,53,42.000,94.000,52.000,48,52,220,220,4125,5153,5203,,1078,,50,,,,,,50
5021,76,455,5,1,0,0x15,12,78,13,45,34.333,78.000,43.667,52,44,220,220,5250,5203,5303,,53,,100,,,,,,50
5022,76,455,5,1,0,0x15,15,72,14,45,33.667,72.000,38.333,44,39,220,220,5250,5303,5353,,103,,50,,,,,,50
5023,76,455,5,1,0,0x15,19,64,13,42,32.000,64.000,32.000,39,32,220,220,5250,5353,5403,,153,,50,,,,,,50
5024,76,455,5,1,0,0x15,16,56,12,39,28.000,56.000,28.000,32,28,220,220,5250,5403,5453,,203,,50,,,,,,50
5025,76,455,5,1,0,0x15,14,48,11,36,24.333,48.000,23.667,28,24,220,220,5250,5453,5503,,253,,50,,,,,,50
5026,76,455,5,1,0,0x15,14,41,11,33,22.000,41.000,19.000,24,19,220,220,5250,5503,5553,,303,,50,,,,,,50
5027,76,455,5,1,0,0x15,13,33,10,30,18.667,33.000,14.333,19,15,220,220,5250,5553,5603,,353,,50,,,,,,50
5028,76,456,6,1,0,0x16,0,8,7,9,5.000,0.000,-5.000,-5,-5,220,220,6400,6653,6703,,303,,50,,,,,,50
5029,76,456,6,1,0,0x16,0,9,8,12,5.667,0.000,-5.667,-5,-5,220,220,6400,6703,6753,,353,,50,,,,,,50
5030,76,456,6,1,0,0x16,0,9,8,15,5.667,0.000,-5.667,-5,-5,220,220,6400,6753,6803,,403,,50,,,,,,50
5031,76,456,6,1,0,0x16,1,10,9,18,6.667,1.000,-5.667,-5,-5,220,220,6400,6803,6853,,453,,50,,,,,,50
5032,76,456,6,1,0,0x16,8,10,9,20,9.000,8.000,-1.000,-5,-1,220,220,6400,6853,6903,,503,,50,,,,,,50
5033,76,456,6,1,1,0x36,14,10,9,23,11.000,14.000,3.000,-1,3,220,220,6400,6903,6953,0,553,59136,50,58633,6953,575,575,575,50
5034,76,456,6,1,0,0x16,22,11,10,25,14.333,22.000,7.667,3,8,220,220,6400,6953,7003,,603,,50,,,,,,50
5035,76,456,6,1,0,0x16,29,11,10,28,16.667,29.000,12.333,8,13,220,220,6400,7003,7053,,653,,50,,,,,,50
5036,76,456,6,1,0,0x16,36,11,11,31,19.333,36.000,16.667,13,17,220,220,6400,7053,7103,,703,,50,,,,,,50
5037,76,456,6,1,0,0x16,44,12,11,33,22.333,44.000,21.667,17,22,220,220,6400,7103,7153,,753,,50,,,,,,50
5038,76,456,6,1,0,0x16,51,12,11,36,24.667,51.000,26.333,22,27,220,220,6400,7153,7203,,803,,50,,,,,,50
5039,76,456,6,1,0,0x16,58,13,12,39,27.667,58.000,30.333,27,31,220,220,6400,7203,7253,,853,,50,,,,,,50
5040,76,456,6,1,0,0x16,66,13,12,42,30.333,66.000,35.667,31,36,220,220,6400,7253,7303,,903,,50,,,,,,50
5041,76,456,6,1,0,0x16,73,14,13,44,33.333,73.000,39.667,36,40,220,220,6400,7303,7353,,953,,50,,,,,,50
5042,76,456,6,1,0,0x16,84,14,13,47,37.000,84.000,47.000,40,47,220,220,6400,7353,7403,,1003,,50,,,,,,50
5043,76,456,6,1,0,0x16,87,15,13,49,38.333,87.000,48.667,47,49,220,220,6400,7403,7453,,1053,,50,,,,,,50
5044,76,456,6,1,0,0x16,94,15,13,52,40.667,94.000,53.333,49,54,220,220,6400,7453,7503,,1103,,50,,,,,,50
5045,77,457,1,1,0,0x11,15,11,82,46,36.000,82.000,46.000,54,46,220,220,7550,7503,7603,,53,,100,,,,,,50
5046,77,457,1,1,0,0x11,18,14,76,47,36.000,76.000,40.000,46,40,220,220,7550,7603,7653,,103,,50,,,,,,50
5047,77,457,1,1,0,0x11,17,14,67,44,32.667,67.000,34.333,40,35,220,220,7550,7653,7703,,153,,50,,,,,,50
5048,77,458,2,1,0,0x12,10,0,4,0,4.667,0.000,-4.667,-6,-4,220,220,8700,8753,8803,,103,,50,,,,,,50
5049,77,458,2,1,0,0x12,9,0,5,0,4.667,0.000,-4.667,-4,-4,220,220,8700,8803,8853,,153,,50,,,,,,50
5050,77,458,2,1,0,0x12,9,0,6,2,5.000,0.000,-5.000,-4,-5,220,220,8700,8853,8903,,203,,50,,,,,,50
5051,77,458,2,1,0,0x12,9,0,6,5,5.000,0.000,-5.000,-5,-5,220,220,8700,8903,8953,,253,,50,,,,,,50
5052,77,458,2,1,0,0x12,10,0,7,8,5.667,0.000,-5.667,-5,-5,220,220,8700,8953,9003,,303,,50,,,,,,50
5053,77,458,2,1,0,0x12,10,0,7,11,5.667,0.000,-5.667,-5,-5,220,220,8700,9003,9053,,353,,50,,,,,,50
5054,77,458,2,1,0,0x12,11,0,7,14,6.000,0.000,-6.000,-5,-6,220,220,8700,9053,9103,,403,,50,,,,,,50
5055,77,458,2,1,0,0x12,11,0,8,17,6.333,0.000,-6.333,-6,-6,220,220,8700,9103,9153,,453,,50,,,,,,50
5056,77,458,2,1,0,0x12,12,3,8,19,7.667,3.000,-4.667,-6,-4,220,220,8700,9153,9203,,503,,50,,,,,,50
5057,77,458,2,1,1,0x32,13,11,8,21,10.667,11.000,0.333,-4,1,220,220,8700,9203,9253,0,553,56836,50,56333,9253,575,575,575,50
5058,77,458,2,1,0,0x12,13,18,9,24,13.333,18.000,4.667,1,5,220,220,8700,9253,9303,,603,,50,,,,,,50
5059,77,458,2,1,0,0x12,13,24,10,27,15.667,24.000,8.333,5,9,220,220,8700,9303,9353,,653,,50,,,,,,50
5060,77,458,2,1,0,0x12,18,32,10,30,20.000,32.000,12.000,9,12,220,220,8700,9353,9403,,703,,50,,,,,,50
5061,77,458,2,1,0,0x12,14,39,10,32,21.000,39.000,18.000,12,18,220,220,8700,9403,9453,,753,,50,,,,,,50
5062,77,458,2,1,0,0x12,15,47,11,35,24.333,47.000,22.667,18,23,220,220,8700,9453,9503,,803,,50,,,,,,50
5063,77,458,2,1,0,0x12,15,54,11,38,26.667,54.000,27.333,23,28,220,220,8700,9503,9553,,853,,50,,,,,,50
5064,77,458,2,1,0,0x12,16,61,12,41,29.667,61.000,31.333,28,32,220,220,8700,9553,9603,,903,,50,,,,,,50
5065,77,458,2,1,0,0x12,16,70,12,44,32.667,70.000,37.333,32,38,220,220,8700,9603,9653,,953,,50,,,,,,50
5066,77,458,2,1,0,0x12,16,78,12,46,35.333,78.000,42.667,38,43,220,220,8700,9653,9703,,1003,,50,,,,,,50
5067,77,458,2,1,0,0x12,16,86,13,50,38.333,86.000,47.667,43,48,220,220,8700,9703,9753,,1053,,50,,,,,,50
5068,77,459,3,1,0,0x13,0,7,5,0,4.000,0.000,-4.000,-4,-4,220,220,9850,10803,10853,,1003,,50,,,,,,50
5069,77,459,3,1,0,0x13,0,6,5,0,3.667,0.000,-3.667,-4,-3,220,220,9850,10853,10903,,1053,,50,,,,,,50
5070,77,459,3,1,0,0x13,0,6,5,0,3.667,0.000,-3.667,-3,-3,220,220,9850,10903,10953,,1103,,50,,,,,,50
5071,77,459,3,1,0,0x13,0,5,4,0,3.000,0.000,-3.000,-3,-3,220,220,9850,10953,11003,,1153,,50,,,,,,50
5072,77,459,3,1,0,0x13,0,4,4,0,2.667,0.000,-2.667,-3,-2,220,220,9850,11003,11053,,1203,,50,,,,,,50
5073,77,459,3,1,0,0x13,0,4,3,0,2.333,0.000,-2.333,-2,-2,220,220,9850,11053,11103,,1253,,50,,,,,,50
5074,77,460,4,1,0,0x14,11,11,0,4,7.333,0.000,-7.333,-2,-7,220,220,11150,11103,11203,,53,,100,,,,,,50
5075,77,460,4,1,0,0x14,8,9,0,4,5.667,0.000,-5.667,-7,-5,220,220,11150,11203,11253,,103,,50,,,,,,50
5076,77,460,4,1,0,0x14,9,9,0,7,6.000,0.000,-6.000,-5,-6,220,220,11150,11253,11303,,153,,50,,,,,,50
5077,77,460,4,1,0,0x14,10,9,0,10,6.333,0.000,-6.333,-6,-6,220,220,11150,11303,11353,,203,,50,,,,,,50
5078,77,460,4,1,0,0x14,15,9,0,13,8.000,0.000,-8.000,-6,-8,220,220,11150,11353,11403,,253,,50,,,,,,50
5079,77,460,4,1,0,0x14,11,10,0,15,7.000,0.000,-7.000,-8,-7,220,220,11150,11403,11453,,303,,50,,,,,,50
5080,77,460,4,1,0,0x14,11,10,0,18,7.000,0.000,-7.000,-7,-7,220,220,11150,11453,11503,,353,,50,,,,,,50
5081,77,460,4,1,0,0x14,12,10,6,20,9.333,6.000,-3.333,-7,-3,220,220,11150,11503,11553,,403,,50,,,,,,50
5082,77,460,4,1,1,0x34,12,11,13,23,12.000,13.000,1.000,-3,1,220,220,11150,11553,11603,0,453,54386,50,53983,11603,550,575,575,50
5083,77,460,4,1,0,0x14,13,11,20,26,14.667,20.000,5.333,1,6,220,220,11150,11603,11653,,503,,50,,,,,,50
5084,77,460,4,1,0,0x14,13,11,27,28,17.000,27.000,10.000,6,10,220,220,11150,11653,11703,,553,,50,,,,,,50
5085,77,460,4,1,0,0x14,14,12,35,31,20.333,35.000,14.667,10,15,220,220,11150,11703,11753,,603,,50,,,,,,50
5086,77,460,4,1,0,0x14,14,12,42,34,22.667,42.000,19.333,15,20,220,220,11150,11753,11803,,653,,50,,,,,,50
5087,77,460,4,1,0,0x14,14,13,49,36,25.333,49.000,23.667,20,24,220,220,11150,11803,11853,,703,,50,,,,,,50
5088,77,461,5,1,0,0x15,10,0,7,10,5.667,0.000,-5.667,-6,-5,220,220,12200,12903,12953,,753,,50,,,,,,50
5089,77,461,5,1,0,0x15,10,0,7,7,5.667,0.000,-5.667,-5,-5,220,220,12200,12953,13003,,803,,50,,,,,,50
5090,77,461,5,1,0,0x15,9,0,6,4,5.000,0.000,-5.000,-5,-5,220,220,12200,13003,13053,,853,,50,,,,,,50
5091,77,461,5,1,0,0x15,9,0,6,1,5.000,0.000,-5.000,-5,-5,220,220,12200,13053,13103,,903,,50,,,,,,50
5092,77,461,5,1,0,0x15,8,0,5,0,4.333,0.000,-4.333,-5,-4,220,220,12200,13103,13153,,953,,50,,,,,,50
5093,77,461,5,1,0,0x15,8,0,5,0,4.333,0.000,-4.333,-4,-4,220,220,12200,13153,13203,,1003,,50,,,,,,50
5094,77,461,5,1,0,0x15,8,0,5,0,4.333,0.000,-4.333,-4,-4,220,220,12200,13203,13253,,1053,,50,,,,,,50
5095,77,461,5,1,0,0x15,7,0,4,0,3.667,0.000,-3.667,-4,-3,220,220,12200,13253,13303,,1103,,50,,,,,,50
5096,77,462,6,1,0,0x16,0,8,8,0,5.333,0.000,-5.333,-3,-5,220,220,13350,13303,13403,,53,,100,,,,,,50
5097,77,462,6,1,0,0x16,0,5,6,0,3.667,0.000,-3.667,-5,-3,220,220,13350,13403,13453,,103,,50,,,,,,50
5098,77,462,6,1,0,0x16,0,7,6,0,4.333,0.000,-4.333,-3,-4,220,220,13350,13453,13503,,153,,50,,,,,,50
5099,77,462,6,1,0,0x16,0,7,7,3,4.667,0.000,-4.667,-4,-4,220,220,13350,13503,13553,,203,,50,,,,,,50
5100,77,462,6,1,0,0x16,0,8,7,6,5.000,0.000,-5.000,-4,-5,220,220,13350,13553,13603,,253,,50,,,,,,50
5101,77,462,6,1,0,0x16,0,8,7,9,5.000,0.000,-5.000,-5,-5,220,220,13350,13603,13653,,303,,50,,,,,,50
5102,77,462,6,1,0,0x16,0,9,8,12,5.667,0.000,-5.667,-5,-5,220,220,13350,13653,13703,,353,,50,,,,,,50
5103,77,462,6,1,0,0x16,0,9,8,15,5.667,0.000,-5.667,-5,-5,220,220,13350,13703,13753,,403,,50,,,,,,50
5104,77,462,6,1,0,0x16,1,9,8,18,6.000,1.000,-5.000,-5,-5,220,220,13350,13753,13803,,453,,50,,,,,,50
5105,77,462,6,1,0,0x16,8,10,9,20,9.000,8.000,-1.000,-5,-1,220,220,13350,13803,13853,,503,,50,,,,,,50
5106,77,462,6,1,1,0x36,15,10,9,23,11.333,15.000,3.667,-1,4,220,220,13350,13853,13903,0,553,52186,50,51683,13903,575,575,575,50
5107,77,462,6,1,0,0x16,23,11,10,26,14.667,23.000,8.333,4,9,220,220,13350,13903,13953,,603,,50,,,,,,50
5108,78,463,1,1,1,0x31,13,10,8,22,10.333,8.000,-2.333,2,-2,220,220,14500,15003,15053,0,553,51036,50,50533,15053,575,575,575,50
5109,78,463,1,1,0,0x11,13,10,1,19,8.000,1.000,-7.000,-2,-7,220,220,14500,15053,15103,,603,,50,,,,,,50
5110,78,463,1,1,0,0x11,12,9,0,16,7.000,0.000,-7.000,-7,-7,220,220,14500,15103,15153,,653,,50,,,,,,50
5111,78,463,1,1,0,0x11,11,9,0,14,6.667,0.000,-6.667,-7,-6,220,220,14500,15153,15203,,703,,50,,,,,,50
5112,78,463,1,1,0,0x11,11,8,0,11,6.333,0.000,-6.333,-6,-6,220,220,14500,15203,15253,,753,,50,,,,,,50
5113,78,463,1,1,0,0x11,11,8,0,8,6.333,0.000,-6.333,-6,-6,220,220,14500,15253,15303,,803,,50,,,,,,50
5114,78,463,1,1,0,0x11,10,8,0,5,6.000,0.000,-6.000,-6,-6,220,220,14500,15303,15353,,853,,50,,,,,,50
5115,78,463,1,1,0,0x11,14,8,0,3,7.333,0.000,-7.333,-6,-7,220,220,14500,15353,15403,,903,,50,,,,,,50
5116,78,463,1,1,0,0x11,9,7,0,0,5.333,0.000,-5.333,-7,-5,220,220,14500,15403,15453,,953,,50,,,,,,50
5117,78,463,1,1,0,0x11,8,6,0,0,4.667,0.000,-4.667,-5,-4,220,220,14500,15453,15503,,1003,,50,,,,,,50
5118,78,463,1,1,0,0x11,8,6,0,0,4.667,0.000,-4.667,-4,-4,220,220,14500,15503,15553,,1053,,50,,,,,,50
5119,78,463,1,1,0,0x11,7,5,0,0,4.000,0.000,-4.000,-4,-4,220,220,14500,15553,15603,,1103,,50,,,,,,50
5120,78,464,2,1,0,0x12,12,0,5,0,5.667,0.000,-5.667,-4,-5,220,220,15650,15603,15703,,53,,100,,,,,,50
5121,78,464,2,1,0,0x12,9,0,4,0,4.333,0.000,-4.333,-5,-4,220,220,15650,15703,15753,,103,,50,,,,,,50
5122,78,464,2,1,0,0x12,9,0,5,0,4.667,0.000,-4.667,-4,-4,220,220,15650,15753,15803,,153,,50,,,,,,50
5123,78,464,2,1,0,0x12,9,0,6,1,5.000,0.000,-5.000,-4,-5,220,220,15650,15803,15853,,203,,50,,,,,,50
5124,78,464,2,1,0,0x12,9,0,6,4,5.000,0.000,-5.000,-5,-5,220,220,15650,15853,15903,,253,,50,,,,,,50
5125,78,464,2,1,0,0x12,10,0,6,6,5.333,0.000,-5.333,-5,-5,220,220,15650,15903,15953,,303,,50,,,,,,50
5126,78,464,2,1,0,0x12,10,0,7,10,5.667,0.000,-5.667,-5,-5,220,220,15650,15953,16003,,353,,50,,,,,,50
5127,78,464,2,1,0,0x12,11,0,7,12,6.000,0.000,-6.000,-5,-6,220,220,15650,16003,16053,,403,,50,,,,,,50
5128,78,465,3,1,0,0x13,44,12,11,33,22.333,44.000,21.667,27,22,220,220,16875,17103,17153,,278,,50,,,,,,50
5129,78,465,3,1,0,0x13,37,12,10,30,19.667,37.000,17.333,22,18,220,220,16875,17153,17203,,328,,50,,,,,,50
5130,78,465,3,1,0,0x13,29,11,9,28,16.333,29.000,12.667,18,13,220,220,16875,17203,17253,,378,,50,,,,,,50
5131,78,465,3,1,0,0x13,22,11,9,25,14.000,22.000,8.000,13,8,220,220,16875,17253,17303,,428,,50,,,,,,50
5132,78,465,3,1,0,0x13,15,11,9,22,11.667,15.000,3.333,8,4,220,220,16875,17303,17353,,478,,50,,,,,,50
5133,78,465,3,1,0,0x13,12,10,9,20,10.333,12.000,1.667,4,2,220,220,16875,17353,17403,,528,,50,,,,,,50
5134,78,465,3,1,1,0x33,1,10,8,17,6.333,1.000,-5.333,2,-5,220,220,16875,17403,17453,0,578,48661,50,48133,17453,600,600,600,50
5135,78,465,3,1,0,0x13,0,9,8,14,5.667,0.000,-5.667,-5,-5,220,220,16875,17453,17503,,628,,50,,,,,,50
5136,78,465,3,1,0,0x13,0,9,8,12,5.667,0.000,-5.667,-5,-5,220,220,16875,17503,17553,,678,,50,,,,,,50
5137,78,465,3,1,0,0x13,0,8,7,9,5.000,0.000,-5.000,-5,-5,220,220,16875,17553,17603,,728,,50,,,,,,50
5138,78,465,3,1,0,0x13,0,8,6,6,4.667,0.000,-4.667,-5,-4,220,220,16875,17603,17653,,778,,50,,,,,,50
5139,78,465,3,1,0,0x13,0,8,6,3,4.667,0.000,-4.667,-4,-4,220,220,16875,17653,17703,,828,,50,,,,,,50
5140,78,465,3,1,0,0x13,0,7,6,1,4.333,0.000,-4.333,-4,-4,220,220,16875,17703,17753,,878,,50,,,,,,50
5141,78,465,3,1,0,0x13,0,6,6,0,4.000,0.000,-4.000,-4,-4,220,220,16875,17753,17803,,928,,50,,,,,,50
5142,78,465,3,1,0,0x13,0,6,5,0,3.667,0.000,-3.667,-4,-3,220,220,16875,17803,17853,,978,,50,,,,,,50
5143,78,465,3,1,0,0x13,0,5,4,0,3.000,0.000,-3.000,-3,-3,220,220,16875,17853,17903,,1028,,50,,,,,,50
5144,78,465,3,1,0,0x13,0,5,4,0,3.000,0.000,-3.000,-3,-3,220,220,16875,17903,17953,,1078,,50,,,,,,50
5145,78,465,3,1,0,0x13,0,4,3,0,2.333,0.000,-2.333,-3,-2,220,220,16875,17953,18003,,1128,,50,,,,,,50
5146,78,465,3,1,0,0x13,0,4,3,0,2.333,0.000,-2.333,-2,-2,220,220,16875,18003,18053,,1178,,50,,,,,,50
5147,78,466,4,1,0,0x14,9,8,0,2,5.667,0.000,-5.667,-2,-5,220,220,18075,18053,18153,,78,,100,,,,,,50
5148,78,467,5,1,0,0x15,16,75,13,46,34.667,75.000,40.333,45,41,220,220,19125,19203,19253,,128,,50,,,,,,50
5149,78,467,5,1,0,0x15,16,68,12,43,32.000,68.000,36.000,41,36,220,220,19125,19253,19303,,178,,50,,,,,,50
5150,78,467,5,1,0,0x15,15,60,12,40,29.000,60.000,31.000,36,31,220,220,19125,19303,19353,,228,,50,,,,,,50
5151,78,467,5,1,0,0x15,19,53,12,38,28.000,53.000,25.000,31,25,220,220,19125,19353,19403,,278,,50,,,,,,50
5152,78,467,5,1,0,0x15,14,45,12,35,23.667,45.000,21.333,25,22,220,220,19125,19403,19453,,328,,50,,,,,,50
5153,78,467,5,1,0,0x15,14,38,11,32,21.000,38.000,17.000,22,17,220,220,19125,19453,19503,,378,,50,,,,,,50
5154,78,467,5,1,0,0x15,13,31,11,29,18.333,31.000,12.667,17,13,220,220,19125,19503,19553,,428,,50,,,,,,50
5155,78,467,5,1,0,0x15,13,23,10,27,15.333,23.000,7.667,13,8,220,220,19125,19553,19603,,478,,50,,,,,,50
5156,78,467,5,1,0,0x15,12,16,10,24,12.667,16.000,3.333,8,4,220,220,19125,19603,19653,,528,,50,,,,,,50
5157,78,467,5,1,1,0x35,12,9,9,22,10.000,9.000,-1.000,4,-1,220,220,19125,19653,19703,0,578,46411,50,45883,19703,575,575,575,50
5158,78,467,5,1,0,0x15,12,2,9,19,7.667,2.000,-5.667,-1,-5,220,220,19125,19703,19753,,628,,50,,,,,,50
5159,78,467,5,1,0,0x15,11,0,9,16,6.667,0.000,-6.667,-5,-6,220,220,19125,19753,19803,,678,,50,,,,,,50
5160,78,467,5,1,0,0x15,11,0,8,14,6.333,0.000,-6.333,-6,-6,220,220,19125,19803,19853,,728,,50,,,,,,50
5161,78,467,5,1,0,0x15,10,0,7,10,5.667,0.000,-5.667,-6,-5,220,220,19125,19853,19903,,778,,50,,,,,,50
5162,78,467,5,1,0,0x15,10,0,7,8,5.667,0.000,-5.667,-5,-5,220,220,19125,19903,19953,,828,,50,,,,,,50
5163,78,467,5,1,0,0x15,9,0,6,5,5.000,0.000,-5.000,-5,-5,220,220,19125,19953,20003,,878,,50,,,,,,50
5164,78,467,5,1,0,0x15,9,0,6,2,5.000,0.000,-5.000,-5,-5,220,220,19125,20003,20053,,928,,50,,,,,,50
5165,78,467,5,1,0,0x15,8,0,6,0,4.667,0.000,-4.667,-5,-4,220,220,19125,20053,20103,,978,,50,,,,,,50
5166,78,467,5,1,0,0x15,8,0,5,0,4.333,0.000,-4.333,-4,-4,220,220,19125,20103,20153,,1028,,50,,,,,,50
5167,78,467,5,1,0,0x15,8,0,5,0,4.333,0.000,-4.333,-4,-4,220,220,19125,20153,20203,,1078,,50,,,,,,50
5168,78,468,6,1,0,0x16,77,14,13,46,34.667,77.000,42.333,39,43,220,220,20300,21253,21303,,1003,,50,,,,,,50
5169,78,468,6,1,0,0x16,84,15,13,49,37.333,84.000,46.667,43,47,220,220,20300,21303,21353,,1053,,50,,,,,,50
5170,78,468,6,1,0,0x16,95,15,13,51,41.000,95.000,54.000,47,54,220,220,20300,21353,21403,,1103,,50,,,,,,50
5171,79,469,1,1,0,0x11,15,11,79,46,35.000,79.000,44.000,54,44,220,220,21450,21403,21503,,53,,100,,,,,,50
5172,79,469,1,1,0,0x11,18,13,74,47,35.000,74.000,39.000,44,39,220,220,21450,21503,21553,,103,,50,,,,,,50
5173,79,469,1,1,0,0x11,16,14,66,43,32.000,66.000,34.000,39,34,220,220,21450,21553,21603,,153,,50,,,,,,50
5174,79,469,1,1,0,0x11,16,13,58,40,29.000,58.000,29.000,34,29,220,220,21450,21603,21653,,203,,50,,,,,,50
5175,79,469,1,1,0,0x11,15,12,49,37,25.333,49.000,23.667,29,24,220,220,21450,21653,21703,,253,,50,,,,,,50
5176,79,469,1,1,0,0x11,14,12,42,34,22.667,42.000,19.333,24,20,220,220,21450,21703,21753,,303,,50,,,,,,50
5177,79,469,1,1,0,0x11,14,12,35,31,20.333,35.000,14.667,20,15,220,220,21450,21753,21803,,353,,50,,,,,,50
5178,79,469,1,1,0,0x11,14,11,28,29,17.667,28.000,10.333,15,11,220,220,21450,21803,21853,,403,,50,,,,,,50
5179,79,469,1,1,0,0x11,13,11,20,26,14.667,20.000,5.333,11,6,220,220,21450,21853,21903,,453,,50,,,,,,50
5180,79,469,1,1,0,0x11,13,10,13,23,12.000,13.000,1.000,6,1,220,220,21450,21903,21953,,503,,50,,,,,,50
5181,79,469,1,1,1,0x31,13,10,6,21,9.667,6.000,-3.667,1,-3,220,220,21450,21953,22003,0,553,44086,50,43583,22003,575,575,575,50
5182,79,469,1,1,0,0x11,12,10,0,18,7.333,0.000,-7.333,-3,-7,220,220,21450,22003,22053,,603,,50,,,,,,50
5183,79,469,1,1,0,0x11,12,9,0,16,7.000,0.000,-7.000,-7,-7,220,220,21450,22053,22103,,653,,50,,,,,,50
5184,79,469,1,1,0,0x11,11,9,0,13,6.667,0.000,-6.667,-7,-6,220,220,21450,22103,22153,,703,,50,,,,,,50
5185,79,469,1,1,0,0x11,11,8,0,10,6.333,0.000,-6.333,-6,-6,220,220,21450,22153,22203,,753,,50,,,,,,50
5186,79,469,1,1,0,0x11,10,8,0,7,6.000,0.000,-6.000,-6,-6,220,220,21450,22203,22253,,803,,50,,,,,,50
5187,79,469,1,1,0,0x11,10,8,0,4,6.000,0.000,-6.000,-6,-6,220,220,21450,22253,22303,,853,,50,,,,,,50
5188,79,470,2,1,0,0x12,13,44,11,34,22.667,44.000,21.333,17,22,220,220,22600,23353,23403,,803,,50,,,,,,50
5189,79,470,2,1,0,0x12,19,52,11,37,27.333,52.000,24.667,22,25,220,220,22600,23403,23453,,853,,50,,,,,,50
5190,79,470,2,1,0,0x12,16,59,11,39,28.667,59.000,30.333,25,31,220,220,22600,23453,23503,,903,,50,,,,,,50
5191,79,470,2,1,0,0x12,16,67,12,42,31.667,67.000,35.333,31,36,220,220,22600,23503,23553,,953,,50,,,,,,50
5192,79,470,2,1,0,0x12,16,74,12,45,34.000,74.000,40.000,36,40,220,220,22600,23553,23603,,1003,,50,,,,,,50
5193,79,470,2,1,0,0x12,16,82,13,48,37.000,82.000,45.000,40,45,220,220,22600,23603,23653,,1053,,50,,,,,,50
5194,79,470,2,1,0,0x12,17,89,13,51,39.667,89.000,49.333,45,50,220,220,22600,23653,23703,,1103,,50,,,,,,50
5195,79,470,2,1,0,0x12,17,97,14,54,42.667,97.000,54.333,50,55,220,220,22600,23703,23753,,1153,,50,,,,,,50
5196,79,470,2,1,0,0x12,17,105,14,56,45.333,105.000,59.667,55,60,220,220,22600,23753,23803,,1203,,50,,,,,,50
5197,79,471,3,1,0,0x13,78,15,13,46,35.333,78.000,42.667,60,43,220,220,23825,23803,23903,,78,,100,,,,,,50
5198,79,471,3,1,0,0x13,71,14,12,43,32.333,71.000,38.667,43,39,220,220,23825,23903,23953,,128,,50,,,,,,50
5199,79,471,3,1,0,0x13,62,14,12,40,29.333,62.000,32.667,39,33,220,220,23825,23953,24003,,178,,50,,,,,,50
5200,79,471,3,1,0,0x13,54,13,11,37,26.000,54.000,28.000,33,28,220,220,23825,24003,24053,,228,,50,,,,,,50
5201,79,471,3,1,0,0x13,46,13,11,34,23.333,46.000,22.667,28,23,220,220,23825,24053,24103,,278,,50,,,,,,50
5202,79,471,3,1,0,0x13,38,12,10,31,20.000,38.000,18.000,23,18,220,220,23825,24103,24153,,328,,50,,,,,,50
5203,79,471,3,1,0,0x13,31,12,10,29,17.667,31.000,13.333,18,14,220,220,23825,24153,24203,,378,,50,,,,,,50
5204,79,471,3,1,0,0x13,23,11,10,25,14.667,23.000,8.333,14,9,220,220,23825,24203,24253,,428,,50,,,,,,50
5205,79,471,3,1,0,0x13,15,11,9,23,11.667,15.000,3.333,9,4,220,220,23825,24253,24303,,478,,50,,,,,,50
5206,79,471,3,1,0,0x13,9,10,8,20,9.000,9.000,0.000,4,0,220,220,23825,24303,24353,,528,,50,,,,,,50
5207,79,471,3,1,1,0x33,6,10,8,18,8.000,6.000,-2.000,0,-2,220,220,23825,24353,24403,0,578,41711,50,41183,24403,600,600,600,50
5208,79,472,4,1,1,0x34,12,11,13,23,12.000,13.000,1.000,-4,1,220,220,25025,25453,25503,0,478,40511,50,40083,25503,550,550,550,50
5209,79,472,4,1,0,0x14,13,11,20,25,14.667,20.000,5.333,1,6,220,220,25025,25503,25553,,528,,50,,,,,,50
5210,79,472,4,1,0,0x14,13,11,27,28,17.000,27.000,10.000,6,10,220,220,25025,25553,25603,,578,,50,,,,,,50
5211,79,472,4,1,0,0x14,13,12,34,31,19.667,34.000,14.333,10,15,220,220,25025,25603,25653,,628,,50,,,,,,50
5212,79,472,4,1,0,0x14,14,12,42,34,22.667,42.000,19.333,15,20,220,220,25025,25653,25703,,678,,50,,,,,,50
5213,79,472,4,1,0,0x14,14,12,49,37,25.000,49.000,24.000,20,24,220,220,25025,25703,25753,,728,,50,,,,,,50
5214,79,472,4,1,0,0x14,15,13,57,40,28.333,57.000,28.667,24,29,220,220,25025,25753,25803,,778,,50,,,,,,50
5215,79,472,4,1,0,0x14,15,14,65,42,31.333,65.000,33.667,29,34,220,220,25025,25803,25853,,828,,50,,,,,,50
5216,79,472,4,1,0,0x14,15,14,72,46,33.667,72.000,38.333,34,39,220,220,25025,25853,25903,,878,,50,,,,,,50
5217,79,472,4,1,0,0x14,16,14,80,48,36.667,80.000,43.333,39,44,220,220,25025,25903,25953,,928,,50,,,,,,50
5218,79,472,4,1,0,0x14,16,14,88,51,39.333,88.000,48.667,44,49,220,220,25025,25953,26003,,978,,50,,,,,,50
5219,79,472,4,1,0,0x14,17,15,96,54,42.667,96.000,53.333,49,54,220,220,25025,26003,26053,,1028,,50,,,,,,50
5220,79,473,5,1,0,0x15,16,80,13,47,36.333,80.000,43.667,54,44,220,220,26075,26053,26153,,78,,100,,,,,,50
5221,79,473,5,1,0,0x15,16,72,13,45,33.667,72.000,38.333,44,39,220,220,26075,26153,26203,,128,,50,,,,,,50
5222,79,473,5,1,0,0x15,15,64,12,42,30.333,64.000,33.667,39,34,220,220,26075,26203,26253,,178,,50,,,,,,50
5223,79,473,5,1,0,0x15,15,57,12,39,28.000,57.000,29.000,34,29,220,220,26075,26253,26303,,228,,50,,,,,,50
5224,79,473,5,1,0,0x15,14,49,11,36,24.667,49.000,24.333,29,25,220,220,26075,26303,26353,,278,,50,,,,,,50
5225,79,473,5,1,0,0x15,18,42,11,34,23.667,42.000,18.333,25,19,220,220,26075,26353,26403,,328,,50,,,,,,50
5226,79,473,5,1,0,0x15,14,34,11,31,19.667,34.000,14.333,19,15,220,220,26075,26403,26453,,378,,50,,,,,,50
5227,79,473,5,1,0,0x15,13,27,10,28,16.667,27.000,10.333,15,11,220,220,26075,26453,26503,,428,,50,,,,,,50
5228,79,474,6,1,0,0x16,0,9,8,11,5.667,0.000,-5.667,-5,-5,220,220,27250,27553,27603,,353,,50,,,,,,50
5229,79,474,6,1,0,0x16,0,8,8,14,5.333,0.000,-5.333,-5,-5,220,220,27250,27603,27653,,403,,50,,,,,,50
5230,79,474,6,1,0,0x16,0,9,8,16,5.667,0.000,-5.667,-5,-5,220,220,27250,27653,27703,,453,,50,,,,,,50
5231,79,474,6,1,0,0x16,5,10,9,19,8.000,5.000,-3.000,-5,-3,220,220,27250,27703,27753,,503,,50,,,,,,50
5232,79,474,6,1,1,0x36,13,10,9,22,10.667,13.000,2.333,-3,3,220,220,27250,27753,27803,0,553,38286,50,37783,27803,575,575,575,50
5233,79,474,6,1,0,0x16,20,10,10,24,13.333,20.000,6.667,3,7,220,220,27250,27803,27853,,603,,50,,,,,,50
5234,79,474,6,1,0,0x16,27,11,10,27,16.000,27.000,11.000,7,11,220,220,27250,27853,27903,,653,,50,,,,,,50
5235,79,474,6,1,0,0x16,34,12,10,30,18.667,34.000,15.333,11,16,220,220,27250,27903,27953,,703,,50,,,,,,50
5236,79,474,6,1,0,0x16,42,12,11,33,21.667,42.000,20.333,16,21,220,220,27250,27953,28003,,753,,50,,,,,,50
5237,79,474,6,1,0,0x16,50,12,11,35,24.333,50.000,25.667,21,26,220,220,27250,28003,28053,,803,,50,,,,,,50
5238,79,474,6,1,0,0x16,57,13,11,38,27.000,57.000,30.000,26,30,220,220,27250,28053,28103,,853,,50,,,,,,50
5239,79,474,6,1,0,0x16,65,13,12,42,30.000,65.000,35.000,30,35,220,220,27250,28103,28153,,903,,50,,,,,,50
5240,79,474,6,1,0,0x16,72,14,12,44,32.667,72.000,39.333,35,40,220,220,27250,28153,28203,,953,,50,,,,,,50
5241,79,474,6,1,0,0x16,80,14,13,47,35.667,80.000,44.333,40,45,220,220,27250,28203,28253,,1003,,50,,,,,,50
5242,79,474,6,1,0,0x16,87,15,13,50,38.333,87.000,48.667,45,49,220,220,27250,28253,28303,,1053,,50,,,,,,50
5243,79,474,6,1,0,0x16,94,15,13,52,40.667,94.000,53.333,49,54,220,220,27250,28303,28353,,1103,,50,,,,,,50
5244,80,475,1,1,0,0x11,15,10,80,46,35.000,80.000,45.000,54,45,220,220,28400,28353,28453,,53,,100,,,,,,50
5245,80,475,1,1,0,0x11,18,13,74,47,35.000,74.000,39.000,45,39,220,220,28400,28453,28503,,103,,50,,,,,,50
5246,80,475,1,1,0,0x11,17,13,66,43,32.000,66.000,34.000,39,34,220,220,28400,28503,28553,,153,,50,,,,,,50
5247,80,475,1,1,0,0x11,16,13,58,40,29.000,58.000,29.000,34,29,220,220,28400,28553,28603,,203,,50,,,,,,50
5248,80,476,2,1,0,0x12,9,0,5,0,4.667,0.000,-4.667,-4,-4,220,220,29550,29653,29703,,153,,50,,,,,,50
5249,80,476,2,1,0,0x12,9,0,7,2,5.333,0.000,-5.333,-4,-5,220,220,29550,29703,29753,,203,,50,,,,,,50
5250,80,476,2,1,0,0x12,10,0,6,5,5.333,0.000,-5.333,-5,-5,220,220,29550,29753,29803,,253,,50,,,,,,50
5251,80,476,2,1,0,0x12,10,0,7,8,5.667,0.000,-5.667,-5,-5,220,220,29550,29803,29853,,303,,50,,,,,,50
5252,80,476,2,1,0,0x12,11,0,7,11,6.000,0.000,-6.000,-5,-6,220,220,29550,29853,29903,,353,,50,,,,,,50
5253,80,476,2,1,0,0x12,11,0,7,14,6.000,0.000,-6.000,-6,-6,220,220,29550,29903,29953,,403,,50,,,,,,50
5254,80,476,2,1,0,0x12,12,0,8,17,6.667,0.000,-6.667,-6,-6,220,220,29550,29953,30003,,453,,50,,,,,,50
5255,80,476,2,1,0,0x12,12,4,9,19,8.333,4.000,-4.333,-6,-4,220,220,29550,30003,30053,,503,,50,,,,,,50
5256,80,476,2,1,1,0x32,13,12,9,22,11.333,12.000,0.667,-4,1,220,220,29550,30053,30103,0,553,35986,50,35483,30103,575,575,575,50
5257,80,476,2,1,0,0x12,14,19,9,25,14.000,19.000,5.000,1,5,220,220,29550,30103,30153,,603,,50,,,,,,50
5258,80,476,2,1,0,0x12,14,26,10,27,16.667,26.000,9.333,5,10,220,220,29550,30153,30203,,653,,50,,,,,,50
5259,80,476,2,1,0,0x12,14,33,10,30,19.000,33.000,14.000,10,14,220,220,29550,30203,30253,,703,,50,,,,,,50
5260,80,476,2,1,0,0x12,14,40,10,33,21.333,40.000,18.667,14,19,220,220,29550,30253,30303,,753,,50,,,,,,50
5261,80,476,2,1,0,0x12,15,48,11,35,24.667,48.000,23.333,19,24,220,220,29550,30303,30353,,803,,50,,,,,,50
5262,80,476,2,1,0,0x12,20,56,11,39,29.000,56.000,27.000,24,27,220,220,29550,30353,30403,,853,,50,,,,,,50
5263,80,476,2,1,0,0x12,16,64,12,41,30.667,64.000,33.333,27,34,220,220,29550,30403,30453,,903,,50,,,,,,50
5264,80,476,2,1,0,0x12,16,71,12,44,33.000,71.000,38.000,34,38,220,220,29550,30453,30503,,953,,50,,,,,,50
5265,80,476,2,1,0,0x12,17,79,13,47,36.333,79.000,42.667,38,43,220,220,29550,30503,30553,,1003,,50,,,,,,50
5266,80,476,2,1,0,0x12,17,87,13,50,39.000,87.000,48.000,43,48,220,220,29550,30553,30603,,1053,,50,,,,,,50
5267,80,476,2,1,0,0x12,17,94,13,53,41.333,94.000,52.667,48,53,220,220,29550,30603,30653,,1103,,50,,,,,,50
5268,80,477,3,1,0,0x13,0,6,5,0,3.667,0.000,-3.667,-4,-3,220,220,30700,31703,31753,,1053,,50,,,,,,50
5269,80,477,3,1,0,0x13,0,5,5,0,3.333,0.000,-3.333,-3,-3,220,220,30700,31753,31803,,1103,,50,,,,,,50
5270,80,477,3,1,0,0x13,0,5,5,0,3.333,0.000,-3.333,-3,-3,220,220,30700,31803,31853,,1153,,50,,,,,,50
5271,80,477,3,1,0,0x13,0,4,4,0,2.667,0.000,-2.667,-3,-2,220,220,30700,31853,31903,,1203,,50,,,,,,50
5272,80,478,4,1,0,0x14,8,7,0,0,5.000,0.000,-5.000,-2,-5,220,220,31925,31903,32003,,78,,100,,,,,,50
5273,80,478,4,1,0,0x14,8,8,0,1,5.333,0.000,-5.333,-5,-5,220,220,31925,32003,32053,,128,,50,,,,,,50
5274,80,478,4,1,0,0x14,9,8,0,4,5.667,0.000,-5.667,-5,-5,220,220,31925,32053,32103,,178,,50,,,,,,50
5275,80,478,4,1,0,0x14,10,8,0,7,6.000,0.000,-6.000,-5,-6,220,220,31925,32103,32153,,228,,50,,,,,,50
5276,80,478,4,1,0,0x14,10,8,0,10,6.000,0.000,-6.000,-6,-6,220,220,31925,32153,32203,,278,,50,,,,,,50
5277,80,478,4,1,0,0x14,10,9,0,12,6.333,0.000,-6.333,-6,-6,220,220,31925,32203,32253,,328,,50,,,,,,50
5278,80,478,4,1,0,0x14,11,9,0,16,6.667,0.000,-6.667,-6,-6,220,220,31925,32253,32303,,378,,50,,,,,,50
5279,80,478,4,1,0,0x14,12,10,1,18,7.667,1.000,-6.667,-6,-6,220,220,31925,32303,32353,,428,,50,,,,,,50
5280,80,478,4,1,0,0x14,16,10,8,21,11.333,8.000,-3.333,-6,-3,220,220,31925,32353,32403,,478,,50,,,,,,50
5281,80,478,4,1,1,0x34,12,11,15,24,12.667,15.000,2.333,-3,3,220,220,31925,32403,32453,0,528,33611,50,33133,32453,575,575,575,50
5282,80,478,4,1,0,0x14,13,11,22,26,15.333,22.000,6.667,3,7,220,220,31925,32453,32503,,578,,50,,,,,,50
5283,80,478,4,1,0,0x14,13,12,29,29,18.000,29.000,11.000,7,11,220,220,31925,32503,32553,,628,,50,,,,,,50
5284,80,478,4,1,0,0x14,14,12,36,32,20.667,36.000,15.333,11,16,220,220,31925,32553,32603,,678,,50,,,,,,50
5285,80,478,4,1,0,0x14,14,13,43,34,23.333,43.000,19.667,16,20,220,220,31925,32603,32653,,728,,50,,,,,,50
5286,80,478,4,1,0,0x14,14,13,50,37,25.667,50.000,24.333,20,25,220,220,31925,32653,32703,,778,,50,,,,,,50
5287,80,478,4,1,0,0x14,15,13,58,40,28.667,58.000,29.333,25,30,220,220,31925,32703,32753,,828,,50,,,,,,50
5288,80,479,5,1,0,0x15,10,0,7,6,5.667,0.000,-5.667,-5,-5,220,220,33050,33803,33853,,803,,50,,,,,,50
5289,80,479,5,1,0,0x15,9,0,6,3,5.000,0.000,-5.000,-5,-5,220,220,33050,33853,33903,,853,,50,,,,,,50
5290,80,479,5,1,0,0x15,9,0,6,1,5.000,0.000,-5.000,-5,-5,220,220,33050,33903,33953,,903,,50,,,,,,50
5291,80,479,5,1,0,0x15,8,0,5,0,4.333,0.000,-4.333,-5,-4,220,220,33050,33953,34003,,953,,50,,,,,,50
5292,80,479,5,1,0,0x15,8,0,5,0,4.333,0.000,-4.333,-4,-4,220,220,33050,34003,34053,,1003,,50,,,,,,50
5293,80,479,5,1,0,0x15,8,0,4,0,4.000,0.000,-4.000,-4,-4,220,220,33050,34053,34103,,1053,,50,,,,,,50
5294,80,479,5,1,0,0x15,7,0,4,0,3.667,0.000,-3.667,-4,-3,220,220,33050,34103,34153,,1103,,50,,,,,,50
5295,80,480,6,1,0,0x16,0,8,8,0,5.333,0.000,-5.333,-3,-5,220,220,34200,34153,34253,,53,,100,,,,,,50
5296,80,480,6,1,0,0x16,0,6,6,0,4.000,0.000,-4.000,-5,-4,220,220,34200,34253,34303,,103,,50,,,,,,50
5297,80,480,6,1,0,0x16,0,7,6,1,4.333,0.000,-4.333,-4,-4,220,220,34200,34303,34353,,153,,50,,,,,,50
5298,80,480,6,1,0,0x16,0,7,7,4,4.667,0.000,-4.667,-4,-4,220,220,34200,34353,34403,,203,,50,,,,,,50
5299,80,480,6,1,0,0x16,0,8,7,7,5.000,0.000,-5.000,-4,-5,220,220,34200,34403,34453,,253,,50,,,,,,50
5300,80,480,6,1,0,0x16,0,8,7,10,5.000,0.000,-5.000,-5,-5,220,220,34200,34453,34503,,303,,50,,,,,,50
5301,80,480,6,1,0,0x16,0,9,8,13,5.667,0.000,-5.667,-5,-5,220,220,34200,34503,34553,,353,,50,,,,,,50
5302,80,480,6,1,0,0x16,0,9,8,15,5.667,0.000,-5.667,-5,-5,220,220,34200,34553,34603,,403,,50,,,,,,50
5303,80,480,6,1,0,0x16,2,9,9,18,6.667,2.000,-4.667,-5,-4,220,220,34200,34603,34653,,453,,50,,,,,,50
5304,80,480,6,1,0,0x16,9,10,9,21,9.333,9.000,-0.333,-4,0,220,220,34200,34653,34703,,503,,50,,,,,,50
5305,80,480,6,1,1,0x36,16,10,9,23,11.667,16.000,4.333,0,5,220,220,34200,34703,34753,0,553,31336,50,30833,34753,575,575,575,50
5306,80,480,6,1,0,0x16,23,11,10,26,14.667,23.000,8.333,5,9,220,220,34200,34753,34803,,603,,50,,,,,,50
5307,80,480,6,1,0,0x16,30,11,10,28,17.000,30.000,13.000,9,13,220,220,34200,34803,34853,,653,,50,,,,,,50
5308,81,481,1,1,0,0x11,12,9,1,18,7.333,1.000,-6.333,-2,-6,220,220,35350,35903,35953,,603,,50,,,,,,50
5309,81,481,1,1,0,0x11,12,9,0,16,7.000,0.000,-7.000,-6,-7,220,220,35350,35953,36003,,653,,50,,,,,,50
5310,81,481,1,1,0,0x11,11,9,0,14,6.667,0.000,-6.667,-7,-6,220,220,35350,36003,36053,,703,,50,,,,,,50
5311,81,481,1,1,0,0x11,11,8,0,11,6.333,0.000,-6.333,-6,-6,220,220,35350,36053,36103,,753,,50,,,,,,50
5312,81,481,1,1,0,0x11,11,8,0,7,6.333,0.000,-6.333,-6,-6,220,220,35350,36103,36153,,803,,50,,,,,,50
5313,81,481,1,1,0,0x11,10,8,0,4,6.000,0.000,-6.000,-6,-6,220,220,35350,36153,36203,,853,,50,,,,,,50
5314,81,481,1,1,0,0x11,10,7,0,2,5.667,0.000,-5.667,-6,-5,220,220,35350,36203,36253,,903,,50,,,,,,50
5315,81,481,1,1,0,0x11,9,7,0,0,5.333,0.000,-5.333,-5,-5,220,220,35350,36253,36303,,953,,50,,,,,,50
5316,81,481,1,1,0,0x11,8,6,0,0,4.667,0.000,-4.667,-5,-4,220,220,35350,36303,36353,,1003,,50,,,,,,50
5317,81,481,1,1,0,0x11,12,6,0,0,6.000,0.000,-6.000,-4,-6,220,220,35350,36353,36403,,1053,,50,,,,,,50
5318,81,481,1,1,0,0x11,7,5,0,0,4.000,0.000,-4.000,-6,-4,220,220,35350,36403,36453,,1103,,50,,,,,,50
5319,81,482,2,1,0,0x12,13,0,5,0,6.000,0.000,-6.000,-4,-6,220,220,36500,36453,36553,,53,,100,,,,,,50
5320,81,482,2,1,0,0x12,10,0,4,0,4.667,0.000,-4.667,-6,-4,220,220,36500,36553,36603,,103,,50,,,,,,50
5321,81,482,2,1,0,0x12,9,0,5,0,4.667,0.000,-4.667,-4,-4,220,220,36500,36603,36653,,153,,50,,,,,,50
5322,81,482,2,1,0,0x12,9,0,6,3,5.000,0.000,-5.000,-4,-5,220,220,36500,36653,36703,,203,,50,,,,,,50
5323,81,482,2,1,0,0x12,10,0,6,5,5.333,0.000,-5.333,-5,-5,220,220,36500,36703,36753,,253,,50,,,,,,50
5324,81,482,2,1,0,0x12,10,0,7,8,5.667,0.000,-5.667,-5,-5,220,220,36500,36753,36803,,303,,50,,,,,,50
5325,81,482,2,1,0,0x12,11,0,7,11,6.000,0.000,-6.000,-5,-6,220,220,36500,36803,36853,,353,,50,,,,,,50
5326,81,482,2,1,0,0x12,11,0,8,13,6.333,0.000,-6.333,-6,-6,220,220,36500,36853,36903,,403,,50,,,,,,50
5327,81,482,2,1,0,0x12,12,0,8,17,6.667,0.000,-6.667,-6,-6,220,220,36500,36903,36953,,453,,50,,,,,,50
5328,81,483,3,1,0,0x13,33,12,10,29,18.333,33.000,14.667,20,15,220,220,37650,38003,38053,,403,,50,,,,,,50
5329,81,483,3,1,0,0x13,25,11,10,26,15.333,25.000,9.667,15,10,220,220,37650,38053,38103,,453,,50,,,,,,50
5330,81,483,3,1,0,0x13,18,11,9,24,12.667,18.000,5.333,10,6,220,220,37650,38103,38153,,503,,50,,,,,,50
5331,81,483,3,1,0,0x13,11,11,9,21,10.333,11.000,0.667,6,1,220,220,37650,38153,38203,,553,,50,,,,,,50
5332,81,483,3,1,1,0x33,4,10,9,18,7.667,4.000,-3.667,1,-3,220,220,37650,38203,38253,0,603,27886,50,27333,38253,600,600,600,50
5333,81,483,3,1,0,0x13,0,10,8,16,6.000,0.000,-6.000,-3,-6,220,220,37650,38253,38303,,653,,50,,,,,,50
5334,81,483,3,1,0,0x13,0,9,8,13,5.667,0.000,-5.667,-6,-5,220,220,37650,38303,38353,,703,,50,,,,,,50
5335,81,483,3,1,0,0x13,0,9,8,10,5.667,0.000,-5.667,-5,-5,220,220,37650,38353,38403,,753,,50,,,,,,50
5336,81,483,3,1,0,0x13,0,8,7,7,5.000,0.000,-5.000,-5,-5,220,220,37650,38403,38453,,803,,50,,,,,,50
5337,81,483,3,1,0,0x13,0,8,6,4,4.667,0.000,-4.667,-5,-4,220,220,37650,38453,38503,,853,,50,,,,,,50
5338,81,483,3,1,0,0x13,0,7,6,2,4.333,0.000,-4.333,-4,-4,220,220,37650,38503,38553,,903,,50,,,,,,50
5339,81,483,3,1,0,0x13,0,7,5,0,4.000,0.000,-4.000,-4,-4,220,220,37650,38553,38603,,953,,50,,,,,,50
5340,81,483,3,1,0,0x13,0,6,5,0,3.667,0.000,-3.667,-4,-3,220,220,37650,38603,38653,,1003,,50,,,,,,50
5341,81,483,3,1,0,0x13,0,6,5,0,3.667,0.000,-3.667,-3,-3,220,220,37650,38653,38703,,1053,,50,,,,,,50
5342,81,483,3,1,0,0x13,0,5,5,0,3.333,0.000,-3.333,-3,-3,220,220,37650,38703,38753,,1103,,50,,,,,,50
5343,81,483,3,1,0,0x13,0,5,4,0,3.000,0.000,-3.000,-3,-3,220,220,37650,38753,38803,,1153,,50,,,,,,50
5344,81,483,3,1,0,0x13,0,4,4,0,2.667,0.000,-2.667,-3,-2,220,220,37650,38803,38853,,1203,,50,,,,,,50
5345,81,484,4,1,0,0x14,8,7,0,0,5.000,0.000,-5.000,-2,-5,220,220,38875,38853,38953,,78,,100,,,,,,50
5346,81,484,4,1,0,0x14,9,7,0,2,5.333,0.000,-5.333,-5,-5,220,220,38875,38953,39003,,128,,50,,,,,,50
5347,81,484,4,1,0,0x14,9,8,0,5,5.667,0.000,-5.667,-5,-5,220,220,38875,39003,39053,,178,,50,,,,,,50
5348,81,485,5,1,0,0x15,16,67,13,43,32.000,67.000,35.000,63,35,220,220,40075,40053,40153,,78,,100,,,,,,50
5349,81,485,5,1,0,0x15,16,59,12,40,29.000,59.000,30.000,35,30,220,220,40075,40153,40203,,128,,50,,,,,,50
5350,81,485,5,1,0,0x15,15,51,11,37,25.667,51.000,25.333,30,26,220,220,40075,40203,40253,,178,,50,,,,,,50
5351,81,485,5,1,0,0x15,14,43,11,34,22.667,43.000,20.333,26,21,220,220,40075,40253,40303,,228,,50,,,,,,50
5352,81,485,5,1,0,0x15,14,35,11,31,20.000,35.000,15.000,21,15,220,220,40075,40303,40353,,278,,50,,,,,,50
5353,81,485,5,1,0,0x15,18,28,11,29,19.000,28.000,9.000,15,9,220,220,40075,40353,40403,,328,,50,,,,,,50
5354,81,485,5,1,0,0x15,13,20,10,26,14.333,20.000,5.667,9,6,220,220,40075,40403,40453,,378,,50,,,,,,50
5355,81,485,5,1,0,0x15,12,13,10,23,11.667,13.000,1.333,6,2,220,220,40075,40453,40503,,428,,50,,,,,,50
5356,81,485,5,1,1,0x35,12,7,9,20,9.333,7.000,-2.333,2,-2,220,220,40075,40503,40553,0,478,25461,50,25033,40553,550,550,550,50
5357,81,485,5,1,0,0x15,11,0,9,18,6.667,0.000,-6.667,-2,-6,220,220,40075,40553,40603,,528,,50,,,,,,50
5358,81,485,5,1,0,0x15,11,0,8,15,6.333,0.000,-6.333,-6,-6,220,220,40075,40603,40653,,578,,50,,,,,,50
5359,81,485,5,1,0,0x15,11,0,8,12,6.333,0.000,-6.333,-6,-6,220,220,40075,40653,40703,,628,,50,,,,,,50
5360,81,485,5,1,0,0x15,10,0,7,9,5.667,0.000,-5.667,-6,-5,220,220,40075,40703,40753,,678,,50,,,,,,50
5361,81,485,5,1,0,0x15,10,0,7,6,5.667,0.000,-5.667,-5,-5,220,220,40075,40753,40803,,728,,50,,,,,,50
5362,81,485,5,1,0,0x15,9,0,6,3,5.000,0.000,-5.000,-5,-5,220,220,40075,40803,40853,,778,,50,,,,,,50
5363,81,485,5,1,0,0x15,9,0,6,1,5.000,0.000,-5.000,-5,-5,220,220,40075,40853,40903,,828,,50,,,,,,50
5364,81,485,5,1,0,0x15,8,0,5,0,4.333,0.000,-4.333,-5,-4,220,220,40075,40903,40953,,878,,50,,,,,,50
5365,81,485,5,1,0,0x15,8,0,5,0,4.333,0.000,-4.333,-4,-4,220,220,40075,40953,41003,,928,,50,,,,,,50
5366,81,485,5,1,0,0x15,8,0,4,0,4.000,0.000,-4.000,-4,-4,220,220,40075,41003,41053,,978,,50,,,,,,50
5367,81,485,5,1,0,0x15,7,0,4,0,3.667,0.000,-3.667,-4,-3,220,220,40075,41053,41103,,1028,,50,,,,,,50
5368,81,486,6,1,0,0x16,90,15,13,50,39.333,90.000,50.667,46,51,220,220,41125,42153,42203,,1078,,50,,,,,,50
5369,81,486,6,1,0,0x16,98,15,14,53,42.333,98.000,55.667,51,56,220,220,41125,42203,42253,,1128,,50,,,,,,50
5370,82,487,1,1,0,0x11,15,10,76,44,33.667,76.000,42.333,56,43,220,220,42300,42253,42353,,53,,100,,,,,,50
5371,82,487,1,1,0,0x11,22,13,71,46,35.333,71.000,35.667,43,36,220,220,42300,42353,42403,,103,,50,,,,,,50
5372,82,487,1,1,0,0x11,16,13,63,42,30.667,63.000,32.333,36,33,220,220,42300,42403,42453,,153,,50,,,,,,50
5373,82,487,1,1,0,0x11,16,13,54,39,27.667,54.000,26.333,33,27,220,220,42300,42453,42503,,203,,50,,,,,,50
5374,82,487,1,1,0,0x11,15,13,46,36,24.667,46.000,21.333,27,22,220,220,42300,42503,42553,,253,,50,,,,,,50
5375,82,487,1,1,0,0x11,15,12,39,34,22.000,39.000,17.000,22,17,220,220,42300,42553,42603,,303,,50,,,,,,50
5376,82,487,1,1,0,0x11,13,12,32,30,19.000,32.000,13.000,17,13,220,220,42300,42603,42653,,353,,50,,,,,,50
5377,82,487,1,1,0,0x11,13,12,25,27,16.667,25.000,8.333,13,9,220,220,42300,42653,42703,,403,,50,,,,,,50
5378,82,487,1,1,0,0x11,13,11,18,25,14.000,18.000,4.000,9,4,220,220,42300,42703,42753,,453,,50,,,,,,50
5379,82,487,1,1,0,0x11,13,10,11,23,11.333,11.000,-0.333,4,0,220,220,42300,42753,42803,,503,,50,,,,,,50
5380,82,487,1,1,1,0x31,12,10,5,21,9.000,5.000,-4.000,0,-4,220,220,42300,42803,42853,0,553,23236,50,22733,42853,575,575,575,50
5381,82,487,1,1,0,0x11,12,10,0,18,7.333,0.000,-7.333,-4,-7,220,220,42300,42853,42903,,603,,50,,,,,,50
5382,82,487,1,1,0,0x11,12,9,0,15,7.000,0.000,-7.000,-7,-7,220,220,42300,42903,42953,,653,,50,,,,,,50
5383,82,487,1,1,0,0x11,11,9,0,12,6.667,0.000,-6.667,-7,-6,220,220,42300,42953,43003,,703,,50,,,,,,50
5384,82,487,1,1,0,0x11,11,8,0,10,6.333,0.000,-6.333,-6,-6,220,220,42300,43003,43053,,753,,50,,,,,,50
5385,82,487,1,1,0,0x11,10,8,0,6,6.000,0.000,-6.000,-6,-6,220,220,42300,43053,43103,,803,,50,,,,,,50
5386,82,487,1,1,0,0x11,10,7,0,4,5.667,0.000,-5.667,-6,-5,220,220,42300,43103,43153,,853,,50,,,,,,50
5387,82,487,1,1,0,0x11,9,7,0,1,5.333,0.000,-5.333,-5,-5,220,220,42300,43153,43203,,903,,50,,,,,,50
5388,82,488,2,1,0,0x12,15,54,11,38,26.667,54.000,27.333,22,28,220,220,43450,44253,44303,,853,,50,,,,,,50
5389,82,488,2,1,0,0x12,16,61,12,40,29.667,61.000,31.333,28,32,220,220,43450,44303,44353,,903,,50,,,,,,50
5390,82,488,2,1,0,0x12,15,70,12,44,32.333,70.000,37.667,32,38,220,220,43450,44353,44403,,953,,50,,,,,,50
5391,82,488,2,1,0,0x12,20,78,13,47,37.000,78.000,41.000,38,41,220,220,43450,44403,44453,,1003,,50,,,,,,50
5392,82,488,2,1,0,0x12,16,85,13,49,38.000,85.000,47.000,41,47,220,220,43450,44453,44503,,1053,,50,,,,,,50
5393,82,488,2,1,0,0x12,17,92,13,52,40.667,92.000,51.333,47,52,220,220,43450,44503,44553,,1103,,50,,,,,,50
5394,82,488,2,1,0,0x12,17,101,14,55,44.000,101.000,57.000,52,57,220,220,43450,44553,44603,,1153,,50,,,,,,50
5395,82,488,2,1,0,0x12,18,109,15,58,47.333,109.000,61.667,57,62,220,220,43450,44603,44653,,1203,,50,,,,,,50
5396,82,489,3,1,0,0x13,73,15,12,44,33.333,73.000,39.667,62,40,220,220,44675,44653,44753,,78,,100,,,,,,50
5397,82,489,3,1,0,0x13,65,14,12,41,30.333,65.000,34.667,40,35,220,220,44675,44753,44803,,128,,50,,,,,,50
5398,82,489,3,1,0,0x13,57,14,11,38,27.333,57.000,29.667,35,30,220,220,44675,44803,44853,,178,,50,,,,,,50
5399,82,489,3,1,0,0x13,49,13,11,35,24.333,49.000,24.667,30,25,220,220,44675,44853,44903,,228,,50,,,,,,50
5400,82,489,3,1,0,0x13,41,12,11,32,21.333,41.000,19.667,25,20,220,220,44675,44903,44953,,278,,50,,,,,,50
5401,82,489,3,1,0,0x13,34,11,10,29,18.333,34.000,15.667,20,16,220,220,44675,44953,45003,,328,,50,,,,,,50
5402,82,489,3,1,0,0x13,27,11,10,27,16.000,27.000,11.000,16,11,220,220,44675,45003,45053,,378,,50,,,,,,50
5403,82,489,3,1,0,0x13,20,11,9,24,13.333,20.000,6.667,11,7,220,220,44675,45053,45103,,428,,50,,,,,,50
5404,82,489,3,1,0,0x13,13,11,9,21,11.000,13.000,2.000,7,2,220,220,44675,45103,45153,,478,,50,,,,,,50
5405,82,489,3,1,1,0x33,5,10,8,19,7.667,5.000,-2.667,2,-2,220,220,44675,45153,45203,0,528,20861,50,20383,45203,575,575,575,50
5406,82,489,3,1,0,0x13,0,9,8,16,5.667,0.000,-5.667,-2,-5,220,220,44675,45203,45253,,578,,50,,,,,,50
5407,82,489,3,1,0,0x13,0,9,8,14,5.667,0.000,-5.667,-5,-5,220,220,44675,45253,45303,,628,,50,,,,,,50
5408,82,490,4,1,0,0x14,13,11,24,27,16.000,24.000,8.000,4,8,220,220,45800,46353,46403,,603,,50,,,,,,50
5409,82,490,4,1,0,0x14,18,12,32,30,20.667,32.000,11.333,8,12,220,220,45800,46403,46453,,653,,50,,,,,,50
5410,82,490,4,1,0,0x14,14,12,39,33,21.667,39.000,17.333,12,18,220,220,45800,46453,46503,,703,,50,,,,,,50
5411,82,490,4,1,0,0x14,14,12,46,35,24.000,46.000,22.000,18,22,220,220,45800,46503,46553,,753,,50,,,,,,50
5412,82,490,4,1,0,0x14,15,13,54,38,27.333,54.000,26.667,22,27,220,220,45800,46553,46603,,803,,50,,,,,,50
5413,82,490,4,1,0,0x14,15,13,61,41,29.667,61.000,31.333,27,32,220,220,45800,46603,46653,,853,,50,,,,,,50
5414,82,490,4,1,0,0x14,16,14,68,44,32.667,68.000,35.333,32,36,220,220,45800,46653,46703,,903,,50,,,,,,50
5415,82,490,4,1,0,0x14,16,14,76,47,35.333,76.000,40.667,36,41,220,220,45800,46703,46753,,953,,50,,,,,,50
5416,82,490,4,1,0,0x14,16,14,83,49,37.667,83.000,45.333,41,46,220,220,45800,46753,46803,,1003,,50,,,,,,50
5417,82,490,4,1,0,0x14,17,14,91,52,40.667,91.000,50.333,46,51,220,220,45800,46803,46853,,1053,,50,,,,,,50
5418,82,490,4,1,0,0x14,17,15,98,54,43.333,98.000,54.667,51,55,220,220,45800,46853,46903,,1103,,50,,,,,,50
5419,82,491,5,1,0,0x15,12,77,13,44,34.000,77.000,43.000,55,43,220,220,46950,46903,47003,,53,,100,,,,,,50
5420,82,491,5,1,0,0x15,15,72,14,45,33.667,72.000,38.333,43,39,220,220,46950,47003,47053,,103,,50,,,,,,50
5421,82,491,5,1,0,0x15,15,64,13,42,30.667,64.000,33.333,39,34,220,220,46950,47053,47103,,153,,50,,,,,,50
5422,82,491,5,1,0,0x15,15,56,12,39,27.667,56.000,28.333,34,29,220,220,46950,47103,47153,,203,,50,,,,,,50
5423,82,491,5,1,0,0x15,14,47,11,36,24.000,47.000,23.000,29,23,220,220,46950,47153,47203,,253,,50,,,,,,50
5424,82,491,5,1,0,0x15,14,41,11,33,22.000,41.000,19.000,23,19,220,220,46950,47203,47253,,303,,50,,,,,,50
5425,82,491,5,1,0,0x15,13,34,10,30,19.000,34.000,15.000,19,15,220,220,46950,47253,47303,,353,,50,,,,,,50
5426,82,491,5,1,0,0x15,13,26,10,28,16.333,26.000,9.667,15,10,220,220,46950,47303,47353,,403,,50,,,,,,50
5427,82,491,5,1,0,0x15,17,19,10,26,15.333,19.000,3.667,10,4,220,220,46950,47353,47403,,453,,50,,,,,,50
5428,82,492,6,1,0,0x16,0,9,8,14,5.667,0.000,-5.667,-5,-5,220,220,48100,48453,48503,,403,,50,,,,,,50
5429,82,492,6,1,0,0x16,1,9,9,17,6.333,1.000,-5.333,-5,-5,220,220,48100,48503,48553,,453,,50,,,,,,50
5430,82,492,6,1,0,0x16,8,10,9,20,9.000,8.000,-1.000,-5,-1,220,220,48100,48553,48603,,503,,50,,,,,,50
5431,82,492,6,1,1,0x36,15,10,9,23,11.333,15.000,3.667,-1,4,220,220,48100,48603,48653,0,553,17436,50,16933,48653,575,575,575,50
5432,82,492,6,1,0,0x16,23,11,10,26,14.667,23.000,8.333,4,9,220,220,48100,48653,48703,,603,,50,,,,,,50
5433,82,492,6,1,0,0x16,30,11,10,28,17.000,30.000,13.000,9,13,220,220,48100,48703,48753,,653,,50,,,,,,50
5434,82,492,6,1,0,0x16,37,12,10,31,19.667,37.000,17.333,13,18,220,220,48100,48753,48803,,703,,50,,,,,,50
5435,82,492,6,1,0,0x16,44,12,10,34,22.000,44.000,22.000,18,22,220,220,48100,48803,48853,,753,,50,,,,,,50
5436,82,492,6,1,0,0x16,52,12,11,37,25.000,52.000,27.000,22,27,220,220,48100,48853,48903,,803,,50,,,,,,50
5437,82,492,6,1,0,0x16,59,13,11,39,27.667,59.000,31.333,27,32,220,220,48100,48903,48953,,853,,50,,,,,,50
5438,82,492,6,1,0,0x16,66,13,12,42,30.333,66.000,35.667,32,36,220,220,48100,48953,49003,,903,,50,,,,,,50
5439,82,492,6,1,0,0x16,73,14,12,44,33.000,73.000,40.000,36,40,220,220,48100,49003,49053,,953,,50,,,,,,50
5440,82,492,6,1,0,0x16,80,14,13,47,35.667,80.000,44.333,40,45,220,220,48100,49053,49103,,1003,,50,,,,,,50
5441,82,492,6,1,0,0x16,87,14,13,49,38.000,87.000,49.000,45,49,220,220,48100,49103,49153,,1053,,50,,,,,,50
5442,82,492,6,1,0,0x16,94,15,14,52,41.000,94.000,53.000,49,53,220,220,48100,49153,49203,,1103,,50,,,,,,50
5443,83,493,1,1,0,0x11,15,11,78,45,34.667,78.000,43.333,53,44,220,220,49250,49203,49303,,53,,100,,,,,,50
5444,83,493,1,1,0,0x11,17,13,72,46,34.000,72.000,38.000,44,38,220,220,49250,49303,49353,,103,,50,,,,,,50
5445,83,493,1,1,0,0x11,21,13,64,43,32.667,64.000,31.333,38,32,220,220,49250,49353,49403,,153,,50,,,,,,50
5446,83,493,1,1,0,0x11,15,13,56,39,28.000,56.000,28.000,32,28,220,220,49250,49403,49453,,203,,50,,,,,,50
5447,83,493,1,1,0,0x11,15,12,48,37,25.000,48.000,23.000,28,23,220,220,49250,49453,49503,,253,,50,,,,,,50
5448,83,494,2,1,0,0x12,10,0,6,3,5.333,0.000,-5.333,-4,-5,220,220,50400,50553,50603,,203,,50,,,,,,50
5449,83,494,2,1,0,0x12,10,0,7,6,5.667,0.000,-5.667,-5,-5,220,220,50400,50603,50653,,253,,50,,,,,,50
5450,83,494,2,1,0,0x12,10,0,6,9,5.333,0.000,-5.333,-5,-5,220,220,50400,50653,50703,,303,,50,,,,,,50
5451,83,494,2,1,0,0x12,11,0,7,11,6.000,0.000,-6.000,-5,-6,220,220,50400,50703,50753,,353,,50,,,,,,50
5452,83,494,2,1,0,0x12,11,0,8,14,6.333,0.000,-6.333,-6,-6,220,220,50400,50753,50803,,403,,50,,,,,,50
5453,83,494,2,1,0,0x12,12,0,8,17,6.667,0.000,-6.667,-6,-6,220,220,50400,50803,50853,,453,,50,,,,,,50
5454,83,494,2,1,0,0x12,12,5,9,20,8.667,5.000,-3.667,-6,-3,220,220,50400,50853,50903,,503,,50,,,,,,50
5455,83,494,2,1,1,0x32,13,12,9,22,11.333,12.000,0.667,-3,1,220,220,50400,50903,50953,0,553,15136,50,14633,50953,575,575,575,50
5456,83,494,2,1,0,0x12,13,19,9,25,13.667,19.000,5.333,1,6,220,220,50400,50953,51003,,603,,50,,,,,,50
5457,83,494,2,1,0,0x12,14,26,10,27,16.667,26.000,9.333,6,10,220,220,50400,51003,51053,,653,,50,,,,,,50
5458,83,494,2,1,0,0x12,14,33,10,30,19.000,33.000,14.000,10,14,220,220,50400,51053,51103,,703,,50,,,,,,50
5459,83,494,2,1,0,0x12,15,40,10,33,21.667,40.000,18.333,14,19,220,220,50400,51103,51153,,753,,50,,,,,,50
5460,83,494,2,1,0,0x12,15,48,11,35,24.667,48.000,23.333,19,24,220,220,50400,51153,51203,,803,,50,,,,,,50
5461,83,494,2,1,0,0x12,15,55,12,38,27.333,55.000,27.667,24,28,220,220,50400,51203,51253,,853,,50,,,,,,50
5462,83,494,2,1,0,0x12,16,63,12,41,30.333,63.000,32.667,28,33,220,220,50400,51253,51303,,903,,50,,,,,,50
5463,83,494,2,1,0,0x12,16,70,12,44,32.667,70.000,37.333,33,38,220,220,50400,51303,51353,,953,,50,,,,,,50
5464,83,494,2,1,0,0x12,20,78,13,47,37.000,78.000,41.000,38,41,220,220,50400,51353,51403,,1003,,50,,,,,,50
5465,83,494,2,1,0,0x12,17,85,13,49,38.333,85.000,46.667,41,47,220,220,50400,51403,51453,,1053,,50,,,,,,50
5466,83,494,2,1,0,0x12,16,93,14,52,41.000,93.000,52.000,47,52,220,220,50400,51453,51503,,1103,,50,,,,,,50
5467,83,495,3,1,0,0x13,87,14,11,47,37.333,87.000,49.667,52,50,220,220,51550,51503,51603,,53,,100,,,,,,50
5468,83,495,3,1,0,0x13,0,5,4,0,3.000,0.000,-3.000,-3,-3,220,220,51550,52603,52653,,1103,,50,,,,,,50
5469,83,495,3,1,0,0x13,0,5,4,0,3.000,0.000,-3.000,-3,-3,220,220,51550,52653,52703,,1153,,50,,,,,,50
5470,83,495,3,1,0,0x13,0,4,4,0,2.667,0.000,-2.667,-3,-2,220,220,51550,52703,52753,,1203,,50,,,,,,50
5471,83,496,4,1,0,0x14,8,7,0,0,5.000,0.000,-5.000,-2,-5,220,220,52775,52753,52853,,78,,100,,,,,,50
5472,83,496,4,1,0,0x14,9,8,0,2,5.667,0.000,-5.667,-5,-5,220,220,52775,52853,52903,,128,,50,,,,,,50
5473,83,496,4,1,0,0x14,9,8,0,5,5.667,0.000,-5.667,-5,-5,220,220,52775,52903,52953,,178,,50,,,,,,50
5474,83,496,4,1,0,0x14,10,8,0,8,6.000,0.000,-6.000,-5,-6,220,220,52775,52953,53003,,228,,50,,,,,,50
5475,83,496,4,1,0,0x14,10,8,0,10,6.000,0.000,-6.000,-6,-6,220,220,52775,53003,53053,,278,,50,,,,,,50
5476,83,496,4,1,0,0x14,11,9,0,13,6.667,0.000,-6.667,-6,-6,220,220,52775,53053,53103,,328,,50,,,,,,50
5477,83,496,4,1,0,0x14,11,9,0,16,6.667,0.000,-6.667,-6,-6,220,220,52775,53103,53153,,378,,50,,,,,,50
5478,83,496,4,1,0,0x14,11,10,1,18,7.333,1.000,-6.333,-6,-6,220,220,52775,53153,53203,,428,,50,,,,,,50
5479,83,496,4,1,0,0x14,12,10,8,21,10.000,8.000,-2.000,-6,-2,220,220,52775,53203,53253,,478,,50,,,,,,50
5480,83,496,4,1,1,0x34,13,11,15,24,13.000,15.000,2.000,-2,2,220,220,52775,53253,53303,0,528,12761,50,12283,53303,575,575,575,50
5481,83,496,4,1,0,0x14,13,11,22,26,15.333,22.000,6.667,2,7,220,220,52775,53303,53353,,578,,50,,,,,,50
5482,83,496,4,1,0,0x14,17,12,28,29,19.000,28.000,9.000,7,9,220,220,52775,53353,53403,,628,,50,,,,,,50
5483,83,496,4,1,0,0x14,14,12,35,32,20.333,35.000,14.667,9,15,220,220,52775,53403,53453,,678,,50,,,,,,50
5484,83,496,4,1,0,0x14,14,12,42,34,22.667,42.000,19.333,15,20,220,220,52775,53453,53503,,728,,50,,,,,,50
5485,83,496,4,1,0,0x14,15,13,49,36,25.667,49.000,23.333,20,24,220,220,52775,53503,53553,,778,,50,,,,,,50
5486,83,496,4,1,0,0x14,15,13,57,39,28.333,57.000,28.667,24,29,220,220,52775,53553,53603,,828,,50,,,,,,50
5487,83,496,4,1,0,0x14,15,13,64,42,30.667,64.000,33.333,29,34,220,220,52775,53603,53653,,878,,50,,,,,,50
5488,83,497,5,1,0,0x15,9,0,6,3,5.000,0.000,-5.000,-5,-5,220,220,53900,54703,54753,,853,,50,,,,,,50
5489,83,497,5,1,0,0x15,9,0,6,0,5.000,0.000,-5.000,-5,-5,220,220,53900,54753,54803,,903,,50,,,,,,50
5490,83,497,5,1,0,0x15,8,0,5,0,4.333,0.000,-4.333,-5,-4,220,220,53900,54803,54853,,953,,50,,,,,,50
5491,83,497,5,1,0,0x15,7,0,5,0,4.000,0.000,-4.000,-4,-4,220,220,53900,54853,54903,,1003,,50,,,,,,50
5492,83,497,5,1,0,0x15,7,0,4,0,3.667,0.000,-3.667,-4,-3,220,220,53900,54903,54953,,1053,,50,,,,,,50
5493,83,497,5,1,0,0x15,7,0,4,0,3.667,0.000,-3.667,-3,-3,220,220,53900,54953,55003,,1103,,50,,,,,,50
5494,83,498,6,1,0,0x16,0,7,8,0,5.000,0.000,-5.000,-3,-5,220,220,55050,55003,55103,,53,,100,,,,,,50
5495,83,498,6,1,0,0x16,0,6,6,0,4.000,0.000,-4.000,-5,-4,220,220,55050,55103,55153,,103,,50,,,,,,50
5496,83,498,6,1,0,0x16,0,7,6,1,4.333,0.000,-4.333,-4,-4,220,220,55050,55153,55203,,153,,50,,,,,,50
5497,83,498,6,1,0,0x16,0,8,7,3,5.000,0.000,-5.000,-4,-5,220,220,55050,55203,55253,,203,,50,,,,,,50
5498,83,498,6,1,0,0x16,0,8,7,6,5.000,0.000,-5.000,-5,-5,220,220,55050,55253,55303,,253,,50,,,,,,50
5499,83,498,6,1,0,0x16,0,8,7,9,5.000,0.000,-5.000,-5,-5,220,220,55050,55303,55353,,303,,50,,,,,,50
5500,83,498,6,1,0,0x16,0,9,8,13,5.667,0.000,-5.667,-5,-5,220,220,55050,55353,55403,,353,,50,,,,,,50
5501,83,498,6,1,0,0x16,0,9,8,15,5.667,0.000,-5.667,-5,-5,220,220,55050,55403,55453,,403,,50,,,,,,50
5502,83,498,6,1,0,0x16,1,10,9,18,6.667,1.000,-5.667,-5,-5,220,220,55050,55453,55503,,453,,50,,,,,,50
5503,83,498,6,1,0,0x16,8,10,9,20,9.000,8.000,-1.000,-5,-1,220,220,55050,55503,55553,,503,,50,,,,,,50
5504,83,498,6,1,1,0x36,14,10,9,23,11.000,14.000,3.000,-1,3,220,220,55050,55553,55603,0,553,10486,50,9983,55603,575,575,575,50
5505,83,498,6,1,0,0x16,21,11,10,26,14.000,21.000,7.000,3,7,220,220,55050,55603,55653,,603,,50,,,,,,50
5506,83,498,6,1,0,0x16,28,11,10,28,16.333,28.000,11.667,7,12,220,220,55050,55653,55703,,653,,50,,,,,,50
5507,83,498,6,1,0,0x16,35,11,10,31,18.667,35.000,16.333,12,17,220,220,55050,55703,55753,,703,,50,,,,,,50
5508,84,499,1,1,0,0x11,12,9,0,16,7.000,0.000,-7.000,-6,-7,220,220,56200,56803,56853,,653,,50,,,,,,50
5509,84,499,1,1,0,0x11,12,9,0,13,7.000,0.000,-7.000,-7,-7,220,220,56200,56853,56903,,703,,50,,,,,,50
5510,84,499,1,1,0,0x11,11,9,0,10,6.667,0.000,-6.667,-7,-6,220,220,56200,56903,56953,,753,,50,,,,,,50
5511,84,499,1,1,0,0x11,10,8,0,7,6.000,0.000,-6.000,-6,-6,220,220,56200,56953,57003,,803,,50,,,,,,50
5512,84,499,1,1,0,0x11,10,8,0,5,6.000,0.000,-6.000,-6,-6,220,220,56200,57003,57053,,853,,50,,,,,,50
5513,84,499,1,1,0,0x11,9,7,0,2,5.333,0.000,-5.333,-6,-5,220,220,56200,57053,57103,,903,,50,,,,,,50
5514,84,499,1,1,0,0x11,9,6,0,0,5.000,0.000,-5.000,-5,-5,220,220,56200,57103,57153,,953,,50,,,,,,50
5515,84,499,1,1,0,0x11,8,6,0,0,4.667,0.000,-4.667,-5,-4,220,220,56200,57153,57203,,1003,,50,,,,,,50
5516,84,499,1,1,0,0x11,8,6,0,0,4.667,0.000,-4.667,-4,-4,220,220,56200,57203,57253,,1053,,50,,,,,,50
5517,84,499,1,1,0,0x11,7,5,0,0,4.000,0.000,-4.000,-4,-4,220,220,56200,57253,57303,,1103,,50,,,,,,50
5518,84,500,2,1,0,0x12,17,0,5,0,7.333,0.000,-7.333,-4,-7,220,220,57350,57303,57403,,53,,100,,,,,,50
5519,84,500,2,1,0,0x12,9,0,4,0,4.333,0.000,-4.333,-7,-4,220,220,57350,57403,57453,,103,,50,,,,,,50
5520,84,500,2,1,0,0x12,9,0,6,0,5.000,0.000,-5.000,-4,-5,220,220,57350,57453,57503,,153,,50,,,,,,50
5521,84,500,2,1,0,0x12,9,0,6,2,5.000,0.000,-5.000,-5,-5,220,220,57350,57503,57553,,203,,50,,,,,,50
5522,84,500,2,1,0,0x12,10,0,6,5,5.333,0.000,-5.333,-5,-5,220,220,57350,57553,57603,,253,,50,,,,,,50
5523,84,500,2,1,0,0x12,10,0,7,7,5.667,0.000,-5.667,-5,-5,220,220,57350,57603,57653,,303,,50,,,,,,50
5524,84,500,2,1,0,0x12,11,0,7,11,6.000,0.000,-6.000,-5,-6,220,220,57350,57653,57703,,353,,50,,,,,,50
5525,84,500,2,1,0,0x12,11,0,8,13,6.333,0.000,-6.333,-6,-6,220,220,57350,57703,57753,,403,,50,,,,,,50
5526,84,500,2,1,0,0x12,12,0,8,16,6.667,0.000,-6.667,-6,-6,220,220,57350,57753,57803,,453,,50,,,,,,50
5527,84,500,2,1,0,0x12,12,2,9,18,7.667,2.000,-5.667,-6,-5,220,220,57350,57803,57853,,503,,50,,,,,,50
5528,84,501,3,1,0,0x13,27,12,10,27,16.333,27.000,10.667,16,11,220,220,58575,58903,58953,,378,,50,,,,,,50
5529,84,501,3,1,0,0x13,20,11,9,25,13.333,20.000,6.667,11,7,220,220,58575,58953,59003,,428,,50,,,,,,50
5530,84,501,3,1,0,0x13,13,11,9,22,11.000,13.000,2.000,7,2,220,220,58575,59003,59053,,478,,50,,,,,,50
5531,84,501,3,1,1,0x33,6,10,8,19,8.000,6.000,-2.000,2,-2,220,220,58575,59053,59103,0,528,6961,50,6483,59103,575,575,575,50
5532,84,501,3,1,0,0x13,0,10,8,17,6.000,0.000,-6.000,-2,-6,220,220,58575,59103,59153,,578,,50,,,,,,50
5533,84,501,3,1,0,0x13,0,9,8,14,5.667,0.000,-5.667,-6,-5,220,220,58575,59153,59203,,628,,50,,,,,,50
5534,84,501,3,1,0,0x13,0,9,8,11,5.667,0.000,-5.667,-5,-5,220,220,58575,59203,59253,,678,,50,,,,,,50
5535,84,501,3,1,0,0x13,0,9,7,8,5.333,0.000,-5.333,-5,-5,220,220,58575,59253,59303,,728,,50,,,,,,50
5536,84,501,3,1,0,0x13,0,8,7,6,5.000,0.000,-5.000,-5,-5,220,220,58575,59303,59353,,778,,50,,,,,,50
5537,84,501,3,1,0,0x13,0,8,6,3,4.667,0.000,-4.667,-5,-4,220,220,58575,59353,59403,,828,,50,,,,,,50
5538,84,501,3,1,0,0x13,0,7,5,0,4.000,0.000,-4.000,-4,-4,220,220,58575,59403,59453,,878,,50,,,,,,50
5539,84,501,3,1,0,0x13,0,7,5,0,4.000,0.000,-4.000,-4,-4,220,220,58575,59453,59503,,928,,50,,,,,,50
5540,84,501,3,1,0,0x13,0,6,5,0,3.667,0.000,-3.667,-4,-3,220,220,58575,59503,59553,,978,,50,,,,,,50
5541,84,501,3,1,0,0x13,0,6,5,0,3.667,0.000,-3.667,-3,-3,220,220,58575,59553,59603,,1028,,50,,,,,,50
5542,84,501,3,1,0,0x13,0,5,4,0,3.000,0.000,-3.000,-3,-3,220,220,58575,59603,59653,,1078,,50,,,,,,50
5543,84,502,4,1,0,0x14,11,10,0,0,7.000,0.000,-7.000,-3,-7,220,220,59700,59653,59753,,53,,100,,,,,,50
5544,84,502,4,1,0,0x14,8,8,0,0,5.333,0.000,-5.333,-7,-5,220,220,59700,59753,59803,,103,,50,,,,,,50
5545,84,502,4,1,0,0x14,9,8,0,1,5.667,0.000,-5.667,-5,-5,220,220,59700,59803,59853,,153,,50,,,,,,50
5546,84,502,4,1,0,0x14,9,8,0,3,5.667,0.000,-5.667,-5,-5,220,220,59700,59853,59903,,203,,50,,,,,,50
5547,84,502,4,1,0,0x14,10,8,0,6,6.000,0.000,-6.000,-5,-6,220,220,59700,59903,59953,,253,,50,,,,,,50
5548,84,503,5,1,0,0x15,15,58,12,40,28.333,58.000,29.667,35,30,220,220,60850,61003,61053,,203,,50,,,,,,50
5549,84,503,5,1,0,0x15,14,50,11,37,25.000,50.000,25.000,30,25,220,220,60850,61053,61103,,253,,50,,,,,,50
5550,84,503,5,1,0,0x15,14,43,11,34,22.667,43.000,20.333,25,21,220,220,60850,61103,61153,,303,,50,,,,,,50
5551,84,503,5,1,0,0x15,14,36,11,31,20.333,36.000,15.667,21,16,220,220,60850,61153,61203,,353,,50,,,,,,50
5552,84,503,5,1,0,0x15,13,29,10,28,17.333,29.000,11.667,16,12,220,220,60850,61203,61253,,403,,50,,,,,,50
5553,84,503,5,1,0,0x15,13,22,10,26,15.000,22.000,7.000,12,7,220,220,60850,61253,61303,,453,,50,,,,,,50
5554,84,503,5,1,0,0x15,13,15,9,23,12.333,15.000,2.667,7,3,220,220,60850,61303,61353,,503,,50,,,,,,50
5555,84,503,5,1,1,0x35,16,8,9,21,11.000,8.000,-3.000,3,-3,220,220,60850,61353,61403,0,553,4686,50,4183,61403,575,575,575,50
5556,84,503,5,1,0,0x15,12,1,9,18,7.333,1.000,-6.333,-3,-6,220,220,60850,61403,61453,,603,,50,,,,,,50
5557,84,503,5,1,0,0x15,11,0,8,16,6.333,0.000,-6.333,-6,-6,220,220,60850,61453,61503,,653,,50,,,,,,50
5558,84,503,5,1,0,0x15,10,0,8,13,6.000,0.000,-6.000,-6,-6,220,220,60850,61503,61553,,703,,50,,,,,,50
5559,84,503,5,1,0,0x15,10,0,8,10,6.000,0.000,-6.000,-6,-6,220,220,60850,61553,61603,,753,,50,,,,,,50
5560,84,503,5,1,0,0x15,10,0,7,8,5.667,0.000,-5.667,-6,-5,220,220,60850,61603,61653,,803,,50,,,,,,50
5561,84,503,5,1,0,0x15,9,0,7,5,5.333,0.000,-5.333,-5,-5,220,220,60850,61653,61703,,853,,50,,,,,,50
5562,84,503,5,1,0,0x15,9,0,6,2,5.000,0.000,-5.000,-5,-5,220,220,60850,61703,61753,,903,,50,,,,,,50
5563,84,503,5,1,0,0x15,8,0,6,0,4.667,0.000,-4.667,-5,-4,220,220,60850,61753,61803,,953,,50,,,,,,50
5564,84,503,5,1,0,0x15,8,0,5,0,4.333,0.000,-4.333,-4,-4,220,220,60850,61803,61853,,1003,,50,,,,,,50
5565,84,503,5,1,0,0x15,7,0,4,0,3.667,0.000,-3.667,-4,-3,220,220,60850,61853,61903,,1053,,50,,,,,,50
5566,84,503,5,1,0,0x15,7,0,4,0,3.667,0.000,-3.667,-3,-3,220,220,60850,61903,61953,,1103,,50,,,,,,50
5567,84,504,6,1,0,0x16,0,7,8,0,5.000,0.000,-5.000,-3,-5,220,220,62000,61953,62053,,53,,100,,,,,,50
5568,84,504,6,1,0,0x16,95,15,14,52,41.333,95.000,53.667,49,54,220,220,62000,63053,63103,,1103,,50,,,,,,50
5569,85,505,1,1,0,0x11,15,10,80,46,35.000,80.000,45.000,54,45,220,220,63150,63103,63203,,53,,100,,,,,,50
5570,85,505,1,1,0,0x11,18,13,74,47,35.000,74.000,39.000,45,39,220,220,63150,63203,63253,,103,,50,,,,,,50
5571,85,505,1,1,0,0x11,17,14,67,44,32.667,67.000,34.333,39,35,220,220,63150,63253,63303,,153,,50,,,,,,50
5572,85,505,1,1,0,0x11,16,13,58,41,29.000,58.000,29.000,35,29,220,220,63150,63303,63353,,203,,50,,,,,,50
5573,85,505,1,1,0,0x11,19,12,51,38,27.333,51.000,23.667,29,24,220,220,63150,63353,63403,,253,,50,,,,,,50
5574,85,505,1,1,0,0x11,15,12,43,35,23.333,43.000,19.667,24,20,220,220,63150,63403,63453,,303,,50,,,,,,50
5575,85,505,1,1,0,0x11,14,12,36,32,20.667,36.000,15.333,20,16,220,220,63150,63453,63503,,353,,50,,,,,,50
5576,85,505,1,1,0,0x11,13,11,29,30,17.667,29.000,11.333,16,12,220,220,63150,63503,63553,,403,,50,,,,,,50
5577,85,505,1,1,0,0x11,14,11,22,27,15.667,22.000,6.333,12,7,220,220,63150,63553,63603,,453,,50,,,,,,50
5578,85,505,1,1,0,0x11,12,10,16,24,12.667,16.000,3.333,7,4,220,220,63150,63603,63653,,503,,50,,,,,,50
5579,85,505,1,1,1,0x31,13,10,9,22,10.667,9.000,-1.667,4,-1,220,220,63150,63653,63703,0,553,2386,50,1883,63703,575,575,575,50
5580,85,505,1,1,0,0x11,12,10,2,19,8.000,2.000,-6.000,-1,-6,220,220,63150,63703,63753,,603,,50,,,,,,50
5581,85,505,1,1,0,0x11,12,10,0,16,7.333,0.000,-7.333,-6,-7,220,220,63150,63753,63803,,653,,50,,,,,,50
5582,85,505,1,1,0,0x11,12,9,0,14,7.000,0.000,-7.000,-7,-7,220,220,63150,63803,63853,,703,,50,,,,,,50
5583,85,505,1,1,0,0x11,11,9,0,11,6.667,0.000,-6.667,-7,-6,220,220,63150,63853,63903,,753,,50,,,,,,50
5584,85,505,1,1,0,0x11,11,8,0,9,6.333,0.000,-6.333,-6,-6,220,220,63150,63903,63953,,803,,50,,,,,,50
5585,85,505,1,1,0,0x11,10,8,0,6,6.000,0.000,-6.000,-6,-6,220,220,63150,63953,64003,,853,,50,,,,,,50
5586,85,505,1,1,0,0x11,10,7,0,3,5.667,0.000,-5.667,-6,-5,220,220,63150,64003,64053,,903,,50,,,,,,50
5587,85,505,1,1,0,0x11,9,7,0,0,5.333,0.000,-5.333,-5,-5,220,220,63150,64053,64103,,953,,50,,,,,,50
5588,85,506,2,1,0,0x12,15,58,11,39,28.000,58.000,30.000,26,30,220,220,64300,65153,65203,,903,,50,,,,,,50
5589,85,506,2,1,0,0x12,16,66,12,42,31.333,66.000,34.667,30,35,220,220,64300,65203,65253,,953,,50,,,,,,50
5590,85,506,2,1,0,0x12,16,73,12,45,33.667,73.000,39.333,35,40,220,220,64300,65253,65303,,1003,,50,,,,,,50
5591,85,506,2,1,0,0x12,16,81,13,48,36.667,81.000,44.333,40,45,220,220,64300,65303,65353,,1053,,50,,,,,,50
5592,85,506,2,1,0,0x12,21,88,13,51,40.667,88.000,47.333,45,48,220,220,64300,65353,65403,,1103,,50,,,,,,50
5593,85,506,2,1,0,0x12,17,96,14,53,42.333,96.000,53.667,48,54,220,220,64300,65403,65453,,1153,,50,,,,,,50
5594,85,506,2,1,0,0x12,17,104,14,56,45.000,104.000,59.000,54,59,220,220,64300,65453,65503,,1203,,50,,,,,,50
5595,85,507,3,1,0,0x13,75,15,13,45,34.333,75.000,40.667,59,41,220,220,65525,65503,67,,78,,100,,,,,,50
5596,85,507,3,1,0,0x13,68,14,12,42,31.333,68.000,36.667,41,37,220,220,65525,67,117,,128,,50,,,,,,50
5597,85,507,3,1,0,0x13,61,13,12,39,28.667,61.000,32.333,37,33,220,220,65525,117,167,,178,,50,,,,,,50
5598,85,507,3,1,0,0x13,52,13,11,36,25.333,52.000,26.667,33,27,220,220,65525,167,217,,228,,50,,,,,,50
5599,85,507,3,1,0,0x13,45,12,11,34,22.667,45.000,22.333,27,23,220,220,65525,217,267,,278,,50,,,,,,50
5600,85,507,3,1,0,0x13,38,12,10,31,20.000,38.000,18.000,23,18,220,220,65525,267,317,,328,,50,,,,,,50
5601,85,507,3,1,0,0x13,30,12,10,28,17.333,30.000,12.667,18,13,220,220,65525,317,367,,378,,50,,,,,,50
5602,85,507,3,1,0,0x13,23,11,9,25,14.333,23.000,8.667,13,9,220,220,65525,367,417,,428,,50,,,,,,50
5603,85,507,3,1,0,0x13,16,11,9,22,12.000,16.000,4.000,9,4,220,220,65525,417,467,,478,,50,,,,,,50
5604,85,507,3,1,0,0x13,9,10,9,20,9.333,9.000,-0.333,4,0,220,220,65525,467,517,,528,,50,,,,,,50
5605,85,507,3,1,1,0x33,1,10,8,17,6.333,1.000,-5.333,0,-5,220,220,65525,517,567,0,578,11,50,65019,567,600,600,600,50
5606,85,507,3,1,0,0x13,0,9,8,15,5.667,0.000,-5.667,-5,-5,220,220,65525,567,617,,628,,50,,,,,,50
5607,85,507,3,1,0,0x13,0,9,7,12,5.333,0.000,-5.333,-5,-5,220,220,65525,617,667,,678,,50,,,,,,50
5608,85,508,4,1,0,0x14,13,11,28,28,17.333,28.000,10.667,6,11,220,220,1189,1717,1767,,578,,50,,,,,,50
5609,85,508,4,1,0,0x14,14,12,34,31,20.000,34.000,14.000,11,14,220,220,1189,1767,1817,,628,,50,,,,,,50
5610,85,508,4,1,0,0x14,12,12,42,34,22.000,42.000,20.000,14,20,220,220,1189,1817,1867,,678,,50,,,,,,50
5611,85,508,4,1,0,0x14,19,13,49,37,27.000,49.000,22.000,20,22,220,220,1189,1867,1917,,728,,50,,,,,,50
5612,85,508,4,1,0,0x14,15,13,56,40,28.000,56.000,28.000,22,28,220,220,1189,1917,1967,,778,,50,,,,,,50
5613,85,508,4,1,0,0x14,15,13,64,42,30.667,64.000,33.333,28,34,220,220,1189,1967,2017,,828,,50,,,,,,50
5614,85,508,4,1,0,0x14,16,14,71,45,33.667,71.000,37.333,34,38,220,220,1189,2017,2067,,878,,50,,,,,,50
5615,85,508,4,1,0,0x14,16,14,78,47,36.000,78.000,42.000,38,42,220,220,1189,2067,2117,,928,,50,,,,,,50
5616,85,508,4,1,0,0x14,17,14,86,50,39.000,86.000,47.000,42,47,220,220,1189,2117,2167,,978,,50,,,,,,50
5617,85,508,4,1,0,0x14,17,15,93,53,41.667,93.000,51.333,47,52,220,220,1189,2167,2217,,1028,,50,,,,,,50
5618,85,509,5,1,0,0x15,17,83,14,49,38.000,83.000,45.000,52,45,220,220,2239,2217,2317,,78,,100,,,,,,50
5619,85,509,5,1,0,0x15,16,76,13,46,35.000,76.000,41.000,45,41,220,220,2239,2317,2367,,128,,50,,,,,,50
5620,85,509,5,1,0,0x15,16,68,12,43,32.000,68.000,36.000,41,36,220,220,2239,2367,2417,,178,,50,,,,,,50
5621,85,509,5,1,0,0x15,15,61,12,40,29.333,61.000,31.667,36,32,220,220,2239,2417,2467,,228,,50,,,,,,50
5622,85,509,5,1,0,0x15,15,53,12,38,26.667,53.000,26.333,32,27,220,220,2239,2467,2517,,278,,50,,,,,,50
5623,85,509,5,1,0,0x15,14,46,11,35,23.667,46.000,22.333,27,23,220,220,2239,2517,2567,,328,,50,,,,,,50
5624,85,509,5,1,0,0x15,14,39,11,32,21.333,39.000,17.667,23,18,220,220,2239,2567,2617,,378,,50,,,,,,50
5625,85,509,5,1,0,0x15,14,31,11,29,18.667,31.000,12.333,18,13,220,220,2239,2617,2667,,428,,50,,,,,,50
5626,85,509,5,1,0,0x15,13,24,10,27,15.667,24.000,8.333,13,9,220,220,2239,2667,2717,,478,,50,,,,,,50
5627,85,509,5,1,0,0x15,12,17,10,24,13.000,17.000,4.000,9,4,220,220,2239,2717,2767,,528,,50,,,,,,50
5628,85,510,6,1,0,0x16,0,9,9,16,6.000,0.000,-6.000,-5,-6,220,220,3489,3817,3867,,378,,50,,,,,,50
5629,85,510,6,1,1,0x36,10,10,8,20,9.333,10.000,0.667,-6,1,220,220,3489,3867,3917,0,428,62047,50,61669,3917,525,550,550,50
5630,85,510,6,1,0,0x16,12,10,9,22,10.333,12.000,1.667,1,2,220,220,3489,3917,3967,,478,,50,,,,,,50
5631,85,510,6,1,0,0x16,19,10,10,25,13.000,19.000,6.000,2,6,220,220,3489,3967,4017,,528,,50,,,,,,50
5632,85,510,6,1,0,0x16,26,11,10,27,15.667,26.000,10.333,6,11,220,220,3489,4017,4067,,578,,50,,,,,,50
5633,85,510,6,1,0,0x16,34,11,10,30,18.333,34.000,15.667,11,16,220,220,3489,4067,4117,,628,,50,,,,,,50
5634,85,510,6,1,0,0x16,41,12,11,33,21.333,41.000,19.667,16,20,220,220,3489,4117,4167,,678,,50,,,,,,50
5635,85,510,6,1,0,0x16,48,13,11,35,24.000,48.000,24.000,20,24,220,220,3489,4167,4217,,728,,50,,,,,,50
5636,85,510,6,1,0,0x16,55,13,11,38,26.333,55.000,28.667,24,29,220,220,3489,4217,4267,,778,,50,,,,,,50
5637,85,510,6,1,0,0x16,63,13,12,40,29.333,63.000,33.667,29,34,220,220,3489,4267,4317,,828,,50,,,,,,50
5638,85,510,6,1,0,0x16,70,13,12,43,31.667,70.000,38.333,34,39,220,220,3489,4317,4367,,878,,50,,,,,,50
5639,85,510,6,1,0,0x16,77,14,12,46,34.333,77.000,42.667,39,43,220,220,3489,4367,4417,,928,,50,,,,,,50
5640,85,510,6,1,0,0x16,84,14,13,48,37.000,84.000,47.000,43,47,220,220,3489,4417,4467,,978,,50,,,,,,50
5641,86,511,1,1,0,0x11,18,15,88,52,40.333,88.000,47.667,47,48,220,220,4490,4467,4567,,77,,100,,,,,,50
5642,86,511,1,1,0,0x11,16,14,81,49,37.000,81.000,44.000,48,44,220,220,4490,4567,4617,,127,,50,,,,,,50
5643,86,511,1,1,0,0x11,16,14,73,46,34.333,73.000,38.667,44,39,220,220,4490,4617,4667,,177,,50,,,,,,50
5644,86,511,1,1,0,0x11,16,14,66,43,32.000,66.000,34.000,39,34,220,220,4490,4667,4717,,227,,50,,,,,,50
5645,86,511,1,1,0,0x11,15,13,58,40,28.667,58.000,29.333,34,30,220,220,4490,4717,4767,,277,,50,,,,,,50
5646,86,511,1,1,0,0x11,15,13,51,37,26.333,51.000,24.667,30,25,220,220,4490,4767,4817,,327,,50,,,,,,50
5647,86,511,1,1,0,0x11,19,12,43,35,24.667,43.000,18.333,25,19,220,220,4490,4817,4867,,377,,50,,,,,,50
5648,86,512,2,1,0,0x12,10,0,6,5,5.333,0.000,-5.333,-5,-5,220,220,5739,5917,5967,,228,,50,,,,,,50
5649,86,512,2,1,0,0x12,10,0,6,7,5.333,0.000,-5.333,-5,-5,220,220,5739,5967,6017,,278,,50,,,,,,50
5650,86,512,2,1,0,0x12,11,0,7,10,6.000,0.000,-6.000,-5,-6,220,220,5739,6017,6067,,328,,50,,,,,,50
5651,86,512,2,1,0,0x12,11,0,7,13,6.000,0.000,-6.000,-6,-6,220,220,5739,6067,6117,,378,,50,,,,,,50
5652,86,512,2,1,0,0x12,11,0,8,16,6.333,0.000,-6.333,-6,-6,220,220,5739,6117,6167,,428,,50,,,,,,50
5653,86,512,2,1,0,0x12,12,3,8,19,7.667,3.000,-4.667,-6,-4,220,220,5739,6167,6217,,478,,50,,,,,,50
5654,86,512,2,1,0,0x12,13,8,9,21,10.000,8.000,-2.000,-4,-2,220,220,5739,6217,6267,,528,,50,,,,,,50
5655,86,512,2,1,1,0x32,13,16,9,23,12.667,16.000,3.333,-2,4,220,220,5739,6267,6317,0,578,59797,50,59269,6317,600,600,600,50
5656,86,512,2,1,0,0x12,14,23,9,26,15.333,23.000,7.667,4,8,220,220,5739,6317,6367,,628,,50,,,,,,50
5657,86,512,2,1,0,0x12,14,30,10,29,18.000,30.000,12.000,8,12,220,220,5739,6367,6417,,678,,50,,,,,,50
5658,86,512,2,1,0,0x12,14,37,10,31,20.333,37.000,16.667,12,17,220,220,5739,6417,6467,,728,,50,,,,,,50
5659,86,512,2,1,0,0x12,15,44,11,34,23.333,44.000,20.667,17,21,220,220,5739,6467,6517,,778,,50,,,,,,50
5660,86,512,2,1,0,0x12,15,52,11,38,26.000,52.000,26.000,21,26,220,220,5739,6517,6567,,828,,50,,,,,,50
5661,86,512,2,1,0,0x12,16,59,12,40,29.000,59.000,30.000,26,30,220,220,5739,6567,6617,,878,,50,,,,,,50
5662,86,512,2,1,0,0x12,16,68,12,43,32.000,68.000,36.000,30,36,220,220,5739,6617,6667,,928,,50,,,,,,50
5663,86,512,2,1,0,0x12,16,75,13,45,34.667,75.000,40.333,36,41,220,220,5739,6667,6717,,978,,50,,,,,,50
5664,86,512,2,1,0,0x12,17,83,13,48,37.667,83.000,45.333,41,46,220,220,5739,6717,6767,,1028,,50,,,,,,50
5665,86,512,2,1,0,0x12,17,90,13,51,40.000,90.000,50.000,46,50,220,220,5739,6767,6817,,1078,,50,,,,,,50
5666,86,512,2,1,0,0x12,21,98,14,55,44.333,98.000,53.667,50,54,220,220,5739,6817,6867,,1128,,50,,,,,,50
5667,86,512,2,1,0,0x12,17,106,14,57,45.667,106.000,60.333,54,61,220,220,5739,6867,6917,,1178,,50,,,,,,50
5668,86,513,3,1,0,0x13,0,5,4,0,3.000,0.000,-3.000,-3,-3,220,220,6939,7967,8017,,1078,,50,,,,,,50
5669,86,514,4,1,0,0x14,11,10,0,0,7.000,0.000,-7.000,-3,-7,220,220,8064,8017,8117,,53,,100,,,,,,50
5670,86,514,4,1,0,0x14,8,8,0,0,5.333,0.000,-5.333,-7,-5,220,220,8064,8117,8167,,103,,50,,,,,,50
5671,86,514,4,1,0,0x14,9,8,0,2,5.667,0.000,-5.667,-5,-5,220,220,8064,8167,8217,,153,,50,,,,,,50
5672,86,514,4,1,0,0x14,9,8,0,4,5.667,0.000,-5.667,-5,-5,220,220,8064,8217,8267,,203,,50,,,,,,50
5673,86,514,4,1,0,0x14,10,8,0,7,6.000,0.000,-6.000,-5,-6,220,220,8064,8267,8317,,253,,50,,,,,,50
5674,86,514,4,1,0,0x14,10,9,0,10,6.333,0.000,-6.333,-6,-6,220,220,8064,8317,8367,,303,,50,,,,,,50
5675,86,514,4,1,0,0x14,10,9,0,13,6.333,0.000,-6.333,-6,-6,220,220,8064,8367,8417,,353,,50,,,,,,50
5676,86,514,4,1,0,0x14,11,9,0,15,6.667,0.000,-6.667,-6,-6,220,220,8064,8417,8467,,403,,50,,,,,,50
5677,86,514,4,1,0,0x14,11,10,1,18,7.333,1.000,-6.333,-6,-6,220,220,8064,8467,8517,,453,,50,,,,,,50
5678,86,514,4,1,0,0x14,12,10,7,20,9.667,7.000,-2.667,-6,-2,220,220,8064,8517,8567,,503,,50,,,,,,50
5679,86,514,4,1,1,0x34,12,10,14,24,12.000,14.000,2.000,-2,2,220,220,8064,8567,8617,0,553,57472,50,56969,8617,575,575,575,50
5680,86,514,4,1,0,0x14,13,11,21,26,15.000,21.000,6.000,2,6,220,220,8064,8617,8667,,603,,50,,,,,,50
5681,86,514,4,1,0,0x14,13,12,28,28,17.667,28.000,10.333,6,11,220,220,8064,8667,8717,,653,,50,,,,,,50
5682,86,514,4,1,0,0x14,14,12,35,32,20.333,35.000,14.667,11,15,220,220,8064,8717,8767,,703,,50,,,,,,50
5683,86,514,4,1,0,0x14,14,12,42,34,22.667,42.000,19.333,15,20,220,220,8064,8767,8817,,753,,50,,,,,,50
5684,86,514,4,1,0,0x14,19,13,51,38,27.667,51.000,23.333,20,24,220,220,8064,8817,8867,,803,,50,,,,,,50
5685,86,514,4,1,0,0x14,15,13,58,40,28.667,58.000,29.333,24,30,220,220,8064,8867,8917,,853,,50,,,,,,50
5686,86,514,4,1,0,0x14,15,13,66,42,31.333,66.000,34.667,30,35,220,220,8064,8917,8967,,903,,50,,,,,,50
5687,86,514,4,1,0,0x14,16,14,74,46,34.667,74.000,39.333,35,40,220,220,8064,8967,9017,,953,,50,,,,,,50
5688,86,515,5,1,0,0x15,9,0,6,1,5.000,0.000,-5.000,-5,-5,220,220,9214,10067,10117,,903,,50,,,,,,50
5689,86,515,5,1,0,0x15,8,0,5,0,4.333,0.000,-4.333,-5,-4,220,220,9214,10117,10167,,953,,50,,,,,,50
5690,86,515,5,1,0,0x15,8,0,5,0,4.333,0.000,-4.333,-4,-4,220,220,9214,10167,10217,,1003,,50,,,,,,50
5691,86,515,5,1,0,0x15,7,0,4,0,3.667,0.000,-3.667,-4,-3,220,220,9214,10217,10267,,1053,,50,,,,,,50
5692,86,515,5,1,0,0x15,7,0,4,0,3.667,0.000,-3.667,-3,-3,220,220,9214,10267,10317,,1103,,50,,,,,,50
5693,86,516,6,1,0,0x16,0,8,8,0,5.333,0.000,-5.333,-3,-5,220,220,10364,10317,10417,,53,,100,,,,,,50
5694,86,516,6,1,0,0x16,0,5,6,0,3.667,0.000,-3.667,-5,-3,220,220,10364,10417,10467,,103,,50,,,,,,50
5695,86,516,6,1,0,0x16,0,6,6,0,4.000,0.000,-4.000,-3,-4,220,220,10364,10467,10517,,153,,50,,,,,,50
5696,86,516,6,1,0,0x16,0,7,6,3,4.333,0.000,-4.333,-4,-4,220,220,10364,10517,10567,,203,,50,,,,,,50
5697,86,516,6,1,0,0x16,0,7,7,5,4.667,0.000,-4.667,-4,-4,220,220,10364,10567,10617,,253,,50,,,,,,50
5698,86,516,6,1,0,0x16,0,8,7,8,5.000,0.000,-5.000,-4,-5,220,220,10364,10617,10667,,303,,50,,,,,,50
5699,86,516,6,1,0,0x16,0,9,8,11,5.667,0.000,-5.667,-5,-5,220,220,10364,10667,10717,,353,,50,,,,,,50
5700,86,516,6,1,0,0x16,0,9,8,14,5.667,0.000,-5.667,-5,-5,220,220,10364,10717,10767,,403,,50,,,,,,50
5701,86,516,6,1,0,0x16,0,9,8,17,5.667,0.000,-5.667,-5,-5,220,220,10364,10767,10817,,453,,50,,,,,,50
5702,86,516,6,1,1,0x36,11,10,9,20,10.000,11.000,1.000,-5,1,220,220,10364,10817,10867,0,503,55172,50,54719,10867,550,550,550,50
5703,86,516,6,1,0,0x16,14,10,9,22,11.000,14.000,3.000,1,3,220,220,10364,10867,10917,,553,,50,,,,,,50
5704,86,516,6,1,0,0x16,21,10,9,25,13.333,21.000,7.667,3,8,220,220,10364,10917,10967,,603,,50,,,,,,50
5705,86,516,6,1,0,0x16,28,11,10,27,16.333,28.000,11.667,8,12,220,220,10364,10967,11017,,653,,50,,,,,,50
5706,86,516,6,1,0,0x16,35,11,11,30,19.000,35.000,16.000,12,16,220,220,10364,11017,11067,,703,,50,,,,,,50
5707,86,516,6,1,0,0x16,43,12,11,33,22.000,43.000,21.000,16,21,220,220,10364,11067,11117,,753,,50,,,,,,50
5708,87,517,1,1,0,0x11,11,9,0,12,6.667,0.000,-6.667,-7,-6,220,220,11439,12167,12217,,778,,50,,,,,,50
5709,87,517,1,1,0,0x11,11,8,0,10,6.333,0.000,-6.333,-6,-6,220,220,11439,12217,12267,,828,,50,,,,,,50
5710,87,517,1,1,0,0x11,10,8,0,7,6.000,0.000,-6.000,-6,-6,220,220,11439,12267,12317,,878,,50,,,,,,50
5711,87,517,1,1,0,0x11,10,7,0,4,5.667,0.000,-5.667,-6,-5,220,220,11439,12317,12367,,928,,50,,,,,,50
5712,87,517,1,1,0,0x11,9,7,0,2,5.333,0.000,-5.333,-5,-5,220,220,11439,12367,12417,,978,,50,,,,,,50
5713,87,517,1,1,0,0x11,9,7,0,0,5.333,0.000,-5.333,-5,-5,220,220,11439,12417,12467,,1028,,50,,,,,,50
5714,87,517,1,1,0,0x11,8,6,0,0,4.667,0.000,-4.667,-5,-4,220,220,11439,12467,12517,,1078,,50,,,,,,50
5715,87,517,1,1,0,0x11,8,6,0,0,4.667,0.000,-4.667,-4,-4,220,220,11439,12517,12567,,1128,,50,,,,,,50
5716,87,517,1,1,0,0x11,7,5,0,0,4.000,0.000,-4.000,-4,-4,220,220,11439,12567,12617,,1178,,50,,,,,,50
5717,87,517,1,1,0,0x11,6,5,0,0,3.667,0.000,-3.667,-4,-3,220,220,11439,12617,12667,,1228,,50,,,,,,50
5718,87,518,2,1,0,0x12,9,0,5,0,4.667,0.000,-4.667,-3,-4,220,220,12689,12667,12767,,78,,100,,,,,,50
5719,87,518,2,1,0,0x12,9,0,5,0,4.667,0.000,-4.667,-4,-4,220,220,12689,12767,12817,,128,,50,,,,,,50
5720,87,518,2,1,0,0x12,14,0,6,4,6.667,0.000,-6.667,-4,-6,220,220,12689,12817,12867,,178,,50,,,,,,50
5721,87,518,2,1,0,0x12,10,0,6,6,5.333,0.000,-5.333,-6,-5,220,220,12689,12867,12917,,228,,50,,,,,,50
5722,87,518,2,1,0,0x12,11,0,7,9,6.000,0.000,-6.000,-5,-6,220,220,12689,12917,12967,,278,,50,,,,,,50
5723,87,518,2,1,0,0x12,11,0,7,12,6.000,0.000,-6.000,-6,-6,220,220,12689,12967,13017,,328,,50,,,,,,50
5724,87,518,2,1,0,0x12,11,0,8,14,6.333,0.000,-6.333,-6,-6,220,220,12689,13017,13067,,378,,50,,,,,,50
5725,87,518,2,1,0,0x12,12,0,8,17,6.667,0.000,-6.667,-6,-6,220,220,12689,13067,13117,,428,,50,,,,,,50
5726,87,518,2,1,0,0x12,12,7,9,20,9.333,7.000,-2.333,-6,-2,220,220,12689,13117,13167,,478,,50,,,,,,50
5727,87,518,2,1,1,0x32,13,13,9,23,11.667,13.000,1.333,-2,2,220,220,12689,13167,13217,0,528,52847,50,52369,13217,575,575,575,50
5728,87,519,3,1,0,0x13,18,11,9,24,12.667,18.000,5.333,10,6,220,220,13814,14267,14317,,503,,50,,,,,,50
5729,87,519,3,1,0,0x13,12,11,9,21,10.667,12.000,1.333,6,2,220,220,13814,14317,14367,,553,,50,,,,,,50
5730,87,519,3,1,1,0x33,5,10,9,19,8.000,5.000,-3.000,2,-3,220,220,13814,14367,14417,0,603,51722,50,51169,14417,600,600,600,50
5731,87,519,3,1,0,0x13,0,10,8,16,6.000,0.000,-6.000,-3,-6,220,220,13814,14417,14467,,653,,50,,,,,,50
5732,87,519,3,1,0,0x13,0,9,8,13,5.667,0.000,-5.667,-6,-5,220,220,13814,14467,14517,,703,,50,,,,,,50
5733,87,519,3,1,0,0x13,0,9,7,11,5.333,0.000,-5.333,-5,-5,220,220,13814,14517,14567,,753,,50,,,,,,50
5734,87,519,3,1,0,0x13,0,8,7,8,5.000,0.000,-5.000,-5,-5,220,220,13814,14567,14617,,803,,50,,,,,,50
5735,87,519,3,1,0,0x13,0,8,6,5,4.667,0.000,-4.667,-5,-4,220,220,13814,14617,14667,,853,,50,,,,,,50
5736,87,519,3,1,0,0x13,0,7,6,2,4.333,0.000,-4.333,-4,-4,220,220,13814,14667,14717,,903,,50,,,,,,50
5737,87,519,3,1,0,0x13,0,7,5,0,4.000,0.000,-4.000,-4,-4,220,220,13814,14717,14767,,953,,50,,,,,,50
5738,87,519,3,1,0,0x13,0,7,6,0,4.333,0.000,-4.333,-4,-4,220,220,13814,14767,14817,,1003,,50,,,,,,50
5739,87,519,3,1,0,0x13,0,6,5,0,3.667,0.000,-3.667,-4,-3,220,220,13814,14817,14867,,1053,,50,,,,,,50
5740,87,519,3,1,0,0x13,0,5,4,0,3.000,0.000,-3.000,-3,-3,220,220,13814,14867,14917,,1103,,50,,,,,,50
5741,87,519,3,1,0,0x13,0,5,4,0,3.000,0.000,-3.000,-3,-3,220,220,13814,14917,14967,,1153,,50,,,,,,50
5742,87,519,3,1,0,0x13,0,4,3,0,2.333,0.000,-2.333,-3,-2,220,220,13814,14967,15017,,1203,,50,,,,,,50
5743,87,520,4,1,0,0x14,9,7,0,0,5.333,0.000,-5.333,-2,-5,220,220,15039,15017,15117,,78,,100,,,,,,50
5744,87,520,4,1,0,0x14,9,8,0,2,5.667,0.000,-5.667,-5,-5,220,220,15039,15117,15167,,128,,50,,,,,,50
5745,87,520,4,1,0,0x14,9,8,0,5,5.667,0.000,-5.667,-5,-5,220,220,15039,15167,15217,,178,,50,,,,,,50
5746,87,520,4,1,0,0x14,10,8,0,8,6.000,0.000,-6.000,-5,-6,220,220,15039,15217,15267,,228,,50,,,,,,50
5747,87,520,4,1,0,0x14,10,9,0,11,6.333,0.000,-6.333,-6,-6,220,220,15039,15267,15317,,278,,50,,,,,,50
5748,87,521,5,1,0,0x15,14,45,11,35,23.333,45.000,21.667,27,22,220,220,16164,16367,16417,,253,,50,,,,,,50
5749,87,521,5,1,0,0x15,14,38,11,32,21.000,38.000,17.000,22,17,220,220,16164,16417,16467,,303,,50,,,,,,50
5750,87,521,5,1,0,0x15,14,31,10,29,18.333,31.000,12.667,17,13,220,220,16164,16467,16517,,353,,50,,,,,,50
5751,87,521,5,1,0,0x15,13,24,10,27,15.667,24.000,8.333,13,9,220,220,16164,16517,16567,,403,,50,,,,,,50
5752,87,521,5,1,0,0x15,12,17,10,24,13.000,17.000,4.000,9,4,220,220,16164,16567,16617,,453,,50,,,,,,50
5753,87,521,5,1,0,0x15,12,10,9,22,10.333,10.000,-0.333,4,0,220,220,16164,16617,16667,,503,,50,,,,,,50
5754,87,521,5,1,1,0x35,12,4,9,19,8.333,4.000,-4.333,0,-4,220,220,16164,16667,16717,0,553,49372,50,48869,16717,575,575,575,50
5755,87,521,5,1,0,0x15,11,0,8,17,6.333,0.000,-6.333,-4,-6,220,220,16164,16717,16767,,603,,50,,,,,,50
5756,87,521,5,1,0,0x15,11,0,8,14,6.333,0.000,-6.333,-6,-6,220,220,16164,16767,16817,,653,,50,,,,,,50
5757,87,521,5,1,0,0x15,15,0,8,11,7.667,0.000,-7.667,-6,-7,220,220,16164,16817,16867,,703,,50,,,,,,50
5758,87,521,5,1,0,0x15,10,0,8,8,6.000,0.000,-6.000,-7,-6,220,220,16164,16867,16917,,753,,50,,,,,,50
5759,87,521,5,1,0,0x15,10,0,7,5,5.667,0.000,-5.667,-6,-5,220,220,16164,16917,16967,,803,,50,,,,,,50
5760,87,521,5,1,0,0x15,9,0,6,2,5.000,0.000,-5.000,-5,-5,220,220,16164,16967,17017,,853,,50,,,,,,50
5761,87,521,5,1,0,0x15,9,0,6,0,5.000,0.000,-5.000,-5,-5,220,220,16164,17017,17067,,903,,50,,,,,,50
5762,87,521,5,1,0,0x15,8,0,5,0,4.333,0.000,-4.333,-5,-4,220,220,16164,17067,17117,,953,,50,,,,,,50
5763,87,521,5,1,0,0x15,7,0,4,0,3.667,0.000,-3.667,-4,-3,220,220,16164,17117,17167,,1003,,50,,,,,,50
5764,87,521,5,1,0,0x15,7,0,4,0,3.667,0.000,-3.667,-3,-3,220,220,16164,17167,17217,,1053,,50,,,,,,50
5765,87,521,5,1,0,0x15,7,0,3,0,3.333,0.000,-3.333,-3,-3,220,220,16164,17217,17267,,1103,,50,,,,,,50
5766,87,522,6,1,0,0x16,0,8,8,0,5.333,0.000,-5.333,-3,-5,220,220,17314,17267,17367,,53,,100,,,,,,50
5767,87,522,6,1,0,0x16,0,6,6,0,4.000,0.000,-4.000,-5,-4,220,220,17314,17367,17417,,103,,50,,,,,,50
5768,88,523,1,1,0,0x11,16,15,78,48,36.333,78.000,41.667,46,42,220,220,18389,18467,18517,,128,,50,,,,,,50
5769,88,523,1,1,0,0x11,16,14,70,45,33.333,70.000,36.667,42,37,220,220,18389,18517,18567,,178,,50,,,,,,50
5770,88,523,1,1,0,0x11,16,13,63,42,30.667,63.000,32.333,37,33,220,220,18389,18567,18617,,228,,50,,,,,,50
5771,88,523,1,1,0,0x11,15,13,55,39,27.667,55.000,27.333,33,28,220,220,18389,18617,18667,,278,,50,,,,,,50
5772,88,523,1,1,0,0x11,15,13,47,36,25.000,47.000,22.000,28,22,220,220,18389,18667,18717,,328,,50,,,,,,50
5773,88,523,1,1,0,0x11,15,12,40,33,22.333,40.000,17.667,22,18,220,220,18389,18717,18767,,378,,50,,,,,,50
5774,88,523,1,1,0,0x11,15,11,33,30,19.667,33.000,13.333,18,14,220,220,18389,18767,18817,,428,,50,,,,,,50
5775,88,523,1,1,0,0x11,18,11,25,28,18.000,25.000,7.000,14,7,220,220,18389,18817,18867,,478,,50,,,,,,50
5776,88,523,1,1,0,0x11,13,11,18,25,14.000,18.000,4.000,7,4,220,220,18389,18867,18917,,528,,50,,,,,,50
5777,88,523,1,1,0,0x11,13,10,11,23,11.333,11.000,-0.333,4,0,220,220,18389,18917,18967,,578,,50,,,,,,50
5778,88,523,1,1,1,0x31,13,10,4,20,9.000,4.000,-5.000,0,-5,220,220,18389,18967,19017,0,628,47147,50,46569,19017,600,600,600,50
5779,88,523,1,1,0,0x11,12,10,0,18,7.333,0.000,-7.333,-5,-7,220,220,18389,19017,19067,,678,,50,,,,,,50
5780,88,523,1,1,0,0x11,12,9,0,15,7.000,0.000,-7.000,-7,-7,220,220,18389,19067,19117,,728,,50,,,,,,50
5781,88,523,1,1,0,0x11,11,9,0,12,6.667,0.000,-6.667,-7,-6,220,220,18389,19117,19167,,778,,50,,,,,,50
5782,88,523,1,1,0,0x11,11,8,0,9,6.333,0.000,-6.333,-6,-6,220,220,18389,19167,19217,,828,,50,,,,,,50
5783,88,523,1,1,0,0x11,10,8,0,6,6.000,0.000,-6.000,-6,-6,220,220,18389,19217,19267,,878,,50,,,,,,50
5784,88,523,1,1,0,0x11,10,7,0,3,5.667,0.000,-5.667,-6,-5,220,220,18389,19267,19317,,928,,50,,,,,,50
5785,88,523,1,1,0,0x11,9,6,0,0,5.000,0.000,-5.000,-5,-5,220,220,18389,19317,19367,,978,,50,,,,,,50
5786,88,523,1,1,0,0x11,9,6,0,0,5.000,0.000,-5.000,-5,-5,220,220,18389,19367,19417,,1028,,50,,,,,,50
5787,88,523,1,1,0,0x11,8,6,0,0,4.667,0.000,-4.667,-5,-4,220,220,18389,19417,19467,,1078,,50,,,,,,50
5788,88,524,2,1,0,0x12,16,74,12,45,34.000,74.000,40.000,35,40,220,220,19639,20517,20567,,928,,50,,,,,,50
5789,88,524,2,1,0,0x12,16,81,13,48,36.667,81.000,44.333,40,45,220,220,19639,20567,20617,,978,,50,,,,,,50
5790,88,524,2,1,0,0x12,17,89,13,51,39.667,89.000,49.333,45,50,220,220,19639,20617,20667,,1028,,50,,,,,,50
5791,88,524,2,1,0,0x12,17,98,14,54,43.000,98.000,55.000,50,55,220,220,19639,20667,20717,,1078,,50,,,,,,50
5792,88,525,3,1,0,0x13,78,14,10,44,34.000,78.000,44.000,55,44,220,220,20764,20717,20817,,53,,100,,,,,,50
5793,88,525,3,1,0,0x13,79,16,12,45,35.667,79.000,43.333,44,44,220,220,20764,20817,20867,,103,,50,,,,,,50
5794,88,525,3,1,0,0x13,67,14,12,42,31.000,67.000,36.000,44,36,220,220,20764,20867,20917,,153,,50,,,,,,50
5795,88,525,3,1,0,0x13,59,13,12,39,28.000,59.000,31.000,36,31,220,220,20764,20917,20967,,203,,50,,,,,,50
5796,88,525,3,1,0,0x13,51,13,11,36,25.000,51.000,26.000,31,26,220,220,20764,20967,21017,,253,,50,,,,,,50
5797,88,525,3,1,0,0x13,43,13,10,33,22.000,43.000,21.000,26,21,220,220,20764,21017,21067,,303,,50,,,,,,50
5798,88,525,3,1,0,0x13,35,12,10,30,19.000,35.000,16.000,21,16,220,220,20764,21067,21117,,353,,50,,,,,,50
5799,88,525,3,1,0,0x13,28,11,10,27,16.333,28.000,11.667,16,12,220,220,20764,21117,21167,,403,,50,,,,,,50
5800,88,525,3,1,0,0x13,20,11,9,25,13.333,20.000,6.667,12,7,220,220,20764,21167,21217,,453,,50,,,,,,50
5801,88,525,3,1,0,0x13,13,11,9,22,11.000,13.000,2.000,7,2,220,220,20764,21217,21267,,503,,50,,,,,,50
5802,88,525,3,1,1,0x33,6,10,9,19,8.333,6.000,-2.333,2,-2,220,220,20764,21267,21317,0,553,44772,50,44269,21317,575,575,575,50
5803,88,525,3,1,0,0x13,0,10,8,16,6.000,0.000,-6.000,-2,-6,220,220,20764,21317,21367,,603,,50,,,,,,50
5804,88,525,3,1,0,0x13,0,9,8,14,5.667,0.000,-5.667,-6,-5,220,220,20764,21367,21417,,653,,50,,,,,,50
5805,88,525,3,1,0,0x13,0,9,7,11,5.333,0.000,-5.333,-5,-5,220,220,20764,21417,21467,,703,,50,,,,,,50
5806,88,525,3,1,0,0x13,0,8,7,8,5.000,0.000,-5.000,-5,-5,220,220,20764,21467,21517,,753,,50,,,,,,50
5807,88,525,3,1,0,0x13,0,8,6,5,4.667,0.000,-4.667,-5,-4,220,220,20764,21517,21567,,803,,50,,,,,,50
5808,88,526,4,1,0,0x14,13,12,40,33,21.667,40.000,18.333,14,19,220,220,21914,22617,22667,,753,,50,,,,,,50
5809,88,526,4,1,0,0x14,14,12,48,36,24.667,48.000,23.333,19,24,220,220,21914,22667,22717,,803,,50,,,,,,50
5810,88,526,4,1,0,0x14,14,13,55,39,27.333,55.000,27.667,24,28,220,220,21914,22717,22767,,853,,50,,,,,,50
5811,88,526,4,1,0,0x14,15,13,63,42,30.333,63.000,32.667,28,33,220,220,21914,22767,22817,,903,,50,,,,,,50
5812,88,526,4,1,0,0x14,20,14,70,45,34.667,70.000,35.333,33,36,220,220,21914,22817,22867,,953,,50,,,,,,50
5813,88,526,4,1,0,0x14,16,14,78,48,36.000,78.000,42.000,36,42,220,220,21914,22867,22917,,1003,,50,,,,,,50
5814,88,526,4,1,0,0x14,16,15,86,50,39.000,86.000,47.000,42,47,220,220,21914,22917,22967,,1053,,50,,,,,,50
5815,88,526,4,1,0,0x14,17,15,93,53,41.667,93.000,51.333,47,52,220,220,21914,22967,23017,,1103,,50,,,,,,50
5816,88,527,5,1,0,0x15,12,84,13,47,36.333,84.000,47.667,52,48,220,220,23064,23017,23117,,53,,100,,,,,,50
5817,88,527,5,1,0,0x15,16,78,14,47,36.000,78.000,42.000,48,42,220,220,23064,23117,23167,,103,,50,,,,,,50
5818,88,527,5,1,0,0x15,16,69,13,44,32.667,69.000,36.333,42,37,220,220,23064,23167,23217,,153,,50,,,,,,50
5819,88,527,5,1,0,0x15,15,61,12,41,29.333,61.000,31.667,37,32,220,220,23064,23217,23267,,203,,50,,,,,,50
5820,88,527,5,1,0,0x15,14,53,12,37,26.333,53.000,26.667,32,27,220,220,23064,23267,23317,,253,,50,,,,,,50
5821,88,527,5,1,0,0x15,14,45,11,34,23.333,45.000,21.667,27,22,220,220,23064,23317,23367,,303,,50,,,,,,50
5822,88,527,5,1,0,0x15,14,37,10,31,20.333,37.000,16.667,22,17,220,220,23064,23367,23417,,353,,50,,,,,,50
5823,88,527,5,1,0,0x15,14,30,11,29,18.333,30.000,11.667,17,12,220,220,23064,23417,23467,,403,,50,,,,,,50
5824,88,527,5,1,0,0x15,13,22,10,26,15.000,22.000,7.000,12,7,220,220,23064,23467,23517,,453,,50,,,,,,50
5825,88,527,5,1,0,0x15,12,15,10,23,12.333,15.000,2.667,7,3,220,220,23064,23517,23567,,503,,50,,,,,,50
5826,88,527,5,1,1,0x35,12,8,9,21,9.667,8.000,-1.667,3,-1,220,220,23064,23567,23617,0,553,42472,50,41969,23617,575,575,575,50
5827,88,527,5,1,0,0x15,11,0,9,18,6.667,0.000,-6.667,-1,-6,220,220,23064,23617,23667,,603,,50,,,,,,50
5828,88,528,6,1,1,0x36,14,10,9,23,11.000,14.000,3.000,-1,3,220,220,24214,24717,24767,0,553,41322,50,40819,24767,575,575,575,50
5829,88,528,6,1,0,0x16,21,11,10,25,14.000,21.000,7.000,3,7,220,220,24214,24767,24817,,603,,50,,,,,,50
5830,88,528,6,1,0,0x16,28,12,10,28,16.667,28.000,11.333,7,12,220,220,24214,24817,24867,,653,,50,,,,,,50
5831,88,528,6,1,0,0x16,41,12,10,31,21.000,41.000,20.000,12,20,220,220,24214,24867,24917,,703,,50,,,,,,50
5832,88,528,6,1,0,0x16,44,12,11,33,22.333,44.000,21.667,20,22,220,220,24214,24917,24967,,753,,50,,,,,,50
5833,88,528,6,1,0,0x16,51,12,11,36,24.667,51.000,26.333,22,27,220,220,24214,24967,25017,,803,,50,,,,,,50
5834,88,528,6,1,0,0x16,59,13,12,39,28.000,59.000,31.000,27,31,220,220,24214,25017,25067,,853,,50,,,,,,50
5835,88,528,6,1,0,0x16,66,13,12,42,30.333,66.000,35.667,31,36,220,220,24214,25067,25117,,903,,50,,,,,,50
5836,88,528,6,1,0,0x16,73,14,12,44,33.000,73.000,40.000,36,40,220,220,24214,25117,25167,,953,,50,,,,,,50
5837,88,528,6,1,0,0x16,81,14,13,47,36.000,81.000,45.000,40,45,220,220,24214,25167,25217,,1003,,50,,,,,,50
5838,88,528,6,1,0,0x16,88,14,13,50,38.333,88.000,49.667,45,50,220,220,24214,25217,25267,,1053,,50,,,,,,50
5839,88,528,6,1,0,0x16,96,15,14,53,41.667,96.000,54.333,50,55,220,220,24214,25267,25317,,1103,,50,,,,,,50
5840,89,529,1,1,0,0x11,15,10,78,45,34.333,78.000,43.667,55,44,220,220,25364,25317,25417,,53,,100,,,,,,50
5841,89,529,1,1,0,0x11,17,13,73,46,34.333,73.000,38.667,44,39,220,220,25364,25417,25467,,103,,50,,,,,,50
5842,89,529,1,1,0,0x11,16,13,64,43,31.000,64.000,33.000,39,33,220,220,25364,25467,25517,,153,,50,,,,,,50
5843,89,529,1,1,0,0x11,16,13,55,40,28.000,55.000,27.000,33,27,220,220,25364,25517,25567,,203,,50,,,,,,50
5844,89,529,1,1,0,0x11,15,12,48,36,25.000,48.000,23.000,27,23,220,220,25364,25567,25617,,253,,50,,,,,,50
5845,89,529,1,1,0,0x11,14,12,41,34,22.333,41.000,18.667,23,19,220,220,25364,25617,25667,,303,,50,,,,,,50
5846,89,529,1,1,0,0x11,14,12,34,31,20.000,34.000,14.000,19,14,220,220,25364,25667,25717,,353,,50,,,,,,50
5847,89,529,1,1,0,0x11,14,11,26,29,17.000,26.000,9.000,14,9,220,220,25364,25717,25767,,403,,50,,,,,,50
5848,89,530,2,1,0,0x12,10,0,7,10,5.667,0.000,-5.667,-5,-5,220,220,26514,26817,26867,,353,,50,,,,,,50
5849,89,530,2,1,0,0x12,16,0,8,13,8.000,0.000,-8.000,-5,-8,220,220,26514,26867,26917,,403,,50,,,,,,50
5850,89,530,2,1,0,0x12,12,0,8,16,6.667,0.000,-6.667,-8,-6,220,220,26514,26917,26967,,453,,50,,,,,,50
5851,89,530,2,1,0,0x12,12,2,8,19,7.333,2.000,-5.333,-6,-5,220,220,26514,26967,27017,,503,,50,,,,,,50
5852,89,530,2,1,0,0x12,12,9,8,21,9.667,9.000,-0.667,-5,0,220,220,26514,27017,27067,,553,,50,,,,,,50
5853,89,530,2,1,1,0x32,13,16,9,24,12.667,16.000,3.333,0,4,220,220,26514,27067,27117,0,603,39022,50,38469,27117,600,600,600,50
5854,89,530,2,1,0,0x12,13,23,10,26,15.333,23.000,7.667,4,8,220,220,26514,27117,27167,,653,,50,,,,,,50
5855,89,530,2,1,0,0x12,14,30,10,29,18.000,30.000,12.000,8,12,220,220,26514,27167,27217,,703,,50,,,,,,50
5856,89,530,2,1,0,0x12,14,38,10,31,20.667,38.000,17.333,12,18,220,220,26514,27217,27267,,753,,50,,,,,,50
5857,89,530,2,1,0,0x12,15,45,11,35,23.667,45.000,21.333,18,22,220,220,26514,27267,27317,,803,,50,,,,,,50
5858,89,530,2,1,0,0x12,15,53,11,37,26.333,53.000,26.667,22,27,220,220,26514,27317,27367,,853,,50,,,,,,50
5859,89,530,2,1,0,0x12,15,61,12,40,29.333,61.000,31.667,27,32,220,220,26514,27367,27417,,903,,50,,,,,,50
5860,89,530,2,1,0,0x12,15,68,12,43,31.667,68.000,36.333,32,37,220,220,26514,27417,27467,,953,,50,,,,,,50
5861,89,530,2,1,0,0x12,16,77,13,46,35.333,77.000,41.667,37,42,220,220,26514,27467,27517,,1003,,50,,,,,,50
5862,89,530,2,1,0,0x12,16,84,13,49,37.667,84.000,46.333,42,47,220,220,26514,27517,27567,,1053,,50,,,,,,50
5863,89,530,2,1,0,0x12,17,92,14,52,41.000,92.000,51.000,47,51,220,220,26514,27567,27617,,1103,,50,,,,,,50
5864,89,530,2,1,0,0x12,17,100,14,54,43.667,100.000,56.333,51,57,220,220,26514,27617,27667,,1153,,50,,,,,,50
5865,89,530,2,1,0,0x12,17,109,14,57,46.667,109.000,62.333,57,63,220,220,26514,27667,27717,,1203,,50,,,,,,50
5866,89,531,3,1,0,0x13,74,14,12,44,33.333,74.000,40.667,63,41,220,220,27739,27717,27817,,78,,100,,,,,,50
5867,89,531,3,1,0,0x13,70,14,12,42,32.000,70.000,38.000,41,38,220,220,27739,27817,27867,,128,,50,,,,,,50
5868,89,532,4,1,0,0x14,8,8,0,0,5.333,0.000,-5.333,-6,-5,220,220,28864,28917,28967,,103,,50,,,,,,50
5869,89,532,4,1,0,0x14,9,8,0,2,5.667,0.000,-5.667,-5,-5,220,220,28864,28967,29017,,153,,50,,,,,,50
5870,89,532,4,1,0,0x14,9,8,0,5,5.667,0.000,-5.667,-5,-5,220,220,28864,29017,29067,,203,,50,,,,,,50
5871,89,532,4,1,0,0x14,10,8,0,8,6.000,0.000,-6.000,-5,-6,220,220,28864,29067,29117,,253,,50,,,,,,50
5872,89,532,4,1,0,0x14,10,8,0,11,6.000,0.000,-6.000,-6,-6,220,220,28864,29117,29167,,303,,50,,,,,,50
5873,89,532,4,1,0,0x14,11,9,0,13,6.667,0.000,-6.667,-6,-6,220,220,28864,29167,29217,,353,,50,,,,,,50
5874,89,532,4,1,0,0x14,11,10,0,16,7.000,0.000,-7.000,-6,-7,220,220,28864,29217,29267,,403,,50,,,,,,50
5875,89,532,4,1,0,0x14,11,10,3,19,8.000,3.000,-5.000,-7,-5,220,220,28864,29267,29317,,453,,50,,,,,,50
5876,89,532,4,1,0,0x14,12,10,10,22,10.667,10.000,-0.667,-5,0,220,220,28864,29317,29367,,503,,50,,,,,,50
5877,89,532,4,1,1,0x34,12,11,17,24,13.333,17.000,3.667,0,4,220,220,28864,29367,29417,0,553,36672,50,36169,29417,575,575,575,50
5878,89,532,4,1,0,0x14,13,11,23,27,15.667,23.000,7.333,4,8,220,220,28864,29417,29467,,603,,50,,,,,,50
5879,89,532,4,1,0,0x14,14,11,31,29,18.667,31.000,12.333,8,13,220,220,28864,29467,29517,,653,,50,,,,,,50
5880,89,532,4,1,0,0x14,14,12,38,32,21.333,38.000,16.667,13,17,220,220,28864,29517,29567,,703,,50,,,,,,50
5881,89,532,4,1,0,0x14,14,12,45,35,23.667,45.000,21.333,17,22,220,220,28864,29567,29617,,753,,50,,,,,,50
5882,89,532,4,1,0,0x14,15,13,53,38,27.000,53.000,26.000,22,26,220,220,28864,29617,29667,,803,,50,,,,,,50
5883,89,532,4,1,0,0x14,15,13,61,41,29.667,61.000,31.333,26,32,220,220,28864,29667,29717,,853,,50,,,,,,50
5884,89,532,4,1,0,0x14,15,13,67,43,31.667,67.000,35.333,32,36,220,220,28864,29717,29767,,903,,50,,,,,,50
5885,89,532,4,1,0,0x14,16,14,75,46,35.000,75.000,40.000,36,40,220,220,28864,29767,29817,,953,,50,,,,,,50
5886,89,532,4,1,0,0x14,21,14,82,50,39.000,82.000,43.000,40,43,220,220,28864,29817,29867,,1003,,50,,,,,,50
5887,89,532,4,1,0,0x14,17,15,90,51,40.667,90.000,49.333,43,50,220,220,28864,29867,29917,,1053,,50,,,,,,50
5888,89,533,5,1,0,0x15,8,0,5,0,4.333,0.000,-4.333,-4,-4,220,220,30014,30967,31017,,1003,,50,,,,,,50
5889,89,533,5,1,0,0x15,8,0,4,0,4.000,0.000,-4.000,-4,-4,220,220,30014,31017,31067,,1053,,50,,,,,,50
5890,89,533,5,1,0,0x15,7,0,4,0,3.667,0.000,-3.667,-4,-3,220,220,30014,31067,31117,,1103,,50,,,,,,50
5891,89,534,6,1,0,0x16,0,7,8,0,5.000,0.000,-5.000,-3,-5,220,220,31164,31117,31217,,53,,100,,,,,,50
5892,89,534,6,1,0,0x16,0,6,6,0,4.000,0.000,-4.000,-5,-4,220,220,31164,31217,31267,,103,,50,,,,,,50
5893,89,534,6,1,0,0x16,0,7,6,0,4.333,0.000,-4.333,-4,-4,220,220,31164,31267,31317,,153,,50,,,,,,50
5894,89,534,6,1,0,0x16,0,7,6,3,4.333,0.000,-4.333,-4,-4,220,220,31164,31317,31367,,203,,50,,,,,,50
5895,89,534,6,1,0,0x16,0,8,7,5,5.000,0.000,-5.000,-4,-5,220,220,31164,31367,31417,,253,,50,,,,,,50
5896,89,534,6,1,0,0x16,0,8,7,9,5.000,0.000,-5.000,-5,-5,220,220,31164,31417,31467,,303,,50,,,,,,50
5897,89,534,6,1,0,0x16,0,8,8,11,5.333,0.000,-5.333,-5,-5,220,220,31164,31467,31517,,353,,50,,,,,,50
5898,89,534,6,1,0,0x16,0,9,8,15,5.667,0.000,-5.667,-5,-5,220,220,31164,31517,31567,,403,,50,,,,,,50
5899,89,534,6,1,0,0x16,0,10,8,17,6.000,0.000,-6.000,-5,-6,220,220,31164,31567,31617,,453,,50,,,,,,50
5900,89,534,6,1,0,0x16,7,10,9,20,8.667,7.000,-1.667,-6,-1,220,220,31164,31617,31667,,503,,50,,,,,,50
5901,89,534,6,1,1,0x36,14,10,9,23,11.000,14.000,3.000,-1,3,220,220,31164,31667,31717,0,553,34372,50,33869,31717,575,575,575,50
5902,89,534,6,1,0,0x16,22,11,10,25,14.333,22.000,7.667,3,8,220,220,31164,31717,31767,,603,,50,,,,,,50
5903,89,534,6,1,0,0x16,30,11,10,28,17.000,30.000,13.000,8,13,220,220,31164,31767,31817,,653,,50,,,,,,50
5904,89,534,6,1,0,0x16,41,11,10,31,20.667,41.000,20.333,13,21,220,220,31164,31817,31867,,703,,50,,,,,,50
5905,89,534,6,1,0,0x16,44,12,11,34,22.333,44.000,21.667,21,22,220,220,31164,31867,31917,,753,,50,,,,,,50
5906,89,534,6,1,0,0x16,51,12,11,36,24.667,51.000,26.333,22,27,220,220,31164,31917,31967,,803,,50,,,,,,50
5907,89,534,6,1,0,0x16,58,13,11,39,27.333,58.000,30.667,27,31,220,220,31164,31967,32017,,853,,50,,,,,,50
5908,90,535,1,1,0,0x11,10,8,0,7,6.000,0.000,-6.000,-6,-6,220,220,32314,33067,33117,,803,,50,,,,,,50
5909,90,535,1,1,0,0x11,10,8,0,4,6.000,0.000,-6.000,-6,-6,220,220,32314,33117,33167,,853,,50,,,,,,50
5910,90,535,1,1,0,0x11,9,7,0,1,5.333,0.000,-5.333,-6,-5,220,220,32314,33167,33217,,903,,50,,,,,,50
5911,90,535,1,1,0,0x11,9,6,0,0,5.000,0.000,-5.000,-5,-5,220,220,32314,33217,33267,,953,,50,,,,,,50
5912,90,535,1,1,0,0x11,8,6,0,0,4.667,0.000,-4.667,-5,-4,220,220,32314,33267,33317,,1003,,50,,,,,,50
5913,90,535,1,1,0,0x11,7,5,0,0,4.000,0.000,-4.000,-4,-4,220,220,32314,33317,33367,,1053,,50,,,,,,50
5914,90,535,1,1,0,0x11,7,5,0,0,4.000,0.000,-4.000,-4,-4,220,220,32314,33367,33417,,1103,,50,,,,,,50
5915,90,536,2,1,0,0x12,13,0,5,0,6.000,0.000,-6.000,-4,-6,220,220,33464,33417,33517,,53,,100,,,,,,50
5916,90,536,2,1,0,0x12,10,0,5,0,5.000,0.000,-5.000,-6,-5,220,220,33464,33517,33567,,103,,50,,,,,,50
5917,90,536,2,1,0,0x12,10,0,5,0,5.000,0.000,-5.000,-5,-5,220,220,33464,33567,33617,,153,,50,,,,,,50
5918,90,536,2,1,0,0x12,10,0,6,3,5.333,0.000,-5.333,-5,-5,220,220,33464,33617,33667,,203,,50,,,,,,50
5919,90,536,2,1,0,0x12,10,0,6,6,5.333,0.000,-5.333,-5,-5,220,220,33464,33667,33717,,253,,50,,,,,,50
5920,90,536,2,1,0,0x12,10,0,6,9,5.333,0.000,-5.333,-5,-5,220,220,33464,33717,33767,,303,,50,,,,,,50
5921,90,536,2,1,0,0x12,11,0,7,11,6.000,0.000,-6.000,-5,-6,220,220,33464,33767,33817,,353,,50,,,,,,50
5922,90,536,2,1,0,0x12,15,0,8,15,7.667,0.000,-7.667,-6,-7,220,220,33464,33817,33867,,403,,50,,,,,,50
5923,90,536,2,1,0,0x12,12,0,8,17,6.667,0.000,-6.667,-7,-6,220,220,33464,33867,33917,,453,,50,,,,,,50
5924,90,536,2,1,0,0x12,12,5,8,20,8.333,5.000,-3.333,-6,-3,220,220,33464,33917,33967,,503,,50,,,,,,50
5925,90,536,2,1,1,0x32,13,12,9,22,11.333,12.000,0.667,-3,1,220,220,33464,33967,34017,0,553,32072,50,31569,34017,575,575,575,50
5926,90,536,2,1,0,0x12,13,19,10,25,14.000,19.000,5.000,1,5,220,220,33464,34017,34067,,603,,50,,,,,,50
5927,90,536,2,1,0,0x12,14,26,10,27,16.667,26.000,9.333,5,10,220,220,33464,34067,34117,,653,,50,,,,,,50
5928,90,537,3,1,1,0x33,7,10,9,20,8.667,7.000,-1.667,4,-1,220,220,34614,35167,35217,0,603,30922,50,30369,35217,600,600,600,50
5929,90,537,3,1,0,0x13,0,10,8,17,6.000,0.000,-6.000,-1,-6,220,220,34614,35217,35267,,653,,50,,,,,,50
5930,90,537,3,1,0,0x13,0,9,8,14,5.667,0.000,-5.667,-6,-5,220,220,34614,35267,35317,,703,,50,,,,,,50
5931,90,537,3,1,0,0x13,0,9,7,11,5.333,0.000,-5.333,-5,-5,220,220,34614,35317,35367,,753,,50,,,,,,50
5932,90,537,3,1,0,0x13,0,9,7,8,5.333,0.000,-5.333,-5,-5,220,220,34614,35367,35417,,803,,50,,,,,,50
5933,90,537,3,1,0,0x13,0,8,7,6,5.000,0.000,-5.000,-5,-5,220,220,34614,35417,35467,,853,,50,,,,,,50
5934,90,537,3,1,0,0x13,0,8,6,2,4.667,0.000,-4.667,-5,-4,220,220,34614,35467,35517,,903,,50,,,,,,50
5935,90,537,3,1,0,0x13,0,7,6,0,4.333,0.000,-4.333,-4,-4,220,220,34614,35517,35567,,953,,50,,,,,,50
5936,90,537,3,1,0,0x13,0,6,5,0,3.667,0.000,-3.667,-4,-3,220,220,34614,35567,35617,,1003,,50,,,,,,50
5937,90,537,3,1,0,0x13,0,6,5,0,3.667,0.000,-3.667,-3,-3,220,220,34614,35617,35667,,1053,,50,,,,,,50
5938,90,537,3,1,0,0x13,0,5,4,0,3.000,0.000,-3.000,-3,-3,220,220,34614,35667,35717,,1103,,50,,,,,,50
5939,90,537,3,1,0,0x13,0,5,4,0,3.000,0.000,-3.000,-3,-3,220,220,34614,35717,35767,,1153,,50,,,,,,50
5940,90,537,3,1,0,0x13,0,4,4,0,2.667,0.000,-2.667,-3,-2,220,220,34614,35767,35817,,1203,,50,,,,,,50
5941,90,538,4,1,0,0x14,9,8,0,0,5.667,0.000,-5.667,-2,-5,220,220,35839,35817,35917,,78,,100,,,,,,50
5942,90,538,4,1,0,0x14,9,7,0,2,5.333,0.000,-5.333,-5,-5,220,220,35839,35917,35967,,128,,50,,,,,,50
5943,90,538,4,1,0,0x14,9,7,0,4,5.333,0.000,-5.333,-5,-5,220,220,35839,35967,36017,,178,,50,,,,,,50
5944,90,538,4,1,0,0x14,10,8,0,7,6.000,0.000,-6.000,-5,-6,220,220,35839,36017,36067,,228,,50,,,,,,50
5945,90,538,4,1,0,0x14,10,9,0,10,6.333,0.000,-6.333,-6,-6,220,220,35839,36067,36117,,278,,50,,,,,,50
5946,90,538,4,1,0,0x14,10,9,0,13,6.333,0.000,-6.333,-6,-6,220,220,35839,36117,36167,,328,,50,,,,,,50
5947,90,538,4,1,0,0x14,11,9,0,16,6.667,0.000,-6.667,-6,-6,220,220,35839,36167,36217,,378,,50,,,,,,50
5948,90,539,5,1,0,0x15,14,34,11,30,19.667,34.000,14.333,19,15,220,220,36964,37267,37317,,353,,50,,,,,,50
5949,90,539,5,1,0,0x15,13,27,11,27,17.000,27.000,10.000,15,10,220,220,36964,37317,37367,,403,,50,,,,,,50
5950,90,539,5,1,0,0x15,13,19,10,25,14.000,19.000,5.000,10,5,220,220,36964,37367,37417,,453,,50,,,,,,50
5951,90,539,5,1,0,0x15,12,12,9,23,11.000,12.000,1.000,5,1,220,220,36964,37417,37467,,503,,50,,,,,,50
5952,90,539,5,1,1,0x35,12,5,9,20,8.667,5.000,-3.667,1,-3,220,220,36964,37467,37517,0,553,28572,50,28069,37517,575,575,575,50
5953,90,539,5,1,0,0x15,11,0,9,17,6.667,0.000,-6.667,-3,-6,220,220,36964,37517,37567,,603,,50,,,,,,50
5954,90,539,5,1,0,0x15,11,0,8,15,6.333,0.000,-6.333,-6,-6,220,220,36964,37567,37617,,653,,50,,,,,,50
5955,90,539,5,1,0,0x15,10,0,8,12,6.000,0.000,-6.000,-6,-6,220,220,36964,37617,37667,,703,,50,,,,,,50
5956,90,539,5,1,0,0x15,10,0,7,9,5.667,0.000,-5.667,-6,-5,220,220,36964,37667,37717,,753,,50,,,,,,50
5957,90,539,5,1,0,0x15,10,0,7,6,5.667,0.000,-5.667,-5,-5,220,220,36964,37717,37767,,803,,50,,,,,,50
5958,90,539,5,1,0,0x15,9,0,6,3,5.000,0.000,-5.000,-5,-5,220,220,36964,37767,37817,,853,,50,,,,,,50
5959,90,539,5,1,0,0x15,13,0,6,1,6.333,0.000,-6.333,-5,-6,220,220,36964,37817,37867,,903,,50,,,,,,50
5960,90,539,5,1,0,0x15,8,0,5,0,4.333,0.000,-4.333,-6,-4,220,220,36964,37867,37917,,953,,50,,,,,,50
5961,90,539,5,1,0,0x15,8,0,5,0,4.333,0.000,-4.333,-4,-4,220,220,36964,37917,37967,,1003,,50,,,,,,50
5962,90,539,5,1,0,0x15,7,0,5,0,4.000,0.000,-4.000,-4,-4,220,220,36964,37967,38017,,1053,,50,,,,,,50
5963,90,539,5,1,0,0x15,7,0,4,0,3.667,0.000,-3.667,-4,-3,220,220,36964,38017,38067,,1103,,50,,,,,,50
5964,90,540,6,1,0,0x16,0,8,8,0,5.333,0.000,-5.333,-3,-5,220,220,38114,38067,38167,,53,,100,,,,,,50
5965,90,540,6,1,0,0x16,0,6,6,0,4.000,0.000,-4.000,-5,-4,220,220,38114,38167,38217,,103,,50,,,,,,50
5966,90,540,6,1,0,0x16,0,7,6,1,4.333,0.000,-4.333,-4,-4,220,220,38114,38217,38267,,153,,50,,,,,,50
5967,90,540,6,1,0,0x16,0,8,7,3,5.000,0.000,-5.000,-4,-5,220,220,38114,38267,38317,,203,,50,,,,,,50
5968,91,541,1,1,0,0x11,17,14,67,44,32.667,67.000,34.333,40,35,220,220,39264,39367,39417,,153,,50,,,,,,50
5969,91,541,1,1,0,0x11,16,13,59,41,29.333,59.000,29.667,35,30,220,220,39264,39417,39467,,203,,50,,,,,,50
5970,91,541,1,1,0,0x11,15,13,51,38,26.333,51.000,24.667,30,25,220,220,39264,39467,39517,,253,,50,,,,,,50
5971,91,541,1,1,0,0x11,15,12,43,35,23.333,43.000,19.667,25,20,220,220,39264,39517,39567,,303,,50,,,,,,50
5972,91,541,1,1,0,0x11,14,12,36,32,20.667,36.000,15.333,20,16,220,220,39264,39567,39617,,353,,50,,,,,,50
5973,91,541,1,1,0,0x11,14,11,29,29,18.000,29.000,11.000,16,11,220,220,39264,39617,39667,,403,,50,,,,,,50
5974,91,541,1,1,0,0x11,13,11,21,26,15.000,21.000,6.000,11,6,220,220,39264,39667,39717,,453,,50,,,,,,50
5975,91,541,1,1,0,0x11,13,11,14,24,12.667,14.000,1.333,6,2,220,220,39264,39717,39767,,503,,50,,,,,,50
5976,91,541,1,1,1,0x31,13,10,8,21,10.333,8.000,-2.333,2,-2,220,220,39264,39767,39817,0,553,26272,50,25769,39817,575,575,575,50
5977,91,541,1,1,0,0x11,17,9,0,19,8.667,0.000,-8.667,-2,-8,220,220,39264,39817,39867,,603,,50,,,,,,50
5978,91,541,1,1,0,0x11,12,9,0,16,7.000,0.000,-7.000,-8,-7,220,220,39264,39867,39917,,653,,50,,,,,,50
5979,91,541,1,1,0,0x11,12,9,0,13,7.000,0.000,-7.000,-7,-7,220,220,39264,39917,39967,,703,,50,,,,,,50
5980,91,541,1,1,0,0x11,11,8,0,10,6.333,0.000,-6.333,-7,-6,220,220,39264,39967,40017,,753,,50,,,,,,50
5981,91,541,1,1,0,0x11,10,8,0,7,6.000,0.000,-6.000,-6,-6,220,220,39264,40017,40067,,803,,50,,,,,,50
5982,91,541,1,1,0,0x11,10,7,0,4,5.667,0.000,-5.667,-6,-5,220,220,39264,40067,40117,,853,,50,,,,,,50
5983,91,541,1,1,0,0x11,9,7,0,2,5.333,0.000,-5.333,-5,-5,220,220,39264,40117,40167,,903,,50,,,,,,50
5984,91,541,1,1,0,0x11,9,7,0,0,5.333,0.000,-5.333,-5,-5,220,220,39264,40167,40217,,953,,50,,,,,,50
5985,91,541,1,1,0,0x11,8,6,0,0,4.667,0.000,-4.667,-5,-4,220,220,39264,40217,40267,,1003,,50,,,,,,50
5986,91,541,1,1,0,0x11,8,6,0,0,4.667,0.000,-4.667,-4,-4,220,220,39264,40267,40317,,1053,,50,,,,,,50
5987,91,541,1,1,0,0x11,7,5,0,0,4.000,0.000,-4.000,-4,-4,220,220,39264,40317,40367,,1103,,50,,,,,,50
5988,91,542,2,1,0,0x12,16,85,13,49,38.000,85.000,47.000,42,47,220,220,40414,41417,41467,,1053,,50,,,,,,50
5989,91,542,2,1,0,0x12,17,93,14,52,41.333,93.000,51.667,47,52,220,220,40414,41467,41517,,1103,,50,,,,,,50
5990,91,542,2,1,0,0x12,17,101,14,55,44.000,101.000,57.000,52,57,220,220,40414,41517,41567,,1153,,50,,,,,,50
5991,91,542,2,1,0,0x12,17,110,15,58,47.333,110.000,62.667,57,63,220,220,40414,41567,41617,,1203,,50,,,,,,50
5992,91,543,3,1,0,0x13,72,14,12,44,32.667,72.000,39.333,63,40,220,220,41639,41617,41717,,78,,100,,,,,,50
5993,91,543,3,1,0,0x13,65,14,12,41,30.333,65.000,34.667,40,35,220,220,41639,41717,41767,,128,,50,,,,,,50
5994,91,543,3,1,0,0x13,57,13,11,38,27.000,57.000,30.000,35,30,220,220,41639,41767,41817,,178,,50,,,,,,50
5995,91,543,3,1,0,0x13,54,13,11,36,26.000,54.000,28.000,30,28,220,220,41639,41817,41867,,228,,50,,,,,,50
5996,91,543,3,1,0,0x13,42,13,10,32,21.667,42.000,20.333,28,21,220,220,41639,41867,41917,,278,,50,,,,,,50
5997,91,543,3,1,0,0x13,34,12,10,29,18.667,34.000,15.333,21,16,220,220,41639,41917,41967,,328,,50,,,,,,50
5998,91,543,3,1,0,0x13,27,11,10,27,16.000,27.000,11.000,16,11,220,220,41639,41967,42017,,378,,50,,,,,,50
5999,91,543,3,1,0,0x13,20,11,9,24,13.333,20.000,6.667,11,7,220,220,41639,42017,42067,,428,,50,,,,,,50
6000,91,543,3,1,0,0x13,13,11,9,21,11.000,13.000,2.000,7,2,220,220,41639,42067,42117,,478,,50,,,,,,50
6001,91,543,3,1,1,0x33,6,10,8,19,8.000,6.000,-2.000,2,-2,220,220,41639,42117,42167,0,528,23897,50,23419,42167,575,575,575,50
6002,91,543,3,1,0,0x13,0,10,8,16,6.000,0.000,-6.000,-2,-6,220,220,41639,42167,42217,,578,,50,,,,,,50
6003,91,543,3,1,0,0x13,0,9,8,14,5.667,0.000,-5.667,-6,-5,220,220,41639,42217,42267,,628,,50,,,,,,50
6004,91,543,3,1,0,0x13,0,9,7,11,5.333,0.000,-5.333,-5,-5,220,220,41639,42267,42317,,678,,50,,,,,,50
6005,91,543,3,1,0,0x13,0,9,7,8,5.333,0.000,-5.333,-5,-5,220,220,41639,42317,42367,,728,,50,,,,,,50
6006,91,543,3,1,0,0x13,0,8,6,5,4.667,0.000,-4.667,-5,-4,220,220,41639,42367,42417,,778,,50,,,,,,50
6007,91,543,3,1,0,0x13,0,8,6,2,4.667,0.000,-4.667,-4,-4,220,220,41639,42417,42467,,828,,50,,,,,,50
6008,91,544,4,1,0,0x14,14,13,49,36,25.333,49.000,23.667,19,24,220,220,42764,43517,43567,,803,,50,,,,,,50
6009,91,544,4,1,0,0x14,15,13,57,39,28.333,57.000,28.667,24,29,220,220,42764,43567,43617,,853,,50,,,,,,50
6010,91,544,4,1,0,0x14,15,13,64,42,30.667,64.000,33.333,29,34,220,220,42764,43617,43667,,903,,50,,,,,,50
6011,91,544,4,1,0,0x14,16,14,71,45,33.667,71.000,37.333,34,38,220,220,42764,43667,43717,,953,,50,,,,,,50
6012,91,544,4,1,0,0x14,16,14,78,48,36.000,78.000,42.000,38,42,220,220,42764,43717,43767,,1003,,50,,,,,,50
6013,91,544,4,1,0,0x14,16,14,86,50,38.667,86.000,47.333,42,48,220,220,42764,43767,43817,,1053,,50,,,,,,50
6014,91,544,4,1,0,0x14,21,15,94,53,43.333,94.000,50.667,48,51,220,220,42764,43817,43867,,1103,,50,,,,,,50
6015,91,545,5,1,0,0x15,12,80,13,45,35.000,80.000,45.000,51,45,220,220,43914,43867,43967,,53,,100,,,,,,50
6016,91,545,5,1,0,0x15,16,75,14,46,35.000,75.000,40.000,45,40,220,220,43914,43967,44017,,103,,50,,,,,,50
6017,91,545,5,1,0,0x15,15,66,13,43,31.333,66.000,34.667,40,35,220,220,43914,44017,44067,,153,,50,,,,,,50
6018,91,545,5,1,0,0x15,15,58,12,40,28.333,58.000,29.667,35,30,220,220,43914,44067,44117,,203,,50,,,,,,50
6019,91,545,5,1,0,0x15,15,50,11,37,25.333,50.000,24.667,30,25,220,220,43914,44117,44167,,253,,50,,,,,,50
6020,91,545,5,1,0,0x15,14,43,11,34,22.667,43.000,20.333,25,21,220,220,43914,44167,44217,,303,,50,,,,,,50
6021,91,545,5,1,0,0x15,14,36,11,31,20.333,36.000,15.667,21,16,220,220,43914,44217,44267,,353,,50,,,,,,50
6022,91,545,5,1,0,0x15,13,28,10,28,17.000,28.000,11.000,16,11,220,220,43914,44267,44317,,403,,50,,,,,,50
6023,91,545,5,1,0,0x15,13,21,10,26,14.667,21.000,6.333,11,7,220,220,43914,44317,44367,,453,,50,,,,,,50
6024,91,545,5,1,0,0x15,12,14,10,23,12.000,14.000,2.000,7,2,220,220,43914,44367,44417,,503,,50,,,,,,50
6025,91,545,5,1,1,0x35,12,8,9,21,9.667,8.000,-1.667,2,-1,220,220,43914,44417,44467,0,553,21622,50,21119,44467,575,575,575,50
6026,91,545,5,1,0,0x15,12,0,9,18,7.000,0.000,-7.000,-1,-7,220,220,43914,44467,44517,,603,,50,,,,,,50
6027,91,545,5,1,0,0x15,11,0,8,16,6.333,0.000,-6.333,-7,-6,220,220,43914,44517,44567,,653,,50,,,,,,50
6028,91,546,6,1,0,0x16,22,11,10,25,14.333,22.000,7.667,4,8,220,220,45064,45617,45667,,603,,50,,,,,,50
6029,91,546,6,1,0,0x16,29,11,10,28,16.667,29.000,12.333,8,13,220,220,45064,45667,45717,,653,,50,,,,,,50
6030,91,546,6,1,0,0x16,37,12,10,31,19.667,37.000,17.333,13,18,220,220,45064,45717,45767,,703,,50,,,,,,50
6031,91,546,6,1,0,0x16,44,12,11,33,22.333,44.000,21.667,18,22,220,220,45064,45767,45817,,753,,50,,,,,,50
6032,91,546,6,1,0,0x16,56,13,11,37,26.667,56.000,29.333,22,30,220,220,45064,45817,45867,,803,,50,,,,,,50
6033,91,546,6,1,0,0x16,59,13,12,40,28.000,59.000,31.000,30,31,220,220,45064,45867,45917,,853,,50,,,,,,50
6034,91,546,6,1,0,0x16,67,13,12,42,30.667,67.000,36.333,31,37,220,220,45064,45917,45967,,903,,50,,,,,,50
6035,91,546,6,1,0,0x16,74,14,12,44,33.333,74.000,40.667,37,41,220,220,45064,45967,46017,,953,,50,,,,,,50
6036,91,546,6,1,0,0x16,81,14,13,47,36.000,81.000,45.000,41,45,220,220,45064,46017,46067,,1003,,50,,,,,,50
6037,91,546,6,1,0,0x16,88,15,13,50,38.667,88.000,49.333,45,50,220,220,45064,46067,46117,,1053,,50,,,,,,50
6038,91,546,6,1,0,0x16,95,15,13,52,41.000,95.000,54.000,50,54,220,220,45064,46117,46167,,1103,,50,,,,,,50
6039,92,547,1,1,0,0x11,15,11,80,46,35.333,80.000,44.667,54,45,220,220,46214,46167,46267,,53,,100,,,,,,50
6040,92,547,1,1,0,0x11,17,14,74,46,35.000,74.000,39.000,45,39,220,220,46214,46267,46317,,103,,50,,,,,,50
6041,92,547,1,1,0,0x11,17,14,66,43,32.333,66.000,33.667,39,34,220,220,46214,46317,46367,,153,,50,,,,,,50
6042,92,547,1,1,0,0x11,16,13,58,40,29.000,58.000,29.000,34,29,220,220,46214,46367,46417,,203,,50,,,,,,50
6043,92,547,1,1,0,0x11,15,13,50,37,26.000,50.000,24.000,29,24,220,220,46214,46417,46467,,253,,50,,,,,,50
6044,92,547,1,1,0,0x11,15,12,43,34,23.333,43.000,19.667,24,20,220,220,46214,46467,46517,,303,,50,,,,,,50
6045,92,547,1,1,0,0x11,14,11,35,32,20.000,35.000,15.000,20,15,220,220,46214,46517,46567,,353,,50,,,,,,50
6046,92,547,1,1,0,0x11,14,11,29,29,18.000,29.000,11.000,15,11,220,220,46214,46567,46617,,403,,50,,,,,,50
6047,92,547,1,1,0,0x11,13,11,22,26,15.333,22.000,6.667,11,7,220,220,46214,46617,46667,,453,,50,,,,,,50
6048,92,548,2,1,0,0x12,11,0,7,12,6.000,0.000,-6.000,-6,-6,220,220,47364,47717,47767,,403,,50,,,,,,50
6049,92,548,2,1,0,0x12,11,0,8,15,6.333,0.000,-6.333,-6,-6,220,220,47364,47767,47817,,453,,50,,,,,,50
6050,92,548,2,1,0,0x12,17,1,8,19,8.667,1.000,-7.667,-6,-7,220,220,47364,47817,47867,,503,,50,,,,,,50
6051,92,548,2,1,0,0x12,13,8,8,20,9.667,8.000,-1.667,-7,-1,220,220,47364,47867,47917,,553,,50,,,,,,50
6052,92,548,2,1,1,0x32,13,16,9,23,12.667,16.000,3.333,-1,4,220,220,47364,47917,47967,0,603,18172,50,17619,47967,600,600,600,50
6053,92,548,2,1,0,0x12,13,22,9,26,14.667,22.000,7.333,4,8,220,220,47364,47967,48017,,653,,50,,,,,,50
6054,92,548,2,1,0,0x12,13,30,10,28,17.667,30.000,12.333,8,13,220,220,47364,48017,48067,,703,,50,,,,,,50
6055,92,548,2,1,0,0x12,14,37,10,31,20.333,37.000,16.667,13,17,220,220,47364,48067,48117,,753,,50,,,,,,50
6056,92,548,2,1,0,0x12,14,44,11,34,23.000,44.000,21.000,17,21,220,220,47364,48117,48167,,803,,50,,,,,,50
6057,92,548,2,1,0,0x12,15,52,11,37,26.000,52.000,26.000,21,26,220,220,47364,48167,48217,,853,,50,,,,,,50
6058,92,548,2,1,0,0x12,16,59,12,40,29.000,59.000,30.000,26,30,220,220,47364,48217,48267,,903,,50,,,,,,50
6059,92,548,2,1,0,0x12,16,66,12,42,31.333,66.000,34.667,30,35,220,220,47364,48267,48317,,953,,50,,,,,,50
6060,92,548,2,1,0,0x12,16,74,12,45,34.000,74.000,40.000,35,40,220,220,47364,48317,48367,,1003,,50,,,,,,50
6061,92,548,2,1,0,0x12,16,82,13,48,37.000,82.000,45.000,40,45,220,220,47364,48367,48417,,1053,,50,,,,,,50
6062,92,548,2,1,0,0x12,16,88,13,51,39.000,88.000,49.000,45,49,220,220,47364,48417,48467,,1103,,50,,,,,,50
6063,92,548,2,1,0,0x12,17,96,14,53,42.333,96.000,53.667,49,54,220,220,47364,48467,48517,,1153,,50,,,,,,50
6064,92,548,2,1,0,0x12,17,104,14,56,45.000,104.000,59.000,54,59,220,220,47364,48517,48567,,1203,,50,,,,,,50
6065,92,549,3,1,0,0x13,75,14,13,45,34.000,75.000,41.000,59,41,220,220,48589,48567,48667,,78,,100,,,,,,50
6066,92,549,3,1,0,0x13,68,13,12,42,31.000,68.000,37.000,41,37,220,220,48589,48667,48717,,128,,50,,,,,,50
6067,92,549,3,1,0,0x13,60,13,11,39,28.000,60.000,32.000,37,32,220,220,48589,48717,48767,,178,,50,,,,,,50
6068,92,550,4,1,0,0x14,13,8,0,2,7.000,0.000,-7.000,-5,-7,220,220,49714,49817,49867,,153,,50,,,,,,50
6069,92,550,4,1,0,0x14,10,8,0,4,6.000,0.000,-6.000,-7,-6,220,220,49714,49867,49917,,203,,50,,,,,,50
6070,92,550,4,1,0,0x14,10,8,0,7,6.000,0.000,-6.000,-6,-6,220,220,49714,49917,49967,,253,,50,,,,,,50
6071,92,550,4,1,0,0x14,10,9,0,10,6.333,0.000,-6.333,-6,-6,220,220,49714,49967,50017,,303,,50,,,,,,50
6072,92,550,4,1,0,0x14,11,9,0,13,6.667,0.000,-6.667,-6,-6,220,220,49714,50017,50067,,353,,50,,,,,,50
6073,92,550,4,1,0,0x14,11,9,0,15,6.667,0.000,-6.667,-6,-6,220,220,49714,50067,50117,,403,,50,,,,,,50
6074,92,550,4,1,0,0x14,11,10,0,18,7.000,0.000,-7.000,-6,-7,220,220,49714,50117,50167,,453,,50,,,,,,50
6075,92,550,4,1,0,0x14,12,10,7,21,9.667,7.000,-2.667,-7,-2,220,220,49714,50167,50217,,503,,50,,,,,,50
6076,92,550,4,1,1,0x34,12,11,14,24,12.333,14.000,1.667,-2,2,220,220,49714,50217,50267,0,553,15822,50,15319,50267,575,575,575,50
6077,92,550,4,1,0,0x14,13,11,20,26,14.667,20.000,5.333,2,6,220,220,49714,50267,50317,,603,,50,,,,,,50
6078,92,550,4,1,0,0x14,13,11,27,28,17.000,27.000,10.000,6,10,220,220,49714,50317,50367,,653,,50,,,,,,50
6079,92,550,4,1,0,0x14,14,12,34,31,20.000,34.000,14.000,10,14,220,220,49714,50367,50417,,703,,50,,,,,,50
6080,92,550,4,1,0,0x14,14,12,41,34,22.333,41.000,18.667,14,19,220,220,49714,50417,50467,,753,,50,,,,,,50
6081,92,550,4,1,0,0x14,14,13,49,37,25.333,49.000,23.667,19,24,220,220,49714,50467,50517,,803,,50,,,,,,50
6082,92,550,4,1,0,0x14,15,13,56,40,28.000,56.000,28.000,24,28,220,220,49714,50517,50567,,853,,50,,,,,,50
6083,92,550,4,1,0,0x14,15,13,63,42,30.333,63.000,32.667,28,33,220,220,49714,50567,50617,,903,,50,,,,,,50
6084,92,550,4,1,0,0x14,16,14,71,44,33.667,71.000,37.333,33,38,220,220,49714,50617,50667,,953,,50,,,,,,50
6085,92,550,4,1,0,0x14,16,14,78,47,36.000,78.000,42.000,38,42,220,220,49714,50667,50717,,1003,,50,,,,,,50
6086,92,550,4,1,0,0x14,16,14,85,50,38.333,85.000,46.667,42,47,220,220,49714,50717,50767,,1053,,50,,,,,,50
6087,92,550,4,1,0,0x14,17,15,92,52,41.333,92.000,50.667,47,51,220,220,49714,50767,50817,,1103,,50,,,,,,50
6088,92,551,5,1,0,0x15,12,0,5,0,5.667,0.000,-5.667,-4,-5,220,220,50864,51867,51917,,1053,,50,,,,,,50
6089,92,551,5,1,0,0x15,7,0,4,0,3.667,0.000,-3.667,-5,-3,220,220,50864,51917,51967,,1103,,50,,,,,,50
6090,92,551,5,1,0,0x15,7,0,4,0,3.667,0.000,-3.667,-3,-3,220,220,50864,51967,52017,,1153,,50,,,,,,50
6091,92,551,5,1,0,0x15,6,0,3,0,3.000,0.000,-3.000,-3,-3,220,220,50864,52017,52067,,1203,,50,,,,,,50
6092,92,552,6,1,0,0x16,0,6,7,0,4.333,0.000,-4.333,-3,-4,220,220,52089,52067,52167,,78,,100,,,,,,50
6093,92,552,6,1,0,0x16,0,7,6,3,4.333,0.000,-4.333,-4,-4,220,220,52089,52167,52217,,128,,50,,,,,,50
6094,92,552,6,1,0,0x16,0,8,6,5,4.667,0.000,-4.667,-4,-4,220,220,52089,52217,52267,,178,,50,,,,,,50
6095,92,552,6,1,0,0x16,0,8,7,8,5.000,0.000,-5.000,-4,-5,220,220,52089,52267,52317,,228,,50,,,,,,50
6096,92,552,6,1,0,0x16,0,8,7,11,5.000,0.000,-5.000,-5,-5,220,220,52089,52317,52367,,278,,50,,,,,,50
6097,92,552,6,1,0,0x16,0,9,8,13,5.667,0.000,-5.667,-5,-5,220,220,52089,52367,52417,,328,,50,,,,,,50
6098,92,552,6,1,0,0x16,0,9,8,16,5.667,0.000,-5.667,-5,-5,220,220,52089,52417,52467,,378,,50,,,,,,50
6099,92,552,6,1,0,0x16,5,9,9,19,7.667,5.000,-2.667,-5,-2,220,220,52089,52467,52517,,428,,50,,,,,,50
6100,92,552,6,1,1,0x36,12,10,9,22,10.333,12.000,1.667,-2,2,220,220,52089,52517,52567,0,478,13447,50,13019,52567,550,550,550,50
6101,92,552,6,1,0,0x16,18,10,9,24,12.333,18.000,5.667,2,6,220,220,52089,52567,52617,,528,,50,,,,,,50
6102,92,552,6,1,0,0x16,26,11,10,27,15.667,26.000,10.333,6,11,220,220,52089,52617,52667,,578,,50,,,,,,50
6103,92,552,6,1,0,0x16,33,12,10,29,18.333,33.000,14.667,11,15,220,220,52089,52667,52717,,628,,50,,,,,,50
6104,92,552,6,1,0,0x16,40,12,11,32,21.000,40.000,19.000,15,19,220,220,52089,52717,52767,,678,,50,,,,,,50
6105,92,552,6,1,0,0x16,47,12,11,35,23.333,47.000,23.667,19,24,220,220,52089,52767,52817,,728,,50,,,,,,50
6106,92,552,6,1,0,0x16,59,13,11,38,27.667,59.000,31.333,24,32,220,220,52089,52817,52867,,778,,50,,,,,,50
6107,92,552,6,1,0,0x16,62,13,12,40,29.000,62.000,33.000,32,33,220,220,52089,52867,52917,,828,,50,,,,,,50
6108,93,553,1,1,0,0x11,10,8,0,4,6.000,0.000,-6.000,-6,-6,220,220,53140,53967,54017,,877,,50,,,,,,50
6109,93,553,1,1,0,0x11,10,7,0,1,5.667,0.000,-5.667,-6,-5,220,220,53140,54017,54067,,927,,50,,,,,,50
6110,93,553,1,1,0,0x11,9,7,0,0,5.333,0.000,-5.333,-5,-5,220,220,53140,54067,54117,,977,,50,,,,,,50
6111,93,553,1,1,0,0x11,8,6,0,0,4.667,0.000,-4.667,-5,-4,220,220,53140,54117,54167,,1027,,50,,,,,,50
6112,93,553,1,1,0,0x11,8,5,0,0,4.333,0.000,-4.333,-4,-4,220,220,53140,54167,54217,,1077,,50,,,,,,50
6113,93,553,1,1,0,0x11,7,5,0,0,4.000,0.000,-4.000,-4,-4,220,220,53140,54217,54267,,1127,,50,,,,,,50
6114,93,554,2,1,0,0x12,13,0,5,0,6.000,0.000,-6.000,-4,-6,220,220,54314,54267,54367,,53,,100,,,,,,50
6115,93,554,2,1,0,0x12,9,0,4,0,4.333,0.000,-4.333,-6,-4,220,220,54314,54367,54417,,103,,50,,,,,,50
6116,93,554,2,1,0,0x12,9,0,5,0,4.667,0.000,-4.667,-4,-4,220,220,54314,54417,54467,,153,,50,,,,,,50
6117,93,554,2,1,0,0x12,9,0,6,2,5.000,0.000,-5.000,-4,-5,220,220,54314,54467,54517,,203,,50,,,,,,50
6118,93,554,2,1,0,0x12,10,0,6,4,5.333,0.000,-5.333,-5,-5,220,220,54314,54517,54567,,253,,50,,,,,,50
6119,93,554,2,1,0,0x12,10,0,7,6,5.667,0.000,-5.667,-5,-5,220,220,54314,54567,54617,,303,,50,,,,,,50
6120,93,554,2,1,0,0x12,11,0,7,10,6.000,0.000,-6.000,-5,-6,220,220,54314,54617,54667,,353,,50,,,,,,50
6121,93,554,2,1,0,0x12,11,0,8,13,6.333,0.000,-6.333,-6,-6,220,220,54314,54667,54717,,403,,50,,,,,,50
6122,93,554,2,1,0,0x12,12,0,8,16,6.667,0.000,-6.667,-6,-6,220,220,54314,54717,54767,,453,,50,,,,,,50
6123,93,554,2,1,0,0x12,12,1,8,18,7.000,1.000,-6.000,-6,-6,220,220,54314,54767,54817,,503,,50,,,,,,50
6124,93,554,2,1,0,0x12,17,8,8,21,11.000,8.000,-3.000,-6,-3,220,220,54314,54817,54867,,553,,50,,,,,,50
6125,93,554,2,1,1,0x32,13,15,9,23,12.333,15.000,2.667,-3,3,220,220,54314,54867,54917,0,603,11222,50,10669,54917,600,600,600,50
6126,93,554,2,1,0,0x12,13,21,10,26,14.667,21.000,6.333,3,7,220,220,54314,54917,54967,,653,,50,,,,,,50
6127,93,554,2,1,0,0x12,14,28,10,28,17.333,28.000,10.667,7,11,220,220,54314,54967,55017,,703,,50,,,,,,50
6128,93,555,3,1,1,0x33,2,10,8,18,6.667,2.000,-4.667,1,-4,220,220,55539,56067,56117,0,578,9997,50,9469,56117,600,600,600,50
6129,93,555,3,1,0,0x13,0,10,8,15,6.000,0.000,-6.000,-4,-6,220,220,55539,56117,56167,,628,,50,,,,,,50
6130,93,555,3,1,0,0x13,0,9,7,12,5.333,0.000,-5.333,-6,-5,220,220,55539,56167,56217,,678,,50,,,,,,50
6131,93,555,3,1,0,0x13,0,9,6,9,5.000,0.000,-5.000,-5,-5,220,220,55539,56217,56267,,728,,50,,,,,,50
6132,93,555,3,1,0,0x13,0,8,6,7,4.667,0.000,-4.667,-5,-4,220,220,55539,56267,56317,,778,,50,,,,,,50
6133,93,555,3,1,0,0x13,0,8,6,4,4.667,0.000,-4.667,-4,-4,220,220,55539,56317,56367,,828,,50,,,,,,50
6134,93,555,3,1,0,0x13,0,7,6,1,4.333,0.000,-4.333,-4,-4,220,220,55539,56367,56417,,878,,50,,,,,,50
6135,93,555,3,1,0,0x13,0,7,5,0,4.000,0.000,-4.000,-4,-4,220,220,55539,56417,56467,,928,,50,,,,,,50
6136,93,555,3,1,0,0x13,0,6,5,0,3.667,0.000,-3.667,-4,-3,220,220,55539,56467,56517,,978,,50,,,,,,50
6137,93,555,3,1,0,0x13,0,6,5,0,3.667,0.000,-3.667,-3,-3,220,220,55539,56517,56567,,1028,,50,,,,,,50
6138,93,555,3,1,0,0x13,0,5,4,0,3.000,0.000,-3.000,-3,-3,220,220,55539,56567,56617,,1078,,50,,,,,,50
6139,93,555,3,1,0,0x13,0,4,4,0,2.667,0.000,-2.667,-3,-2,220,220,55539,56617,56667,,1128,,50,,,,,,50
6140,93,555,3,1,0,0x13,0,4,4,0,2.667,0.000,-2.667,-2,-2,220,220,55539,56667,56717,,1178,,50,,,,,,50
6141,93,556,4,1,0,0x14,9,8,0,1,5.667,0.000,-5.667,-2,-5,220,220,56739,56717,56817,,78,,100,,,,,,50
6142,93,556,4,1,0,0x14,13,8,0,4,7.000,0.000,-7.000,-5,-7,220,220,56739,56817,56867,,128,,50,,,,,,50
6143,93,556,4,1,0,0x14,9,8,0,6,5.667,0.000,-5.667,-7,-5,220,220,56739,56867,56917,,178,,50,,,,,,50
6144,93,556,4,1,0,0x14,10,8,0,9,6.000,0.000,-6.000,-5,-6,220,220,56739,56917,56967,,228,,50,,,,,,50
6145,93,556,4,1,0,0x14,10,8,0,12,6.000,0.000,-6.000,-6,-6,220,220,56739,56967,57017,,278,,50,,,,,,50
6146,93,556,4,1,0,0x14,11,9,0,15,6.667,0.000,-6.667,-6,-6,220,220,56739,57017,57067,,328,,50,,,,,,50
6147,93,556,4,1,0,0x14,11,10,0,17,7.000,0.000,-7.000,-6,-7,220,220,56739,57067,57117,,378,,50,,,,,,50
6148,93,557,5,1,0,0x15,14,28,10,28,17.333,28.000,10.667,16,11,220,220,57789,58167,58217,,428,,50,,,,,,50
6149,93,557,5,1,0,0x15,13,21,9,26,14.333,21.000,6.667,11,7,220,220,57789,58217,58267,,478,,50,,,,,,50
6150,93,557,5,1,0,0x15,13,14,10,23,12.333,14.000,1.667,7,2,220,220,57789,58267,58317,,528,,50,,,,,,50
6151,93,557,5,1,1,0x35,12,7,9,21,9.333,7.000,-2.333,2,-2,220,220,57789,58317,58367,0,578,7747,50,7219,58367,575,575,575,50
6152,93,557,5,1,0,0x15,12,0,9,18,7.000,0.000,-7.000,-2,-7,220,220,57789,58367,58417,,628,,50,,,,,,50
6153,93,557,5,1,0,0x15,11,0,8,15,6.333,0.000,-6.333,-7,-6,220,220,57789,58417,58467,,678,,50,,,,,,50
6154,93,557,5,1,0,0x15,11,0,8,13,6.333,0.000,-6.333,-6,-6,220,220,57789,58467,58517,,728,,50,,,,,,50
6155,93,557,5,1,0,0x15,11,0,8,10,6.333,0.000,-6.333,-6,-6,220,220,57789,58517,58567,,778,,50,,,,,,50
6156,93,557,5,1,0,0x15,10,0,7,7,5.667,0.000,-5.667,-6,-5,220,220,57789,58567,58617,,828,,50,,,,,,50
6157,93,557,5,1,0,0x15,10,0,6,4,5.333,0.000,-5.333,-5,-5,220,220,57789,58617,58667,,878,,50,,,,,,50
6158,93,557,5,1,0,0x15,9,0,6,1,5.000,0.000,-5.000,-5,-5,220,220,57789,58667,58717,,928,,50,,,,,,50
6159,93,557,5,1,0,0x15,8,0,5,0,4.333,0.000,-4.333,-5,-4,220,220,57789,58717,58767,,978,,50,,,,,,50
6160,93,557,5,1,0,0x15,8,0,5,0,4.333,0.000,-4.333,-4,-4,220,220,57789,58767,58817,,1028,,50,,,,,,50
6161,93,557,5,1,0,0x15,12,0,5,0,5.667,0.000,-5.667,-4,-5,220,220,57789,58817,58867,,1078,,50,,,,,,50
6162,93,557,5,1,0,0x15,7,0,4,0,3.667,0.000,-3.667,-5,-3,220,220,57789,58867,58917,,1128,,50,,,,,,50
6163,93,558,6,1,0,0x16,0,7,8,0,5.000,0.000,-5.000,-3,-5,220,220,58964,58917,59017,,53,,100,,,,,,50
6164,93,558,6,1,0,0x16,0,6,6,0,4.000,0.000,-4.000,-5,-4,220,220,58964,59017,59067,,103,,50,,,,,,50
6165,93,558,6,1,0,0x16,0,6,6,0,4.000,0.000,-4.000,-4,-4,220,220,58964,59067,59117,,153,,50,,,,,,50
6166,93,558,6,1,0,0x16,0,7,6,2,4.333,0.000,-4.333,-4,-4,220,220,58964,59117,59167,,203,,50,,,,,,50
6167,93,558,6,1,0,0x16,0,7,7,5,4.667,0.000,-4.667,-4,-4,220,220,58964,59167,59217,,253,,50,,,,,,50
6168,94,559,1,1,0,0x11,16,13,59,41,29.333,59.000,29.667,35,30,220,220,60114,60267,60317,,203,,50,,,,,,50
6169,94,559,1,1,0,0x11,14,12,50,37,25.333,50.000,24.667,30,25,220,220,60114,60317,60367,,253,,50,,,,,,50
6170,94,559,1,1,0,0x11,15,12,43,34,23.333,43.000,19.667,25,20,220,220,60114,60367,60417,,303,,50,,,,,,50
6171,94,559,1,1,0,0x11,14,12,36,32,20.667,36.000,15.333,20,16,220,220,60114,60417,60467,,353,,50,,,,,,50
6172,94,559,1,1,0,0x11,14,12,29,29,18.333,29.000,10.667,16,11,220,220,60114,60467,60517,,403,,50,,,,,,50
6173,94,559,1,1,0,0x11,13,11,21,26,15.000,21.000,6.000,11,6,220,220,60114,60517,60567,,453,,50,,,,,,50
6174,94,559,1,1,0,0x11,13,11,15,24,13.000,15.000,2.000,6,2,220,220,60114,60567,60617,,503,,50,,,,,,50
6175,94,559,1,1,1,0x31,13,10,8,21,10.333,8.000,-2.333,2,-2,220,220,60114,60617,60667,0,553,5422,50,4919,60667,575,575,575,50
6176,94,559,1,1,0,0x11,12,10,1,19,7.667,1.000,-6.667,-2,-6,220,220,60114,60667,60717,,603,,50,,,,,,50
6177,94,559,1,1,0,0x11,12,9,0,16,7.000,0.000,-7.000,-6,-7,220,220,60114,60717,60767,,653,,50,,,,,,50
6178,94,559,1,1,0,0x11,11,9,0,13,6.667,0.000,-6.667,-7,-6,220,220,60114,60767,60817,,703,,50,,,,,,50
6179,94,559,1,1,0,0x11,16,8,0,11,8.000,0.000,-8.000,-6,-8,220,220,60114,60817,60867,,753,,50,,,,,,50
6180,94,559,1,1,0,0x11,10,8,0,8,6.000,0.000,-6.000,-8,-6,220,220,60114,60867,60917,,803,,50,,,,,,50
6181,94,559,1,1,0,0x11,10,8,0,5,6.000,0.000,-6.000,-6,-6,220,220,60114,60917,60967,,853,,50,,,,,,50
6182,94,559,1,1,0,0x11,9,7,0,2,5.333,0.000,-5.333,-6,-5,220,220,60114,60967,61017,,903,,50,,,,,,50
6183,94,559,1,1,0,0x11,9,7,0,0,5.333,0.000,-5.333,-5,-5,220,220,60114,61017,61067,,953,,50,,,,,,50
6184,94,559,1,1,0,0x11,8,6,0,0,4.667,0.000,-4.667,-5,-4,220,220,60114,61067,61117,,1003,,50,,,,,,50
6185,94,559,1,1,0,0x11,8,6,0,0,4.667,0.000,-4.667,-4,-4,220,220,60114,61117,61167,,1053,,50,,,,,,50
6186,94,559,1,1,0,0x11,7,5,0,0,4.000,0.000,-4.000,-4,-4,220,220,60114,61167,61217,,1103,,50,,,,,,50
6187,94,560,2,1,0,0x12,13,0,5,0,6.000,0.000,-6.000,-4,-6,220,220,61264,61217,61317,,53,,100,,,,,,50
6188,94,560,2,1,0,0x12,17,93,14,52,41.333,93.000,51.667,48,52,220,220,61264,62317,62367,,1103,,50,,,,,,50
6189,94,560,2,1,0,0x12,17,101,14,55,44.000,101.000,57.000,52,57,220,220,61264,62367,62417,,1153,,50,,,,,,50
6190,94,560,2,1,0,0x12,18,109,14,58,47.000,109.000,62.000,57,62,220,220,61264,62417,62467,,1203,,50,,,,,,50
6191,94,561,3,1,0,0x13,74,14,12,45,33.333,74.000,40.667,62,41,220,220,62489,62467,62567,,78,,100,,,,,,50
6192,94,561,3,1,0,0x13,67,14,12,41,31.000,67.000,36.000,41,36,220,220,62489,62567,62617,,128,,50,,,,,,50
6193,94,561,3,1,0,0x13,59,13,12,39,28.000,59.000,31.000,36,31,220,220,62489,62617,62667,,178,,50,,,,,,50
6194,94,561,3,1,0,0x13,51,13,11,36,25.000,51.000,26.000,31,26,220,220,62489,62667,62717,,228,,50,,,,,,50
6195,94,561,3,1,0,0x13,43,12,10,33,21.667,43.000,21.333,26,22,220,220,62489,62717,62767,,278,,50,,,,,,50
6196,94,561,3,1,0,0x13,36,12,10,30,19.333,36.000,16.667,22,17,220,220,62489,62767,62817,,328,,50,,,,,,50
6197,94,561,3,1,0,0x13,33,12,10,28,18.333,33.000,14.667,17,15,220,220,62489,62817,62867,,378,,50,,,,,,50
6198,94,561,3,1,0,0x13,21,11,9,25,13.667,21.000,7.333,15,8,220,220,62489,62867,62917,,428,,50,,,,,,50
6199,94,561,3,1,0,0x13,14,11,9,21,11.333,14.000,2.667,8,3,220,220,62489,62917,62967,,478,,50,,,,,,50
6200,94,561,3,1,1,0x33,7,10,8,20,8.333,7.000,-1.333,3,-1,220,220,62489,62967,63017,0,528,3047,50,2569,63017,575,575,575,50
6201,94,561,3,1,0,0x13,1,10,8,17,6.333,1.000,-5.333,-1,-5,220,220,62489,63017,63067,,578,,50,,,,,,50
6202,94,561,3,1,0,0x13,0,10,8,14,6.000,0.000,-6.000,-5,-6,220,220,62489,63067,63117,,628,,50,,,,,,50
6203,94,561,3,1,0,0x13,0,9,7,11,5.333,0.000,-5.333,-6,-5,220,220,62489,63117,63167,,678,,50,,,,,,50
6204,94,561,3,1,0,0x13,0,9,7,9,5.333,0.000,-5.333,-5,-5,220,220,62489,63167,63217,,728,,50,,,,,,50
6205,94,561,3,1,0,0x13,0,8,7,6,5.000,0.000,-5.000,-5,-5,220,220,62489,63217,63267,,778,,50,,,,,,50
6206,94,561,3,1,0,0x13,0,8,6,3,4.667,0.000,-4.667,-5,-4,220,220,62489,63267,63317,,828,,50,,,,,,50
6207,94,561,3,1,0,0x13,0,7,6,0,4.333,0.000,-4.333,-4,-4,220,220,62489,63317,63367,,878,,50,,,,,,50
6208,94,562,4,1,0,0x14,15,13,57,40,28.333,57.000,28.667,25,29,220,220,63614,64417,64467,,853,,50,,,,,,50
6209,94,562,4,1,0,0x14,15,13,64,42,30.667,64.000,33.333,29,34,220,220,63614,64467,64517,,903,,50,,,,,,50
6210,94,562,4,1,0,0x14,16,14,71,45,33.667,71.000,37.333,34,38,220,220,63614,64517,64567,,953,,50,,,,,,50
6211,94,562,4,1,0,0x14,16,14,79,48,36.333,79.000,42.667,38,43,220,220,63614,64567,64617,,1003,,50,,,,,,50
6212,94,562,4,1,0,0x14,16,14,86,50,38.667,86.000,47.333,43,48,220,220,63614,64617,64667,,1053,,50,,,,,,50
6213,94,562,4,1,0,0x14,17,14,93,53,41.333,93.000,51.667,48,52,220,220,63614,64667,64717,,1103,,50,,,,,,50
6214,94,563,5,1,0,0x15,12,79,13,45,34.667,79.000,44.333,52,45,220,220,64764,64717,64817,,53,,100,,,,,,50
6215,94,563,5,1,0,0x15,20,74,14,46,36.000,74.000,38.000,45,38,220,220,64764,64817,64867,,103,,50,,,,,,50
6216,94,563,5,1,0,0x15,16,66,13,42,31.667,66.000,34.333,38,35,220,220,64764,64867,64917,,153,,50,,,,,,50
6217,94,563,5,1,0,0x15,15,57,12,39,28.000,57.000,29.000,35,29,220,220,64764,64917,64967,,203,,50,,,,,,50
6218,94,563,5,1,0,0x15,15,49,11,36,25.000,49.000,24.000,29,24,220,220,64764,64967,65017,,253,,50,,,,,,50
6219,94,563,5,1,0,0x15,14,42,11,33,22.333,42.000,19.667,24,20,220,220,64764,65017,65067,,303,,50,,,,,,50
6220,94,563,5,1,0,0x15,14,35,11,31,20.000,35.000,15.000,20,15,220,220,64764,65067,65117,,353,,50,,,,,,50
6221,94,563,5,1,0,0x15,13,28,10,28,17.000,28.000,11.000,15,11,220,220,64764,65117,65167,,403,,50,,,,,,50
6222,94,563,5,1,0,0x15,13,20,10,25,14.333,20.000,5.667,11,6,220,220,64764,65167,65217,,453,,50,,,,,,50
6223,94,563,5,1,0,0x15,12,14,9,23,11.667,14.000,2.333,6,3,220,220,64764,65217,65267,,503,,50,,,,,,50
6224,94,563,5,1,1,0x35,12,6,9,21,9.000,6.000,-3.000,3,-3,220,220,64764,65267,65317,0,553,772,50,269,65317,575,575,575,50
6225,94,563,5,1,0,0x15,11,0,9,18,6.667,0.000,-6.667,-3,-6,220,220,64764,65317,65367,,603,,50,,,,,,50
6226,94,563,5,1,0,0x15,11,0,8,15,6.333,0.000,-6.333,-6,-6,220,220,64764,65367,65417,,653,,50,,,,,,50
6227,94,563,5,1,0,0x15,11,0,8,13,6.333,0.000,-6.333,-6,-6,220,220,64764,65417,65467,,703,,50,,,,,,50
6228,94,564,6,1,0,0x16,30,11,10,28,17.000,30.000,13.000,9,13,220,220,378,981,1031,,653,,50,,,,,,50
6229,94,564,6,1,0,0x16,36,12,11,31,19.667,36.000,16.333,13,17,220,220,378,1031,1081,,703,,50,,,,,,50
6230,94,564,6,1,0,0x16,44,12,11,33,22.333,44.000,21.667,17,22,220,220,378,1081,1131,,753,,50,,,,,,50
6231,94,564,6,1,0,0x16,52,13,12,36,25.667,52.000,26.333,22,27,220,220,378,1131,1181,,803,,50,,,,,,50
6232,94,564,6,1,0,0x16,58,13,12,39,27.667,58.000,30.333,27,31,220,220,378,1181,1231,,853,,50,,,,,,50
6233,94,564,6,1,0,0x16,66,13,12,42,30.333,66.000,35.667,31,36,220,220,378,1231,1281,,903,,50,,,,,,50
6234,94,564,6,1,0,0x16,77,14,12,45,34.333,77.000,42.667,36,43,220,220,378,1281,1331,,953,,50,,,,,,50
6235,94,564,6,1,0,0x16,80,14,13,47,35.667,80.000,44.333,43,45,220,220,378,1331,1381,,1003,,50,,,,,,50
6236,94,564,6,1,0,0x16,87,15,13,50,38.333,87.000,48.667,45,49,220,220,378,1381,1431,,1053,,50,,,,,,50
6237,94,564,6,1,0,0x16,94,15,14,52,41.000,94.000,53.000,49,53,220,220,378,1431,1481,,1103,,50,,,,,,50
6238,95,565,1,1,0,0x11,15,11,81,47,35.667,81.000,45.333,53,46,220,220,1528,1481,1581,,53,,100,,,,,,50
6239,95,565,1,1,0,0x11,18,13,75,48,35.333,75.000,39.667,46,40,220,220,1528,1581,1631,,103,,50,,,,,,50
6240,95,565,1,1,0,0x11,17,13,67,44,32.333,67.000,34.667,40,35,220,220,1528,1631,1681,,153,,50,,,,,,50
6241,95,565,1,1,0,0x11,16,13,60,41,29.667,60.000,30.333,35,31,220,220,1528,1681,1731,,203,,50,,,,,,50
6242,95,565,1,1,0,0x11,15,12,52,38,26.333,52.000,25.667,31,26,220,220,1528,1731,1781,,253,,50,,,,,,50
6243,95,565,1,1,0,0x11,15,12,44,35,23.667,44.000,20.333,26,21,220,220,1528,1781,1831,,303,,50,,,,,,50
6244,95,565,1,1,0,0x11,14,12,37,32,21.000,37.000,16.000,21,16,220,220,1528,1831,1881,,353,,50,,,,,,50
6245,95,565,1,1,0,0x11,14,11,29,29,18.000,29.000,11.000,16,11,220,220,1528,1881,1931,,403,,50,,,,,,50
6246,95,565,1,1,0,0x11,14,11,22,26,15.667,22.000,6.333,11,7,220,220,1528,1931,1981,,453,,50,,,,,,50
6247,95,565,1,1,0,0x11,13,11,16,24,13.333,16.000,2.667,7,3,220,220,1528,1981,2031,,503,,50,,,,,,50
6248,95,566,2,1,0,0x12,12,0,8,17,6.667,0.000,-6.667,-6,-6,220,220,2678,3081,3131,,453,,50,,,,,,50
6249,95,566,2,1,0,0x12,12,3,8,19,7.667,3.000,-4.667,-6,-4,220,220,2678,3131,3181,,503,,50,,,,,,50
6250,95,566,2,1,0,0x12,12,10,9,21,10.333,10.000,-0.333,-4,0,220,220,2678,3181,3231,,553,,50,,,,,,50
6251,95,566,2,1,1,0x32,13,17,9,24,13.000,17.000,4.000,0,4,220,220,2678,3231,3281,0,603,62858,50,62305,3281,600,600,600,50
6252,95,566,2,1,0,0x12,17,24,10,27,17.000,24.000,7.000,4,7,220,220,2678,3281,3331,,653,,50,,,,,,50
6253,95,566,2,1,0,0x12,14,31,10,29,18.333,31.000,12.667,7,13,220,220,2678,3331,3381,,703,,50,,,,,,50
6254,95,566,2,1,0,0x12,14,38,11,32,21.000,38.000,17.000,13,17,220,220,2678,3381,3431,,753,,50,,,,,,50
6255,95,566,2,1,0,0x12,14,45,11,35,23.333,45.000,21.667,17,22,220,220,2678,3431,3481,,803,,50,,,,,,50
6256,95,566,2,1,0,0x12,15,53,11,37,26.333,53.000,26.667,22,27,220,220,2678,3481,3531,,853,,50,,,,,,50
6257,95,566,2,1,0,0x12,16,60,12,40,29.333,60.000,30.667,27,31,220,220,2678,3531,3581,,903,,50,,,,,,50
6258,95,566,2,1,0,0x12,15,68,12,43,31.667,68.000,36.333,31,37,220,220,2678,3581,3631,,953,,50,,,,,,50
6259,95,566,2,1,0,0x12,16,76,13,46,35.000,76.000,41.000,37,41,220,220,2678,3631,3681,,1003,,50,,,,,,50
6260,95,566,2,1,0,0x12,16,83,13,48,37.333,83.000,45.667,41,46,220,220,2678,3681,3731,,1053,,50,,,,,,50
6261,95,566,2,1,0,0x12,16,91,13,51,40.000,91.000,51.000,46,51,220,220,2678,3731,3781,,1103,,50,,,,,,50
6262,95,566,2,1,0,0x12,17,99,14,54,43.333,99.000,55.667,51,56,220,220,2678,3781,3831,,1153,,50,,,,,,50
6263,95,566,2,1,0,0x12,17,107,14,57,46.000,107.000,61.000,56,61,220,220,2678,3831,3881,,1203,,50,,,,,,50
6264,95,567,3,1,0,0x13,72,14,12,44,32.667,72.000,39.333,61,40,220,220,3903,3881,3981,,78,,100,,,,,,50
6265,95,567,3,1,0,0x13,64,14,12,41,30.000,64.000,34.000,40,34,220,220,3903,3981,4031,,128,,50,,,,,,50
6266,95,567,3,1,0,0x13,57,13,11,38,27.000,57.000,30.000,34,30,220,220,3903,4031,4081,,178,,50,,,,,,50
6267,95,567,3,1,0,0x13,49,12,11,35,24.000,49.000,25.000,30,25,220,220,3903,4081,4131,,228,,50,,,,,,50
6268,95,568,4,1,0,0x14,9,8,0,5,5.667,0.000,-5.667,-5,-5,220,220,5028,5181,5231,,203,,50,,,,,,50
6269,95,568,4,1,0,0x14,10,8,0,8,6.000,0.000,-6.000,-5,-6,220,220,5028,5231,5281,,253,,50,,,,,,50
6270,95,568,4,1,0,0x14,9,9,0,10,6.000,0.000,-6.000,-6,-6,220,220,5028,5281,5331,,303,,50,,,,,,50
6271,95,568,4,1,0,0x14,14,9,0,13,7.667,0.000,-7.667,-6,-7,220,220,5028,5331,5381,,353,,50,,,,,,50
6272,95,568,4,1,0,0x14,11,9,0,16,6.667,0.000,-6.667,-7,-6,220,220,5028,5381,5431,,403,,50,,,,,,50
6273,95,568,4,1,0,0x14,11,10,1,19,7.333,1.000,-6.333,-6,-6,220,220,5028,5431,5481,,453,,50,,,,,,50
6274,95,568,4,1,0,0x14,12,10,8,21,10.000,8.000,-2.000,-6,-2,220,220,5028,5481,5531,,503,,50,,,,,,50
6275,95,568,4,1,1,0x34,12,11,13,24,12.000,13.000,1.000,-2,1,220,220,5028,5531,5581,0,553,60508,50,60005,5581,575,575,575,50
6276,95,568,4,1,0,0x14,12,11,21,26,14.667,21.000,6.333,1,7,220,220,5028,5581,5631,,603,,50,,,,,,50
6277,95,568,4,1,0,0x14,13,12,28,29,17.667,28.000,10.333,7,11,220,220,5028,5631,5681,,653,,50,,,,,,50
6278,95,568,4,1,0,0x14,13,12,35,31,20.000,35.000,15.000,11,15,220,220,5028,5681,5731,,703,,50,,,,,,50
6279,95,568,4,1,0,0x14,14,12,42,34,22.667,42.000,19.333,15,20,220,220,5028,5731,5781,,753,,50,,,,,,50
6280,95,568,4,1,0,0x14,14,13,50,36,25.667,50.000,24.333,20,25,220,220,5028,5781,5831,,803,,50,,,,,,50
6281,95,568,4,1,0,0x14,15,13,57,40,28.333,57.000,28.667,25,29,220,220,5028,5831,5881,,853,,50,,,,,,50
6282,95,568,4,1,0,0x14,15,13,64,42,30.667,64.000,33.333,29,34,220,220,5028,5881,5931,,903,,50,,,,,,50
6283,95,568,4,1,0,0x14,16,14,71,45,33.667,71.000,37.333,34,38,220,220,5028,5931,5981,,953,,50,,,,,,50
6284,95,568,4,1,0,0x14,16,14,79,47,36.333,79.000,42.667,38,43,220,220,5028,5981,6031,,1003,,50,,,,,,50
6285,95,568,4,1,0,0x14,16,15,86,50,39.000,86.000,47.000,43,47,220,220,5028,6031,6081,,1053,,50,,,,,,50
6286,95,568,4,1,0,0x14,17,15,94,53,42.000,94.000,52.000,47,52,220,220,5028,6081,6131,,1103,,50,,,,,,50
6287,95,569,5,1,0,0x15,12,83,13,46,36.000,83.000,47.000,52,47,220,220,6178,6131,6231,,53,,100,,,,,,50
6288,95,569,5,1,0,0x15,6,0,4,0,3.333,0.000,-3.333,-3,-3,220,220,6178,7231,7281,,1103,,50,,,,,,50
6289,95,570,6,1,0,0x16,0,8,8,0,5.333,0.000,-5.333,-3,-5,220,220,7328,7281,7381,,53,,100,,,,,,50
6290,95,570,6,1,0,0x16,0,6,6,0,4.000,0.000,-4.000,-5,-4,220,220,7328,7381,7431,,103,,50,,,,,,50
6291,95,570,6,1,0,0x16,0,6,6,1,4.000,0.000,-4.000,-4,-4,220,220,7328,7431,7481,,153,,50,,,,,,50
6292,95,570,6,1,0,0x16,0,7,6,3,4.333,0.000,-4.333,-4,-4,220,220,7328,7481,7531,,203,,50,,,,,,50
6293,95,570,6,1,0,0x16,0,8,7,6,5.000,0.000,-5.000,-4,-5,220,220,7328,7531,7581,,253,,50,,,,,,50
6294,95,570,6,1,0,0x16,0,8,7,9,5.000,0.000,-5.000,-5,-5,220,220,7328,7581,7631,,303,,50,,,,,,50
6295,95,570,6,1,0,0x16,0,9,8,12,5.667,0.000,-5.667,-5,-5,220,220,7328,7631,7681,,353,,50,,,,,,50
6296,95,570,6,1,0,0x16,0,9,8,14,5.667,0.000,-5.667,-5,-5,220,220,7328,7681,7731,,403,,50,,,,,,50
6297,95,570,6,1,0,0x16,1,10,9,17,6.667,1.000,-5.667,-5,-5,220,220,7328,7731,7781,,453,,50,,,,,,50
6298,95,570,6,1,0,0x16,8,10,9,20,9.000,8.000,-1.000,-5,-1,220,220,7328,7781,7831,,503,,50,,,,,,50
6299,95,570,6,1,1,0x36,14,10,9,22,11.000,14.000,3.000,-1,3,220,220,7328,7831,7881,0,553,58208,50,57705,7881,575,575,575,50
6300,95,570,6,1,0,0x16,21,11,10,25,14.000,21.000,7.000,3,7,220,220,7328,7881,7931,,603,,50,,,,,,50
6301,95,570,6,1,0,0x16,29,11,10,28,16.667,29.000,12.333,7,13,220,220,7328,7931,7981,,653,,50,,,,,,50
6302,95,570,6,1,0,0x16,36,11,11,31,19.333,36.000,16.667,13,17,220,220,7328,7981,8031,,703,,50,,,,,,50
6303,95,570,6,1,0,0x16,44,12,11,33,22.333,44.000,21.667,17,22,220,220,7328,8031,8081,,753,,50,,,,,,50
6304,95,570,6,1,0,0x16,51,13,11,37,25.000,51.000,26.000,22,26,220,220,7328,8081,8131,,803,,50,,,,,,50
6305,95,570,6,1,0,0x16,59,13,11,39,27.667,59.000,31.333,26,32,220,220,7328,8131,8181,,853,,50,,,,,,50
6306,95,570,6,1,0,0x16,66,13,12,41,30.333,66.000,35.667,32,36,220,220,7328,8181,8231,,903,,50,,,,,,50
6307,95,570,6,1,0,0x16,73,14,13,44,33.333,73.000,39.667,36,40,220,220,7328,8231,8281,,953,,50,,,,,,50
6308,96,571,1,1,0,0x11,14,7,0,2,7.000,0.000,-7.000,-5,-7,220,220,8478,9331,9381,,903,,50,,,,,,50
6309,96,571,1,1,0,0x11,9,7,0,0,5.333,0.000,-5.333,-7,-5,220,220,8478,9381,9431,,953,,50,,,,,,50
6310,96,571,1,1,0,0x11,9,6,0,0,5.000,0.000,-5.000,-5,-5,220,220,8478,9431,9481,,1003,,50,,,,,,50
6311,96,571,1,1,0,0x11,8,6,0,0,4.667,0.000,-4.667,-5,-4,220,220,8478,9481,9531,,1053,,50,,,,,,50
6312,96,571,1,1,0,0x11,7,5,0,0,4.000,0.000,-4.000,-4,-4,220,220,8478,9531,9581,,1103,,50,,,,,,50
6313,96,572,2,1,0,0x12,13,0,5,0,6.000,0.000,-6.000,-4,-6,220,220,9628,9581,9681,,53,,100,,,,,,50
6314,96,572,2,1,0,0x12,9,0,4,0,4.333,0.000,-4.333,-6,-4,220,220,9628,9681,9731,,103,,50,,,,,,50
6315,96,572,2,1,0,0x12,9,0,5,0,4.667,0.000,-4.667,-4,-4,220,220,9628,9731,9781,,153,,50,,,,,,50
6316,96,572,2,1,0,0x12,9,0,6,1,5.000,0.000,-5.000,-4,-5,220,220,9628,9781,9831,,203,,50,,,,,,50
6317,96,572,2,1,0,0x12,9,0,6,4,5.000,0.000,-5.000,-5,-5,220,220,9628,9831,9881,,253,,50,,,,,,50
6318,96,572,2,1,0,0x12,10,0,6,7,5.333,0.000,-5.333,-5,-5,220,220,9628,9881,9931,,303,,50,,,,,,50
6319,96,572,2,1,0,0x12,11,0,7,10,6.000,0.000,-6.000,-5,-6,220,220,9628,9931,9981,,353,,50,,,,,,50
6320,96,572,2,1,0,0x12,11,0,8,12,6.333,0.000,-6.333,-6,-6,220,220,9628,9981,10031,,403,,50,,,,,,50
6321,96,572,2,1,0,0x12,11,0,8,16,6.333,0.000,-6.333,-6,-6,220,220,9628,10031,10081,,453,,50,,,,,,50
6322,96,572,2,1,0,0x12,12,1,8,18,7.000,1.000,-6.000,-6,-6,220,220,9628,10081,10131,,503,,50,,,,,,50
6323,96,572,2,1,0,0x12,12,9,9,21,10.000,9.000,-1.000,-6,-1,220,220,9628,10131,10181,,553,,50,,,,,,50
6324,96,572,2,1,1,0x32,13,15,9,24,12.333,15.000,2.667,-1,3,220,220,9628,10181,10231,0,603,55908,50,55355,10231,600,600,600,50
6325,96,572,2,1,0,0x12,13,23,10,26,15.333,23.000,7.667,3,8,220,220,9628,10231,10281,,653,,50,,,,,,50
6326,96,572,2,1,0,0x12,18,30,10,29,19.333,30.000,10.667,8,11,220,220,9628,10281,10331,,703,,50,,,,,,50
6327,96,572,2,1,0,0x12,14,37,10,32,20.333,37.000,16.667,11,17,220,220,9628,10331,10381,,753,,50,,,,,,50
6328,96,573,3,1,0,0x13,0,9,8,14,5.667,0.000,-5.667,-6,-5,220,220,10853,11431,11481,,628,,50,,,,,,50
6329,96,573,3,1,0,0x13,0,9,7,11,5.333,0.000,-5.333,-5,-5,220,220,10853,11481,11531,,678,,50,,,,,,50
6330,96,573,3,1,0,0x13,0,8,7,9,5.000,0.000,-5.000,-5,-5,220,220,10853,11531,11581,,728,,50,,,,,,50
6331,96,573,3,1,0,0x13,0,8,7,6,5.000,0.000,-5.000,-5,-5,220,220,10853,11581,11631,,778,,50,,,,,,50
6332,96,573,3,1,0,0x13,0,8,6,3,4.667,0.000,-4.667,-5,-4,220,220,10853,11631,11681,,828,,50,,,,,,50
6333,96,573,3,1,0,0x13,0,7,6,1,4.333,0.000,-4.333,-4,-4,220,220,10853,11681,11731,,878,,50,,,,,,50
6334,96,573,3,1,0,0x13,0,7,5,0,4.000,0.000,-4.000,-4,-4,220,220,10853,11731,11781,,928,,50,,,,,,50
6335,96,573,3,1,0,0x13,0,6,5,0,3.667,0.000,-3.667,-4,-3,220,220,10853,11781,11831,,978,,50,,,,,,50
6336,96,573,3,1,0,0x13,0,6,4,0,3.333,0.000,-3.333,-3,-3,220,220,10853,11831,11881,,1028,,50,,,,,,50
6337,96,573,3,1,0,0x13,0,5,4,0,3.000,0.000,-3.000,-3,-3,220,220,10853,11881,11931,,1078,,50,,,,,,50
6338,96,573,3,1,0,0x13,0,5,4,0,3.000,0.000,-3.000,-3,-3,220,220,10853,11931,11981,,1128,,50,,,,,,50
6339,96,573,3,1,0,0x13,0,4,3,0,2.333,0.000,-2.333,-3,-2,220,220,10853,11981,12031,,1178,,50,,,,,,50
6340,96,574,4,1,0,0x14,9,8,0,2,5.667,0.000,-5.667,-2,-5,220,220,12053,12031,12131,,78,,100,,,,,,50
6341,96,574,4,1,0,0x14,9,8,0,5,5.667,0.000,-5.667,-5,-5,220,220,12053,12131,12181,,128,,50,,,,,,50
6342,96,574,4,1,0,0x14,9,8,0,8,5.667,0.000,-5.667,-5,-5,220,220,12053,12181,12231,,178,,50,,,,,,50
6343,96,574,4,1,0,0x14,10,9,0,10,6.333,0.000,-6.333,-5,-6,220,220,12053,12231,12281,,228,,50,,,,,,50
6344,96,574,4,1,0,0x14,15,9,0,14,8.000,0.000,-8.000,-6,-8,220,220,12053,12281,12331,,278,,50,,,,,,50
6345,96,574,4,1,0,0x14,11,10,0,16,7.000,0.000,-7.000,-8,-7,220,220,12053,12331,12381,,328,,50,,,,,,50
6346,96,574,4,1,0,0x14,12,10,2,19,8.000,2.000,-6.000,-7,-6,220,220,12053,12381,12431,,378,,50,,,,,,50
6347,96,574,4,1,0,0x14,12,10,9,21,10.333,9.000,-1.333,-6,-1,220,220,12053,12431,12481,,428,,50,,,,,,50
6348,96,575,5,1,0,0x15,13,21,10,26,14.667,21.000,6.333,11,7,220,220,13103,13531,13581,,478,,50,,,,,,50
6349,96,575,5,1,0,0x15,13,14,10,23,12.333,14.000,1.667,7,2,220,220,13103,13581,13631,,528,,50,,,,,,50
6350,96,575,5,1,1,0x35,12,7,9,21,9.333,7.000,-2.333,2,-2,220,220,13103,13631,13681,0,578,52433,50,51905,13681,575,575,575,50
6351,96,575,5,1,0,0x15,11,0,9,18,6.667,0.000,-6.667,-2,-6,220,220,13103,13681,13731,,628,,50,,,,,,50
6352,96,575,5,1,0,0x15,11,0,8,15,6.333,0.000,-6.333,-6,-6,220,220,13103,13731,13781,,678,,50,,,,,,50
6353,96,575,5,1,0,0x15,11,0,8,13,6.333,0.000,-6.333,-6,-6,220,220,13103,13781,13831,,728,,50,,,,,,50
6354,96,575,5,1,0,0x15,10,0,8,10,6.000,0.000,-6.000,-6,-6,220,220,13103,13831,13881,,778,,50,,,,,,50
6355,96,575,5,1,0,0x15,10,0,7,7,5.667,0.000,-5.667,-6,-5,220,220,13103,13881,13931,,828,,50,,,,,,50
6356,96,575,5,1,0,0x15,10,0,7,4,5.667,0.000,-5.667,-5,-5,220,220,13103,13931,13981,,878,,50,,,,,,50
6357,96,575,5,1,0,0x15,9,0,6,2,5.000,0.000,-5.000,-5,-5,220,220,13103,13981,14031,,928,,50,,,,,,50
6358,96,575,5,1,0,0x15,8,0,6,0,4.667,0.000,-4.667,-5,-4,220,220,13103,14031,14081,,978,,50,,,,,,50
6359,96,575,5,1,0,0x15,8,0,5,0,4.333,0.000,-4.333,-4,-4,220,220,13103,14081,14131,,1028,,50,,,,,,50
6360,96,575,5,1,0,0x15,8,0,5,0,4.333,0.000,-4.333,-4,-4,220,220,13103,14131,14181,,1078,,50,,,,,,50
6361,96,575,5,1,0,0x15,7,0,4,0,3.667,0.000,-3.667,-4,-3,220,220,13103,14181,14231,,1128,,50,,,,,,50
6362,96,576,6,1,0,0x16,0,7,8,0,5.000,0.000,-5.000,-3,-5,220,220,14278,14231,14331,,53,,100,,,,,,50
6363,96,576,6,1,0,0x16,0,6,6,0,4.000,0.000,-4.000,-5,-4,220,220,14278,14331,14381,,103,,50,,,,,,50
6364,96,576,6,1,0,0x16,0,6,6,0,4.000,0.000,-4.000,-4,-4,220,220,14278,14381,14431,,153,,50,,,,,,50
6365,96,576,6,1,0,0x16,0,7,6,3,4.333,0.000,-4.333,-4,-4,220,220,14278,14431,14481,,203,,50,,,,,,50
6366,96,576,6,1,0,0x16,0,8,6,5,4.667,0.000,-4.667,-4,-4,220,220,14278,14481,14531,,253,,50,,,,,,50
6367,96,576,6,1,0,0x16,0,8,7,8,5.000,0.000,-5.000,-4,-5,220,220,14278,14531,14581,,303,,50,,,,,,50
6368,97,577,1,1,0,0x11,15,13,49,37,25.667,49.000,23.333,29,24,220,220,15428,15631,15681,,253,,50,,,,,,50
6369,97,577,1,1,0,0x11,14,12,42,34,22.667,42.000,19.333,24,20,220,220,15428,15681,15731,,303,,50,,,,,,50
6370,97,577,1,1,0,0x11,14,12,35,31,20.333,35.000,14.667,20,15,220,220,15428,15731,15781,,353,,50,,,,,,50
6371,97,577,1,1,0,0x11,14,11,28,28,17.667,28.000,10.333,15,11,220,220,15428,15781,15831,,403,,50,,,,,,50
6372,97,577,1,1,0,0x11,13,11,21,26,15.000,21.000,6.000,11,6,220,220,15428,15831,15881,,453,,50,,,,,,50
6373,97,577,1,1,0,0x11,13,10,14,23,12.333,14.000,1.667,6,2,220,220,15428,15881,15931,,503,,50,,,,,,50
6374,97,577,1,1,1,0x31,13,10,7,21,10.000,7.000,-3.000,2,-3,220,220,15428,15931,15981,0,553,50108,50,49605,15981,575,575,575,50
6375,97,577,1,1,0,0x11,12,9,0,18,7.000,0.000,-7.000,-3,-7,220,220,15428,15981,16031,,603,,50,,,,,,50
6376,97,577,1,1,0,0x11,12,9,0,16,7.000,0.000,-7.000,-7,-7,220,220,15428,16031,16081,,653,,50,,,,,,50
6377,97,577,1,1,0,0x11,12,8,0,13,6.667,0.000,-6.667,-7,-6,220,220,15428,16081,16131,,703,,50,,,,,,50
6378,97,577,1,1,0,0x11,11,8,0,10,6.333,0.000,-6.333,-6,-6,220,220,15428,16131,16181,,753,,50,,,,,,50
6379,97,577,1,1,0,0x11,10,8,0,7,6.000,0.000,-6.000,-6,-6,220,220,15428,16181,16231,,803,,50,,,,,,50
6380,97,577,1,1,0,0x11,10,7,0,4,5.667,0.000,-5.667,-6,-5,220,220,15428,16231,16281,,853,,50,,,,,,50
6381,97,577,1,1,0,0x11,14,7,0,2,7.000,0.000,-7.000,-5,-7,220,220,15428,16281,16331,,903,,50,,,,,,50
6382,97,577,1,1,0,0x11,9,6,0,0,5.000,0.000,-5.000,-7,-5,220,220,15428,16331,16381,,953,,50,,,,,,50
6383,97,577,1,1,0,0x11,8,6,0,0,4.667,0.000,-4.667,-5,-4,220,220,15428,16381,16431,,1003,,50,,,,,,50
6384,97,577,1,1,0,0x11,8,6,0,0,4.667,0.000,-4.667,-4,-4,220,220,15428,16431,16481,,1053,,50,,,,,,50
6385,97,577,1,1,0,0x11,7,5,0,0,4.000,0.000,-4.000,-4,-4,220,220,15428,16481,16531,,1103,,50,,,,,,50
6386,97,578,2,1,0,0x12,13,0,6,0,6.333,0.000,-6.333,-4,-6,220,220,16578,16531,16631,,53,,100,,,,,,50
6387,97,578,2,1,0,0x12,9,0,5,0,4.667,0.000,-4.667,-6,-4,220,220,16578,16631,16681,,103,,50,,,,,,50
6388,97,579,3,1,0,0x13,88,14,10,47,37.333,88.000,50.667,52,51,220,220,17728,17681,17781,,53,,100,,,,,,50
6389,97,579,3,1,0,0x13,84,16,12,48,37.333,84.000,46.667,51,47,220,220,17728,17781,17831,,103,,50,,,,,,50
6390,97,579,3,1,0,0x13,76,14,12,45,34.000,76.000,42.000,47,42,220,220,17728,17831,17881,,153,,50,,,,,,50
6391,97,579,3,1,0,0x13,68,14,12,43,31.333,68.000,36.667,42,37,220,220,17728,17881,17931,,203,,50,,,,,,50
6392,97,579,3,1,0,0x13,60,13,12,39,28.333,60.000,31.667,37,32,220,220,17728,17931,17981,,253,,50,,,,,,50
6393,97,579,3,1,0,0x13,52,13,11,36,25.333,52.000,26.667,32,27,220,220,17728,17981,18031,,303,,50,,,,,,50
6394,97,579,3,1,0,0x13,45,13,11,33,23.000,45.000,22.000,27,22,220,220,17728,18031,18081,,353,,50,,,,,,50
6395,97,579,3,1,0,0x13,37,12,11,30,20.000,37.000,17.000,22,17,220,220,17728,18081,18131,,403,,50,,,,,,50
6396,97,579,3,1,0,0x13,29,12,10,28,17.000,29.000,12.000,17,12,220,220,17728,18131,18181,,453,,50,,,,,,50
6397,97,579,3,1,0,0x13,22,12,9,25,14.333,22.000,7.667,12,8,220,220,17728,18181,18231,,503,,50,,,,,,50
6398,97,579,3,1,0,0x13,15,11,9,22,11.667,15.000,3.333,8,4,220,220,17728,18231,18281,,553,,50,,,,,,50
6399,97,579,3,1,0,0x13,12,10,9,20,10.333,12.000,1.667,4,2,220,220,17728,18281,18331,,603,,50,,,,,,50
6400,97,579,3,1,1,0x33,1,10,8,17,6.333,1.000,-5.333,2,-5,220,220,17728,18331,18381,0,653,47808,50,47205,18381,625,625,625,50
6401,97,579,3,1,0,0x13,0,9,8,14,5.667,0.000,-5.667,-5,-5,220,220,17728,18381,18431,,703,,50,,,,,,50
6402,97,579,3,1,0,0x13,0,9,8,11,5.667,0.000,-5.667,-5,-5,220,220,17728,18431,18481,,753,,50,,,,,,50
6403,97,579,3,1,0,0x13,0,9,7,8,5.333,0.000,-5.333,-5,-5,220,220,17728,18481,18531,,803,,50,,,,,,50
6404,97,579,3,1,0,0x13,0,8,6,6,4.667,0.000,-4.667,-5,-4,220,220,17728,18531,18581,,853,,50,,,,,,50
6405,97,579,3,1,0,0x13,0,8,6,2,4.667,0.000,-4.667,-4,-4,220,220,17728,18581,18631,,903,,50,,,,,,50
6406,97,579,3,1,0,0x13,0,7,6,0,4.333,0.000,-4.333,-4,-4,220,220,17728,18631,18681,,953,,50,,,,,,50
6407,97,579,3,1,0,0x13,0,7,5,0,4.000,0.000,-4.000,-4,-4,220,220,17728,18681,18731,,1003,,50,,,,,,50
6408,97,580,4,1,0,0x14,15,13,64,42,30.667,64.000,33.333,28,34,220,220,19028,19781,19831,,803,,50,,,,,,50
6409,97,580,4,1,0,0x14,15,14,71,44,33.333,71.000,37.667,34,38,220,220,19028,19831,19881,,853,,50,,,,,,50
6410,97,580,4,1,0,0x14,16,14,78,47,36.000,78.000,42.000,38,42,220,220,19028,19881,19931,,903,,50,,,,,,50
6411,97,580,4,1,0,0x14,16,14,85,50,38.333,85.000,46.667,42,47,220,220,19028,19931,19981,,953,,50,,,,,,50
6412,97,580,4,1,0,0x14,17,14,93,53,41.333,93.000,51.667,47,52,220,220,19028,19981,20031,,1003,,50,,,,,,50
6413,97,581,5,1,0,0x15,12,78,13,45,34.333,78.000,43.667,52,44,220,220,20078,20031,20131,,53,,100,,,,,,50
6414,97,581,5,1,0,0x15,16,73,14,46,34.333,73.000,38.667,44,39,220,220,20078,20131,20181,,103,,50,,,,,,50
6415,97,581,5,1,0,0x15,15,65,12,42,30.667,65.000,34.333,39,35,220,220,20078,20181,20231,,153,,50,,,,,,50
6416,97,581,5,1,0,0x15,15,57,12,39,28.000,57.000,29.000,35,29,220,220,20078,20231,20281,,203,,50,,,,,,50
6417,97,581,5,1,0,0x15,18,49,11,37,26.000,49.000,23.000,29,23,220,220,20078,20281,20331,,253,,50,,,,,,50
6418,97,581,5,1,0,0x15,14,42,11,33,22.333,42.000,19.667,23,20,220,220,20078,20331,20381,,303,,50,,,,,,50
6419,97,581,5,1,0,0x15,14,35,10,31,19.667,35.000,15.333,20,16,220,220,20078,20381,20431,,353,,50,,,,,,50
6420,97,581,5,1,0,0x15,13,27,10,28,16.667,27.000,10.333,16,11,220,220,20078,20431,20481,,403,,50,,,,,,50
6421,97,581,5,1,0,0x15,13,20,10,26,14.333,20.000,5.667,11,6,220,220,20078,20481,20531,,453,,50,,,,,,50
6422,97,581,5,1,0,0x15,12,12,10,23,11.333,12.000,0.667,6,1,220,220,20078,20531,20581,,503,,50,,,,,,50
6423,97,581,5,1,1,0x35,12,5,9,20,8.667,5.000,-3.667,1,-3,220,220,20078,20581,20631,0,553,45458,50,44955,20631,575,575,575,50
6424,97,581,5,1,0,0x15,11,0,9,17,6.667,0.000,-6.667,-3,-6,220,220,20078,20631,20681,,603,,50,,,,,,50
6425,97,581,5,1,0,0x15,11,0,8,14,6.333,0.000,-6.333,-6,-6,220,220,20078,20681,20731,,653,,50,,,,,,50
6426,97,581,5,1,0,0x15,11,0,8,12,6.333,0.000,-6.333,-6,-6,220,220,20078,20731,20781,,703,,50,,,,,,50
6427,97,581,5,1,0,0x15,10,0,7,9,5.667,0.000,-5.667,-6,-5,220,220,20078,20781,20831,,753,,50,,,,,,50
6428,97,582,6,1,0,0x16,35,11,10,30,18.667,35.000,16.333,12,17,220,220,21228,21881,21931,,703,,50,,,,,,50
6429,97,582,6,1,0,0x16,42,12,11,33,21.667,42.000,20.333,17,21,220,220,21228,21931,21981,,753,,50,,,,,,50
6430,97,582,6,1,0,0x16,50,13,11,36,24.667,50.000,25.333,21,26,220,220,21228,21981,22031,,803,,50,,,,,,50
6431,97,582,6,1,0,0x16,58,13,12,38,27.667,58.000,30.333,26,31,220,220,21228,22031,22081,,853,,50,,,,,,50
6432,97,582,6,1,0,0x16,64,13,12,41,29.667,64.000,34.333,31,35,220,220,21228,22081,22131,,903,,50,,,,,,50
6433,97,582,6,1,0,0x16,71,14,13,44,32.667,71.000,38.333,35,39,220,220,21228,22131,22181,,953,,50,,,,,,50
6434,97,582,6,1,0,0x16,79,14,13,46,35.333,79.000,43.667,39,44,220,220,21228,22181,22231,,1003,,50,,,,,,50
6435,97,582,6,1,0,0x16,86,15,13,49,38.000,86.000,48.000,44,48,220,220,21228,22231,22281,,1053,,50,,,,,,50
6436,97,582,6,1,0,0x16,97,15,13,52,41.667,97.000,55.333,48,56,220,220,21228,22281,22331,,1103,,50,,,,,,50
6437,98,583,1,1,0,0x11,15,11,83,47,36.333,83.000,46.667,56,47,220,220,22378,22331,22431,,53,,100,,,,,,50
6438,98,583,1,1,0,0x11,18,13,77,47,36.000,77.000,41.000,47,41,220,220,22378,22431,22481,,103,,50,,,,,,50
6439,98,583,1,1,0,0x11,17,14,68,45,33.000,68.000,35.000,41,35,220,220,22378,22481,22531,,153,,50,,,,,,50
6440,98,583,1,1,0,0x11,16,13,60,41,29.667,60.000,30.333,35,31,220,220,22378,22531,22581,,203,,50,,,,,,50
6441,98,583,1,1,0,0x11,15,13,52,38,26.667,52.000,25.333,31,26,220,220,22378,22581,22631,,253,,50,,,,,,50
6442,98,583,1,1,0,0x11,15,12,44,35,23.667,44.000,20.333,26,21,220,220,22378,22631,22681,,303,,50,,,,,,50
6443,98,583,1,1,0,0x11,14,11,37,32,20.667,37.000,16.333,21,17,220,220,22378,22681,22731,,353,,50,,,,,,50
6444,98,583,1,1,0,0x11,14,11,29,29,18.000,29.000,11.000,17,11,220,220,22378,22731,22781,,403,,50,,,,,,50
6445,98,583,1,1,0,0x11,14,11,22,26,15.667,22.000,6.333,11,7,220,220,22378,22781,22831,,453,,50,,,,,,50
6446,98,583,1,1,0,0x11,12,10,15,24,12.333,15.000,2.667,7,3,220,220,22378,22831,22881,,503,,50,,,,,,50
6447,98,583,1,1,1,0x31,13,10,8,21,10.333,8.000,-2.333,3,-2,220,220,22378,22881,22931,0,553,43158,50,42655,22931,575,575,575,50
6448,98,584,2,1,0,0x12,12,1,8,19,7.000,1.000,-6.000,-6,-6,220,220,23528,23981,24031,,503,,50,,,,,,50
6449,98,584,2,1,0,0x12,13,9,9,21,10.333,9.000,-1.333,-6,-1,220,220,23528,24031,24081,,553,,50,,,,,,50
6450,98,584,2,1,1,0x32,13,16,9,23,12.667,16.000,3.333,-1,4,220,220,23528,24081,24131,0,603,42008,50,41455,24131,600,600,600,50
6451,98,584,2,1,0,0x12,14,23,9,26,15.333,23.000,7.667,4,8,220,220,23528,24131,24181,,653,,50,,,,,,50
6452,98,584,2,1,0,0x12,14,30,10,29,18.000,30.000,12.000,8,12,220,220,23528,24181,24231,,703,,50,,,,,,50
6453,98,584,2,1,0,0x12,14,37,10,32,20.333,37.000,16.667,12,17,220,220,23528,24231,24281,,753,,50,,,,,,50
6454,98,584,2,1,0,0x12,19,45,11,35,25.000,45.000,20.000,17,20,220,220,23528,24281,24331,,803,,50,,,,,,50
6455,98,584,2,1,0,0x12,15,53,11,37,26.333,53.000,26.667,20,27,220,220,23528,24331,24381,,853,,50,,,,,,50
6456,98,584,2,1,0,0x12,15,60,11,40,28.667,60.000,31.333,27,32,220,220,23528,24381,24431,,903,,50,,,,,,50
6457,98,584,2,1,0,0x12,15,68,12,43,31.667,68.000,36.333,32,37,220,220,23528,24431,24481,,953,,50,,,,,,50
6458,98,584,2,1,0,0x12,16,76,13,46,35.000,76.000,41.000,37,41,220,220,23528,24481,24531,,1003,,50,,,,,,50
6459,98,584,2,1,0,0x12,17,84,13,49,38.000,84.000,46.000,41,46,220,220,23528,24531,24581,,1053,,50,,,,,,50
6460,98,584,2,1,0,0x12,17,92,14,52,41.000,92.000,51.000,46,51,220,220,23528,24581,24631,,1103,,50,,,,,,50
6461,98,584,2,1,0,0x12,17,100,14,54,43.667,100.000,56.333,51,57,220,220,23528,24631,24681,,1153,,50,,,,,,50
6462,98,584,2,1,0,0x12,17,108,15,57,46.667,108.000,61.333,57,62,220,220,23528,24681,24731,,1203,,50,,,,,,50
6463,98,585,3,1,0,0x13,74,14,12,45,33.333,74.000,40.667,62,41,220,220,24753,24731,24831,,78,,100,,,,,,50
6464,98,585,3,1,0,0x13,66,14,12,42,30.667,66.000,35.333,41,36,220,220,24753,24831,24881,,128,,50,,,,,,50
6465,98,585,3,1,0,0x13,59,13,12,39,28.000,59.000,31.000,36,31,220,220,24753,24881,24931,,178,,50,,,,,,50
6466,98,585,3,1,0,0x13,50,13,11,35,24.667,50.000,25.333,31,26,220,220,24753,24931,24981,,228,,50,,,,,,50
6467,98,585,3,1,0,0x13,43,12,10,33,21.667,43.000,21.333,26,22,220,220,24753,24981,25031,,278,,50,,,,,,50
6468,98,586,4,1,0,0x14,9,8,0,6,5.667,0.000,-5.667,-5,-5,220,220,25878,26081,26131,,253,,50,,,,,,50
6469,98,586,4,1,0,0x14,10,8,0,9,6.000,0.000,-6.000,-5,-6,220,220,25878,26131,26181,,303,,50,,,,,,50
6470,98,586,4,1,0,0x14,10,9,0,11,6.333,0.000,-6.333,-6,-6,220,220,25878,26181,26231,,353,,50,,,,,,50
6471,98,586,4,1,0,0x14,10,10,0,14,6.667,0.000,-6.667,-6,-6,220,220,25878,26231,26281,,403,,50,,,,,,50
6472,98,586,4,1,0,0x14,16,10,0,18,8.667,0.000,-8.667,-6,-8,220,220,25878,26281,26331,,453,,50,,,,,,50
6473,98,586,4,1,0,0x14,12,10,5,20,9.000,5.000,-4.000,-8,-4,220,220,25878,26331,26381,,503,,50,,,,,,50
6474,98,586,4,1,0,0x14,12,11,11,22,11.333,11.000,-0.333,-4,0,220,220,25878,26381,26431,,553,,50,,,,,,50
6475,98,586,4,1,1,0x34,12,11,19,25,14.000,19.000,5.000,0,5,220,220,25878,26431,26481,0,603,39658,50,39105,26481,600,600,600,50
6476,98,586,4,1,0,0x14,13,11,26,28,16.667,26.000,9.333,5,10,220,220,25878,26481,26531,,653,,50,,,,,,50
6477,98,586,4,1,0,0x14,14,12,33,30,19.667,33.000,13.333,10,14,220,220,25878,26531,26581,,703,,50,,,,,,50
6478,98,586,4,1,0,0x14,14,12,40,33,22.000,40.000,18.000,14,18,220,220,25878,26581,26631,,753,,50,,,,,,50
6479,98,586,4,1,0,0x14,14,12,48,36,24.667,48.000,23.333,18,24,220,220,25878,26631,26681,,803,,50,,,,,,50
6480,98,586,4,1,0,0x14,15,13,55,39,27.667,55.000,27.333,24,28,220,220,25878,26681,26731,,853,,50,,,,,,50
6481,98,586,4,1,0,0x14,15,13,62,42,30.000,62.000,32.000,28,32,220,220,25878,26731,26781,,903,,50,,,,,,50
6482,98,586,4,1,0,0x14,16,14,70,44,33.333,70.000,36.667,32,37,220,220,25878,26781,26831,,953,,50,,,,,,50
6483,98,586,4,1,0,0x14,16,14,78,47,36.000,78.000,42.000,37,42,220,220,25878,26831,26881,,1003,,50,,,,,,50
6484,98,586,4,1,0,0x14,16,14,85,50,38.333,85.000,46.667,42,47,220,220,25878,26881,26931,,1053,,50,,,,,,50
6485,98,586,4,1,0,0x14,17,15,92,53,41.333,92.000,50.667,47,51,220,220,25878,26931,26981,,1103,,50,,,,,,50
6486,98,586,4,1,0,0x14,17,15,100,56,44.000,100.000,56.000,51,56,220,220,25878,26981,27031,,1153,,50,,,,,,50
6487,98,586,4,1,0,0x14,18,15,109,58,47.333,109.000,61.667,56,62,220,220,25878,27031,27081,,1203,,50,,,,,,50
6488,98,587,6,1,0,0x16,0,5,5,0,3.333,0.000,-3.333,-3,-3,220,220,28153,28131,28231,,78,,100,,,,,,50
6489,98,587,6,1,0,0x16,0,6,5,0,3.667,0.000,-3.667,-3,-3,220,220,28153,28231,28281,,128,,50,,,,,,50
6490,98,587,6,1,0,0x16,0,7,6,0,4.333,0.000,-4.333,-3,-4,220,220,28153,28281,28331,,178,,50,,,,,,50
6491,98,587,6,1,0,0x16,0,7,6,3,4.333,0.000,-4.333,-4,-4,220,220,28153,28331,28381,,228,,50,,,,,,50
6492,98,587,6,1,0,0x16,0,8,6,5,4.667,0.000,-4.667,-4,-4,220,220,28153,28381,28431,,278,,50,,,,,,50
6493,98,587,6,1,0,0x16,0,8,7,9,5.000,0.000,-5.000,-4,-5,220,220,28153,28431,28481,,328,,50,,,,,,50
6494,98,587,6,1,0,0x16,0,9,7,12,5.333,0.000,-5.333,-5,-5,220,220,28153,28481,28531,,378,,50,,,,,,50
6495,98,587,6,1,0,0x16,0,9,8,14,5.667,0.000,-5.667,-5,-5,220,220,28153,28531,28581,,428,,50,,,,,,50
6496,98,587,6,1,0,0x16,0,9,9,17,6.000,0.000,-6.000,-5,-6,220,220,28153,28581,28631,,478,,50,,,,,,50
6497,98,587,6,1,0,0x16,7,10,9,20,8.667,7.000,-1.667,-6,-1,220,220,28153,28631,28681,,528,,50,,,,,,50
6498,98,587,6,1,1,0x36,14,10,9,22,11.000,14.000,3.000,-1,3,220,220,28153,28681,28731,0,578,37383,50,36855,28731,575,575,575,50
6499,98,587,6,1,0,0x16,21,11,10,26,14.000,21.000,7.000,3,7,220,220,28153,28731,28781,,628,,50,,,,,,50
6500,98,587,6,1,0,0x16,28,11,10,28,16.333,28.000,11.667,7,12,220,220,28153,28781,28831,,678,,50,,,,,,50
6501,98,587,6,1,0,0x16,36,12,10,31,19.333,36.000,16.667,12,17,220,220,28153,28831,28881,,728,,50,,,,,,50
6502,98,587,6,1,0,0x16,43,12,11,33,22.000,43.000,21.000,17,21,220,220,28153,28881,28931,,778,,50,,,,,,50
6503,98,587,6,1,0,0x16,51,12,11,36,24.667,51.000,26.333,21,27,220,220,28153,28931,28981,,828,,50,,,,,,50
6504,98,587,6,1,0,0x16,59,13,12,39,28.000,59.000,31.000,27,31,220,220,28153,28981,29031,,878,,50,,,,,,50
6505,98,587,6,1,0,0x16,66,13,12,41,30.333,66.000,35.667,31,36,220,220,28153,29031,29081,,928,,50,,,,,,50
6506,98,587,6,1,0,0x16,73,14,12,44,33.000,73.000,40.000,36,40,220,220,28153,29081,29131,,978,,50,,,,,,50
6507,98,587,6,1,0,0x16,80,14,13,47,35.667,80.000,44.333,40,45,220,220,28153,29131,29181,,1028,,50,,,,,,50
6508,98,588,1,1,0,0x11,9,7,0,0,5.333,0.000,-5.333,-5,-5,220,220,29328,30231,30281,,953,,50,,,,,,50
6509,98,588,1,1,0,0x11,13,6,0,0,6.333,0.000,-6.333,-5,-6,220,220,29328,30281,30331,,1003,,50,,,,,,50
6510,98,588,1,1,0,0x11,8,6,0,0,4.667,0.000,-4.667,-6,-4,220,220,29328,30331,30381,,1053,,50,,,,,,50
6511,98,588,1,1,0,0x11,8,5,0,0,4.333,0.000,-4.333,-4,-4,220,220,29328,30381,30431,,1103,,50,,,,,,50
6512,99,589,2,1,0,0x12,13,0,5,0,6.000,0.000,-6.000,-4,-6,220,220,30478,30431,30531,,53,,100,,,,,,50
6513,99,589,2,1,0,0x12,9,0,4,0,4.333,0.000,-4.333,-6,-4,220,220,30478,30531,30581,,103,,50,,,,,,50
6514,99,589,2,1,0,0x12,9,0,5,0,4.667,0.000,-4.667,-4,-4,220,220,30478,30581,30631,,153,,50,,,,,,50
6515,99,589,2,1,0,0x12,9,0,6,1,5.000,0.000,-5.000,-4,-5,220,220,30478,30631,30681,,203,,50,,,,,,50
6516,99,589,2,1,0,0x12,9,0,6,3,5.000,0.000,-5.000,-5,-5,220,220,30478,30681,30731,,253,,50,,,,,,50
6517,99,589,2,1,0,0x12,10,0,6,6,5.333,0.000,-5.333,-5,-5,220,220,30478,30731,30781,,303,,50,,,,,,50
6518,99,589,2,1,0,0x12,10,0,7,9,5.667,0.000,-5.667,-5,-5,220,220,30478,30781,30831,,353,,50,,,,,,50
6519,99,589,2,1,0,0x12,11,0,8,12,6.333,0.000,-6.333,-5,-6,220,220,30478,30831,30881,,403,,50,,,,,,50
6520,99,589,2,1,0,0x12,11,0,8,15,6.333,0.000,-6.333,-6,-6,220,220,30478,30881,30931,,453,,50,,,,,,50
6521,99,589,2,1,0,0x12,12,0,9,18,7.000,0.000,-7.000,-6,-7,220,220,30478,30931,30981,,503,,50,,,,,,50
6522,99,589,2,1,0,0x12,13,8,9,21,10.000,8.000,-2.000,-7,-2,220,220,30478,30981,31031,,553,,50,,,,,,50
6523,99,589,2,1,1,0x32,13,15,9,23,12.333,15.000,2.667,-2,3,220,220,30478,31031,31081,0,603,35058,50,34505,31081,600,600,600,50
6524,99,589,2,1,0,0x12,13,22,9,26,14.667,22.000,7.333,3,8,220,220,30478,31081,31131,,653,,50,,,,,,50
6525,99,589,2,1,0,0x12,13,29,10,29,17.333,29.000,11.667,8,12,220,220,30478,31131,31181,,703,,50,,,,,,50
6526,99,589,2,1,0,0x12,14,36,10,31,20.000,36.000,16.000,12,16,220,220,30478,31181,31231,,753,,50,,,,,,50
6527,99,589,2,1,0,0x12,15,43,11,34,23.000,43.000,20.000,16,20,220,220,30478,31231,31281,,803,,50,,,,,,50
6528,99,590,3,1,0,0x13,0,9,8,12,5.667,0.000,-5.667,-5,-5,220,220,31703,32331,32381,,678,,50,,,,,,50
6529,99,590,3,1,0,0x13,0,8,7,9,5.000,0.000,-5.000,-5,-5,220,220,31703,32381,32431,,728,,50,,,,,,50
6530,99,590,3,1,0,0x13,0,8,7,6,5.000,0.000,-5.000,-5,-5,220,220,31703,32431,32481,,778,,50,,,,,,50
6531,99,590,3,1,0,0x13,0,8,6,3,4.667,0.000,-4.667,-5,-4,220,220,31703,32481,32531,,828,,50,,,,,,50
6532,99,590,3,1,0,0x13,0,7,5,1,4.000,0.000,-4.000,-4,-4,220,220,31703,32531,32581,,878,,50,,,,,,50
6533,99,590,3,1,0,0x13,0,7,5,0,4.000,0.000,-4.000,-4,-4,220,220,31703,32581,32631,,928,,50,,,,,,50
6534,99,590,3,1,0,0x13,0,6,5,0,3.667,0.000,-3.667,-4,-3,220,220,31703,32631,32681,,978,,50,,,,,,50
6535,99,590,3,1,0,0x13,0,5,4,0,3.000,0.000,-3.000,-3,-3,220,220,31703,32681,32731,,1028,,50,,,,,,50
6536,99,590,3,1,0,0x13,0,5,4,0,3.000,0.000,-3.000,-3,-3,220,220,31703,32731,32781,,1078,,50,,,,,,50
6537,99,590,3,1,0,0x13,0,4,4,0,2.667,0.000,-2.667,-3,-2,220,220,31703,32781,32831,,1128,,50,,,,,,50
6538,99,590,3,1,0,0x13,0,4,3,0,2.333,0.000,-2.333,-2,-2,220,220,31703,32831,32881,,1178,,50,,,,,,50
6539,99,591,4,1,0,0x14,9,8,0,1,5.667,0.000,-5.667,-2,-5,220,220,32903,32881,32981,,78,,100,,,,,,50
6540,99,591,4,1,0,0x14,9,8,0,4,5.667,0.000,-5.667,-5,-5,220,220,32903,32981,33031,,128,,50,,,,,,50
6541,99,591,4,1,0,0x14,10,8,0,7,6.000,0.000,-6.000,-5,-6,220,220,32903,33031,33081,,178,,50,,,,,,50
6542,99,591,4,1,0,0x14,10,9,0,10,6.333,0.000,-6.333,-6,-6,220,220,32903,33081,33131,,228,,50,,,,,,50
6543,99,591,4,1,0,0x14,11,9,0,13,6.667,0.000,-6.667,-6,-6,220,220,32903,33131,33181,,278,,50,,,,,,50
6544,99,591,4,1,0,0x14,11,10,0,15,7.000,0.000,-7.000,-6,-7,220,220,32903,33181,33231,,328,,50,,,,,,50
6545,99,591,4,1,0,0x14,11,10,0,18,7.000,0.000,-7.000,-7,-7,220,220,32903,33231,33281,,378,,50,,,,,,50
6546,99,591,4,1,0,0x14,16,11,6,21,11.000,6.000,-5.000,-7,-5,220,220,32903,33281,33331,,428,,50,,,,,,50
6547,99,591,4,1,1,0x34,12,11,14,23,12.333,14.000,1.667,-5,2,220,220,32903,33331,33381,0,478,32633,50,32205,33381,550,550,550,50
6548,99,592,5,1,0,0x15,12,17,10,24,13.000,17.000,4.000,9,4,220,220,33953,34431,34481,,528,,50,,,,,,50
6549,99,592,5,1,0,0x15,12,10,9,21,10.333,10.000,-0.333,4,0,220,220,33953,34481,34531,,578,,50,,,,,,50
6550,99,592,5,1,1,0x35,11,2,9,19,7.333,2.000,-5.333,0,-5,220,220,33953,34531,34581,0,628,31583,50,31005,34581,600,600,600,50
6551,99,592,5,1,0,0x15,11,0,8,16,6.333,0.000,-6.333,-5,-6,220,220,33953,34581,34631,,678,,50,,,,,,50
6552,99,592,5,1,0,0x15,11,0,8,13,6.333,0.000,-6.333,-6,-6,220,220,33953,34631,34681,,728,,50,,,,,,50
6553,99,592,5,1,0,0x15,11,0,8,11,6.333,0.000,-6.333,-6,-6,220,220,33953,34681,34731,,778,,50,,,,,,50
6554,99,592,5,1,0,0x15,10,0,7,8,5.667,0.000,-5.667,-6,-5,220,220,33953,34731,34781,,828,,50,,,,,,50
6555,99,592,5,1,0,0x15,10,0,7,5,5.667,0.000,-5.667,-5,-5,220,220,33953,34781,34831,,878,,50,,,,,,50
6556,99,592,5,1,0,0x15,9,0,6,2,5.000,0.000,-5.000,-5,-5,220,220,33953,34831,34881,,928,,50,,,,,,50
6557,99,592,5,1,0,0x15,9,0,5,0,4.667,0.000,-4.667,-5,-4,220,220,33953,34881,34931,,978,,50,,,,,,50
6558,99,592,5,1,0,0x15,8,0,5,0,4.333,0.000,-4.333,-4,-4,220,220,33953,34931,34981,,1028,,50,,,,,,50
6559,99,592,5,1,0,0x15,8,0,4,0,4.000,0.000,-4.000,-4,-4,220,220,33953,34981,35031,,1078,,50,,,,,,50
6560,99,592,5,1,0,0x15,7,0,4,0,3.667,0.000,-3.667,-4,-3,220,220,33953,35031,35081,,1128,,50,,,,,,50
6561,99,592,5,1,0,0x15,7,0,3,0,3.333,0.000,-3.333,-3,-3,220,220,33953,35081,35131,,1178,,50,,,,,,50
6562,99,592,5,1,0,0x15,6,0,3,0,3.000,0.000,-3.000,-3,-3,220,220,33953,35131,35181,,1228,,50,,,,,,50
6563,99,593,6,1,0,0x16,0,6,6,0,4.000,0.000,-4.000,-3,-4,220,220,35203,35181,35281,,78,,100,,,,,,50
6564,99,593,6,1,0,0x16,0,7,6,3,4.333,0.000,-4.333,-4,-4,220,220,35203,35281,35331,,128,,50,,,,,,50
6565,99,593,6,1,0,0x16,0,8,7,5,5.000,0.000,-5.000,-4,-5,220,220,35203,35331,35381,,178,,50,,,,,,50
6566,99,593,6,1,0,0x16,0,8,7,8,5.000,0.000,-5.000,-5,-5,220,220,35203,35381,35431,,228,,50,,,,,,50
6567,99,593,6,1,0,0x16,0,8,8,11,5.333,0.000,-5.333,-5,-5,220,220,35203,35431,35481,,278,,50,,,,,,50
6568,99,594,1,1,0,0x11,15,12,42,34,23.000,42.000,19.000,24,19,220,220,36253,36531,36581,,328,,50,,,,,,50
6569,99,594,1,1,0,0x11,14,12,34,31,20.000,34.000,14.000,19,14,220,220,36253,36581,36631,,378,,50,,,,,,50
6570,99,594,1,1,0,0x11,14,11,27,29,17.333,27.000,9.667,14,10,220,220,36253,36631,36681,,428,,50,,,,,,50
6571,99,594,1,1,0,0x11,13,11,20,25,14.667,20.000,5.333,10,6,220,220,36253,36681,36731,,478,,50,,,,,,50
6572,99,594,1,1,0,0x11,13,10,13,23,12.000,13.000,1.000,6,1,220,220,36253,36731,36781,,528,,50,,,,,,50
6573,99,594,1,1,1,0x31,13,10,6,21,9.667,6.000,-3.667,1,-3,220,220,36253,36781,36831,0,578,29283,50,28755,36831,575,575,575,50
6574,99,594,1,1,0,0x11,12,9,0,18,7.000,0.000,-7.000,-3,-7,220,220,36253,36831,36881,,628,,50,,,,,,50
6575,99,594,1,1,0,0x11,12,9,0,15,7.000,0.000,-7.000,-7,-7,220,220,36253,36881,36931,,678,,50,,,,,,50
6576,99,594,1,1,0,0x11,11,9,0,13,6.667,0.000,-6.667,-7,-6,220,220,36253,36931,36981,,728,,50,,,,,,50
6577,99,594,1,1,0,0x11,11,8,0,10,6.333,0.000,-6.333,-6,-6,220,220,36253,36981,37031,,778,,50,,,,,,50
6578,99,594,1,1,0,0x11,10,8,0,7,6.000,0.000,-6.000,-6,-6,220,220,36253,37031,37081,,828,,50,,,,,,50
6579,99,594,1,1,0,0x11,10,8,0,4,6.000,0.000,-6.000,-6,-6,220,220,36253,37081,37131,,878,,50,,,,,,50
6580,99,594,1,1,0,0x11,9,7,0,1,5.333,0.000,-5.333,-6,-5,220,220,36253,37131,37181,,928,,50,,,,,,50
6581,99,594,1,1,0,0x11,9,6,0,0,5.000,0.000,-5.000,-5,-5,220,220,36253,37181,37231,,978,,50,,,,,,50
6582,99,594,1,1,0,0x11,8,6,0,0,4.667,0.000,-4.667,-5,-4,220,220,36253,37231,37281,,1028,,50,,,,,,50
6583,99,594,1,1,0,0x11,12,5,0,0,5.667,0.000,-5.667,-4,-5,220,220,36253,37281,37331,,1078,,50,,,,,,50
6584,99,594,1,1,0,0x11,7,5,0,0,4.000,0.000,-4.000,-5,-4,220,220,36253,37331,37381,,1128,,50,,,,,,50
6585,100,595,2,1,0,0x12,13,0,5,0,6.000,0.000,-6.000,-4,-6,220,220,37428,37381,37481,,53,,100,,,,,,50
6586,100,595,2,1,0,0x12,10,0,4,0,4.667,0.000,-4.667,-6,-4,220,220,37428,37481,37531,,103,,50,,,,,,50
6587,100,595,2,1,0,0x12,9,0,5,0,4.667,0.000,-4.667,-4,-4,220,220,37428,37531,37581,,153,,50,,,,,,50
6588,100,595,2,1,0,0x12,17,107,14,57,46.000,107.000,61.000,57,61,220,220,37428,38581,38631,,1203,,50,,,,,,50
6589,100,596,3,1,0,0x13,77,15,13,46,35.000,77.000,42.000,61,42,220,220,38653,38631,38731,,78,,100,,,,,,50
6590,100,596,3,1,0,0x13,69,14,12,43,31.667,69.000,37.333,42,38,220,220,38653,38731,38781,,128,,50,,,,,,50
6591,100,596,3,1,0,0x13,61,13,12,39,28.667,61.000,32.333,38,33,220,220,38653,38781,38831,,178,,50,,,,,,50
6592,100,596,3,1,0,0x13,52,13,11,36,25.333,52.000,26.667,33,27,220,220,38653,38831,38881,,228,,50,,,,,,50
6593,100,596,3,1,0,0x13,44,13,11,33,22.667,44.000,21.333,27,22,220,220,38653,38881,38931,,278,,50,,,,,,50
6594,100,596,3,1,0,0x13,37,12,10,30,19.667,37.000,17.333,22,18,220,220,38653,38931,38981,,328,,50,,,,,,50
6595,100,596,3,1,0,0x13,29,12,10,27,17.000,29.000,12.000,18,12,220,220,38653,38981,39031,,378,,50,,,,,,50
6596,100,596,3,1,0,0x13,21,11,9,25,13.667,21.000,7.333,12,8,220,220,38653,39031,39081,,428,,50,,,,,,50
6597,100,596,3,1,0,0x13,14,11,9,22,11.333,14.000,2.667,8,3,220,220,38653,39081,39131,,478,,50,,,,,,50
6598,100,596,3,1,1,0x33,7,10,9,19,8.667,7.000,-1.667,3,-1,220,220,38653,39131,39181,0,528,26883,50,26405,39181,575,575,575,50
6599,100,596,3,1,0,0x13,0,10,8,17,6.000,0.000,-6.000,-1,-6,220,220,38653,39181,39231,,578,,50,,,,,,50
6600,100,596,3,1,0,0x13,0,9,8,14,5.667,0.000,-5.667,-6,-5,220,220,38653,39231,39281,,628,,50,,,,,,50
6601,100,596,3,1,0,0x13,0,9,7,12,5.333,0.000,-5.333,-5,-5,220,220,38653,39281,39331,,678,,50,,,,,,50
6602,100,596,3,1,0,0x13,0,9,7,8,5.333,0.000,-5.333,-5,-5,220,220,38653,39331,39381,,728,,50,,,,,,50
6603,100,596,3,1,0,0x13,0,8,6,5,4.667,0.000,-4.667,-5,-4,220,220,38653,39381,39431,,778,,50,,,,,,50
6604,100,596,3,1,0,0x13,0,7,6,3,4.333,0.000,-4.333,-4,-4,220,220,38653,39431,39481,,828,,50,,,,,,50
6605,100,596,3,1,0,0x13,0,7,6,0,4.333,0.000,-4.333,-4,-4,220,220,38653,39481,39531,,878,,50,,,,,,50
6606,100,596,3,1,0,0x13,0,7,5,0,4.000,0.000,-4.000,-4,-4,220,220,38653,39531,39581,,928,,50,,,,,,50
6607,100,596,3,1,0,0x13,0,6,5,0,3.667,0.000,-3.667,-4,-3,220,220,38653,39581,39631,,978,,50,,,,,,50
6608,100,597,4,1,0,0x14,16,14,74,46,34.667,74.000,39.333,36,40,220,220,39778,40681,40731,,953,,50,,,,,,50
6609,100,597,4,1,0,0x14,16,14,82,49,37.333,82.000,44.667,40,45,220,220,39778,40731,40781,,1003,,50,,,,,,50
6610,100,597,4,1,0,0x14,16,15,91,51,40.667,91.000,50.333,45,51,220,220,39778,40781,40831,,1053,,50,,,,,,50
6611,100,597,4,1,0,0x14,17,15,98,55,43.333,98.000,54.667,51,55,220,220,39778,40831,40881,,1103,,50,,,,,,50
6612,100,598,5,1,0,0x15,12,77,13,44,34.000,77.000,43.000,55,43,220,220,40928,40881,40981,,53,,100,,,,,,50
6613,100,598,5,1,0,0x15,15,72,14,45,33.667,72.000,38.333,43,39,220,220,40928,40981,41031,,103,,50,,,,,,50
6614,100,598,5,1,0,0x15,15,63,13,42,30.333,63.000,32.667,39,33,220,220,40928,41031,41081,,153,,50,,,,,,50
6615,100,598,5,1,0,0x15,15,55,13,38,27.667,55.000,27.333,33,28,220,220,40928,41081,41131,,203,,50,,,,,,50
6616,100,598,5,1,0,0x15,15,47,11,36,24.333,47.000,22.667,28,23,220,220,40928,41131,41181,,253,,50,,,,,,50
6617,100,598,5,1,0,0x15,14,40,11,33,21.667,40.000,18.333,23,19,220,220,40928,41181,41231,,303,,50,,,,,,50
6618,100,598,5,1,0,0x15,13,32,11,30,18.667,32.000,13.333,19,14,220,220,40928,41231,41281,,353,,50,,,,,,50
6619,100,598,5,1,0,0x15,17,25,10,28,17.333,25.000,7.667,14,8,220,220,40928,41281,41331,,403,,50,,,,,,50
6620,100,598,5,1,0,0x15,13,18,10,25,13.667,18.000,4.333,8,5,220,220,40928,41331,41381,,453,,50,,,,,,50
6621,100,598,5,1,0,0x15,12,11,9,22,10.667,11.000,0.333,5,1,220,220,40928,41381,41431,,503,,50,,,,,,50
6622,100,598,5,1,1,0x35,12,5,9,20,8.667,5.000,-3.667,1,-3,220,220,40928,41431,41481,0,553,24608,50,24105,41481,575,575,575,50
6623,100,598,5,1,0,0x15,12,0,8,17,6.667,0.000,-6.667,-3,-6,220,220,40928,41481,41531,,603,,50,,,,,,50
6624,100,598,5,1,0,0x15,11,0,8,15,6.333,0.000,-6.333,-6,-6,220,220,40928,41531,41581,,653,,50,,,,,,50
6625,100,598,5,1,0,0x15,10,0,8,12,6.000,0.000,-6.000,-6,-6,220,220,40928,41581,41631,,703,,50,,,,,,50
6626,100,598,5,1,0,0x15,10,0,7,9,5.667,0.000,-5.667,-6,-5,220,220,40928,41631,41681,,753,,50,,,,,,50
6627,100,598,5,1,0,0x15,10,0,7,6,5.667,0.000,-5.667,-5,-5,220,220,40928,41681,41731,,803,,50,,,,,,50
6628,100,599,6,1,0,0x16,44,12,11,34,22.333,44.000,21.667,18,22,220,220,42078,42781,42831,,753,,50,,,,,,50
6629,100,599,6,1,0,0x16,52,12,11,36,25.000,52.000,27.000,22,27,220,220,42078,42831,42881,,803,,50,,,,,,50
6630,100,599,6,1,0,0x16,60,13,12,39,28.333,60.000,31.667,27,32,220,220,42078,42881,42931,,853,,50,,,,,,50
6631,100,599,6,1,0,0x16,67,14,12,42,31.000,67.000,36.000,32,36,220,220,42078,42931,42981,,903,,50,,,,,,50
6632,100,599,6,1,0,0x16,74,14,12,45,33.333,74.000,40.667,36,41,220,220,42078,42981,43031,,953,,50,,,,,,50
6633,100,599,6,1,0,0x16,82,15,13,47,36.667,82.000,45.333,41,46,220,220,42078,43031,43081,,1003,,50,,,,,,50
6634,100,599,6,1,0,0x16,89,14,13,50,38.667,89.000,50.333,46,51,220,220,42078,43081,43131,,1053,,50,,,,,,50
6635,100,599,6,1,0,0x16,96,15,13,53,41.333,96.000,54.667,51,55,220,220,42078,43131,43181,,1103,,50,,,,,,50
6636,100,600,1,1,0,0x11,15,10,78,45,34.333,78.000,43.667,55,44,220,220,43228,43181,43281,,53,,100,,,,,,50
6637,100,600,1,1,0,0x11,22,14,72,46,36.000,72.000,36.000,44,36,220,220,43228,43281,43331,,103,,50,,,,,,50
6638,100,600,1,1,0,0x11,16,13,64,43,31.000,64.000,33.000,36,33,220,220,43228,43331,43381,,153,,50,,,,,,50
6639,100,600,1,1,0,0x11,16,13,56,39,28.333,56.000,27.667,33,28,220,220,43228,43381,43431,,203,,50,,,,,,50
6640,100,600,1,1,0,0x11,15,12,47,36,24.667,47.000,22.333,28,23,220,220,43228,43431,43481,,253,,50,,,,,,50
6641,100,600,1,1,0,0x11,15,12,40,33,22.333,40.000,17.667,23,18,220,220,43228,43481,43531,,303,,50,,,,,,50
6642,100,600,1,1,0,0x11,14,12,33,30,19.667,33.000,13.333,18,14,220,220,43228,43531,43581,,353,,50,,,,,,50
6643,100,600,1,1,0,0x11,14,11,26,28,17.000,26.000,9.000,14,9,220,220,43228,43581,43631,,403,,50,,,,,,50
6644,100,600,1,1,0,0x11,13,11,19,25,14.333,19.000,4.667,9,5,220,220,43228,43631,43681,,453,,50,,,,,,50
6645,100,600,1,1,0,0x11,13,10,12,23,11.667,12.000,0.333,5,1,220,220,43228,43681,43731,,503,,50,,,,,,50
6646,100,600,1,1,1,0x31,13,10,5,21,9.333,5.000,-4.333,1,-4,220,220,43228,43731,43781,0,553,22308,50,21805,43781,575,575,575,50
6647,100,600,1,1,0,0x11,12,10,0,18,7.333,0.000,-7.333,-4,-7,220,220,43228,43781,43831,,603,,50,,,,,,50
