sample_index,cycle,capture_step_index,step,closed_loop,phase_A,phase_B,phase_C,vcom_adc,sw_vcom,floating_phase,bemf,ccr_target,ccr_current,step_laptime_us,delay_target_us,delay_current_us,delay_PAR,zc_detected
1,1,1,1,1,17,14,82,50,37.667,82.000,44.333,220,220,78,550,550,50,0
2,1,1,1,1,17,14,75,46,35.333,75.000,39.667,220,220,128,550,550,50,0
3,1,1,1,1,16,14,67,43,32.333,67.000,34.667,220,220,178,550,550,50,0
4,1,1,1,1,16,13,59,41,29.333,59.000,29.667,220,220,228,550,550,50,0
5,1,1,1,1,15,13,52,38,26.667,52.000,25.333,220,220,278,550,550,50,0
6,1,1,1,1,15,12,44,35,23.667,44.000,20.333,220,220,328,550,550,50,0
7,1,1,1,1,14,12,37,32,21.000,37.000,16.000,220,220,378,550,550,50,0
8,1,1,1,1,14,12,30,30,18.667,30.000,11.333,220,220,428,550,550,50,0
9,1,1,1,1,16,11,23,27,16.667,23.000,6.333,220,220,478,550,550,50,0
10,1,1,1,1,13,11,16,24,13.333,16.000,2.667,220,220,528,550,550,50,0
11,1,1,1,1,13,10,9,22,10.667,9.000,-1.667,220,220,578,575,575,50,1
12,1,1,1,1,13,10,2,19,8.333,2.000,-6.333,220,220,628,575,575,50,0
13,1,1,1,1,12,9,0,16,7.000,0.000,-7.000,220,220,678,575,575,50,0
14,1,1,1,1,11,9,0,14,6.667,0.000,-6.667,220,220,728,575,575,50,0
15,1,1,1,1,11,9,0,11,6.667,0.000,-6.667,220,220,778,575,575,50,0
16,1,1,1,1,10,8,0,8,6.000,0.000,-6.000,220,220,828,575,575,50,0
17,1,1,1,1,10,8,0,5,6.000,0.000,-6.000,220,220,878,575,575,50,0
18,1,1,1,1,10,7,0,3,5.667,0.000,-5.667,220,220,928,575,575,50,0
19,1,1,1,1,9,7,0,0,5.333,0.000,-5.333,220,220,978,575,575,50,0
20,1,1,1,1,8,6,0,0,4.667,0.000,-4.667,220,220,1028,575,575,50,0
21,1,1,1,1,8,6,0,0,4.667,0.000,-4.667,220,220,1078,575,575,50,0
22,1,1,1,1,8,6,0,0,4.667,0.000,-4.667,220,220,1128,575,575,50,0
23,1,2,2,1,13,0,6,0,6.333,0.000,-6.333,220,220,54,575,575,50,0
24,1,2,2,1,9,0,4,0,4.333,0.000,-4.333,220,220,104,575,575,50,0
25,1,2,2,1,9,0,5,0,4.667,0.000,-4.667,220,220,154,575,575,50,0
26,1,2,2,1,9,0,6,1,5.000,0.000,-5.000,220,220,204,575,575,50,0
27,1,2,2,1,9,0,6,3,5.000,0.000,-5.000,220,220,254,575,575,50,0
28,1,2,2,1,13,0,6,7,6.333,0.000,-6.333,220,220,304,575,575,50,0
29,1,2,2,1,10,0,7,9,5.667,0.000,-5.667,220,220,354,575,575,50,0
30,1,2,2,1,11,0,7,12,6.000,0.000,-6.000,220,220,404,575,575,50,0
31,1,2,2,1,11,0,7,15,6.000,0.000,-6.000,220,220,454,575,575,50,0
32,1,2,2,1,12,0,8,17,6.667,0.000,-6.667,220,220,504,575,575,50,0
33,1,2,2,1,12,6,9,20,9.000,6.000,-3.000,220,220,554,575,575,50,0
34,1,2,2,1,13,12,9,22,11.333,12.000,0.667,220,220,604,600,600,50,1
35,1,2,2,1,13,19,9,25,13.667,19.000,5.333,220,220,654,600,600,50,0
36,1,2,2,1,14,26,10,27,16.667,26.000,9.333,220,220,704,600,600,50,0
37,1,2,2,1,14,33,10,30,19.000,33.000,14.000,220,220,754,600,600,50,0
38,1,2,2,1,14,40,11,33,21.667,40.000,18.333,220,220,804,600,600,50,0
39,1,2,2,1,15,47,11,36,24.333,47.000,22.667,220,220,854,600,600,50,0
40,1,2,2,1,15,55,11,38,27.000,55.000,28.000,220,220,904,600,600,50,0
41,1,2,2,1,15,62,12,41,29.667,62.000,32.333,220,220,954,600,600,50,0
42,1,2,2,1,16,70,12,44,32.667,70.000,37.333,220,220,1004,600,600,50,0
43,1,2,2,1,16,78,13,47,35.667,78.000,42.333,220,220,1054,600,600,50,0
44,1,2,2,1,17,85,13,49,38.333,85.000,46.667,220,220,1104,600,600,50,0
45,1,2,2,1,17,93,14,52,41.333,93.000,51.667,220,220,1154,600,600,50,0
46,1,2,2,1,17,101,14,55,44.000,101.000,57.000,220,220,1204,600,600,50,0
47,1,3,3,1,82,15,12,48,36.333,82.000,45.667,220,220,80,600,600,50,0
48,1,3,3,1,74,14,12,45,33.333,74.000,40.667,220,220,130,600,600,50,0
49,1,3,3,1,66,13,12,41,30.333,66.000,35.667,220,220,180,600,600,50,0
50,1,3,3,1,58,13,11,38,27.333,58.000,30.667,220,220,230,600,600,50,0
51,1,3,3,1,50,13,11,36,24.667,50.000,25.333,220,220,280,600,600,50,0
52,1,3,3,1,42,12,11,32,21.667,42.000,20.333,220,220,330,600,600,50,0
53,1,3,3,1,34,12,10,29,18.667,34.000,15.333,220,220,380,600,600,50,0
54,1,3,3,1,26,11,10,27,15.667,26.000,10.333,220,220,430,600,600,50,0
55,1,3,3,1,19,11,9,24,13.000,19.000,6.000,220,220,480,600,600,50,0
56,1,3,3,1,12,10,9,22,10.333,12.000,1.667,220,220,530,600,600,50,0
57,1,3,3,1,5,10,8,19,7.667,5.000,-2.667,220,220,580,600,600,50,1
58,1,3,3,1,0,10,8,16,6.000,0.000,-6.000,220,220,630,600,600,50,0
59,1,3,3,1,0,9,8,14,5.667,0.000,-5.667,220,220,680,600,600,50,0
60,1,3,3,1,0,9,7,11,5.333,0.000,-5.333,220,220,730,600,600,50,0
61,1,3,3,1,0,8,7,8,5.000,0.000,-5.000,220,220,780,600,600,50,0
62,1,3,3,1,0,7,6,5,4.333,0.000,-4.333,220,220,830,600,600,50,0
63,1,3,3,1,0,7,6,2,4.333,0.000,-4.333,220,220,880,600,600,50,0
64,1,3,3,1,0,7,6,0,4.333,0.000,-4.333,220,220,930,600,600,50,0
65,1,3,3,1,0,6,5,0,3.667,0.000,-3.667,220,220,980,600,600,50,0
66,1,3,3,1,0,6,5,0,3.667,0.000,-3.667,220,220,1030,600,600,50,0
67,1,3,3,1,0,6,4,0,3.333,0.000,-3.333,220,220,1080,600,600,50,0
68,1,3,3,1,0,5,4,0,3.000,0.000,-3.000,220,220,1130,600,600,50,0
69,1,3,3,1,0,4,4,0,2.667,0.000,-2.667,220,220,1180,600,600,50,0
70,1,4,4,1,8,8,0,0,5.333,0.000,-5.333,220,220,80,600,600,50,0
71,1,4,4,1,9,8,0,2,5.667,0.000,-5.667,220,220,130,600,600,50,0
72,1,4,4,1,10,8,0,5,6.000,0.000,-6.000,220,220,180,600,600,50,0
73,1,4,4,1,10,9,0,8,6.333,0.000,-6.333,220,220,230,600,600,50,0
74,1,4,4,1,10,9,0,11,6.333,0.000,-6.333,220,220,280,600,600,50,0
75,1,4,4,1,11,8,0,13,6.333,0.000,-6.333,220,220,330,600,600,50,0
76,1,4,4,1,11,10,0,16,7.000,0.000,-7.000,220,220,380,600,600,50,0
77,1,4,4,1,12,9,2,19,7.667,2.000,-5.667,220,220,430,600,600,50,0
78,1,4,4,1,12,10,8,22,10.000,8.000,-2.000,220,220,480,600,600,50,0
79,1,4,4,1,12,10,15,24,12.333,15.000,2.667,220,220,530,575,575,50,1
80,1,4,4,1,13,11,22,26,15.333,22.000,6.667,220,220,580,575,575,50,0
81,1,4,4,1,13,11,29,29,17.667,29.000,11.333,220,220,630,575,575,50,0
82,1,4,4,1,14,12,36,32,20.667,36.000,15.333,220,220,680,575,575,50,0
83,1,4,4,1,14,13,43,35,23.333,43.000,19.667,220,220,730,575,575,50,0
84,1,4,4,1,15,12,51,37,26.000,51.000,25.000,220,220,780,575,575,50,0
85,1,4,4,1,18,13,59,41,30.000,59.000,29.000,220,220,830,575,575,50,0
86,1,4,4,1,15,13,65,43,31.000,65.000,34.000,220,220,880,575,575,50,0
87,1,4,4,1,16,14,73,45,34.333,73.000,38.667,220,220,930,575,575,50,0
88,1,4,4,1,16,14,81,49,37.000,81.000,44.000,220,220,980,575,575,50,0
89,1,4,4,1,17,14,89,51,40.000,89.000,49.000,220,220,1030,575,575,50,0
90,1,4,4,1,17,15,96,54,42.667,96.000,53.333,220,220,1080,575,575,50,0
91,1,5,5,1,12,76,13,44,33.667,76.000,42.333,220,220,54,575,575,50,0
92,1,5,5,1,15,71,14,45,33.333,71.000,37.667,220,220,104,575,575,50,0
93,1,5,5,1,15,64,13,42,30.667,64.000,33.333,220,220,154,575,575,50,0
94,1,5,5,1,15,56,12,39,27.667,56.000,28.333,220,220,204,575,575,50,0
95,1,5,5,1,15,48,12,36,25.000,48.000,23.000,220,220,254,575,575,50,0
96,1,5,5,1,14,41,11,33,22.000,41.000,19.000,220,220,304,575,575,50,0
97,1,5,5,1,14,34,10,30,19.333,34.000,14.667,220,220,354,575,575,50,0
98,1,5,5,1,13,26,10,28,16.333,26.000,9.667,220,220,404,575,575,50,0
99,1,5,5,1,13,20,10,25,14.333,20.000,5.667,220,220,454,575,575,50,0
100,1,5,5,1,12,13,10,23,11.667,13.000,1.333,220,220,504,575,575,50,0
101,1,5,5,1,12,6,9,20,9.000,6.000,-3.000,220,220,554,575,575,50,1
102,1,5,5,1,11,0,9,18,6.667,0.000,-6.667,220,220,604,575,575,50,0
103,1,5,5,1,11,0,9,15,6.667,0.000,-6.667,220,220,654,575,575,50,0
104,1,5,5,1,11,0,8,12,6.333,0.000,-6.333,220,220,704,575,575,50,0
105,1,5,5,1,13,0,8,10,7.000,0.000,-7.000,220,220,754,575,575,50,0
106,1,5,5,1,10,0,7,7,5.667,0.000,-5.667,220,220,804,575,575,50,0
107,1,5,5,1,10,0,7,4,5.667,0.000,-5.667,220,220,854,575,575,50,0
108,1,5,5,1,9,0,6,2,5.000,0.000,-5.000,220,220,904,575,575,50,0
109,1,5,5,1,8,0,6,0,4.667,0.000,-4.667,220,220,954,575,575,50,0
110,1,5,5,1,8,0,5,0,4.333,0.000,-4.333,220,220,1004,575,575,50,0
111,1,5,5,1,8,0,5,0,4.333,0.000,-4.333,220,220,1054,575,575,50,0
112,1,5,5,1,7,0,4,0,3.667,0.000,-3.667,220,220,1104,575,575,50,0
113,1,6,6,1,0,8,8,0,5.333,0.000,-5.333,220,220,54,575,575,50,0
114,1,6,6,1,0,6,6,0,4.000,0.000,-4.000,220,220,104,575,575,50,0
115,1,6,6,1,0,6,7,0,4.333,0.000,-4.333,220,220,154,575,575,50,0
116,1,6,6,1,0,7,6,2,4.333,0.000,-4.333,220,220,204,575,575,50,0
117,1,6,6,1,0,7,7,5,4.667,0.000,-4.667,220,220,254,575,575,50,0
118,1,6,6,1,0,8,7,8,5.000,0.000,-5.000,220,220,304,575,575,50,0
119,1,6,6,1,0,8,7,11,5.000,0.000,-5.000,220,220,354,575,575,50,0
120,1,6,6,1,0,8,8,14,5.333,0.000,-5.333,220,220,404,575,575,50,0
121,1,6,6,1,0,9,9,16,6.000,0.000,-6.000,220,220,454,575,575,50,0
122,1,6,6,1,5,10,9,19,8.000,5.000,-3.000,220,220,504,575,575,50,0
123,1,6,6,1,15,10,9,22,11.333,15.000,3.667,220,220,554,575,575,50,1
124,1,6,6,1,19,11,10,24,13.333,19.000,5.667,220,220,604,575,575,50,0
125,1,6,6,1,26,11,10,27,15.667,26.000,10.333,220,220,654,575,575,50,0
126,1,6,6,1,33,11,10,29,18.000,33.000,15.000,220,220,704,575,575,50,0
127,1,6,6,1,41,12,11,32,21.333,41.000,19.667,220,220,754,575,575,50,0
128,1,6,6,1,48,12,11,35,23.667,48.000,24.333,220,220,804,575,575,50,0
129,1,6,6,1,56,12,12,38,26.667,56.000,29.333,220,220,854,575,575,50,0
130,1,6,6,1,64,13,12,41,29.667,64.000,34.333,220,220,904,575,575,50,0
131,1,6,6,1,71,13,12,44,32.000,71.000,39.000,220,220,954,575,575,50,0
132,1,6,6,1,78,14,13,47,35.000,78.000,43.000,220,220,1004,575,575,50,0
133,1,6,6,1,86,15,13,49,38.000,86.000,48.000,220,220,1054,575,575,50,0
134,1,6,6,1,93,15,14,51,40.667,93.000,52.333,220,220,1104,575,575,50,0
135,2,7,1,1,15,11,81,47,35.667,81.000,45.333,220,220,54,575,575,50,0
136,2,7,1,1,18,13,75,47,35.333,75.000,39.667,220,220,104,575,575,50,0
137,2,7,1,1,17,13,67,44,32.333,67.000,34.667,220,220,154,575,575,50,0
138,2,7,1,1,16,13,58,41,29.000,58.000,29.000,220,220,204,575,575,50,0
139,2,7,1,1,15,13,51,38,26.333,51.000,24.667,220,220,254,575,575,50,0
140,2,7,1,1,15,12,44,35,23.667,44.000,20.333,220,220,304,575,575,50,0
141,2,7,1,1,14,12,37,32,21.000,37.000,16.000,220,220,354,575,575,50,0
142,2,7,1,1,14,11,29,29,18.000,29.000,11.000,220,220,404,575,575,50,0
143,2,7,1,1,16,11,22,27,16.333,22.000,5.667,220,220,454,575,575,50,0
144,2,7,1,1,13,10,16,24,13.000,16.000,3.000,220,220,504,575,575,50,0
145,2,7,1,1,13,10,9,22,10.667,9.000,-1.667,220,220,554,575,575,50,1
146,2,7,1,1,12,10,2,19,8.000,2.000,-6.000,220,220,604,575,575,50,0
147,2,7,1,1,12,10,0,17,7.333,0.000,-7.333,220,220,654,575,575,50,0
148,2,7,1,1,12,9,0,14,7.000,0.000,-7.000,220,220,704,575,575,50,0
149,2,7,1,1,11,9,0,12,6.667,0.000,-6.667,220,220,754,575,575,50,0
150,2,7,1,1,10,8,0,9,6.000,0.000,-6.000,220,220,804,575,575,50,0
151,2,7,1,1,10,8,0,6,6.000,0.000,-6.000,220,220,854,575,575,50,0
152,2,7,1,1,10,8,0,3,6.000,0.000,-6.000,220,220,904,575,575,50,0
153,2,7,1,1,9,7,0,0,5.333,0.000,-5.333,220,220,954,575,575,50,0
154,2,7,1,1,9,6,0,0,5.000,0.000,-5.000,220,220,1004,575,575,50,0
155,2,7,1,1,8,6,0,0,4.667,0.000,-4.667,220,220,1054,575,575,50,0
156,2,7,1,1,8,6,0,0,4.667,0.000,-4.667,220,220,1104,575,575,50,0
157,2,8,2,1,13,0,5,0,6.000,0.000,-6.000,220,220,54,575,575,50,0
158,2,8,2,1,9,0,4,0,4.333,0.000,-4.333,220,220,104,575,575,50,0
159,2,8,2,1,10,0,5,0,5.000,0.000,-5.000,220,220,154,575,575,50,0
160,2,8,2,1,9,0,6,2,5.000,0.000,-5.000,220,220,204,575,575,50,0
161,2,8,2,1,8,0,6,4,4.667,0.000,-4.667,220,220,254,575,575,50,0
162,2,8,2,1,13,0,6,7,6.333,0.000,-6.333,220,220,304,575,575,50,0
163,2,8,2,1,11,0,7,10,6.000,0.000,-6.000,220,220,354,575,575,50,0
164,2,8,2,1,11,0,8,13,6.333,0.000,-6.333,220,220,404,575,575,50,0
165,2,8,2,1,11,0,8,16,6.333,0.000,-6.333,220,220,454,575,575,50,0
166,2,8,2,1,12,1,8,18,7.000,1.000,-6.000,220,220,504,575,575,50,0
167,2,8,2,1,13,8,8,21,9.667,8.000,-1.667,220,220,554,575,575,50,0
168,2,8,2,1,13,15,9,23,12.333,15.000,2.667,220,220,604,600,600,50,1
169,2,8,2,1,13,22,10,26,15.000,22.000,7.000,220,220,654,600,600,50,0
170,2,8,2,1,14,29,10,29,17.667,29.000,11.333,220,220,704,600,600,50,0
171,2,8,2,1,14,36,10,31,20.000,36.000,16.000,220,220,754,600,600,50,0
172,2,8,2,1,15,44,11,34,23.333,44.000,20.667,220,220,804,600,600,50,0
173,2,8,2,1,15,52,11,37,26.000,52.000,26.000,220,220,854,600,600,50,0
174,2,8,2,1,15,59,12,40,28.667,59.000,30.333,220,220,904,600,600,50,0
175,2,8,2,1,16,67,12,42,31.667,67.000,35.333,220,220,954,600,600,50,0
176,2,8,2,1,16,74,12,45,34.000,74.000,40.000,220,220,1004,600,600,50,0
177,2,8,2,1,17,82,13,48,37.333,82.000,44.667,220,220,1054,600,600,50,0
178,2,8,2,1,17,89,13,50,39.667,89.000,49.333,220,220,1104,600,600,50,0
179,2,8,2,1,17,97,14,54,42.667,97.000,54.333,220,220,1154,600,600,50,0
180,2,8,2,1,17,105,14,56,45.333,105.000,59.667,220,220,1204,600,600,50,0
181,2,9,3,1,77,15,12,46,34.667,77.000,42.333,220,220,80,600,600,50,0
182,2,9,3,1,70,14,12,43,32.000,70.000,38.000,220,220,130,600,600,50,0
183,2,9,3,1,62,13,11,40,28.667,62.000,33.333,220,220,180,600,600,50,0
184,2,9,3,1,54,13,12,37,26.333,54.000,27.667,220,220,230,600,600,50,0
185,2,9,3,1,46,13,11,34,23.333,46.000,22.667,220,220,280,600,600,50,0
186,2,9,3,1,39,12,10,32,20.333,39.000,18.667,220,220,330,600,600,50,0
187,2,9,3,1,31,12,10,28,17.667,31.000,13.333,220,220,380,600,600,50,0
188,2,9,3,1,24,11,10,26,15.000,24.000,9.000,220,220,430,600,600,50,0
189,2,9,3,1,17,11,9,24,12.333,17.000,4.667,220,220,480,600,600,50,0
190,2,9,3,1,11,10,9,21,10.000,11.000,1.000,220,220,530,600,600,50,0
191,2,9,3,1,4,10,9,19,7.667,4.000,-3.667,220,220,580,600,600,50,1
192,2,9,3,1,0,10,8,16,6.000,0.000,-6.000,220,220,630,600,600,50,0
193,2,9,3,1,0,9,8,13,5.667,0.000,-5.667,220,220,680,600,600,50,0
194,2,9,3,1,0,9,7,10,5.333,0.000,-5.333,220,220,730,600,600,50,0
195,2,9,3,1,0,8,6,8,4.667,0.000,-4.667,220,220,780,600,600,50,0
196,2,9,3,1,0,8,6,4,4.667,0.000,-4.667,220,220,830,600,600,50,0
197,2,9,3,1,0,7,6,2,4.333,0.000,-4.333,220,220,880,600,600,50,0
198,2,9,3,1,0,7,5,0,4.000,0.000,-4.000,220,220,930,600,600,50,0
199,2,9,3,1,0,6,5,0,3.667,0.000,-3.667,220,220,980,600,600,50,0
200,2,9,3,1,0,6,5,0,3.667,0.000,-3.667,220,220,1030,600,600,50,0
201,2,9,3,1,0,5,5,0,3.333,0.000,-3.333,220,220,1080,600,600,50,0
202,2,9,3,1,0,5,4,0,3.000,0.000,-3.000,220,220,1130,600,600,50,0
203,2,9,3,1,0,4,4,0,2.667,0.000,-2.667,220,220,1180,600,600,50,0
204,2,10,4,1,8,8,0,0,5.333,0.000,-5.333,220,220,80,600,600,50,0
205,2,10,4,1,8,8,0,2,5.333,0.000,-5.333,220,220,130,600,600,50,0
206,2,10,4,1,10,8,0,6,6.000,0.000,-6.000,220,220,180,600,600,50,0
207,2,10,4,1,10,8,0,8,6.000,0.000,-6.000,220,220,230,600,600,50,0
208,2,10,4,1,10,9,0,11,6.333,0.000,-6.333,220,220,280,600,600,50,0
209,2,10,4,1,11,9,0,14,6.667,0.000,-6.667,220,220,330,600,600,50,0
210,2,10,4,1,11,10,0,16,7.000,0.000,-7.000,220,220,380,600,600,50,0
211,2,10,4,1,11,10,2,19,7.667,2.000,-5.667,220,220,430,600,600,50,0
212,2,10,4,1,12,10,9,22,10.333,9.000,-1.333,220,220,480,600,600,50,0
213,2,10,4,1,13,11,16,24,13.333,16.000,2.667,220,220,530,575,575,50,1
214,2,10,4,1,13,11,23,27,15.667,23.000,7.333,220,220,580,575,575,50,0
215,2,10,4,1,13,12,30,30,18.333,30.000,11.667,220,220,630,575,575,50,0
216,2,10,4,1,14,12,37,32,21.000,37.000,16.000,220,220,680,575,575,50,0
217,2,10,4,1,14,13,44,35,23.667,44.000,20.333,220,220,730,575,575,50,0
218,2,10,4,1,15,13,51,38,26.333,51.000,24.667,220,220,780,575,575,50,0
219,2,10,4,1,18,13,59,41,30.000,59.000,29.000,220,220,830,575,575,50,0
220,2,10,4,1,15,13,66,43,31.333,66.000,34.667,220,220,880,575,575,50,0
221,2,10,4,1,16,14,73,46,34.333,73.000,38.667,220,220,930,575,575,50,0
222,2,10,4,1,16,14,80,48,36.667,80.000,43.333,220,220,980,575,575,50,0
223,2,10,4,1,17,14,87,51,39.333,87.000,47.667,220,220,1030,575,575,50,0
224,2,10,4,1,18,15,94,53,42.333,94.000,51.667,220,220,1080,575,575,50,0
225,2,11,5,1,12,76,13,44,33.667,76.000,42.333,220,220,54,575,575,50,0
226,2,11,5,1,15,71,14,45,33.333,71.000,37.667,220,220,104,575,575,50,0
227,2,11,5,1,16,64,13,42,31.000,64.000,33.000,220,220,154,575,575,50,0
228,2,11,5,1,15,56,12,39,27.667,56.000,28.333,220,220,204,575,575,50,0
229,2,11,5,1,15,48,11,36,24.667,48.000,23.333,220,220,254,575,575,50,0
230,2,11,5,1,14,40,11,33,21.667,40.000,18.333,220,220,304,575,575,50,0
231,2,11,5,1,14,34,11,31,19.667,34.000,14.333,220,220,354,575,575,50,0
232,2,11,5,1,13,27,10,28,16.667,27.000,10.333,220,220,404,575,575,50,0
233,2,11,5,1,13,19,10,25,14.000,19.000,5.000,220,220,454,575,575,50,0
234,2,11,5,1,12,13,10,23,11.667,13.000,1.333,220,220,504,575,575,50,0
235,2,11,5,1,12,6,9,20,9.000,6.000,-3.000,220,220,554,575,575,50,1
236,2,11,5,1,12,0,8,18,6.667,0.000,-6.667,220,220,604,575,575,50,0
237,2,11,5,1,11,0,8,15,6.333,0.000,-6.333,220,220,654,575,575,50,0
238,2,11,5,1,11,0,8,12,6.333,0.000,-6.333,220,220,704,575,575,50,0
239,2,11,5,1,13,0,8,10,7.000,0.000,-7.000,220,220,754,575,575,50,0
240,2,11,5,1,10,0,7,6,5.667,0.000,-5.667,220,220,804,575,575,50,0
241,2,11,5,1,10,0,6,3,5.333,0.000,-5.333,220,220,854,575,575,50,0
242,2,11,5,1,9,0,6,1,5.000,0.000,-5.000,220,220,904,575,575,50,0
243,2,11,5,1,8,0,5,0,4.333,0.000,-4.333,220,220,954,575,575,50,0
244,2,11,5,1,8,0,5,0,4.333,0.000,-4.333,220,220,1004,575,575,50,0
245,2,11,5,1,7,0,4,0,3.667,0.000,-3.667,220,220,1054,575,575,50,0
246,2,11,5,1,7,0,4,0,3.667,0.000,-3.667,220,220,1104,575,575,50,0
247,2,12,6,1,0,7,9,0,5.333,0.000,-5.333,220,220,54,575,575,50,0
248,2,12,6,1,0,6,6,0,4.000,0.000,-4.000,220,220,104,575,575,50,0
249,2,12,6,1,0,7,7,2,4.667,0.000,-4.667,220,220,154,575,575,50,0
250,2,12,6,1,0,8,6,4,4.667,0.000,-4.667,220,220,204,575,575,50,0
251,2,12,6,1,0,8,7,7,5.000,0.000,-5.000,220,220,254,575,575,50,0
252,2,12,6,1,0,8,7,10,5.000,0.000,-5.000,220,220,304,575,575,50,0
253,2,12,6,1,0,8,8,12,5.333,0.000,-5.333,220,220,354,575,575,50,0
254,2,12,6,1,0,9,8,15,5.667,0.000,-5.667,220,220,404,575,575,50,0
255,2,12,6,1,2,9,8,18,6.333,2.000,-4.333,220,220,454,575,575,50,0
256,2,12,6,1,9,10,9,20,9.333,9.000,-0.333,220,220,504,575,575,50,0
257,2,12,6,1,18,10,9,24,12.333,18.000,5.667,220,220,554,575,575,50,1
258,2,12,6,1,22,11,10,25,14.333,22.000,7.667,220,220,604,575,575,50,0
259,2,12,6,1,30,11,10,28,17.000,30.000,13.000,220,220,654,575,575,50,0
260,2,12,6,1,36,11,10,31,19.000,36.000,17.000,220,220,704,575,575,50,0
261,2,12,6,1,44,12,11,34,22.333,44.000,21.667,220,220,754,575,575,50,0
262,2,12,6,1,52,13,11,36,25.333,52.000,26.667,220,220,804,575,575,50,0
263,2,12,6,1,58,13,11,39,27.333,58.000,30.667,220,220,854,575,575,50,0
264,2,12,6,1,65,13,12,42,30.000,65.000,35.000,220,220,904,575,575,50,0
265,2,12,6,1,73,13,12,44,32.667,73.000,40.333,220,220,954,575,575,50,0
266,2,12,6,1,80,14,13,47,35.667,80.000,44.333,220,220,1004,575,575,50,0
267,2,12,6,1,86,14,13,49,37.667,86.000,48.333,220,220,1054,575,575,50,0
268,2,12,6,1,93,15,13,52,40.333,93.000,52.667,220,220,1104,575,575,50,0
269,3,13,1,1,16,11,82,46,36.333,82.000,45.667,220,220,54,575,575,50,0
270,3,13,1,1,18,13,76,47,35.667,76.000,40.333,220,220,104,575,575,50,0
271,3,13,1,1,17,13,68,44,32.667,68.000,35.333,220,220,154,575,575,50,0
272,3,13,1,1,16,13,60,41,29.667,60.000,30.333,220,220,204,575,575,50,0
273,3,13,1,1,15,12,52,38,26.333,52.000,25.667,220,220,254,575,575,50,0
274,3,13,1,1,15,12,45,35,24.000,45.000,21.000,220,220,304,575,575,50,0
275,3,13,1,1,15,12,37,33,21.333,37.000,15.667,220,220,354,575,575,50,0
276,3,13,1,1,17,11,30,30,19.333,30.000,10.667,220,220,404,575,575,50,0
277,3,13,1,1,13,11,23,27,15.667,23.000,7.333,220,220,454,575,575,50,0
278,3,13,1,1,13,10,16,25,13.000,16.000,3.000,220,220,504,575,575,50,0
279,3,13,1,1,13,10,9,22,10.667,9.000,-1.667,220,220,554,575,575,50,1
280,3,13,1,1,13,10,2,19,8.333,2.000,-6.333,220,220,604,575,575,50,0
281,3,13,1,1,12,9,0,17,7.000,0.000,-7.000,220,220,654,575,575,50,0
282,3,13,1,1,11,9,0,14,6.667,0.000,-6.667,220,220,704,575,575,50,0
283,3,13,1,1,11,9,0,11,6.667,0.000,-6.667,220,220,754,575,575,50,0
284,3,13,1,1,11,8,0,8,6.333,0.000,-6.333,220,220,804,575,575,50,0
285,3,13,1,1,10,8,0,5,6.000,0.000,-6.000,220,220,854,575,575,50,0
286,3,13,1,1,10,7,0,3,5.667,0.000,-5.667,220,220,904,575,575,50,0
287,3,13,1,1,9,7,0,0,5.333,0.000,-5.333,220,220,954,575,575,50,0
288,3,13,1,1,8,6,0,0,4.667,0.000,-4.667,220,220,1004,575,575,50,0
289,3,13,1,1,8,6,0,0,4.667,0.000,-4.667,220,220,1054,575,575,50,0
290,3,13,1,1,8,5,0,0,4.333,0.000,-4.333,220,220,1104,575,575,50,0
291,3,14,2,1,13,0,5,0,6.000,0.000,-6.000,220,220,54,575,575,50,0
292,3,14,2,1,10,0,4,0,4.667,0.000,-4.667,220,220,104,575,575,50,0
293,3,14,2,1,9,0,5,0,4.667,0.000,-4.667,220,220,154,575,575,50,0
294,3,14,2,1,9,0,6,1,5.000,0.000,-5.000,220,220,204,575,575,50,0
295,3,14,2,1,13,0,6,5,6.333,0.000,-6.333,220,220,254,575,575,50,0
296,3,14,2,1,10,0,7,7,5.667,0.000,-5.667,220,220,304,575,575,50,0
297,3,14,2,1,11,0,7,10,6.000,0.000,-6.000,220,220,354,575,575,50,0
298,3,14,2,1,11,0,7,12,6.000,0.000,-6.000,220,220,404,575,575,50,0
299,3,14,2,1,12,0,8,16,6.667,0.000,-6.667,220,220,454,575,575,50,0
300,3,14,2,1,12,1,8,18,7.000,1.000,-6.000,220,220,504,575,575,50,0
301,3,14,2,1,12,7,9,20,9.333,7.000,-2.333,220,220,554,575,575,50,0
302,3,14,2,1,13,14,9,23,12.000,14.000,2.000,220,220,604,600,600,50,1
303,3,14,2,1,13,21,10,26,14.667,21.000,6.333,220,220,654,600,600,50,0
304,3,14,2,1,13,28,10,28,17.000,28.000,11.000,220,220,704,600,600,50,0
305,3,14,2,1,14,35,10,30,19.667,35.000,15.333,220,220,754,600,600,50,0
306,3,14,2,1,15,42,11,34,22.667,42.000,19.333,220,220,804,600,600,50,0
307,3,14,2,1,15,50,11,36,25.333,50.000,24.667,220,220,854,600,600,50,0
308,3,14,2,1,16,57,12,39,28.333,57.000,28.667,220,220,904,600,600,50,0
309,3,14,2,1,16,64,12,42,30.667,64.000,33.333,220,220,954,600,600,50,0
310,3,14,2,1,16,72,12,45,33.333,72.000,38.667,220,220,1004,600,600,50,0
311,3,14,2,1,17,80,13,47,36.667,80.000,43.333,220,220,1054,600,600,50,0
312,3,14,2,1,17,86,13,50,38.667,86.000,47.333,220,220,1104,600,600,50,0
313,3,14,2,1,17,94,14,53,41.667,94.000,52.333,220,220,1154,600,600,50,0
314,3,14,2,1,17,103,14,55,44.667,103.000,58.333,220,220,1204,600,600,50,0
315,3,15,3,1,76,15,12,45,34.333,76.000,41.667,220,220,80,600,600,50,0
316,3,15,3,1,68,14,12,42,31.333,68.000,36.667,220,220,130,600,600,50,0
317,3,15,3,1,60,14,12,39,28.667,60.000,31.333,220,220,180,600,600,50,0
318,3,15,3,1,52,13,11,36,25.333,52.000,26.667,220,220,230,600,600,50,0
319,3,15,3,1,44,13,11,33,22.667,44.000,21.333,220,220,280,600,600,50,0
320,3,15,3,1,37,12,10,30,19.667,37.000,17.333,220,220,330,600,600,50,0
321,3,15,3,1,29,12,10,28,17.000,29.000,12.000,220,220,380,600,600,50,0
322,3,15,3,1,22,11,10,25,14.333,22.000,7.667,220,220,430,600,600,50,0
323,3,15,3,1,15,11,9,23,11.667,15.000,3.333,220,220,480,600,600,50,0
324,3,15,3,1,8,11,9,20,9.333,8.000,-1.333,220,220,530,575,575,50,1
325,3,15,3,1,1,10,8,17,6.333,1.000,-5.333,220,220,580,575,575,50,0
326,3,15,3,1,0,10,8,14,6.000,0.000,-6.000,220,220,630,575,575,50,0
327,3,15,3,1,0,9,8,12,5.667,0.000,-5.667,220,220,680,575,575,50,0
328,3,15,3,1,0,9,7,9,5.333,0.000,-5.333,220,220,730,575,575,50,0
329,3,15,3,1,0,8,7,6,5.000,0.000,-5.000,220,220,780,575,575,50,0
330,3,15,3,1,0,7,6,3,4.333,0.000,-4.333,220,220,830,575,575,50,0
331,3,15,3,1,0,7,6,1,4.333,0.000,-4.333,220,220,880,575,575,50,0
332,3,15,3,1,0,7,5,0,4.000,0.000,-4.000,220,220,930,575,575,50,0
333,3,15,3,1,0,6,5,0,3.667,0.000,-3.667,220,220,980,575,575,50,0
334,3,15,3,1,0,6,5,0,3.667,0.000,-3.667,220,220,1030,575,575,50,0
335,3,15,3,1,0,5,4,0,3.000,0.000,-3.000,220,220,1080,575,575,50,0
336,3,16,4,1,11,10,0,0,7.000,0.000,-7.000,220,220,54,575,575,50,0
337,3,16,4,1,7,8,0,0,5.000,0.000,-5.000,220,220,104,575,575,50,0
338,3,16,4,1,9,8,0,1,5.667,0.000,-5.667,220,220,154,575,575,50,0
339,3,16,4,1,9,8,0,3,5.667,0.000,-5.667,220,220,204,575,575,50,0
340,3,16,4,1,10,8,0,6,6.000,0.000,-6.000,220,220,254,575,575,50,0
341,3,16,4,1,10,9,0,9,6.333,0.000,-6.333,220,220,304,575,575,50,0
342,3,16,4,1,10,9,0,11,6.333,0.000,-6.333,220,220,354,575,575,50,0
343,3,16,4,1,11,10,0,14,7.000,0.000,-7.000,220,220,404,575,575,50,0
344,3,16,4,1,11,9,0,17,6.667,0.000,-6.667,220,220,454,575,575,50,0
345,3,16,4,1,12,10,3,20,8.333,3.000,-5.333,220,220,504,575,575,50,0
346,3,16,4,1,12,11,9,22,10.667,9.000,-1.667,220,220,554,575,575,50,0
347,3,16,4,1,12,11,17,24,13.333,17.000,3.667,220,220,604,600,600,50,1
348,3,16,4,1,12,11,23,27,15.333,23.000,7.667,220,220,654,600,600,50,0
349,3,16,4,1,13,11,30,29,18.000,30.000,12.000,220,220,704,600,600,50,0
350,3,16,4,1,13,12,37,32,20.667,37.000,16.333,220,220,754,600,600,50,0
351,3,16,4,1,14,12,44,35,23.333,44.000,20.667,220,220,804,600,600,50,0
352,3,16,4,1,14,13,51,38,26.000,51.000,25.000,220,220,854,600,600,50,0
353,3,16,4,1,18,13,59,41,30.000,59.000,29.000,220,220,904,600,600,50,0
354,3,16,4,1,15,14,66,43,31.667,66.000,34.333,220,220,954,600,600,50,0
355,3,16,4,1,16,14,73,46,34.333,73.000,38.667,220,220,1004,600,600,50,0
356,3,16,4,1,17,14,81,48,37.333,81.000,43.667,220,220,1054,600,600,50,0
357,3,16,4,1,17,15,88,51,40.000,88.000,48.000,220,220,1104,600,600,50,0
358,3,16,4,1,17,15,96,53,42.667,96.000,53.333,220,220,1154,600,600,50,0
359,3,16,4,1,17,15,103,56,45.000,103.000,58.000,220,220,1204,600,600,50,0
360,3,17,5,1,16,74,13,46,34.333,74.000,39.667,220,220,79,600,600,50,0
361,3,17,5,1,15,66,12,43,31.000,66.000,35.000,220,220,129,600,600,50,0
362,3,17,5,1,15,58,12,40,28.333,58.000,29.667,220,220,179,600,600,50,0
363,3,17,5,1,15,50,11,37,25.333,50.000,24.667,220,220,229,600,600,50,0
364,3,17,5,1,14,42,11,33,22.333,42.000,19.667,220,220,279,600,600,50,0
365,3,17,5,1,14,34,11,31,19.667,34.000,14.333,220,220,329,600,600,50,0
366,3,17,5,1,13,28,10,28,17.000,28.000,11.000,220,220,379,600,600,50,0
367,3,17,5,1,13,20,10,26,14.333,20.000,5.667,220,220,429,600,600,50,0
368,3,17,5,1,12,13,10,23,11.667,13.000,1.333,220,220,479,600,600,50,0
369,3,17,5,1,12,6,9,20,9.000,6.000,-3.000,220,220,529,575,575,50,1
370,3,17,5,1,11,0,9,18,6.667,0.000,-6.667,220,220,579,575,575,50,0
371,3,17,5,1,11,0,8,15,6.333,0.000,-6.333,220,220,629,575,575,50,0
372,3,17,5,1,14,0,8,13,7.333,0.000,-7.333,220,220,679,575,575,50,0
373,3,17,5,1,10,0,7,9,5.667,0.000,-5.667,220,220,729,575,575,50,0
374,3,17,5,1,10,0,7,7,5.667,0.000,-5.667,220,220,779,575,575,50,0
375,3,17,5,1,9,0,6,4,5.000,0.000,-5.000,220,220,829,575,575,50,0
376,3,17,5,1,9,0,6,1,5.000,0.000,-5.000,220,220,879,575,575,50,0
377,3,17,5,1,8,0,5,0,4.333,0.000,-4.333,220,220,929,575,575,50,0
378,3,17,5,1,8,0,5,0,4.333,0.000,-4.333,220,220,979,575,575,50,0
379,3,17,5,1,7,0,4,0,3.667,0.000,-3.667,220,220,1029,575,575,50,0
380,3,17,5,1,7,0,4,0,3.667,0.000,-3.667,220,220,1079,575,575,50,0
381,3,18,6,1,0,7,8,0,5.000,0.000,-5.000,220,220,54,575,575,50,0
382,3,18,6,1,0,6,6,0,4.000,0.000,-4.000,220,220,104,575,575,50,0
383,3,18,6,1,0,7,6,1,4.333,0.000,-4.333,220,220,154,575,575,50,0
384,3,18,6,1,0,7,7,4,4.667,0.000,-4.667,220,220,204,575,575,50,0
385,3,18,6,1,0,8,7,6,5.000,0.000,-5.000,220,220,254,575,575,50,0
386,3,18,6,1,0,8,7,9,5.000,0.000,-5.000,220,220,304,575,575,50,0
387,3,18,6,1,0,9,8,12,5.667,0.000,-5.667,220,220,354,575,575,50,0
388,3,18,6,1,0,9,8,15,5.667,0.000,-5.667,220,220,404,575,575,50,0
389,3,18,6,1,1,9,8,18,6.000,1.000,-5.000,220,220,454,575,575,50,0
390,3,18,6,1,8,10,9,20,9.000,8.000,-1.000,220,220,504,575,575,50,0
391,3,18,6,1,18,10,9,23,12.333,18.000,5.667,220,220,554,575,575,50,1
392,3,18,6,1,22,11,9,25,14.000,22.000,8.000,220,220,604,575,575,50,0
393,3,18,6,1,29,11,10,29,16.667,29.000,12.333,220,220,654,575,575,50,0
394,3,18,6,1,37,12,10,31,19.667,37.000,17.333,220,220,704,575,575,50,0
395,3,18,6,1,44,12,11,34,22.333,44.000,21.667,220,220,754,575,575,50,0
396,3,18,6,1,52,13,11,36,25.333,52.000,26.667,220,220,804,575,575,50,0
397,3,18,6,1,59,13,12,39,28.000,59.000,31.000,220,220,854,575,575,50,0
398,3,18,6,1,66,14,12,41,30.667,66.000,35.333,220,220,904,575,575,50,0
399,3,18,6,1,74,13,12,44,33.000,74.000,41.000,220,220,954,575,575,50,0
400,3,18,6,1,81,14,13,47,36.000,81.000,45.000,220,220,1004,575,575,50,0
401,3,18,6,1,88,14,13,50,38.333,88.000,49.667,220,220,1054,575,575,50,0
402,3,18,6,1,96,15,13,53,41.333,96.000,54.667,220,220,1104,575,575,50,0
403,4,19,1,1,15,11,77,45,34.333,77.000,42.667,220,220,54,575,575,50,0
404,4,19,1,1,18,13,72,46,34.333,72.000,37.667,220,220,104,575,575,50,0
405,4,19,1,1,16,13,64,43,31.000,64.000,33.000,220,220,154,575,575,50,0
406,4,19,1,1,16,13,56,39,28.333,56.000,27.667,220,220,204,575,575,50,0
407,4,19,1,1,15,12,48,36,25.000,48.000,23.000,220,220,254,575,575,50,0
408,4,19,1,1,14,12,41,34,22.333,41.000,18.667,220,220,304,575,575,50,0
409,4,19,1,1,14,11,33,31,19.333,33.000,13.667,220,220,354,575,575,50,0
410,4,19,1,1,17,12,26,29,18.333,26.000,7.667,220,220,404,575,575,50,0
411,4,19,1,1,14,11,20,26,15.000,20.000,5.000,220,220,454,575,575,50,0
412,4,19,1,1,13,10,13,23,12.000,13.000,1.000,220,220,504,575,575,50,0
413,4,19,1,1,13,10,7,21,10.000,7.000,-3.000,220,220,554,575,575,50,1
414,4,19,1,1,12,10,0,19,7.333,0.000,-7.333,220,220,604,575,575,50,0
415,4,19,1,1,12,9,0,16,7.000,0.000,-7.000,220,220,654,575,575,50,0
416,4,19,1,1,11,9,0,13,6.667,0.000,-6.667,220,220,704,575,575,50,0
417,4,19,1,1,11,9,0,11,6.667,0.000,-6.667,220,220,754,575,575,50,0
418,4,19,1,1,10,8,0,8,6.000,0.000,-6.000,220,220,804,575,575,50,0
419,4,19,1,1,10,8,0,5,6.000,0.000,-6.000,220,220,854,575,575,50,0
420,4,19,1,1,10,7,0,2,5.667,0.000,-5.667,220,220,904,575,575,50,0
421,4,19,1,1,9,7,0,0,5.333,0.000,-5.333,220,220,954,575,575,50,0
422,4,19,1,1,8,7,0,0,5.000,0.000,-5.000,220,220,1004,575,575,50,0
423,4,19,1,1,8,6,0,0,4.667,0.000,-4.667,220,220,1054,575,575,50,0
424,4,19,1,1,8,5,0,0,4.333,0.000,-4.333,220,220,1104,575,575,50,0
425,4,20,2,1,13,0,5,0,6.000,0.000,-6.000,220,220,54,575,575,50,0
426,4,20,2,1,9,0,4,0,4.333,0.000,-4.333,220,220,104,575,575,50,0
427,4,20,2,1,9,0,5,0,4.667,0.000,-4.667,220,220,154,575,575,50,0
428,4,20,2,1,9,0,6,1,5.000,0.000,-5.000,220,220,204,575,575,50,0
429,4,20,2,1,13,0,6,4,6.333,0.000,-6.333,220,220,254,575,575,50,0
430,4,20,2,1,10,0,6,6,5.333,0.000,-5.333,220,220,304,575,575,50,0
431,4,20,2,1,11,0,7,10,6.000,0.000,-6.000,220,220,354,575,575,50,0
432,4,20,2,1,11,0,7,12,6.000,0.000,-6.000,220,220,404,575,575,50,0
433,4,20,2,1,12,0,8,15,6.667,0.000,-6.667,220,220,454,575,575,50,0
434,4,20,2,1,12,0,8,17,6.667,0.000,-6.667,220,220,504,575,575,50,0
435,4,20,2,1,12,6,8,20,8.667,6.000,-2.667,220,220,554,575,575,50,0
436,4,20,2,1,13,14,9,23,12.000,14.000,2.000,220,220,604,600,600,50,1
437,4,20,2,1,13,21,10,25,14.667,21.000,6.333,220,220,654,600,600,50,0
438,4,20,2,1,14,28,9,28,17.000,28.000,11.000,220,220,704,600,600,50,0
439,4,20,2,1,14,35,10,31,19.667,35.000,15.333,220,220,754,600,600,50,0
440,4,20,2,1,15,43,10,33,22.667,43.000,20.333,220,220,804,600,600,50,0
441,4,20,2,1,15,49,11,36,25.000,49.000,24.000,220,220,854,600,600,50,0
442,4,20,2,1,15,57,11,39,27.667,57.000,29.333,220,220,904,600,600,50,0
443,4,20,2,1,16,65,12,42,31.000,65.000,34.000,220,220,954,600,600,50,0
444,4,20,2,1,17,73,12,45,34.000,73.000,39.000,220,220,1004,600,600,50,0
445,4,20,2,1,16,81,13,47,36.667,81.000,44.333,220,220,1054,600,600,50,0
446,4,20,2,1,17,88,13,50,39.333,88.000,48.667,220,220,1104,600,600,50,0
447,4,20,2,1,17,95,14,53,42.000,95.000,53.000,220,220,1154,600,600,50,0
448,4,20,2,1,17,103,14,56,44.667,103.000,58.333,220,220,1204,600,600,50,0
449,4,21,3,1,77,15,12,46,34.667,77.000,42.333,220,220,80,600,600,50,0
450,4,21,3,1,69,14,12,43,31.667,69.000,37.333,220,220,130,600,600,50,0
451,4,21,3,1,61,13,12,39,28.667,61.000,32.333,220,220,180,600,600,50,0
452,4,21,3,1,53,13,11,36,25.667,53.000,27.333,220,220,230,600,600,50,0
453,4,21,3,1,45,12,11,33,22.667,45.000,22.333,220,220,280,600,600,50,0
454,4,21,3,1,38,12,10,31,20.000,38.000,18.000,220,220,330,600,600,50,0
455,4,21,3,1,30,11,10,29,17.000,30.000,13.000,220,220,380,600,600,50,0
456,4,21,3,1,23,11,9,26,14.333,23.000,8.667,220,220,430,600,600,50,0
457,4,21,3,1,16,11,9,23,12.000,16.000,4.000,220,220,480,600,600,50,0
458,4,21,3,1,10,10,9,21,9.667,10.000,0.333,220,220,530,600,600,50,0
459,4,21,3,1,3,10,8,18,7.000,3.000,-4.000,220,220,580,600,600,50,1
460,4,21,3,1,0,10,8,15,6.000,0.000,-6.000,220,220,630,600,600,50,0
461,4,21,3,1,0,9,8,12,5.667,0.000,-5.667,220,220,680,600,600,50,0
462,4,21,3,1,0,9,7,10,5.333,0.000,-5.333,220,220,730,600,600,50,0
463,4,21,3,1,0,9,7,7,5.333,0.000,-5.333,220,220,780,600,600,50,0
464,4,21,3,1,0,8,7,4,5.000,0.000,-5.000,220,220,830,600,600,50,0
465,4,21,3,1,0,7,6,2,4.333,0.000,-4.333,220,220,880,600,600,50,0
466,4,21,3,1,0,7,6,0,4.333,0.000,-4.333,220,220,930,600,600,50,0
467,4,21,3,1,0,6,5,0,3.667,0.000,-3.667,220,220,980,600,600,50,0
468,4,21,3,1,0,6,5,0,3.667,0.000,-3.667,220,220,1030,600,600,50,0
469,4,21,3,1,0,5,5,0,3.333,0.000,-3.333,220,220,1080,600,600,50,0
470,4,21,3,1,0,4,4,0,2.667,0.000,-2.667,220,220,1130,600,600,50,0
471,4,21,3,1,0,4,4,0,2.667,0.000,-2.667,220,220,1180,600,600,50,0
472,4,22,4,1,8,8,0,1,5.333,0.000,-5.333,220,220,80,600,600,50,0
473,4,22,4,1,9,9,0,4,6.000,0.000,-6.000,220,220,130,600,600,50,0
474,4,22,4,1,10,8,0,6,6.000,0.000,-6.000,220,220,180,600,600,50,0
475,4,22,4,1,10,8,0,9,6.000,0.000,-6.000,220,220,230,600,600,50,0
476,4,22,4,1,10,9,0,12,6.333,0.000,-6.333,220,220,280,600,600,50,0
477,4,22,4,1,11,10,0,14,7.000,0.000,-7.000,220,220,330,600,600,50,0
478,4,22,4,1,11,9,0,17,6.667,0.000,-6.667,220,220,380,600,600,50,0
479,4,22,4,1,12,10,5,20,9.000,5.000,-4.000,220,220,430,600,600,50,0
480,4,22,4,1,12,11,12,22,11.667,12.000,0.333,220,220,480,550,550,50,1
481,4,22,4,1,13,10,19,25,14.000,19.000,5.000,220,220,530,550,550,50,0
482,4,22,4,1,13,11,26,28,16.667,26.000,9.333,220,220,580,550,550,50,0
483,4,22,4,1,14,12,33,30,19.667,33.000,13.333,220,220,630,550,550,50,0
484,4,22,4,1,14,12,40,33,22.000,40.000,18.000,220,220,680,550,550,50,0
485,4,22,4,1,14,13,47,36,24.667,47.000,22.333,220,220,730,550,550,50,0
486,4,22,4,1,15,13,55,38,27.667,55.000,27.333,220,220,780,550,550,50,0
487,4,22,4,1,18,14,62,42,31.333,62.000,30.667,220,220,830,550,550,50,0
488,4,22,4,1,16,14,69,44,33.000,69.000,36.000,220,220,880,550,550,50,0
489,4,22,4,1,16,14,76,47,35.333,76.000,40.667,220,220,930,550,550,50,0
490,4,22,4,1,16,14,84,49,38.000,84.000,46.000,220,220,980,550,550,50,0
491,4,22,4,1,17,15,91,52,41.000,91.000,50.000,220,220,1030,550,550,50,0
492,4,23,5,1,17,84,14,50,38.333,84.000,45.667,220,220,79,550,550,50,0
493,4,23,5,1,16,76,13,47,35.000,76.000,41.000,220,220,129,550,550,50,0
494,4,23,5,1,16,70,13,44,33.000,70.000,37.000,220,220,179,550,550,50,0
495,4,23,5,1,16,63,12,41,30.333,63.000,32.667,220,220,229,550,550,50,0
496,4,23,5,1,15,55,12,38,27.333,55.000,27.667,220,220,279,550,550,50,0
497,4,23,5,1,15,48,11,35,24.667,48.000,23.333,220,220,329,550,550,50,0
498,4,23,5,1,14,40,11,33,21.667,40.000,18.333,220,220,379,550,550,50,0
499,4,23,5,1,14,33,10,30,19.000,33.000,14.000,220,220,429,550,550,50,0
500,4,23,5,1,13,26,10,28,16.333,26.000,9.667,220,220,479,550,550,50,0
501,4,23,5,1,13,19,10,25,14.000,19.000,5.000,220,220,529,550,550,50,0
502,4,23,5,1,12,12,9,23,11.000,12.000,1.000,220,220,579,550,550,50,0
503,4,23,5,1,12,6,10,20,9.333,6.000,-3.333,220,220,629,600,600,50,1
504,4,23,5,1,12,0,8,17,6.667,0.000,-6.667,220,220,679,600,600,50,0
505,4,23,5,1,11,0,9,15,6.667,0.000,-6.667,220,220,729,600,600,50,0
506,4,23,5,1,10,0,8,12,6.000,0.000,-6.000,220,220,779,600,600,50,0
507,4,23,5,1,13,0,8,10,7.000,0.000,-7.000,220,220,829,600,600,50,0
508,4,23,5,1,10,0,7,7,5.667,0.000,-5.667,220,220,879,600,600,50,0
509,4,23,5,1,9,0,6,4,5.000,0.000,-5.000,220,220,929,600,600,50,0
510,4,23,5,1,9,0,6,1,5.000,0.000,-5.000,220,220,979,600,600,50,0
511,4,23,5,1,8,0,6,0,4.667,0.000,-4.667,220,220,1029,600,600,50,0
512,4,23,5,1,9,0,5,0,4.667,0.000,-4.667,220,220,1079,600,600,50,0
513,4,23,5,1,7,0,4,0,3.667,0.000,-3.667,220,220,1129,600,600,50,0
514,4,23,5,1,7,0,4,0,3.667,0.000,-3.667,220,220,1179,600,600,50,0
515,4,23,5,1,7,0,3,0,3.333,0.000,-3.333,220,220,1229,600,600,50,0
516,4,24,6,1,0,5,6,0,3.667,0.000,-3.667,220,220,79,600,600,50,0
517,4,24,6,1,0,6,7,0,4.333,0.000,-4.333,220,220,129,600,600,50,0
518,4,24,6,1,0,7,7,3,4.667,0.000,-4.667,220,220,179,600,600,50,0
519,4,24,6,1,0,8,6,5,4.667,0.000,-4.667,220,220,229,600,600,50,0
520,4,24,6,1,0,8,8,9,5.333,0.000,-5.333,220,220,279,600,600,50,0
521,4,24,6,1,0,8,8,12,5.333,0.000,-5.333,220,220,329,600,600,50,0
522,4,24,6,1,0,9,8,14,5.667,0.000,-5.667,220,220,379,600,600,50,0
523,4,24,6,1,0,9,8,17,5.667,0.000,-5.667,220,220,429,600,600,50,0
524,4,24,6,1,8,10,9,20,9.000,8.000,-1.000,220,220,479,600,600,50,0
525,4,24,6,1,15,10,9,23,11.333,15.000,3.667,220,220,529,575,575,50,1
526,4,24,6,1,25,10,10,26,15.000,25.000,10.000,220,220,579,575,575,50,0
527,4,24,6,1,29,11,10,28,16.667,29.000,12.333,220,220,629,575,575,50,0
528,4,24,6,1,37,12,11,31,20.000,37.000,17.000,220,220,679,575,575,50,0
529,4,24,6,1,44,12,11,33,22.333,44.000,21.667,220,220,729,575,575,50,0
530,4,24,6,1,51,12,11,36,24.667,51.000,26.333,220,220,779,575,575,50,0
531,4,24,6,1,58,13,12,39,27.667,58.000,30.333,220,220,829,575,575,50,0
532,4,24,6,1,66,14,12,41,30.667,66.000,35.333,220,220,879,575,575,50,0
533,4,24,6,1,72,14,12,44,32.667,72.000,39.333,220,220,929,575,575,50,0
534,4,24,6,1,79,14,13,47,35.333,79.000,43.667,220,220,979,575,575,50,0
535,4,24,6,1,86,14,13,49,37.667,86.000,48.333,220,220,1029,575,575,50,0
536,4,24,6,1,93,15,13,51,40.333,93.000,52.667,220,220,1079,575,575,50,0
537,5,25,1,1,15,11,78,45,34.667,78.000,43.333,220,220,53,575,575,50,0
538,5,25,1,1,18,13,73,47,34.667,73.000,38.333,220,220,103,575,575,50,0
539,5,25,1,1,17,14,65,43,32.000,65.000,33.000,220,220,153,575,575,50,0
540,5,25,1,1,16,13,56,40,28.333,56.000,27.667,220,220,203,575,575,50,0
541,5,25,1,1,15,12,49,37,25.333,49.000,23.667,220,220,253,575,575,50,0
542,5,25,1,1,15,12,42,34,23.000,42.000,19.000,220,220,303,575,575,50,0
543,5,25,1,1,14,11,35,32,20.000,35.000,15.000,220,220,353,575,575,50,0
544,5,25,1,1,17,12,28,29,19.000,28.000,9.000,220,220,403,575,575,50,0
545,5,25,1,1,14,11,21,26,15.333,21.000,5.667,220,220,453,575,575,50,0
546,5,25,1,1,13,10,14,24,12.333,14.000,1.667,220,220,503,575,575,50,0
547,5,25,1,1,13,10,8,21,10.333,8.000,-2.333,220,220,553,575,575,50,1
548,5,25,1,1,12,9,1,19,7.333,1.000,-6.333,220,220,603,575,575,50,0
549,5,25,1,1,12,9,0,16,7.000,0.000,-7.000,220,220,653,575,575,50,0
550,5,25,1,1,11,9,0,13,6.667,0.000,-6.667,220,220,703,575,575,50,0
551,5,25,1,1,11,8,0,11,6.333,0.000,-6.333,220,220,753,575,575,50,0
552,5,25,1,1,10,8,0,7,6.000,0.000,-6.000,220,220,803,575,575,50,0
553,5,25,1,1,10,8,0,5,6.000,0.000,-6.000,220,220,853,575,575,50,0
554,5,25,1,1,10,7,0,2,5.667,0.000,-5.667,220,220,903,575,575,50,0
555,5,25,1,1,9,7,0,0,5.333,0.000,-5.333,220,220,953,575,575,50,0
556,5,25,1,1,9,6,0,0,5.000,0.000,-5.000,220,220,1003,575,575,50,0
557,5,25,1,1,8,6,0,0,4.667,0.000,-4.667,220,220,1053,575,575,50,0
558,5,25,1,1,7,5,0,0,4.000,0.000,-4.000,220,220,1103,575,575,50,0
559,5,26,2,1,13,0,5,0,6.000,0.000,-6.000,220,220,54,575,575,50,0
560,5,26,2,1,10,0,4,0,4.667,0.000,-4.667,220,220,104,575,575,50,0
561,5,26,2,1,9,0,5,0,4.667,0.000,-4.667,220,220,154,575,575,50,0
562,5,26,2,1,9,0,6,2,5.000,0.000,-5.000,220,220,204,575,575,50,0
563,5,26,2,1,7,0,6,5,4.333,0.000,-4.333,220,220,254,575,575,50,0
564,5,26,2,1,13,0,7,8,6.667,0.000,-6.667,220,220,304,575,575,50,0
565,5,26,2,1,11,0,7,11,6.000,0.000,-6.000,220,220,354,575,575,50,0
566,5,26,2,1,11,0,7,13,6.000,0.000,-6.000,220,220,404,575,575,50,0
567,5,26,2,1,12,0,8,16,6.667,0.000,-6.667,220,220,454,575,575,50,0
568,5,26,2,1,12,2,8,19,7.333,2.000,-5.333,220,220,504,575,575,50,0
569,5,26,2,1,13,9,9,21,10.333,9.000,-1.333,220,220,554,575,575,50,0
570,5,26,2,1,13,16,9,24,12.667,16.000,3.333,220,220,604,600,600,50,1
571,5,26,2,1,14,23,9,26,15.333,23.000,7.667,220,220,654,600,600,50,0
572,5,26,2,1,14,30,10,28,18.000,30.000,12.000,220,220,704,600,600,50,0
573,5,26,2,1,14,37,10,31,20.333,37.000,16.667,220,220,754,600,600,50,0
574,5,26,2,1,15,43,10,34,22.667,43.000,20.333,220,220,804,600,600,50,0
575,5,26,2,1,15,51,11,37,25.667,51.000,25.333,220,220,854,600,600,50,0
576,5,26,2,1,16,59,12,39,29.000,59.000,30.000,220,220,904,600,600,50,0
577,5,26,2,1,16,66,12,42,31.333,66.000,34.667,220,220,954,600,600,50,0
578,5,26,2,1,16,74,13,45,34.333,74.000,39.667,220,220,1004,600,600,50,0
579,5,26,2,1,16,81,13,48,36.667,81.000,44.333,220,220,1054,600,600,50,0
580,5,26,2,1,17,89,13,50,39.667,89.000,49.333,220,220,1104,600,600,50,0
581,5,26,2,1,17,96,14,53,42.333,96.000,53.667,220,220,1154,600,600,50,0
582,5,26,2,1,17,104,14,56,45.000,104.000,59.000,220,220,1204,600,600,50,0
583,5,27,3,1,78,15,12,46,35.000,78.000,43.000,220,220,80,600,600,50,0
584,5,27,3,1,71,14,12,44,32.333,71.000,38.667,220,220,130,600,600,50,0
585,5,27,3,1,63,14,12,40,29.667,63.000,33.333,220,220,180,600,600,50,0
586,5,27,3,1,55,13,12,37,26.667,55.000,28.333,220,220,230,600,600,50,0
587,5,27,3,1,47,13,11,34,23.667,47.000,23.333,220,220,280,600,600,50,0
588,5,27,3,1,40,12,11,32,21.000,40.000,19.000,220,220,330,600,600,50,0
589,5,27,3,1,32,12,10,29,18.000,32.000,14.000,220,220,380,600,600,50,0
590,5,27,3,1,24,11,10,26,15.000,24.000,9.000,220,220,430,600,600,50,0
591,5,27,3,1,18,11,9,24,12.667,18.000,5.333,220,220,480,600,600,50,0
592,5,27,3,1,10,10,9,21,9.667,10.000,0.333,220,220,530,600,600,50,0
593,5,27,3,1,3,10,8,18,7.000,3.000,-4.000,220,220,580,600,600,50,1
594,5,27,3,1,0,10,8,16,6.000,0.000,-6.000,220,220,630,600,600,50,0
595,5,27,3,1,0,9,8,13,5.667,0.000,-5.667,220,220,680,600,600,50,0
596,5,27,3,1,0,9,7,10,5.333,0.000,-5.333,220,220,730,600,600,50,0
597,5,27,3,1,0,8,7,7,5.000,0.000,-5.000,220,220,780,600,600,50,0
598,5,27,3,1,0,7,6,4,4.333,0.000,-4.333,220,220,830,600,600,50,0
599,5,27,3,1,0,7,6,2,4.333,0.000,-4.333,220,220,880,600,600,50,0
600,5,27,3,1,0,7,6,0,4.333,0.000,-4.333,220,220,930,600,600,50,0
601,5,27,3,1,0,6,5,0,3.667,0.000,-3.667,220,220,980,600,600,50,0
602,5,27,3,1,0,6,5,0,3.667,0.000,-3.667,220,220,1030,600,600,50,0
603,5,27,3,1,0,5,4,0,3.000,0.000,-3.000,220,220,1080,600,600,50,0
604,5,27,3,1,0,5,4,0,3.000,0.000,-3.000,220,220,1130,600,600,50,0
605,5,27,3,1,0,4,3,0,2.333,0.000,-2.333,220,220,1180,600,600,50,0
606,5,28,4,1,8,8,0,1,5.333,0.000,-5.333,220,220,80,600,600,50,0
607,5,28,4,1,10,8,0,3,6.000,0.000,-6.000,220,220,130,600,600,50,0
608,5,28,4,1,10,8,0,6,6.000,0.000,-6.000,220,220,180,600,600,50,0
609,5,28,4,1,10,8,0,9,6.000,0.000,-6.000,220,220,230,600,600,50,0
610,5,28,4,1,10,9,0,12,6.333,0.000,-6.333,220,220,280,600,600,50,0
611,5,28,4,1,11,9,0,14,6.667,0.000,-6.667,220,220,330,600,600,50,0
612,5,28,4,1,11,10,0,17,7.000,0.000,-7.000,220,220,380,600,600,50,0
613,5,28,4,1,12,10,4,19,8.667,4.000,-4.667,220,220,430,600,600,50,0
614,5,28,4,1,12,10,10,22,10.667,10.000,-0.667,220,220,480,600,600,50,0
615,5,28,4,1,13,11,17,24,13.667,17.000,3.333,220,220,530,575,575,50,1
616,5,28,4,1,13,11,24,27,16.000,24.000,8.000,220,220,580,575,575,50,0
617,5,28,4,1,13,12,30,30,18.333,30.000,11.667,220,220,630,575,575,50,0
618,5,28,4,1,14,12,37,32,21.000,37.000,16.000,220,220,680,575,575,50,0
619,5,28,4,1,14,12,44,35,23.333,44.000,20.667,220,220,730,575,575,50,0
620,5,28,4,1,15,13,51,38,26.333,51.000,24.667,220,220,780,575,575,50,0
621,5,28,4,1,18,13,59,41,30.000,59.000,29.000,220,220,830,575,575,50,0
622,5,28,4,1,15,13,66,43,31.333,66.000,34.667,220,220,880,575,575,50,0
623,5,28,4,1,16,14,73,45,34.333,73.000,38.667,220,220,930,575,575,50,0
624,5,28,4,1,16,14,81,48,37.000,81.000,44.000,220,220,980,575,575,50,0
625,5,28,4,1,17,14,88,51,39.667,88.000,48.333,220,220,1030,575,575,50,0
626,5,28,4,1,17,15,96,54,42.667,96.000,53.333,220,220,1080,575,575,50,0
627,5,29,5,1,12,75,13,43,33.333,75.000,41.667,220,220,54,575,575,50,0
628,5,29,5,1,16,70,14,44,33.333,70.000,36.667,220,220,104,575,575,50,0
629,5,29,5,1,15,62,13,42,30.000,62.000,32.000,220,220,154,575,575,50,0
630,5,29,5,1,15,55,12,39,27.333,55.000,27.667,220,220,204,575,575,50,0
631,5,29,5,1,15,47,11,35,24.333,47.000,22.667,220,220,254,575,575,50,0
632,5,29,5,1,14,40,11,33,21.667,40.000,18.333,220,220,304,575,575,50,0
633,5,29,5,1,13,32,11,30,18.667,32.000,13.333,220,220,354,575,575,50,0
634,5,29,5,1,13,25,10,28,16.000,25.000,9.000,220,220,404,575,575,50,0
635,5,29,5,1,13,17,10,24,13.333,17.000,3.667,220,220,454,575,575,50,0
636,5,29,5,1,12,11,9,22,10.667,11.000,0.333,220,220,504,575,575,50,0
637,5,29,5,1,12,4,9,20,8.333,4.000,-4.333,220,220,554,575,575,50,1
638,5,29,5,1,11,0,9,17,6.667,0.000,-6.667,220,220,604,575,575,50,0
639,5,29,5,1,11,0,8,14,6.333,0.000,-6.333,220,220,654,575,575,50,0
640,5,29,5,1,11,0,8,12,6.333,0.000,-6.333,220,220,704,575,575,50,0
641,5,29,5,1,13,0,8,9,7.000,0.000,-7.000,220,220,754,575,575,50,0
642,5,29,5,1,10,0,7,6,5.667,0.000,-5.667,220,220,804,575,575,50,0
643,5,29,5,1,9,0,6,3,5.000,0.000,-5.000,220,220,854,575,575,50,0
644,5,29,5,1,9,0,6,0,5.000,0.000,-5.000,220,220,904,575,575,50,0
645,5,29,5,1,9,0,5,0,4.667,0.000,-4.667,220,220,954,575,575,50,0
646,5,29,5,1,8,0,5,0,4.333,0.000,-4.333,220,220,1004,575,575,50,0
647,5,29,5,1,8,0,4,0,4.000,0.000,-4.000,220,220,1054,575,575,50,0
648,5,29,5,1,7,0,4,0,3.667,0.000,-3.667,220,220,1104,575,575,50,0
649,5,30,6,1,0,8,8,0,5.333,0.000,-5.333,220,220,54,575,575,50,0
650,5,30,6,1,0,6,6,0,4.000,0.000,-4.000,220,220,104,575,575,50,0
651,5,30,6,1,0,7,6,1,4.333,0.000,-4.333,220,220,154,575,575,50,0
652,5,30,6,1,0,7,7,4,4.667,0.000,-4.667,220,220,204,575,575,50,0
653,5,30,6,1,0,8,7,6,5.000,0.000,-5.000,220,220,254,575,575,50,0
654,5,30,6,1,0,8,7,9,5.000,0.000,-5.000,220,220,304,575,575,50,0
655,5,30,6,1,0,8,8,12,5.333,0.000,-5.333,220,220,354,575,575,50,0
656,5,30,6,1,0,9,8,15,5.667,0.000,-5.667,220,220,404,575,575,50,0
657,5,30,6,1,1,9,8,18,6.000,1.000,-5.000,220,220,454,575,575,50,0
658,5,30,6,1,8,10,9,20,9.000,8.000,-1.000,220,220,504,575,575,50,0
659,5,30,6,1,18,10,9,23,12.333,18.000,5.667,220,220,554,575,575,50,1
660,5,30,6,1,22,11,10,25,14.333,22.000,7.667,220,220,604,575,575,50,0
661,5,30,6,1,28,11,10,28,16.333,28.000,11.667,220,220,654,575,575,50,0
662,5,30,6,1,36,12,11,31,19.667,36.000,16.333,220,220,704,575,575,50,0
663,5,30,6,1,44,12,11,33,22.333,44.000,21.667,220,220,754,575,575,50,0
664,5,30,6,1,50,12,11,36,24.333,50.000,25.667,220,220,804,575,575,50,0
665,5,30,6,1,58,13,12,39,27.667,58.000,30.333,220,220,854,575,575,50,0
666,5,30,6,1,65,13,12,41,30.000,65.000,35.000,220,220,904,575,575,50,0
667,5,30,6,1,73,13,12,44,32.667,73.000,40.333,220,220,954,575,575,50,0
668,5,30,6,1,79,14,13,47,35.333,79.000,43.667,220,220,1004,575,575,50,0
669,5,30,6,1,86,14,13,49,37.667,86.000,48.333,220,220,1054,575,575,50,0
670,5,30,6,1,94,15,13,52,40.667,94.000,53.333,220,220,1104,575,575,50,0
671,6,31,1,1,15,11,82,47,36.000,82.000,46.000,220,220,54,575,575,50,0
672,6,31,1,1,18,14,76,48,36.000,76.000,40.000,220,220,104,575,575,50,0
673,6,31,1,1,17,14,68,44,33.000,68.000,35.000,220,220,154,575,575,50,0
674,6,31,1,1,16,13,60,41,29.667,60.000,30.333,220,220,204,575,575,50,0
675,6,31,1,1,16,13,52,37,27.000,52.000,25.000,220,220,254,575,575,50,0
676,6,31,1,1,15,12,44,35,23.667,44.000,20.333,220,220,304,575,575,50,0
677,6,31,1,1,14,12,37,32,21.000,37.000,16.000,220,220,354,575,575,50,0
678,6,31,1,1,14,11,29,29,18.000,29.000,11.000,220,220,404,575,575,50,0
679,6,31,1,1,17,11,22,27,16.667,22.000,5.333,220,220,454,575,575,50,0
680,6,31,1,1,13,10,15,24,12.667,15.000,2.333,220,220,504,575,575,50,0
681,6,31,1,1,13,10,8,21,10.333,8.000,-2.333,220,220,554,575,575,50,1
682,6,31,1,1,12,10,1,19,7.667,1.000,-6.667,220,220,604,575,575,50,0
683,6,31,1,1,12,9,0,16,7.000,0.000,-7.000,220,220,654,575,575,50,0
684,6,31,1,1,11,9,0,13,6.667,0.000,-6.667,220,220,704,575,575,50,0
685,6,31,1,1,11,8,0,11,6.333,0.000,-6.333,220,220,754,575,575,50,0
686,6,31,1,1,10,8,0,8,6.000,0.000,-6.000,220,220,804,575,575,50,0
687,6,31,1,1,10,8,0,5,6.000,0.000,-6.000,220,220,854,575,575,50,0
688,6,31,1,1,9,7,0,2,5.333,0.000,-5.333,220,220,904,575,575,50,0
689,6,31,1,1,9,7,0,0,5.333,0.000,-5.333,220,220,954,575,575,50,0
690,6,31,1,1,8,6,0,0,4.667,0.000,-4.667,220,220,1004,575,575,50,0
691,6,31,1,1,8,6,0,0,4.667,0.000,-4.667,220,220,1054,575,575,50,0
692,6,31,1,1,7,5,0,0,4.000,0.000,-4.000,220,220,1104,575,575,50,0
693,6,32,2,1,13,0,6,0,6.333,0.000,-6.333,220,220,54,575,575,50,0
694,6,32,2,1,9,0,4,0,4.333,0.000,-4.333,220,220,104,575,575,50,0
695,6,32,2,1,9,0,5,0,4.667,0.000,-4.667,220,220,154,575,575,50,0
696,6,32,2,1,9,0,6,2,5.000,0.000,-5.000,220,220,204,575,575,50,0
697,6,32,2,1,13,0,6,5,6.333,0.000,-6.333,220,220,254,575,575,50,0
698,6,32,2,1,10,0,7,7,5.667,0.000,-5.667,220,220,304,575,575,50,0
699,6,32,2,1,10,0,7,9,5.667,0.000,-5.667,220,220,354,575,575,50,0
700,6,32,2,1,11,0,8,13,6.333,0.000,-6.333,220,220,404,575,575,50,0
701,6,32,2,1,11,0,8,15,6.333,0.000,-6.333,220,220,454,575,575,50,0
702,6,32,2,1,12,0,8,18,6.667,0.000,-6.667,220,220,504,575,575,50,0
703,6,32,2,1,12,7,9,20,9.333,7.000,-2.333,220,220,554,575,575,50,0
704,6,32,2,1,13,15,9,23,12.333,15.000,2.667,220,220,604,600,600,50,1
705,6,32,2,1,13,22,9,26,14.667,22.000,7.333,220,220,654,600,600,50,0
706,6,32,2,1,14,28,10,28,17.333,28.000,10.667,220,220,704,600,600,50,0
707,6,32,2,1,14,35,10,31,19.667,35.000,15.333,220,220,754,600,600,50,0
708,6,32,2,1,14,43,11,34,22.667,43.000,20.333,220,220,804,600,600,50,0
709,6,32,2,1,15,51,11,36,25.667,51.000,25.333,220,220,854,600,600,50,0
710,6,32,2,1,15,58,12,39,28.333,58.000,29.667,220,220,904,600,600,50,0
711,6,32,2,1,16,66,12,42,31.333,66.000,34.667,220,220,954,600,600,50,0
712,6,32,2,1,16,73,13,45,34.000,73.000,39.000,220,220,1004,600,600,50,0
713,6,32,2,1,16,82,13,48,37.000,82.000,45.000,220,220,1054,600,600,50,0
714,6,32,2,1,16,89,14,51,39.667,89.000,49.333,220,220,1104,600,600,50,0
715,6,32,2,1,17,97,14,53,42.667,97.000,54.333,220,220,1154,600,600,50,0
716,6,32,2,1,18,106,14,57,46.000,106.000,60.000,220,220,1204,600,600,50,0
717,6,33,3,1,76,15,12,46,34.333,76.000,41.667,220,220,80,600,600,50,0
718,6,33,3,1,68,14,12,43,31.333,68.000,36.667,220,220,130,600,600,50,0
719,6,33,3,1,60,14,12,40,28.667,60.000,31.333,220,220,180,600,600,50,0
720,6,33,3,1,52,13,11,37,25.333,52.000,26.667,220,220,230,600,600,50,0
721,6,33,3,1,44,13,10,33,22.333,44.000,21.667,220,220,280,600,600,50,0
722,6,33,3,1,37,12,10,31,19.667,37.000,17.333,220,220,330,600,600,50,0
723,6,33,3,1,29,11,10,28,16.667,29.000,12.333,220,220,380,600,600,50,0
724,6,33,3,1,22,11,9,25,14.000,22.000,8.000,220,220,430,600,600,50,0
725,6,33,3,1,15,11,9,23,11.667,15.000,3.333,220,220,480,600,600,50,0
726,6,33,3,1,9,10,9,20,9.333,9.000,-0.333,220,220,530,600,600,50,1
727,6,33,3,1,2,10,8,18,6.667,2.000,-4.667,220,220,580,600,600,50,0
728,6,33,3,1,0,9,8,15,5.667,0.000,-5.667,220,220,630,600,600,50,0
729,6,33,3,1,0,9,7,12,5.333,0.000,-5.333,220,220,680,600,600,50,0
730,6,33,3,1,0,9,7,9,5.333,0.000,-5.333,220,220,730,600,600,50,0
731,6,33,3,1,0,8,7,7,5.000,0.000,-5.000,220,220,780,600,600,50,0
732,6,33,3,1,0,7,6,4,4.333,0.000,-4.333,220,220,830,600,600,50,0
733,6,33,3,1,0,7,5,2,4.000,0.000,-4.000,220,220,880,600,600,50,0
734,6,33,3,1,0,7,5,0,4.000,0.000,-4.000,220,220,930,600,600,50,0
735,6,33,3,1,0,6,5,0,3.667,0.000,-3.667,220,220,980,600,600,50,0
736,6,33,3,1,0,6,5,0,3.667,0.000,-3.667,220,220,1030,600,600,50,0
737,6,33,3,1,0,5,4,0,3.000,0.000,-3.000,220,220,1080,600,600,50,0
738,6,33,3,1,0,4,4,0,2.667,0.000,-2.667,220,220,1130,600,600,50,0
739,6,33,3,1,0,4,4,0,2.667,0.000,-2.667,220,220,1180,600,600,50,0
740,6,34,4,1,8,8,0,0,5.333,0.000,-5.333,220,220,80,600,600,50,0
741,6,34,4,1,9,8,0,2,5.667,0.000,-5.667,220,220,130,600,600,50,0
742,6,34,4,1,10,8,0,6,6.000,0.000,-6.000,220,220,180,600,600,50,0
743,6,34,4,1,10,9,0,8,6.333,0.000,-6.333,220,220,230,600,600,50,0
744,6,34,4,1,10,9,0,11,6.333,0.000,-6.333,220,220,280,600,600,50,0
745,6,34,4,1,11,9,0,13,6.667,0.000,-6.667,220,220,330,600,600,50,0
746,6,34,4,1,11,10,0,16,7.000,0.000,-7.000,220,220,380,600,600,50,0
747,6,34,4,1,12,10,2,19,8.000,2.000,-6.000,220,220,430,600,600,50,0
748,6,34,4,1,12,11,9,21,10.667,9.000,-1.667,220,220,480,600,600,50,0
749,6,34,4,1,13,11,15,24,13.000,15.000,2.000,220,220,530,575,575,50,1
750,6,34,4,1,13,11,23,27,15.667,23.000,7.333,220,220,580,575,575,50,0
751,6,34,4,1,13,12,30,29,18.333,30.000,11.667,220,220,630,575,575,50,0
752,6,34,4,1,14,12,37,32,21.000,37.000,16.000,220,220,680,575,575,50,0
753,6,34,4,1,14,12,44,35,23.333,44.000,20.667,220,220,730,575,575,50,0
754,6,34,4,1,15,13,52,38,26.667,52.000,25.333,220,220,780,575,575,50,0
755,6,34,4,1,18,13,59,41,30.000,59.000,29.000,220,220,830,575,575,50,0
756,6,34,4,1,16,13,66,43,31.667,66.000,34.333,220,220,880,575,575,50,0
757,6,34,4,1,16,14,73,46,34.333,73.000,38.667,220,220,930,575,575,50,0
758,6,34,4,1,16,14,81,49,37.000,81.000,44.000,220,220,980,575,575,50,0
759,6,34,4,1,17,15,88,51,40.000,88.000,48.000,220,220,1030,575,575,50,0
760,6,34,4,1,17,15,96,54,42.667,96.000,53.333,220,220,1080,575,575,50,0
761,6,35,5,1,12,77,13,44,34.000,77.000,43.000,220,220,54,575,575,50,0
762,6,35,5,1,15,72,14,46,33.667,72.000,38.333,220,220,104,575,575,50,0
763,6,35,5,1,16,64,13,42,31.000,64.000,33.000,220,220,154,575,575,50,0
764,6,35,5,1,15,56,12,39,27.667,56.000,28.333,220,220,204,575,575,50,0
765,6,35,5,1,15,49,12,36,25.333,49.000,23.667,220,220,254,575,575,50,0
766,6,35,5,1,14,41,10,33,21.667,41.000,19.333,220,220,304,575,575,50,0
767,6,35,5,1,14,34,11,30,19.667,34.000,14.333,220,220,354,575,575,50,0
768,6,35,5,1,13,27,10,28,16.667,27.000,10.333,220,220,404,575,575,50,0
769,6,35,5,1,13,20,10,26,14.333,20.000,5.667,220,220,454,575,575,50,0
770,6,35,5,1,12,13,10,23,11.667,13.000,1.333,220,220,504,575,575,50,0
771,6,35,5,1,12,6,9,20,9.000,6.000,-3.000,220,220,554,575,575,50,1
772,6,35,5,1,11,0,8,18,6.333,0.000,-6.333,220,220,604,575,575,50,0
773,6,35,5,1,11,0,8,15,6.333,0.000,-6.333,220,220,654,575,575,50,0
774,6,35,5,1,14,0,8,13,7.333,0.000,-7.333,220,220,704,575,575,50,0
775,6,35,5,1,10,0,7,10,5.667,0.000,-5.667,220,220,754,575,575,50,0
776,6,35,5,1,10,0,7,7,5.667,0.000,-5.667,220,220,804,575,575,50,0
777,6,35,5,1,9,0,6,4,5.000,0.000,-5.000,220,220,854,575,575,50,0
778,6,35,5,1,9,0,6,2,5.000,0.000,-5.000,220,220,904,575,575,50,0
779,6,35,5,1,8,0,6,0,4.667,0.000,-4.667,220,220,954,575,575,50,0
780,6,35,5,1,8,0,5,0,4.333,0.000,-4.333,220,220,1004,575,575,50,0
781,6,35,5,1,7,0,5,0,4.000,0.000,-4.000,220,220,1054,575,575,50,0
782,6,35,5,1,7,0,4,0,3.667,0.000,-3.667,220,220,1104,575,575,50,0
783,6,36,6,1,0,8,9,0,5.667,0.000,-5.667,220,220,54,575,575,50,0
784,6,36,6,1,0,6,6,0,4.000,0.000,-4.000,220,220,104,575,575,50,0
785,6,36,6,1,0,6,6,1,4.000,0.000,-4.000,220,220,154,575,575,50,0
786,6,36,6,1,0,7,6,4,4.333,0.000,-4.333,220,220,204,575,575,50,0
787,6,36,6,1,0,8,7,7,5.000,0.000,-5.000,220,220,254,575,575,50,0
788,6,36,6,1,0,8,7,9,5.000,0.000,-5.000,220,220,304,575,575,50,0
789,6,36,6,1,0,9,8,12,5.667,0.000,-5.667,220,220,354,575,575,50,0
790,6,36,6,1,0,9,8,15,5.667,0.000,-5.667,220,220,404,575,575,50,0
791,6,36,6,1,2,9,9,18,6.667,2.000,-4.667,220,220,454,575,575,50,0
792,6,36,6,1,9,10,9,20,9.333,9.000,-0.333,220,220,504,575,575,50,0
793,6,36,6,1,19,10,9,24,12.667,19.000,6.333,220,220,554,575,575,50,1
794,6,36,6,1,23,11,10,26,14.667,23.000,8.333,220,220,604,575,575,50,0
795,6,36,6,1,31,11,10,29,17.333,31.000,13.667,220,220,654,575,575,50,0
796,6,36,6,1,37,11,11,31,19.667,37.000,17.333,220,220,704,575,575,50,0
797,6,36,6,1,45,12,11,34,22.667,45.000,22.333,220,220,754,575,575,50,0
798,6,36,6,1,52,12,11,37,25.000,52.000,27.000,220,220,804,575,575,50,0
799,6,36,6,1,60,13,12,39,28.333,60.000,31.667,220,220,854,575,575,50,0
800,6,36,6,1,67,14,12,42,31.000,67.000,36.000,220,220,904,575,575,50,0
801,6,36,6,1,75,14,12,45,33.667,75.000,41.333,220,220,954,575,575,50,0
802,6,36,6,1,81,14,13,47,36.000,81.000,45.000,220,220,1004,575,575,50,0
803,6,36,6,1,88,15,13,49,38.667,88.000,49.333,220,220,1054,575,575,50,0
804,6,36,6,1,96,15,13,52,41.333,96.000,54.667,220,220,1104,575,575,50,0
805,7,37,1,1,15,10,79,46,34.667,79.000,44.333,220,220,54,575,575,50,0
806,7,37,1,1,18,14,74,46,35.333,74.000,38.667,220,220,104,575,575,50,0
807,7,37,1,1,17,13,66,43,32.000,66.000,34.000,220,220,154,575,575,50,0
808,7,37,1,1,16,13,58,41,29.000,58.000,29.000,220,220,204,575,575,50,0
809,7,37,1,1,16,12,50,37,26.000,50.000,24.000,220,220,254,575,575,50,0
810,7,37,1,1,15,12,43,34,23.333,43.000,19.667,220,220,304,575,575,50,0
811,7,37,1,1,14,12,35,32,20.333,35.000,14.667,220,220,354,575,575,50,0
812,7,37,1,1,17,11,29,29,19.000,29.000,10.000,220,220,404,575,575,50,0
813,7,37,1,1,14,11,22,27,15.667,22.000,6.333,220,220,454,575,575,50,0
814,7,37,1,1,14,10,15,24,13.000,15.000,2.000,220,220,504,575,575,50,0
815,7,37,1,1,13,10,9,22,10.667,9.000,-1.667,220,220,554,575,575,50,1
816,7,37,1,1,12,10,1,19,7.667,1.000,-6.667,220,220,604,575,575,50,0
817,7,37,1,1,12,9,0,16,7.000,0.000,-7.000,220,220,654,575,575,50,0
818,7,37,1,1,12,9,0,14,7.000,0.000,-7.000,220,220,704,575,575,50,0
819,7,37,1,1,11,8,0,11,6.333,0.000,-6.333,220,220,754,575,575,50,0
820,7,37,1,1,11,8,0,8,6.333,0.000,-6.333,220,220,804,575,575,50,0
821,7,37,1,1,10,8,0,6,6.000,0.000,-6.000,220,220,854,575,575,50,0
822,7,37,1,1,10,8,0,3,6.000,0.000,-6.000,220,220,904,575,575,50,0
823,7,37,1,1,9,7,0,0,5.333,0.000,-5.333,220,220,954,575,575,50,0
824,7,37,1,1,9,6,0,0,5.000,0.000,-5.000,220,220,1004,575,575,50,0
825,7,37,1,1,8,6,0,0,4.667,0.000,-4.667,220,220,1054,575,575,50,0
826,7,37,1,1,8,6,0,0,4.667,0.000,-4.667,220,220,1104,575,575,50,0
827,7,38,2,1,13,0,5,0,6.000,0.000,-6.000,220,220,54,575,575,50,0
828,7,38,2,1,9,0,4,0,4.333,0.000,-4.333,220,220,104,575,575,50,0
829,7,38,2,1,9,0,5,0,4.667,0.000,-4.667,220,220,154,575,575,50,0
830,7,38,2,1,9,0,6,1,5.000,0.000,-5.000,220,220,204,575,575,50,0
831,7,38,2,1,13,0,6,3,6.333,0.000,-6.333,220,220,254,575,575,50,0
832,7,38,2,1,10,0,6,6,5.333,0.000,-5.333,220,220,304,575,575,50,0
833,7,38,2,1,10,0,7,9,5.667,0.000,-5.667,220,220,354,575,575,50,0
834,7,38,2,1,11,0,7,12,6.000,0.000,-6.000,220,220,404,575,575,50,0
835,7,38,2,1,12,0,8,15,6.667,0.000,-6.667,220,220,454,575,575,50,0
836,7,38,2,1,12,0,8,18,6.667,0.000,-6.667,220,220,504,575,575,50,0
837,7,38,2,1,13,6,8,20,9.000,6.000,-3.000,220,220,554,575,575,50,0
838,7,38,2,1,12,14,9,23,11.667,14.000,2.333,220,220,604,600,600,50,1
839,7,38,2,1,13,21,10,26,14.667,21.000,6.333,220,220,654,600,600,50,0
840,7,38,2,1,13,28,10,28,17.000,28.000,11.000,220,220,704,600,600,50,0
841,7,38,2,1,14,34,10,30,19.333,34.000,14.667,220,220,754,600,600,50,0
842,7,38,2,1,14,42,11,33,22.333,42.000,19.667,220,220,804,600,600,50,0
843,7,38,2,1,15,50,11,36,25.333,50.000,24.667,220,220,854,600,600,50,0
844,7,38,2,1,16,57,11,39,28.000,57.000,29.000,220,220,904,600,600,50,0
845,7,38,2,1,16,64,12,42,30.667,64.000,33.333,220,220,954,600,600,50,0
846,7,38,2,1,16,71,12,44,33.000,71.000,38.000,220,220,1004,600,600,50,0
847,7,38,2,1,16,78,13,47,35.667,78.000,42.333,220,220,1054,600,600,50,0
848,7,38,2,1,17,86,13,50,38.667,86.000,47.333,220,220,1104,600,600,50,0
849,7,38,2,1,17,93,14,52,41.333,93.000,51.667,220,220,1154,600,600,50,0
850,7,38,2,1,17,101,14,55,44.000,101.000,57.000,220,220,1204,600,600,50,0
851,7,39,3,1,78,15,12,46,35.000,78.000,43.000,220,220,80,600,600,50,0
852,7,39,3,1,70,14,12,43,32.000,70.000,38.000,220,220,130,600,600,50,0
853,7,39,3,1,62,13,12,40,29.000,62.000,33.000,220,220,180,600,600,50,0
854,7,39,3,1,54,13,11,37,26.000,54.000,28.000,220,220,230,600,600,50,0
855,7,39,3,1,46,13,11,34,23.333,46.000,22.667,220,220,280,600,600,50,0
856,7,39,3,1,39,12,10,31,20.333,39.000,18.667,220,220,330,600,600,50,0
857,7,39,3,1,32,11,10,29,17.667,32.000,14.333,220,220,380,600,600,50,0
858,7,39,3,1,25,11,10,26,15.333,25.000,9.667,220,220,430,600,600,50,0
859,7,39,3,1,18,11,9,23,12.667,18.000,5.333,220,220,480,600,600,50,0
860,7,39,3,1,10,11,9,21,10.000,10.000,0.000,220,220,530,600,600,50,1
861,7,39,3,1,3,10,8,18,7.000,3.000,-4.000,220,220,580,600,600,50,0
862,7,39,3,1,0,9,8,16,5.667,0.000,-5.667,220,220,630,600,600,50,0
863,7,39,3,1,0,9,8,13,5.667,0.000,-5.667,220,220,680,600,600,50,0
864,7,39,3,1,0,9,7,10,5.333,0.000,-5.333,220,220,730,600,600,50,0
865,7,39,3,1,0,8,7,7,5.000,0.000,-5.000,220,220,780,600,600,50,0
866,7,39,3,1,0,8,6,4,4.667,0.000,-4.667,220,220,830,600,600,50,0
867,7,39,3,1,0,6,6,2,4.000,0.000,-4.000,220,220,880,600,600,50,0
868,7,39,3,1,0,7,6,0,4.333,0.000,-4.333,220,220,930,600,600,50,0
869,7,39,3,1,0,6,5,0,3.667,0.000,-3.667,220,220,980,600,600,50,0
870,7,39,3,1,0,5,5,0,3.333,0.000,-3.333,220,220,1030,600,600,50,0
871,7,39,3,1,0,5,4,0,3.000,0.000,-3.000,220,220,1080,600,600,50,0
872,7,39,3,1,0,4,4,0,2.667,0.000,-2.667,220,220,1130,600,600,50,0
873,7,39,3,1,0,4,3,0,2.333,0.000,-2.333,220,220,1180,600,600,50,0
874,7,40,4,1,8,8,0,0,5.333,0.000,-5.333,220,220,80,600,600,50,0
875,7,40,4,1,9,8,0,3,5.667,0.000,-5.667,220,220,130,600,600,50,0
876,7,40,4,1,10,9,0,6,6.333,0.000,-6.333,220,220,180,600,600,50,0
877,7,40,4,1,10,8,0,9,6.000,0.000,-6.000,220,220,230,600,600,50,0
878,7,40,4,1,10,9,0,12,6.333,0.000,-6.333,220,220,280,600,600,50,0
879,7,40,4,1,11,9,0,14,6.667,0.000,-6.667,220,220,330,600,600,50,0
880,7,40,4,1,11,10,0,18,7.000,0.000,-7.000,220,220,380,600,600,50,0
881,7,40,4,1,12,10,4,20,8.667,4.000,-4.667,220,220,430,600,600,50,0
882,7,40,4,1,12,10,11,22,11.000,11.000,0.000,220,220,480,600,600,50,1
883,7,40,4,1,12,11,17,24,13.333,17.000,3.667,220,220,530,575,575,50,0
884,7,40,4,1,13,11,24,27,16.000,24.000,8.000,220,220,580,575,575,50,0
885,7,40,4,1,13,11,31,30,18.333,31.000,12.667,220,220,630,575,575,50,0
886,7,40,4,1,14,12,38,32,21.333,38.000,16.667,220,220,680,575,575,50,0
887,7,40,4,1,14,12,45,35,23.667,45.000,21.333,220,220,730,575,575,50,0
888,7,40,4,1,15,13,52,38,26.667,52.000,25.333,220,220,780,575,575,50,0
889,7,40,4,1,18,13,60,41,30.333,60.000,29.667,220,220,830,575,575,50,0
890,7,40,4,1,16,13,67,43,32.000,67.000,35.000,220,220,880,575,575,50,0
891,7,40,4,1,16,14,74,46,34.667,74.000,39.333,220,220,930,575,575,50,0
892,7,40,4,1,16,14,81,49,37.000,81.000,44.000,220,220,980,575,575,50,0
893,7,40,4,1,17,14,88,51,39.667,88.000,48.333,220,220,1030,575,575,50,0
894,7,40,4,1,17,15,95,54,42.333,95.000,52.667,220,220,1080,575,575,50,0
895,7,41,5,1,12,78,13,45,34.333,78.000,43.667,220,220,54,575,575,50,0
896,7,41,5,1,16,73,14,45,34.333,73.000,38.667,220,220,104,575,575,50,0
897,7,41,5,1,15,67,13,43,31.667,67.000,35.333,220,220,154,575,575,50,0
898,7,41,5,1,16,59,12,40,29.000,59.000,30.000,220,220,204,575,575,50,0
899,7,41,5,1,15,51,12,37,26.000,51.000,25.000,220,220,254,575,575,50,0
900,7,41,5,1,14,43,11,34,22.667,43.000,20.333,220,220,304,575,575,50,0
901,7,41,5,1,13,36,11,31,20.000,36.000,16.000,220,220,354,575,575,50,0
902,7,41,5,1,13,29,10,29,17.333,29.000,11.667,220,220,404,575,575,50,0
903,7,41,5,1,13,21,10,26,14.667,21.000,6.333,220,220,454,575,575,50,0
904,7,41,5,1,13,14,9,23,12.000,14.000,2.000,220,220,504,575,575,50,0
905,7,41,5,1,13,8,9,21,10.000,8.000,-2.000,220,220,554,575,575,50,1
906,7,41,5,1,12,1,9,18,7.333,1.000,-6.333,220,220,604,575,575,50,0
907,7,41,5,1,12,0,8,15,6.667,0.000,-6.667,220,220,654,575,575,50,0
908,7,41,5,1,11,0,8,13,6.333,0.000,-6.333,220,220,704,575,575,50,0
909,7,41,5,1,13,0,7,11,6.667,0.000,-6.667,220,220,754,575,575,50,0
910,7,41,5,1,10,0,7,7,5.667,0.000,-5.667,220,220,804,575,575,50,0
911,7,41,5,1,9,0,7,4,5.333,0.000,-5.333,220,220,854,575,575,50,0
912,7,41,5,1,9,0,6,2,5.000,0.000,-5.000,220,220,904,575,575,50,0
913,7,41,5,1,9,0,6,0,5.000,0.000,-5.000,220,220,954,575,575,50,0
914,7,41,5,1,8,0,5,0,4.333,0.000,-4.333,220,220,1004,575,575,50,0
915,7,41,5,1,8,0,4,0,4.000,0.000,-4.000,220,220,1054,575,575,50,0
916,7,41,5,1,7,0,4,0,3.667,0.000,-3.667,220,220,1104,575,575,50,0
917,7,42,6,1,0,7,9,0,5.333,0.000,-5.333,220,220,54,575,575,50,0
918,7,42,6,1,0,6,6,0,4.000,0.000,-4.000,220,220,104,575,575,50,0
919,7,42,6,1,0,7,6,0,4.333,0.000,-4.333,220,220,154,575,575,50,0
920,7,42,6,1,0,7,6,3,4.333,0.000,-4.333,220,220,204,575,575,50,0
921,7,42,6,1,0,7,7,6,4.667,0.000,-4.667,220,220,254,575,575,50,0
922,7,42,6,1,0,8,7,9,5.000,0.000,-5.000,220,220,304,575,575,50,0
923,7,42,6,1,0,8,7,12,5.000,0.000,-5.000,220,220,354,575,575,50,0
924,7,42,6,1,0,9,8,14,5.667,0.000,-5.667,220,220,404,575,575,50,0
925,7,42,6,1,0,9,9,17,6.000,0.000,-6.000,220,220,454,575,575,50,0
926,7,42,6,1,6,10,9,20,8.333,6.000,-2.333,220,220,504,575,575,50,0
927,7,42,6,1,12,10,9,22,10.333,12.000,1.667,220,220,554,575,575,50,1
928,7,42,6,1,23,10,10,25,14.333,23.000,8.667,220,220,604,575,575,50,0
929,7,42,6,1,27,11,10,27,16.000,27.000,11.000,220,220,654,575,575,50,0
930,7,42,6,1,35,11,10,30,18.667,35.000,16.333,220,220,704,575,575,50,0
931,7,42,6,1,41,12,11,33,21.333,41.000,19.667,220,220,754,575,575,50,0
932,7,42,6,1,49,12,11,35,24.000,49.000,25.000,220,220,804,575,575,50,0
933,7,42,6,1,56,13,11,38,26.667,56.000,29.333,220,220,854,575,575,50,0
934,7,42,6,1,63,13,12,41,29.333,63.000,33.667,220,220,904,575,575,50,0
935,7,42,6,1,70,13,12,43,31.667,70.000,38.333,220,220,954,575,575,50,0
936,7,42,6,1,78,14,12,45,34.667,78.000,43.333,220,220,1004,575,575,50,0
937,7,42,6,1,84,14,13,48,37.000,84.000,47.000,220,220,1054,575,575,50,0
938,7,42,6,1,92,15,13,51,40.000,92.000,52.000,220,220,1104,575,575,50,0
939,8,43,1,1,15,11,80,46,35.333,80.000,44.667,220,220,54,575,575,50,0
940,8,43,1,1,18,14,74,47,35.333,74.000,38.667,220,220,104,575,575,50,0
941,8,43,1,1,17,13,66,43,32.000,66.000,34.000,220,220,154,575,575,50,0
942,8,43,1,1,16,13,58,41,29.000,58.000,29.000,220,220,204,575,575,50,0
943,8,43,1,1,15,13,50,37,26.000,50.000,24.000,220,220,254,575,575,50,0
944,8,43,1,1,15,12,43,34,23.333,43.000,19.667,220,220,304,575,575,50,0
945,8,43,1,1,14,12,35,32,20.333,35.000,14.667,220,220,354,575,575,50,0
946,8,43,1,1,16,11,28,29,18.333,28.000,9.667,220,220,404,575,575,50,0
947,8,43,1,1,13,10,21,26,14.667,21.000,6.333,220,220,454,575,575,50,0
948,8,43,1,1,13,10,14,24,12.333,14.000,1.667,220,220,504,575,575,50,0
949,8,43,1,1,13,10,7,21,10.000,7.000,-3.000,220,220,554,575,575,50,1
950,8,43,1,1,12,10,0,19,7.333,0.000,-7.333,220,220,604,575,575,50,0
951,8,43,1,1,12,9,0,16,7.000,0.000,-7.000,220,220,654,575,575,50,0
952,8,43,1,1,12,9,0,13,7.000,0.000,-7.000,220,220,704,575,575,50,0
953,8,43,1,1,11,8,0,10,6.333,0.000,-6.333,220,220,754,575,575,50,0
954,8,43,1,1,10,8,0,8,6.000,0.000,-6.000,220,220,804,575,575,50,0
955,8,43,1,1,10,8,0,5,6.000,0.000,-6.000,220,220,854,575,575,50,0
956,8,43,1,1,9,7,0,2,5.333,0.000,-5.333,220,220,904,575,575,50,0
957,8,43,1,1,9,7,0,0,5.333,0.000,-5.333,220,220,954,575,575,50,0
958,8,43,1,1,9,6,0,0,5.000,0.000,-5.000,220,220,1004,575,575,50,0
959,8,43,1,1,8,6,0,0,4.667,0.000,-4.667,220,220,1054,575,575,50,0
960,8,43,1,1,7,5,0,0,4.000,0.000,-4.000,220,220,1104,575,575,50,0
961,8,44,2,1,13,0,5,0,6.000,0.000,-6.000,220,220,54,575,575,50,0
962,8,44,2,1,10,0,4,0,4.667,0.000,-4.667,220,220,104,575,575,50,0
963,8,44,2,1,10,0,5,0,5.000,0.000,-5.000,220,220,154,575,575,50,0
964,8,44,2,1,9,0,5,1,4.667,0.000,-4.667,220,220,204,575,575,50,0
965,8,44,2,1,8,0,6,4,4.667,0.000,-4.667,220,220,254,575,575,50,0
966,8,44,2,1,13,0,7,7,6.667,0.000,-6.667,220,220,304,575,575,50,0
967,8,44,2,1,10,0,7,10,5.667,0.000,-5.667,220,220,354,575,575,50,0
968,8,44,2,1,11,0,7,12,6.000,0.000,-6.000,220,220,404,575,575,50,0
969,8,44,2,1,12,0,8,16,6.667,0.000,-6.667,220,220,454,575,575,50,0
970,8,44,2,1,12,0,8,18,6.667,0.000,-6.667,220,220,504,575,575,50,0
971,8,44,2,1,13,6,9,20,9.333,6.000,-3.333,220,220,554,575,575,50,0
972,8,44,2,1,13,13,9,23,11.667,13.000,1.333,220,220,604,600,600,50,1
973,8,44,2,1,13,20,9,25,14.000,20.000,6.000,220,220,654,600,600,50,0
974,8,44,2,1,14,27,10,28,17.000,27.000,10.000,220,220,704,600,600,50,0
975,8,44,2,1,14,33,10,30,19.000,33.000,14.000,220,220,754,600,600,50,0
976,8,44,2,1,15,41,11,33,22.333,41.000,18.667,220,220,804,600,600,50,0
977,8,44,2,1,15,48,11,36,24.667,48.000,23.333,220,220,854,600,600,50,0
978,8,44,2,1,16,56,12,38,28.000,56.000,28.000,220,220,904,600,600,50,0
979,8,44,2,1,15,64,12,41,30.333,64.000,33.667,220,220,954,600,600,50,0
980,8,44,2,1,16,71,12,44,33.000,71.000,38.000,220,220,1004,600,600,50,0
981,8,44,2,1,16,78,13,47,35.667,78.000,42.333,220,220,1054,600,600,50,0
982,8,44,2,1,17,86,13,50,38.667,86.000,47.333,220,220,1104,600,600,50,0
983,8,44,2,1,17,93,14,53,41.333,93.000,51.667,220,220,1154,600,600,50,0
984,8,44,2,1,17,102,14,56,44.333,102.000,57.667,220,220,1204,600,600,50,0
985,8,45,3,1,81,15,12,47,36.000,81.000,45.000,220,220,80,600,600,50,0
986,8,45,3,1,74,14,12,44,33.333,74.000,40.667,220,220,130,600,600,50,0
987,8,45,3,1,65,13,12,41,30.000,65.000,35.000,220,220,180,600,600,50,0
988,8,45,3,1,57,13,11,38,27.000,57.000,30.000,220,220,230,600,600,50,0
989,8,45,3,1,49,12,11,35,24.000,49.000,25.000,220,220,280,600,600,50,0
990,8,45,3,1,41,12,10,32,21.000,41.000,20.000,220,220,330,600,600,50,0
991,8,45,3,1,33,11,10,29,18.000,33.000,15.000,220,220,380,600,600,50,0
992,8,45,3,1,26,11,10,26,15.667,26.000,10.333,220,220,430,600,600,50,0
993,8,45,3,1,19,11,9,23,13.000,19.000,6.000,220,220,480,600,600,50,0
994,8,45,3,1,11,11,8,21,10.000,11.000,1.000,220,220,530,600,600,50,0
995,8,45,3,1,5,10,8,18,7.667,5.000,-2.667,220,220,580,600,600,50,1
996,8,45,3,1,0,10,8,16,6.000,0.000,-6.000,220,220,630,600,600,50,0
997,8,45,3,1,0,9,8,13,5.667,0.000,-5.667,220,220,680,600,600,50,0
998,8,45,3,1,0,9,7,10,5.333,0.000,-5.333,220,220,730,600,600,50,0
999,8,45,3,1,0,8,7,7,5.000,0.000,-5.000,220,220,780,600,600,50,0
1000,8,45,3,1,0,8,6,4,4.667,0.000,-4.667,220,220,830,600,600,50,0
1001,8,45,3,1,0,8,6,2,4.667,0.000,-4.667,220,220,880,600,600,50,0
1002,8,45,3,1,0,6,5,0,3.667,0.000,-3.667,220,220,930,600,600,50,0
1003,8,45,3,1,0,6,5,0,3.667,0.000,-3.667,220,220,980,600,600,50,0
1004,8,45,3,1,0,6,5,0,3.667,0.000,-3.667,220,220,1030,600,600,50,0
1005,8,45,3,1,0,5,5,0,3.333,0.000,-3.333,220,220,1080,600,600,50,0
1006,8,45,3,1,0,5,4,0,3.000,0.000,-3.000,220,220,1130,600,600,50,0
1007,8,45,3,1,0,4,4,0,2.667,0.000,-2.667,220,220,1180,600,600,50,0
1008,8,46,4,1,8,8,0,0,5.333,0.000,-5.333,220,220,80,600,600,50,0
1009,8,46,4,1,9,8,0,3,5.667,0.000,-5.667,220,220,130,600,600,50,0
1010,8,46,4,1,9,8,0,5,5.667,0.000,-5.667,220,220,180,600,600,50,0
1011,8,46,4,1,10,8,0,8,6.000,0.000,-6.000,220,220,230,600,600,50,0
1012,8,46,4,1,10,9,0,11,6.333,0.000,-6.333,220,220,280,600,600,50,0
1013,8,46,4,1,10,9,0,13,6.333,0.000,-6.333,220,220,330,600,600,50,0
1014,8,46,4,1,11,9,0,16,6.667,0.000,-6.667,220,220,380,600,600,50,0
1015,8,46,4,1,11,10,2,19,7.667,2.000,-5.667,220,220,430,600,600,50,0
1016,8,46,4,1,12,10,9,21,10.333,9.000,-1.333,220,220,480,600,600,50,0
1017,8,46,4,1,13,11,16,24,13.333,16.000,2.667,220,220,530,575,575,50,1
1018,8,46,4,1,13,10,23,26,15.333,23.000,7.667,220,220,580,575,575,50,0
1019,8,46,4,1,13,12,30,29,18.333,30.000,11.667,220,220,630,575,575,50,0
1020,8,46,4,1,14,12,36,32,20.667,36.000,15.333,220,220,680,575,575,50,0
1021,8,46,4,1,14,13,44,34,23.667,44.000,20.333,220,220,730,575,575,50,0
1022,8,46,4,1,14,13,52,38,26.333,52.000,25.667,220,220,780,575,575,50,0
1023,8,46,4,1,18,13,59,41,30.000,59.000,29.000,220,220,830,575,575,50,0
1024,8,46,4,1,15,13,66,43,31.333,66.000,34.667,220,220,880,575,575,50,0
1025,8,46,4,1,16,14,74,46,34.667,74.000,39.333,220,220,930,575,575,50,0
1026,8,46,4,1,16,14,82,49,37.333,82.000,44.667,220,220,980,575,575,50,0
1027,8,46,4,1,17,14,89,52,40.000,89.000,49.000,220,220,1030,575,575,50,0
1028,8,46,4,1,17,14,97,54,42.667,97.000,54.333,220,220,1080,575,575,50,0
1029,8,47,5,1,12,76,13,44,33.667,76.000,42.333,220,220,54,575,575,50,0
1030,8,47,5,1,16,72,14,45,34.000,72.000,38.000,220,220,104,575,575,50,0
1031,8,47,5,1,15,64,13,42,30.667,64.000,33.333,220,220,154,575,575,50,0
1032,8,47,5,1,15,55,12,39,27.333,55.000,27.667,220,220,204,575,575,50,0
1033,8,47,5,1,14,48,12,36,24.667,48.000,23.333,220,220,254,575,575,50,0
1034,8,47,5,1,14,40,11,33,21.667,40.000,18.333,220,220,304,575,575,50,0
1035,8,47,5,1,13,33,11,30,19.000,33.000,14.000,220,220,354,575,575,50,0
1036,8,47,5,1,13,26,10,28,16.333,26.000,9.667,220,220,404,575,575,50,0
1037,8,47,5,1,13,19,10,25,14.000,19.000,5.000,220,220,454,575,575,50,0
1038,8,47,5,1,12,12,9,22,11.000,12.000,1.000,220,220,504,575,575,50,0
1039,8,47,5,1,12,6,9,20,9.000,6.000,-3.000,220,220,554,575,575,50,1
1040,8,47,5,1,11,0,9,17,6.667,0.000,-6.667,220,220,604,575,575,50,0
1041,8,47,5,1,11,0,8,15,6.333,0.000,-6.333,220,220,654,575,575,50,0
1042,8,47,5,1,11,0,8,12,6.333,0.000,-6.333,220,220,704,575,575,50,0
1043,8,47,5,1,13,0,7,10,6.667,0.000,-6.667,220,220,754,575,575,50,0
1044,8,47,5,1,10,0,7,7,5.667,0.000,-5.667,220,220,804,575,575,50,0
1045,8,47,5,1,9,0,6,4,5.000,0.000,-5.000,220,220,854,575,575,50,0
1046,8,47,5,1,9,0,6,1,5.000,0.000,-5.000,220,220,904,575,575,50,0
1047,8,47,5,1,8,0,5,0,4.333,0.000,-4.333,220,220,954,575,575,50,0
1048,8,47,5,1,8,0,5,0,4.333,0.000,-4.333,220,220,1004,575,575,50,0
1049,8,47,5,1,8,0,4,0,4.000,0.000,-4.000,220,220,1054,575,575,50,0
1050,8,47,5,1,7,0,4,0,3.667,0.000,-3.667,220,220,1104,575,575,50,0
1051,8,48,6,1,0,7,8,0,5.000,0.000,-5.000,220,220,54,575,575,50,0
1052,8,48,6,1,0,6,6,0,4.000,0.000,-4.000,220,220,104,575,575,50,0
1053,8,48,6,1,0,6,6,0,4.000,0.000,-4.000,220,220,154,575,575,50,0
1054,8,48,6,1,0,7,6,3,4.333,0.000,-4.333,220,220,204,575,575,50,0
1055,8,48,6,1,0,7,7,5,4.667,0.000,-4.667,220,220,254,575,575,50,0
1056,8,48,6,1,0,8,7,8,5.000,0.000,-5.000,220,220,304,575,575,50,0
1057,8,48,6,1,0,8,8,11,5.333,0.000,-5.333,220,220,354,575,575,50,0
1058,8,48,6,1,0,9,8,13,5.667,0.000,-5.667,220,220,404,575,575,50,0
1059,8,48,6,1,0,9,9,16,6.000,0.000,-6.000,220,220,454,575,575,50,0
1060,8,48,6,1,5,10,9,19,8.000,5.000,-3.000,220,220,504,575,575,50,0
1061,8,48,6,1,15,10,9,22,11.333,15.000,3.667,220,220,554,575,575,50,1
1062,8,48,6,1,19,10,9,24,12.667,19.000,6.333,220,220,604,575,575,50,0
1063,8,48,6,1,26,11,10,27,15.667,26.000,10.333,220,220,654,575,575,50,0
1064,8,48,6,1,34,11,10,30,18.333,34.000,15.667,220,220,704,575,575,50,0
1065,8,48,6,1,41,12,11,32,21.333,41.000,19.667,220,220,754,575,575,50,0
1066,8,48,6,1,48,12,11,35,23.667,48.000,24.333,220,220,804,575,575,50,0
1067,8,48,6,1,56,13,12,38,27.000,56.000,29.000,220,220,854,575,575,50,0
1068,8,48,6,1,63,13,12,41,29.333,63.000,33.667,220,220,904,575,575,50,0
1069,8,48,6,1,71,14,12,44,32.333,71.000,38.667,220,220,954,575,575,50,0
1070,8,48,6,1,78,14,12,46,34.667,78.000,43.333,220,220,1004,575,575,50,0
1071,8,48,6,1,85,15,13,49,37.667,85.000,47.333,220,220,1054,575,575,50,0
1072,8,48,6,1,93,14,13,51,40.000,93.000,53.000,220,220,1104,575,575,50,0
1073,9,49,1,1,15,11,81,46,35.667,81.000,45.333,220,220,54,575,575,50,0
1074,9,49,1,1,18,14,75,47,35.667,75.000,39.333,220,220,104,575,575,50,0
1075,9,49,1,1,17,13,67,44,32.333,67.000,34.667,220,220,154,575,575,50,0
1076,9,49,1,1,16,13,59,41,29.333,59.000,29.667,220,220,204,575,575,50,0
1077,9,49,1,1,15,12,51,38,26.000,51.000,25.000,220,220,254,575,575,50,0
1078,9,49,1,1,15,12,44,35,23.667,44.000,20.333,220,220,304,575,575,50,0
1079,9,49,1,1,15,12,37,32,21.333,37.000,15.667,220,220,354,575,575,50,0
1080,9,49,1,1,14,11,30,29,18.333,30.000,11.667,220,220,404,575,575,50,0
1081,9,49,1,1,16,11,23,27,16.667,23.000,6.333,220,220,454,575,575,50,0
1082,9,49,1,1,13,11,16,24,13.333,16.000,2.667,220,220,504,575,575,50,0
1083,9,49,1,1,13,10,9,22,10.667,9.000,-1.667,220,220,554,575,575,50,1
1084,9,49,1,1,13,10,2,19,8.333,2.000,-6.333,220,220,604,575,575,50,0
1085,9,49,1,1,12,9,0,17,7.000,0.000,-7.000,220,220,654,575,575,50,0
1086,9,49,1,1,11,9,0,14,6.667,0.000,-6.667,220,220,704,575,575,50,0
1087,9,49,1,1,11,9,0,11,6.667,0.000,-6.667,220,220,754,575,575,50,0
1088,9,49,1,1,11,8,0,9,6.333,0.000,-6.333,220,220,804,575,575,50,0
1089,9,49,1,1,10,8,0,6,6.000,0.000,-6.000,220,220,854,575,575,50,0
1090,9,49,1,1,10,7,0,3,5.667,0.000,-5.667,220,220,904,575,575,50,0
1091,9,49,1,1,9,7,0,0,5.333,0.000,-5.333,220,220,954,575,575,50,0
1092,9,49,1,1,8,7,0,0,5.000,0.000,-5.000,220,220,1004,575,575,50,0
1093,9,49,1,1,8,6,0,0,4.667,0.000,-4.667,220,220,1054,575,575,50,0
1094,9,49,1,1,8,6,0,0,4.667,0.000,-4.667,220,220,1104,575,575,50,0
1095,9,50,2,1,13,0,5,0,6.000,0.000,-6.000,220,220,54,575,575,50,0
1096,9,50,2,1,9,0,4,0,4.333,0.000,-4.333,220,220,104,575,575,50,0
1097,9,50,2,1,9,0,5,0,4.667,0.000,-4.667,220,220,154,575,575,50,0
1098,9,50,2,1,9,0,6,2,5.000,0.000,-5.000,220,220,204,575,575,50,0
1099,9,50,2,1,13,0,6,4,6.333,0.000,-6.333,220,220,254,575,575,50,0
1100,9,50,2,1,10,0,7,7,5.667,0.000,-5.667,220,220,304,575,575,50,0
1101,9,50,2,1,10,0,7,10,5.667,0.000,-5.667,220,220,354,575,575,50,0
1102,9,50,2,1,11,0,7,13,6.000,0.000,-6.000,220,220,404,575,575,50,0
1103,9,50,2,1,11,0,8,16,6.333,0.000,-6.333,220,220,454,575,575,50,0
1104,9,50,2,1,12,1,8,18,7.000,1.000,-6.000,220,220,504,575,575,50,0
1105,9,50,2,1,12,8,9,20,9.667,8.000,-1.667,220,220,554,575,575,50,0
1106,9,50,2,1,13,15,9,23,12.333,15.000,2.667,220,220,604,600,600,50,1
1107,9,50,2,1,14,22,9,26,15.000,22.000,7.000,220,220,654,600,600,50,0
1108,9,50,2,1,13,29,10,29,17.333,29.000,11.667,220,220,704,600,600,50,0
1109,9,50,2,1,14,36,10,31,20.000,36.000,16.000,220,220,754,600,600,50,0
1110,9,50,2,1,14,43,11,34,22.667,43.000,20.333,220,220,804,600,600,50,0
1111,9,50,2,1,15,51,11,36,25.667,51.000,25.333,220,220,854,600,600,50,0
1112,9,50,2,1,16,58,12,39,28.667,58.000,29.333,220,220,904,600,600,50,0
1113,9,50,2,1,16,66,12,42,31.333,66.000,34.667,220,220,954,600,600,50,0
1114,9,50,2,1,16,73,12,45,33.667,73.000,39.333,220,220,1004,600,600,50,0
1115,9,50,2,1,16,81,13,48,36.667,81.000,44.333,220,220,1054,600,600,50,0
1116,9,50,2,1,17,89,14,50,40.000,89.000,49.000,220,220,1104,600,600,50,0
1117,9,50,2,1,17,96,14,53,42.333,96.000,53.667,220,220,1154,600,600,50,0
1118,9,50,2,1,17,104,14,56,45.000,104.000,59.000,220,220,1204,600,600,50,0
1119,9,51,3,1,78,15,12,46,35.000,78.000,43.000,220,220,80,600,600,50,0
1120,9,51,3,1,70,14,12,44,32.000,70.000,38.000,220,220,130,600,600,50,0
1121,9,51,3,1,63,14,11,40,29.333,63.000,33.667,220,220,180,600,600,50,0
1122,9,51,3,1,55,13,11,37,26.333,55.000,28.667,220,220,230,600,600,50,0
1123,9,51,3,1,47,13,11,34,23.667,47.000,23.333,220,220,280,600,600,50,0
1124,9,51,3,1,40,12,10,32,20.667,40.000,19.333,220,220,330,600,600,50,0
1125,9,51,3,1,32,12,10,29,18.000,32.000,14.000,220,220,380,600,600,50,0
1126,9,51,3,1,25,11,10,26,15.333,25.000,9.667,220,220,430,600,600,50,0
1127,9,51,3,1,18,11,9,24,12.667,18.000,5.333,220,220,480,600,600,50,0
1128,9,51,3,1,12,11,9,21,10.667,12.000,1.333,220,220,530,600,600,50,0
1129,9,51,3,1,5,10,8,19,7.667,5.000,-2.667,220,220,580,600,600,50,1
1130,9,51,3,1,0,10,8,16,6.000,0.000,-6.000,220,220,630,600,600,50,0
1131,9,51,3,1,0,9,8,13,5.667,0.000,-5.667,220,220,680,600,600,50,0
1132,9,51,3,1,0,9,7,11,5.333,0.000,-5.333,220,220,730,600,600,50,0
1133,9,51,3,1,0,8,7,8,5.000,0.000,-5.000,220,220,780,600,600,50,0
1134,9,51,3,1,0,8,7,5,5.000,0.000,-5.000,220,220,830,600,600,50,0
1135,9,51,3,1,0,7,6,2,4.333,0.000,-4.333,220,220,880,600,600,50,0
1136,9,51,3,1,0,7,6,0,4.333,0.000,-4.333,220,220,930,600,600,50,0
1137,9,51,3,1,0,6,5,0,3.667,0.000,-3.667,220,220,980,600,600,50,0
1138,9,51,3,1,0,6,5,0,3.667,0.000,-3.667,220,220,1030,600,600,50,0
1139,9,51,3,1,0,5,4,0,3.000,0.000,-3.000,220,220,1080,600,600,50,0
1140,9,51,3,1,0,5,4,0,3.000,0.000,-3.000,220,220,1130,600,600,50,0
1141,9,51,3,1,0,4,3,0,2.333,0.000,-2.333,220,220,1180,600,600,50,0
1142,9,52,4,1,8,7,0,0,5.000,0.000,-5.000,220,220,80,600,600,50,0
1143,9,52,4,1,9,8,0,1,5.667,0.000,-5.667,220,220,130,600,600,50,0
1144,9,52,4,1,10,8,0,4,6.000,0.000,-6.000,220,220,180,600,600,50,0
1145,9,52,4,1,10,8,0,7,6.000,0.000,-6.000,220,220,230,600,600,50,0
1146,9,52,4,1,10,9,0,10,6.333,0.000,-6.333,220,220,280,600,600,50,0
1147,9,52,4,1,11,9,0,13,6.667,0.000,-6.667,220,220,330,600,600,50,0
1148,9,52,4,1,11,10,0,16,7.000,0.000,-7.000,220,220,380,600,600,50,0
1149,9,52,4,1,11,10,1,19,7.333,1.000,-6.333,220,220,430,600,600,50,0
1150,9,52,4,1,12,10,8,21,10.000,8.000,-2.000,220,220,480,600,600,50,0
1151,9,52,4,1,12,10,15,24,12.333,15.000,2.667,220,220,530,575,575,50,1
1152,9,52,4,1,13,11,22,26,15.333,22.000,6.667,220,220,580,575,575,50,0
1153,9,52,4,1,13,11,29,29,17.667,29.000,11.333,220,220,630,575,575,50,0
1154,9,52,4,1,14,12,36,32,20.667,36.000,15.333,220,220,680,575,575,50,0
1155,9,52,4,1,14,13,43,34,23.333,43.000,19.667,220,220,730,575,575,50,0
1156,9,52,4,1,14,13,50,37,25.667,50.000,24.333,220,220,780,575,575,50,0
1157,9,52,4,1,18,13,57,40,29.333,57.000,27.667,220,220,830,575,575,50,0
1158,9,52,4,1,15,14,65,43,31.333,65.000,33.667,220,220,880,575,575,50,0
1159,9,52,4,1,16,14,71,45,33.667,71.000,37.333,220,220,930,575,575,50,0
1160,9,52,4,1,16,14,79,48,36.333,79.000,42.667,220,220,980,575,575,50,0
1161,9,52,4,1,17,14,86,50,39.000,86.000,47.000,220,220,1030,575,575,50,0
1162,9,52,4,1,17,15,93,53,41.667,93.000,51.333,220,220,1080,575,575,50,0
1163,9,53,5,1,12,78,13,45,34.333,78.000,43.667,220,220,54,575,575,50,0
1164,9,53,5,1,16,73,14,45,34.333,73.000,38.667,220,220,104,575,575,50,0
1165,9,53,5,1,16,65,13,42,31.333,65.000,33.667,220,220,154,575,575,50,0
1166,9,53,5,1,15,58,12,39,28.333,58.000,29.667,220,220,204,575,575,50,0
1167,9,53,5,1,15,49,11,36,25.000,49.000,24.000,220,220,254,575,575,50,0
1168,9,53,5,1,14,41,11,34,22.000,41.000,19.000,220,220,304,575,575,50,0
1169,9,53,5,1,14,35,10,31,19.667,35.000,15.333,220,220,354,575,575,50,0
1170,9,53,5,1,13,28,10,28,17.000,28.000,11.000,220,220,404,575,575,50,0
1171,9,53,5,1,12,21,10,26,14.333,21.000,6.667,220,220,454,575,575,50,0
1172,9,53,5,1,12,14,9,23,11.667,14.000,2.333,220,220,504,575,575,50,0
1173,9,53,5,1,12,8,9,21,9.667,8.000,-1.667,220,220,554,575,575,50,1
1174,9,53,5,1,11,1,9,18,7.000,1.000,-6.000,220,220,604,575,575,50,0
1175,9,53,5,1,11,0,8,15,6.333,0.000,-6.333,220,220,654,575,575,50,0
1176,9,53,5,1,14,0,8,13,7.333,0.000,-7.333,220,220,704,575,575,50,0
1177,9,53,5,1,10,0,8,10,6.000,0.000,-6.000,220,220,754,575,575,50,0
1178,9,53,5,1,10,0,7,7,5.667,0.000,-5.667,220,220,804,575,575,50,0
1179,9,53,5,1,10,0,6,4,5.333,0.000,-5.333,220,220,854,575,575,50,0
1180,9,53,5,1,9,0,6,1,5.000,0.000,-5.000,220,220,904,575,575,50,0
1181,9,53,5,1,8,0,5,0,4.333,0.000,-4.333,220,220,954,575,575,50,0
1182,9,53,5,1,8,0,5,0,4.333,0.000,-4.333,220,220,1004,575,575,50,0
1183,9,53,5,1,7,0,4,0,3.667,0.000,-3.667,220,220,1054,575,575,50,0
1184,9,53,5,1,7,0,4,0,3.667,0.000,-3.667,220,220,1104,575,575,50,0
1185,9,54,6,1,0,7,8,0,5.000,0.000,-5.000,220,220,54,575,575,50,0
1186,9,54,6,1,0,5,6,0,3.667,0.000,-3.667,220,220,104,575,575,50,0
1187,9,54,6,1,0,7,6,0,4.333,0.000,-4.333,220,220,154,575,575,50,0
1188,9,54,6,1,0,7,6,3,4.333,0.000,-4.333,220,220,204,575,575,50,0
1189,9,54,6,1,0,8,7,6,5.000,0.000,-5.000,220,220,254,575,575,50,0
1190,9,54,6,1,0,8,7,9,5.000,0.000,-5.000,220,220,304,575,575,50,0
1191,9,54,6,1,0,9,8,12,5.667,0.000,-5.667,220,220,354,575,575,50,0
1192,9,54,6,1,0,9,8,15,5.667,0.000,-5.667,220,220,404,575,575,50,0
1193,9,54,6,1,1,10,8,18,6.333,1.000,-5.333,220,220,454,575,575,50,0
1194,9,54,6,1,7,10,9,20,8.667,7.000,-1.667,220,220,504,575,575,50,0
1195,9,54,6,1,17,10,9,22,12.000,17.000,5.000,220,220,554,575,575,50,1
1196,9,54,6,1,21,10,9,25,13.333,21.000,7.667,220,220,604,575,575,50,0
1197,9,54,6,1,28,11,10,28,16.333,28.000,11.667,220,220,654,575,575,50,0
1198,9,54,6,1,35,12,10,30,19.000,35.000,16.000,220,220,704,575,575,50,0
1199,9,54,6,1,42,12,11,33,21.667,42.000,20.333,220,220,754,575,575,50,0
1200,9,54,6,1,49,12,11,36,24.000,49.000,25.000,220,220,804,575,575,50,0
1201,9,54,6,1,56,13,12,38,27.000,56.000,29.000,220,220,854,575,575,50,0
1202,9,54,6,1,64,13,12,41,29.667,64.000,34.333,220,220,904,575,575,50,0
1203,9,54,6,1,71,13,13,43,32.333,71.000,38.667,220,220,954,575,575,50,0
1204,9,54,6,1,78,14,12,46,34.667,78.000,43.333,220,220,1004,575,575,50,0
1205,9,54,6,1,85,15,13,49,37.667,85.000,47.333,220,220,1054,575,575,50,0
1206,9,54,6,1,92,15,13,51,40.000,92.000,52.000,220,220,1104,575,575,50,0
1207,10,55,1,1,16,11,83,48,36.667,83.000,46.333,220,220,54,575,575,50,0
1208,10,55,1,1,18,14,78,48,36.667,78.000,41.333,220,220,104,575,575,50,0
1209,10,55,1,1,17,13,70,45,33.333,70.000,36.667,220,220,154,575,575,50,0
1210,10,55,1,1,16,13,62,42,30.333,62.000,31.667,220,220,204,575,575,50,0
1211,10,55,1,1,15,13,54,39,27.333,54.000,26.667,220,220,254,575,575,50,0
1212,10,55,1,1,15,12,47,36,24.667,47.000,22.333,220,220,304,575,575,50,0
1213,10,55,1,1,15,12,40,33,22.333,40.000,17.667,220,220,354,575,575,50,0
1214,10,55,1,1,17,12,32,31,20.333,32.000,11.667,220,220,404,575,575,50,0
1215,10,55,1,1,14,11,25,28,16.667,25.000,8.333,220,220,454,575,575,50,0
1216,10,55,1,1,13,11,18,25,14.000,18.000,4.000,220,220,504,575,575,50,0
1217,10,55,1,1,13,10,12,23,11.667,12.000,0.333,220,220,554,575,575,50,0
1218,10,55,1,1,13,10,5,20,9.333,5.000,-4.333,220,220,604,600,600,50,1
1219,10,55,1,1,12,9,0,18,7.000,0.000,-7.000,220,220,654,600,600,50,0
1220,10,55,1,1,12,9,0,15,7.000,0.000,-7.000,220,220,704,600,600,50,0
1221,10,55,1,1,11,8,0,12,6.333,0.000,-6.333,220,220,754,600,600,50,0
1222,10,55,1,1,11,9,0,9,6.667,0.000,-6.667,220,220,804,600,600,50,0
1223,10,55,1,1,10,8,0,7,6.000,0.000,-6.000,220,220,854,600,600,50,0
1224,10,55,1,1,10,7,0,4,5.667,0.000,-5.667,220,220,904,600,600,50,0
1225,10,55,1,1,10,7,0,1,5.667,0.000,-5.667,220,220,954,600,600,50,0
1226,10,55,1,1,9,7,0,0,5.333,0.000,-5.333,220,220,1004,600,600,50,0
1227,10,55,1,1,8,6,0,0,4.667,0.000,-4.667,220,220,1054,600,600,50,0
1228,10,55,1,1,8,5,0,0,4.333,0.000,-4.333,220,220,1104,600,600,50,0
1229,10,55,1,1,7,5,0,0,4.000,0.000,-4.000,220,220,1154,600,600,50,0
1230,10,55,1,1,6,5,0,0,3.667,0.000,-3.667,220,220,1204,600,600,50,0
1231,10,56,2,1,10,0,5,0,5.000,0.000,-5.000,220,220,79,600,600,50,0
1232,10,56,2,1,10,0,6,1,5.333,0.000,-5.333,220,220,129,600,600,50,0
1233,10,56,2,1,13,0,6,4,6.333,0.000,-6.333,220,220,179,600,600,50,0
1234,10,56,2,1,10,0,6,6,5.333,0.000,-5.333,220,220,229,600,600,50,0
1235,10,56,2,1,10,0,7,9,5.667,0.000,-5.667,220,220,279,600,600,50,0
1236,10,56,2,1,10,0,7,12,5.667,0.000,-5.667,220,220,329,600,600,50,0
1237,10,56,2,1,12,0,8,15,6.667,0.000,-6.667,220,220,379,600,600,50,0
1238,10,56,2,1,12,0,8,17,6.667,0.000,-6.667,220,220,429,600,600,50,0
1239,10,56,2,1,13,6,9,20,9.333,6.000,-3.333,220,220,479,600,600,50,0
1240,10,56,2,1,13,12,9,23,11.333,12.000,0.667,220,220,529,575,575,50,1
1241,10,56,2,1,13,19,10,25,14.000,19.000,5.000,220,220,579,575,575,50,0
1242,10,56,2,1,14,26,10,28,16.667,26.000,9.333,220,220,629,575,575,50,0
1243,10,56,2,1,14,33,10,30,19.000,33.000,14.000,220,220,679,575,575,50,0
1244,10,56,2,1,14,39,10,33,21.000,39.000,18.000,220,220,729,575,575,50,0
1245,10,56,2,1,15,47,11,36,24.333,47.000,22.667,220,220,779,575,575,50,0
1246,10,56,2,1,15,55,12,38,27.333,55.000,27.667,220,220,829,575,575,50,0
1247,10,56,2,1,15,62,12,41,29.667,62.000,32.333,220,220,879,575,575,50,0
1248,10,56,2,1,16,69,12,43,32.333,69.000,36.667,220,220,929,575,575,50,0
1249,10,56,2,1,16,77,12,46,35.000,77.000,42.000,220,220,979,575,575,50,0
1250,10,56,2,1,16,84,13,49,37.667,84.000,46.333,220,220,1029,575,575,50,0
1251,10,56,2,1,17,92,14,52,41.000,92.000,51.000,220,220,1079,575,575,50,0
1252,10,57,3,1,85,14,10,46,36.333,85.000,48.667,220,220,54,575,575,50,0
1253,10,57,3,1,79,15,12,46,35.333,79.000,43.667,220,220,104,575,575,50,0
1254,10,57,3,1,71,15,12,43,32.667,71.000,38.333,220,220,154,575,575,50,0
1255,10,57,3,1,63,14,12,40,29.667,63.000,33.333,220,220,204,575,575,50,0
1256,10,57,3,1,54,13,11,37,26.000,54.000,28.000,220,220,254,575,575,50,0
1257,10,57,3,1,47,13,11,34,23.667,47.000,23.333,220,220,304,575,575,50,0
1258,10,57,3,1,40,12,10,32,20.667,40.000,19.333,220,220,354,575,575,50,0
1259,10,57,3,1,32,11,10,29,17.667,32.000,14.333,220,220,404,575,575,50,0
1260,10,57,3,1,24,11,10,26,15.000,24.000,9.000,220,220,454,575,575,50,0
1261,10,57,3,1,17,11,9,23,12.333,17.000,4.667,220,220,504,575,575,50,0
1262,10,57,3,1,10,10,9,21,9.667,10.000,0.333,220,220,554,575,575,50,0
1263,10,57,3,1,3,10,8,18,7.000,3.000,-4.000,220,220,604,600,600,50,1
1264,10,57,3,1,0,10,8,15,6.000,0.000,-6.000,220,220,654,600,600,50,0
1265,10,57,3,1,0,9,7,13,5.333,0.000,-5.333,220,220,704,600,600,50,0
1266,10,57,3,1,0,9,7,10,5.333,0.000,-5.333,220,220,754,600,600,50,0
1267,10,57,3,1,0,8,7,7,5.000,0.000,-5.000,220,220,804,600,600,50,0
1268,10,57,3,1,0,8,6,4,4.667,0.000,-4.667,220,220,854,600,600,50,0
1269,10,57,3,1,0,7,6,2,4.333,0.000,-4.333,220,220,904,600,600,50,0
1270,10,57,3,1,0,7,6,0,4.333,0.000,-4.333,220,220,954,600,600,50,0
1271,10,57,3,1,0,6,5,0,3.667,0.000,-3.667,220,220,1004,600,600,50,0
1272,10,57,3,1,0,5,5,0,3.333,0.000,-3.333,220,220,1054,600,600,50,0
1273,10,57,3,1,0,5,4,0,3.000,0.000,-3.000,220,220,1104,600,600,50,0
1274,10,57,3,1,0,4,4,0,2.667,0.000,-2.667,220,220,1154,600,600,50,0
1275,10,57,3,1,0,4,4,0,2.667,0.000,-2.667,220,220,1204,600,600,50,0
1276,10,58,4,1,8,8,0,0,5.333,0.000,-5.333,220,220,80,600,600,50,0
1277,10,58,4,1,9,8,0,2,5.667,0.000,-5.667,220,220,130,600,600,50,0
1278,10,58,4,1,10,8,0,5,6.000,0.000,-6.000,220,220,180,600,600,50,0
1279,10,58,4,1,10,8,0,8,6.000,0.000,-6.000,220,220,230,600,600,50,0
1280,10,58,4,1,10,9,0,10,6.333,0.000,-6.333,220,220,280,600,600,50,0
1281,10,58,4,1,10,9,0,13,6.333,0.000,-6.333,220,220,330,600,600,50,0
1282,10,58,4,1,11,10,0,16,7.000,0.000,-7.000,220,220,380,600,600,50,0
1283,10,58,4,1,11,10,1,19,7.333,1.000,-6.333,220,220,430,600,600,50,0
1284,10,58,4,1,12,10,8,21,10.000,8.000,-2.000,220,220,480,600,600,50,0
1285,10,58,4,1,12,11,14,23,12.333,14.000,1.667,220,220,530,575,575,50,1
1286,10,58,4,1,13,11,20,26,14.667,20.000,5.333,220,220,580,575,575,50,0
1287,10,58,4,1,13,12,28,29,17.667,28.000,10.333,220,220,630,575,575,50,0
1288,10,58,4,1,14,12,34,31,20.000,34.000,14.000,220,220,680,575,575,50,0
1289,10,58,4,1,14,12,41,34,22.333,41.000,18.667,220,220,730,575,575,50,0
1290,10,58,4,1,14,13,48,36,25.000,48.000,23.000,220,220,780,575,575,50,0
1291,10,58,4,1,18,13,56,39,29.000,56.000,27.000,220,220,830,575,575,50,0
1292,10,58,4,1,15,13,63,42,30.333,63.000,32.667,220,220,880,575,575,50,0
1293,10,58,4,1,15,14,70,45,33.000,70.000,37.000,220,220,930,575,575,50,0
1294,10,58,4,1,16,14,78,47,36.000,78.000,42.000,220,220,980,575,575,50,0
1295,10,58,4,1,17,14,85,50,38.667,85.000,46.333,220,220,1030,575,575,50,0
1296,10,58,4,1,17,15,92,52,41.333,92.000,50.667,220,220,1080,575,575,50,0
1297,10,59,5,1,12,82,13,46,35.667,82.000,46.333,220,220,54,575,575,50,0
1298,10,59,5,1,16,78,14,47,36.000,78.000,42.000,220,220,104,575,575,50,0
1299,10,59,5,1,16,69,13,44,32.667,69.000,36.333,220,220,154,575,575,50,0
1300,10,59,5,1,15,61,12,41,29.333,61.000,31.667,220,220,204,575,575,50,0
1301,10,59,5,1,14,53,12,38,26.333,53.000,26.667,220,220,254,575,575,50,0
1302,10,59,5,1,14,45,11,35,23.333,45.000,21.667,220,220,304,575,575,50,0
1303,10,59,5,1,14,38,10,32,20.667,38.000,17.333,220,220,354,575,575,50,0
1304,10,59,5,1,13,30,10,29,17.667,30.000,12.333,220,220,404,575,575,50,0
1305,10,59,5,1,13,22,10,26,15.000,22.000,7.000,220,220,454,575,575,50,0
1306,10,59,5,1,12,16,9,24,12.333,16.000,3.667,220,220,504,575,575,50,0
1307,10,59,5,1,12,9,9,21,10.000,9.000,-1.000,220,220,554,575,575,50,1
1308,10,59,5,1,11,2,9,19,7.333,2.000,-5.333,220,220,604,575,575,50,0
1309,10,59,5,1,11,0,8,16,6.333,0.000,-6.333,220,220,654,575,575,50,0
1310,10,59,5,1,14,0,8,14,7.333,0.000,-7.333,220,220,704,575,575,50,0
1311,10,59,5,1,10,0,8,11,6.000,0.000,-6.000,220,220,754,575,575,50,0
1312,10,59,5,1,10,0,7,8,5.667,0.000,-5.667,220,220,804,575,575,50,0
1313,10,59,5,1,10,0,6,5,5.333,0.000,-5.333,220,220,854,575,575,50,0
1314,10,59,5,1,9,0,6,3,5.000,0.000,-5.000,220,220,904,575,575,50,0
1315,10,59,5,1,9,0,6,0,5.000,0.000,-5.000,220,220,954,575,575,50,0
1316,10,59,5,1,8,0,6,0,4.667,0.000,-4.667,220,220,1004,575,575,50,0
1317,10,59,5,1,8,0,5,0,4.333,0.000,-4.333,220,220,1054,575,575,50,0
1318,10,59,5,1,7,0,4,0,3.667,0.000,-3.667,220,220,1104,575,575,50,0
1319,10,60,6,1,0,7,8,0,5.000,0.000,-5.000,220,220,54,575,575,50,0
1320,10,60,6,1,0,5,6,0,3.667,0.000,-3.667,220,220,104,575,575,50,0
1321,10,60,6,1,0,7,6,0,4.333,0.000,-4.333,220,220,154,575,575,50,0
1322,10,60,6,1,0,7,6,3,4.333,0.000,-4.333,220,220,204,575,575,50,0
1323,10,60,6,1,0,8,7,5,5.000,0.000,-5.000,220,220,254,575,575,50,0
1324,10,60,6,1,0,8,7,8,5.000,0.000,-5.000,220,220,304,575,575,50,0
1325,10,60,6,1,0,8,8,11,5.333,0.000,-5.333,220,220,354,575,575,50,0
1326,10,60,6,1,0,9,8,14,5.667,0.000,-5.667,220,220,404,575,575,50,0
1327,10,60,6,1,0,9,8,17,5.667,0.000,-5.667,220,220,454,575,575,50,0
1328,10,60,6,1,5,9,9,19,7.667,5.000,-2.667,220,220,504,575,575,50,0
1329,10,60,6,1,14,10,9,22,11.000,14.000,3.000,220,220,554,575,575,50,1
1330,10,60,6,1,18,10,10,24,12.667,18.000,5.333,220,220,604,575,575,50,0
1331,10,60,6,1,26,11,10,27,15.667,26.000,10.333,220,220,654,575,575,50,0
1332,10,60,6,1,33,11,10,29,18.000,33.000,15.000,220,220,704,575,575,50,0
1333,10,60,6,1,40,12,11,32,21.000,40.000,19.000,220,220,754,575,575,50,0
1334,10,60,6,1,48,12,11,35,23.667,48.000,24.333,220,220,804,575,575,50,0
1335,10,60,6,1,55,12,11,37,26.000,55.000,29.000,220,220,854,575,575,50,0
1336,10,60,6,1,62,13,12,41,29.000,62.000,33.000,220,220,904,575,575,50,0
1337,10,60,6,1,70,13,12,43,31.667,70.000,38.333,220,220,954,575,575,50,0
1338,10,60,6,1,77,14,12,46,34.333,77.000,42.667,220,220,1004,575,575,50,0
1339,10,60,6,1,84,14,13,49,37.000,84.000,47.000,220,220,1054,575,575,50,0
1340,10,60,6,1,92,15,13,51,40.000,92.000,52.000,220,220,1104,575,575,50,0
1341,11,61,1,1,16,11,82,47,36.333,82.000,45.667,220,220,54,575,575,50,0
1342,11,61,1,1,17,14,76,48,35.667,76.000,40.333,220,220,104,575,575,50,0
1343,11,61,1,1,17,13,68,44,32.667,68.000,35.333,220,220,154,575,575,50,0
1344,11,61,1,1,15,13,60,41,29.333,60.000,30.667,220,220,204,575,575,50,0
1345,11,61,1,1,15,13,52,38,26.667,52.000,25.333,220,220,254,575,575,50,0
1346,11,61,1,1,15,12,45,35,24.000,45.000,21.000,220,220,304,575,575,50,0
1347,11,61,1,1,14,12,37,32,21.000,37.000,16.000,220,220,354,575,575,50,0
1348,11,61,1,1,14,12,30,30,18.667,30.000,11.333,220,220,404,575,575,50,0
1349,11,61,1,1,17,11,23,27,17.000,23.000,6.000,220,220,454,575,575,50,0
1350,11,61,1,1,13,11,17,24,13.667,17.000,3.333,220,220,504,575,575,50,0
1351,11,61,1,1,13,10,10,22,11.000,10.000,-1.000,220,220,554,575,575,50,1
1352,11,61,1,1,13,10,3,20,8.667,3.000,-5.667,220,220,604,575,575,50,0
1353,11,61,1,1,12,9,0,17,7.000,0.000,-7.000,220,220,654,575,575,50,0
1354,11,61,1,1,12,9,0,15,7.000,0.000,-7.000,220,220,704,575,575,50,0
1355,11,61,1,1,11,9,0,12,6.667,0.000,-6.667,220,220,754,575,575,50,0
1356,11,61,1,1,11,8,0,9,6.333,0.000,-6.333,220,220,804,575,575,50,0
1357,11,61,1,1,10,7,0,6,5.667,0.000,-5.667,220,220,854,575,575,50,0
1358,11,61,1,1,10,7,0,4,5.667,0.000,-5.667,220,220,904,575,575,50,0
1359,11,61,1,1,9,7,0,1,5.333,0.000,-5.333,220,220,954,575,575,50,0
1360,11,61,1,1,9,7,0,0,5.333,0.000,-5.333,220,220,1004,575,575,50,0
1361,11,61,1,1,8,6,0,0,4.667,0.000,-4.667,220,220,1054,575,575,50,0
1362,11,61,1,1,8,6,0,0,4.667,0.000,-4.667,220,220,1104,575,575,50,0
1363,11,62,2,1,12,0,5,0,5.667,0.000,-5.667,220,220,54,575,575,50,0
1364,11,62,2,1,9,0,4,0,4.333,0.000,-4.333,220,220,104,575,575,50,0
1365,11,62,2,1,9,0,5,0,4.667,0.000,-4.667,220,220,154,575,575,50,0
1366,11,62,2,1,9,0,5,0,4.667,0.000,-4.667,220,220,204,575,575,50,0
1367,11,62,2,1,8,0,6,2,4.667,0.000,-4.667,220,220,254,575,575,50,0
1368,11,62,2,1,13,0,6,5,6.333,0.000,-6.333,220,220,304,575,575,50,0
1369,11,62,2,1,10,0,7,8,5.667,0.000,-5.667,220,220,354,575,575,50,0
1370,11,62,2,1,11,0,6,10,5.667,0.000,-5.667,220,220,404,575,575,50,0
1371,11,62,2,1,11,0,8,13,6.333,0.000,-6.333,220,220,454,575,575,50,0
1372,11,62,2,1,12,0,8,16,6.667,0.000,-6.667,220,220,504,575,575,50,0
1373,11,62,2,1,12,2,8,19,7.333,2.000,-5.333,220,220,554,575,575,50,0
1374,11,62,2,1,12,9,9,22,10.000,9.000,-1.000,220,220,604,575,575,50,0
1375,11,62,2,1,13,16,9,24,12.667,16.000,3.333,220,220,654,625,625,50,1
1376,11,62,2,1,14,23,9,26,15.333,23.000,7.667,220,220,704,625,625,50,0
1377,11,62,2,1,14,30,10,29,18.000,30.000,12.000,220,220,754,625,625,50,0
1378,11,62,2,1,14,38,10,32,20.667,38.000,17.333,220,220,804,625,625,50,0
1379,11,62,2,1,15,45,10,34,23.333,45.000,21.667,220,220,854,625,625,50,0
1380,11,62,2,1,15,52,11,37,26.000,52.000,26.000,220,220,904,625,625,50,0
1381,11,62,2,1,15,60,12,40,29.000,60.000,31.000,220,220,954,625,625,50,0
1382,11,62,2,1,16,68,12,43,32.000,68.000,36.000,220,220,1004,625,625,50,0
1383,11,62,2,1,16,76,13,46,35.000,76.000,41.000,220,220,1054,625,625,50,0
1384,11,62,2,1,16,83,13,48,37.333,83.000,45.667,220,220,1104,625,625,50,0
1385,11,62,2,1,17,90,13,51,40.000,90.000,50.000,220,220,1154,625,625,50,0
1386,11,62,2,1,17,99,14,54,43.333,99.000,55.667,220,220,1204,625,625,50,0
1387,11,62,2,1,20,107,14,57,47.000,107.000,60.000,220,220,1254,625,625,50,0
1388,11,63,3,1,70,13,9,41,30.667,70.000,39.333,220,220,54,625,625,50,0
1389,11,63,3,1,66,15,11,42,30.667,66.000,35.333,220,220,104,625,625,50,0
1390,11,63,3,1,58,14,11,39,27.667,58.000,30.333,220,220,154,625,625,50,0
1391,11,63,3,1,50,13,11,36,24.667,50.000,25.333,220,220,204,625,625,50,0
1392,11,63,3,1,42,12,11,33,21.667,42.000,20.333,220,220,254,625,625,50,0
1393,11,63,3,1,35,12,10,30,19.000,35.000,16.000,220,220,304,625,625,50,0
1394,11,63,3,1,28,11,10,27,16.333,28.000,11.667,220,220,354,625,625,50,0
1395,11,63,3,1,21,11,9,25,13.667,21.000,7.333,220,220,404,625,625,50,0
1396,11,63,3,1,14,11,9,22,11.333,14.000,2.667,220,220,454,625,625,50,0
1397,11,63,3,1,7,10,8,20,8.333,7.000,-1.333,220,220,504,575,575,50,1
1398,11,63,3,1,1,10,8,16,6.333,1.000,-5.333,220,220,554,575,575,50,0
1399,11,63,3,1,0,9,8,14,5.667,0.000,-5.667,220,220,604,575,575,50,0
1400,11,63,3,1,0,9,8,12,5.667,0.000,-5.667,220,220,654,575,575,50,0
1401,11,63,3,1,0,8,7,8,5.000,0.000,-5.000,220,220,704,575,575,50,0
1402,11,63,3,1,0,8,6,6,4.667,0.000,-4.667,220,220,754,575,575,50,0
1403,11,63,3,1,0,7,6,3,4.333,0.000,-4.333,220,220,804,575,575,50,0
1404,11,63,3,1,0,7,6,1,4.333,0.000,-4.333,220,220,854,575,575,50,0
1405,11,63,3,1,0,7,5,0,4.000,0.000,-4.000,220,220,904,575,575,50,0
1406,11,63,3,1,0,6,5,0,3.667,0.000,-3.667,220,220,954,575,575,50,0
1407,11,63,3,1,0,6,5,0,3.667,0.000,-3.667,220,220,1004,575,575,50,0
1408,11,63,3,1,0,5,4,0,3.000,0.000,-3.000,220,220,1054,575,575,50,0
1409,11,64,4,1,11,10,0,0,7.000,0.000,-7.000,220,220,54,575,575,50,0
1410,11,64,4,1,8,7,0,0,5.000,0.000,-5.000,220,220,104,575,575,50,0
1411,11,64,4,1,9,8,0,2,5.667,0.000,-5.667,220,220,154,575,575,50,0
1412,11,64,4,1,9,8,0,4,5.667,0.000,-5.667,220,220,204,575,575,50,0
1413,11,64,4,1,10,8,0,7,6.000,0.000,-6.000,220,220,254,575,575,50,0
1414,11,64,4,1,10,9,0,10,6.333,0.000,-6.333,220,220,304,575,575,50,0
1415,11,64,4,1,10,9,0,13,6.333,0.000,-6.333,220,220,354,575,575,50,0
1416,11,64,4,1,11,9,0,15,6.667,0.000,-6.667,220,220,404,575,575,50,0
1417,11,64,4,1,11,10,0,18,7.000,0.000,-7.000,220,220,454,575,575,50,0
1418,11,64,4,1,12,10,7,21,9.667,7.000,-2.667,220,220,504,575,575,50,0
1419,11,64,4,1,12,11,13,23,12.000,13.000,1.000,220,220,554,575,575,50,1
1420,11,64,4,1,13,11,20,26,14.667,20.000,5.333,220,220,604,575,575,50,0
1421,11,64,4,1,13,11,27,28,17.000,27.000,10.000,220,220,654,575,575,50,0
1422,11,64,4,1,13,12,34,31,19.667,34.000,14.333,220,220,704,575,575,50,0
1423,11,64,4,1,14,12,42,34,22.667,42.000,19.333,220,220,754,575,575,50,0
1424,11,64,4,1,14,13,49,37,25.333,49.000,23.667,220,220,804,575,575,50,0
1425,11,64,4,1,18,13,56,40,29.000,56.000,27.000,220,220,854,575,575,50,0
1426,11,64,4,1,15,13,63,42,30.333,63.000,32.667,220,220,904,575,575,50,0
1427,11,64,4,1,16,14,71,45,33.667,71.000,37.333,220,220,954,575,575,50,0
1428,11,64,4,1,16,14,78,47,36.000,78.000,42.000,220,220,1004,575,575,50,0
1429,11,64,4,1,16,14,85,50,38.333,85.000,46.667,220,220,1054,575,575,50,0
1430,11,64,4,1,16,15,92,53,41.000,92.000,51.000,220,220,1104,575,575,50,0
1431,11,65,5,1,12,80,13,46,35.000,80.000,45.000,220,220,54,575,575,50,0
1432,11,65,5,1,15,77,14,47,35.333,77.000,41.667,220,220,104,575,575,50,0
1433,11,65,5,1,16,69,13,44,32.667,69.000,36.333,220,220,154,575,575,50,0
1434,11,65,5,1,16,61,13,41,30.000,61.000,31.000,220,220,204,575,575,50,0
1435,11,65,5,1,15,53,12,38,26.667,53.000,26.333,220,220,254,575,575,50,0
1436,11,65,5,1,14,46,11,35,23.667,46.000,22.333,220,220,304,575,575,50,0
1437,11,65,5,1,14,39,11,32,21.333,39.000,17.667,220,220,354,575,575,50,0
1438,11,65,5,1,14,32,11,30,19.000,32.000,13.000,220,220,404,575,575,50,0
1439,11,65,5,1,13,25,10,27,16.000,25.000,9.000,220,220,454,575,575,50,0
1440,11,65,5,1,13,18,10,25,13.667,18.000,4.333,220,220,504,575,575,50,0
1441,11,65,5,1,12,12,9,22,11.000,12.000,1.000,220,220,554,575,575,50,0
1442,11,65,5,1,12,4,9,20,8.333,4.000,-4.333,220,220,604,600,600,50,1
1443,11,65,5,1,12,0,9,17,7.000,0.000,-7.000,220,220,654,600,600,50,0
1444,11,65,5,1,11,0,9,15,6.667,0.000,-6.667,220,220,704,600,600,50,0
1445,11,65,5,1,14,0,8,12,7.333,0.000,-7.333,220,220,754,600,600,50,0
1446,11,65,5,1,10,0,7,9,5.667,0.000,-5.667,220,220,804,600,600,50,0
1447,11,65,5,1,10,0,7,6,5.667,0.000,-5.667,220,220,854,600,600,50,0
1448,11,65,5,1,9,0,6,3,5.000,0.000,-5.000,220,220,904,600,600,50,0
1449,11,65,5,1,9,0,6,1,5.000,0.000,-5.000,220,220,954,600,600,50,0
1450,11,65,5,1,9,0,5,0,4.667,0.000,-4.667,220,220,1004,600,600,50,0
1451,11,65,5,1,8,0,5,0,4.333,0.000,-4.333,220,220,1054,600,600,50,0
1452,11,65,5,1,8,0,5,0,4.333,0.000,-4.333,220,220,1104,600,600,50,0
1453,11,65,5,1,7,0,4,0,3.667,0.000,-3.667,220,220,1154,600,600,50,0
1454,11,65,5,1,7,0,3,0,3.333,0.000,-3.333,220,220,1204,600,600,50,0
1455,11,66,6,1,0,6,7,0,4.333,0.000,-4.333,220,220,80,600,600,50,0
1456,11,66,6,1,0,6,6,1,4.000,0.000,-4.000,220,220,130,600,600,50,0
1457,11,66,6,1,0,7,6,4,4.333,0.000,-4.333,220,220,180,600,600,50,0
1458,11,66,6,1,0,8,7,6,5.000,0.000,-5.000,220,220,230,600,600,50,0
1459,11,66,6,1,0,8,7,9,5.000,0.000,-5.000,220,220,280,600,600,50,0
1460,11,66,6,1,0,9,8,12,5.667,0.000,-5.667,220,220,330,600,600,50,0
1461,11,66,6,1,0,9,8,15,5.667,0.000,-5.667,220,220,380,600,600,50,0
1462,11,66,6,1,2,10,9,17,7.000,2.000,-5.000,220,220,430,600,600,50,0
1463,11,66,6,1,12,10,9,21,10.333,12.000,1.667,220,220,480,550,550,50,1
1464,11,66,6,1,15,11,10,23,12.000,15.000,3.000,220,220,530,550,550,50,0
1465,11,66,6,1,22,10,9,25,13.667,22.000,8.333,220,220,580,550,550,50,0
1466,11,66,6,1,30,11,10,28,17.000,30.000,13.000,220,220,630,550,550,50,0
1467,11,66,6,1,37,12,11,31,20.000,37.000,17.000,220,220,680,550,550,50,0
1468,11,66,6,1,44,12,11,34,22.333,44.000,21.667,220,220,730,550,550,50,0
1469,11,66,6,1,52,12,11,36,25.000,52.000,27.000,220,220,780,550,550,50,0
1470,11,66,6,1,59,13,12,39,28.000,59.000,31.000,220,220,830,550,550,50,0
1471,11,66,6,1,66,13,12,41,30.333,66.000,35.667,220,220,880,550,550,50,0
1472,11,66,6,1,72,14,12,44,32.667,72.000,39.333,220,220,930,550,550,50,0
1473,11,66,6,1,79,14,13,47,35.333,79.000,43.667,220,220,980,550,550,50,0
1474,11,66,6,1,86,15,13,49,38.000,86.000,48.000,220,220,1030,550,550,50,0
1475,12,67,1,1,18,15,85,51,39.333,85.000,45.667,220,220,78,550,550,50,0
1476,12,67,1,1,17,14,78,48,36.333,78.000,41.667,220,220,128,550,550,50,0
1477,12,67,1,1,16,13,71,45,33.333,71.000,37.667,220,220,178,550,550,50,0
1478,12,67,1,1,15,13,63,42,30.333,63.000,32.667,220,220,228,550,550,50,0
1479,12,67,1,1,15,13,56,40,28.000,56.000,28.000,220,220,278,550,550,50,0
1480,12,67,1,1,15,12,49,37,25.333,49.000,23.667,220,220,328,550,550,50,0
1481,12,67,1,1,15,12,42,34,23.000,42.000,19.000,220,220,378,550,550,50,0
1482,12,67,1,1,14,12,35,32,20.333,35.000,14.667,220,220,428,550,550,50,0
1483,12,67,1,1,17,11,28,29,18.667,28.000,9.333,220,220,478,550,550,50,0
1484,12,67,1,1,13,11,21,26,15.000,21.000,6.000,220,220,528,550,550,50,0
1485,12,67,1,1,13,10,14,24,12.333,14.000,1.667,220,220,578,550,550,50,0
1486,12,67,1,1,13,10,7,21,10.000,7.000,-3.000,220,220,628,600,600,50,1
1487,12,67,1,1,12,10,1,19,7.667,1.000,-6.667,220,220,678,600,600,50,0
1488,12,67,1,1,12,10,0,16,7.333,0.000,-7.333,220,220,728,600,600,50,0
1489,12,67,1,1,11,8,0,13,6.333,0.000,-6.333,220,220,778,600,600,50,0
1490,12,67,1,1,11,8,0,10,6.333,0.000,-6.333,220,220,828,600,600,50,0
1491,12,67,1,1,10,8,0,8,6.000,0.000,-6.000,220,220,878,600,600,50,0
1492,12,67,1,1,10,7,0,5,5.667,0.000,-5.667,220,220,928,600,600,50,0
1493,12,67,1,1,9,7,0,2,5.333,0.000,-5.333,220,220,978,600,600,50,0
1494,12,67,1,1,9,7,0,0,5.333,0.000,-5.333,220,220,1028,600,600,50,0
1495,12,67,1,1,8,6,0,0,4.667,0.000,-4.667,220,220,1078,600,600,50,0
1496,12,67,1,1,8,6,0,0,4.667,0.000,-4.667,220,220,1128,600,600,50,0
1497,12,67,1,1,8,6,0,0,4.667,0.000,-4.667,220,220,1178,600,600,50,0
1498,12,67,1,1,7,5,0,0,4.000,0.000,-4.000,220,220,1228,600,600,50,0
1499,12,68,2,1,9,0,4,0,4.333,0.000,-4.333,220,220,79,600,600,50,0
1500,12,68,2,1,10,0,5,0,5.000,0.000,-5.000,220,220,129,600,600,50,0
1501,12,68,2,1,9,0,6,2,5.000,0.000,-5.000,220,220,179,600,600,50,0
1502,12,68,2,1,13,0,6,5,6.333,0.000,-6.333,220,220,229,600,600,50,0
1503,12,68,2,1,10,0,7,8,5.667,0.000,-5.667,220,220,279,600,600,50,0
1504,12,68,2,1,10,0,7,10,5.667,0.000,-5.667,220,220,329,600,600,50,0
1505,12,68,2,1,11,0,8,13,6.333,0.000,-6.333,220,220,379,600,600,50,0
1506,12,68,2,1,12,0,8,16,6.667,0.000,-6.667,220,220,429,600,600,50,0
1507,12,68,2,1,12,3,8,18,7.667,3.000,-4.667,220,220,479,600,600,50,0
1508,12,68,2,1,13,9,9,21,10.333,9.000,-1.333,220,220,529,600,600,50,0
1509,12,68,2,1,13,15,9,24,12.333,15.000,2.667,220,220,579,600,600,50,1
1510,12,68,2,1,13,23,10,26,15.333,23.000,7.667,220,220,629,600,600,50,0
1511,12,68,2,1,14,29,9,29,17.333,29.000,11.667,220,220,679,600,600,50,0
1512,12,68,2,1,15,37,10,32,20.667,37.000,16.333,220,220,729,600,600,50,0
1513,12,68,2,1,15,43,11,34,23.000,43.000,20.000,220,220,779,600,600,50,0
1514,12,68,2,1,15,51,11,36,25.667,51.000,25.333,220,220,829,600,600,50,0
1515,12,68,2,1,16,58,11,39,28.333,58.000,29.667,220,220,879,600,600,50,0
1516,12,68,2,1,16,66,12,43,31.333,66.000,34.667,220,220,929,600,600,50,0
1517,12,68,2,1,16,73,13,44,34.000,73.000,39.000,220,220,979,600,600,50,0
1518,12,68,2,1,16,81,12,47,36.333,81.000,44.667,220,220,1029,600,600,50,0
1519,12,68,2,1,16,88,13,50,39.000,88.000,49.000,220,220,1079,600,600,50,0
1520,12,68,2,1,17,95,14,53,42.000,95.000,53.000,220,220,1129,600,600,50,0
1521,12,68,2,1,20,103,14,56,45.667,103.000,57.333,220,220,1179,600,600,50,0
1522,12,69,3,1,79,16,12,47,35.667,79.000,43.333,220,220,80,600,600,50,0
1523,12,69,3,1,71,15,12,44,32.667,71.000,38.333,220,220,130,600,600,50,0
1524,12,69,3,1,63,13,12,40,29.333,63.000,33.667,220,220,180,600,600,50,0
1525,12,69,3,1,55,13,11,37,26.333,55.000,28.667,220,220,230,600,600,50,0
1526,12,69,3,1,47,13,11,34,23.667,47.000,23.333,220,220,280,600,600,50,0
1527,12,69,3,1,39,12,11,32,20.667,39.000,18.333,220,220,330,600,600,50,0
1528,12,69,3,1,32,12,10,29,18.000,32.000,14.000,220,220,380,600,600,50,0
1529,12,69,3,1,25,11,10,27,15.333,25.000,9.667,220,220,430,600,600,50,0
1530,12,69,3,1,19,11,9,24,13.000,19.000,6.000,220,220,480,600,600,50,0
1531,12,69,3,1,11,11,9,21,10.333,11.000,0.667,220,220,530,600,600,50,0
1532,12,69,3,1,4,10,8,19,7.333,4.000,-3.333,220,220,580,600,600,50,1
1533,12,69,3,1,0,10,8,16,6.000,0.000,-6.000,220,220,630,600,600,50,0
1534,12,69,3,1,0,9,8,13,5.667,0.000,-5.667,220,220,680,600,600,50,0
1535,12,69,3,1,0,8,7,10,5.000,0.000,-5.000,220,220,730,600,600,50,0
1536,12,69,3,1,0,8,7,7,5.000,0.000,-5.000,220,220,780,600,600,50,0
1537,12,69,3,1,0,8,7,4,5.000,0.000,-5.000,220,220,830,600,600,50,0
1538,12,69,3,1,0,8,6,2,4.667,0.000,-4.667,220,220,880,600,600,50,0
1539,12,69,3,1,0,6,6,0,4.000,0.000,-4.000,220,220,930,600,600,50,0
1540,12,69,3,1,0,6,5,0,3.667,0.000,-3.667,220,220,980,600,600,50,0
1541,12,69,3,1,0,6,5,0,3.667,0.000,-3.667,220,220,1030,600,600,50,0
1542,12,69,3,1,0,6,4,0,3.333,0.000,-3.333,220,220,1080,600,600,50,0
1543,12,69,3,1,0,5,4,0,3.000,0.000,-3.000,220,220,1130,600,600,50,0
1544,12,69,3,1,0,4,3,0,2.333,0.000,-2.333,220,220,1180,600,600,50,0
1545,12,70,4,1,8,8,0,0,5.333,0.000,-5.333,220,220,80,600,600,50,0
1546,12,70,4,1,9,8,0,3,5.667,0.000,-5.667,220,220,130,600,600,50,0
1547,12,70,4,1,10,8,0,6,6.000,0.000,-6.000,220,220,180,600,600,50,0
1548,12,70,4,1,10,8,0,8,6.000,0.000,-6.000,220,220,230,600,600,50,0
1549,12,70,4,1,11,9,0,11,6.667,0.000,-6.667,220,220,280,600,600,50,0
1550,12,70,4,1,10,9,0,14,6.333,0.000,-6.333,220,220,330,600,600,50,0
1551,12,70,4,1,11,9,0,16,6.667,0.000,-6.667,220,220,380,600,600,50,0
1552,12,70,4,1,12,10,2,19,8.000,2.000,-6.000,220,220,430,600,600,50,0
1553,12,70,4,1,12,10,9,22,10.333,9.000,-1.333,220,220,480,600,600,50,0
1554,12,70,4,1,12,10,16,24,12.667,16.000,3.333,220,220,530,575,575,50,1
1555,12,70,4,1,13,12,22,27,15.667,22.000,6.333,220,220,580,575,575,50,0
1556,12,70,4,1,13,11,29,29,17.667,29.000,11.333,220,220,630,575,575,50,0
1557,12,70,4,1,14,12,36,32,20.667,36.000,15.333,220,220,680,575,575,50,0
1558,12,70,4,1,15,12,43,34,23.333,43.000,19.667,220,220,730,575,575,50,0
1559,12,70,4,1,17,13,50,37,26.667,50.000,23.333,220,220,780,575,575,50,0
1560,12,70,4,1,15,13,57,40,28.333,57.000,28.667,220,220,830,575,575,50,0
1561,12,70,4,1,15,13,64,42,30.667,64.000,33.333,220,220,880,575,575,50,0
1562,12,70,4,1,16,14,72,45,34.000,72.000,38.000,220,220,930,575,575,50,0
1563,12,70,4,1,16,14,79,48,36.333,79.000,42.667,220,220,980,575,575,50,0
1564,12,70,4,1,17,14,87,51,39.333,87.000,47.667,220,220,1030,575,575,50,0
1565,12,70,4,1,17,15,94,53,42.000,94.000,52.000,220,220,1080,575,575,50,0
1566,12,71,5,1,11,76,13,44,33.333,76.000,42.667,220,220,54,575,575,50,0
1567,12,71,5,1,15,72,14,45,33.667,72.000,38.333,220,220,104,575,575,50,0
1568,12,71,5,1,15,64,13,42,30.667,64.000,33.333,220,220,154,575,575,50,0
1569,12,71,5,1,15,56,12,39,27.667,56.000,28.333,220,220,204,575,575,50,0
1570,12,71,5,1,15,48,11,36,24.667,48.000,23.333,220,220,254,575,575,50,0
1571,12,71,5,1,14,41,11,33,22.000,41.000,19.000,220,220,304,575,575,50,0
1572,12,71,5,1,14,34,11,30,19.667,34.000,14.333,220,220,354,575,575,50,0
1573,12,71,5,1,14,26,11,28,17.000,26.000,9.000,220,220,404,575,575,50,0
1574,12,71,5,1,13,20,10,25,14.333,20.000,5.667,220,220,454,575,575,50,0
1575,12,71,5,1,12,13,10,22,11.667,13.000,1.333,220,220,504,575,575,50,0
1576,12,71,5,1,12,6,9,20,9.000,6.000,-3.000,220,220,554,575,575,50,1
1577,12,71,5,1,11,0,9,17,6.667,0.000,-6.667,220,220,604,575,575,50,0
1578,12,71,5,1,11,0,8,15,6.333,0.000,-6.333,220,220,654,575,575,50,0
1579,12,71,5,1,14,0,8,13,7.333,0.000,-7.333,220,220,704,575,575,50,0
1580,12,71,5,1,10,0,7,10,5.667,0.000,-5.667,220,220,754,575,575,50,0
1581,12,71,5,1,10,0,7,6,5.667,0.000,-5.667,220,220,804,575,575,50,0
1582,12,71,5,1,9,0,6,3,5.000,0.000,-5.000,220,220,854,575,575,50,0
1583,12,71,5,1,9,0,5,1,4.667,0.000,-4.667,220,220,904,575,575,50,0
1584,12,71,5,1,8,0,5,0,4.333,0.000,-4.333,220,220,954,575,575,50,0
1585,12,71,5,1,8,0,5,0,4.333,0.000,-4.333,220,220,1004,575,575,50,0
1586,12,71,5,1,8,0,4,0,4.000,0.000,-4.000,220,220,1054,575,575,50,0
1587,12,71,5,1,7,0,4,0,3.667,0.000,-3.667,220,220,1104,575,575,50,0
1588,12,72,6,1,0,7,8,0,5.000,0.000,-5.000,220,220,54,575,575,50,0
1589,12,72,6,1,0,5,6,0,3.667,0.000,-3.667,220,220,104,575,575,50,0
1590,12,72,6,1,0,6,6,1,4.000,0.000,-4.000,220,220,154,575,575,50,0
1591,12,72,6,1,0,7,6,3,4.333,0.000,-4.333,220,220,204,575,575,50,0
1592,12,72,6,1,0,8,7,6,5.000,0.000,-5.000,220,220,254,575,575,50,0
1593,12,72,6,1,0,8,7,9,5.000,0.000,-5.000,220,220,304,575,575,50,0
1594,12,72,6,1,0,8,8,12,5.333,0.000,-5.333,220,220,354,575,575,50,0
1595,12,72,6,1,0,9,8,14,5.667,0.000,-5.667,220,220,404,575,575,50,0
1596,12,72,6,1,0,10,9,17,6.333,0.000,-6.333,220,220,454,575,575,50,0
1597,12,72,6,1,9,9,9,20,9.000,9.000,0.000,220,220,504,575,575,50,1
1598,12,72,6,1,13,10,9,22,10.667,13.000,2.333,220,220,554,575,575,50,0
1599,12,72,6,1,20,10,10,25,13.333,20.000,6.667,220,220,604,575,575,50,0
1600,12,72,6,1,27,11,10,27,16.000,27.000,11.000,220,220,654,575,575,50,0
1601,12,72,6,1,34,11,10,30,18.333,34.000,15.667,220,220,704,575,575,50,0
1602,12,72,6,1,41,11,11,32,21.000,41.000,20.000,220,220,754,575,575,50,0
1603,12,72,6,1,48,12,11,35,23.667,48.000,24.333,220,220,804,575,575,50,0
1604,12,72,6,1,56,13,11,38,26.667,56.000,29.333,220,220,854,575,575,50,0
1605,12,72,6,1,63,13,12,41,29.333,63.000,33.667,220,220,904,575,575,50,0
1606,12,72,6,1,70,13,12,43,31.667,70.000,38.333,220,220,954,575,575,50,0
1607,12,72,6,1,77,14,12,46,34.333,77.000,42.667,220,220,1004,575,575,50,0
1608,12,72,6,1,84,14,13,48,37.000,84.000,47.000,220,220,1054,575,575,50,0
1609,12,72,6,1,91,14,13,51,39.333,91.000,51.667,220,220,1104,575,575,50,0
1610,13,73,1,1,15,11,85,48,37.000,85.000,48.000,220,220,54,575,575,50,0
1611,13,73,1,1,18,13,78,48,36.333,78.000,41.667,220,220,104,575,575,50,0
1612,13,73,1,1,17,14,70,45,33.667,70.000,36.333,220,220,154,575,575,50,0
1613,13,73,1,1,16,13,61,42,30.000,61.000,31.000,220,220,204,575,575,50,0
1614,13,73,1,1,15,13,53,39,27.000,53.000,26.000,220,220,254,575,575,50,0
1615,13,73,1,1,15,12,46,36,24.333,46.000,21.667,220,220,304,575,575,50,0
1616,13,73,1,1,17,12,39,33,22.667,39.000,16.333,220,220,354,575,575,50,0
1617,13,73,1,1,14,11,31,30,18.667,31.000,12.333,220,220,404,575,575,50,0
1618,13,73,1,1,14,11,24,27,16.333,24.000,7.667,220,220,454,575,575,50,0
1619,13,73,1,1,13,11,17,25,13.667,17.000,3.333,220,220,504,575,575,50,0
1620,13,73,1,1,13,10,10,22,11.000,10.000,-1.000,220,220,554,575,575,50,1
1621,13,73,1,1,12,10,3,20,8.333,3.000,-5.333,220,220,604,575,575,50,0
1622,13,73,1,1,12,9,0,17,7.000,0.000,-7.000,220,220,654,575,575,50,0
1623,13,73,1,1,12,9,0,15,7.000,0.000,-7.000,220,220,704,575,575,50,0
1624,13,73,1,1,12,9,0,12,7.000,0.000,-7.000,220,220,754,575,575,50,0
1625,13,73,1,1,10,8,0,9,6.000,0.000,-6.000,220,220,804,575,575,50,0
1626,13,73,1,1,10,8,0,6,6.000,0.000,-6.000,220,220,854,575,575,50,0
1627,13,73,1,1,10,7,0,4,5.667,0.000,-5.667,220,220,904,575,575,50,0
1628,13,73,1,1,9,7,0,1,5.333,0.000,-5.333,220,220,954,575,575,50,0
1629,13,73,1,1,8,7,0,0,5.000,0.000,-5.000,220,220,1004,575,575,50,0
1630,13,73,1,1,8,6,0,0,4.667,0.000,-4.667,220,220,1054,575,575,50,0
1631,13,73,1,1,8,6,0,0,4.667,0.000,-4.667,220,220,1104,575,575,50,0
1632,13,74,2,1,13,0,5,0,6.000,0.000,-6.000,220,220,54,575,575,50,0
1633,13,74,2,1,9,0,4,0,4.333,0.000,-4.333,220,220,104,575,575,50,0
1634,13,74,2,1,9,0,5,0,4.667,0.000,-4.667,220,220,154,575,575,50,0
1635,13,74,2,1,12,0,5,1,5.667,0.000,-5.667,220,220,204,575,575,50,0
1636,13,74,2,1,9,0,6,3,5.000,0.000,-5.000,220,220,254,575,575,50,0
1637,13,74,2,1,10,0,6,6,5.333,0.000,-5.333,220,220,304,575,575,50,0
1638,13,74,2,1,11,0,7,9,6.000,0.000,-6.000,220,220,354,575,575,50,0
1639,13,74,2,1,11,0,7,12,6.000,0.000,-6.000,220,220,404,575,575,50,0
1640,13,74,2,1,11,0,8,15,6.333,0.000,-6.333,220,220,454,575,575,50,0
1641,13,74,2,1,12,0,8,17,6.667,0.000,-6.667,220,220,504,575,575,50,0
1642,13,74,2,1,12,4,9,20,8.333,4.000,-4.333,220,220,554,575,575,50,0
1643,13,74,2,1,13,12,9,22,11.333,12.000,0.667,220,220,604,600,600,50,1
1644,13,74,2,1,13,19,9,25,13.667,19.000,5.333,220,220,654,600,600,50,0
1645,13,74,2,1,13,26,10,27,16.333,26.000,9.667,220,220,704,600,600,50,0
1646,13,74,2,1,14,32,10,30,18.667,32.000,13.333,220,220,754,600,600,50,0
1647,13,74,2,1,14,40,11,33,21.667,40.000,18.333,220,220,804,600,600,50,0
1648,13,74,2,1,15,47,11,35,24.333,47.000,22.667,220,220,854,600,600,50,0
1649,13,74,2,1,15,54,12,38,27.000,54.000,27.000,220,220,904,600,600,50,0
1650,13,74,2,1,16,62,12,41,30.000,62.000,32.000,220,220,954,600,600,50,0
1651,13,74,2,1,16,70,12,44,32.667,70.000,37.333,220,220,1004,600,600,50,0
1652,13,74,2,1,17,78,13,47,36.000,78.000,42.000,220,220,1054,600,600,50,0
1653,13,74,2,1,16,86,13,49,38.333,86.000,47.667,220,220,1104,600,600,50,0
1654,13,74,2,1,17,93,14,52,41.333,93.000,51.667,220,220,1154,600,600,50,0
1655,13,74,2,1,20,102,14,56,45.333,102.000,56.667,220,220,1204,600,600,50,0
1656,13,75,3,1,79,15,12,46,35.333,79.000,43.667,220,220,80,600,600,50,0
1657,13,75,3,1,71,14,12,44,32.333,71.000,38.667,220,220,130,600,600,50,0
1658,13,75,3,1,63,14,12,41,29.667,63.000,33.333,220,220,180,600,600,50,0
1659,13,75,3,1,55,13,11,37,26.333,55.000,28.667,220,220,230,600,600,50,0
1660,13,75,3,1,48,12,11,34,23.667,48.000,24.333,220,220,280,600,600,50,0
1661,13,75,3,1,40,12,10,32,20.667,40.000,19.333,220,220,330,600,600,50,0
1662,13,75,3,1,33,12,10,29,18.333,33.000,14.667,220,220,380,600,600,50,0
1663,13,75,3,1,25,11,9,26,15.000,25.000,10.000,220,220,430,600,600,50,0
1664,13,75,3,1,18,11,9,24,12.667,18.000,5.333,220,220,480,600,600,50,0
1665,13,75,3,1,11,10,9,22,10.000,11.000,1.000,220,220,530,600,600,50,0
1666,13,75,3,1,5,10,9,18,8.000,5.000,-3.000,220,220,580,600,600,50,1
1667,13,75,3,1,0,10,8,16,6.000,0.000,-6.000,220,220,630,600,600,50,0
1668,13,75,3,1,0,10,8,13,6.000,0.000,-6.000,220,220,680,600,600,50,0
1669,13,75,3,1,0,9,7,11,5.333,0.000,-5.333,220,220,730,600,600,50,0
1670,13,75,3,1,0,8,7,9,5.000,0.000,-5.000,220,220,780,600,600,50,0
1671,13,75,3,1,0,8,7,5,5.000,0.000,-5.000,220,220,830,600,600,50,0
1672,13,75,3,1,0,8,6,3,4.667,0.000,-4.667,220,220,880,600,600,50,0
1673,13,75,3,1,0,7,5,0,4.000,0.000,-4.000,220,220,930,600,600,50,0
1674,13,75,3,1,0,6,6,0,4.000,0.000,-4.000,220,220,980,600,600,50,0
1675,13,75,3,1,0,6,5,0,3.667,0.000,-3.667,220,220,1030,600,600,50,0
1676,13,75,3,1,0,5,5,0,3.333,0.000,-3.333,220,220,1080,600,600,50,0
1677,13,75,3,1,0,5,4,0,3.000,0.000,-3.000,220,220,1130,600,600,50,0
1678,13,75,3,1,0,4,4,0,2.667,0.000,-2.667,220,220,1180,600,600,50,0
1679,13,76,4,1,7,8,0,0,5.000,0.000,-5.000,220,220,80,600,600,50,0
1680,13,76,4,1,9,8,0,1,5.667,0.000,-5.667,220,220,130,600,600,50,0
1681,13,76,4,1,9,8,0,4,5.667,0.000,-5.667,220,220,180,600,600,50,0
1682,13,76,4,1,9,8,0,7,5.667,0.000,-5.667,220,220,230,600,600,50,0
1683,13,76,4,1,10,9,0,10,6.333,0.000,-6.333,220,220,280,600,600,50,0
1684,13,76,4,1,11,9,0,12,6.667,0.000,-6.667,220,220,330,600,600,50,0
1685,13,76,4,1,11,9,0,15,6.667,0.000,-6.667,220,220,380,600,600,50,0
1686,13,76,4,1,11,10,0,18,7.000,0.000,-7.000,220,220,430,600,600,50,0
1687,13,76,4,1,12,10,5,20,9.000,5.000,-4.000,220,220,480,600,600,50,0
1688,13,76,4,1,12,10,12,23,11.333,12.000,0.667,220,220,530,575,575,50,1
1689,13,76,4,1,13,11,19,25,14.333,19.000,4.667,220,220,580,575,575,50,0
1690,13,76,4,1,13,11,26,28,16.667,26.000,9.333,220,220,630,575,575,50,0
1691,13,76,4,1,13,12,33,30,19.333,33.000,13.667,220,220,680,575,575,50,0
1692,13,76,4,1,14,12,40,33,22.000,40.000,18.000,220,220,730,575,575,50,0
1693,13,76,4,1,18,13,47,37,26.000,47.000,21.000,220,220,780,575,575,50,0
1694,13,76,4,1,14,13,55,39,27.333,55.000,27.667,220,220,830,575,575,50,0
1695,13,76,4,1,15,13,62,42,30.000,62.000,32.000,220,220,880,575,575,50,0
1696,13,76,4,1,16,14,70,44,33.333,70.000,36.667,220,220,930,575,575,50,0
1697,13,76,4,1,16,14,77,47,35.667,77.000,41.333,220,220,980,575,575,50,0
1698,13,76,4,1,16,15,85,50,38.667,85.000,46.333,220,220,1030,575,575,50,0
1699,13,76,4,1,17,15,92,52,41.333,92.000,50.667,220,220,1080,575,575,50,0
1700,13,77,5,1,12,80,13,46,35.000,80.000,45.000,220,220,54,575,575,50,0
1701,13,77,5,1,16,76,14,46,35.333,76.000,40.667,220,220,104,575,575,50,0
1702,13,77,5,1,16,68,13,43,32.333,68.000,35.667,220,220,154,575,575,50,0
1703,13,77,5,1,15,60,12,40,29.000,60.000,31.000,220,220,204,575,575,50,0
1704,13,77,5,1,15,52,11,37,26.000,52.000,26.000,220,220,254,575,575,50,0
1705,13,77,5,1,14,44,11,35,23.000,44.000,21.000,220,220,304,575,575,50,0
1706,13,77,5,1,14,38,11,32,21.000,38.000,17.000,220,220,354,575,575,50,0
1707,13,77,5,1,13,30,10,29,17.667,30.000,12.333,220,220,404,575,575,50,0
1708,13,77,5,1,13,23,10,27,15.333,23.000,7.667,220,220,454,575,575,50,0
1709,13,77,5,1,12,16,10,24,12.667,16.000,3.333,220,220,504,575,575,50,0
1710,13,77,5,1,12,10,9,22,10.333,10.000,-0.333,220,220,554,575,575,50,1
1711,13,77,5,1,12,3,8,20,7.667,3.000,-4.667,220,220,604,600,600,50,0
1712,13,77,5,1,14,0,9,17,7.667,0.000,-7.667,220,220,654,600,600,50,0
1713,13,77,5,1,11,0,8,14,6.333,0.000,-6.333,220,220,704,600,600,50,0
1714,13,77,5,1,11,0,8,12,6.333,0.000,-6.333,220,220,754,600,600,50,0
1715,13,77,5,1,10,0,7,9,5.667,0.000,-5.667,220,220,804,600,600,50,0
1716,13,77,5,1,10,0,7,6,5.667,0.000,-5.667,220,220,854,600,600,50,0
1717,13,77,5,1,9,0,6,3,5.000,0.000,-5.000,220,220,904,600,600,50,0
1718,13,77,5,1,9,0,5,0,4.667,0.000,-4.667,220,220,954,600,600,50,0
1719,13,77,5,1,8,0,5,0,4.333,0.000,-4.333,220,220,1004,600,600,50,0
1720,13,77,5,1,8,0,4,0,4.000,0.000,-4.000,220,220,1054,600,600,50,0
1721,13,77,5,1,7,0,5,0,4.000,0.000,-4.000,220,220,1104,600,600,50,0
1722,13,77,5,1,7,0,4,0,3.667,0.000,-3.667,220,220,1154,600,600,50,0
1723,13,77,5,1,7,0,3,0,3.333,0.000,-3.333,220,220,1204,600,600,50,0
1724,13,78,6,1,0,6,7,0,4.333,0.000,-4.333,220,220,79,600,600,50,0
1725,13,78,6,1,0,7,6,2,4.333,0.000,-4.333,220,220,129,600,600,50,0
1726,13,78,6,1,0,7,7,5,4.667,0.000,-4.667,220,220,179,600,600,50,0
1727,13,78,6,1,0,8,7,8,5.000,0.000,-5.000,220,220,229,600,600,50,0
1728,13,78,6,1,0,9,7,11,5.333,0.000,-5.333,220,220,279,600,600,50,0
1729,13,78,6,1,0,9,8,14,5.667,0.000,-5.667,220,220,329,600,600,50,0
1730,13,78,6,1,0,10,8,17,6.000,0.000,-6.000,220,220,379,600,600,50,0
1731,13,78,6,1,8,10,8,19,8.667,8.000,-0.667,220,220,429,600,600,50,0
1732,13,78,6,1,12,10,9,22,10.333,12.000,1.667,220,220,479,550,550,50,1
1733,13,78,6,1,19,10,9,24,12.667,19.000,6.333,220,220,529,550,550,50,0
1734,13,78,6,1,26,11,10,27,15.667,26.000,10.333,220,220,579,550,550,50,0
1735,13,78,6,1,34,11,11,30,18.667,34.000,15.333,220,220,629,550,550,50,0
1736,13,78,6,1,41,12,11,32,21.333,41.000,19.667,220,220,679,550,550,50,0
1737,13,78,6,1,48,12,11,35,23.667,48.000,24.333,220,220,729,550,550,50,0
1738,13,78,6,1,56,12,12,38,26.667,56.000,29.333,220,220,779,550,550,50,0
1739,13,78,6,1,63,14,12,40,29.667,63.000,33.333,220,220,829,550,550,50,0
1740,13,78,6,1,70,13,12,43,31.667,70.000,38.333,220,220,879,550,550,50,0
1741,13,78,6,1,77,14,13,46,34.667,77.000,42.333,220,220,929,550,550,50,0
1742,13,78,6,1,84,14,13,48,37.000,84.000,47.000,220,220,979,550,550,50,0
1743,13,78,6,1,91,15,13,51,39.667,91.000,51.333,220,220,1029,550,550,50,0
1744,14,79,1,1,18,15,84,50,39.000,84.000,45.000,220,220,78,550,550,50,0
1745,14,79,1,1,17,14,77,47,36.000,77.000,41.000,220,220,128,550,550,50,0
1746,14,79,1,1,16,14,69,44,33.000,69.000,36.000,220,220,178,550,550,50,0
1747,14,79,1,1,16,13,62,42,30.333,62.000,31.667,220,220,228,550,550,50,0
1748,14,79,1,1,15,13,54,39,27.333,54.000,26.667,220,220,278,550,550,50,0
1749,14,79,1,1,15,13,47,37,25.000,47.000,22.000,220,220,328,550,550,50,0
1750,14,79,1,1,18,12,40,34,23.333,40.000,16.667,220,220,378,550,550,50,0
1751,14,79,1,1,14,12,33,31,19.667,33.000,13.333,220,220,428,550,550,50,0
1752,14,79,1,1,14,11,26,28,17.000,26.000,9.000,220,220,478,550,550,50,0
1753,14,79,1,1,14,11,19,25,14.667,19.000,4.333,220,220,528,550,550,50,0
1754,14,79,1,1,13,10,12,23,11.667,12.000,0.333,220,220,578,550,550,50,0
1755,14,79,1,1,13,10,6,21,9.667,6.000,-3.667,220,220,628,600,600,50,1
1756,14,79,1,1,12,10,0,18,7.333,0.000,-7.333,220,220,678,600,600,50,0
1757,14,79,1,1,12,10,0,15,7.333,0.000,-7.333,220,220,728,600,600,50,0
1758,14,79,1,1,11,9,0,13,6.667,0.000,-6.667,220,220,778,600,600,50,0
1759,14,79,1,1,11,8,0,10,6.333,0.000,-6.333,220,220,828,600,600,50,0
1760,14,79,1,1,10,8,0,7,6.000,0.000,-6.000,220,220,878,600,600,50,0
1761,14,79,1,1,10,8,0,5,6.000,0.000,-6.000,220,220,928,600,600,50,0
1762,14,79,1,1,10,7,0,1,5.667,0.000,-5.667,220,220,978,600,600,50,0
1763,14,79,1,1,9,7,0,0,5.333,0.000,-5.333,220,220,1028,600,600,50,0
1764,14,79,1,1,9,6,0,0,5.000,0.000,-5.000,220,220,1078,600,600,50,0
1765,14,79,1,1,8,5,0,0,4.333,0.000,-4.333,220,220,1128,600,600,50,0
1766,14,79,1,1,8,6,0,0,4.667,0.000,-4.667,220,220,1178,600,600,50,0
1767,14,79,1,1,7,5,0,0,4.000,0.000,-4.000,220,220,1228,600,600,50,0
1768,14,80,2,1,9,0,4,0,4.333,0.000,-4.333,220,220,79,600,600,50,0
1769,14,80,2,1,13,0,5,0,6.000,0.000,-6.000,220,220,129,600,600,50,0
1770,14,80,2,1,10,0,6,2,5.333,0.000,-5.333,220,220,179,600,600,50,0
1771,14,80,2,1,10,0,6,4,5.333,0.000,-5.333,220,220,229,600,600,50,0
1772,14,80,2,1,10,0,7,8,5.667,0.000,-5.667,220,220,279,600,600,50,0
1773,14,80,2,1,11,0,7,10,6.000,0.000,-6.000,220,220,329,600,600,50,0
1774,14,80,2,1,11,0,7,13,6.000,0.000,-6.000,220,220,379,600,600,50,0
1775,14,80,2,1,12,0,8,16,6.667,0.000,-6.667,220,220,429,600,600,50,0
1776,14,80,2,1,12,2,8,18,7.333,2.000,-5.333,220,220,479,600,600,50,0
1777,14,80,2,1,13,9,9,21,10.333,9.000,-1.333,220,220,529,600,600,50,0
1778,14,80,2,1,13,16,9,24,12.667,16.000,3.333,220,220,579,600,600,50,1
1779,14,80,2,1,13,23,9,27,15.000,23.000,8.000,220,220,629,600,600,50,0
1780,14,80,2,1,14,30,10,29,18.000,30.000,12.000,220,220,679,600,600,50,0
1781,14,80,2,1,14,37,10,32,20.333,37.000,16.667,220,220,729,600,600,50,0
1782,14,80,2,1,14,44,11,34,23.000,44.000,21.000,220,220,779,600,600,50,0
1783,14,80,2,1,15,52,11,37,26.000,52.000,26.000,220,220,829,600,600,50,0
1784,14,80,2,1,15,59,12,40,28.667,59.000,30.333,220,220,879,600,600,50,0
1785,14,80,2,1,16,66,12,43,31.333,66.000,34.667,220,220,929,600,600,50,0
1786,14,80,2,1,16,74,13,45,34.333,74.000,39.667,220,220,979,600,600,50,0
1787,14,80,2,1,17,82,13,48,37.333,82.000,44.667,220,220,1029,600,600,50,0
1788,14,80,2,1,16,88,13,50,39.000,88.000,49.000,220,220,1079,600,600,50,0
1789,14,80,2,1,20,96,14,53,43.333,96.000,52.667,220,220,1129,600,600,50,0
1790,14,80,2,1,17,104,14,56,45.000,104.000,59.000,220,220,1179,600,600,50,0
1791,14,81,3,1,74,15,12,45,33.667,74.000,40.333,220,220,80,600,600,50,0
1792,14,81,3,1,67,14,12,42,31.000,67.000,36.000,220,220,130,600,600,50,0
1793,14,81,3,1,59,13,12,39,28.000,59.000,31.000,220,220,180,600,600,50,0
1794,14,81,3,1,51,13,11,36,25.000,51.000,26.000,220,220,230,600,600,50,0
1795,14,81,3,1,44,12,10,33,22.000,44.000,22.000,220,220,280,600,600,50,0
1796,14,81,3,1,36,12,10,30,19.333,36.000,16.667,220,220,330,600,600,50,0
1797,14,81,3,1,29,11,10,28,16.667,29.000,12.333,220,220,380,600,600,50,0
1798,14,81,3,1,22,11,10,25,14.333,22.000,7.667,220,220,430,600,600,50,0
1799,14,81,3,1,15,11,9,22,11.667,15.000,3.333,220,220,480,600,600,50,0
1800,14,81,3,1,8,10,9,20,9.000,8.000,-1.000,220,220,530,575,575,50,1
1801,14,81,3,1,0,10,8,17,6.000,0.000,-6.000,220,220,580,575,575,50,0
1802,14,81,3,1,0,10,8,14,6.000,0.000,-6.000,220,220,630,575,575,50,0
1803,14,81,3,1,0,9,7,12,5.333,0.000,-5.333,220,220,680,575,575,50,0
1804,14,81,3,1,0,9,7,9,5.333,0.000,-5.333,220,220,730,575,575,50,0
1805,14,81,3,1,0,8,7,6,5.000,0.000,-5.000,220,220,780,575,575,50,0
1806,14,81,3,1,0,8,6,3,4.667,0.000,-4.667,220,220,830,575,575,50,0
1807,14,81,3,1,0,7,6,1,4.333,0.000,-4.333,220,220,880,575,575,50,0
1808,14,81,3,1,0,7,5,0,4.000,0.000,-4.000,220,220,930,575,575,50,0
1809,14,81,3,1,0,6,5,0,3.667,0.000,-3.667,220,220,980,575,575,50,0
1810,14,81,3,1,0,5,5,0,3.333,0.000,-3.333,220,220,1030,575,575,50,0
1811,14,81,3,1,0,5,4,0,3.000,0.000,-3.000,220,220,1080,575,575,50,0
1812,14,82,4,1,11,10,0,0,7.000,0.000,-7.000,220,220,54,575,575,50,0
1813,14,82,4,1,8,8,0,0,5.333,0.000,-5.333,220,220,104,575,575,50,0
1814,14,82,4,1,9,8,0,2,5.667,0.000,-5.667,220,220,154,575,575,50,0
1815,14,82,4,1,10,8,0,4,6.000,0.000,-6.000,220,220,204,575,575,50,0
1816,14,82,4,1,10,8,0,7,6.000,0.000,-6.000,220,220,254,575,575,50,0
1817,14,82,4,1,10,8,0,10,6.000,0.000,-6.000,220,220,304,575,575,50,0
1818,14,82,4,1,10,9,0,13,6.333,0.000,-6.333,220,220,354,575,575,50,0
1819,14,82,4,1,11,9,0,15,6.667,0.000,-6.667,220,220,404,575,575,50,0
1820,14,82,4,1,12,10,0,18,7.333,0.000,-7.333,220,220,454,575,575,50,0
1821,14,82,4,1,12,10,6,20,9.333,6.000,-3.333,220,220,504,575,575,50,0
1822,14,82,4,1,12,11,12,23,11.667,12.000,0.333,220,220,554,575,575,50,1
1823,14,82,4,1,13,11,19,26,14.333,19.000,4.667,220,220,604,575,575,50,0
1824,14,82,4,1,13,12,27,28,17.333,27.000,9.667,220,220,654,575,575,50,0
1825,14,82,4,1,13,12,33,30,19.333,33.000,13.667,220,220,704,575,575,50,0
1826,14,82,4,1,14,12,40,34,22.000,40.000,18.000,220,220,754,575,575,50,0
1827,14,82,4,1,17,13,47,36,25.667,47.000,21.333,220,220,804,575,575,50,0
1828,14,82,4,1,15,13,55,39,27.667,55.000,27.333,220,220,854,575,575,50,0
1829,14,82,4,1,15,13,62,42,30.000,62.000,32.000,220,220,904,575,575,50,0
1830,14,82,4,1,15,14,69,44,32.667,69.000,36.333,220,220,954,575,575,50,0
1831,14,82,4,1,16,14,76,47,35.333,76.000,40.667,220,220,1004,575,575,50,0
1832,14,82,4,1,16,15,84,50,38.333,84.000,45.667,220,220,1054,575,575,50,0
1833,14,82,4,1,17,15,90,52,40.667,90.000,49.333,220,220,1104,575,575,50,0
1834,14,83,5,1,12,83,13,47,36.000,83.000,47.000,220,220,54,575,575,50,0
1835,14,83,5,1,16,79,14,47,36.333,79.000,42.667,220,220,104,575,575,50,0
1836,14,83,5,1,16,71,13,45,33.333,71.000,37.667,220,220,154,575,575,50,0
1837,14,83,5,1,16,63,12,42,30.333,63.000,32.667,220,220,204,575,575,50,0
1838,14,83,5,1,15,55,12,38,27.333,55.000,27.667,220,220,254,575,575,50,0
1839,14,83,5,1,15,48,12,36,25.000,48.000,23.000,220,220,304,575,575,50,0
1840,14,83,5,1,14,41,11,33,22.000,41.000,19.000,220,220,354,575,575,50,0
1841,14,83,5,1,14,34,11,30,19.667,34.000,14.333,220,220,404,575,575,50,0
1842,14,83,5,1,13,26,10,28,16.333,26.000,9.667,220,220,454,575,575,50,0
1843,14,83,5,1,13,19,10,25,14.000,19.000,5.000,220,220,504,575,575,50,0
1844,14,83,5,1,13,12,9,23,11.333,12.000,0.667,220,220,554,575,575,50,0
1845,14,83,5,1,12,5,9,20,8.667,5.000,-3.667,220,220,604,600,600,50,1
1846,14,83,5,1,11,0,9,17,6.667,0.000,-6.667,220,220,654,600,600,50,0
1847,14,83,5,1,14,0,8,15,7.333,0.000,-7.333,220,220,704,600,600,50,0
1848,14,83,5,1,11,0,8,12,6.333,0.000,-6.333,220,220,754,600,600,50,0
1849,14,83,5,1,10,0,7,9,5.667,0.000,-5.667,220,220,804,600,600,50,0
1850,14,83,5,1,10,0,7,6,5.667,0.000,-5.667,220,220,854,600,600,50,0
1851,14,83,5,1,9,0,6,4,5.000,0.000,-5.000,220,220,904,600,600,50,0
1852,14,83,5,1,9,0,5,0,4.667,0.000,-4.667,220,220,954,600,600,50,0
1853,14,83,5,1,8,0,5,0,4.333,0.000,-4.333,220,220,1004,600,600,50,0
1854,14,83,5,1,8,0,5,0,4.333,0.000,-4.333,220,220,1054,600,600,50,0
1855,14,83,5,1,7,0,5,0,4.000,0.000,-4.000,220,220,1104,600,600,50,0
1856,14,83,5,1,7,0,4,0,3.667,0.000,-3.667,220,220,1154,600,600,50,0
1857,14,83,5,1,6,0,3,0,3.000,0.000,-3.000,220,220,1204,600,600,50,0
1858,14,84,6,1,0,6,7,0,4.333,0.000,-4.333,220,220,79,600,600,50,0
1859,14,84,6,1,0,6,6,1,4.000,0.000,-4.000,220,220,129,600,600,50,0
1860,14,84,6,1,0,8,7,4,5.000,0.000,-5.000,220,220,179,600,600,50,0
1861,14,84,6,1,0,8,7,7,5.000,0.000,-5.000,220,220,229,600,600,50,0
1862,14,84,6,1,0,8,8,10,5.333,0.000,-5.333,220,220,279,600,600,50,0
1863,14,84,6,1,0,9,8,12,5.667,0.000,-5.667,220,220,329,600,600,50,0
1864,14,84,6,1,0,9,8,15,5.667,0.000,-5.667,220,220,379,600,600,50,0
1865,14,84,6,1,2,10,9,18,7.000,2.000,-5.000,220,220,429,600,600,50,0
1866,14,84,6,1,12,10,9,21,10.333,12.000,1.667,220,220,479,550,550,50,1
1867,14,84,6,1,16,10,9,23,11.667,16.000,4.333,220,220,529,550,550,50,0
1868,14,84,6,1,23,10,10,26,14.333,23.000,8.667,220,220,579,550,550,50,0
1869,14,84,6,1,30,11,10,28,17.000,30.000,13.000,220,220,629,550,550,50,0
1870,14,84,6,1,37,11,10,31,19.333,37.000,17.667,220,220,679,550,550,50,0
1871,14,84,6,1,43,12,11,34,22.000,43.000,21.000,220,220,729,550,550,50,0
1872,14,84,6,1,51,12,11,36,24.667,51.000,26.333,220,220,779,550,550,50,0
1873,14,84,6,1,59,13,12,39,28.000,59.000,31.000,220,220,829,550,550,50,0
1874,14,84,6,1,66,14,12,41,30.667,66.000,35.333,220,220,879,550,550,50,0
1875,14,84,6,1,73,14,12,44,33.000,73.000,40.000,220,220,929,550,550,50,0
1876,14,84,6,1,80,14,13,47,35.667,80.000,44.333,220,220,979,550,550,50,0
1877,14,84,6,1,88,15,13,50,38.667,88.000,49.333,220,220,1029,550,550,50,0
1878,15,85,1,1,18,15,85,51,39.333,85.000,45.667,220,220,78,550,550,50,0
1879,15,85,1,1,17,14,78,48,36.333,78.000,41.667,220,220,128,550,550,50,0
1880,15,85,1,1,16,14,70,44,33.333,70.000,36.667,220,220,178,550,550,50,0
1881,15,85,1,1,16,13,63,42,30.667,63.000,32.333,220,220,228,550,550,50,0
1882,15,85,1,1,16,13,55,39,28.000,55.000,27.000,220,220,278,550,550,50,0
1883,15,85,1,1,15,12,47,36,24.667,47.000,22.333,220,220,328,550,550,50,0
1884,15,85,1,1,18,12,40,34,23.333,40.000,16.667,220,220,378,550,550,50,0
1885,15,85,1,1,14,11,33,31,19.333,33.000,13.667,220,220,428,550,550,50,0
1886,15,85,1,1,14,11,26,28,17.000,26.000,9.000,220,220,478,550,550,50,0
1887,15,85,1,1,13,11,19,25,14.333,19.000,4.667,220,220,528,550,550,50,0
1888,15,85,1,1,13,10,12,23,11.667,12.000,0.333,220,220,578,550,550,50,0
1889,15,85,1,1,13,10,5,20,9.333,5.000,-4.333,220,220,628,600,600,50,1
1890,15,85,1,1,12,9,0,18,7.000,0.000,-7.000,220,220,678,600,600,50,0
1891,15,85,1,1,12,9,0,15,7.000,0.000,-7.000,220,220,728,600,600,50,0
1892,15,85,1,1,11,9,0,13,6.667,0.000,-6.667,220,220,778,600,600,50,0
1893,15,85,1,1,11,8,0,10,6.333,0.000,-6.333,220,220,828,600,600,50,0
1894,15,85,1,1,10,8,0,7,6.000,0.000,-6.000,220,220,878,600,600,50,0
1895,15,85,1,1,10,7,0,4,5.667,0.000,-5.667,220,220,928,600,600,50,0
1896,15,85,1,1,10,7,0,1,5.667,0.000,-5.667,220,220,978,600,600,50,0
1897,15,85,1,1,9,7,0,0,5.333,0.000,-5.333,220,220,1028,600,600,50,0
1898,15,85,1,1,8,6,0,0,4.667,0.000,-4.667,220,220,1078,600,600,50,0
1899,15,85,1,1,8,6,0,0,4.667,0.000,-4.667,220,220,1128,600,600,50,0
1900,15,85,1,1,7,6,0,0,4.333,0.000,-4.333,220,220,1178,600,600,50,0
1901,15,85,1,1,6,5,0,0,3.667,0.000,-3.667,220,220,1228,600,600,50,0
1902,15,86,2,1,9,0,4,0,4.333,0.000,-4.333,220,220,79,600,600,50,0
1903,15,86,2,1,9,0,5,0,4.667,0.000,-4.667,220,220,129,600,600,50,0
1904,15,86,2,1,13,0,6,3,6.333,0.000,-6.333,220,220,179,600,600,50,0
1905,15,86,2,1,10,0,6,5,5.333,0.000,-5.333,220,220,229,600,600,50,0
1906,15,86,2,1,10,0,7,8,5.667,0.000,-5.667,220,220,279,600,600,50,0
1907,15,86,2,1,11,0,7,11,6.000,0.000,-6.000,220,220,329,600,600,50,0
1908,15,86,2,1,11,0,8,13,6.333,0.000,-6.333,220,220,379,600,600,50,0
1909,15,86,2,1,12,0,8,16,6.667,0.000,-6.667,220,220,429,600,600,50,0
1910,15,86,2,1,12,2,8,19,7.333,2.000,-5.333,220,220,479,600,600,50,0
1911,15,86,2,1,13,9,9,21,10.333,9.000,-1.333,220,220,529,600,600,50,0
1912,15,86,2,1,13,16,9,24,12.667,16.000,3.333,220,220,579,600,600,50,1
1913,15,86,2,1,14,23,9,26,15.333,23.000,7.667,220,220,629,600,600,50,0
1914,15,86,2,1,14,29,10,29,17.667,29.000,11.333,220,220,679,600,600,50,0
1915,15,86,2,1,14,37,11,31,20.667,37.000,16.333,220,220,729,600,600,50,0
1916,15,86,2,1,15,44,11,34,23.333,44.000,20.667,220,220,779,600,600,50,0
1917,15,86,2,1,15,51,11,37,25.667,51.000,25.333,220,220,829,600,600,50,0
1918,15,86,2,1,16,59,12,39,29.000,59.000,30.000,220,220,879,600,600,50,0
1919,15,86,2,1,16,66,12,43,31.333,66.000,34.667,220,220,929,600,600,50,0
1920,15,86,2,1,16,74,12,45,34.000,74.000,40.000,220,220,979,600,600,50,0
1921,15,86,2,1,17,81,13,48,37.000,81.000,44.000,220,220,1029,600,600,50,0
1922,15,86,2,1,17,89,14,50,40.000,89.000,49.000,220,220,1079,600,600,50,0
1923,15,86,2,1,20,97,14,54,43.667,97.000,53.333,220,220,1129,600,600,50,0
1924,15,86,2,1,17,104,14,57,45.000,104.000,59.000,220,220,1179,600,600,50,0
1925,15,87,3,1,78,15,12,46,35.000,78.000,43.000,220,220,80,600,600,50,0
1926,15,87,3,1,70,14,12,43,32.000,70.000,38.000,220,220,130,600,600,50,0
1927,15,87,3,1,62,13,12,40,29.000,62.000,33.000,220,220,180,600,600,50,0
1928,15,87,3,1,54,13,11,37,26.000,54.000,28.000,220,220,230,600,600,50,0
1929,15,87,3,1,46,12,11,34,23.000,46.000,23.000,220,220,280,600,600,50,0
1930,15,87,3,1,38,12,11,31,20.333,38.000,17.667,220,220,330,600,600,50,0
1931,15,87,3,1,30,11,10,28,17.000,30.000,13.000,220,220,380,600,600,50,0
1932,15,87,3,1,23,11,9,26,14.333,23.000,8.667,220,220,430,600,600,50,0
1933,15,87,3,1,16,11,9,23,12.000,16.000,4.000,220,220,480,600,600,50,0
1934,15,87,3,1,9,10,9,20,9.333,9.000,-0.333,220,220,530,600,600,50,1
1935,15,87,3,1,1,10,8,17,6.333,1.000,-5.333,220,220,580,600,600,50,0
1936,15,87,3,1,0,9,8,14,5.667,0.000,-5.667,220,220,630,600,600,50,0
1937,15,87,3,1,0,9,8,12,5.667,0.000,-5.667,220,220,680,600,600,50,0
1938,15,87,3,1,0,9,7,9,5.333,0.000,-5.333,220,220,730,600,600,50,0
1939,15,87,3,1,0,8,7,6,5.000,0.000,-5.000,220,220,780,600,600,50,0
1940,15,87,3,1,0,8,6,4,4.667,0.000,-4.667,220,220,830,600,600,50,0
1941,15,87,3,1,0,7,6,1,4.333,0.000,-4.333,220,220,880,600,600,50,0
1942,15,87,3,1,0,7,5,0,4.000,0.000,-4.000,220,220,930,600,600,50,0
1943,15,87,3,1,0,6,5,0,3.667,0.000,-3.667,220,220,980,600,600,50,0
1944,15,87,3,1,0,6,5,0,3.667,0.000,-3.667,220,220,1030,600,600,50,0
1945,15,87,3,1,0,5,4,0,3.000,0.000,-3.000,220,220,1080,600,600,50,0
1946,15,87,3,1,0,4,4,0,2.667,0.000,-2.667,220,220,1130,600,600,50,0
1947,15,87,3,1,0,4,4,0,2.667,0.000,-2.667,220,220,1180,600,600,50,0
1948,15,88,4,1,9,8,0,1,5.667,0.000,-5.667,220,220,80,600,600,50,0
1949,15,88,4,1,9,8,0,4,5.667,0.000,-5.667,220,220,130,600,600,50,0
1950,15,88,4,1,10,8,0,7,6.000,0.000,-6.000,220,220,180,600,600,50,0
1951,15,88,4,1,10,8,0,9,6.000,0.000,-6.000,220,220,230,600,600,50,0
1952,15,88,4,1,10,9,0,12,6.333,0.000,-6.333,220,220,280,600,600,50,0
1953,15,88,4,1,11,9,0,14,6.667,0.000,-6.667,220,220,330,600,600,50,0
1954,15,88,4,1,11,10,0,18,7.000,0.000,-7.000,220,220,380,600,600,50,0
1955,15,88,4,1,11,10,5,20,8.667,5.000,-3.667,220,220,430,600,600,50,0
1956,15,88,4,1,12,11,11,23,11.333,11.000,-0.333,220,220,480,600,600,50,0
1957,15,88,4,1,13,11,18,25,14.000,18.000,4.000,220,220,530,575,575,50,1
1958,15,88,4,1,13,11,26,27,16.667,26.000,9.333,220,220,580,575,575,50,0
1959,15,88,4,1,13,12,32,30,19.000,32.000,13.000,220,220,630,575,575,50,0
1960,15,88,4,1,14,12,39,33,21.667,39.000,17.333,220,220,680,575,575,50,0
1961,15,88,4,1,17,13,47,36,25.667,47.000,21.333,220,220,730,575,575,50,0
1962,15,88,4,1,15,13,55,39,27.667,55.000,27.333,220,220,780,575,575,50,0
1963,15,88,4,1,15,13,62,42,30.000,62.000,32.000,220,220,830,575,575,50,0
1964,15,88,4,1,16,14,69,44,33.000,69.000,36.000,220,220,880,575,575,50,0
1965,15,88,4,1,16,14,77,47,35.667,77.000,41.333,220,220,930,575,575,50,0
1966,15,88,4,1,17,14,84,50,38.333,84.000,45.667,220,220,980,575,575,50,0
1967,15,88,4,1,17,15,92,53,41.333,92.000,50.667,220,220,1030,575,575,50,0
1968,15,88,4,1,17,15,100,55,44.000,100.000,56.000,220,220,1080,575,575,50,0
1969,15,89,5,1,12,73,12,43,32.333,73.000,40.667,220,220,54,575,575,50,0
1970,15,89,5,1,15,68,13,44,32.000,68.000,36.000,220,220,104,575,575,50,0
1971,15,89,5,1,15,60,13,41,29.333,60.000,30.667,220,220,154,575,575,50,0
1972,15,89,5,1,15,53,12,38,26.667,53.000,26.333,220,220,204,575,575,50,0
1973,15,89,5,1,14,45,11,35,23.333,45.000,21.667,220,220,254,575,575,50,0
1974,15,89,5,1,14,38,11,32,21.000,38.000,17.000,220,220,304,575,575,50,0
1975,15,89,5,1,14,31,10,29,18.333,31.000,12.667,220,220,354,575,575,50,0
1976,15,89,5,1,13,23,10,26,15.333,23.000,7.667,220,220,404,575,575,50,0
1977,15,89,5,1,12,16,9,24,12.333,16.000,3.667,220,220,454,575,575,50,0
1978,15,89,5,1,12,10,9,22,10.333,10.000,-0.333,220,220,504,575,575,50,1
1979,15,89,5,1,12,3,9,19,8.000,3.000,-5.000,220,220,554,575,575,50,0
1980,15,89,5,1,11,0,8,17,6.333,0.000,-6.333,220,220,604,575,575,50,0
1981,15,89,5,1,14,0,8,14,7.333,0.000,-7.333,220,220,654,575,575,50,0
1982,15,89,5,1,10,0,8,11,6.000,0.000,-6.000,220,220,704,575,575,50,0
1983,15,89,5,1,10,0,8,9,6.000,0.000,-6.000,220,220,754,575,575,50,0
1984,15,89,5,1,10,0,7,6,5.667,0.000,-5.667,220,220,804,575,575,50,0
1985,15,89,5,1,9,0,7,3,5.333,0.000,-5.333,220,220,854,575,575,50,0
1986,15,89,5,1,9,0,5,0,4.667,0.000,-4.667,220,220,904,575,575,50,0
1987,15,89,5,1,9,0,6,0,5.000,0.000,-5.000,220,220,954,575,575,50,0
1988,15,89,5,1,8,0,5,0,4.333,0.000,-4.333,220,220,1004,575,575,50,0
1989,15,89,5,1,7,0,5,0,4.000,0.000,-4.000,220,220,1054,575,575,50,0
1990,15,89,5,1,7,0,4,0,3.667,0.000,-3.667,220,220,1104,575,575,50,0
1991,15,90,6,1,0,7,8,0,5.000,0.000,-5.000,220,220,54,575,575,50,0
1992,15,90,6,1,0,6,7,0,4.333,0.000,-4.333,220,220,104,575,575,50,0
1993,15,90,6,1,0,7,6,1,4.333,0.000,-4.333,220,220,154,575,575,50,0
1994,15,90,6,1,0,7,7,4,4.667,0.000,-4.667,220,220,204,575,575,50,0
1995,15,90,6,1,0,8,7,6,5.000,0.000,-5.000,220,220,254,575,575,50,0
1996,15,90,6,1,0,8,7,9,5.000,0.000,-5.000,220,220,304,575,575,50,0
1997,15,90,6,1,0,9,8,12,5.667,0.000,-5.667,220,220,354,575,575,50,0
1998,15,90,6,1,0,9,8,15,5.667,0.000,-5.667,220,220,404,575,575,50,0
1999,15,90,6,1,4,9,9,18,7.333,4.000,-3.333,220,220,454,575,575,50,0
2000,15,90,6,1,8,10,9,20,9.000,8.000,-1.000,220,220,504,575,575,50,0
2001,15,90,6,1,15,10,9,23,11.333,15.000,3.667,220,220,554,575,575,50,1
2002,15,90,6,1,22,10,10,25,14.000,22.000,8.000,220,220,604,575,575,50,0
2003,15,90,6,1,30,11,10,28,17.000,30.000,13.000,220,220,654,575,575,50,0
2004,15,90,6,1,37,12,10,31,19.667,37.000,17.333,220,220,704,575,575,50,0
2005,15,90,6,1,44,12,11,34,22.333,44.000,21.667,220,220,754,575,575,50,0
2006,15,90,6,1,52,13,11,37,25.333,52.000,26.667,220,220,804,575,575,50,0
2007,15,90,6,1,60,13,12,39,28.333,60.000,31.667,220,220,854,575,575,50,0
2008,15,90,6,1,67,13,12,42,30.667,67.000,36.333,220,220,904,575,575,50,0
2009,15,90,6,1,74,13,12,45,33.000,74.000,41.000,220,220,954,575,575,50,0
2010,15,90,6,1,81,14,13,47,36.000,81.000,45.000,220,220,1004,575,575,50,0
2011,15,90,6,1,89,15,13,50,39.000,89.000,50.000,220,220,1054,575,575,50,0
2012,15,90,6,1,96,14,13,52,41.000,96.000,55.000,220,220,1104,575,575,50,0
2013,16,91,1,1,15,11,78,45,34.667,78.000,43.333,220,220,54,575,575,50,0
2014,16,91,1,1,18,13,72,46,34.333,72.000,37.667,220,220,104,575,575,50,0
2015,16,91,1,1,17,14,64,43,31.667,64.000,32.333,220,220,154,575,575,50,0
2016,16,91,1,1,16,13,56,40,28.333,56.000,27.667,220,220,204,575,575,50,0
2017,16,91,1,1,15,12,48,36,25.000,48.000,23.000,220,220,254,575,575,50,0
2018,16,91,1,1,14,12,40,34,22.000,40.000,18.000,220,220,304,575,575,50,0
2019,16,91,1,1,17,12,33,31,20.667,33.000,12.333,220,220,354,575,575,50,0
2020,16,91,1,1,14,11,26,29,17.000,26.000,9.000,220,220,404,575,575,50,0
2021,16,91,1,1,13,10,19,25,14.000,19.000,5.000,220,220,454,575,575,50,0
2022,16,91,1,1,13,10,13,23,12.000,13.000,1.000,220,220,504,575,575,50,0
2023,16,91,1,1,13,10,6,21,9.667,6.000,-3.667,220,220,554,575,575,50,1
2024,16,91,1,1,12,10,0,18,7.333,0.000,-7.333,220,220,604,575,575,50,0
2025,16,91,1,1,12,10,0,15,7.333,0.000,-7.333,220,220,654,575,575,50,0
2026,16,91,1,1,11,9,0,13,6.667,0.000,-6.667,220,220,704,575,575,50,0
2027,16,91,1,1,11,8,0,10,6.333,0.000,-6.333,220,220,754,575,575,50,0
2028,16,91,1,1,10,8,0,8,6.000,0.000,-6.000,220,220,804,575,575,50,0
2029,16,91,1,1,10,8,0,5,6.000,0.000,-6.000,220,220,854,575,575,50,0
2030,16,91,1,1,9,7,0,2,5.333,0.000,-5.333,220,220,904,575,575,50,0
2031,16,91,1,1,9,7,0,0,5.333,0.000,-5.333,220,220,954,575,575,50,0
2032,16,91,1,1,8,7,0,0,5.000,0.000,-5.000,220,220,1004,575,575,50,0
2033,16,91,1,1,8,6,0,0,4.667,0.000,-4.667,220,220,1054,575,575,50,0
2034,16,91,1,1,7,5,0,0,4.000,0.000,-4.000,220,220,1104,575,575,50,0
2035,16,92,2,1,13,0,5,0,6.000,0.000,-6.000,220,220,54,575,575,50,0
2036,16,92,2,1,9,0,4,0,4.333,0.000,-4.333,220,220,104,575,575,50,0
2037,16,92,2,1,13,0,5,0,6.000,0.000,-6.000,220,220,154,575,575,50,0
2038,16,92,2,1,10,0,6,3,5.333,0.000,-5.333,220,220,204,575,575,50,0
2039,16,92,2,1,10,0,6,5,5.333,0.000,-5.333,220,220,254,575,575,50,0
2040,16,92,2,1,10,0,7,8,5.667,0.000,-5.667,220,220,304,575,575,50,0
2041,16,92,2,1,11,0,7,11,6.000,0.000,-6.000,220,220,354,575,575,50,0
2042,16,92,2,1,11,0,8,14,6.333,0.000,-6.333,220,220,404,575,575,50,0
2043,16,92,2,1,12,0,8,16,6.667,0.000,-6.667,220,220,454,575,575,50,0
2044,16,92,2,1,12,4,8,20,8.000,4.000,-4.000,220,220,504,575,575,50,0
2045,16,92,2,1,13,11,9,22,11.000,11.000,0.000,220,220,554,575,575,50,1
2046,16,92,2,1,13,18,9,25,13.333,18.000,4.667,220,220,604,600,600,50,0
2047,16,92,2,1,14,25,10,27,16.333,25.000,8.667,220,220,654,600,600,50,0
2048,16,92,2,1,14,32,10,30,18.667,32.000,13.333,220,220,704,600,600,50,0
2049,16,92,2,1,14,39,11,32,21.333,39.000,17.667,220,220,754,600,600,50,0
2050,16,92,2,1,15,47,11,36,24.333,47.000,22.667,220,220,804,600,600,50,0
2051,16,92,2,1,15,54,11,38,26.667,54.000,27.333,220,220,854,600,600,50,0
2052,16,92,2,1,16,61,12,41,29.667,61.000,31.333,220,220,904,600,600,50,0
2053,16,92,2,1,16,69,12,44,32.333,69.000,36.667,220,220,954,600,600,50,0
2054,16,92,2,1,17,77,13,46,35.667,77.000,41.333,220,220,1004,600,600,50,0
2055,16,92,2,1,16,84,13,49,37.667,84.000,46.333,220,220,1054,600,600,50,0
2056,16,92,2,1,17,92,13,52,40.667,92.000,51.333,220,220,1104,600,600,50,0
2057,16,92,2,1,20,100,14,55,44.667,100.000,55.333,220,220,1154,600,600,50,0
2058,16,92,2,1,17,108,14,58,46.333,108.000,61.667,220,220,1204,600,600,50,0
2059,16,93,3,1,75,15,12,45,34.000,75.000,41.000,220,220,80,600,600,50,0
2060,16,93,3,1,67,14,12,42,31.000,67.000,36.000,220,220,130,600,600,50,0
2061,16,93,3,1,59,13,12,39,28.000,59.000,31.000,220,220,180,600,600,50,0
2062,16,93,3,1,50,13,11,36,24.667,50.000,25.333,220,220,230,600,600,50,0
2063,16,93,3,1,43,12,10,33,21.667,43.000,21.333,220,220,280,600,600,50,0
2064,16,93,3,1,36,12,10,30,19.333,36.000,16.667,220,220,330,600,600,50,0
2065,16,93,3,1,29,11,10,28,16.667,29.000,12.333,220,220,380,600,600,50,0
2066,16,93,3,1,21,11,10,25,14.000,21.000,7.000,220,220,430,600,600,50,0
2067,16,93,3,1,15,11,9,23,11.667,15.000,3.333,220,220,480,600,600,50,0
2068,16,93,3,1,8,11,9,20,9.333,8.000,-1.333,220,220,530,575,575,50,1
2069,16,93,3,1,1,10,8,18,6.333,1.000,-5.333,220,220,580,575,575,50,0
2070,16,93,3,1,0,10,8,14,6.000,0.000,-6.000,220,220,630,575,575,50,0
2071,16,93,3,1,0,9,8,12,5.667,0.000,-5.667,220,220,680,575,575,50,0
2072,16,93,3,1,0,9,7,9,5.333,0.000,-5.333,220,220,730,575,575,50,0
2073,16,93,3,1,0,8,7,6,5.000,0.000,-5.000,220,220,780,575,575,50,0
2074,16,93,3,1,0,8,6,4,4.667,0.000,-4.667,220,220,830,575,575,50,0
2075,16,93,3,1,0,7,6,1,4.333,0.000,-4.333,220,220,880,575,575,50,0
2076,16,93,3,1,0,7,6,0,4.333,0.000,-4.333,220,220,930,575,575,50,0
2077,16,93,3,1,0,6,5,0,3.667,0.000,-3.667,220,220,980,575,575,50,0
2078,16,93,3,1,0,6,5,0,3.667,0.000,-3.667,220,220,1030,575,575,50,0
2079,16,93,3,1,0,5,4,0,3.000,0.000,-3.000,220,220,1080,575,575,50,0
2080,16,94,4,1,10,10,0,0,6.667,0.000,-6.667,220,220,54,575,575,50,0
2081,16,94,4,1,8,8,0,0,5.333,0.000,-5.333,220,220,104,575,575,50,0
2082,16,94,4,1,9,8,0,0,5.667,0.000,-5.667,220,220,154,575,575,50,0
2083,16,94,4,1,10,8,0,3,6.000,0.000,-6.000,220,220,204,575,575,50,0
2084,16,94,4,1,10,7,0,6,5.667,0.000,-5.667,220,220,254,575,575,50,0
2085,16,94,4,1,10,9,0,9,6.333,0.000,-6.333,220,220,304,575,575,50,0
2086,16,94,4,1,10,9,0,12,6.333,0.000,-6.333,220,220,354,575,575,50,0
2087,16,94,4,1,11,9,0,14,6.667,0.000,-6.667,220,220,404,575,575,50,0
2088,16,94,4,1,11,9,0,18,6.667,0.000,-6.667,220,220,454,575,575,50,0
2089,16,94,4,1,12,10,5,20,9.000,5.000,-4.000,220,220,504,575,575,50,0
2090,16,94,4,1,12,11,11,22,11.333,11.000,-0.333,220,220,554,575,575,50,0
2091,16,94,4,1,13,11,19,25,14.333,19.000,4.667,220,220,604,600,600,50,1
2092,16,94,4,1,13,11,26,28,16.667,26.000,9.333,220,220,654,600,600,50,0
2093,16,94,4,1,13,12,32,30,19.000,32.000,13.000,220,220,704,600,600,50,0
2094,16,94,4,1,14,12,40,34,22.000,40.000,18.000,220,220,754,600,600,50,0
2095,16,94,4,1,17,12,47,37,25.333,47.000,21.667,220,220,804,600,600,50,0
2096,16,94,4,1,15,13,54,39,27.333,54.000,26.667,220,220,854,600,600,50,0
2097,16,94,4,1,15,13,61,41,29.667,61.000,31.333,220,220,904,600,600,50,0
2098,16,94,4,1,16,13,68,44,32.333,68.000,35.667,220,220,954,600,600,50,0
2099,16,94,4,1,16,15,76,46,35.667,76.000,40.333,220,220,1004,600,600,50,0
2100,16,94,4,1,17,15,83,49,38.333,83.000,44.667,220,220,1054,600,600,50,0
2101,16,94,4,1,17,15,90,52,40.667,90.000,49.333,220,220,1104,600,600,50,0
2102,16,94,4,1,17,15,97,54,43.000,97.000,54.000,220,220,1154,600,600,50,0
2103,16,94,4,1,18,15,105,57,46.000,105.000,59.000,220,220,1204,600,600,50,0
2104,16,95,5,1,16,68,13,43,32.333,68.000,35.667,220,220,79,600,600,50,0
2105,16,95,5,1,16,61,12,41,29.667,61.000,31.333,220,220,129,600,600,50,0
2106,16,95,5,1,15,53,11,38,26.333,53.000,26.667,220,220,179,600,600,50,0
2107,16,95,5,1,15,45,11,35,23.667,45.000,21.333,220,220,229,600,600,50,0
2108,16,95,5,1,14,38,11,32,21.000,38.000,17.000,220,220,279,600,600,50,0
2109,16,95,5,1,14,31,10,29,18.333,31.000,12.667,220,220,329,600,600,50,0
2110,16,95,5,1,13,24,10,27,15.667,24.000,8.333,220,220,379,600,600,50,0
2111,16,95,5,1,13,17,10,24,13.333,17.000,3.667,220,220,429,600,600,50,0
2112,16,95,5,1,12,10,9,22,10.333,10.000,-0.333,220,220,479,600,600,50,1
2113,16,95,5,1,12,4,8,19,8.000,4.000,-4.000,220,220,529,575,575,50,0
2114,16,95,5,1,15,0,9,17,8.000,0.000,-8.000,220,220,579,575,575,50,0
2115,16,95,5,1,11,0,8,14,6.333,0.000,-6.333,220,220,629,575,575,50,0
2116,16,95,5,1,10,0,7,11,5.667,0.000,-5.667,220,220,679,575,575,50,0
2117,16,95,5,1,10,0,7,9,5.667,0.000,-5.667,220,220,729,575,575,50,0
2118,16,95,5,1,10,0,7,5,5.667,0.000,-5.667,220,220,779,575,575,50,0
2119,16,95,5,1,9,0,6,3,5.000,0.000,-5.000,220,220,829,575,575,50,0
2120,16,95,5,1,9,0,6,0,5.000,0.000,-5.000,220,220,879,575,575,50,0
2121,16,95,5,1,8,0,5,0,4.333,0.000,-4.333,220,220,929,575,575,50,0
2122,16,95,5,1,8,0,5,0,4.333,0.000,-4.333,220,220,979,575,575,50,0
2123,16,95,5,1,7,0,4,0,3.667,0.000,-3.667,220,220,1029,575,575,50,0
2124,16,95,5,1,7,0,3,0,3.333,0.000,-3.333,220,220,1079,575,575,50,0
2125,16,96,6,1,0,8,8,0,5.333,0.000,-5.333,220,220,54,575,575,50,0
2126,16,96,6,1,0,6,7,0,4.333,0.000,-4.333,220,220,104,575,575,50,0
2127,16,96,6,1,0,6,6,2,4.000,0.000,-4.000,220,220,154,575,575,50,0
2128,16,96,6,1,0,7,7,5,4.667,0.000,-4.667,220,220,204,575,575,50,0
2129,16,96,6,1,0,8,7,8,5.000,0.000,-5.000,220,220,254,575,575,50,0
2130,16,96,6,1,0,8,8,10,5.333,0.000,-5.333,220,220,304,575,575,50,0
2131,16,96,6,1,0,9,8,14,5.667,0.000,-5.667,220,220,354,575,575,50,0
2132,16,96,6,1,0,9,8,16,5.667,0.000,-5.667,220,220,404,575,575,50,0
2133,16,96,6,1,8,10,8,19,8.667,8.000,-0.667,220,220,454,575,575,50,0
2134,16,96,6,1,11,10,9,21,10.000,11.000,1.000,220,220,504,550,550,50,1
2135,16,96,6,1,18,11,9,24,12.667,18.000,5.333,220,220,554,550,550,50,0
2136,16,96,6,1,25,11,10,26,15.333,25.000,9.667,220,220,604,550,550,50,0
2137,16,96,6,1,32,11,10,29,17.667,32.000,14.333,220,220,654,550,550,50,0
2138,16,96,6,1,39,12,11,32,20.667,39.000,18.333,220,220,704,550,550,50,0
2139,16,96,6,1,46,12,11,34,23.000,46.000,23.000,220,220,754,550,550,50,0
2140,16,96,6,1,54,12,11,37,25.667,54.000,28.333,220,220,804,550,550,50,0
2141,16,96,6,1,61,13,12,40,28.667,61.000,32.333,220,220,854,550,550,50,0
2142,16,96,6,1,68,13,12,42,31.000,68.000,37.000,220,220,904,550,550,50,0
2143,16,96,6,1,75,14,12,45,33.667,75.000,41.333,220,220,954,550,550,50,0
2144,16,96,6,1,82,14,12,47,36.000,82.000,46.000,220,220,1004,550,550,50,0
2145,16,96,6,1,89,15,13,50,39.000,89.000,50.000,220,220,1054,550,550,50,0
2146,17,97,1,1,18,14,86,51,39.333,86.000,46.667,220,220,79,550,550,50,0
2147,17,97,1,1,17,14,79,49,36.667,79.000,42.333,220,220,129,550,550,50,0
2148,17,97,1,1,16,14,72,46,34.000,72.000,38.000,220,220,179,550,550,50,0
2149,17,97,1,1,16,14,65,42,31.667,65.000,33.333,220,220,229,550,550,50,0
2150,17,97,1,1,15,13,57,40,28.333,57.000,28.667,220,220,279,550,550,50,0
2151,17,97,1,1,15,13,50,37,26.000,50.000,24.000,220,220,329,550,550,50,0
2152,17,97,1,1,18,12,42,35,24.000,42.000,18.000,220,220,379,550,550,50,0
2153,17,97,1,1,14,12,35,32,20.333,35.000,14.667,220,220,429,550,550,50,0
2154,17,97,1,1,14,11,28,29,17.667,28.000,10.333,220,220,479,550,550,50,0
2155,17,97,1,1,14,11,21,26,15.333,21.000,5.667,220,220,529,550,550,50,0
2156,17,97,1,1,13,11,14,24,12.667,14.000,1.333,220,220,579,550,550,50,0
2157,17,97,1,1,13,10,7,21,10.000,7.000,-3.000,220,220,629,600,600,50,1
2158,17,97,1,1,13,10,0,18,7.667,0.000,-7.667,220,220,679,600,600,50,0
2159,17,97,1,1,12,9,0,16,7.000,0.000,-7.000,220,220,729,600,600,50,0
2160,17,97,1,1,11,9,0,13,6.667,0.000,-6.667,220,220,779,600,600,50,0
2161,17,97,1,1,11,9,0,10,6.667,0.000,-6.667,220,220,829,600,600,50,0
2162,17,97,1,1,11,8,0,7,6.333,0.000,-6.333,220,220,879,600,600,50,0
2163,17,97,1,1,10,8,0,4,6.000,0.000,-6.000,220,220,929,600,600,50,0
2164,17,97,1,1,9,7,0,2,5.333,0.000,-5.333,220,220,979,600,600,50,0
2165,17,97,1,1,9,7,0,0,5.333,0.000,-5.333,220,220,1029,600,600,50,0
2166,17,97,1,1,9,6,0,0,5.000,0.000,-5.000,220,220,1079,600,600,50,0
2167,17,97,1,1,8,6,0,0,4.667,0.000,-4.667,220,220,1129,600,600,50,0
2168,17,97,1,1,7,5,0,0,4.000,0.000,-4.000,220,220,1179,600,600,50,0
2169,17,97,1,1,6,5,0,0,3.667,0.000,-3.667,220,220,1229,600,600,50,0
2170,17,98,2,1,10,0,4,0,4.667,0.000,-4.667,220,220,79,600,600,50,0
2171,17,98,2,1,13,0,5,1,6.000,0.000,-6.000,220,220,129,600,600,50,0
2172,17,98,2,1,10,0,6,2,5.333,0.000,-5.333,220,220,179,600,600,50,0
2173,17,98,2,1,10,0,6,5,5.333,0.000,-5.333,220,220,229,600,600,50,0
2174,17,98,2,1,10,0,7,8,5.667,0.000,-5.667,220,220,279,600,600,50,0
2175,17,98,2,1,11,0,7,11,6.000,0.000,-6.000,220,220,329,600,600,50,0
2176,17,98,2,1,11,0,8,14,6.333,0.000,-6.333,220,220,379,600,600,50,0
2177,17,98,2,1,12,0,8,17,6.667,0.000,-6.667,220,220,429,600,600,50,0
2178,17,98,2,1,12,4,8,19,8.000,4.000,-4.000,220,220,479,600,600,50,0
2179,17,98,2,1,13,11,9,22,11.000,11.000,0.000,220,220,529,600,600,50,1
2180,17,98,2,1,13,17,10,25,13.333,17.000,3.667,220,220,579,600,600,50,0
2181,17,98,2,1,13,24,9,27,15.333,24.000,8.667,220,220,629,600,600,50,0
2182,17,98,2,1,14,31,10,29,18.333,31.000,12.667,220,220,679,600,600,50,0
2183,17,98,2,1,15,38,11,32,21.333,38.000,16.667,220,220,729,600,600,50,0
2184,17,98,2,1,15,45,11,35,23.667,45.000,21.333,220,220,779,600,600,50,0
2185,17,98,2,1,15,53,11,37,26.333,53.000,26.667,220,220,829,600,600,50,0
2186,17,98,2,1,15,60,12,40,29.000,60.000,31.000,220,220,879,600,600,50,0
2187,17,98,2,1,16,68,12,43,32.000,68.000,36.000,220,220,929,600,600,50,0
2188,17,98,2,1,16,75,12,45,34.333,75.000,40.667,220,220,979,600,600,50,0
2189,17,98,2,1,17,83,13,48,37.667,83.000,45.333,220,220,1029,600,600,50,0
2190,17,98,2,1,17,90,13,51,40.000,90.000,50.000,220,220,1079,600,600,50,0
2191,17,98,2,1,20,98,14,54,44.000,98.000,54.000,220,220,1129,600,600,50,0
2192,17,98,2,1,18,107,14,57,46.333,107.000,60.667,220,220,1179,600,600,50,0
2193,17,99,3,1,73,15,12,44,33.333,73.000,39.667,220,220,80,600,600,50,0
2194,17,99,3,1,65,14,12,41,30.333,65.000,34.667,220,220,130,600,600,50,0
2195,17,99,3,1,56,13,12,38,27.000,56.000,29.000,220,220,180,600,600,50,0
2196,17,99,3,1,49,12,11,34,24.000,49.000,25.000,220,220,230,600,600,50,0
2197,17,99,3,1,41,12,10,32,21.000,41.000,20.000,220,220,280,600,600,50,0
2198,17,99,3,1,34,12,10,30,18.667,34.000,15.333,220,220,330,600,600,50,0
2199,17,99,3,1,26,12,10,27,16.000,26.000,10.000,220,220,380,600,600,50,0
2200,17,99,3,1,19,11,9,24,13.000,19.000,6.000,220,220,430,600,600,50,0
2201,17,99,3,1,12,11,9,21,10.667,12.000,1.333,220,220,480,600,600,50,0
2202,17,99,3,1,5,10,8,19,7.667,5.000,-2.667,220,220,530,575,575,50,1
2203,17,99,3,1,0,10,8,16,6.000,0.000,-6.000,220,220,580,575,575,50,0
2204,17,99,3,1,0,9,8,14,5.667,0.000,-5.667,220,220,630,575,575,50,0
2205,17,99,3,1,0,8,7,11,5.000,0.000,-5.000,220,220,680,575,575,50,0
2206,17,99,3,1,0,8,7,8,5.000,0.000,-5.000,220,220,730,575,575,50,0
2207,17,99,3,1,0,8,6,5,4.667,0.000,-4.667,220,220,780,575,575,50,0
2208,17,99,3,1,0,7,6,2,4.333,0.000,-4.333,220,220,830,575,575,50,0
2209,17,99,3,1,0,7,6,0,4.333,0.000,-4.333,220,220,880,575,575,50,0
2210,17,99,3,1,0,6,5,0,3.667,0.000,-3.667,220,220,930,575,575,50,0
2211,17,99,3,1,0,6,5,0,3.667,0.000,-3.667,220,220,980,575,575,50,0
2212,17,99,3,1,0,5,5,0,3.333,0.000,-3.333,220,220,1030,575,575,50,0
2213,17,99,3,1,0,5,4,0,3.000,0.000,-3.000,220,220,1080,575,575,50,0
2214,17,100,4,1,10,10,0,0,6.667,0.000,-6.667,220,220,54,575,575,50,0
2215,17,100,4,1,8,7,0,0,5.000,0.000,-5.000,220,220,104,575,575,50,0
2216,17,100,4,1,8,8,0,2,5.333,0.000,-5.333,220,220,154,575,575,50,0
2217,17,100,4,1,9,8,0,4,5.667,0.000,-5.667,220,220,204,575,575,50,0
2218,17,100,4,1,10,8,0,7,6.000,0.000,-6.000,220,220,254,575,575,50,0
2219,17,100,4,1,10,9,0,10,6.333,0.000,-6.333,220,220,304,575,575,50,0
2220,17,100,4,1,10,9,0,13,6.333,0.000,-6.333,220,220,354,575,575,50,0
2221,17,100,4,1,11,9,0,15,6.667,0.000,-6.667,220,220,404,575,575,50,0
2222,17,100,4,1,11,10,0,18,7.000,0.000,-7.000,220,220,454,575,575,50,0
2223,17,100,4,1,12,10,6,20,9.333,6.000,-3.333,220,220,504,575,575,50,0
2224,17,100,4,1,12,11,12,23,11.667,12.000,0.333,220,220,554,575,575,50,1
2225,17,100,4,1,12,11,19,25,14.000,19.000,5.000,220,220,604,575,575,50,0
2226,17,100,4,1,13,11,27,28,17.000,27.000,10.000,220,220,654,575,575,50,0
2227,17,100,4,1,13,12,33,30,19.333,33.000,13.667,220,220,704,575,575,50,0
2228,17,100,4,1,14,12,40,34,22.000,40.000,18.000,220,220,754,575,575,50,0
2229,17,100,4,1,17,13,47,36,25.667,47.000,21.333,220,220,804,575,575,50,0
2230,17,100,4,1,15,13,55,39,27.667,55.000,27.333,220,220,854,575,575,50,0
2231,17,100,4,1,16,13,62,41,30.333,62.000,31.667,220,220,904,575,575,50,0
2232,17,100,4,1,15,14,69,44,32.667,69.000,36.333,220,220,954,575,575,50,0
2233,17,100,4,1,16,14,77,47,35.667,77.000,41.333,220,220,1004,575,575,50,0
2234,17,100,4,1,16,14,84,50,38.000,84.000,46.000,220,220,1054,575,575,50,0
2235,17,100,4,1,17,15,91,52,41.000,91.000,50.000,220,220,1104,575,575,50,0
2236,17,101,5,1,12,84,13,47,36.333,84.000,47.667,220,220,54,575,575,50,0
2237,17,101,5,1,15,78,14,48,35.667,78.000,42.333,220,220,104,575,575,50,0
2238,17,101,5,1,16,71,13,45,33.333,71.000,37.667,220,220,154,575,575,50,0
2239,17,101,5,1,16,62,12,42,30.000,62.000,32.000,220,220,204,575,575,50,0
2240,17,101,5,1,15,54,12,37,27.000,54.000,27.000,220,220,254,575,575,50,0
2241,17,101,5,1,14,46,11,35,23.667,46.000,22.333,220,220,304,575,575,50,0
2242,17,101,5,1,14,39,11,33,21.333,39.000,17.667,220,220,354,575,575,50,0
2243,17,101,5,1,13,31,10,30,18.000,31.000,13.000,220,220,404,575,575,50,0
2244,17,101,5,1,13,23,10,27,15.333,23.000,7.667,220,220,454,575,575,50,0
2245,17,101,5,1,13,17,10,24,13.333,17.000,3.667,220,220,504,575,575,50,0
2246,17,101,5,1,12,10,9,22,10.333,10.000,-0.333,220,220,554,575,575,50,1
2247,17,101,5,1,12,3,9,19,8.000,3.000,-5.000,220,220,604,600,600,50,0
2248,17,101,5,1,14,0,8,17,7.333,0.000,-7.333,220,220,654,600,600,50,0
2249,17,101,5,1,11,0,8,14,6.333,0.000,-6.333,220,220,704,600,600,50,0
2250,17,101,5,1,11,0,8,11,6.333,0.000,-6.333,220,220,754,600,600,50,0
2251,17,101,5,1,10,0,7,8,5.667,0.000,-5.667,220,220,804,600,600,50,0
2252,17,101,5,1,9,0,6,5,5.000,0.000,-5.000,220,220,854,600,600,50,0
2253,17,101,5,1,9,0,6,3,5.000,0.000,-5.000,220,220,904,600,600,50,0
2254,17,101,5,1,9,0,5,0,4.667,0.000,-4.667,220,220,954,600,600,50,0
2255,17,101,5,1,8,0,5,0,4.333,0.000,-4.333,220,220,1004,600,600,50,0
2256,17,101,5,1,8,0,5,0,4.333,0.000,-4.333,220,220,1054,600,600,50,0
2257,17,101,5,1,8,0,4,0,4.000,0.000,-4.000,220,220,1104,600,600,50,0
2258,17,101,5,1,7,0,4,0,3.667,0.000,-3.667,220,220,1154,600,600,50,0
2259,17,101,5,1,7,0,3,0,3.333,0.000,-3.333,220,220,1204,600,600,50,0
2260,17,102,6,1,0,6,7,0,4.333,0.000,-4.333,220,220,79,600,600,50,0
2261,17,102,6,1,0,7,7,3,4.667,0.000,-4.667,220,220,129,600,600,50,0
2262,17,102,6,1,0,8,7,5,5.000,0.000,-5.000,220,220,179,600,600,50,0
2263,17,102,6,1,0,8,7,8,5.000,0.000,-5.000,220,220,229,600,600,50,0
2264,17,102,6,1,0,8,8,11,5.333,0.000,-5.333,220,220,279,600,600,50,0
2265,17,102,6,1,0,9,8,14,5.667,0.000,-5.667,220,220,329,600,600,50,0
2266,17,102,6,1,0,9,8,16,5.667,0.000,-5.667,220,220,379,600,600,50,0
2267,17,102,6,1,3,9,8,19,6.667,3.000,-3.667,220,220,429,600,600,50,0
2268,17,102,6,1,15,10,9,22,11.333,15.000,3.667,220,220,479,550,550,50,1
2269,17,102,6,1,18,11,9,24,12.667,18.000,5.333,220,220,529,550,550,50,0
2270,17,102,6,1,26,11,10,27,15.667,26.000,10.333,220,220,579,550,550,50,0
2271,17,102,6,1,32,11,10,30,17.667,32.000,14.333,220,220,629,550,550,50,0
2272,17,102,6,1,40,12,11,32,21.000,40.000,19.000,220,220,679,550,550,50,0
2273,17,102,6,1,47,12,11,35,23.333,47.000,23.667,220,220,729,550,550,50,0
2274,17,102,6,1,55,12,12,37,26.333,55.000,28.667,220,220,779,550,550,50,0
2275,17,102,6,1,62,13,12,40,29.000,62.000,33.000,220,220,829,550,550,50,0
2276,17,102,6,1,70,13,13,43,32.000,70.000,38.000,220,220,879,550,550,50,0
2277,17,102,6,1,77,13,13,46,34.333,77.000,42.667,220,220,929,550,550,50,0
2278,17,102,6,1,85,14,13,49,37.333,85.000,47.667,220,220,979,550,550,50,0
2279,17,102,6,1,92,15,13,51,40.000,92.000,52.000,220,220,1029,550,550,50,0
2280,18,103,1,1,17,14,82,50,37.667,82.000,44.333,220,220,78,550,550,50,0
2281,18,103,1,1,17,14,75,47,35.333,75.000,39.667,220,220,128,550,550,50,0
2282,18,103,1,1,16,14,67,43,32.333,67.000,34.667,220,220,178,550,550,50,0
2283,18,103,1,1,16,13,60,41,29.667,60.000,30.333,220,220,228,550,550,50,0
2284,18,103,1,1,15,13,53,38,27.000,53.000,26.000,220,220,278,550,550,50,0
2285,18,103,1,1,15,12,45,35,24.000,45.000,21.000,220,220,328,550,550,50,0
2286,18,103,1,1,17,12,38,32,22.333,38.000,15.667,220,220,378,550,550,50,0
2287,18,103,1,1,14,11,30,30,18.333,30.000,11.667,220,220,428,550,550,50,0
2288,18,103,1,1,13,11,23,27,15.667,23.000,7.333,220,220,478,550,550,50,0
2289,18,103,1,1,13,10,16,25,13.000,16.000,3.000,220,220,528,550,550,50,0
2290,18,103,1,1,13,10,10,22,11.000,10.000,-1.000,220,220,578,575,575,50,1
2291,18,103,1,1,13,10,4,20,9.000,4.000,-5.000,220,220,628,575,575,50,0
2292,18,103,1,1,12,9,0,17,7.000,0.000,-7.000,220,220,678,575,575,50,0
2293,18,103,1,1,12,9,0,15,7.000,0.000,-7.000,220,220,728,575,575,50,0
2294,18,103,1,1,11,8,0,12,6.333,0.000,-6.333,220,220,778,575,575,50,0
2295,18,103,1,1,11,8,0,10,6.333,0.000,-6.333,220,220,828,575,575,50,0
2296,18,103,1,1,10,7,0,6,5.667,0.000,-5.667,220,220,878,575,575,50,0
2297,18,103,1,1,10,8,0,3,6.000,0.000,-6.000,220,220,928,575,575,50,0
2298,18,103,1,1,9,7,0,1,5.333,0.000,-5.333,220,220,978,575,575,50,0
2299,18,103,1,1,9,7,0,0,5.333,0.000,-5.333,220,220,1028,575,575,50,0
2300,18,103,1,1,8,6,0,0,4.667,0.000,-4.667,220,220,1078,575,575,50,0
2301,18,103,1,1,8,6,0,0,4.667,0.000,-4.667,220,220,1128,575,575,50,0
2302,18,104,2,1,12,0,5,0,5.667,0.000,-5.667,220,220,54,575,575,50,0
2303,18,104,2,1,9,0,4,0,4.333,0.000,-4.333,220,220,104,575,575,50,0
2304,18,104,2,1,9,0,5,0,4.667,0.000,-4.667,220,220,154,575,575,50,0
2305,18,104,2,1,9,0,6,0,5.000,0.000,-5.000,220,220,204,575,575,50,0
2306,18,104,2,1,13,0,6,3,6.333,0.000,-6.333,220,220,254,575,575,50,0
2307,18,104,2,1,10,0,6,5,5.333,0.000,-5.333,220,220,304,575,575,50,0
2308,18,104,2,1,10,0,7,8,5.667,0.000,-5.667,220,220,354,575,575,50,0
2309,18,104,2,1,11,0,7,11,6.000,0.000,-6.000,220,220,404,575,575,50,0
2310,18,104,2,1,11,0,7,14,6.000,0.000,-6.000,220,220,454,575,575,50,0
2311,18,104,2,1,12,0,8,16,6.667,0.000,-6.667,220,220,504,575,575,50,0
2312,18,104,2,1,12,3,8,19,7.667,3.000,-4.667,220,220,554,575,575,50,0
2313,18,104,2,1,13,10,9,22,10.667,10.000,-0.667,220,220,604,575,575,50,0
2314,18,104,2,1,13,17,9,24,13.000,17.000,4.000,220,220,654,625,625,50,1
2315,18,104,2,1,14,24,9,27,15.667,24.000,8.333,220,220,704,625,625,50,0
2316,18,104,2,1,14,31,10,30,18.333,31.000,12.667,220,220,754,625,625,50,0
2317,18,104,2,1,14,39,10,32,21.000,39.000,18.000,220,220,804,625,625,50,0
2318,18,104,2,1,15,46,11,35,24.000,46.000,22.000,220,220,854,625,625,50,0
2319,18,104,2,1,15,53,11,38,26.333,53.000,26.667,220,220,904,625,625,50,0
2320,18,104,2,1,16,62,12,41,30.000,62.000,32.000,220,220,954,625,625,50,0
2321,18,104,2,1,16,69,12,43,32.333,69.000,36.667,220,220,1004,625,625,50,0
2322,18,104,2,1,16,77,12,46,35.000,77.000,42.000,220,220,1054,625,625,50,0
2323,18,104,2,1,16,84,13,49,37.667,84.000,46.333,220,220,1104,625,625,50,0
2324,18,104,2,1,17,92,13,52,40.667,92.000,51.333,220,220,1154,625,625,50,0
2325,18,104,2,1,20,100,14,55,44.667,100.000,55.333,220,220,1204,625,625,50,0
2326,18,104,2,1,18,108,14,58,46.667,108.000,61.333,220,220,1254,625,625,50,0
2327,18,105,3,1,69,13,9,41,30.333,69.000,38.667,220,220,54,625,625,50,0
2328,18,105,3,1,65,15,11,41,30.333,65.000,34.667,220,220,104,625,625,50,0
2329,18,105,3,1,57,14,11,38,27.333,57.000,29.667,220,220,154,625,625,50,0
2330,18,105,3,1,49,13,11,35,24.333,49.000,24.667,220,220,204,625,625,50,0
2331,18,105,3,1,41,12,10,32,21.000,41.000,20.000,220,220,254,625,625,50,0
2332,18,105,3,1,34,12,10,29,18.667,34.000,15.333,220,220,304,625,625,50,0
2333,18,105,3,1,27,11,10,27,16.000,27.000,11.000,220,220,354,625,625,50,0
2334,18,105,3,1,20,11,9,24,13.333,20.000,6.667,220,220,404,625,625,50,0
2335,18,105,3,1,13,10,9,22,10.667,13.000,2.333,220,220,454,625,625,50,0
2336,18,105,3,1,6,10,8,19,8.000,6.000,-2.000,220,220,504,575,575,50,1
2337,18,105,3,1,0,9,8,17,5.667,0.000,-5.667,220,220,554,575,575,50,0
2338,18,105,3,1,0,9,8,14,5.667,0.000,-5.667,220,220,604,575,575,50,0
2339,18,105,3,1,0,9,8,11,5.667,0.000,-5.667,220,220,654,575,575,50,0
2340,18,105,3,1,0,8,7,8,5.000,0.000,-5.000,220,220,704,575,575,50,0
2341,18,105,3,1,0,8,7,6,5.000,0.000,-5.000,220,220,754,575,575,50,0
2342,18,105,3,1,0,7,6,3,4.333,0.000,-4.333,220,220,804,575,575,50,0
2343,18,105,3,1,0,7,6,0,4.333,0.000,-4.333,220,220,854,575,575,50,0
2344,18,105,3,1,0,7,6,0,4.333,0.000,-4.333,220,220,904,575,575,50,0
2345,18,105,3,1,0,6,5,0,3.667,0.000,-3.667,220,220,954,575,575,50,0
2346,18,105,3,1,0,6,5,0,3.667,0.000,-3.667,220,220,1004,575,575,50,0
2347,18,105,3,1,0,5,4,0,3.000,0.000,-3.000,220,220,1054,575,575,50,0
2348,18,106,4,1,11,10,0,0,7.000,0.000,-7.000,220,220,54,575,575,50,0
2349,18,106,4,1,8,8,0,0,5.333,0.000,-5.333,220,220,104,575,575,50,0
2350,18,106,4,1,9,8,0,2,5.667,0.000,-5.667,220,220,154,575,575,50,0
2351,18,106,4,1,10,8,0,5,6.000,0.000,-6.000,220,220,204,575,575,50,0
2352,18,106,4,1,10,8,0,8,6.000,0.000,-6.000,220,220,254,575,575,50,0
2353,18,106,4,1,10,9,0,11,6.333,0.000,-6.333,220,220,304,575,575,50,0
2354,18,106,4,1,10,9,0,13,6.333,0.000,-6.333,220,220,354,575,575,50,0
2355,18,106,4,1,11,10,0,16,7.000,0.000,-7.000,220,220,404,575,575,50,0
2356,18,106,4,1,12,10,1,19,7.667,1.000,-6.667,220,220,454,575,575,50,0
2357,18,106,4,1,12,10,8,21,10.000,8.000,-2.000,220,220,504,575,575,50,0
2358,18,106,4,1,13,11,16,24,13.333,16.000,2.667,220,220,554,575,575,50,1
2359,18,106,4,1,13,11,22,27,15.333,22.000,6.667,220,220,604,575,575,50,0
2360,18,106,4,1,13,11,29,29,17.667,29.000,11.333,220,220,654,575,575,50,0
2361,18,106,4,1,14,12,36,32,20.667,36.000,15.333,220,220,704,575,575,50,0
2362,18,106,4,1,14,12,44,35,23.333,44.000,20.667,220,220,754,575,575,50,0
2363,18,106,4,1,18,12,51,38,27.000,51.000,24.000,220,220,804,575,575,50,0
2364,18,106,4,1,15,13,58,40,28.667,58.000,29.333,220,220,854,575,575,50,0
2365,18,106,4,1,16,14,65,43,31.667,65.000,33.333,220,220,904,575,575,50,0
2366,18,106,4,1,16,14,73,46,34.333,73.000,38.667,220,220,954,575,575,50,0
2367,18,106,4,1,16,14,80,48,36.667,80.000,43.333,220,220,1004,575,575,50,0
2368,18,106,4,1,16,14,88,51,39.333,88.000,48.667,220,220,1054,575,575,50,0
2369,18,106,4,1,17,15,95,53,42.333,95.000,52.667,220,220,1104,575,575,50,0
2370,18,107,5,1,12,78,13,45,34.333,78.000,43.667,220,220,54,575,575,50,0
2371,18,107,5,1,16,75,14,45,35.000,75.000,40.000,220,220,104,575,575,50,0
2372,18,107,5,1,15,67,13,43,31.667,67.000,35.333,220,220,154,575,575,50,0
2373,18,107,5,1,16,59,12,40,29.000,59.000,30.000,220,220,204,575,575,50,0
2374,18,107,5,1,15,51,12,37,26.000,51.000,25.000,220,220,254,575,575,50,0
2375,18,107,5,1,14,44,11,34,23.000,44.000,21.000,220,220,304,575,575,50,0
2376,18,107,5,1,14,36,11,32,20.333,36.000,15.667,220,220,354,575,575,50,0
2377,18,107,5,1,13,29,10,29,17.333,29.000,11.667,220,220,404,575,575,50,0
2378,18,107,5,1,13,22,10,26,15.000,22.000,7.000,220,220,454,575,575,50,0
2379,18,107,5,1,13,16,10,24,13.000,16.000,3.000,220,220,504,575,575,50,0
2380,18,107,5,1,12,9,9,21,10.000,9.000,-1.000,220,220,554,575,575,50,1
2381,18,107,5,1,12,2,9,19,7.667,2.000,-5.667,220,220,604,575,575,50,0
2382,18,107,5,1,12,0,8,17,6.667,0.000,-6.667,220,220,654,575,575,50,0
2383,18,107,5,1,14,0,8,14,7.333,0.000,-7.333,220,220,704,575,575,50,0
2384,18,107,5,1,11,0,8,11,6.333,0.000,-6.333,220,220,754,575,575,50,0
2385,18,107,5,1,10,0,7,8,5.667,0.000,-5.667,220,220,804,575,575,50,0
2386,18,107,5,1,10,0,7,5,5.667,0.000,-5.667,220,220,854,575,575,50,0
2387,18,107,5,1,9,0,6,3,5.000,0.000,-5.000,220,220,904,575,575,50,0
2388,18,107,5,1,8,0,6,0,4.667,0.000,-4.667,220,220,954,575,575,50,0
2389,18,107,5,1,8,0,5,0,4.333,0.000,-4.333,220,220,1004,575,575,50,0
2390,18,107,5,1,8,0,5,0,4.333,0.000,-4.333,220,220,1054,575,575,50,0
2391,18,107,5,1,8,0,4,0,4.000,0.000,-4.000,220,220,1104,575,575,50,0
2392,18,108,6,1,0,7,8,0,5.000,0.000,-5.000,220,220,54,575,575,50,0
2393,18,108,6,1,0,5,6,0,3.667,0.000,-3.667,220,220,104,575,575,50,0
2394,18,108,6,1,0,6,6,0,4.000,0.000,-4.000,220,220,154,575,575,50,0
2395,18,108,6,1,0,7,6,1,4.333,0.000,-4.333,220,220,204,575,575,50,0
2396,18,108,6,1,0,8,6,4,4.667,0.000,-4.667,220,220,254,575,575,50,0
2397,18,108,6,1,0,8,7,7,5.000,0.000,-5.000,220,220,304,575,575,50,0
2398,18,108,6,1,0,8,7,10,5.000,0.000,-5.000,220,220,354,575,575,50,0
2399,18,108,6,1,0,9,8,13,5.667,0.000,-5.667,220,220,404,575,575,50,0
2400,18,108,6,1,0,9,9,16,6.000,0.000,-6.000,220,220,454,575,575,50,0
2401,18,108,6,1,7,10,9,19,8.667,7.000,-1.667,220,220,504,575,575,50,0
2402,18,108,6,1,11,10,9,22,10.000,11.000,1.000,220,220,554,575,575,50,1
2403,18,108,6,1,18,11,10,24,13.000,18.000,5.000,220,220,604,575,575,50,0
2404,18,108,6,1,26,11,10,27,15.667,26.000,10.333,220,220,654,575,575,50,0
2405,18,108,6,1,33,12,10,29,18.333,33.000,14.667,220,220,704,575,575,50,0
2406,18,108,6,1,40,12,10,32,20.667,40.000,19.333,220,220,754,575,575,50,0
2407,18,108,6,1,48,12,11,35,23.667,48.000,24.333,220,220,804,575,575,50,0
2408,18,108,6,1,55,12,11,37,26.000,55.000,29.000,220,220,854,575,575,50,0
2409,18,108,6,1,62,13,12,40,29.000,62.000,33.000,220,220,904,575,575,50,0
2410,18,108,6,1,69,14,12,43,31.667,69.000,37.333,220,220,954,575,575,50,0
2411,18,108,6,1,76,14,13,45,34.333,76.000,41.667,220,220,1004,575,575,50,0
2412,18,108,6,1,82,14,13,48,36.333,82.000,45.667,220,220,1054,575,575,50,0
2413,18,108,6,1,89,15,13,50,39.000,89.000,50.000,220,220,1104,575,575,50,0
2414,19,109,1,1,15,11,82,47,36.000,82.000,46.000,220,220,54,575,575,50,0
2415,19,109,1,1,18,14,77,48,36.333,77.000,40.667,220,220,104,575,575,50,0
2416,19,109,1,1,17,14,68,44,33.000,68.000,35.000,220,220,154,575,575,50,0
2417,19,109,1,1,16,13,61,41,30.000,61.000,31.000,220,220,204,575,575,50,0
2418,19,109,1,1,15,12,53,38,26.667,53.000,26.333,220,220,254,575,575,50,0
2419,19,109,1,1,15,12,46,36,24.333,46.000,21.667,220,220,304,575,575,50,0
2420,19,109,1,1,14,12,38,33,21.333,38.000,16.667,220,220,354,575,575,50,0
2421,19,109,1,1,17,11,32,30,20.000,32.000,12.000,220,220,404,575,575,50,0
2422,19,109,1,1,13,11,25,27,16.333,25.000,8.667,220,220,454,575,575,50,0
2423,19,109,1,1,13,11,18,25,14.000,18.000,4.000,220,220,504,575,575,50,0
2424,19,109,1,1,12,10,11,23,11.000,11.000,0.000,220,220,554,575,575,50,1
2425,19,109,1,1,13,10,4,20,9.000,4.000,-5.000,220,220,604,600,600,50,0
2426,19,109,1,1,12,10,0,17,7.333,0.000,-7.333,220,220,654,600,600,50,0
2427,19,109,1,1,12,9,0,15,7.000,0.000,-7.000,220,220,704,600,600,50,0
2428,19,109,1,1,11,8,0,12,6.333,0.000,-6.333,220,220,754,600,600,50,0
2429,19,109,1,1,10,8,0,9,6.000,0.000,-6.000,220,220,804,600,600,50,0
2430,19,109,1,1,10,8,0,6,6.000,0.000,-6.000,220,220,854,600,600,50,0
2431,19,109,1,1,10,7,0,4,5.667,0.000,-5.667,220,220,904,600,600,50,0
2432,19,109,1,1,9,7,0,1,5.333,0.000,-5.333,220,220,954,600,600,50,0
2433,19,109,1,1,9,7,0,0,5.333,0.000,-5.333,220,220,1004,600,600,50,0
2434,19,109,1,1,8,6,0,0,4.667,0.000,-4.667,220,220,1054,600,600,50,0
2435,19,109,1,1,8,5,0,0,4.333,0.000,-4.333,220,220,1104,600,600,50,0
2436,19,109,1,1,7,6,0,0,4.333,0.000,-4.333,220,220,1154,600,600,50,0
2437,19,109,1,1,6,4,0,0,3.333,0.000,-3.333,220,220,1204,600,600,50,0
2438,19,110,2,1,10,0,5,0,5.000,0.000,-5.000,220,220,79,600,600,50,0
2439,19,110,2,1,10,0,5,1,5.000,0.000,-5.000,220,220,129,600,600,50,0
2440,19,110,2,1,13,0,6,4,6.333,0.000,-6.333,220,220,179,600,600,50,0
2441,19,110,2,1,10,0,7,6,5.667,0.000,-5.667,220,220,229,600,600,50,0
2442,19,110,2,1,11,0,7,10,6.000,0.000,-6.000,220,220,279,600,600,50,0
2443,19,110,2,1,11,0,8,12,6.333,0.000,-6.333,220,220,329,600,600,50,0
2444,19,110,2,1,11,0,8,15,6.333,0.000,-6.333,220,220,379,600,600,50,0
2445,19,110,2,1,12,0,8,17,6.667,0.000,-6.667,220,220,429,600,600,50,0
2446,19,110,2,1,12,6,8,20,8.667,6.000,-2.667,220,220,479,600,600,50,0
2447,19,110,2,1,13,12,9,22,11.333,12.000,0.667,220,220,529,575,575,50,1
2448,19,110,2,1,13,19,9,25,13.667,19.000,5.333,220,220,579,575,575,50,0
2449,19,110,2,1,14,26,10,28,16.667,26.000,9.333,220,220,629,575,575,50,0
2450,19,110,2,1,14,33,10,30,19.000,33.000,14.000,220,220,679,575,575,50,0
2451,19,110,2,1,15,40,11,32,22.000,40.000,18.000,220,220,729,575,575,50,0
2452,19,110,2,1,15,47,11,35,24.333,47.000,22.667,220,220,779,575,575,50,0
2453,19,110,2,1,15,55,11,38,27.000,55.000,28.000,220,220,829,575,575,50,0
2454,19,110,2,1,16,62,12,41,30.000,62.000,32.000,220,220,879,575,575,50,0
2455,19,110,2,1,16,70,12,44,32.667,70.000,37.333,220,220,929,575,575,50,0
2456,19,110,2,1,16,77,13,46,35.333,77.000,41.667,220,220,979,575,575,50,0
2457,19,110,2,1,16,84,13,49,37.667,84.000,46.333,220,220,1029,575,575,50,0
2458,19,110,2,1,17,92,13,52,40.667,92.000,51.333,220,220,1079,575,575,50,0
2459,19,111,3,1,86,14,10,47,36.667,86.000,49.333,220,220,54,575,575,50,0
2460,19,111,3,1,83,16,12,48,37.000,83.000,46.000,220,220,104,575,575,50,0
2461,19,111,3,1,75,15,12,45,34.000,75.000,41.000,220,220,154,575,575,50,0
2462,19,111,3,1,67,14,12,42,31.000,67.000,36.000,220,220,204,575,575,50,0
2463,19,111,3,1,59,13,12,39,28.000,59.000,31.000,220,220,254,575,575,50,0
2464,19,111,3,1,51,13,11,36,25.000,51.000,26.000,220,220,304,575,575,50,0
2465,19,111,3,1,44,12,10,33,22.000,44.000,22.000,220,220,354,575,575,50,0
2466,19,111,3,1,36,12,10,30,19.333,36.000,16.667,220,220,404,575,575,50,0
2467,19,111,3,1,29,12,10,28,17.000,29.000,12.000,220,220,454,575,575,50,0
2468,19,111,3,1,22,11,9,25,14.000,22.000,8.000,220,220,504,575,575,50,0
2469,19,111,3,1,15,11,9,23,11.667,15.000,3.333,220,220,554,575,575,50,0
2470,19,111,3,1,7,10,8,20,8.333,7.000,-1.333,220,220,604,600,600,50,1
2471,19,111,3,1,0,10,8,17,6.000,0.000,-6.000,220,220,654,600,600,50,0
2472,19,111,3,1,0,9,8,14,5.667,0.000,-5.667,220,220,704,600,600,50,0
2473,19,111,3,1,0,9,8,11,5.667,0.000,-5.667,220,220,754,600,600,50,0
2474,19,111,3,1,0,8,7,9,5.000,0.000,-5.000,220,220,804,600,600,50,0
2475,19,111,3,1,0,8,6,5,4.667,0.000,-4.667,220,220,854,600,600,50,0
2476,19,111,3,1,0,8,6,3,4.667,0.000,-4.667,220,220,904,600,600,50,0
2477,19,111,3,1,0,7,6,1,4.333,0.000,-4.333,220,220,954,600,600,50,0
2478,19,111,3,1,0,6,6,0,4.000,0.000,-4.000,220,220,1004,600,600,50,0
2479,19,111,3,1,0,5,5,0,3.333,0.000,-3.333,220,220,1054,600,600,50,0
2480,19,111,3,1,0,5,4,0,3.000,0.000,-3.000,220,220,1104,600,600,50,0
2481,19,111,3,1,0,5,4,0,3.000,0.000,-3.000,220,220,1154,600,600,50,0
2482,19,111,3,1,0,4,4,0,2.667,0.000,-2.667,220,220,1204,600,600,50,0
2483,19,112,4,1,8,8,0,0,5.333,0.000,-5.333,220,220,80,600,600,50,0
2484,19,112,4,1,9,8,0,2,5.667,0.000,-5.667,220,220,130,600,600,50,0
2485,19,112,4,1,10,8,0,5,6.000,0.000,-6.000,220,220,180,600,600,50,0
2486,19,112,4,1,10,8,0,7,6.000,0.000,-6.000,220,220,230,600,600,50,0
2487,19,112,4,1,10,9,0,10,6.333,0.000,-6.333,220,220,280,600,600,50,0
2488,19,112,4,1,10,9,0,13,6.333,0.000,-6.333,220,220,330,600,600,50,0
2489,19,112,4,1,11,10,0,16,7.000,0.000,-7.000,220,220,380,600,600,50,0
2490,19,112,4,1,11,10,0,18,7.000,0.000,-7.000,220,220,430,600,600,50,0
2491,19,112,4,1,12,10,6,20,9.333,6.000,-3.333,220,220,480,600,600,50,0
2492,19,112,4,1,12,10,13,23,11.667,13.000,1.333,220,220,530,575,575,50,1
2493,19,112,4,1,12,11,20,26,14.333,20.000,5.667,220,220,580,575,575,50,0
2494,19,112,4,1,13,11,26,28,16.667,26.000,9.333,220,220,630,575,575,50,0
2495,19,112,4,1,13,12,33,30,19.333,33.000,13.667,220,220,680,575,575,50,0
2496,19,112,4,1,14,12,40,33,22.000,40.000,18.000,220,220,730,575,575,50,0
2497,19,112,4,1,17,12,47,36,25.333,47.000,21.667,220,220,780,575,575,50,0
2498,19,112,4,1,15,13,54,38,27.333,54.000,26.667,220,220,830,575,575,50,0
2499,19,112,4,1,15,13,61,42,29.667,61.000,31.333,220,220,880,575,575,50,0
2500,19,112,4,1,16,14,69,44,33.000,69.000,36.000,220,220,930,575,575,50,0
2501,19,112,4,1,16,14,76,47,35.333,76.000,40.667,220,220,980,575,575,50,0
2502,19,112,4,1,16,14,84,50,38.000,84.000,46.000,220,220,1030,575,575,50,0
2503,19,112,4,1,17,15,91,52,41.000,91.000,50.000,220,220,1080,575,575,50,0
2504,19,113,5,1,12,79,13,45,34.667,79.000,44.333,220,220,54,575,575,50,0
2505,19,113,5,1,15,75,14,46,34.667,75.000,40.333,220,220,104,575,575,50,0
2506,19,113,5,1,16,67,13,44,32.000,67.000,35.000,220,220,154,575,575,50,0
2507,19,113,5,1,15,59,12,40,28.667,59.000,30.333,220,220,204,575,575,50,0
2508,19,113,5,1,15,51,11,37,25.667,51.000,25.333,220,220,254,575,575,50,0
2509,19,113,5,1,14,44,11,34,23.000,44.000,21.000,220,220,304,575,575,50,0
2510,19,113,5,1,14,37,11,32,20.667,37.000,16.333,220,220,354,575,575,50,0
2511,19,113,5,1,13,30,10,29,17.667,30.000,12.333,220,220,404,575,575,50,0
2512,19,113,5,1,13,22,10,26,15.000,22.000,7.000,220,220,454,575,575,50,0
2513,19,113,5,1,13,15,9,24,12.333,15.000,2.667,220,220,504,575,575,50,0
2514,19,113,5,1,12,9,9,22,10.000,9.000,-1.000,220,220,554,575,575,50,1
2515,19,113,5,1,12,1,9,18,7.333,1.000,-6.333,220,220,604,575,575,50,0
2516,19,113,5,1,14,0,8,16,7.333,0.000,-7.333,220,220,654,575,575,50,0
2517,19,113,5,1,11,0,8,13,6.333,0.000,-6.333,220,220,704,575,575,50,0
2518,19,113,5,1,10,0,7,11,5.667,0.000,-5.667,220,220,754,575,575,50,0
2519,19,113,5,1,10,0,7,8,5.667,0.000,-5.667,220,220,804,575,575,50,0
2520,19,113,5,1,10,0,6,4,5.333,0.000,-5.333,220,220,854,575,575,50,0
2521,19,113,5,1,9,0,6,2,5.000,0.000,-5.000,220,220,904,575,575,50,0
2522,19,113,5,1,9,0,5,0,4.667,0.000,-4.667,220,220,954,575,575,50,0
2523,19,113,5,1,8,0,5,0,4.333,0.000,-4.333,220,220,1004,575,575,50,0
2524,19,113,5,1,8,0,5,0,4.333,0.000,-4.333,220,220,1054,575,575,50,0
2525,19,113,5,1,7,0,4,0,3.667,0.000,-3.667,220,220,1104,575,575,50,0
2526,19,114,6,1,0,7,8,0,5.000,0.000,-5.000,220,220,54,575,575,50,0
2527,19,114,6,1,0,6,6,0,4.000,0.000,-4.000,220,220,104,575,575,50,0
2528,19,114,6,1,0,6,6,0,4.000,0.000,-4.000,220,220,154,575,575,50,0
2529,19,114,6,1,0,7,6,2,4.333,0.000,-4.333,220,220,204,575,575,50,0
2530,19,114,6,1,0,7,6,5,4.333,0.000,-4.333,220,220,254,575,575,50,0
2531,19,114,6,1,0,8,7,8,5.000,0.000,-5.000,220,220,304,575,575,50,0
2532,19,114,6,1,0,8,8,10,5.333,0.000,-5.333,220,220,354,575,575,50,0
2533,19,114,6,1,0,9,8,13,5.667,0.000,-5.667,220,220,404,575,575,50,0
2534,19,114,6,1,0,9,8,16,5.667,0.000,-5.667,220,220,454,575,575,50,0
2535,19,114,6,1,7,10,9,19,8.667,7.000,-1.667,220,220,504,575,575,50,0
2536,19,114,6,1,10,10,9,21,9.667,10.000,0.333,220,220,554,575,575,50,1
2537,19,114,6,1,18,10,10,24,12.667,18.000,5.333,220,220,604,575,575,50,0
2538,19,114,6,1,24,11,10,26,15.000,24.000,9.000,220,220,654,575,575,50,0
2539,19,114,6,1,32,11,10,29,17.667,32.000,14.333,220,220,704,575,575,50,0
2540,19,114,6,1,38,12,11,32,20.333,38.000,17.667,220,220,754,575,575,50,0
2541,19,114,6,1,46,12,11,34,23.000,46.000,23.000,220,220,804,575,575,50,0
2542,19,114,6,1,53,12,11,37,25.333,53.000,27.667,220,220,854,575,575,50,0
2543,19,114,6,1,60,13,12,40,28.333,60.000,31.667,220,220,904,575,575,50,0
2544,19,114,6,1,68,14,12,42,31.333,68.000,36.667,220,220,954,575,575,50,0
2545,19,114,6,1,75,14,12,45,33.667,75.000,41.333,220,220,1004,575,575,50,0
2546,19,114,6,1,82,15,13,48,36.667,82.000,45.333,220,220,1054,575,575,50,0
2547,19,114,6,1,89,14,13,50,38.667,89.000,50.333,220,220,1104,575,575,50,0
2548,20,115,1,1,16,11,88,49,38.333,88.000,49.667,220,220,54,575,575,50,0
2549,20,115,1,1,18,14,81,49,37.667,81.000,43.333,220,220,104,575,575,50,0
2550,20,115,1,1,17,13,73,46,34.333,73.000,38.667,220,220,154,575,575,50,0
2551,20,115,1,1,16,14,64,43,31.333,64.000,32.667,220,220,204,575,575,50,0
2552,20,115,1,1,16,13,56,40,28.333,56.000,27.667,220,220,254,575,575,50,0
2553,20,115,1,1,15,13,49,37,25.667,49.000,23.333,220,220,304,575,575,50,0
2554,20,115,1,1,17,12,41,34,23.333,41.000,17.667,220,220,354,575,575,50,0
2555,20,115,1,1,14,11,34,31,19.667,34.000,14.333,220,220,404,575,575,50,0
2556,20,115,1,1,14,11,27,28,17.333,27.000,9.667,220,220,454,575,575,50,0
2557,20,115,1,1,13,10,20,26,14.333,20.000,5.667,220,220,504,575,575,50,0
2558,20,115,1,1,13,10,12,23,11.667,12.000,0.333,220,220,554,575,575,50,0
2559,20,115,1,1,12,10,6,20,9.333,6.000,-3.333,220,220,604,600,600,50,1
2560,20,115,1,1,12,9,0,18,7.000,0.000,-7.000,220,220,654,600,600,50,0
2561,20,115,1,1,12,9,0,15,7.000,0.000,-7.000,220,220,704,600,600,50,0
2562,20,115,1,1,11,8,0,13,6.333,0.000,-6.333,220,220,754,600,600,50,0
2563,20,115,1,1,11,8,0,10,6.333,0.000,-6.333,220,220,804,600,600,50,0
2564,20,115,1,1,10,8,0,7,6.000,0.000,-6.000,220,220,854,600,600,50,0
2565,20,115,1,1,10,7,0,4,5.667,0.000,-5.667,220,220,904,600,600,50,0
2566,20,115,1,1,9,7,0,2,5.333,0.000,-5.333,220,220,954,600,600,50,0
2567,20,115,1,1,9,7,0,0,5.333,0.000,-5.333,220,220,1004,600,600,50,0
2568,20,115,1,1,8,6,0,0,4.667,0.000,-4.667,220,220,1054,600,600,50,0
2569,20,115,1,1,8,6,0,0,4.667,0.000,-4.667,220,220,1104,600,600,50,0
2570,20,115,1,1,7,5,0,0,4.000,0.000,-4.000,220,220,1154,600,600,50,0
2571,20,115,1,1,7,5,0,0,4.000,0.000,-4.000,220,220,1204,600,600,50,0
2572,20,116,2,1,9,0,5,0,4.667,0.000,-4.667,220,220,79,600,600,50,0
2573,20,116,2,1,12,0,6,1,6.000,0.000,-6.000,220,220,129,600,600,50,0
2574,20,116,2,1,9,0,6,3,5.000,0.000,-5.000,220,220,179,600,600,50,0
2575,20,116,2,1,10,0,6,5,5.333,0.000,-5.333,220,220,229,600,600,50,0
2576,20,116,2,1,10,0,7,8,5.667,0.000,-5.667,220,220,279,600,600,50,0
2577,20,116,2,1,11,0,7,11,6.000,0.000,-6.000,220,220,329,600,600,50,0
2578,20,116,2,1,11,0,8,14,6.333,0.000,-6.333,220,220,379,600,600,50,0
2579,20,116,2,1,12,0,8,16,6.667,0.000,-6.667,220,220,429,600,600,50,0
2580,20,116,2,1,11,3,8,18,7.333,3.000,-4.333,220,220,479,600,600,50,0
2581,20,116,2,1,12,9,8,21,9.667,9.000,-0.667,220,220,529,600,600,50,0
2582,20,116,2,1,13,16,9,24,12.667,16.000,3.333,220,220,579,600,600,50,1
2583,20,116,2,1,13,24,10,27,15.667,24.000,8.333,220,220,629,600,600,50,0
2584,20,116,2,1,14,31,10,29,18.333,31.000,12.667,220,220,679,600,600,50,0
2585,20,116,2,1,14,37,10,32,20.333,37.000,16.667,220,220,729,600,600,50,0
2586,20,116,2,1,14,45,11,34,23.333,45.000,21.667,220,220,779,600,600,50,0
2587,20,116,2,1,15,53,11,37,26.333,53.000,26.667,220,220,829,600,600,50,0
2588,20,116,2,1,15,60,12,40,29.000,60.000,31.000,220,220,879,600,600,50,0
2589,20,116,2,1,16,68,12,43,32.000,68.000,36.000,220,220,929,600,600,50,0
2590,20,116,2,1,16,76,13,46,35.000,76.000,41.000,220,220,979,600,600,50,0
2591,20,116,2,1,16,84,13,49,37.667,84.000,46.333,220,220,1029,600,600,50,0
2592,20,116,2,1,17,91,14,51,40.667,91.000,50.333,220,220,1079,600,600,50,0
2593,20,116,2,1,20,99,14,55,44.333,99.000,54.667,220,220,1129,600,600,50,0
2594,20,116,2,1,17,108,15,57,46.667,108.000,61.333,220,220,1179,600,600,50,0
2595,20,117,3,1,73,15,12,45,33.333,73.000,39.667,220,220,80,600,600,50,0
2596,20,117,3,1,66,14,12,42,30.667,66.000,35.333,220,220,130,600,600,50,0
2597,20,117,3,1,57,13,11,38,27.000,57.000,30.000,220,220,180,600,600,50,0
2598,20,117,3,1,50,13,11,35,24.667,50.000,25.333,220,220,230,600,600,50,0
2599,20,117,3,1,42,12,10,32,21.333,42.000,20.667,220,220,280,600,600,50,0
2600,20,117,3,1,35,12,10,30,19.000,35.000,16.000,220,220,330,600,600,50,0
2601,20,117,3,1,27,11,9,27,15.667,27.000,11.333,220,220,380,600,600,50,0
2602,20,117,3,1,20,11,10,24,13.667,20.000,6.333,220,220,430,600,600,50,0
2603,20,117,3,1,14,10,9,22,11.000,14.000,3.000,220,220,480,600,600,50,0
2604,20,117,3,1,7,10,9,20,8.667,7.000,-1.667,220,220,530,575,575,50,1
2605,20,117,3,1,0,10,8,17,6.000,0.000,-6.000,220,220,580,575,575,50,0
2606,20,117,3,1,0,9,8,14,5.667,0.000,-5.667,220,220,630,575,575,50,0
2607,20,117,3,1,0,9,7,11,5.333,0.000,-5.333,220,220,680,575,575,50,0
2608,20,117,3,1,0,8,7,9,5.000,0.000,-5.000,220,220,730,575,575,50,0
2609,20,117,3,1,0,8,7,6,5.000,0.000,-5.000,220,220,780,575,575,50,0
2610,20,117,3,1,0,8,6,3,4.667,0.000,-4.667,220,220,830,575,575,50,0
2611,20,117,3,1,0,7,6,1,4.333,0.000,-4.333,220,220,880,575,575,50,0
2612,20,117,3,1,0,7,5,0,4.000,0.000,-4.000,220,220,930,575,575,50,0
2613,20,117,3,1,0,6,4,0,3.333,0.000,-3.333,220,220,980,575,575,50,0
2614,20,117,3,1,0,6,5,0,3.667,0.000,-3.667,220,220,1030,575,575,50,0
2615,20,117,3,1,0,5,4,0,3.000,0.000,-3.000,220,220,1080,575,575,50,0
2616,20,118,4,1,10,10,0,0,6.667,0.000,-6.667,220,220,54,575,575,50,0
2617,20,118,4,1,7,8,0,0,5.000,0.000,-5.000,220,220,104,575,575,50,0
2618,20,118,4,1,8,7,0,0,5.000,0.000,-5.000,220,220,154,575,575,50,0
2619,20,118,4,1,9,7,0,3,5.333,0.000,-5.333,220,220,204,575,575,50,0
2620,20,118,4,1,10,8,0,6,6.000,0.000,-6.000,220,220,254,575,575,50,0
2621,20,118,4,1,10,9,0,9,6.333,0.000,-6.333,220,220,304,575,575,50,0
2622,20,118,4,1,10,9,0,11,6.333,0.000,-6.333,220,220,354,575,575,50,0
2623,20,118,4,1,10,9,0,14,6.333,0.000,-6.333,220,220,404,575,575,50,0
2624,20,118,4,1,11,10,0,17,7.000,0.000,-7.000,220,220,454,575,575,50,0
2625,20,118,4,1,12,10,3,20,8.333,3.000,-5.333,220,220,504,575,575,50,0
2626,20,118,4,1,12,11,11,22,11.333,11.000,-0.333,220,220,554,575,575,50,0
2627,20,118,4,1,13,11,17,25,13.667,17.000,3.333,220,220,604,600,600,50,1
2628,20,118,4,1,13,12,25,27,16.667,25.000,8.333,220,220,654,600,600,50,0
2629,20,118,4,1,13,11,32,30,18.667,32.000,13.333,220,220,704,600,600,50,0
2630,20,118,4,1,13,12,38,33,21.000,38.000,17.000,220,220,754,600,600,50,0
2631,20,118,4,1,17,13,46,36,25.333,46.000,20.667,220,220,804,600,600,50,0
2632,20,118,4,1,15,13,54,38,27.333,54.000,26.667,220,220,854,600,600,50,0
2633,20,118,4,1,15,13,60,41,29.333,60.000,30.667,220,220,904,600,600,50,0
2634,20,118,4,1,16,14,68,44,32.667,68.000,35.333,220,220,954,600,600,50,0
2635,20,118,4,1,16,14,76,46,35.333,76.000,40.667,220,220,1004,600,600,50,0
2636,20,118,4,1,16,14,83,49,37.667,83.000,45.333,220,220,1054,600,600,50,0
2637,20,118,4,1,17,14,90,52,40.333,90.000,49.667,220,220,1104,600,600,50,0
2638,20,118,4,1,17,15,98,54,43.333,98.000,54.667,220,220,1154,600,600,50,0
2639,20,118,4,1,17,15,106,57,46.000,106.000,60.000,220,220,1204,600,600,50,0
2640,20,119,5,1,16,69,13,44,32.667,69.000,36.333,220,220,79,600,600,50,0
2641,20,119,5,1,15,61,12,41,29.333,61.000,31.667,220,220,129,600,600,50,0
2642,20,119,5,1,15,54,12,38,27.000,54.000,27.000,220,220,179,600,600,50,0
2643,20,119,5,1,14,46,11,35,23.667,46.000,22.333,220,220,229,600,600,50,0
2644,20,119,5,1,14,39,10,32,21.000,39.000,18.000,220,220,279,600,600,50,0
2645,20,119,5,1,13,32,10,30,18.333,32.000,13.667,220,220,329,600,600,50,0
2646,20,119,5,1,13,25,10,27,16.000,25.000,9.000,220,220,379,600,600,50,0
2647,20,119,5,1,13,18,10,24,13.667,18.000,4.333,220,220,429,600,600,50,0
2648,20,119,5,1,12,11,9,22,10.667,11.000,0.333,220,220,479,600,600,50,0
2649,20,119,5,1,12,4,9,20,8.333,4.000,-4.333,220,220,529,575,575,50,1
2650,20,119,5,1,14,0,8,18,7.333,0.000,-7.333,220,220,579,575,575,50,0
2651,20,119,5,1,11,0,8,14,6.333,0.000,-6.333,220,220,629,575,575,50,0
2652,20,119,5,1,11,0,8,11,6.333,0.000,-6.333,220,220,679,575,575,50,0
2653,20,119,5,1,10,0,7,9,5.667,0.000,-5.667,220,220,729,575,575,50,0
2654,20,119,5,1,10,0,7,6,5.667,0.000,-5.667,220,220,779,575,575,50,0
2655,20,119,5,1,9,0,6,3,5.000,0.000,-5.000,220,220,829,575,575,50,0
2656,20,119,5,1,9,0,6,1,5.000,0.000,-5.000,220,220,879,575,575,50,0
2657,20,119,5,1,8,0,5,0,4.333,0.000,-4.333,220,220,929,575,575,50,0
2658,20,119,5,1,8,0,4,0,4.000,0.000,-4.000,220,220,979,575,575,50,0
2659,20,119,5,1,8,0,4,0,4.000,0.000,-4.000,220,220,1029,575,575,50,0
2660,20,119,5,1,7,0,3,0,3.333,0.000,-3.333,220,220,1079,575,575,50,0
2661,20,120,6,1,0,8,9,0,5.667,0.000,-5.667,220,220,54,575,575,50,0
2662,20,120,6,1,0,6,6,0,4.000,0.000,-4.000,220,220,104,575,575,50,0
2663,20,120,6,1,0,7,7,2,4.667,0.000,-4.667,220,220,154,575,575,50,0
2664,20,120,6,1,0,7,7,5,4.667,0.000,-4.667,220,220,204,575,575,50,0
2665,20,120,6,1,0,8,7,7,5.000,0.000,-5.000,220,220,254,575,575,50,0
2666,20,120,6,1,0,8,7,11,5.000,0.000,-5.000,220,220,304,575,575,50,0
2667,20,120,6,1,0,9,8,13,5.667,0.000,-5.667,220,220,354,575,575,50,0
2668,20,120,6,1,0,9,8,16,5.667,0.000,-5.667,220,220,404,575,575,50,0
2669,20,120,6,1,7,10,9,19,8.667,7.000,-1.667,220,220,454,575,575,50,0
2670,20,120,6,1,11,10,9,21,10.000,11.000,1.000,220,220,504,550,550,50,1
2671,20,120,6,1,18,10,9,24,12.333,18.000,5.667,220,220,554,550,550,50,0
2672,20,120,6,1,25,11,10,27,15.333,25.000,9.667,220,220,604,550,550,50,0
2673,20,120,6,1,33,11,10,29,18.000,33.000,15.000,220,220,654,550,550,50,0
2674,20,120,6,1,40,12,11,32,21.000,40.000,19.000,220,220,704,550,550,50,0
2675,20,120,6,1,47,12,11,35,23.333,47.000,23.667,220,220,754,550,550,50,0
2676,20,120,6,1,55,13,11,38,26.333,55.000,28.667,220,220,804,550,550,50,0
2677,20,120,6,1,62,13,12,40,29.000,62.000,33.000,220,220,854,550,550,50,0
2678,20,120,6,1,69,14,12,43,31.667,69.000,37.333,220,220,904,550,550,50,0
2679,20,120,6,1,76,14,12,46,34.000,76.000,42.000,220,220,954,550,550,50,0
2680,20,120,6,1,83,14,13,48,36.667,83.000,46.333,220,220,1004,550,550,50,0
2681,20,120,6,1,90,15,13,51,39.333,90.000,50.667,220,220,1054,550,550,50,0
2682,21,121,1,1,18,15,85,50,39.333,85.000,45.667,220,220,79,550,550,50,0
2683,21,121,1,1,17,14,77,48,36.000,77.000,41.000,220,220,129,550,550,50,0
2684,21,121,1,1,16,14,71,45,33.667,71.000,37.333,220,220,179,550,550,50,0
2685,21,121,1,1,16,13,63,42,30.667,63.000,32.333,220,220,229,550,550,50,0
2686,21,121,1,1,15,13,55,39,27.667,55.000,27.333,220,220,279,550,550,50,0
2687,21,121,1,1,15,12,48,36,25.000,48.000,23.000,220,220,329,550,550,50,0
2688,21,121,1,1,18,12,41,34,23.667,41.000,17.333,220,220,379,550,550,50,0
2689,21,121,1,1,14,11,33,31,19.333,33.000,13.667,220,220,429,550,550,50,0
2690,21,121,1,1,14,11,26,28,17.000,26.000,9.000,220,220,479,550,550,50,0
2691,21,121,1,1,13,11,20,25,14.667,20.000,5.333,220,220,529,550,550,50,0
2692,21,121,1,1,13,10,13,24,12.000,13.000,1.000,220,220,579,550,550,50,0
2693,21,121,1,1,13,10,6,21,9.667,6.000,-3.667,220,220,629,600,600,50,1
2694,21,121,1,1,12,10,0,18,7.333,0.000,-7.333,220,220,679,600,600,50,0
2695,21,121,1,1,12,9,0,16,7.000,0.000,-7.000,220,220,729,600,600,50,0
2696,21,121,1,1,12,8,0,13,6.667,0.000,-6.667,220,220,779,600,600,50,0
2697,21,121,1,1,11,9,0,10,6.667,0.000,-6.667,220,220,829,600,600,50,0
2698,21,121,1,1,10,8,0,8,6.000,0.000,-6.000,220,220,879,600,600,50,0
2699,21,121,1,1,10,7,0,5,5.667,0.000,-5.667,220,220,929,600,600,50,0
2700,21,121,1,1,9,7,0,2,5.333,0.000,-5.333,220,220,979,600,600,50,0
2701,21,121,1,1,9,6,0,0,5.000,0.000,-5.000,220,220,1029,600,600,50,0
2702,21,121,1,1,8,6,0,0,4.667,0.000,-4.667,220,220,1079,600,600,50,0
2703,21,121,1,1,8,6,0,0,4.667,0.000,-4.667,220,220,1129,600,600,50,0
2704,21,121,1,1,8,5,0,0,4.333,0.000,-4.333,220,220,1179,600,600,50,0
2705,21,121,1,1,7,5,0,0,4.000,0.000,-4.000,220,220,1229,600,600,50,0
2706,21,122,2,1,10,0,4,0,4.667,0.000,-4.667,220,220,79,600,600,50,0
2707,21,122,2,1,8,0,5,0,4.333,0.000,-4.333,220,220,129,600,600,50,0
2708,21,122,2,1,12,0,6,2,6.000,0.000,-6.000,220,220,179,600,600,50,0
2709,21,122,2,1,9,0,6,4,5.000,0.000,-5.000,220,220,229,600,600,50,0
2710,21,122,2,1,10,0,7,7,5.667,0.000,-5.667,220,220,279,600,600,50,0
2711,21,122,2,1,11,0,7,10,6.000,0.000,-6.000,220,220,329,600,600,50,0
2712,21,122,2,1,11,0,7,13,6.000,0.000,-6.000,220,220,379,600,600,50,0
2713,21,122,2,1,12,0,8,16,6.667,0.000,-6.667,220,220,429,600,600,50,0
2714,21,122,2,1,12,2,8,19,7.333,2.000,-5.333,220,220,479,600,600,50,0
2715,21,122,2,1,13,9,9,21,10.333,9.000,-1.333,220,220,529,600,600,50,0
2716,21,122,2,1,13,16,9,24,12.667,16.000,3.333,220,220,579,600,600,50,1
2717,21,122,2,1,13,23,9,26,15.000,23.000,8.000,220,220,629,600,600,50,0
2718,21,122,2,1,14,30,10,29,18.000,30.000,12.000,220,220,679,600,600,50,0
2719,21,122,2,1,15,37,10,32,20.667,37.000,16.333,220,220,729,600,600,50,0
2720,21,122,2,1,14,44,11,34,23.000,44.000,21.000,220,220,779,600,600,50,0
2721,21,122,2,1,15,52,11,37,26.000,52.000,26.000,220,220,829,600,600,50,0
2722,21,122,2,1,15,59,11,40,28.333,59.000,30.667,220,220,879,600,600,50,0
2723,21,122,2,1,16,66,12,42,31.333,66.000,34.667,220,220,929,600,600,50,0
2724,21,122,2,1,16,74,13,45,34.333,74.000,39.667,220,220,979,600,600,50,0
2725,21,122,2,1,16,81,13,48,36.667,81.000,44.333,220,220,1029,600,600,50,0
2726,21,122,2,1,17,88,13,50,39.333,88.000,48.667,220,220,1079,600,600,50,0
2727,21,122,2,1,20,96,14,53,43.333,96.000,52.667,220,220,1129,600,600,50,0
2728,21,122,2,1,17,104,14,56,45.000,104.000,59.000,220,220,1179,600,600,50,0
2729,21,123,3,1,75,15,12,45,34.000,75.000,41.000,220,220,80,600,600,50,0
2730,21,123,3,1,67,14,12,42,31.000,67.000,36.000,220,220,130,600,600,50,0
2731,21,123,3,1,59,13,11,39,27.667,59.000,31.333,220,220,180,600,600,50,0
2732,21,123,3,1,51,13,11,36,25.000,51.000,26.000,220,220,230,600,600,50,0
2733,21,123,3,1,44,12,11,33,22.333,44.000,21.667,220,220,280,600,600,50,0
2734,21,123,3,1,37,12,10,30,19.667,37.000,17.333,220,220,330,600,600,50,0
2735,21,123,3,1,29,12,9,28,16.667,29.000,12.333,220,220,380,600,600,50,0
2736,21,123,3,1,22,11,9,25,14.000,22.000,8.000,220,220,430,600,600,50,0
2737,21,123,3,1,16,11,9,23,12.000,16.000,4.000,220,220,480,600,600,50,0
2738,21,123,3,1,8,11,9,20,9.333,8.000,-1.333,220,220,530,575,575,50,1
2739,21,123,3,1,1,10,8,17,6.333,1.000,-5.333,220,220,580,575,575,50,0
2740,21,123,3,1,0,9,8,14,5.667,0.000,-5.667,220,220,630,575,575,50,0
2741,21,123,3,1,0,9,8,12,5.667,0.000,-5.667,220,220,680,575,575,50,0
2742,21,123,3,1,0,9,7,9,5.333,0.000,-5.333,220,220,730,575,575,50,0
2743,21,123,3,1,0,8,6,6,4.667,0.000,-4.667,220,220,780,575,575,50,0
2744,21,123,3,1,0,8,6,3,4.667,0.000,-4.667,220,220,830,575,575,50,0
2745,21,123,3,1,0,7,5,0,4.000,0.000,-4.000,220,220,880,575,575,50,0
2746,21,123,3,1,0,6,5,0,3.667,0.000,-3.667,220,220,930,575,575,50,0
2747,21,123,3,1,0,6,5,0,3.667,0.000,-3.667,220,220,980,575,575,50,0
2748,21,123,3,1,0,5,5,0,3.333,0.000,-3.333,220,220,1030,575,575,50,0
2749,21,123,3,1,0,5,4,0,3.000,0.000,-3.000,220,220,1080,575,575,50,0
2750,21,124,4,1,11,10,0,0,7.000,0.000,-7.000,220,220,54,575,575,50,0
2751,21,124,4,1,8,8,0,0,5.333,0.000,-5.333,220,220,104,575,575,50,0
2752,21,124,4,1,9,8,0,2,5.667,0.000,-5.667,220,220,154,575,575,50,0
2753,21,124,4,1,9,8,0,4,5.667,0.000,-5.667,220,220,204,575,575,50,0
2754,21,124,4,1,10,8,0,7,6.000,0.000,-6.000,220,220,254,575,575,50,0
2755,21,124,4,1,10,9,0,10,6.333,0.000,-6.333,220,220,304,575,575,50,0
2756,21,124,4,1,10,9,0,13,6.333,0.000,-6.333,220,220,354,575,575,50,0
2757,21,124,4,1,11,9,0,15,6.667,0.000,-6.667,220,220,404,575,575,50,0
2758,21,124,4,1,12,10,0,18,7.333,0.000,-7.333,220,220,454,575,575,50,0
2759,21,124,4,1,12,10,6,21,9.333,6.000,-3.333,220,220,504,575,575,50,0
2760,21,124,4,1,12,11,13,23,12.000,13.000,1.000,220,220,554,575,575,50,1
2761,21,124,4,1,12,11,19,25,14.000,19.000,5.000,220,220,604,575,575,50,0
2762,21,124,4,1,12,11,27,29,16.667,27.000,10.333,220,220,654,575,575,50,0
2763,21,124,4,1,13,12,33,31,19.333,33.000,13.667,220,220,704,575,575,50,0
2764,21,124,4,1,14,12,40,33,22.000,40.000,18.000,220,220,754,575,575,50,0
2765,21,124,4,1,18,12,47,37,25.667,47.000,21.333,220,220,804,575,575,50,0
2766,21,124,4,1,15,13,55,39,27.667,55.000,27.333,220,220,854,575,575,50,0
2767,21,124,4,1,15,13,62,41,30.000,62.000,32.000,220,220,904,575,575,50,0
2768,21,124,4,1,16,13,69,44,32.667,69.000,36.333,220,220,954,575,575,50,0
2769,21,124,4,1,16,14,77,47,35.667,77.000,41.333,220,220,1004,575,575,50,0
2770,21,124,4,1,17,14,84,50,38.333,84.000,45.667,220,220,1054,575,575,50,0
2771,21,124,4,1,17,15,91,52,41.000,91.000,50.000,220,220,1104,575,575,50,0
2772,21,125,5,1,12,83,13,47,36.000,83.000,47.000,220,220,54,575,575,50,0
2773,21,125,5,1,16,78,14,48,36.000,78.000,42.000,220,220,104,575,575,50,0
2774,21,125,5,1,16,71,13,45,33.333,71.000,37.667,220,220,154,575,575,50,0
2775,21,125,5,1,16,63,12,42,30.333,63.000,32.667,220,220,204,575,575,50,0
2776,21,125,5,1,15,56,12,39,27.667,56.000,28.333,220,220,254,575,575,50,0
2777,21,125,5,1,15,48,12,36,25.000,48.000,23.000,220,220,304,575,575,50,0
2778,21,125,5,1,14,41,11,33,22.000,41.000,19.000,220,220,354,575,575,50,0
2779,21,125,5,1,13,33,10,31,18.667,33.000,14.333,220,220,404,575,575,50,0
2780,21,125,5,1,13,26,11,28,16.667,26.000,9.333,220,220,454,575,575,50,0
2781,21,125,5,1,13,19,10,25,14.000,19.000,5.000,220,220,504,575,575,50,0
2782,21,125,5,1,13,12,10,23,11.667,12.000,0.333,220,220,554,575,575,50,0
2783,21,125,5,1,12,5,9,20,8.667,5.000,-3.667,220,220,604,600,600,50,1
2784,21,125,5,1,11,0,9,18,6.667,0.000,-6.667,220,220,654,600,600,50,0
2785,21,125,5,1,14,0,8,15,7.333,0.000,-7.333,220,220,704,600,600,50,0
2786,21,125,5,1,11,0,8,12,6.333,0.000,-6.333,220,220,754,600,600,50,0
2787,21,125,5,1,10,0,7,9,5.667,0.000,-5.667,220,220,804,600,600,50,0
2788,21,125,5,1,10,0,7,6,5.667,0.000,-5.667,220,220,854,600,600,50,0
2789,21,125,5,1,10,0,7,3,5.667,0.000,-5.667,220,220,904,600,600,50,0
2790,21,125,5,1,9,0,6,0,5.000,0.000,-5.000,220,220,954,600,600,50,0
2791,21,125,5,1,8,0,5,0,4.333,0.000,-4.333,220,220,1004,600,600,50,0
2792,21,125,5,1,8,0,5,0,4.333,0.000,-4.333,220,220,1054,600,600,50,0
2793,21,125,5,1,8,0,4,0,4.000,0.000,-4.000,220,220,1104,600,600,50,0
2794,21,125,5,1,7,0,4,0,3.667,0.000,-3.667,220,220,1154,600,600,50,0
2795,21,125,5,1,6,0,3,0,3.000,0.000,-3.000,220,220,1204,600,600,50,0
2796,21,126,6,1,0,6,7,0,4.333,0.000,-4.333,220,220,79,600,600,50,0
2797,21,126,6,1,0,7,7,2,4.667,0.000,-4.667,220,220,129,600,600,50,0
2798,21,126,6,1,0,7,7,4,4.667,0.000,-4.667,220,220,179,600,600,50,0
2799,21,126,6,1,0,8,7,7,5.000,0.000,-5.000,220,220,229,600,600,50,0
2800,21,126,6,1,0,8,8,10,5.333,0.000,-5.333,220,220,279,600,600,50,0
2801,21,126,6,1,0,9,8,13,5.667,0.000,-5.667,220,220,329,600,600,50,0
2802,21,126,6,1,0,9,9,15,6.000,0.000,-6.000,220,220,379,600,600,50,0
2803,21,126,6,1,2,9,9,18,6.667,2.000,-4.667,220,220,429,600,600,50,0
2804,21,126,6,1,13,10,9,21,10.667,13.000,2.333,220,220,479,550,550,50,1
2805,21,126,6,1,17,10,9,24,12.000,17.000,5.000,220,220,529,550,550,50,0
2806,21,126,6,1,23,10,10,26,14.333,23.000,8.667,220,220,579,550,550,50,0
2807,21,126,6,1,30,11,10,29,17.000,30.000,13.000,220,220,629,550,550,50,0
2808,21,126,6,1,38,12,11,31,20.333,38.000,17.667,220,220,679,550,550,50,0
2809,21,126,6,1,44,12,11,34,22.333,44.000,21.667,220,220,729,550,550,50,0
2810,21,126,6,1,52,13,11,37,25.333,52.000,26.667,220,220,779,550,550,50,0
2811,21,126,6,1,59,13,12,39,28.000,59.000,31.000,220,220,829,550,550,50,0
2812,21,126,6,1,66,13,12,42,30.333,66.000,35.667,220,220,879,550,550,50,0
2813,21,126,6,1,73,14,13,44,33.333,73.000,39.667,220,220,929,550,550,50,0
2814,21,126,6,1,80,14,13,47,35.667,80.000,44.333,220,220,979,550,550,50,0
2815,21,126,6,1,88,15,13,50,38.667,88.000,49.333,220,220,1029,550,550,50,0
2816,22,127,1,1,18,14,84,51,38.667,84.000,45.333,220,220,78,550,550,50,0
2817,22,127,1,1,17,14,77,47,36.000,77.000,41.000,220,220,128,550,550,50,0
2818,22,127,1,1,16,14,69,44,33.000,69.000,36.000,220,220,178,550,550,50,0
2819,22,127,1,1,16,13,62,42,30.333,62.000,31.667,220,220,228,550,550,50,0
2820,22,127,1,1,15,13,54,39,27.333,54.000,26.667,220,220,278,550,550,50,0
2821,22,127,1,1,14,13,47,36,24.667,47.000,22.333,220,220,328,550,550,50,0
2822,22,127,1,1,18,12,39,34,23.000,39.000,16.000,220,220,378,550,550,50,0
2823,22,127,1,1,14,11,32,30,19.000,32.000,13.000,220,220,428,550,550,50,0
2824,22,127,1,1,14,11,25,27,16.667,25.000,8.333,220,220,478,550,550,50,0
2825,22,127,1,1,13,11,18,25,14.000,18.000,4.000,220,220,528,550,550,50,0
2826,22,127,1,1,13,10,11,23,11.333,11.000,-0.333,220,220,578,550,550,50,1
2827,22,127,1,1,13,10,5,20,9.333,5.000,-4.333,220,220,628,600,600,50,0
2828,22,127,1,1,12,9,0,17,7.000,0.000,-7.000,220,220,678,600,600,50,0
2829,22,127,1,1,12,9,0,15,7.000,0.000,-7.000,220,220,728,600,600,50,0
2830,22,127,1,1,11,9,0,12,6.667,0.000,-6.667,220,220,778,600,600,50,0
2831,22,127,1,1,11,8,0,9,6.333,0.000,-6.333,220,220,828,600,600,50,0
2832,22,127,1,1,11,8,0,6,6.333,0.000,-6.333,220,220,878,600,600,50,0
2833,22,127,1,1,9,7,0,3,5.333,0.000,-5.333,220,220,928,600,600,50,0
2834,22,127,1,1,9,7,0,1,5.333,0.000,-5.333,220,220,978,600,600,50,0
2835,22,127,1,1,9,6,0,0,5.000,0.000,-5.000,220,220,1028,600,600,50,0
2836,22,127,1,1,8,6,0,0,4.667,0.000,-4.667,220,220,1078,600,600,50,0
2837,22,127,1,1,8,5,0,0,4.333,0.000,-4.333,220,220,1128,600,600,50,0
2838,22,127,1,1,7,5,0,0,4.000,0.000,-4.000,220,220,1178,600,600,50,0
2839,22,127,1,1,6,5,0,0,3.667,0.000,-3.667,220,220,1228,600,600,50,0
2840,22,128,2,1,10,0,5,0,5.000,0.000,-5.000,220,220,79,600,600,50,0
2841,22,128,2,1,9,0,5,0,4.667,0.000,-4.667,220,220,129,600,600,50,0
2842,22,128,2,1,13,0,6,3,6.333,0.000,-6.333,220,220,179,600,600,50,0
2843,22,128,2,1,10,0,6,5,5.333,0.000,-5.333,220,220,229,600,600,50,0
2844,22,128,2,1,10,0,7,8,5.667,0.000,-5.667,220,220,279,600,600,50,0
2845,22,128,2,1,11,0,7,11,6.000,0.000,-6.000,220,220,329,600,600,50,0
2846,22,128,2,1,11,0,8,13,6.333,0.000,-6.333,220,220,379,600,600,50,0
2847,22,128,2,1,12,0,8,16,6.667,0.000,-6.667,220,220,429,600,600,50,0
2848,22,128,2,1,12,3,8,19,7.667,3.000,-4.667,220,220,479,600,600,50,0
2849,22,128,2,1,13,10,9,22,10.667,10.000,-0.667,220,220,529,600,600,50,0
2850,22,128,2,1,13,17,9,24,13.000,17.000,4.000,220,220,579,600,600,50,1
2851,22,128,2,1,14,24,9,26,15.667,24.000,8.333,220,220,629,600,600,50,0
2852,22,128,2,1,14,30,10,29,18.000,30.000,12.000,220,220,679,600,600,50,0
2853,22,128,2,1,14,38,10,32,20.667,38.000,17.333,220,220,729,600,600,50,0
2854,22,128,2,1,15,45,11,34,23.667,45.000,21.333,220,220,779,600,600,50,0
2855,22,128,2,1,15,52,11,37,26.000,52.000,26.000,220,220,829,600,600,50,0
2856,22,128,2,1,15,60,12,40,29.000,60.000,31.000,220,220,879,600,600,50,0
2857,22,128,2,1,16,68,11,43,31.667,68.000,36.333,220,220,929,600,600,50,0
2858,22,128,2,1,16,75,12,45,34.333,75.000,40.667,220,220,979,600,600,50,0
2859,22,128,2,1,17,82,13,48,37.333,82.000,44.667,220,220,1029,600,600,50,0
2860,22,128,2,1,17,90,13,51,40.000,90.000,50.000,220,220,1079,600,600,50,0
2861,22,128,2,1,20,98,14,54,44.000,98.000,54.000,220,220,1129,600,600,50,0
2862,22,128,2,1,17,106,14,57,45.667,106.000,60.333,220,220,1179,600,600,50,0
2863,22,129,3,1,77,15,12,46,34.667,77.000,42.333,220,220,80,600,600,50,0
2864,22,129,3,1,69,14,12,43,31.667,69.000,37.333,220,220,130,600,600,50,0
2865,22,129,3,1,61,14,11,39,28.667,61.000,32.333,220,220,180,600,600,50,0
2866,22,129,3,1,52,13,11,36,25.333,52.000,26.667,220,220,230,600,600,50,0
2867,22,129,3,1,44,12,11,33,22.333,44.000,21.667,220,220,280,600,600,50,0
2868,22,129,3,1,37,12,11,31,20.000,37.000,17.000,220,220,330,600,600,50,0
2869,22,129,3,1,29,12,10,28,17.000,29.000,12.000,220,220,380,600,600,50,0
2870,22,129,3,1,22,12,9,25,14.333,22.000,7.667,220,220,430,600,600,50,0
2871,22,129,3,1,15,11,9,22,11.667,15.000,3.333,220,220,480,600,600,50,0
2872,22,129,3,1,8,10,8,20,8.667,8.000,-0.667,220,220,530,600,600,50,1
2873,22,129,3,1,0,10,8,17,6.000,0.000,-6.000,220,220,580,600,600,50,0
2874,22,129,3,1,0,9,8,14,5.667,0.000,-5.667,220,220,630,600,600,50,0
2875,22,129,3,1,0,9,8,12,5.667,0.000,-5.667,220,220,680,600,600,50,0
2876,22,129,3,1,0,8,7,9,5.000,0.000,-5.000,220,220,730,600,600,50,0
2877,22,129,3,1,0,8,7,6,5.000,0.000,-5.000,220,220,780,600,600,50,0
2878,22,129,3,1,0,8,6,3,4.667,0.000,-4.667,220,220,830,600,600,50,0
2879,22,129,3,1,0,7,6,1,4.333,0.000,-4.333,220,220,880,600,600,50,0
2880,22,129,3,1,0,6,5,0,3.667,0.000,-3.667,220,220,930,600,600,50,0
2881,22,129,3,1,0,6,5,0,3.667,0.000,-3.667,220,220,980,600,600,50,0
2882,22,129,3,1,0,6,4,0,3.333,0.000,-3.333,220,220,1030,600,600,50,0
2883,22,129,3,1,0,5,4,0,3.000,0.000,-3.000,220,220,1080,600,600,50,0
2884,22,129,3,1,0,4,4,0,2.667,0.000,-2.667,220,220,1130,600,600,50,0
2885,22,129,3,1,0,4,3,0,2.333,0.000,-2.333,220,220,1180,600,600,50,0
2886,22,130,4,1,8,8,0,2,5.333,0.000,-5.333,220,220,80,600,600,50,0
2887,22,130,4,1,9,8,0,4,5.667,0.000,-5.667,220,220,130,600,600,50,0
2888,22,130,4,1,10,8,0,7,6.000,0.000,-6.000,220,220,180,600,600,50,0
2889,22,130,4,1,10,9,0,10,6.333,0.000,-6.333,220,220,230,600,600,50,0
2890,22,130,4,1,10,9,0,12,6.333,0.000,-6.333,220,220,280,600,600,50,0
2891,22,130,4,1,11,9,0,15,6.667,0.000,-6.667,220,220,330,600,600,50,0
2892,22,130,4,1,11,9,0,18,6.667,0.000,-6.667,220,220,380,600,600,50,0
2893,22,130,4,1,12,10,6,20,9.333,6.000,-3.333,220,220,430,600,600,50,0
2894,22,130,4,1,12,10,12,23,11.333,12.000,0.667,220,220,480,550,550,50,1
2895,22,130,4,1,12,11,19,26,14.000,19.000,5.000,220,220,530,550,550,50,0
2896,22,130,4,1,13,12,27,28,17.333,27.000,9.667,220,220,580,550,550,50,0
2897,22,130,4,1,14,12,34,31,20.000,34.000,14.000,220,220,630,550,550,50,0
2898,22,130,4,1,14,12,41,33,22.333,41.000,18.667,220,220,680,550,550,50,0
2899,22,130,4,1,17,13,48,37,26.000,48.000,22.000,220,220,730,550,550,50,0
2900,22,130,4,1,15,13,56,39,28.000,56.000,28.000,220,220,780,550,550,50,0
2901,22,130,4,1,15,13,64,42,30.667,64.000,33.333,220,220,830,550,550,50,0
2902,22,130,4,1,16,14,71,45,33.667,71.000,37.333,220,220,880,550,550,50,0
2903,22,130,4,1,16,14,79,47,36.333,79.000,42.667,220,220,930,550,550,50,0
2904,22,130,4,1,17,14,86,50,39.000,86.000,47.000,220,220,980,550,550,50,0
2905,22,130,4,1,17,15,94,54,42.000,94.000,52.000,220,220,1030,550,550,50,0
2906,22,131,5,1,16,81,13,48,36.667,81.000,44.333,220,220,79,550,550,50,0
2907,22,131,5,1,16,73,12,45,33.667,73.000,39.333,220,220,129,550,550,50,0
2908,22,131,5,1,16,66,12,42,31.333,66.000,34.667,220,220,179,550,550,50,0
2909,22,131,5,1,15,58,12,40,28.333,58.000,29.667,220,220,229,550,550,50,0
2910,22,131,5,1,15,51,11,37,25.667,51.000,25.333,220,220,279,550,550,50,0
2911,22,131,5,1,14,43,11,34,22.667,43.000,20.333,220,220,329,550,550,50,0
2912,22,131,5,1,14,36,11,31,20.333,36.000,15.667,220,220,379,550,550,50,0
2913,22,131,5,1,13,29,10,29,17.333,29.000,11.667,220,220,429,550,550,50,0
2914,22,131,5,1,13,22,10,26,15.000,22.000,7.000,220,220,479,550,550,50,0
2915,22,131,5,1,12,15,10,23,12.333,15.000,2.667,220,220,529,550,550,50,0
2916,22,131,5,1,12,9,9,21,10.000,9.000,-1.000,220,220,579,575,575,50,1
2917,22,131,5,1,12,1,9,19,7.333,1.000,-6.333,220,220,629,575,575,50,0
2918,22,131,5,1,11,0,8,16,6.333,0.000,-6.333,220,220,679,575,575,50,0
2919,22,131,5,1,14,0,8,14,7.333,0.000,-7.333,220,220,729,575,575,50,0
2920,22,131,5,1,11,0,7,11,6.000,0.000,-6.000,220,220,779,575,575,50,0
2921,22,131,5,1,10,0,7,8,5.667,0.000,-5.667,220,220,829,575,575,50,0
2922,22,131,5,1,9,0,7,5,5.333,0.000,-5.333,220,220,879,575,575,50,0
2923,22,131,5,1,9,0,6,2,5.000,0.000,-5.000,220,220,929,575,575,50,0
2924,22,131,5,1,9,0,6,0,5.000,0.000,-5.000,220,220,979,575,575,50,0
2925,22,131,5,1,8,0,5,0,4.333,0.000,-4.333,220,220,1029,575,575,50,0
2926,22,131,5,1,8,0,5,0,4.333,0.000,-4.333,220,220,1079,575,575,50,0
2927,22,131,5,1,7,0,4,0,3.667,0.000,-3.667,220,220,1129,575,575,50,0
2928,22,132,6,1,0,7,8,0,5.000,0.000,-5.000,220,220,54,575,575,50,0
2929,22,132,6,1,0,6,6,0,4.000,0.000,-4.000,220,220,104,575,575,50,0
2930,22,132,6,1,0,6,6,0,4.000,0.000,-4.000,220,220,154,575,575,50,0
2931,22,132,6,1,0,7,6,2,4.333,0.000,-4.333,220,220,204,575,575,50,0
2932,22,132,6,1,0,8,7,4,5.000,0.000,-5.000,220,220,254,575,575,50,0
2933,22,132,6,1,0,7,7,7,4.667,0.000,-4.667,220,220,304,575,575,50,0
2934,22,132,6,1,0,8,8,10,5.333,0.000,-5.333,220,220,354,575,575,50,0
2935,22,132,6,1,0,8,8,13,5.333,0.000,-5.333,220,220,404,575,575,50,0
2936,22,132,6,1,0,9,8,16,5.667,0.000,-5.667,220,220,454,575,575,50,0
2937,22,132,6,1,6,9,9,19,8.000,6.000,-2.000,220,220,504,575,575,50,0
2938,22,132,6,1,10,10,10,21,10.000,10.000,0.000,220,220,554,575,575,50,1
2939,22,132,6,1,18,10,9,24,12.333,18.000,5.667,220,220,604,600,600,50,0
2940,22,132,6,1,24,11,9,26,14.667,24.000,9.333,220,220,654,600,600,50,0
2941,22,132,6,1,31,11,10,29,17.333,31.000,13.667,220,220,704,600,600,50,0
2942,22,132,6,1,39,12,10,32,20.333,39.000,18.667,220,220,754,600,600,50,0
2943,22,132,6,1,46,12,11,34,23.000,46.000,23.000,220,220,804,600,600,50,0
2944,22,132,6,1,54,13,12,37,26.333,54.000,27.667,220,220,854,600,600,50,0
2945,22,132,6,1,62,13,12,40,29.000,62.000,33.000,220,220,904,600,600,50,0
2946,22,132,6,1,69,13,12,43,31.333,69.000,37.667,220,220,954,600,600,50,0
2947,22,132,6,1,77,14,12,46,34.333,77.000,42.667,220,220,1004,600,600,50,0
2948,22,132,6,1,83,14,12,48,36.333,83.000,46.667,220,220,1054,600,600,50,0
2949,22,132,6,1,91,15,13,51,39.667,91.000,51.333,220,220,1104,600,600,50,0
2950,22,132,6,1,98,15,13,53,42.000,98.000,56.000,220,220,1154,600,600,50,0
2951,22,132,6,1,106,16,14,56,45.333,106.000,60.667,220,220,1204,600,600,50,0
2952,23,133,1,1,17,13,69,45,33.000,69.000,36.000,220,220,79,600,600,50,0
2953,23,133,1,1,16,13,61,42,30.000,61.000,31.000,220,220,129,600,600,50,0
2954,23,133,1,1,16,13,53,39,27.333,53.000,25.667,220,220,179,600,600,50,0
2955,23,133,1,1,15,12,46,36,24.333,46.000,21.667,220,220,229,600,600,50,0
2956,23,133,1,1,17,12,38,33,22.333,38.000,15.667,220,220,279,600,600,50,0
2957,23,133,1,1,14,11,31,30,18.667,31.000,12.333,220,220,329,600,600,50,0
2958,23,133,1,1,14,11,24,27,16.333,24.000,7.667,220,220,379,600,600,50,0
2959,23,133,1,1,14,10,17,25,13.667,17.000,3.333,220,220,429,600,600,50,0
2960,23,133,1,1,13,10,11,22,11.333,11.000,-0.333,220,220,479,600,600,50,1
2961,23,133,1,1,12,10,4,20,8.667,4.000,-4.667,220,220,529,575,575,50,0
2962,23,133,1,1,12,10,0,17,7.333,0.000,-7.333,220,220,579,575,575,50,0
2963,23,133,1,1,11,9,0,15,6.667,0.000,-6.667,220,220,629,575,575,50,0
2964,23,133,1,1,11,9,0,12,6.667,0.000,-6.667,220,220,679,575,575,50,0
2965,23,133,1,1,11,8,0,10,6.333,0.000,-6.333,220,220,729,575,575,50,0
2966,23,133,1,1,10,8,0,7,6.000,0.000,-6.000,220,220,779,575,575,50,0
2967,23,133,1,1,10,7,0,3,5.667,0.000,-5.667,220,220,829,575,575,50,0
2968,23,133,1,1,9,7,0,1,5.333,0.000,-5.333,220,220,879,575,575,50,0
2969,23,133,1,1,8,7,0,0,5.000,0.000,-5.000,220,220,929,575,575,50,0
2970,23,133,1,1,8,6,0,0,4.667,0.000,-4.667,220,220,979,575,575,50,0
2971,23,133,1,1,8,5,0,0,4.333,0.000,-4.333,220,220,1029,575,575,50,0
2972,23,133,1,1,7,5,0,0,4.000,0.000,-4.000,220,220,1079,575,575,50,0
2973,23,134,2,1,13,0,5,0,6.000,0.000,-6.000,220,220,54,575,575,50,0
2974,23,134,2,1,10,0,5,0,5.000,0.000,-5.000,220,220,104,575,575,50,0
2975,23,134,2,1,13,0,5,1,6.000,0.000,-6.000,220,220,154,575,575,50,0
2976,23,134,2,1,10,0,6,4,5.333,0.000,-5.333,220,220,204,575,575,50,0
2977,23,134,2,1,10,0,7,7,5.667,0.000,-5.667,220,220,254,575,575,50,0
2978,23,134,2,1,11,0,7,9,6.000,0.000,-6.000,220,220,304,575,575,50,0
2979,23,134,2,1,11,0,7,12,6.000,0.000,-6.000,220,220,354,575,575,50,0
2980,23,134,2,1,11,0,8,15,6.333,0.000,-6.333,220,220,404,575,575,50,0
2981,23,134,2,1,12,0,8,18,6.667,0.000,-6.667,220,220,454,575,575,50,0
2982,23,134,2,1,12,7,9,20,9.333,7.000,-2.333,220,220,504,575,575,50,0
2983,23,134,2,1,13,14,9,23,12.000,14.000,2.000,220,220,554,575,575,50,1
2984,23,134,2,1,13,21,9,25,14.333,21.000,6.667,220,220,604,575,575,50,0
2985,23,134,2,1,14,28,10,28,17.333,28.000,10.667,220,220,654,575,575,50,0
2986,23,134,2,1,14,35,10,31,19.667,35.000,15.333,220,220,704,575,575,50,0
2987,23,134,2,1,14,42,11,33,22.333,42.000,19.667,220,220,754,575,575,50,0
2988,23,134,2,1,15,50,11,36,25.333,50.000,24.667,220,220,804,575,575,50,0
2989,23,134,2,1,15,58,11,39,28.000,58.000,30.000,220,220,854,575,575,50,0
2990,23,134,2,1,16,65,12,42,31.000,65.000,34.000,220,220,904,575,575,50,0
2991,23,134,2,1,16,73,13,45,34.000,73.000,39.000,220,220,954,575,575,50,0
2992,23,134,2,1,16,81,13,48,36.667,81.000,44.333,220,220,1004,575,575,50,0
2993,23,134,2,1,17,88,13,50,39.333,88.000,48.667,220,220,1054,575,575,50,0
2994,23,134,2,1,17,95,14,53,42.000,95.000,53.000,220,220,1104,575,575,50,0
2995,23,135,3,1,83,14,10,46,35.667,83.000,47.333,220,220,55,575,575,50,0
2996,23,135,3,1,79,15,12,47,35.333,79.000,43.667,220,220,105,575,575,50,0
2997,23,135,3,1,71,14,12,44,32.333,71.000,38.667,220,220,155,575,575,50,0
2998,23,135,3,1,63,14,12,41,29.667,63.000,33.333,220,220,205,575,575,50,0
2999,23,135,3,1,55,13,11,37,26.333,55.000,28.667,220,220,255,575,575,50,0
3000,23,135,3,1,47,12,11,35,23.333,47.000,23.667,220,220,305,575,575,50,0
3001,23,135,3,1,40,13,10,32,21.000,40.000,19.000,220,220,355,575,575,50,0
3002,23,135,3,1,33,12,10,29,18.333,33.000,14.667,220,220,405,575,575,50,0
3003,23,135,3,1,26,11,10,26,15.667,26.000,10.333,220,220,455,575,575,50,0
3004,23,135,3,1,19,11,9,24,13.000,19.000,6.000,220,220,505,575,575,50,0
3005,23,135,3,1,12,11,9,21,10.667,12.000,1.333,220,220,555,575,575,50,0
3006,23,135,3,1,5,10,8,19,7.667,5.000,-2.667,220,220,605,600,600,50,1
3007,23,135,3,1,0,9,8,16,5.667,0.000,-5.667,220,220,655,600,600,50,0
3008,23,135,3,1,0,9,8,14,5.667,0.000,-5.667,220,220,705,600,600,50,0
3009,23,135,3,1,0,9,7,11,5.333,0.000,-5.333,220,220,755,600,600,50,0
3010,23,135,3,1,0,8,7,8,5.000,0.000,-5.000,220,220,805,600,600,50,0
3011,23,135,3,1,0,8,6,5,4.667,0.000,-4.667,220,220,855,600,600,50,0
3012,23,135,3,1,0,8,6,3,4.667,0.000,-4.667,220,220,905,600,600,50,0
3013,23,135,3,1,0,7,6,0,4.333,0.000,-4.333,220,220,955,600,600,50,0
3014,23,135,3,1,0,6,5,0,3.667,0.000,-3.667,220,220,1005,600,600,50,0
3015,23,135,3,1,0,6,5,0,3.667,0.000,-3.667,220,220,1055,600,600,50,0
3016,23,135,3,1,0,6,5,0,3.667,0.000,-3.667,220,220,1105,600,600,50,0
3017,23,135,3,1,0,5,4,0,3.000,0.000,-3.000,220,220,1155,600,600,50,0
3018,23,135,3,1,0,4,4,0,2.667,0.000,-2.667,220,220,1205,600,600,50,0
3019,23,136,4,1,8,8,0,0,5.333,0.000,-5.333,220,220,80,600,600,50,0
3020,23,136,4,1,9,8,0,2,5.667,0.000,-5.667,220,220,130,600,600,50,0
3021,23,136,4,1,10,8,0,5,6.000,0.000,-6.000,220,220,180,600,600,50,0
3022,23,136,4,1,10,8,0,7,6.000,0.000,-6.000,220,220,230,600,600,50,0
3023,23,136,4,1,10,9,0,10,6.333,0.000,-6.333,220,220,280,600,600,50,0
3024,23,136,4,1,11,9,0,13,6.667,0.000,-6.667,220,220,330,600,600,50,0
3025,23,136,4,1,11,10,0,16,7.000,0.000,-7.000,220,220,380,600,600,50,0
3026,23,136,4,1,12,10,1,18,7.667,1.000,-6.667,220,220,430,600,600,50,0
3027,23,136,4,1,12,10,8,21,10.000,8.000,-2.000,220,220,480,600,600,50,0
3028,23,136,4,1,12,11,15,24,12.667,15.000,2.333,220,220,530,575,575,50,1
3029,23,136,4,1,12,11,22,26,15.000,22.000,7.000,220,220,580,575,575,50,0
3030,23,136,4,1,13,11,30,29,18.000,30.000,12.000,220,220,630,575,575,50,0
3031,23,136,4,1,13,12,36,31,20.333,36.000,15.667,220,220,680,575,575,50,0
3032,23,136,4,1,14,12,43,35,23.000,43.000,20.000,220,220,730,575,575,50,0
3033,23,136,4,1,18,13,51,38,27.333,51.000,23.667,220,220,780,575,575,50,0
3034,23,136,4,1,16,13,58,40,29.000,58.000,29.000,220,220,830,575,575,50,0
3035,23,136,4,1,16,13,65,42,31.333,65.000,33.667,220,220,880,575,575,50,0
3036,23,136,4,1,16,14,72,45,34.000,72.000,38.000,220,220,930,575,575,50,0
3037,23,136,4,1,16,14,79,48,36.333,79.000,42.667,220,220,980,575,575,50,0
3038,23,136,4,1,17,14,87,51,39.333,87.000,47.667,220,220,1030,575,575,50,0
3039,23,136,4,1,17,15,94,53,42.000,94.000,52.000,220,220,1080,575,575,50,0
3040,23,137,5,1,12,77,13,44,34.000,77.000,43.000,220,220,54,575,575,50,0
3041,23,137,5,1,16,73,14,46,34.333,73.000,38.667,220,220,104,575,575,50,0
3042,23,137,5,1,16,65,13,42,31.333,65.000,33.667,220,220,154,575,575,50,0
3043,23,137,5,1,15,57,12,39,28.000,57.000,29.000,220,220,204,575,575,50,0
3044,23,137,5,1,14,49,12,36,25.000,49.000,24.000,220,220,254,575,575,50,0
3045,23,137,5,1,14,42,11,34,22.333,42.000,19.667,220,220,304,575,575,50,0
3046,23,137,5,1,14,34,10,30,19.333,34.000,14.667,220,220,354,575,575,50,0
3047,23,137,5,1,13,28,10,28,17.000,28.000,11.000,220,220,404,575,575,50,0
3048,23,137,5,1,13,21,10,26,14.667,21.000,6.333,220,220,454,575,575,50,0
3049,23,137,5,1,13,13,9,23,11.667,13.000,1.333,220,220,504,575,575,50,0
3050,23,137,5,1,12,7,9,21,9.333,7.000,-2.333,220,220,554,575,575,50,1
3051,23,137,5,1,11,0,9,18,6.667,0.000,-6.667,220,220,604,575,575,50,0
3052,23,137,5,1,14,0,8,16,7.333,0.000,-7.333,220,220,654,575,575,50,0
3053,23,137,5,1,11,0,8,13,6.333,0.000,-6.333,220,220,704,575,575,50,0
3054,23,137,5,1,10,0,8,10,6.000,0.000,-6.000,220,220,754,575,575,50,0
3055,23,137,5,1,10,0,7,7,5.667,0.000,-5.667,220,220,804,575,575,50,0
3056,23,137,5,1,9,0,6,4,5.000,0.000,-5.000,220,220,854,575,575,50,0
3057,23,137,5,1,9,0,6,1,5.000,0.000,-5.000,220,220,904,575,575,50,0
3058,23,137,5,1,9,0,5,0,4.667,0.000,-4.667,220,220,954,575,575,50,0
3059,23,137,5,1,8,0,5,0,4.333,0.000,-4.333,220,220,1004,575,575,50,0
3060,23,137,5,1,7,0,4,0,3.667,0.000,-3.667,220,220,1054,575,575,50,0
3061,23,137,5,1,7,0,4,0,3.667,0.000,-3.667,220,220,1104,575,575,50,0
3062,23,138,6,1,0,7,9,0,5.333,0.000,-5.333,220,220,54,575,575,50,0
3063,23,138,6,1,0,6,6,0,4.000,0.000,-4.000,220,220,104,575,575,50,0
3064,23,138,6,1,0,6,6,1,4.000,0.000,-4.000,220,220,154,575,575,50,0
3065,23,138,6,1,0,8,7,4,5.000,0.000,-5.000,220,220,204,575,575,50,0
3066,23,138,6,1,0,8,7,7,5.000,0.000,-5.000,220,220,254,575,575,50,0
3067,23,138,6,1,0,8,8,9,5.333,0.000,-5.333,220,220,304,575,575,50,0
3068,23,138,6,1,0,9,8,12,5.667,0.000,-5.667,220,220,354,575,575,50,0
3069,23,138,6,1,0,9,8,15,5.667,0.000,-5.667,220,220,404,575,575,50,0
3070,23,138,6,1,1,9,9,18,6.333,1.000,-5.333,220,220,454,575,575,50,0
3071,23,138,6,1,11,9,9,21,9.667,11.000,1.333,220,220,504,550,550,50,1
3072,23,138,6,1,15,10,9,23,11.333,15.000,3.667,220,220,554,550,550,50,0
3073,23,138,6,1,22,11,10,25,14.333,22.000,7.667,220,220,604,550,550,50,0
3074,23,138,6,1,29,11,10,28,16.667,29.000,12.333,220,220,654,550,550,50,0
3075,23,138,6,1,36,11,10,31,19.000,36.000,17.000,220,220,704,550,550,50,0
3076,23,138,6,1,43,12,11,33,22.000,43.000,21.000,220,220,754,550,550,50,0
3077,23,138,6,1,50,12,11,36,24.333,50.000,25.667,220,220,804,550,550,50,0
3078,23,138,6,1,58,13,11,39,27.333,58.000,30.667,220,220,854,550,550,50,0
3079,23,138,6,1,65,14,12,42,30.333,65.000,34.667,220,220,904,550,550,50,0
3080,23,138,6,1,72,14,12,44,32.667,72.000,39.333,220,220,954,550,550,50,0
3081,23,138,6,1,79,14,13,46,35.333,79.000,43.667,220,220,1004,550,550,50,0
3082,23,138,6,1,86,14,13,49,37.667,86.000,48.333,220,220,1054,550,550,50,0
3083,24,139,1,1,18,15,90,52,41.000,90.000,49.000,220,220,79,550,550,50,0
3084,24,139,1,1,17,15,83,50,38.333,83.000,44.667,220,220,129,550,550,50,0
3085,24,139,1,1,17,14,75,47,35.333,75.000,39.667,220,220,179,550,550,50,0
3086,24,139,1,1,16,14,68,44,32.667,68.000,35.333,220,220,229,550,550,50,0
3087,24,139,1,1,16,13,61,41,30.000,61.000,31.000,220,220,279,550,550,50,0
3088,24,139,1,1,15,13,53,38,27.000,53.000,26.000,220,220,329,550,550,50,0
3089,24,139,1,1,15,12,46,36,24.333,46.000,21.667,220,220,379,550,550,50,0
3090,24,139,1,1,18,12,38,33,22.667,38.000,15.333,220,220,429,550,550,50,0
3091,24,139,1,1,14,12,31,30,19.000,31.000,12.000,220,220,479,550,550,50,0
3092,24,139,1,1,14,11,23,27,16.000,23.000,7.000,220,220,529,550,550,50,0
3093,24,139,1,1,13,11,17,25,13.667,17.000,3.333,220,220,579,550,550,50,0
3094,24,139,1,1,13,10,10,22,11.000,10.000,-1.000,220,220,629,600,600,50,1
3095,24,139,1,1,13,10,3,20,8.667,3.000,-5.667,220,220,679,600,600,50,0
3096,24,139,1,1,12,9,0,17,7.000,0.000,-7.000,220,220,729,600,600,50,0
3097,24,139,1,1,12,9,0,14,7.000,0.000,-7.000,220,220,779,600,600,50,0
3098,24,139,1,1,11,9,0,11,6.667,0.000,-6.667,220,220,829,600,600,50,0
3099,24,139,1,1,10,8,0,9,6.000,0.000,-6.000,220,220,879,600,600,50,0
3100,24,139,1,1,10,8,0,6,6.000,0.000,-6.000,220,220,929,600,600,50,0
3101,24,139,1,1,10,7,0,3,5.667,0.000,-5.667,220,220,979,600,600,50,0
3102,24,139,1,1,9,7,0,0,5.333,0.000,-5.333,220,220,1029,600,600,50,0
3103,24,139,1,1,9,6,0,0,5.000,0.000,-5.000,220,220,1079,600,600,50,0
3104,24,139,1,1,8,6,0,0,4.667,0.000,-4.667,220,220,1129,600,600,50,0
3105,24,139,1,1,7,6,0,0,4.333,0.000,-4.333,220,220,1179,600,600,50,0
3106,24,139,1,1,7,5,0,0,4.000,0.000,-4.000,220,220,1229,600,600,50,0
3107,24,140,2,1,10,0,4,0,4.667,0.000,-4.667,220,220,79,600,600,50,0
3108,24,140,2,1,9,0,5,0,4.667,0.000,-4.667,220,220,129,600,600,50,0
3109,24,140,2,1,12,0,6,2,6.000,0.000,-6.000,220,220,179,600,600,50,0
3110,24,140,2,1,10,0,6,4,5.333,0.000,-5.333,220,220,229,600,600,50,0
3111,24,140,2,1,10,0,7,7,5.667,0.000,-5.667,220,220,279,600,600,50,0
3112,24,140,2,1,11,0,7,10,6.000,0.000,-6.000,220,220,329,600,600,50,0
3113,24,140,2,1,11,0,7,13,6.000,0.000,-6.000,220,220,379,600,600,50,0
3114,24,140,2,1,11,0,8,16,6.333,0.000,-6.333,220,220,429,600,600,50,0
3115,24,140,2,1,12,1,8,18,7.000,1.000,-6.000,220,220,479,600,600,50,0
3116,24,140,2,1,13,8,8,20,9.667,8.000,-1.667,220,220,529,600,600,50,0
3117,24,140,2,1,13,14,9,23,12.000,14.000,2.000,220,220,579,600,600,50,1
3118,24,140,2,1,13,21,9,26,14.333,21.000,6.667,220,220,629,600,600,50,0
3119,24,140,2,1,13,28,9,28,16.667,28.000,11.333,220,220,679,600,600,50,0
3120,24,140,2,1,14,35,10,31,19.667,35.000,15.333,220,220,729,600,600,50,0
3121,24,140,2,1,14,42,11,33,22.333,42.000,19.667,220,220,779,600,600,50,0
3122,24,140,2,1,15,50,11,36,25.333,50.000,24.667,220,220,829,600,600,50,0
3123,24,140,2,1,15,57,12,39,28.000,57.000,29.000,220,220,879,600,600,50,0
3124,24,140,2,1,16,64,12,42,30.667,64.000,33.333,220,220,929,600,600,50,0
3125,24,140,2,1,16,72,12,44,33.333,72.000,38.667,220,220,979,600,600,50,0
3126,24,140,2,1,16,80,13,47,36.333,80.000,43.667,220,220,1029,600,600,50,0
3127,24,140,2,1,16,87,13,50,38.667,87.000,48.333,220,220,1079,600,600,50,0
3128,24,140,2,1,17,95,14,53,42.000,95.000,53.000,220,220,1129,600,600,50,0
3129,24,140,2,1,20,102,14,56,45.333,102.000,56.667,220,220,1179,600,600,50,0
3130,24,141,3,1,76,15,12,45,34.333,76.000,41.667,220,220,80,600,600,50,0
3131,24,141,3,1,68,14,12,43,31.333,68.000,36.667,220,220,130,600,600,50,0
3132,24,141,3,1,60,13,12,39,28.333,60.000,31.667,220,220,180,600,600,50,0
3133,24,141,3,1,52,13,11,36,25.333,52.000,26.667,220,220,230,600,600,50,0
3134,24,141,3,1,44,12,11,33,22.333,44.000,21.667,220,220,280,600,600,50,0
3135,24,141,3,1,37,12,10,30,19.667,37.000,17.333,220,220,330,600,600,50,0
3136,24,141,3,1,29,11,10,28,16.667,29.000,12.333,220,220,380,600,600,50,0
3137,24,141,3,1,22,11,10,25,14.333,22.000,7.667,220,220,430,600,600,50,0
3138,24,141,3,1,15,11,9,23,11.667,15.000,3.333,220,220,480,600,600,50,0
3139,24,141,3,1,8,10,9,20,9.000,8.000,-1.000,220,220,530,575,575,50,1
3140,24,141,3,1,0,10,8,17,6.000,0.000,-6.000,220,220,580,575,575,50,0
3141,24,141,3,1,0,9,8,14,5.667,0.000,-5.667,220,220,630,575,575,50,0
3142,24,141,3,1,0,9,8,12,5.667,0.000,-5.667,220,220,680,575,575,50,0
3143,24,141,3,1,0,8,7,9,5.000,0.000,-5.000,220,220,730,575,575,50,0
3144,24,141,3,1,0,8,7,6,5.000,0.000,-5.000,220,220,780,575,575,50,0
3145,24,141,3,1,0,7,7,3,4.667,0.000,-4.667,220,220,830,575,575,50,0
3146,24,141,3,1,0,7,6,1,4.333,0.000,-4.333,220,220,880,575,575,50,0
3147,24,141,3,1,0,6,5,0,3.667,0.000,-3.667,220,220,930,575,575,50,0
3148,24,141,3,1,0,6,5,0,3.667,0.000,-3.667,220,220,980,575,575,50,0
3149,24,141,3,1,0,5,5,0,3.333,0.000,-3.333,220,220,1030,575,575,50,0
3150,24,141,3,1,0,5,4,0,3.000,0.000,-3.000,220,220,1080,575,575,50,0
3151,24,142,4,1,10,10,0,0,6.667,0.000,-6.667,220,220,54,575,575,50,0
3152,24,142,4,1,8,7,0,0,5.000,0.000,-5.000,220,220,104,575,575,50,0
3153,24,142,4,1,9,8,0,1,5.667,0.000,-5.667,220,220,154,575,575,50,0
3154,24,142,4,1,9,8,0,3,5.667,0.000,-5.667,220,220,204,575,575,50,0
3155,24,142,4,1,10,8,0,6,6.000,0.000,-6.000,220,220,254,575,575,50,0
3156,24,142,4,1,10,8,0,9,6.000,0.000,-6.000,220,220,304,575,575,50,0
3157,24,142,4,1,10,9,0,12,6.333,0.000,-6.333,220,220,354,575,575,50,0
3158,24,142,4,1,11,9,0,14,6.667,0.000,-6.667,220,220,404,575,575,50,0
3159,24,142,4,1,11,10,0,17,7.000,0.000,-7.000,220,220,454,575,575,50,0
3160,24,142,4,1,12,10,4,20,8.667,4.000,-4.667,220,220,504,575,575,50,0
3161,24,142,4,1,12,11,10,22,11.000,10.000,-1.000,220,220,554,575,575,50,0
3162,24,142,4,1,12,11,17,25,13.333,17.000,3.667,220,220,604,600,600,50,1
3163,24,142,4,1,13,11,24,27,16.000,24.000,8.000,220,220,654,600,600,50,0
3164,24,142,4,1,13,12,31,30,18.667,31.000,12.333,220,220,704,600,600,50,0
3165,24,142,4,1,14,12,37,32,21.000,37.000,16.000,220,220,754,600,600,50,0
3166,24,142,4,1,14,13,45,35,24.000,45.000,21.000,220,220,804,600,600,50,0
3167,24,142,4,1,18,13,52,38,27.667,52.000,24.333,220,220,854,600,600,50,0
3168,24,142,4,1,15,13,59,41,29.000,59.000,30.000,220,220,904,600,600,50,0
3169,24,142,4,1,16,13,66,43,31.667,66.000,34.333,220,220,954,600,600,50,0
3170,24,142,4,1,16,14,74,46,34.667,74.000,39.333,220,220,1004,600,600,50,0
3171,24,142,4,1,16,14,82,49,37.333,82.000,44.667,220,220,1054,600,600,50,0
3172,24,142,4,1,17,14,89,52,40.000,89.000,49.000,220,220,1104,600,600,50,0
3173,24,142,4,1,17,15,96,54,42.667,96.000,53.333,220,220,1154,600,600,50,0
3174,24,142,4,1,17,15,105,57,45.667,105.000,59.333,220,220,1204,600,600,50,0
3175,24,143,5,1,16,73,13,45,34.000,73.000,39.000,220,220,79,600,600,50,0
3176,24,143,5,1,16,64,12,42,30.667,64.000,33.333,220,220,129,600,600,50,0
3177,24,143,5,1,15,57,12,39,28.000,57.000,29.000,220,220,179,600,600,50,0
3178,24,143,5,1,14,49,11,36,24.667,49.000,24.333,220,220,229,600,600,50,0
3179,24,143,5,1,14,41,11,34,22.000,41.000,19.000,220,220,279,600,600,50,0
3180,24,143,5,1,14,34,11,30,19.667,34.000,14.333,220,220,329,600,600,50,0
3181,24,143,5,1,13,26,10,28,16.333,26.000,9.667,220,220,379,600,600,50,0
3182,24,143,5,1,13,19,10,26,14.000,19.000,5.000,220,220,429,600,600,50,0
3183,24,143,5,1,12,12,10,22,11.333,12.000,0.667,220,220,479,600,600,50,0
3184,24,143,5,1,12,5,9,20,8.667,5.000,-3.667,220,220,529,575,575,50,1
3185,24,143,5,1,12,0,9,17,7.000,0.000,-7.000,220,220,579,575,575,50,0
3186,24,143,5,1,11,0,8,14,6.333,0.000,-6.333,220,220,629,575,575,50,0
3187,24,143,5,1,14,0,8,12,7.333,0.000,-7.333,220,220,679,575,575,50,0
3188,24,143,5,1,10,0,7,9,5.667,0.000,-5.667,220,220,729,575,575,50,0
3189,24,143,5,1,10,0,7,6,5.667,0.000,-5.667,220,220,779,575,575,50,0
3190,24,143,5,1,10,0,6,3,5.333,0.000,-5.333,220,220,829,575,575,50,0
3191,24,143,5,1,9,0,6,1,5.000,0.000,-5.000,220,220,879,575,575,50,0
3192,24,143,5,1,8,0,5,0,4.333,0.000,-4.333,220,220,929,575,575,50,0
3193,24,143,5,1,8,0,5,0,4.333,0.000,-4.333,220,220,979,575,575,50,0
3194,24,143,5,1,8,0,4,0,4.000,0.000,-4.000,220,220,1029,575,575,50,0
3195,24,143,5,1,7,0,4,0,3.667,0.000,-3.667,220,220,1079,575,575,50,0
3196,24,144,6,1,0,8,8,0,5.333,0.000,-5.333,220,220,54,575,575,50,0
3197,24,144,6,1,0,6,6,0,4.000,0.000,-4.000,220,220,104,575,575,50,0
3198,24,144,6,1,0,7,7,1,4.667,0.000,-4.667,220,220,154,575,575,50,0
3199,24,144,6,1,0,7,7,4,4.667,0.000,-4.667,220,220,204,575,575,50,0
3200,24,144,6,1,0,8,7,7,5.000,0.000,-5.000,220,220,254,575,575,50,0
3201,24,144,6,1,0,8,7,10,5.000,0.000,-5.000,220,220,304,575,575,50,0
3202,24,144,6,1,0,9,8,12,5.667,0.000,-5.667,220,220,354,575,575,50,0
3203,24,144,6,1,0,9,8,16,5.667,0.000,-5.667,220,220,404,575,575,50,0
3204,24,144,6,1,3,10,9,19,7.333,3.000,-4.333,220,220,454,575,575,50,0
3205,24,144,6,1,9,10,9,21,9.333,9.000,-0.333,220,220,504,575,575,50,0
3206,24,144,6,1,20,10,9,24,13.000,20.000,7.000,220,220,554,575,575,50,1
3207,24,144,6,1,24,10,10,26,14.667,24.000,9.333,220,220,604,575,575,50,0
3208,24,144,6,1,31,11,10,29,17.333,31.000,13.667,220,220,654,575,575,50,0
3209,24,144,6,1,38,12,11,31,20.333,38.000,17.667,220,220,704,575,575,50,0
3210,24,144,6,1,46,12,11,34,23.000,46.000,23.000,220,220,754,575,575,50,0
3211,24,144,6,1,53,12,12,37,25.667,53.000,27.333,220,220,804,575,575,50,0
3212,24,144,6,1,61,13,11,40,28.333,61.000,32.667,220,220,854,575,575,50,0
3213,24,144,6,1,68,13,12,43,31.000,68.000,37.000,220,220,904,575,575,50,0
3214,24,144,6,1,75,14,13,45,34.000,75.000,41.000,220,220,954,575,575,50,0
3215,24,144,6,1,83,14,13,48,36.667,83.000,46.333,220,220,1004,575,575,50,0
3216,24,144,6,1,90,15,13,50,39.333,90.000,50.667,220,220,1054,575,575,50,0
3217,24,144,6,1,98,15,13,53,42.000,98.000,56.000,220,220,1104,575,575,50,0
3218,25,145,1,1,15,10,76,45,33.667,76.000,42.333,220,220,54,575,575,50,0
3219,25,145,1,1,18,13,70,45,33.667,70.000,36.333,220,220,104,575,575,50,0
3220,25,145,1,1,16,13,63,42,30.667,63.000,32.333,220,220,154,575,575,50,0
3221,25,145,1,1,16,13,54,39,27.667,54.000,26.333,220,220,204,575,575,50,0
3222,25,145,1,1,15,12,46,36,24.333,46.000,21.667,220,220,254,575,575,50,0
3223,25,145,1,1,15,12,39,33,22.000,39.000,17.000,220,220,304,575,575,50,0
3224,25,145,1,1,17,12,32,31,20.333,32.000,11.667,220,220,354,575,575,50,0
3225,25,145,1,1,13,11,25,27,16.333,25.000,8.667,220,220,404,575,575,50,0
3226,25,145,1,1,13,11,18,25,14.000,18.000,4.000,220,220,454,575,575,50,0
3227,25,145,1,1,13,10,12,23,11.667,12.000,0.333,220,220,504,575,575,50,0
3228,25,145,1,1,12,10,5,20,9.000,5.000,-4.000,220,220,554,575,575,50,1
3229,25,145,1,1,12,10,0,18,7.333,0.000,-7.333,220,220,604,575,575,50,0
3230,25,145,1,1,12,9,0,15,7.000,0.000,-7.000,220,220,654,575,575,50,0
3231,25,145,1,1,11,9,0,12,6.667,0.000,-6.667,220,220,704,575,575,50,0
3232,25,145,1,1,11,8,0,10,6.333,0.000,-6.333,220,220,754,575,575,50,0
3233,25,145,1,1,10,8,0,7,6.000,0.000,-6.000,220,220,804,575,575,50,0
3234,25,145,1,1,10,8,0,4,6.000,0.000,-6.000,220,220,854,575,575,50,0
3235,25,145,1,1,9,7,0,2,5.333,0.000,-5.333,220,220,904,575,575,50,0
3236,25,145,1,1,9,6,0,0,5.000,0.000,-5.000,220,220,954,575,575,50,0
3237,25,145,1,1,8,6,0,0,4.667,0.000,-4.667,220,220,1004,575,575,50,0
3238,25,145,1,1,8,6,0,0,4.667,0.000,-4.667,220,220,1054,575,575,50,0
3239,25,145,1,1,7,5,0,0,4.000,0.000,-4.000,220,220,1104,575,575,50,0
3240,25,146,2,1,13,0,5,0,6.000,0.000,-6.000,220,220,54,575,575,50,0
3241,25,146,2,1,9,0,5,0,4.667,0.000,-4.667,220,220,104,575,575,50,0
3242,25,146,2,1,9,0,5,0,4.667,0.000,-4.667,220,220,154,575,575,50,0
3243,25,146,2,1,10,0,6,2,5.333,0.000,-5.333,220,220,204,575,575,50,0
3244,25,146,2,1,13,0,6,5,6.333,0.000,-6.333,220,220,254,575,575,50,0
3245,25,146,2,1,10,0,7,7,5.667,0.000,-5.667,220,220,304,575,575,50,0
3246,25,146,2,1,11,0,7,10,6.000,0.000,-6.000,220,220,354,575,575,50,0
3247,25,146,2,1,11,0,7,13,6.000,0.000,-6.000,220,220,404,575,575,50,0
3248,25,146,2,1,11,0,8,16,6.333,0.000,-6.333,220,220,454,575,575,50,0
3249,25,146,2,1,12,2,8,18,7.333,2.000,-5.333,220,220,504,575,575,50,0
3250,25,146,2,1,13,9,9,21,10.333,9.000,-1.333,220,220,554,575,575,50,0
3251,25,146,2,1,13,16,9,24,12.667,16.000,3.333,220,220,604,600,600,50,1
3252,25,146,2,1,13,23,9,26,15.000,23.000,8.000,220,220,654,600,600,50,0
3253,25,146,2,1,14,30,10,29,18.000,30.000,12.000,220,220,704,600,600,50,0
3254,25,146,2,1,14,37,11,32,20.667,37.000,16.333,220,220,754,600,600,50,0
3255,25,146,2,1,15,44,11,34,23.333,44.000,20.667,220,220,804,600,600,50,0
3256,25,146,2,1,15,52,12,37,26.333,52.000,25.667,220,220,854,600,600,50,0
3257,25,146,2,1,16,60,12,40,29.333,60.000,30.667,220,220,904,600,600,50,0
3258,25,146,2,1,16,67,12,43,31.667,67.000,35.333,220,220,954,600,600,50,0
3259,25,146,2,1,16,75,12,46,34.333,75.000,40.667,220,220,1004,600,600,50,0
3260,25,146,2,1,16,82,13,48,37.000,82.000,45.000,220,220,1054,600,600,50,0
3261,25,146,2,1,17,90,13,51,40.000,90.000,50.000,220,220,1104,600,600,50,0
3262,25,146,2,1,17,98,14,54,43.000,98.000,55.000,220,220,1154,600,600,50,0
3263,25,146,2,1,21,106,14,57,47.000,106.000,59.000,220,220,1204,600,600,50,0
3264,25,147,3,1,74,15,12,45,33.667,74.000,40.333,220,220,80,600,600,50,0
3265,25,147,3,1,66,14,12,42,30.667,66.000,35.333,220,220,130,600,600,50,0
3266,25,147,3,1,59,13,12,39,28.000,59.000,31.000,220,220,180,600,600,50,0
3267,25,147,3,1,50,13,11,36,24.667,50.000,25.333,220,220,230,600,600,50,0
3268,25,147,3,1,42,12,11,33,21.667,42.000,20.333,220,220,280,600,600,50,0
3269,25,147,3,1,35,12,10,30,19.000,35.000,16.000,220,220,330,600,600,50,0
3270,25,147,3,1,28,11,10,27,16.333,28.000,11.667,220,220,380,600,600,50,0
3271,25,147,3,1,21,11,9,25,13.667,21.000,7.333,220,220,430,600,600,50,0
3272,25,147,3,1,14,11,9,22,11.333,14.000,2.667,220,220,480,600,600,50,0
3273,25,147,3,1,7,10,8,20,8.333,7.000,-1.333,220,220,530,575,575,50,1
3274,25,147,3,1,0,10,8,17,6.000,0.000,-6.000,220,220,580,575,575,50,0
3275,25,147,3,1,0,9,8,14,5.667,0.000,-5.667,220,220,630,575,575,50,0
3276,25,147,3,1,0,9,8,12,5.667,0.000,-5.667,220,220,680,575,575,50,0
3277,25,147,3,1,0,9,7,9,5.333,0.000,-5.333,220,220,730,575,575,50,0
3278,25,147,3,1,0,8,7,6,5.000,0.000,-5.000,220,220,780,575,575,50,0
3279,25,147,3,1,0,7,7,3,4.667,0.000,-4.667,220,220,830,575,575,50,0
3280,25,147,3,1,0,7,6,1,4.333,0.000,-4.333,220,220,880,575,575,50,0
3281,25,147,3,1,0,6,5,0,3.667,0.000,-3.667,220,220,930,575,575,50,0
3282,25,147,3,1,0,6,5,0,3.667,0.000,-3.667,220,220,980,575,575,50,0
3283,25,147,3,1,0,6,5,0,3.667,0.000,-3.667,220,220,1030,575,575,50,0
3284,25,147,3,1,0,5,4,0,3.000,0.000,-3.000,220,220,1080,575,575,50,0
3285,25,148,4,1,10,10,0,0,6.667,0.000,-6.667,220,220,54,575,575,50,0
3286,25,148,4,1,8,7,0,0,5.000,0.000,-5.000,220,220,104,575,575,50,0
3287,25,148,4,1,9,8,0,2,5.667,0.000,-5.667,220,220,154,575,575,50,0
3288,25,148,4,1,9,8,0,4,5.667,0.000,-5.667,220,220,204,575,575,50,0
3289,25,148,4,1,10,9,0,7,6.333,0.000,-6.333,220,220,254,575,575,50,0
3290,25,148,4,1,10,9,0,11,6.333,0.000,-6.333,220,220,304,575,575,50,0
3291,25,148,4,1,11,9,0,13,6.667,0.000,-6.667,220,220,354,575,575,50,0
3292,25,148,4,1,11,10,0,16,7.000,0.000,-7.000,220,220,404,575,575,50,0
3293,25,148,4,1,12,10,1,18,7.667,1.000,-6.667,220,220,454,575,575,50,0
3294,25,148,4,1,12,10,7,21,9.667,7.000,-2.667,220,220,504,575,575,50,0
3295,25,148,4,1,12,11,14,24,12.333,14.000,1.667,220,220,554,575,575,50,1
3296,25,148,4,1,13,11,21,26,15.000,21.000,6.000,220,220,604,575,575,50,0
3297,25,148,4,1,13,12,29,29,18.000,29.000,11.000,220,220,654,575,575,50,0
3298,25,148,4,1,13,12,36,32,20.333,36.000,15.667,220,220,704,575,575,50,0
3299,25,148,4,1,14,12,43,34,23.000,43.000,20.000,220,220,754,575,575,50,0
3300,25,148,4,1,15,13,50,37,26.000,50.000,24.000,220,220,804,575,575,50,0
3301,25,148,4,1,18,13,58,41,29.667,58.000,28.333,220,220,854,575,575,50,0
3302,25,148,4,1,15,13,65,42,31.000,65.000,34.000,220,220,904,575,575,50,0
3303,25,148,4,1,16,14,72,45,34.000,72.000,38.000,220,220,954,575,575,50,0
3304,25,148,4,1,17,14,79,48,36.667,79.000,42.333,220,220,1004,575,575,50,0
3305,25,148,4,1,17,15,87,51,39.667,87.000,47.333,220,220,1054,575,575,50,0
3306,25,148,4,1,17,15,94,53,42.000,94.000,52.000,220,220,1104,575,575,50,0
3307,25,149,5,1,12,80,13,46,35.000,80.000,45.000,220,220,54,575,575,50,0
3308,25,149,5,1,16,75,14,46,35.000,75.000,40.000,220,220,104,575,575,50,0
3309,25,149,5,1,16,67,13,43,32.000,67.000,35.000,220,220,154,575,575,50,0
3310,25,149,5,1,15,60,12,40,29.000,60.000,31.000,220,220,204,575,575,50,0
3311,25,149,5,1,15,52,11,38,26.000,52.000,26.000,220,220,254,575,575,50,0
3312,25,149,5,1,14,45,11,35,23.333,45.000,21.667,220,220,304,575,575,50,0
3313,25,149,5,1,14,37,11,32,20.667,37.000,16.333,220,220,354,575,575,50,0
3314,25,149,5,1,13,30,11,29,18.000,30.000,12.000,220,220,404,575,575,50,0
3315,25,149,5,1,13,23,10,26,15.333,23.000,7.667,220,220,454,575,575,50,0
3316,25,149,5,1,12,16,10,24,12.667,16.000,3.333,220,220,504,575,575,50,0
3317,25,149,5,1,12,10,9,22,10.333,10.000,-0.333,220,220,554,575,575,50,1
3318,25,149,5,1,12,3,9,19,8.000,3.000,-5.000,220,220,604,600,600,50,0
3319,25,149,5,1,12,0,8,17,6.667,0.000,-6.667,220,220,654,600,600,50,0
3320,25,149,5,1,11,0,8,14,6.333,0.000,-6.333,220,220,704,600,600,50,0
3321,25,149,5,1,14,0,8,12,7.333,0.000,-7.333,220,220,754,600,600,50,0
3322,25,149,5,1,10,0,8,9,6.000,0.000,-6.000,220,220,804,600,600,50,0
3323,25,149,5,1,10,0,7,6,5.667,0.000,-5.667,220,220,854,600,600,50,0
3324,25,149,5,1,9,0,7,3,5.333,0.000,-5.333,220,220,904,600,600,50,0
3325,25,149,5,1,9,0,6,0,5.000,0.000,-5.000,220,220,954,600,600,50,0
3326,25,149,5,1,9,0,5,0,4.667,0.000,-4.667,220,220,1004,600,600,50,0
3327,25,149,5,1,8,0,5,0,4.333,0.000,-4.333,220,220,1054,600,600,50,0
3328,25,149,5,1,7,0,4,0,3.667,0.000,-3.667,220,220,1104,600,600,50,0
3329,25,149,5,1,7,0,4,0,3.667,0.000,-3.667,220,220,1154,600,600,50,0
3330,25,149,5,1,6,0,3,0,3.000,0.000,-3.000,220,220,1204,600,600,50,0
3331,25,150,6,1,0,6,7,0,4.333,0.000,-4.333,220,220,79,600,600,50,0
3332,25,150,6,1,0,7,7,1,4.667,0.000,-4.667,220,220,129,600,600,50,0
3333,25,150,6,1,0,7,7,4,4.667,0.000,-4.667,220,220,179,600,600,50,0
3334,25,150,6,1,0,8,7,7,5.000,0.000,-5.000,220,220,229,600,600,50,0
3335,25,150,6,1,0,8,8,10,5.333,0.000,-5.333,220,220,279,600,600,50,0
3336,25,150,6,1,0,9,8,13,5.667,0.000,-5.667,220,220,329,600,600,50,0
3337,25,150,6,1,0,9,8,16,5.667,0.000,-5.667,220,220,379,600,600,50,0
3338,25,150,6,1,3,9,9,19,7.000,3.000,-4.000,220,220,429,600,600,50,0
3339,25,150,6,1,14,10,9,22,11.000,14.000,3.000,220,220,479,550,550,50,1
3340,25,150,6,1,18,10,9,24,12.333,18.000,5.667,220,220,529,550,550,50,0
3341,25,150,6,1,25,11,10,26,15.333,25.000,9.667,220,220,579,550,550,50,0
3342,25,150,6,1,32,11,10,29,17.667,32.000,14.333,220,220,629,550,550,50,0
3343,25,150,6,1,39,12,11,32,20.667,39.000,18.333,220,220,679,550,550,50,0
3344,25,150,6,1,47,12,11,35,23.333,47.000,23.667,220,220,729,550,550,50,0
3345,25,150,6,1,54,12,11,37,25.667,54.000,28.333,220,220,779,550,550,50,0
3346,25,150,6,1,61,13,11,40,28.333,61.000,32.667,220,220,829,550,550,50,0
3347,25,150,6,1,68,14,12,43,31.333,68.000,36.667,220,220,879,550,550,50,0
3348,25,150,6,1,75,14,12,44,33.667,75.000,41.333,220,220,929,550,550,50,0
3349,25,150,6,1,82,14,13,47,36.333,82.000,45.667,220,220,979,550,550,50,0
3350,25,150,6,1,89,15,13,50,39.000,89.000,50.000,220,220,1029,550,550,50,0
3351,26,151,1,1,18,14,83,50,38.333,83.000,44.667,220,220,78,550,550,50,0
3352,26,151,1,1,17,14,76,47,35.667,76.000,40.333,220,220,128,550,550,50,0
3353,26,151,1,1,16,14,68,44,32.667,68.000,35.333,220,220,178,550,550,50,0
3354,26,151,1,1,15,13,61,42,29.667,61.000,31.333,220,220,228,550,550,50,0
3355,26,151,1,1,15,12,54,39,27.000,54.000,27.000,220,220,278,550,550,50,0
3356,26,151,1,1,15,12,47,36,24.667,47.000,22.333,220,220,328,550,550,50,0
3357,26,151,1,1,15,12,39,33,22.000,39.000,17.000,220,220,378,550,550,50,0
3358,26,151,1,1,14,11,32,30,19.000,32.000,13.000,220,220,428,550,550,50,0
3359,26,151,1,1,17,11,25,29,17.667,25.000,7.333,220,220,478,550,550,50,0
3360,26,151,1,1,13,11,18,25,14.000,18.000,4.000,220,220,528,550,550,50,0
3361,26,151,1,1,13,10,11,23,11.333,11.000,-0.333,220,220,578,550,550,50,1
3362,26,151,1,1,13,10,5,20,9.333,5.000,-4.333,220,220,628,600,600,50,0
3363,26,151,1,1,12,10,0,18,7.333,0.000,-7.333,220,220,678,600,600,50,0
3364,26,151,1,1,12,9,0,15,7.000,0.000,-7.000,220,220,728,600,600,50,0
3365,26,151,1,1,11,9,0,12,6.667,0.000,-6.667,220,220,778,600,600,50,0
3366,26,151,1,1,11,8,0,9,6.333,0.000,-6.333,220,220,828,600,600,50,0
3367,26,151,1,1,10,8,0,7,6.000,0.000,-6.000,220,220,878,600,600,50,0
3368,26,151,1,1,10,7,0,3,5.667,0.000,-5.667,220,220,928,600,600,50,0
3369,26,151,1,1,9,7,0,0,5.333,0.000,-5.333,220,220,978,600,600,50,0
3370,26,151,1,1,9,6,0,0,5.000,0.000,-5.000,220,220,1028,600,600,50,0
3371,26,151,1,1,8,6,0,0,4.667,0.000,-4.667,220,220,1078,600,600,50,0
3372,26,151,1,1,7,5,0,0,4.000,0.000,-4.000,220,220,1128,600,600,50,0
3373,26,151,1,1,7,5,0,0,4.000,0.000,-4.000,220,220,1178,600,600,50,0
3374,26,151,1,1,6,5,0,0,3.667,0.000,-3.667,220,220,1228,600,600,50,0
3375,26,152,2,1,10,0,5,0,5.000,0.000,-5.000,220,220,79,600,600,50,0
3376,26,152,2,1,10,0,5,1,5.000,0.000,-5.000,220,220,129,600,600,50,0
3377,26,152,2,1,13,0,6,4,6.333,0.000,-6.333,220,220,179,600,600,50,0
3378,26,152,2,1,10,0,6,6,5.333,0.000,-5.333,220,220,229,600,600,50,0
3379,26,152,2,1,11,0,7,9,6.000,0.000,-6.000,220,220,279,600,600,50,0
3380,26,152,2,1,11,0,8,12,6.333,0.000,-6.333,220,220,329,600,600,50,0
3381,26,152,2,1,11,0,7,14,6.000,0.000,-6.000,220,220,379,600,600,50,0
3382,26,152,2,1,12,0,8,17,6.667,0.000,-6.667,220,220,429,600,600,50,0
3383,26,152,2,1,12,6,8,20,8.667,6.000,-2.667,220,220,479,600,600,50,0
3384,26,152,2,1,13,13,9,22,11.667,13.000,1.333,220,220,529,575,575,50,1
3385,26,152,2,1,13,19,9,25,13.667,19.000,5.333,220,220,579,575,575,50,0
3386,26,152,2,1,13,26,10,27,16.333,26.000,9.667,220,220,629,575,575,50,0
3387,26,152,2,1,14,33,10,30,19.000,33.000,14.000,220,220,679,575,575,50,0
3388,26,152,2,1,15,40,10,32,21.667,40.000,18.333,220,220,729,575,575,50,0
3389,26,152,2,1,15,47,11,35,24.333,47.000,22.667,220,220,779,575,575,50,0
3390,26,152,2,1,15,55,12,38,27.333,55.000,27.667,220,220,829,575,575,50,0
3391,26,152,2,1,16,62,12,41,30.000,62.000,32.000,220,220,879,575,575,50,0
3392,26,152,2,1,16,69,13,44,32.667,69.000,36.333,220,220,929,575,575,50,0
3393,26,152,2,1,16,77,13,46,35.333,77.000,41.667,220,220,979,575,575,50,0
3394,26,152,2,1,17,84,13,49,38.000,84.000,46.000,220,220,1029,575,575,50,0
3395,26,152,2,1,17,92,14,52,41.000,92.000,51.000,220,220,1079,575,575,50,0
3396,26,153,3,1,90,14,10,48,38.000,90.000,52.000,220,220,54,575,575,50,0
3397,26,153,3,1,82,16,12,48,36.667,82.000,45.333,220,220,104,575,575,50,0
3398,26,153,3,1,75,15,12,45,34.000,75.000,41.000,220,220,154,575,575,50,0
3399,26,153,3,1,67,14,12,42,31.000,67.000,36.000,220,220,204,575,575,50,0
3400,26,153,3,1,59,13,11,39,27.667,59.000,31.333,220,220,254,575,575,50,0
3401,26,153,3,1,51,12,11,36,24.667,51.000,26.333,220,220,304,575,575,50,0
3402,26,153,3,1,44,13,11,33,22.667,44.000,21.333,220,220,354,575,575,50,0
3403,26,153,3,1,36,12,10,30,19.333,36.000,16.667,220,220,404,575,575,50,0
3404,26,153,3,1,29,12,10,28,17.000,29.000,12.000,220,220,454,575,575,50,0
3405,26,153,3,1,22,11,9,25,14.000,22.000,8.000,220,220,504,575,575,50,0
3406,26,153,3,1,15,11,9,22,11.667,15.000,3.333,220,220,554,575,575,50,0
3407,26,153,3,1,7,10,9,20,8.667,7.000,-1.667,220,220,604,600,600,50,1
3408,26,153,3,1,0,10,8,17,6.000,0.000,-6.000,220,220,654,600,600,50,0
3409,26,153,3,1,0,9,8,14,5.667,0.000,-5.667,220,220,704,600,600,50,0
3410,26,153,3,1,0,9,7,11,5.333,0.000,-5.333,220,220,754,600,600,50,0
3411,26,153,3,1,0,8,7,8,5.000,0.000,-5.000,220,220,804,600,600,50,0
3412,26,153,3,1,0,8,7,6,5.000,0.000,-5.000,220,220,854,600,600,50,0
3413,26,153,3,1,0,7,6,3,4.333,0.000,-4.333,220,220,904,600,600,50,0
3414,26,153,3,1,0,7,6,0,4.333,0.000,-4.333,220,220,954,600,600,50,0
3415,26,153,3,1,0,6,5,0,3.667,0.000,-3.667,220,220,1004,600,600,50,0
3416,26,153,3,1,0,6,5,0,3.667,0.000,-3.667,220,220,1054,600,600,50,0
3417,26,153,3,1,0,5,5,0,3.333,0.000,-3.333,220,220,1104,600,600,50,0
3418,26,153,3,1,0,5,4,0,3.000,0.000,-3.000,220,220,1154,600,600,50,0
3419,26,153,3,1,0,4,4,0,2.667,0.000,-2.667,220,220,1204,600,600,50,0
3420,26,154,4,1,8,8,0,0,5.333,0.000,-5.333,220,220,80,600,600,50,0
3421,26,154,4,1,8,8,0,2,5.333,0.000,-5.333,220,220,130,600,600,50,0
3422,26,154,4,1,9,8,0,5,5.667,0.000,-5.667,220,220,180,600,600,50,0
3423,26,154,4,1,10,8,0,7,6.000,0.000,-6.000,220,220,230,600,600,50,0
3424,26,154,4,1,10,9,0,10,6.333,0.000,-6.333,220,220,280,600,600,50,0
3425,26,154,4,1,10,9,0,13,6.333,0.000,-6.333,220,220,330,600,600,50,0
3426,26,154,4,1,11,9,0,16,6.667,0.000,-6.667,220,220,380,600,600,50,0
3427,26,154,4,1,11,10,0,18,7.000,0.000,-7.000,220,220,430,600,600,50,0
3428,26,154,4,1,12,10,6,20,9.333,6.000,-3.333,220,220,480,600,600,50,0
3429,26,154,4,1,12,10,13,23,11.667,13.000,1.333,220,220,530,575,575,50,1
3430,26,154,4,1,13,11,20,26,14.667,20.000,5.333,220,220,580,575,575,50,0
3431,26,154,4,1,13,11,27,28,17.000,27.000,10.000,220,220,630,575,575,50,0
3432,26,154,4,1,13,12,34,31,19.667,34.000,14.333,220,220,680,575,575,50,0
3433,26,154,4,1,14,12,40,33,22.000,40.000,18.000,220,220,730,575,575,50,0
3434,26,154,4,1,14,13,48,36,25.000,48.000,23.000,220,220,780,575,575,50,0
3435,26,154,4,1,18,13,55,39,28.667,55.000,26.333,220,220,830,575,575,50,0
3436,26,154,4,1,15,13,62,41,30.000,62.000,32.000,220,220,880,575,575,50,0
3437,26,154,4,1,16,13,69,44,32.667,69.000,36.333,220,220,930,575,575,50,0
3438,26,154,4,1,16,14,77,47,35.667,77.000,41.333,220,220,980,575,575,50,0
3439,26,154,4,1,16,14,84,50,38.000,84.000,46.000,220,220,1030,575,575,50,0
3440,26,154,4,1,17,14,92,52,41.000,92.000,51.000,220,220,1080,575,575,50,0
3441,26,155,5,1,12,78,13,45,34.333,78.000,43.667,220,220,54,575,575,50,0
3442,26,155,5,1,16,74,14,46,34.667,74.000,39.333,220,220,104,575,575,50,0
3443,26,155,5,1,16,67,13,43,32.000,67.000,35.000,220,220,154,575,575,50,0
3444,26,155,5,1,15,58,12,40,28.333,58.000,29.667,220,220,204,575,575,50,0
3445,26,155,5,1,15,50,11,37,25.333,50.000,24.667,220,220,254,575,575,50,0
3446,26,155,5,1,14,43,11,34,22.667,43.000,20.333,220,220,304,575,575,50,0
3447,26,155,5,1,14,37,11,31,20.667,37.000,16.333,220,220,354,575,575,50,0
3448,26,155,5,1,13,29,11,29,17.667,29.000,11.333,220,220,404,575,575,50,0
3449,26,155,5,1,13,21,10,26,14.667,21.000,6.333,220,220,454,575,575,50,0
3450,26,155,5,1,13,15,10,23,12.667,15.000,2.333,220,220,504,575,575,50,0
3451,26,155,5,1,12,8,9,21,9.667,8.000,-1.667,220,220,554,575,575,50,1
3452,26,155,5,1,12,1,9,18,7.333,1.000,-6.333,220,220,604,575,575,50,0
3453,26,155,5,1,11,0,8,15,6.333,0.000,-6.333,220,220,654,575,575,50,0
3454,26,155,5,1,14,0,8,14,7.333,0.000,-7.333,220,220,704,575,575,50,0
3455,26,155,5,1,10,0,8,11,6.000,0.000,-6.000,220,220,754,575,575,50,0
3456,26,155,5,1,10,0,7,7,5.667,0.000,-5.667,220,220,804,575,575,50,0
3457,26,155,5,1,10,0,6,4,5.333,0.000,-5.333,220,220,854,575,575,50,0
3458,26,155,5,1,9,0,6,2,5.000,0.000,-5.000,220,220,904,575,575,50,0
3459,26,155,5,1,9,0,6,0,5.000,0.000,-5.000,220,220,954,575,575,50,0
3460,26,155,5,1,8,0,6,0,4.667,0.000,-4.667,220,220,1004,575,575,50,0
3461,26,155,5,1,8,0,5,0,4.333,0.000,-4.333,220,220,1054,575,575,50,0
3462,26,155,5,1,7,0,4,0,3.667,0.000,-3.667,220,220,1104,575,575,50,0
3463,26,156,6,1,0,8,8,0,5.333,0.000,-5.333,220,220,54,575,575,50,0
3464,26,156,6,1,0,6,6,0,4.000,0.000,-4.000,220,220,104,575,575,50,0
3465,26,156,6,1,0,6,6,0,4.000,0.000,-4.000,220,220,154,575,575,50,0
3466,26,156,6,1,0,7,6,2,4.333,0.000,-4.333,220,220,204,575,575,50,0
3467,26,156,6,1,0,8,7,5,5.000,0.000,-5.000,220,220,254,575,575,50,0
3468,26,156,6,1,0,8,7,8,5.000,0.000,-5.000,220,220,304,575,575,50,0
3469,26,156,6,1,0,8,7,11,5.000,0.000,-5.000,220,220,354,575,575,50,0
3470,26,156,6,1,0,9,8,13,5.667,0.000,-5.667,220,220,404,575,575,50,0
3471,26,156,6,1,0,9,9,16,6.000,0.000,-6.000,220,220,454,575,575,50,0
3472,26,156,6,1,5,10,9,19,8.000,5.000,-3.000,220,220,504,575,575,50,0
3473,26,156,6,1,15,10,9,22,11.333,15.000,3.667,220,220,554,575,575,50,1
3474,26,156,6,1,18,10,10,24,12.667,18.000,5.333,220,220,604,575,575,50,0
3475,26,156,6,1,25,11,10,27,15.333,25.000,9.667,220,220,654,575,575,50,0
3476,26,156,6,1,32,11,10,29,17.667,32.000,14.333,220,220,704,575,575,50,0
3477,26,156,6,1,39,12,10,32,20.333,39.000,18.667,220,220,754,575,575,50,0
3478,26,156,6,1,47,12,11,35,23.333,47.000,23.667,220,220,804,575,575,50,0
3479,26,156,6,1,54,12,11,37,25.667,54.000,28.333,220,220,854,575,575,50,0
3480,26,156,6,1,62,13,12,40,29.000,62.000,33.000,220,220,904,575,575,50,0
3481,26,156,6,1,69,13,12,43,31.333,69.000,37.667,220,220,954,575,575,50,0
3482,26,156,6,1,76,14,13,46,34.333,76.000,41.667,220,220,1004,575,575,50,0
3483,26,156,6,1,83,14,13,48,36.667,83.000,46.333,220,220,1054,575,575,50,0
3484,26,156,6,1,90,14,13,51,39.000,90.000,51.000,220,220,1104,575,575,50,0
3485,27,157,1,1,16,11,86,48,37.667,86.000,48.333,220,220,54,575,575,50,0
3486,27,157,1,1,18,14,80,48,37.333,80.000,42.667,220,220,104,575,575,50,0
3487,27,157,1,1,17,13,71,45,33.667,71.000,37.333,220,220,154,575,575,50,0
3488,27,157,1,1,16,13,64,42,31.000,64.000,33.000,220,220,204,575,575,50,0
3489,27,157,1,1,15,13,55,39,27.667,55.000,27.333,220,220,254,575,575,50,0
3490,27,157,1,1,15,12,47,36,24.667,47.000,22.333,220,220,304,575,575,50,0
3491,27,157,1,1,14,12,40,34,22.000,40.000,18.000,220,220,354,575,575,50,0
3492,27,157,1,1,17,11,33,31,20.333,33.000,12.667,220,220,404,575,575,50,0
3493,27,157,1,1,14,11,26,28,17.000,26.000,9.000,220,220,454,575,575,50,0
3494,27,157,1,1,13,11,18,25,14.000,18.000,4.000,220,220,504,575,575,50,0
3495,27,157,1,1,13,10,12,23,11.667,12.000,0.333,220,220,554,575,575,50,0
3496,27,157,1,1,12,9,5,20,8.667,5.000,-3.667,220,220,604,600,600,50,1
3497,27,157,1,1,12,9,0,17,7.000,0.000,-7.000,220,220,654,600,600,50,0
3498,27,157,1,1,12,9,0,15,7.000,0.000,-7.000,220,220,704,600,600,50,0
3499,27,157,1,1,11,9,0,11,6.667,0.000,-6.667,220,220,754,600,600,50,0
3500,27,157,1,1,11,8,0,10,6.333,0.000,-6.333,220,220,804,600,600,50,0
3501,27,157,1,1,10,8,0,6,6.000,0.000,-6.000,220,220,854,600,600,50,0
3502,27,157,1,1,10,7,0,4,5.667,0.000,-5.667,220,220,904,600,600,50,0
3503,27,157,1,1,9,7,0,1,5.333,0.000,-5.333,220,220,954,600,600,50,0
3504,27,157,1,1,9,7,0,0,5.333,0.000,-5.333,220,220,1004,600,600,50,0
3505,27,157,1,1,8,6,0,0,4.667,0.000,-4.667,220,220,1054,600,600,50,0
3506,27,157,1,1,8,6,0,0,4.667,0.000,-4.667,220,220,1104,600,600,50,0
3507,27,157,1,1,7,6,0,0,4.333,0.000,-4.333,220,220,1154,600,600,50,0
3508,27,157,1,1,6,5,0,0,3.667,0.000,-3.667,220,220,1204,600,600,50,0
3509,27,158,2,1,10,0,4,0,4.667,0.000,-4.667,220,220,79,600,600,50,0
3510,27,158,2,1,10,0,6,1,5.333,0.000,-5.333,220,220,129,600,600,50,0
3511,27,158,2,1,13,0,6,3,6.333,0.000,-6.333,220,220,179,600,600,50,0
3512,27,158,2,1,10,0,6,5,5.333,0.000,-5.333,220,220,229,600,600,50,0
3513,27,158,2,1,10,0,7,8,5.667,0.000,-5.667,220,220,279,600,600,50,0
3514,27,158,2,1,11,0,7,11,6.000,0.000,-6.000,220,220,329,600,600,50,0
3515,27,158,2,1,11,0,8,14,6.333,0.000,-6.333,220,220,379,600,600,50,0
3516,27,158,2,1,12,0,8,17,6.667,0.000,-6.667,220,220,429,600,600,50,0
3517,27,158,2,1,13,4,8,19,8.333,4.000,-4.333,220,220,479,600,600,50,0
3518,27,158,2,1,13,11,9,22,11.000,11.000,0.000,220,220,529,600,600,50,1
3519,27,158,2,1,13,18,9,24,13.333,18.000,4.667,220,220,579,600,600,50,0
3520,27,158,2,1,13,25,9,27,15.667,25.000,9.333,220,220,629,600,600,50,0
3521,27,158,2,1,14,32,10,30,18.667,32.000,13.333,220,220,679,600,600,50,0
3522,27,158,2,1,15,39,10,32,21.333,39.000,17.667,220,220,729,600,600,50,0
3523,27,158,2,1,15,47,11,35,24.333,47.000,22.667,220,220,779,600,600,50,0
3524,27,158,2,1,15,54,12,38,27.000,54.000,27.000,220,220,829,600,600,50,0
3525,27,158,2,1,16,62,12,41,30.000,62.000,32.000,220,220,879,600,600,50,0
3526,27,158,2,1,16,69,12,43,32.333,69.000,36.667,220,220,929,600,600,50,0
3527,27,158,2,1,16,78,13,47,35.667,78.000,42.333,220,220,979,600,600,50,0
3528,27,158,2,1,17,86,13,50,38.667,86.000,47.333,220,220,1029,600,600,50,0
3529,27,158,2,1,17,93,14,52,41.333,93.000,51.667,220,220,1079,600,600,50,0
3530,27,158,2,1,17,101,14,55,44.000,101.000,57.000,220,220,1129,600,600,50,0
3531,27,158,2,1,21,110,15,58,48.667,110.000,61.333,220,220,1179,600,600,50,0
3532,27,159,3,1,72,15,12,44,33.000,72.000,39.000,220,220,80,600,600,50,0
3533,27,159,3,1,64,14,12,41,30.000,64.000,34.000,220,220,130,600,600,50,0
3534,27,159,3,1,56,13,12,38,27.000,56.000,29.000,220,220,180,600,600,50,0
3535,27,159,3,1,48,12,11,35,23.667,48.000,24.333,220,220,230,600,600,50,0
3536,27,159,3,1,40,12,10,32,20.667,40.000,19.333,220,220,280,600,600,50,0
3537,27,159,3,1,33,12,10,30,18.333,33.000,14.667,220,220,330,600,600,50,0
3538,27,159,3,1,26,11,10,26,15.667,26.000,10.333,220,220,380,600,600,50,0
3539,27,159,3,1,18,11,9,24,12.667,18.000,5.333,220,220,430,600,600,50,0
3540,27,159,3,1,12,10,9,21,10.333,12.000,1.667,220,220,480,600,600,50,0
3541,27,159,3,1,6,10,8,19,8.000,6.000,-2.000,220,220,530,575,575,50,1
3542,27,159,3,1,0,9,8,16,5.667,0.000,-5.667,220,220,580,575,575,50,0
3543,27,159,3,1,0,9,8,13,5.667,0.000,-5.667,220,220,630,575,575,50,0
3544,27,159,3,1,0,9,8,11,5.667,0.000,-5.667,220,220,680,575,575,50,0
3545,27,159,3,1,0,8,7,8,5.000,0.000,-5.000,220,220,730,575,575,50,0
3546,27,159,3,1,0,8,6,5,4.667,0.000,-4.667,220,220,780,575,575,50,0
3547,27,159,3,1,0,8,6,2,4.667,0.000,-4.667,220,220,830,575,575,50,0
3548,27,159,3,1,0,7,5,0,4.000,0.000,-4.000,220,220,880,575,575,50,0
3549,27,159,3,1,0,6,5,0,3.667,0.000,-3.667,220,220,930,575,575,50,0
3550,27,159,3,1,0,6,5,0,3.667,0.000,-3.667,220,220,980,575,575,50,0
3551,27,159,3,1,0,6,4,0,3.333,0.000,-3.333,220,220,1030,575,575,50,0
3552,27,159,3,1,0,5,4,0,3.000,0.000,-3.000,220,220,1080,575,575,50,0
3553,27,160,4,1,10,10,0,0,6.667,0.000,-6.667,220,220,54,575,575,50,0
3554,27,160,4,1,8,8,0,0,5.333,0.000,-5.333,220,220,104,575,575,50,0
3555,27,160,4,1,9,7,0,1,5.333,0.000,-5.333,220,220,154,575,575,50,0
3556,27,160,4,1,9,8,0,4,5.667,0.000,-5.667,220,220,204,575,575,50,0
3557,27,160,4,1,10,8,0,7,6.000,0.000,-6.000,220,220,254,575,575,50,0
3558,27,160,4,1,10,9,0,9,6.333,0.000,-6.333,220,220,304,575,575,50,0
3559,27,160,4,1,10,9,0,13,6.333,0.000,-6.333,220,220,354,575,575,50,0
3560,27,160,4,1,11,9,0,15,6.667,0.000,-6.667,220,220,404,575,575,50,0
3561,27,160,4,1,11,10,0,17,7.000,0.000,-7.000,220,220,454,575,575,50,0
3562,27,160,4,1,12,10,5,20,9.000,5.000,-4.000,220,220,504,575,575,50,0
3563,27,160,4,1,12,11,12,23,11.667,12.000,0.333,220,220,554,575,575,50,1
3564,27,160,4,1,12,11,19,25,14.000,19.000,5.000,220,220,604,575,575,50,0
3565,27,160,4,1,13,12,27,28,17.333,27.000,9.667,220,220,654,575,575,50,0
3566,27,160,4,1,14,12,33,31,19.667,33.000,13.333,220,220,704,575,575,50,0
3567,27,160,4,1,14,12,40,34,22.000,40.000,18.000,220,220,754,575,575,50,0
3568,27,160,4,1,14,12,48,36,24.667,48.000,23.333,220,220,804,575,575,50,0
3569,27,160,4,1,18,13,55,39,28.667,55.000,26.333,220,220,854,575,575,50,0
3570,27,160,4,1,16,14,63,42,31.000,63.000,32.000,220,220,904,575,575,50,0
3571,27,160,4,1,16,14,70,44,33.333,70.000,36.667,220,220,954,575,575,50,0
3572,27,160,4,1,16,14,77,47,35.667,77.000,41.333,220,220,1004,575,575,50,0
3573,27,160,4,1,17,14,85,51,38.667,85.000,46.333,220,220,1054,575,575,50,0
3574,27,160,4,1,17,15,92,53,41.333,92.000,50.667,220,220,1104,575,575,50,0
3575,27,161,5,1,12,80,13,46,35.000,80.000,45.000,220,220,54,575,575,50,0
3576,27,161,5,1,16,75,14,46,35.000,75.000,40.000,220,220,104,575,575,50,0
3577,27,161,5,1,16,67,13,43,32.000,67.000,35.000,220,220,154,575,575,50,0
3578,27,161,5,1,16,59,12,40,29.000,59.000,30.000,220,220,204,575,575,50,0
3579,27,161,5,1,15,52,11,37,26.000,52.000,26.000,220,220,254,575,575,50,0
3580,27,161,5,1,14,45,11,34,23.333,45.000,21.667,220,220,304,575,575,50,0
3581,27,161,5,1,14,37,11,32,20.667,37.000,16.333,220,220,354,575,575,50,0
3582,27,161,5,1,13,30,10,29,17.667,30.000,12.333,220,220,404,575,575,50,0
3583,27,161,5,1,13,23,10,27,15.333,23.000,7.667,220,220,454,575,575,50,0
3584,27,161,5,1,13,16,10,24,13.000,16.000,3.000,220,220,504,575,575,50,0
3585,27,161,5,1,12,9,9,21,10.000,9.000,-1.000,220,220,554,575,575,50,1
3586,27,161,5,1,12,3,9,19,8.000,3.000,-5.000,220,220,604,575,575,50,0
3587,27,161,5,1,11,0,8,16,6.333,0.000,-6.333,220,220,654,575,575,50,0
3588,27,161,5,1,11,0,8,14,6.333,0.000,-6.333,220,220,704,575,575,50,0
3589,27,161,5,1,13,0,8,11,7.000,0.000,-7.000,220,220,754,575,575,50,0
3590,27,161,5,1,10,0,7,8,5.667,0.000,-5.667,220,220,804,575,575,50,0
3591,27,161,5,1,10,0,7,5,5.667,0.000,-5.667,220,220,854,575,575,50,0
3592,27,161,5,1,9,0,6,3,5.000,0.000,-5.000,220,220,904,575,575,50,0
3593,27,161,5,1,9,0,6,0,5.000,0.000,-5.000,220,220,954,575,575,50,0
3594,27,161,5,1,8,0,5,0,4.333,0.000,-4.333,220,220,1004,575,575,50,0
3595,27,161,5,1,8,0,5,0,4.333,0.000,-4.333,220,220,1054,575,575,50,0
3596,27,161,5,1,7,0,4,0,3.667,0.000,-3.667,220,220,1104,575,575,50,0
3597,27,162,6,1,0,7,8,0,5.000,0.000,-5.000,220,220,54,575,575,50,0
3598,27,162,6,1,0,6,6,0,4.000,0.000,-4.000,220,220,104,575,575,50,0
3599,27,162,6,1,0,7,6,0,4.333,0.000,-4.333,220,220,154,575,575,50,0
3600,27,162,6,1,0,7,6,3,4.333,0.000,-4.333,220,220,204,575,575,50,0
3601,27,162,6,1,0,8,7,5,5.000,0.000,-5.000,220,220,254,575,575,50,0
3602,27,162,6,1,0,8,7,8,5.000,0.000,-5.000,220,220,304,575,575,50,0
3603,27,162,6,1,0,8,7,11,5.000,0.000,-5.000,220,220,354,575,575,50,0
3604,27,162,6,1,0,9,8,14,5.667,0.000,-5.667,220,220,404,575,575,50,0
3605,27,162,6,1,0,9,9,17,6.000,0.000,-6.000,220,220,454,575,575,50,0
3606,27,162,6,1,6,10,9,20,8.333,6.000,-2.333,220,220,504,575,575,50,0
3607,27,162,6,1,11,10,9,22,10.000,11.000,1.000,220,220,554,575,575,50,1
3608,27,162,6,1,23,11,10,25,14.667,23.000,8.333,220,220,604,575,575,50,0
3609,27,162,6,1,27,11,10,27,16.000,27.000,11.000,220,220,654,575,575,50,0
3610,27,162,6,1,34,12,10,30,18.667,34.000,15.333,220,220,704,575,575,50,0
3611,27,162,6,1,42,12,11,32,21.667,42.000,20.333,220,220,754,575,575,50,0
3612,27,162,6,1,49,12,11,36,24.000,49.000,25.000,220,220,804,575,575,50,0
3613,27,162,6,1,57,13,12,38,27.333,57.000,29.667,220,220,854,575,575,50,0
3614,27,162,6,1,64,13,12,41,29.667,64.000,34.333,220,220,904,575,575,50,0
3615,27,162,6,1,71,14,12,44,32.333,71.000,38.667,220,220,954,575,575,50,0
3616,27,162,6,1,78,14,13,46,35.000,78.000,43.000,220,220,1004,575,575,50,0
3617,27,162,6,1,85,14,13,49,37.333,85.000,47.667,220,220,1054,575,575,50,0
3618,27,162,6,1,92,14,13,51,39.667,92.000,52.333,220,220,1104,575,575,50,0
3619,28,163,1,1,15,11,82,47,36.000,82.000,46.000,220,220,54,575,575,50,0
3620,28,163,1,1,18,13,77,47,36.000,77.000,41.000,220,220,104,575,575,50,0
3621,28,163,1,1,17,14,69,45,33.333,69.000,35.667,220,220,154,575,575,50,0
3622,28,163,1,1,16,13,61,41,30.000,61.000,31.000,220,220,204,575,575,50,0
3623,28,163,1,1,15,12,54,38,27.000,54.000,27.000,220,220,254,575,575,50,0
3624,28,163,1,1,15,12,46,36,24.333,46.000,21.667,220,220,304,575,575,50,0
3625,28,163,1,1,14,12,38,33,21.333,38.000,16.667,220,220,354,575,575,50,0
3626,28,163,1,1,17,11,32,30,20.000,32.000,12.000,220,220,404,575,575,50,0
3627,28,163,1,1,14,11,24,28,16.333,24.000,7.667,220,220,454,575,575,50,0
3628,28,163,1,1,13,11,18,25,14.000,18.000,4.000,220,220,504,575,575,50,0
3629,28,163,1,1,13,10,11,23,11.333,11.000,-0.333,220,220,554,575,575,50,1
3630,28,163,1,1,13,10,5,20,9.333,5.000,-4.333,220,220,604,600,600,50,0
3631,28,163,1,1,12,10,0,18,7.333,0.000,-7.333,220,220,654,600,600,50,0
3632,28,163,1,1,12,9,0,15,7.000,0.000,-7.000,220,220,704,600,600,50,0
3633,28,163,1,1,12,9,0,13,7.000,0.000,-7.000,220,220,754,600,600,50,0
3634,28,163,1,1,11,8,0,10,6.333,0.000,-6.333,220,220,804,600,600,50,0
3635,28,163,1,1,10,8,0,7,6.000,0.000,-6.000,220,220,854,600,600,50,0
3636,28,163,1,1,10,7,0,4,5.667,0.000,-5.667,220,220,904,600,600,50,0
3637,28,163,1,1,9,7,0,2,5.333,0.000,-5.333,220,220,954,600,600,50,0
3638,28,163,1,1,9,7,0,0,5.333,0.000,-5.333,220,220,1004,600,600,50,0
3639,28,163,1,1,8,6,0,0,4.667,0.000,-4.667,220,220,1054,600,600,50,0
3640,28,163,1,1,8,6,0,0,4.667,0.000,-4.667,220,220,1104,600,600,50,0
3641,28,163,1,1,7,5,0,0,4.000,0.000,-4.000,220,220,1154,600,600,50,0
3642,28,163,1,1,7,5,0,0,4.000,0.000,-4.000,220,220,1204,600,600,50,0
3643,28,164,2,1,10,0,4,0,4.667,0.000,-4.667,220,220,79,600,600,50,0
3644,28,164,2,1,10,0,5,0,5.000,0.000,-5.000,220,220,129,600,600,50,0
3645,28,164,2,1,9,0,6,3,5.000,0.000,-5.000,220,220,179,600,600,50,0
3646,28,164,2,1,13,0,6,5,6.333,0.000,-6.333,220,220,229,600,600,50,0
3647,28,164,2,1,10,0,7,8,5.667,0.000,-5.667,220,220,279,600,600,50,0
3648,28,164,2,1,11,0,7,11,6.000,0.000,-6.000,220,220,329,600,600,50,0
3649,28,164,2,1,11,0,7,14,6.000,0.000,-6.000,220,220,379,600,600,50,0
3650,28,164,2,1,12,0,8,16,6.667,0.000,-6.667,220,220,429,600,600,50,0
3651,28,164,2,1,12,3,9,19,8.000,3.000,-5.000,220,220,479,600,600,50,0
3652,28,164,2,1,12,10,9,22,10.333,10.000,-0.333,220,220,529,600,600,50,0
3653,28,164,2,1,13,17,9,24,13.000,17.000,4.000,220,220,579,600,600,50,1
3654,28,164,2,1,13,24,10,27,15.667,24.000,8.333,220,220,629,600,600,50,0
3655,28,164,2,1,14,31,10,30,18.333,31.000,12.667,220,220,679,600,600,50,0
3656,28,164,2,1,14,39,10,33,21.000,39.000,18.000,220,220,729,600,600,50,0
3657,28,164,2,1,15,46,10,34,23.667,46.000,22.333,220,220,779,600,600,50,0
3658,28,164,2,1,15,53,11,37,26.333,53.000,26.667,220,220,829,600,600,50,0
3659,28,164,2,1,16,61,12,40,29.667,61.000,31.333,220,220,879,600,600,50,0
3660,28,164,2,1,16,68,12,43,32.000,68.000,36.000,220,220,929,600,600,50,0
3661,28,164,2,1,16,75,13,46,34.667,75.000,40.333,220,220,979,600,600,50,0
3662,28,164,2,1,16,83,13,48,37.333,83.000,45.667,220,220,1029,600,600,50,0
3663,28,164,2,1,17,90,14,51,40.333,90.000,49.667,220,220,1079,600,600,50,0
3664,28,164,2,1,17,97,14,54,42.667,97.000,54.333,220,220,1129,600,600,50,0
3665,28,164,2,1,20,106,14,57,46.667,106.000,59.333,220,220,1179,600,600,50,0
3666,28,165,3,1,73,15,12,44,33.333,73.000,39.667,220,220,80,600,600,50,0
3667,28,165,3,1,66,14,12,42,30.667,66.000,35.333,220,220,130,600,600,50,0
3668,28,165,3,1,58,13,12,38,27.667,58.000,30.333,220,220,180,600,600,50,0
3669,28,165,3,1,49,13,11,36,24.333,49.000,24.667,220,220,230,600,600,50,0
3670,28,165,3,1,42,12,10,32,21.333,42.000,20.667,220,220,280,600,600,50,0
3671,28,165,3,1,35,12,10,30,19.000,35.000,16.000,220,220,330,600,600,50,0
3672,28,165,3,1,28,11,10,27,16.333,28.000,11.667,220,220,380,600,600,50,0
3673,28,165,3,1,20,11,10,25,13.667,20.000,6.333,220,220,430,600,600,50,0
3674,28,165,3,1,14,11,9,22,11.333,14.000,2.667,220,220,480,600,600,50,0
3675,28,165,3,1,7,10,9,19,8.667,7.000,-1.667,220,220,530,575,575,50,1
3676,28,165,3,1,0,10,8,17,6.000,0.000,-6.000,220,220,580,575,575,50,0
3677,28,165,3,1,0,9,8,14,5.667,0.000,-5.667,220,220,630,575,575,50,0
3678,28,165,3,1,0,9,8,11,5.667,0.000,-5.667,220,220,680,575,575,50,0
3679,28,165,3,1,0,8,7,8,5.000,0.000,-5.000,220,220,730,575,575,50,0
3680,28,165,3,1,0,8,7,5,5.000,0.000,-5.000,220,220,780,575,575,50,0
3681,28,165,3,1,0,7,6,3,4.333,0.000,-4.333,220,220,830,575,575,50,0
3682,28,165,3,1,0,7,6,0,4.333,0.000,-4.333,220,220,880,575,575,50,0
3683,28,165,3,1,0,6,5,0,3.667,0.000,-3.667,220,220,930,575,575,50,0
3684,28,165,3,1,0,6,5,0,3.667,0.000,-3.667,220,220,980,575,575,50,0
3685,28,165,3,1,0,5,5,0,3.333,0.000,-3.333,220,220,1030,575,575,50,0
3686,28,165,3,1,0,5,4,0,3.000,0.000,-3.000,220,220,1080,575,575,50,0
3687,28,166,4,1,11,11,0,0,7.333,0.000,-7.333,220,220,54,575,575,50,0
3688,28,166,4,1,8,8,0,0,5.333,0.000,-5.333,220,220,104,575,575,50,0
3689,28,166,4,1,9,8,0,2,5.667,0.000,-5.667,220,220,154,575,575,50,0
3690,28,166,4,1,10,8,0,5,6.000,0.000,-6.000,220,220,204,575,575,50,0
3691,28,166,4,1,10,8,0,8,6.000,0.000,-6.000,220,220,254,575,575,50,0
3692,28,166,4,1,10,8,0,11,6.000,0.000,-6.000,220,220,304,575,575,50,0
3693,28,166,4,1,11,9,0,13,6.667,0.000,-6.667,220,220,354,575,575,50,0
3694,28,166,4,1,11,10,0,16,7.000,0.000,-7.000,220,220,404,575,575,50,0
3695,28,166,4,1,12,10,1,19,7.667,1.000,-6.667,220,220,454,575,575,50,0
3696,28,166,4,1,12,10,8,21,10.000,8.000,-2.000,220,220,504,575,575,50,0
3697,28,166,4,1,12,11,14,24,12.333,14.000,1.667,220,220,554,575,575,50,1
3698,28,166,4,1,13,11,21,26,15.000,21.000,6.000,220,220,604,575,575,50,0
3699,28,166,4,1,13,12,28,29,17.667,28.000,10.333,220,220,654,575,575,50,0
3700,28,166,4,1,13,12,34,32,19.667,34.000,14.333,220,220,704,575,575,50,0
3701,28,166,4,1,14,12,42,34,22.667,42.000,19.333,220,220,754,575,575,50,0
3702,28,166,4,1,15,13,49,37,25.667,49.000,23.333,220,220,804,575,575,50,0
3703,28,166,4,1,18,13,56,40,29.000,56.000,27.000,220,220,854,575,575,50,0
3704,28,166,4,1,15,13,64,42,30.667,64.000,33.333,220,220,904,575,575,50,0
3705,28,166,4,1,16,13,71,45,33.333,71.000,37.667,220,220,954,575,575,50,0
3706,28,166,4,1,16,14,78,47,36.000,78.000,42.000,220,220,1004,575,575,50,0
3707,28,166,4,1,17,14,85,50,38.667,85.000,46.333,220,220,1054,575,575,50,0
3708,28,166,4,1,17,15,92,53,41.333,92.000,50.667,220,220,1104,575,575,50,0
3709,28,167,5,1,13,82,13,46,36.000,82.000,46.000,220,220,54,575,575,50,0
3710,28,167,5,1,16,77,14,47,35.667,77.000,41.333,220,220,104,575,575,50,0
3711,28,167,5,1,16,69,13,44,32.667,69.000,36.333,220,220,154,575,575,50,0
3712,28,167,5,1,16,62,13,41,30.333,62.000,31.667,220,220,204,575,575,50,0
3713,28,167,5,1,15,53,12,39,26.667,53.000,26.333,220,220,254,575,575,50,0
3714,28,167,5,1,14,46,12,35,24.000,46.000,22.000,220,220,304,575,575,50,0
3715,28,167,5,1,14,39,11,33,21.333,39.000,17.667,220,220,354,575,575,50,0
3716,28,167,5,1,14,32,10,30,18.667,32.000,13.333,220,220,404,575,575,50,0
3717,28,167,5,1,13,25,10,27,16.000,25.000,9.000,220,220,454,575,575,50,0
3718,28,167,5,1,13,18,10,25,13.667,18.000,4.333,220,220,504,575,575,50,0
3719,28,167,5,1,12,11,9,22,10.667,11.000,0.333,220,220,554,575,575,50,0
3720,28,167,5,1,12,4,9,20,8.333,4.000,-4.333,220,220,604,600,600,50,1
3721,28,167,5,1,11,0,8,17,6.333,0.000,-6.333,220,220,654,600,600,50,0
3722,28,167,5,1,14,0,9,14,7.667,0.000,-7.667,220,220,704,600,600,50,0
3723,28,167,5,1,11,0,8,11,6.333,0.000,-6.333,220,220,754,600,600,50,0
3724,28,167,5,1,10,0,7,8,5.667,0.000,-5.667,220,220,804,600,600,50,0
3725,28,167,5,1,10,0,7,6,5.667,0.000,-5.667,220,220,854,600,600,50,0
3726,28,167,5,1,9,0,6,3,5.000,0.000,-5.000,220,220,904,600,600,50,0
3727,28,167,5,1,9,0,6,0,5.000,0.000,-5.000,220,220,954,600,600,50,0
3728,28,167,5,1,8,0,5,0,4.333,0.000,-4.333,220,220,1004,600,600,50,0
3729,28,167,5,1,8,0,5,0,4.333,0.000,-4.333,220,220,1054,600,600,50,0
3730,28,167,5,1,7,0,4,0,3.667,0.000,-3.667,220,220,1104,600,600,50,0
3731,28,167,5,1,7,0,3,0,3.333,0.000,-3.333,220,220,1154,600,600,50,0
3732,28,167,5,1,7,0,3,0,3.333,0.000,-3.333,220,220,1204,600,600,50,0
3733,28,168,6,1,0,6,7,0,4.333,0.000,-4.333,220,220,79,600,600,50,0
3734,28,168,6,1,0,7,7,2,4.667,0.000,-4.667,220,220,129,600,600,50,0
3735,28,168,6,1,0,8,7,5,5.000,0.000,-5.000,220,220,179,600,600,50,0
3736,28,168,6,1,0,8,7,8,5.000,0.000,-5.000,220,220,229,600,600,50,0
3737,28,168,6,1,0,8,7,10,5.000,0.000,-5.000,220,220,279,600,600,50,0
3738,28,168,6,1,0,9,8,13,5.667,0.000,-5.667,220,220,329,600,600,50,0
3739,28,168,6,1,0,9,8,16,5.667,0.000,-5.667,220,220,379,600,600,50,0
3740,28,168,6,1,4,10,9,19,7.667,4.000,-3.667,220,220,429,600,600,50,0
3741,28,168,6,1,14,10,9,22,11.000,14.000,3.000,220,220,479,550,550,50,1
3742,28,168,6,1,18,10,9,24,12.333,18.000,5.667,220,220,529,550,550,50,0
3743,28,168,6,1,24,11,10,26,15.000,24.000,9.000,220,220,579,550,550,50,0
3744,28,168,6,1,32,11,10,29,17.667,32.000,14.333,220,220,629,550,550,50,0
3745,28,168,6,1,39,12,11,31,20.667,39.000,18.333,220,220,679,550,550,50,0
3746,28,168,6,1,46,12,11,34,23.000,46.000,23.000,220,220,729,550,550,50,0
3747,28,168,6,1,53,12,12,37,25.667,53.000,27.333,220,220,779,550,550,50,0
3748,28,168,6,1,60,13,12,40,28.333,60.000,31.667,220,220,829,550,550,50,0
3749,28,168,6,1,67,14,12,42,31.000,67.000,36.000,220,220,879,550,550,50,0
3750,28,168,6,1,74,13,12,45,33.000,74.000,41.000,220,220,929,550,550,50,0
3751,28,168,6,1,82,14,13,48,36.333,82.000,45.667,220,220,979,550,550,50,0
3752,28,168,6,1,89,15,13,50,39.000,89.000,50.000,220,220,1029,550,550,50,0
3753,29,169,1,1,17,15,83,50,38.333,83.000,44.667,220,220,78,550,550,50,0
3754,29,169,1,1,17,14,76,47,35.667,76.000,40.333,220,220,128,550,550,50,0
3755,29,169,1,1,16,13,68,44,32.333,68.000,35.667,220,220,178,550,550,50,0
3756,29,169,1,1,16,13,61,41,30.000,61.000,31.000,220,220,228,550,550,50,0
3757,29,169,1,1,15,12,53,38,26.667,53.000,26.333,220,220,278,550,550,50,0
3758,29,169,1,1,15,12,45,35,24.000,45.000,21.000,220,220,328,550,550,50,0
3759,29,169,1,1,14,12,38,33,21.333,38.000,16.667,220,220,378,550,550,50,0
3760,29,169,1,1,14,11,31,30,18.667,31.000,12.333,220,220,428,550,550,50,0
3761,29,169,1,1,17,11,24,28,17.333,24.000,6.667,220,220,478,550,550,50,0
3762,29,169,1,1,13,11,17,25,13.667,17.000,3.333,220,220,528,550,550,50,0
3763,29,169,1,1,13,10,10,22,11.000,10.000,-1.000,220,220,578,575,575,50,1
3764,29,169,1,1,12,10,3,20,8.333,3.000,-5.333,220,220,628,575,575,50,0
3765,29,169,1,1,12,10,0,16,7.333,0.000,-7.333,220,220,678,575,575,50,0
3766,29,169,1,1,11,9,0,14,6.667,0.000,-6.667,220,220,728,575,575,50,0
3767,29,169,1,1,11,8,0,12,6.333,0.000,-6.333,220,220,778,575,575,50,0
3768,29,169,1,1,11,8,0,9,6.333,0.000,-6.333,220,220,828,575,575,50,0
3769,29,169,1,1,10,8,0,6,6.000,0.000,-6.000,220,220,878,575,575,50,0
3770,29,169,1,1,10,7,0,3,5.667,0.000,-5.667,220,220,928,575,575,50,0
3771,29,169,1,1,9,7,0,1,5.333,0.000,-5.333,220,220,978,575,575,50,0
3772,29,169,1,1,8,7,0,0,5.000,0.000,-5.000,220,220,1028,575,575,50,0
3773,29,169,1,1,8,6,0,0,4.667,0.000,-4.667,220,220,1078,575,575,50,0
3774,29,169,1,1,8,5,0,0,4.333,0.000,-4.333,220,220,1128,575,575,50,0
3775,29,170,2,1,13,0,5,0,6.000,0.000,-6.000,220,220,54,575,575,50,0
3776,29,170,2,1,9,0,4,0,4.333,0.000,-4.333,220,220,104,575,575,50,0
3777,29,170,2,1,9,0,5,0,4.667,0.000,-4.667,220,220,154,575,575,50,0
3778,29,170,2,1,9,0,5,0,4.667,0.000,-4.667,220,220,204,575,575,50,0
3779,29,170,2,1,13,0,6,3,6.333,0.000,-6.333,220,220,254,575,575,50,0
3780,29,170,2,1,10,0,6,5,5.333,0.000,-5.333,220,220,304,575,575,50,0
3781,29,170,2,1,10,0,7,9,5.667,0.000,-5.667,220,220,354,575,575,50,0
3782,29,170,2,1,11,0,7,12,6.000,0.000,-6.000,220,220,404,575,575,50,0
3783,29,170,2,1,11,0,8,14,6.333,0.000,-6.333,220,220,454,575,575,50,0
3784,29,170,2,1,12,0,8,16,6.667,0.000,-6.667,220,220,504,575,575,50,0
3785,29,170,2,1,12,4,8,19,8.000,4.000,-4.000,220,220,554,575,575,50,0
3786,29,170,2,1,13,11,9,22,11.000,11.000,0.000,220,220,604,575,575,50,1
3787,29,170,2,1,13,18,9,25,13.333,18.000,4.667,220,220,654,625,625,50,0
3788,29,170,2,1,14,24,10,27,16.000,24.000,8.000,220,220,704,625,625,50,0
3789,29,170,2,1,14,32,10,29,18.667,32.000,13.333,220,220,754,625,625,50,0
3790,29,170,2,1,14,39,10,32,21.000,39.000,18.000,220,220,804,625,625,50,0
3791,29,170,2,1,15,46,11,35,24.000,46.000,22.000,220,220,854,625,625,50,0
3792,29,170,2,1,16,53,11,38,26.667,53.000,26.333,220,220,904,625,625,50,0
3793,29,170,2,1,15,61,12,40,29.333,61.000,31.667,220,220,954,625,625,50,0
3794,29,170,2,1,16,69,13,43,32.667,69.000,36.333,220,220,1004,625,625,50,0
3795,29,170,2,1,16,76,13,46,35.000,76.000,41.000,220,220,1054,625,625,50,0
3796,29,170,2,1,16,83,13,49,37.333,83.000,45.667,220,220,1104,625,625,50,0
3797,29,170,2,1,17,91,13,51,40.333,91.000,50.667,220,220,1154,625,625,50,0
3798,29,170,2,1,17,99,14,54,43.333,99.000,55.667,220,220,1204,625,625,50,0
3799,29,170,2,1,20,107,14,57,47.000,107.000,60.000,220,220,1254,625,625,50,0
3800,29,171,3,1,72,13,9,42,31.333,72.000,40.667,220,220,54,625,625,50,0
3801,29,171,3,1,68,15,11,43,31.333,68.000,36.667,220,220,104,625,625,50,0
3802,29,171,3,1,59,14,12,39,28.333,59.000,30.667,220,220,154,625,625,50,0
3803,29,171,3,1,52,13,11,36,25.333,52.000,26.667,220,220,204,625,625,50,0
3804,29,171,3,1,43,12,11,33,22.000,43.000,21.000,220,220,254,625,625,50,0
3805,29,171,3,1,36,12,10,30,19.333,36.000,16.667,220,220,304,625,625,50,0
3806,29,171,3,1,28,11,10,27,16.333,28.000,11.667,220,220,354,625,625,50,0
3807,29,171,3,1,21,11,10,25,14.000,21.000,7.000,220,220,404,625,625,50,0
3808,29,171,3,1,14,11,9,22,11.333,14.000,2.667,220,220,454,625,625,50,0
3809,29,171,3,1,7,10,9,19,8.667,7.000,-1.667,220,220,504,575,575,50,1
3810,29,171,3,1,0,10,8,17,6.000,0.000,-6.000,220,220,554,575,575,50,0
3811,29,171,3,1,0,9,8,14,5.667,0.000,-5.667,220,220,604,575,575,50,0
3812,29,171,3,1,0,9,7,11,5.333,0.000,-5.333,220,220,654,575,575,50,0
3813,29,171,3,1,0,8,7,9,5.000,0.000,-5.000,220,220,704,575,575,50,0
3814,29,171,3,1,0,8,6,5,4.667,0.000,-4.667,220,220,754,575,575,50,0
3815,29,171,3,1,0,7,6,3,4.333,0.000,-4.333,220,220,804,575,575,50,0
3816,29,171,3,1,0,7,6,0,4.333,0.000,-4.333,220,220,854,575,575,50,0
3817,29,171,3,1,0,7,5,0,4.000,0.000,-4.000,220,220,904,575,575,50,0
3818,29,171,3,1,0,6,5,0,3.667,0.000,-3.667,220,220,954,575,575,50,0
3819,29,171,3,1,0,6,5,0,3.667,0.000,-3.667,220,220,1004,575,575,50,0
3820,29,171,3,1,0,5,4,0,3.000,0.000,-3.000,220,220,1054,575,575,50,0
3821,29,172,4,1,10,10,0,0,6.667,0.000,-6.667,220,220,54,575,575,50,0
3822,29,172,4,1,8,8,0,0,5.333,0.000,-5.333,220,220,104,575,575,50,0
3823,29,172,4,1,9,8,0,2,5.667,0.000,-5.667,220,220,154,575,575,50,0
3824,29,172,4,1,10,8,0,5,6.000,0.000,-6.000,220,220,204,575,575,50,0
3825,29,172,4,1,10,8,0,7,6.000,0.000,-6.000,220,220,254,575,575,50,0
3826,29,172,4,1,10,8,0,10,6.000,0.000,-6.000,220,220,304,575,575,50,0
3827,29,172,4,1,10,9,0,13,6.333,0.000,-6.333,220,220,354,575,575,50,0
3828,29,172,4,1,10,10,0,15,6.667,0.000,-6.667,220,220,404,575,575,50,0
3829,29,172,4,1,12,10,0,18,7.333,0.000,-7.333,220,220,454,575,575,50,0
3830,29,172,4,1,12,10,6,21,9.333,6.000,-3.333,220,220,504,575,575,50,0
3831,29,172,4,1,12,11,13,23,12.000,13.000,1.000,220,220,554,575,575,50,1
3832,29,172,4,1,12,11,21,26,14.667,21.000,6.333,220,220,604,575,575,50,0
3833,29,172,4,1,13,11,27,28,17.000,27.000,10.000,220,220,654,575,575,50,0
3834,29,172,4,1,14,12,34,31,20.000,34.000,14.000,220,220,704,575,575,50,0
3835,29,172,4,1,14,12,42,34,22.667,42.000,19.333,220,220,754,575,575,50,0
3836,29,172,4,1,14,13,49,36,25.333,49.000,23.667,220,220,804,575,575,50,0
3837,29,172,4,1,18,13,56,40,29.000,56.000,27.000,220,220,854,575,575,50,0
3838,29,172,4,1,15,13,63,42,30.333,63.000,32.667,220,220,904,575,575,50,0
3839,29,172,4,1,16,14,71,45,33.667,71.000,37.333,220,220,954,575,575,50,0
3840,29,172,4,1,16,14,79,48,36.333,79.000,42.667,220,220,1004,575,575,50,0
3841,29,172,4,1,17,14,87,50,39.333,87.000,47.667,220,220,1054,575,575,50,0
3842,29,172,4,1,17,15,95,53,42.333,95.000,52.667,220,220,1104,575,575,50,0
3843,29,173,5,1,12,78,13,45,34.333,78.000,43.667,220,220,54,575,575,50,0
3844,29,173,5,1,16,74,14,46,34.667,74.000,39.333,220,220,104,575,575,50,0
3845,29,173,5,1,16,66,13,43,31.667,66.000,34.333,220,220,154,575,575,50,0
3846,29,173,5,1,15,58,12,40,28.333,58.000,29.667,220,220,204,575,575,50,0
3847,29,173,5,1,15,50,12,37,25.667,50.000,24.333,220,220,254,575,575,50,0
3848,29,173,5,1,14,43,11,34,22.667,43.000,20.333,220,220,304,575,575,50,0
3849,29,173,5,1,14,36,11,31,20.333,36.000,15.667,220,220,354,575,575,50,0
3850,29,173,5,1,14,29,11,29,18.000,29.000,11.000,220,220,404,575,575,50,0
3851,29,173,5,1,13,21,10,26,14.667,21.000,6.333,220,220,454,575,575,50,0
3852,29,173,5,1,13,15,9,24,12.333,15.000,2.667,220,220,504,575,575,50,0
3853,29,173,5,1,12,8,9,21,9.667,8.000,-1.667,220,220,554,575,575,50,1
3854,29,173,5,1,11,1,9,18,7.000,1.000,-6.000,220,220,604,575,575,50,0
3855,29,173,5,1,11,0,9,16,6.667,0.000,-6.667,220,220,654,575,575,50,0
3856,29,173,5,1,14,0,8,13,7.333,0.000,-7.333,220,220,704,575,575,50,0
3857,29,173,5,1,11,0,8,11,6.333,0.000,-6.333,220,220,754,575,575,50,0
3858,29,173,5,1,10,0,7,7,5.667,0.000,-5.667,220,220,804,575,575,50,0
3859,29,173,5,1,9,0,7,5,5.333,0.000,-5.333,220,220,854,575,575,50,0
3860,29,173,5,1,9,0,6,2,5.000,0.000,-5.000,220,220,904,575,575,50,0
3861,29,173,5,1,9,0,6,0,5.000,0.000,-5.000,220,220,954,575,575,50,0
3862,29,173,5,1,8,0,5,0,4.333,0.000,-4.333,220,220,1004,575,575,50,0
3863,29,173,5,1,8,0,4,0,4.000,0.000,-4.000,220,220,1054,575,575,50,0
3864,29,173,5,1,7,0,4,0,3.667,0.000,-3.667,220,220,1104,575,575,50,0
3865,29,174,6,1,0,7,8,0,5.000,0.000,-5.000,220,220,54,575,575,50,0
3866,29,174,6,1,0,6,6,0,4.000,0.000,-4.000,220,220,104,575,575,50,0
3867,29,174,6,1,0,6,6,0,4.000,0.000,-4.000,220,220,154,575,575,50,0
3868,29,174,6,1,0,7,6,2,4.333,0.000,-4.333,220,220,204,575,575,50,0
3869,29,174,6,1,0,7,7,4,4.667,0.000,-4.667,220,220,254,575,575,50,0
3870,29,174,6,1,0,8,7,7,5.000,0.000,-5.000,220,220,304,575,575,50,0
3871,29,174,6,1,0,8,7,10,5.000,0.000,-5.000,220,220,354,575,575,50,0
3872,29,174,6,1,0,9,8,13,5.667,0.000,-5.667,220,220,404,575,575,50,0
3873,29,174,6,1,0,9,8,16,5.667,0.000,-5.667,220,220,454,575,575,50,0
3874,29,174,6,1,3,9,9,19,7.000,3.000,-4.000,220,220,504,575,575,50,0
3875,29,174,6,1,13,10,9,21,10.667,13.000,2.333,220,220,554,575,575,50,1
3876,29,174,6,1,17,10,10,23,12.333,17.000,4.667,220,220,604,575,575,50,0
3877,29,174,6,1,24,11,10,26,15.000,24.000,9.000,220,220,654,575,575,50,0
3878,29,174,6,1,31,11,10,29,17.333,31.000,13.667,220,220,704,575,575,50,0
3879,29,174,6,1,39,12,11,31,20.667,39.000,18.333,220,220,754,575,575,50,0
3880,29,174,6,1,46,12,11,34,23.000,46.000,23.000,220,220,804,575,575,50,0
3881,29,174,6,1,54,13,11,37,26.000,54.000,28.000,220,220,854,575,575,50,0
3882,29,174,6,1,62,13,12,40,29.000,62.000,33.000,220,220,904,575,575,50,0
3883,29,174,6,1,69,14,12,43,31.667,69.000,37.333,220,220,954,575,575,50,0
3884,29,174,6,1,76,14,12,45,34.000,76.000,42.000,220,220,1004,575,575,50,0
3885,29,174,6,1,83,14,13,48,36.667,83.000,46.333,220,220,1054,575,575,50,0
3886,29,174,6,1,90,15,13,51,39.333,90.000,50.667,220,220,1104,575,575,50,0
3887,30,175,1,1,15,11,84,47,36.667,84.000,47.333,220,220,54,575,575,50,0
3888,30,175,1,1,18,14,78,48,36.667,78.000,41.333,220,220,104,575,575,50,0
3889,30,175,1,1,17,14,70,45,33.667,70.000,36.333,220,220,154,575,575,50,0
3890,30,175,1,1,16,13,61,42,30.000,61.000,31.000,220,220,204,575,575,50,0
3891,30,175,1,1,15,13,53,38,27.000,53.000,26.000,220,220,254,575,575,50,0
3892,30,175,1,1,15,12,46,35,24.333,46.000,21.667,220,220,304,575,575,50,0
3893,30,175,1,1,14,12,39,33,21.667,39.000,17.333,220,220,354,575,575,50,0
3894,30,175,1,1,17,11,32,30,20.000,32.000,12.000,220,220,404,575,575,50,0
3895,30,175,1,1,13,11,24,28,16.000,24.000,8.000,220,220,454,575,575,50,0
3896,30,175,1,1,13,10,18,25,13.667,18.000,4.333,220,220,504,575,575,50,0
3897,30,175,1,1,13,10,11,23,11.333,11.000,-0.333,220,220,554,575,575,50,1
3898,30,175,1,1,12,10,4,20,8.667,4.000,-4.667,220,220,604,600,600,50,0
3899,30,175,1,1,12,10,0,17,7.333,0.000,-7.333,220,220,654,600,600,50,0
3900,30,175,1,1,11,9,0,15,6.667,0.000,-6.667,220,220,704,600,600,50,0
3901,30,175,1,1,11,9,0,12,6.667,0.000,-6.667,220,220,754,600,600,50,0
3902,30,175,1,1,10,8,0,10,6.000,0.000,-6.000,220,220,804,600,600,50,0
3903,30,175,1,1,10,8,0,7,6.000,0.000,-6.000,220,220,854,600,600,50,0
3904,30,175,1,1,10,7,0,4,5.667,0.000,-5.667,220,220,904,600,600,50,0
3905,30,175,1,1,9,7,0,1,5.333,0.000,-5.333,220,220,954,600,600,50,0
3906,30,175,1,1,9,6,0,0,5.000,0.000,-5.000,220,220,1004,600,600,50,0
3907,30,175,1,1,8,6,0,0,4.667,0.000,-4.667,220,220,1054,600,600,50,0
3908,30,175,1,1,8,6,0,0,4.667,0.000,-4.667,220,220,1104,600,600,50,0
3909,30,175,1,1,6,5,0,0,3.667,0.000,-3.667,220,220,1154,600,600,50,0
3910,30,175,1,1,7,5,0,0,4.000,0.000,-4.000,220,220,1204,600,600,50,0
3911,30,176,2,1,10,0,4,0,4.667,0.000,-4.667,220,220,79,600,600,50,0
3912,30,176,2,1,10,0,6,1,5.333,0.000,-5.333,220,220,129,600,600,50,0
3913,30,176,2,1,13,0,6,4,6.333,0.000,-6.333,220,220,179,600,600,50,0
3914,30,176,2,1,10,0,6,6,5.333,0.000,-5.333,220,220,229,600,600,50,0
3915,30,176,2,1,10,0,7,9,5.667,0.000,-5.667,220,220,279,600,600,50,0
3916,30,176,2,1,11,0,7,12,6.000,0.000,-6.000,220,220,329,600,600,50,0
3917,30,176,2,1,11,0,7,15,6.000,0.000,-6.000,220,220,379,600,600,50,0
3918,30,176,2,1,12,0,8,18,6.667,0.000,-6.667,220,220,429,600,600,50,0
3919,30,176,2,1,12,6,9,20,9.000,6.000,-3.000,220,220,479,600,600,50,0
3920,30,176,2,1,13,13,9,22,11.667,13.000,1.333,220,220,529,575,575,50,1
3921,30,176,2,1,13,19,9,25,13.667,19.000,5.333,220,220,579,575,575,50,0
3922,30,176,2,1,14,27,10,28,17.000,27.000,10.000,220,220,629,575,575,50,0
3923,30,176,2,1,14,34,10,30,19.333,34.000,14.667,220,220,679,575,575,50,0
3924,30,176,2,1,14,41,10,33,21.667,41.000,19.333,220,220,729,575,575,50,0
3925,30,176,2,1,15,49,11,36,25.000,49.000,24.000,220,220,779,575,575,50,0
3926,30,176,2,1,16,56,11,39,27.667,56.000,28.333,220,220,829,575,575,50,0
3927,30,176,2,1,16,64,12,42,30.667,64.000,33.333,220,220,879,575,575,50,0
3928,30,176,2,1,16,72,13,44,33.667,72.000,38.333,220,220,929,575,575,50,0
3929,30,176,2,1,16,79,12,47,35.667,79.000,43.333,220,220,979,575,575,50,0
3930,30,176,2,1,16,86,13,50,38.333,86.000,47.667,220,220,1029,575,575,50,0
3931,30,176,2,1,17,94,14,52,41.667,94.000,52.333,220,220,1079,575,575,50,0
3932,30,177,3,1,87,13,10,47,36.667,87.000,50.333,220,220,54,575,575,50,0
3933,30,177,3,1,81,15,12,47,36.000,81.000,45.000,220,220,104,575,575,50,0
3934,30,177,3,1,73,14,12,44,33.000,73.000,40.000,220,220,154,575,575,50,0
3935,30,177,3,1,65,14,12,41,30.333,65.000,34.667,220,220,204,575,575,50,0
3936,30,177,3,1,56,13,12,38,27.000,56.000,29.000,220,220,254,575,575,50,0
3937,30,177,3,1,49,13,11,35,24.333,49.000,24.667,220,220,304,575,575,50,0
3938,30,177,3,1,42,12,11,32,21.667,42.000,20.333,220,220,354,575,575,50,0
3939,30,177,3,1,34,12,10,30,18.667,34.000,15.333,220,220,404,575,575,50,0
3940,30,177,3,1,27,11,10,27,16.000,27.000,11.000,220,220,454,575,575,50,0
3941,30,177,3,1,20,11,9,24,13.333,20.000,6.667,220,220,504,575,575,50,0
3942,30,177,3,1,14,11,9,22,11.333,14.000,2.667,220,220,554,575,575,50,0
3943,30,177,3,1,6,10,9,19,8.333,6.000,-2.333,220,220,604,600,600,50,1
3944,30,177,3,1,0,10,8,17,6.000,0.000,-6.000,220,220,654,600,600,50,0
3945,30,177,3,1,0,10,8,14,6.000,0.000,-6.000,220,220,704,600,600,50,0
3946,30,177,3,1,0,9,8,12,5.667,0.000,-5.667,220,220,754,600,600,50,0
3947,30,177,3,1,0,9,7,9,5.333,0.000,-5.333,220,220,804,600,600,50,0
3948,30,177,3,1,0,7,6,5,4.333,0.000,-4.333,220,220,854,600,600,50,0
3949,30,177,3,1,0,8,6,3,4.667,0.000,-4.667,220,220,904,600,600,50,0
3950,30,177,3,1,0,7,6,1,4.333,0.000,-4.333,220,220,954,600,600,50,0
3951,30,177,3,1,0,7,6,0,4.333,0.000,-4.333,220,220,1004,600,600,50,0
3952,30,177,3,1,0,6,5,0,3.667,0.000,-3.667,220,220,1054,600,600,50,0
3953,30,177,3,1,0,6,4,0,3.333,0.000,-3.333,220,220,1104,600,600,50,0
3954,30,177,3,1,0,5,4,0,3.000,0.000,-3.000,220,220,1154,600,600,50,0
3955,30,177,3,1,0,4,4,0,2.667,0.000,-2.667,220,220,1204,600,600,50,0
3956,30,178,4,1,8,8,0,0,5.333,0.000,-5.333,220,220,80,600,600,50,0
3957,30,178,4,1,8,8,0,1,5.333,0.000,-5.333,220,220,130,600,600,50,0
3958,30,178,4,1,9,8,0,4,5.667,0.000,-5.667,220,220,180,600,600,50,0
3959,30,178,4,1,10,8,0,6,6.000,0.000,-6.000,220,220,230,600,600,50,0
3960,30,178,4,1,10,8,0,9,6.000,0.000,-6.000,220,220,280,600,600,50,0
3961,30,178,4,1,10,9,0,12,6.333,0.000,-6.333,220,220,330,600,600,50,0
3962,30,178,4,1,11,9,0,15,6.667,0.000,-6.667,220,220,380,600,600,50,0
3963,30,178,4,1,11,10,0,18,7.000,0.000,-7.000,220,220,430,600,600,50,0
3964,30,178,4,1,12,10,6,21,9.333,6.000,-3.333,220,220,480,600,600,50,0
3965,30,178,4,1,12,11,13,23,12.000,13.000,1.000,220,220,530,575,575,50,1
3966,30,178,4,1,13,11,20,26,14.667,20.000,5.333,220,220,580,575,575,50,0
3967,30,178,4,1,13,11,27,28,17.000,27.000,10.000,220,220,630,575,575,50,0
3968,30,178,4,1,14,11,34,31,19.667,34.000,14.333,220,220,680,575,575,50,0
3969,30,178,4,1,14,12,41,34,22.333,41.000,18.667,220,220,730,575,575,50,0
3970,30,178,4,1,15,13,48,36,25.333,48.000,22.667,220,220,780,575,575,50,0
3971,30,178,4,1,18,13,55,39,28.667,55.000,26.333,220,220,830,575,575,50,0
3972,30,178,4,1,15,13,63,42,30.333,63.000,32.667,220,220,880,575,575,50,0
3973,30,178,4,1,16,14,70,45,33.333,70.000,36.667,220,220,930,575,575,50,0
3974,30,178,4,1,16,14,77,47,35.667,77.000,41.333,220,220,980,575,575,50,0
3975,30,178,4,1,17,15,84,50,38.667,84.000,45.333,220,220,1030,575,575,50,0
3976,30,178,4,1,17,15,91,52,41.000,91.000,50.000,220,220,1080,575,575,50,0
3977,30,179,5,1,13,79,13,45,35.000,79.000,44.000,220,220,54,575,575,50,0
3978,30,179,5,1,15,75,14,46,34.667,75.000,40.333,220,220,104,575,575,50,0
3979,30,179,5,1,16,67,13,43,32.000,67.000,35.000,220,220,154,575,575,50,0
3980,30,179,5,1,16,59,12,40,29.000,59.000,30.000,220,220,204,575,575,50,0
3981,30,179,5,1,15,51,11,37,25.667,51.000,25.333,220,220,254,575,575,50,0
3982,30,179,5,1,14,44,11,34,23.000,44.000,21.000,220,220,304,575,575,50,0
3983,30,179,5,1,14,37,10,32,20.333,37.000,16.667,220,220,354,575,575,50,0
3984,30,179,5,1,13,30,10,30,17.667,30.000,12.333,220,220,404,575,575,50,0
3985,30,179,5,1,13,23,10,26,15.333,23.000,7.667,220,220,454,575,575,50,0
3986,30,179,5,1,13,16,9,24,12.667,16.000,3.333,220,220,504,575,575,50,0
3987,30,179,5,1,12,10,9,22,10.333,10.000,-0.333,220,220,554,575,575,50,1
3988,30,179,5,1,12,3,9,19,8.000,3.000,-5.000,220,220,604,600,600,50,0
3989,30,179,5,1,11,0,8,16,6.333,0.000,-6.333,220,220,654,600,600,50,0
3990,30,179,5,1,14,0,8,14,7.333,0.000,-7.333,220,220,704,600,600,50,0
3991,30,179,5,1,10,0,8,11,6.000,0.000,-6.000,220,220,754,600,600,50,0
3992,30,179,5,1,10,0,7,8,5.667,0.000,-5.667,220,220,804,600,600,50,0
3993,30,179,5,1,10,0,7,5,5.667,0.000,-5.667,220,220,854,600,600,50,0
3994,30,179,5,1,9,0,6,2,5.000,0.000,-5.000,220,220,904,600,600,50,0
3995,30,179,5,1,9,0,6,0,5.000,0.000,-5.000,220,220,954,600,600,50,0
3996,30,179,5,1,8,0,5,0,4.333,0.000,-4.333,220,220,1004,600,600,50,0
3997,30,179,5,1,8,0,5,0,4.333,0.000,-4.333,220,220,1054,600,600,50,0
3998,30,179,5,1,7,0,4,0,3.667,0.000,-3.667,220,220,1104,600,600,50,0
3999,30,179,5,1,7,0,4,0,3.667,0.000,-3.667,220,220,1154,600,600,50,0
4000,30,179,5,1,6,0,3,0,3.000,0.000,-3.000,220,220,1204,600,600,50,0
4001,30,180,6,1,0,6,7,0,4.333,0.000,-4.333,220,220,79,600,600,50,0
4002,30,180,6,1,0,7,7,3,4.667,0.000,-4.667,220,220,129,600,600,50,0
4003,30,180,6,1,0,7,7,5,4.667,0.000,-4.667,220,220,179,600,600,50,0
4004,30,180,6,1,0,8,7,8,5.000,0.000,-5.000,220,220,229,600,600,50,0
4005,30,180,6,1,0,8,7,11,5.000,0.000,-5.000,220,220,279,600,600,50,0
4006,30,180,6,1,0,9,8,14,5.667,0.000,-5.667,220,220,329,600,600,50,0
4007,30,180,6,1,0,9,8,16,5.667,0.000,-5.667,220,220,379,600,600,50,0
4008,30,180,6,1,5,10,9,19,8.000,5.000,-3.000,220,220,429,600,600,50,0
4009,30,180,6,1,15,10,9,22,11.333,15.000,3.667,220,220,479,550,550,50,1
4010,30,180,6,1,19,10,10,24,13.000,19.000,6.000,220,220,529,550,550,50,0
4011,30,180,6,1,25,11,10,27,15.333,25.000,9.667,220,220,579,550,550,50,0
4012,30,180,6,1,33,11,10,29,18.000,33.000,15.000,220,220,629,550,550,50,0
4013,30,180,6,1,40,12,10,32,20.667,40.000,19.333,220,220,679,550,550,50,0
4014,30,180,6,1,47,12,11,35,23.333,47.000,23.667,220,220,729,550,550,50,0
4015,30,180,6,1,54,13,12,38,26.333,54.000,27.667,220,220,779,550,550,50,0
4016,30,180,6,1,62,13,12,41,29.000,62.000,33.000,220,220,829,550,550,50,0
4017,30,180,6,1,69,14,12,43,31.667,69.000,37.333,220,220,879,550,550,50,0
4018,30,180,6,1,76,14,13,45,34.333,76.000,41.667,220,220,929,550,550,50,0
4019,30,180,6,1,82,14,13,48,36.333,82.000,45.667,220,220,979,550,550,50,0
4020,30,180,6,1,90,15,13,50,39.333,90.000,50.667,220,220,1029,550,550,50,0
4021,31,181,1,1,18,15,86,51,39.667,86.000,46.333,220,220,78,550,550,50,0
4022,31,181,1,1,17,14,79,48,36.667,79.000,42.333,220,220,128,550,550,50,0
4023,31,181,1,1,16,14,71,45,33.667,71.000,37.333,220,220,178,550,550,50,0
4024,31,181,1,1,16,13,64,42,31.000,64.000,33.000,220,220,228,550,550,50,0
4025,31,181,1,1,16,13,56,40,28.333,56.000,27.667,220,220,278,550,550,50,0
4026,31,181,1,1,15,12,49,37,25.333,49.000,23.667,220,220,328,550,550,50,0
4027,31,181,1,1,15,12,41,34,22.667,41.000,18.333,220,220,378,550,550,50,0
4028,31,181,1,1,17,12,34,32,21.000,34.000,13.000,220,220,428,550,550,50,0
4029,31,181,1,1,14,11,27,29,17.333,27.000,9.667,220,220,478,550,550,50,0
4030,31,181,1,1,13,11,20,26,14.667,20.000,5.333,220,220,528,550,550,50,0
4031,31,181,1,1,13,10,13,23,12.000,13.000,1.000,220,220,578,550,550,50,0
4032,31,181,1,1,13,10,6,21,9.667,6.000,-3.667,220,220,628,600,600,50,1
4033,31,181,1,1,13,10,0,18,7.667,0.000,-7.667,220,220,678,600,600,50,0
4034,31,181,1,1,12,9,0,16,7.000,0.000,-7.000,220,220,728,600,600,50,0
4035,31,181,1,1,12,9,0,13,7.000,0.000,-7.000,220,220,778,600,600,50,0
4036,31,181,1,1,11,8,0,10,6.333,0.000,-6.333,220,220,828,600,600,50,0
4037,31,181,1,1,10,8,0,7,6.000,0.000,-6.000,220,220,878,600,600,50,0
4038,31,181,1,1,10,8,0,4,6.000,0.000,-6.000,220,220,928,600,600,50,0
4039,31,181,1,1,9,7,0,1,5.333,0.000,-5.333,220,220,978,600,600,50,0
4040,31,181,1,1,9,6,0,0,5.000,0.000,-5.000,220,220,1028,600,600,50,0
4041,31,181,1,1,8,6,0,0,4.667,0.000,-4.667,220,220,1078,600,600,50,0
4042,31,181,1,1,8,6,0,0,4.667,0.000,-4.667,220,220,1128,600,600,50,0
4043,31,181,1,1,7,6,0,0,4.333,0.000,-4.333,220,220,1178,600,600,50,0
4044,31,181,1,1,6,5,0,0,3.667,0.000,-3.667,220,220,1228,600,600,50,0
4045,31,182,2,1,10,0,4,0,4.667,0.000,-4.667,220,220,79,600,600,50,0
4046,31,182,2,1,10,0,5,0,5.000,0.000,-5.000,220,220,129,600,600,50,0
4047,31,182,2,1,13,0,6,3,6.333,0.000,-6.333,220,220,179,600,600,50,0
4048,31,182,2,1,10,0,6,5,5.333,0.000,-5.333,220,220,229,600,600,50,0
4049,31,182,2,1,10,0,7,8,5.667,0.000,-5.667,220,220,279,600,600,50,0
4050,31,182,2,1,11,0,7,11,6.000,0.000,-6.000,220,220,329,600,600,50,0
4051,31,182,2,1,11,0,8,13,6.333,0.000,-6.333,220,220,379,600,600,50,0
4052,31,182,2,1,12,0,8,16,6.667,0.000,-6.667,220,220,429,600,600,50,0
4053,31,182,2,1,12,4,8,19,8.000,4.000,-4.000,220,220,479,600,600,50,0
4054,31,182,2,1,13,10,9,22,10.667,10.000,-0.667,220,220,529,600,600,50,0
4055,31,182,2,1,13,17,9,24,13.000,17.000,4.000,220,220,579,600,600,50,1
4056,31,182,2,1,13,24,9,27,15.333,24.000,8.667,220,220,629,600,600,50,0
4057,31,182,2,1,14,31,10,29,18.333,31.000,12.667,220,220,679,600,600,50,0
4058,31,182,2,1,14,38,10,32,20.667,38.000,17.333,220,220,729,600,600,50,0
4059,31,182,2,1,15,45,11,35,23.667,45.000,21.333,220,220,779,600,600,50,0
4060,31,182,2,1,15,53,11,37,26.333,53.000,26.667,220,220,829,600,600,50,0
4061,31,182,2,1,16,60,12,40,29.333,60.000,30.667,220,220,879,600,600,50,0
4062,31,182,2,1,16,68,12,43,32.000,68.000,36.000,220,220,929,600,600,50,0
4063,31,182,2,1,16,75,12,45,34.333,75.000,40.667,220,220,979,600,600,50,0
4064,31,182,2,1,16,82,13,48,37.000,82.000,45.000,220,220,1029,600,600,50,0
4065,31,182,2,1,17,90,13,51,40.000,90.000,50.000,220,220,1079,600,600,50,0
4066,31,182,2,1,17,98,14,54,43.000,98.000,55.000,220,220,1129,600,600,50,0
4067,31,182,2,1,20,106,14,57,46.667,106.000,59.333,220,220,1179,600,600,50,0
4068,31,183,3,1,72,15,11,44,32.667,72.000,39.333,220,220,80,600,600,50,0
4069,31,183,3,1,65,14,12,41,30.333,65.000,34.667,220,220,130,600,600,50,0
4070,31,183,3,1,56,13,11,38,26.667,56.000,29.333,220,220,180,600,600,50,0
4071,31,183,3,1,48,13,11,35,24.000,48.000,24.000,220,220,230,600,600,50,0
4072,31,183,3,1,41,12,11,32,21.333,41.000,19.667,220,220,280,600,600,50,0
4073,31,183,3,1,34,11,10,30,18.333,34.000,15.667,220,220,330,600,600,50,0
4074,31,183,3,1,26,11,10,27,15.667,26.000,10.333,220,220,380,600,600,50,0
4075,31,183,3,1,19,11,9,24,13.000,19.000,6.000,220,220,430,600,600,50,0
4076,31,183,3,1,12,10,9,21,10.333,12.000,1.667,220,220,480,600,600,50,0
4077,31,183,3,1,5,10,8,19,7.667,5.000,-2.667,220,220,530,575,575,50,1
4078,31,183,3,1,0,9,8,16,5.667,0.000,-5.667,220,220,580,575,575,50,0
4079,31,183,3,1,0,9,8,14,5.667,0.000,-5.667,220,220,630,575,575,50,0
4080,31,183,3,1,0,9,7,10,5.333,0.000,-5.333,220,220,680,575,575,50,0
4081,31,183,3,1,0,8,7,8,5.000,0.000,-5.000,220,220,730,575,575,50,0
4082,31,183,3,1,0,8,6,5,4.667,0.000,-4.667,220,220,780,575,575,50,0
4083,31,183,3,1,0,8,6,3,4.667,0.000,-4.667,220,220,830,575,575,50,0
4084,31,183,3,1,0,7,6,0,4.333,0.000,-4.333,220,220,880,575,575,50,0
4085,31,183,3,1,0,6,5,0,3.667,0.000,-3.667,220,220,930,575,575,50,0
4086,31,183,3,1,0,6,5,0,3.667,0.000,-3.667,220,220,980,575,575,50,0
4087,31,183,3,1,0,6,4,0,3.333,0.000,-3.333,220,220,1030,575,575,50,0
4088,31,183,3,1,0,5,4,0,3.000,0.000,-3.000,220,220,1080,575,575,50,0
4089,31,184,4,1,10,10,0,0,6.667,0.000,-6.667,220,220,54,575,575,50,0
4090,31,184,4,1,8,8,0,0,5.333,0.000,-5.333,220,220,104,575,575,50,0
4091,31,184,4,1,9,8,0,2,5.667,0.000,-5.667,220,220,154,575,575,50,0
4092,31,184,4,1,10,8,0,4,6.000,0.000,-6.000,220,220,204,575,575,50,0
4093,31,184,4,1,10,8,0,7,6.000,0.000,-6.000,220,220,254,575,575,50,0
4094,31,184,4,1,10,8,0,10,6.000,0.000,-6.000,220,220,304,575,575,50,0
4095,31,184,4,1,10,9,0,13,6.333,0.000,-6.333,220,220,354,575,575,50,0
4096,31,184,4,1,11,10,0,15,7.000,0.000,-7.000,220,220,404,575,575,50,0
4097,31,184,4,1,12,10,0,18,7.333,0.000,-7.333,220,220,454,575,575,50,0
4098,31,184,4,1,12,10,5,20,9.000,5.000,-4.000,220,220,504,575,575,50,0
4099,31,184,4,1,12,10,12,23,11.333,12.000,0.667,220,220,554,575,575,50,1
4100,31,184,4,1,13,11,19,25,14.333,19.000,4.667,220,220,604,575,575,50,0
4101,31,184,4,1,13,11,26,28,16.667,26.000,9.333,220,220,654,575,575,50,0
4102,31,184,4,1,13,12,32,30,19.000,32.000,13.000,220,220,704,575,575,50,0
4103,31,184,4,1,14,12,39,33,21.667,39.000,17.333,220,220,754,575,575,50,0
4104,31,184,4,1,14,13,47,36,24.667,47.000,22.333,220,220,804,575,575,50,0
4105,31,184,4,1,18,13,54,39,28.333,54.000,25.667,220,220,854,575,575,50,0
4106,31,184,4,1,15,13,61,41,29.667,61.000,31.333,220,220,904,575,575,50,0
4107,31,184,4,1,16,13,69,44,32.667,69.000,36.333,220,220,954,575,575,50,0
4108,31,184,4,1,16,14,77,47,35.667,77.000,41.333,220,220,1004,575,575,50,0
4109,31,184,4,1,16,14,83,49,37.667,83.000,45.333,220,220,1054,575,575,50,0
4110,31,184,4,1,17,15,91,52,41.000,91.000,50.000,220,220,1104,575,575,50,0
4111,31,185,5,1,12,84,13,47,36.333,84.000,47.667,220,220,54,575,575,50,0
4112,31,185,5,1,16,79,14,48,36.333,79.000,42.667,220,220,104,575,575,50,0
4113,31,185,5,1,16,71,13,45,33.333,71.000,37.667,220,220,154,575,575,50,0
4114,31,185,5,1,15,63,12,42,30.000,63.000,33.000,220,220,204,575,575,50,0
4115,31,185,5,1,15,55,12,38,27.333,55.000,27.667,220,220,254,575,575,50,0
4116,31,185,5,1,14,47,11,36,24.000,47.000,23.000,220,220,304,575,575,50,0
4117,31,185,5,1,14,39,10,32,21.000,39.000,18.000,220,220,354,575,575,50,0
4118,31,185,5,1,13,31,11,30,18.333,31.000,12.667,220,220,404,575,575,50,0
4119,31,185,5,1,13,24,10,27,15.667,24.000,8.333,220,220,454,575,575,50,0
4120,31,185,5,1,13,17,10,25,13.333,17.000,3.667,220,220,504,575,575,50,0
4121,31,185,5,1,12,11,10,22,11.000,11.000,0.000,220,220,554,575,575,50,1
4122,31,185,5,1,12,3,9,19,8.000,3.000,-5.000,220,220,604,600,600,50,0
4123,31,185,5,1,11,0,9,17,6.667,0.000,-6.667,220,220,654,600,600,50,0
4124,31,185,5,1,11,0,8,14,6.333,0.000,-6.333,220,220,704,600,600,50,0
4125,31,185,5,1,14,0,8,11,7.333,0.000,-7.333,220,220,754,600,600,50,0
4126,31,185,5,1,10,0,7,8,5.667,0.000,-5.667,220,220,804,600,600,50,0
4127,31,185,5,1,10,0,6,5,5.333,0.000,-5.333,220,220,854,600,600,50,0
4128,31,185,5,1,9,0,6,3,5.000,0.000,-5.000,220,220,904,600,600,50,0
4129,31,185,5,1,9,0,6,0,5.000,0.000,-5.000,220,220,954,600,600,50,0
4130,31,185,5,1,8,0,5,0,4.333,0.000,-4.333,220,220,1004,600,600,50,0
4131,31,185,5,1,8,0,5,0,4.333,0.000,-4.333,220,220,1054,600,600,50,0
4132,31,185,5,1,8,0,4,0,4.000,0.000,-4.000,220,220,1104,600,600,50,0
4133,31,185,5,1,7,0,3,0,3.333,0.000,-3.333,220,220,1154,600,600,50,0
4134,31,185,5,1,7,0,3,0,3.333,0.000,-3.333,220,220,1204,600,600,50,0
4135,31,186,6,1,0,6,7,0,4.333,0.000,-4.333,220,220,79,600,600,50,0
4136,31,186,6,1,0,7,7,2,4.667,0.000,-4.667,220,220,129,600,600,50,0
4137,31,186,6,1,0,7,7,5,4.667,0.000,-4.667,220,220,179,600,600,50,0
4138,31,186,6,1,0,8,7,8,5.000,0.000,-5.000,220,220,229,600,600,50,0
4139,31,186,6,1,0,8,7,10,5.000,0.000,-5.000,220,220,279,600,600,50,0
4140,31,186,6,1,0,9,8,13,5.667,0.000,-5.667,220,220,329,600,600,50,0
4141,31,186,6,1,0,9,8,16,5.667,0.000,-5.667,220,220,379,600,600,50,0
4142,31,186,6,1,4,9,9,19,7.333,4.000,-3.333,220,220,429,600,600,50,0
4143,31,186,6,1,14,10,9,22,11.000,14.000,3.000,220,220,479,550,550,50,1
4144,31,186,6,1,18,10,10,24,12.667,18.000,5.333,220,220,529,550,550,50,0
4145,31,186,6,1,25,11,10,26,15.333,25.000,9.667,220,220,579,550,550,50,0
4146,31,186,6,1,32,11,10,29,17.667,32.000,14.333,220,220,629,550,550,50,0
4147,31,186,6,1,39,12,11,32,20.667,39.000,18.333,220,220,679,550,550,50,0
4148,31,186,6,1,47,12,11,35,23.333,47.000,23.667,220,220,729,550,550,50,0
4149,31,186,6,1,54,13,12,38,26.333,54.000,27.667,220,220,779,550,550,50,0
4150,31,186,6,1,62,13,11,40,28.667,62.000,33.333,220,220,829,550,550,50,0
4151,31,186,6,1,69,14,12,43,31.667,69.000,37.333,220,220,879,550,550,50,0
4152,31,186,6,1,76,14,12,45,34.000,76.000,42.000,220,220,929,550,550,50,0
4153,31,186,6,1,83,14,13,48,36.667,83.000,46.333,220,220,979,550,550,50,0
4154,31,186,6,1,91,15,13,51,39.667,91.000,51.333,220,220,1029,550,550,50,0
4155,32,187,1,1,18,14,83,50,38.333,83.000,44.667,220,220,78,550,550,50,0
4156,32,187,1,1,17,14,75,47,35.333,75.000,39.667,220,220,128,550,550,50,0
4157,32,187,1,1,16,13,68,44,32.333,68.000,35.667,220,220,178,550,550,50,0
4158,32,187,1,1,16,13,61,41,30.000,61.000,31.000,220,220,228,550,550,50,0
4159,32,187,1,1,15,13,53,38,27.000,53.000,26.000,220,220,278,550,550,50,0
4160,32,187,1,1,14,12,46,36,24.000,46.000,22.000,220,220,328,550,550,50,0
4161,32,187,1,1,14,12,39,33,21.667,39.000,17.333,220,220,378,550,550,50,0
4162,32,187,1,1,13,11,31,30,18.333,31.000,12.667,220,220,428,550,550,50,0
4163,32,187,1,1,17,11,24,28,17.333,24.000,6.667,220,220,478,550,550,50,0
4164,32,187,1,1,14,11,17,25,14.000,17.000,3.000,220,220,528,550,550,50,0
4165,32,187,1,1,13,10,10,23,11.000,10.000,-1.000,220,220,578,575,575,50,1
4166,32,187,1,1,13,10,4,20,9.000,4.000,-5.000,220,220,628,575,575,50,0
4167,32,187,1,1,12,9,0,17,7.000,0.000,-7.000,220,220,678,575,575,50,0
4168,32,187,1,1,12,9,0,15,7.000,0.000,-7.000,220,220,728,575,575,50,0
4169,32,187,1,1,11,9,0,12,6.667,0.000,-6.667,220,220,778,575,575,50,0
4170,32,187,1,1,11,8,0,10,6.333,0.000,-6.333,220,220,828,575,575,50,0
4171,32,187,1,1,10,8,0,7,6.000,0.000,-6.000,220,220,878,575,575,50,0
4172,32,187,1,1,10,7,0,4,5.667,0.000,-5.667,220,220,928,575,575,50,0
4173,32,187,1,1,9,7,0,1,5.333,0.000,-5.333,220,220,978,575,575,50,0
4174,32,187,1,1,9,6,0,0,5.000,0.000,-5.000,220,220,1028,575,575,50,0
4175,32,187,1,1,8,6,0,0,4.667,0.000,-4.667,220,220,1078,575,575,50,0
4176,32,187,1,1,8,6,0,0,4.667,0.000,-4.667,220,220,1128,575,575,50,0
4177,32,188,2,1,13,0,5,0,6.000,0.000,-6.000,220,220,54,575,575,50,0
4178,32,188,2,1,9,0,4,0,4.333,0.000,-4.333,220,220,104,575,575,50,0
4179,32,188,2,1,9,0,5,0,4.667,0.000,-4.667,220,220,154,575,575,50,0
4180,32,188,2,1,9,0,5,0,4.667,0.000,-4.667,220,220,204,575,575,50,0
4181,32,188,2,1,8,0,6,2,4.667,0.000,-4.667,220,220,254,575,575,50,0
4182,32,188,2,1,13,0,6,5,6.333,0.000,-6.333,220,220,304,575,575,50,0
4183,32,188,2,1,10,0,7,7,5.667,0.000,-5.667,220,220,354,575,575,50,0
4184,32,188,2,1,10,0,7,10,5.667,0.000,-5.667,220,220,404,575,575,50,0
4185,32,188,2,1,11,0,8,13,6.333,0.000,-6.333,220,220,454,575,575,50,0
4186,32,188,2,1,11,0,8,16,6.333,0.000,-6.333,220,220,504,575,575,50,0
4187,32,188,2,1,13,2,8,19,7.667,2.000,-5.667,220,220,554,575,575,50,0
4188,32,188,2,1,13,9,8,22,10.000,9.000,-1.000,220,220,604,575,575,50,0
4189,32,188,2,1,13,16,9,24,12.667,16.000,3.333,220,220,654,625,625,50,1
4190,32,188,2,1,14,23,9,26,15.333,23.000,7.667,220,220,704,625,625,50,0
4191,32,188,2,1,14,30,10,29,18.000,30.000,12.000,220,220,754,625,625,50,0
4192,32,188,2,1,14,37,10,32,20.333,37.000,16.667,220,220,804,625,625,50,0
4193,32,188,2,1,15,45,11,34,23.667,45.000,21.333,220,220,854,625,625,50,0
4194,32,188,2,1,15,52,11,37,26.000,52.000,26.000,220,220,904,625,625,50,0
4195,32,188,2,1,15,61,12,40,29.333,61.000,31.667,220,220,954,625,625,50,0
4196,32,188,2,1,16,68,12,43,32.000,68.000,36.000,220,220,1004,625,625,50,0
4197,32,188,2,1,16,75,13,46,34.667,75.000,40.333,220,220,1054,625,625,50,0
4198,32,188,2,1,17,83,13,48,37.667,83.000,45.333,220,220,1104,625,625,50,0
4199,32,188,2,1,17,91,14,52,40.667,91.000,50.333,220,220,1154,625,625,50,0
4200,32,188,2,1,17,98,14,54,43.000,98.000,55.000,220,220,1204,625,625,50,0
4201,32,188,2,1,20,107,14,57,47.000,107.000,60.000,220,220,1254,625,625,50,0
4202,32,189,3,1,70,13,9,41,30.667,70.000,39.333,220,220,54,625,625,50,0
4203,32,189,3,1,66,15,11,42,30.667,66.000,35.333,220,220,104,625,625,50,0
4204,32,189,3,1,58,14,12,39,28.000,58.000,30.000,220,220,154,625,625,50,0
4205,32,189,3,1,50,13,11,36,24.667,50.000,25.333,220,220,204,625,625,50,0
4206,32,189,3,1,42,12,10,33,21.333,42.000,20.667,220,220,254,625,625,50,0
4207,32,189,3,1,36,12,10,30,19.333,36.000,16.667,220,220,304,625,625,50,0
4208,32,189,3,1,28,11,10,28,16.333,28.000,11.667,220,220,354,625,625,50,0
4209,32,189,3,1,21,10,9,25,13.333,21.000,7.667,220,220,404,625,625,50,0
4210,32,189,3,1,14,10,9,23,11.000,14.000,3.000,220,220,454,625,625,50,0
4211,32,189,3,1,7,11,8,20,8.667,7.000,-1.667,220,220,504,575,575,50,1
4212,32,189,3,1,1,10,9,17,6.667,1.000,-5.667,220,220,554,575,575,50,0
4213,32,189,3,1,0,9,8,14,5.667,0.000,-5.667,220,220,604,575,575,50,0
4214,32,189,3,1,0,9,7,12,5.333,0.000,-5.333,220,220,654,575,575,50,0
4215,32,189,3,1,0,8,7,9,5.000,0.000,-5.000,220,220,704,575,575,50,0
4216,32,189,3,1,0,8,7,7,5.000,0.000,-5.000,220,220,754,575,575,50,0
4217,32,189,3,1,0,8,6,3,4.667,0.000,-4.667,220,220,804,575,575,50,0
4218,32,189,3,1,0,7,6,1,4.333,0.000,-4.333,220,220,854,575,575,50,0
4219,32,189,3,1,0,6,5,0,3.667,0.000,-3.667,220,220,904,575,575,50,0
4220,32,189,3,1,0,6,5,0,3.667,0.000,-3.667,220,220,954,575,575,50,0
4221,32,189,3,1,0,6,5,0,3.667,0.000,-3.667,220,220,1004,575,575,50,0
4222,32,189,3,1,0,5,4,0,3.000,0.000,-3.000,220,220,1054,575,575,50,0
4223,32,190,4,1,11,10,0,0,7.000,0.000,-7.000,220,220,54,575,575,50,0
4224,32,190,4,1,8,8,0,0,5.333,0.000,-5.333,220,220,104,575,575,50,0
4225,32,190,4,1,8,8,0,1,5.333,0.000,-5.333,220,220,154,575,575,50,0
4226,32,190,4,1,10,8,0,4,6.000,0.000,-6.000,220,220,204,575,575,50,0
4227,32,190,4,1,10,8,0,7,6.000,0.000,-6.000,220,220,254,575,575,50,0
4228,32,190,4,1,10,9,0,10,6.333,0.000,-6.333,220,220,304,575,575,50,0
4229,32,190,4,1,10,9,0,12,6.333,0.000,-6.333,220,220,354,575,575,50,0
4230,32,190,4,1,11,10,0,15,7.000,0.000,-7.000,220,220,404,575,575,50,0
4231,32,190,4,1,12,10,0,18,7.333,0.000,-7.333,220,220,454,575,575,50,0
4232,32,190,4,1,12,10,7,20,9.667,7.000,-2.667,220,220,504,575,575,50,0
4233,32,190,4,1,13,10,13,23,12.000,13.000,1.000,220,220,554,575,575,50,1
4234,32,190,4,1,13,11,21,26,15.000,21.000,6.000,220,220,604,575,575,50,0
4235,32,190,4,1,13,11,28,28,17.333,28.000,10.667,220,220,654,575,575,50,0
4236,32,190,4,1,14,12,35,32,20.333,35.000,14.667,220,220,704,575,575,50,0
4237,32,190,4,1,14,12,42,34,22.667,42.000,19.333,220,220,754,575,575,50,0
4238,32,190,4,1,14,12,49,37,25.000,49.000,24.000,220,220,804,575,575,50,0
4239,32,190,4,1,17,13,56,40,28.667,56.000,27.333,220,220,854,575,575,50,0
4240,32,190,4,1,15,13,64,42,30.667,64.000,33.333,220,220,904,575,575,50,0
4241,32,190,4,1,16,14,71,45,33.667,71.000,37.333,220,220,954,575,575,50,0
4242,32,190,4,1,16,14,79,48,36.333,79.000,42.667,220,220,1004,575,575,50,0
4243,32,190,4,1,16,14,86,50,38.667,86.000,47.333,220,220,1054,575,575,50,0
4244,32,190,4,1,17,14,93,53,41.333,93.000,51.667,220,220,1104,575,575,50,0
4245,32,191,5,1,12,80,13,46,35.000,80.000,45.000,220,220,54,575,575,50,0
4246,32,191,5,1,16,76,14,47,35.333,76.000,40.667,220,220,104,575,575,50,0
4247,32,191,5,1,16,69,13,44,32.667,69.000,36.333,220,220,154,575,575,50,0
4248,32,191,5,1,16,61,13,41,30.000,61.000,31.000,220,220,204,575,575,50,0
4249,32,191,5,1,15,53,12,38,26.667,53.000,26.333,220,220,254,575,575,50,0
4250,32,191,5,1,14,45,11,35,23.333,45.000,21.667,220,220,304,575,575,50,0
4251,32,191,5,1,14,38,11,32,21.000,38.000,17.000,220,220,354,575,575,50,0
4252,32,191,5,1,13,31,10,29,18.000,31.000,13.000,220,220,404,575,575,50,0
4253,32,191,5,1,13,24,10,27,15.667,24.000,8.333,220,220,454,575,575,50,0
4254,32,191,5,1,12,17,10,25,13.000,17.000,4.000,220,220,504,575,575,50,0
4255,32,191,5,1,12,11,9,22,10.667,11.000,0.333,220,220,554,575,575,50,0
4256,32,191,5,1,12,4,9,20,8.333,4.000,-4.333,220,220,604,600,600,50,1
4257,32,191,5,1,12,0,9,17,7.000,0.000,-7.000,220,220,654,600,600,50,0
4258,32,191,5,1,11,0,8,15,6.333,0.000,-6.333,220,220,704,600,600,50,0
4259,32,191,5,1,14,0,8,13,7.333,0.000,-7.333,220,220,754,600,600,50,0
4260,32,191,5,1,10,0,7,9,5.667,0.000,-5.667,220,220,804,600,600,50,0
4261,32,191,5,1,10,0,7,6,5.667,0.000,-5.667,220,220,854,600,600,50,0
4262,32,191,5,1,9,0,6,3,5.000,0.000,-5.000,220,220,904,600,600,50,0
4263,32,191,5,1,9,0,6,1,5.000,0.000,-5.000,220,220,954,600,600,50,0
4264,32,191,5,1,9,0,5,0,4.667,0.000,-4.667,220,220,1004,600,600,50,0
4265,32,191,5,1,8,0,5,0,4.333,0.000,-4.333,220,220,1054,600,600,50,0
4266,32,191,5,1,8,0,4,0,4.000,0.000,-4.000,220,220,1104,600,600,50,0
4267,32,191,5,1,7,0,4,0,3.667,0.000,-3.667,220,220,1154,600,600,50,0
4268,32,191,5,1,7,0,3,0,3.333,0.000,-3.333,220,220,1204,600,600,50,0
4269,32,192,6,1,0,5,6,0,3.667,0.000,-3.667,220,220,79,600,600,50,0
4270,32,192,6,1,0,6,6,1,4.000,0.000,-4.000,220,220,129,600,600,50,0
4271,32,192,6,1,0,7,7,4,4.667,0.000,-4.667,220,220,179,600,600,50,0
4272,32,192,6,1,0,7,7,7,4.667,0.000,-4.667,220,220,229,600,600,50,0
4273,32,192,6,1,0,8,7,9,5.000,0.000,-5.000,220,220,279,600,600,50,0
4274,32,192,6,1,0,9,8,12,5.667,0.000,-5.667,220,220,329,600,600,50,0
4275,32,192,6,1,0,9,8,15,5.667,0.000,-5.667,220,220,379,600,600,50,0
4276,32,192,6,1,2,10,8,18,6.667,2.000,-4.667,220,220,429,600,600,50,0
4277,32,192,6,1,12,10,9,21,10.333,12.000,1.667,220,220,479,550,550,50,1
4278,32,192,6,1,16,10,9,23,11.667,16.000,4.333,220,220,529,550,550,50,0
4279,32,192,6,1,23,11,10,26,14.667,23.000,8.333,220,220,579,550,550,50,0
4280,32,192,6,1,31,11,10,29,17.333,31.000,13.667,220,220,629,550,550,50,0
4281,32,192,6,1,38,12,10,31,20.000,38.000,18.000,220,220,679,550,550,50,0
4282,32,192,6,1,45,12,11,33,22.667,45.000,22.333,220,220,729,550,550,50,0
4283,32,192,6,1,52,12,11,37,25.000,52.000,27.000,220,220,779,550,550,50,0
4284,32,192,6,1,60,13,12,40,28.333,60.000,31.667,220,220,829,550,550,50,0
4285,32,192,6,1,67,13,12,42,30.667,67.000,36.333,220,220,879,550,550,50,0
4286,32,192,6,1,73,13,12,45,32.667,73.000,40.333,220,220,929,550,550,50,0
4287,32,192,6,1,80,14,13,47,35.667,80.000,44.333,220,220,979,550,550,50,0
4288,32,192,6,1,87,15,13,50,38.333,87.000,48.667,220,220,1029,550,550,50,0
4289,33,193,1,1,18,14,85,51,39.000,85.000,46.000,220,220,78,550,550,50,0
4290,33,193,1,1,16,14,77,47,35.667,77.000,41.333,220,220,128,550,550,50,0
4291,33,193,1,1,16,14,70,45,33.333,70.000,36.667,220,220,178,550,550,50,0
4292,33,193,1,1,16,13,63,42,30.667,63.000,32.333,220,220,228,550,550,50,0
4293,33,193,1,1,16,13,56,39,28.333,56.000,27.667,220,220,278,550,550,50,0
4294,33,193,1,1,15,12,48,37,25.000,48.000,23.000,220,220,328,550,550,50,0
4295,33,193,1,1,15,12,41,34,22.667,41.000,18.333,220,220,378,550,550,50,0
4296,33,193,1,1,17,12,34,32,21.000,34.000,13.000,220,220,428,550,550,50,0
4297,33,193,1,1,14,11,27,29,17.333,27.000,9.667,220,220,478,550,550,50,0
4298,33,193,1,1,13,11,20,26,14.667,20.000,5.333,220,220,528,550,550,50,0
4299,33,193,1,1,13,11,13,23,12.333,13.000,0.667,220,220,578,550,550,50,0
4300,33,193,1,1,12,10,6,21,9.333,6.000,-3.333,220,220,628,600,600,50,1
4301,33,193,1,1,12,9,0,18,7.000,0.000,-7.000,220,220,678,600,600,50,0
4302,33,193,1,1,12,9,0,16,7.000,0.000,-7.000,220,220,728,600,600,50,0
4303,33,193,1,1,11,8,0,13,6.333,0.000,-6.333,220,220,778,600,600,50,0
4304,33,193,1,1,11,8,0,10,6.333,0.000,-6.333,220,220,828,600,600,50,0
4305,33,193,1,1,10,8,0,8,6.000,0.000,-6.000,220,220,878,600,600,50,0
4306,33,193,1,1,10,8,0,4,6.000,0.000,-6.000,220,220,928,600,600,50,0
4307,33,193,1,1,10,7,0,2,5.667,0.000,-5.667,220,220,978,600,600,50,0
4308,33,193,1,1,9,7,0,0,5.333,0.000,-5.333,220,220,1028,600,600,50,0
4309,33,193,1,1,8,6,0,0,4.667,0.000,-4.667,220,220,1078,600,600,50,0
4310,33,193,1,1,8,6,0,0,4.667,0.000,-4.667,220,220,1128,600,600,50,0
4311,33,193,1,1,7,6,0,0,4.333,0.000,-4.333,220,220,1178,600,600,50,0
4312,33,193,1,1,6,5,0,0,3.667,0.000,-3.667,220,220,1228,600,600,50,0
4313,33,194,2,1,10,0,5,0,5.000,0.000,-5.000,220,220,79,600,600,50,0
4314,33,194,2,1,10,0,5,0,5.000,0.000,-5.000,220,220,129,600,600,50,0
4315,33,194,2,1,13,0,5,3,6.000,0.000,-6.000,220,220,179,600,600,50,0
4316,33,194,2,1,10,0,6,5,5.333,0.000,-5.333,220,220,229,600,600,50,0
4317,33,194,2,1,10,0,7,8,5.667,0.000,-5.667,220,220,279,600,600,50,0
4318,33,194,2,1,11,0,7,11,6.000,0.000,-6.000,220,220,329,600,600,50,0
4319,33,194,2,1,11,0,8,14,6.333,0.000,-6.333,220,220,379,600,600,50,0
4320,33,194,2,1,12,0,8,17,6.667,0.000,-6.667,220,220,429,600,600,50,0
4321,33,194,2,1,12,3,8,19,7.667,3.000,-4.667,220,220,479,600,600,50,0
4322,33,194,2,1,13,10,9,21,10.667,10.000,-0.667,220,220,529,600,600,50,0
4323,33,194,2,1,13,17,9,24,13.000,17.000,4.000,220,220,579,600,600,50,1
4324,33,194,2,1,14,23,10,26,15.667,23.000,7.333,220,220,629,600,600,50,0
4325,33,194,2,1,14,30,10,29,18.000,30.000,12.000,220,220,679,600,600,50,0
4326,33,194,2,1,14,37,11,32,20.667,37.000,16.333,220,220,729,600,600,50,0
4327,33,194,2,1,15,45,11,34,23.667,45.000,21.333,220,220,779,600,600,50,0
4328,33,194,2,1,15,52,11,37,26.000,52.000,26.000,220,220,829,600,600,50,0
4329,33,194,2,1,15,60,12,40,29.000,60.000,31.000,220,220,879,600,600,50,0
4330,33,194,2,1,16,67,12,43,31.667,67.000,35.333,220,220,929,600,600,50,0
4331,33,194,2,1,16,74,12,45,34.000,74.000,40.000,220,220,979,600,600,50,0
4332,33,194,2,1,16,81,13,48,36.667,81.000,44.333,220,220,1029,600,600,50,0
4333,33,194,2,1,17,89,13,51,39.667,89.000,49.333,220,220,1079,600,600,50,0
4334,33,194,2,1,17,97,14,53,42.667,97.000,54.333,220,220,1129,600,600,50,0
4335,33,194,2,1,20,104,15,56,46.333,104.000,57.667,220,220,1179,600,600,50,0
4336,33,195,3,1,78,15,12,46,35.000,78.000,43.000,220,220,80,600,600,50,0
4337,33,195,3,1,70,14,12,43,32.000,70.000,38.000,220,220,130,600,600,50,0
4338,33,195,3,1,62,14,12,40,29.333,62.000,32.667,220,220,180,600,600,50,0
4339,33,195,3,1,54,13,11,37,26.000,54.000,28.000,220,220,230,600,600,50,0
4340,33,195,3,1,47,13,11,34,23.667,47.000,23.333,220,220,280,600,600,50,0
4341,33,195,3,1,39,12,10,32,20.333,39.000,18.667,220,220,330,600,600,50,0
4342,33,195,3,1,31,12,10,29,17.667,31.000,13.333,220,220,380,600,600,50,0
4343,33,195,3,1,24,11,10,26,15.000,24.000,9.000,220,220,430,600,600,50,0
4344,33,195,3,1,17,11,9,23,12.333,17.000,4.667,220,220,480,600,600,50,0
4345,33,195,3,1,10,10,9,21,9.667,10.000,0.333,220,220,530,600,600,50,0
4346,33,195,3,1,2,10,8,18,6.667,2.000,-4.667,220,220,580,600,600,50,1
4347,33,195,3,1,0,9,8,15,5.667,0.000,-5.667,220,220,630,600,600,50,0
4348,33,195,3,1,0,9,7,12,5.333,0.000,-5.333,220,220,680,600,600,50,0
4349,33,195,3,1,0,9,7,9,5.333,0.000,-5.333,220,220,730,600,600,50,0
4350,33,195,3,1,0,8,7,7,5.000,0.000,-5.000,220,220,780,600,600,50,0
4351,33,195,3,1,0,8,6,4,4.667,0.000,-4.667,220,220,830,600,600,50,0
4352,33,195,3,1,0,7,6,1,4.333,0.000,-4.333,220,220,880,600,600,50,0
4353,33,195,3,1,0,7,6,0,4.333,0.000,-4.333,220,220,930,600,600,50,0
4354,33,195,3,1,0,6,5,0,3.667,0.000,-3.667,220,220,980,600,600,50,0
4355,33,195,3,1,0,5,5,0,3.333,0.000,-3.333,220,220,1030,600,600,50,0
4356,33,195,3,1,0,5,4,0,3.000,0.000,-3.000,220,220,1080,600,600,50,0
4357,33,195,3,1,0,4,4,0,2.667,0.000,-2.667,220,220,1130,600,600,50,0
4358,33,195,3,1,0,4,4,0,2.667,0.000,-2.667,220,220,1180,600,600,50,0
4359,33,196,4,1,8,8,0,1,5.333,0.000,-5.333,220,220,80,600,600,50,0
4360,33,196,4,1,9,8,0,4,5.667,0.000,-5.667,220,220,130,600,600,50,0
4361,33,196,4,1,10,8,0,6,6.000,0.000,-6.000,220,220,180,600,600,50,0
4362,33,196,4,1,10,9,0,9,6.333,0.000,-6.333,220,220,230,600,600,50,0
4363,33,196,4,1,10,9,0,12,6.333,0.000,-6.333,220,220,280,600,600,50,0
4364,33,196,4,1,11,9,0,14,6.667,0.000,-6.667,220,220,330,600,600,50,0
4365,33,196,4,1,11,10,0,17,7.000,0.000,-7.000,220,220,380,600,600,50,0
4366,33,196,4,1,11,10,4,20,8.333,4.000,-4.333,220,220,430,600,600,50,0
4367,33,196,4,1,12,10,11,22,11.000,11.000,0.000,220,220,480,600,600,50,1
4368,33,196,4,1,12,11,17,25,13.333,17.000,3.667,220,220,530,575,575,50,0
4369,33,196,4,1,13,11,24,27,16.000,24.000,8.000,220,220,580,575,575,50,0
4370,33,196,4,1,14,12,31,30,19.000,31.000,12.000,220,220,630,575,575,50,0
4371,33,196,4,1,14,12,38,33,21.333,38.000,16.667,220,220,680,575,575,50,0
4372,33,196,4,1,14,12,45,35,23.667,45.000,21.333,220,220,730,575,575,50,0
4373,33,196,4,1,18,13,52,38,27.667,52.000,24.333,220,220,780,575,575,50,0
4374,33,196,4,1,15,13,59,41,29.000,59.000,30.000,220,220,830,575,575,50,0
4375,33,196,4,1,16,13,66,43,31.667,66.000,34.333,220,220,880,575,575,50,0
4376,33,196,4,1,16,14,74,46,34.667,74.000,39.333,220,220,930,575,575,50,0
4377,33,196,4,1,16,14,81,49,37.000,81.000,44.000,220,220,980,575,575,50,0
4378,33,196,4,1,17,14,88,51,39.667,88.000,48.333,220,220,1030,575,575,50,0
4379,33,196,4,1,17,15,96,54,42.667,96.000,53.333,220,220,1080,575,575,50,0
4380,33,197,5,1,12,74,13,44,33.000,74.000,41.000,220,220,54,575,575,50,0
4381,33,197,5,1,15,70,14,44,33.000,70.000,37.000,220,220,104,575,575,50,0
4382,33,197,5,1,16,62,13,42,30.333,62.000,31.667,220,220,154,575,575,50,0
4383,33,197,5,1,15,54,12,38,27.000,54.000,27.000,220,220,204,575,575,50,0
4384,33,197,5,1,14,46,11,35,23.667,46.000,22.333,220,220,254,575,575,50,0
4385,33,197,5,1,14,39,11,33,21.333,39.000,17.667,220,220,304,575,575,50,0
4386,33,197,5,1,14,33,11,30,19.333,33.000,13.667,220,220,354,575,575,50,0
4387,33,197,5,1,13,25,10,27,16.000,25.000,9.000,220,220,404,575,575,50,0
4388,33,197,5,1,12,18,10,25,13.333,18.000,4.667,220,220,454,575,575,50,0
4389,33,197,5,1,12,11,9,22,10.667,11.000,0.333,220,220,504,575,575,50,0
4390,33,197,5,1,12,4,9,20,8.333,4.000,-4.333,220,220,554,575,575,50,1
4391,33,197,5,1,12,0,8,17,6.667,0.000,-6.667,220,220,604,575,575,50,0
4392,33,197,5,1,14,0,8,15,7.333,0.000,-7.333,220,220,654,575,575,50,0
4393,33,197,5,1,10,0,8,12,6.000,0.000,-6.000,220,220,704,575,575,50,0
4394,33,197,5,1,10,0,7,9,5.667,0.000,-5.667,220,220,754,575,575,50,0
4395,33,197,5,1,10,0,6,6,5.333,0.000,-5.333,220,220,804,575,575,50,0
4396,33,197,5,1,9,0,6,3,5.000,0.000,-5.000,220,220,854,575,575,50,0
4397,33,197,5,1,9,0,6,0,5.000,0.000,-5.000,220,220,904,575,575,50,0
4398,33,197,5,1,8,0,6,0,4.667,0.000,-4.667,220,220,954,575,575,50,0
4399,33,197,5,1,8,0,5,0,4.333,0.000,-4.333,220,220,1004,575,575,50,0
4400,33,197,5,1,7,0,4,0,3.667,0.000,-3.667,220,220,1054,575,575,50,0
4401,33,197,5,1,7,0,4,0,3.667,0.000,-3.667,220,220,1104,575,575,50,0
4402,33,198,6,1,0,7,8,0,5.000,0.000,-5.000,220,220,54,575,575,50,0
4403,33,198,6,1,0,6,6,0,4.000,0.000,-4.000,220,220,104,575,575,50,0
4404,33,198,6,1,0,7,6,1,4.333,0.000,-4.333,220,220,154,575,575,50,0
4405,33,198,6,1,0,8,7,4,5.000,0.000,-5.000,220,220,204,575,575,50,0
4406,33,198,6,1,0,8,7,6,5.000,0.000,-5.000,220,220,254,575,575,50,0
4407,33,198,6,1,0,8,7,10,5.000,0.000,-5.000,220,220,304,575,575,50,0
4408,33,198,6,1,0,8,8,12,5.333,0.000,-5.333,220,220,354,575,575,50,0
4409,33,198,6,1,0,9,8,15,5.667,0.000,-5.667,220,220,404,575,575,50,0
4410,33,198,6,1,1,9,9,18,6.333,1.000,-5.333,220,220,454,575,575,50,0
4411,33,198,6,1,11,10,9,20,10.000,11.000,1.000,220,220,504,550,550,50,1
4412,33,198,6,1,15,10,9,23,11.333,15.000,3.667,220,220,554,550,550,50,0
4413,33,198,6,1,22,11,10,25,14.333,22.000,7.667,220,220,604,550,550,50,0
4414,33,198,6,1,29,11,10,28,16.667,29.000,12.333,220,220,654,550,550,50,0
4415,33,198,6,1,36,11,10,30,19.000,36.000,17.000,220,220,704,550,550,50,0
4416,33,198,6,1,43,12,11,33,22.000,43.000,21.000,220,220,754,550,550,50,0
4417,33,198,6,1,50,13,11,35,24.667,50.000,25.333,220,220,804,550,550,50,0
4418,33,198,6,1,58,13,12,38,27.667,58.000,30.333,220,220,854,550,550,50,0
4419,33,198,6,1,65,13,12,41,30.000,65.000,35.000,220,220,904,550,550,50,0
4420,33,198,6,1,72,13,12,44,32.333,72.000,39.667,220,220,954,550,550,50,0
4421,33,198,6,1,79,14,13,46,35.333,79.000,43.667,220,220,1004,550,550,50,0
4422,33,198,6,1,86,15,13,49,38.000,86.000,48.000,220,220,1054,550,550,50,0
4423,34,199,1,1,18,14,90,52,40.667,90.000,49.333,220,220,79,550,550,50,0
4424,34,199,1,1,17,15,83,50,38.333,83.000,44.667,220,220,129,550,550,50,0
4425,34,199,1,1,16,14,74,47,34.667,74.000,39.333,220,220,179,550,550,50,0
4426,34,199,1,1,16,14,67,44,32.333,67.000,34.667,220,220,229,550,550,50,0
4427,34,199,1,1,15,13,60,41,29.333,60.000,30.667,220,220,279,550,550,50,0
4428,34,199,1,1,16,12,51,38,26.333,51.000,24.667,220,220,329,550,550,50,0
4429,34,199,1,1,15,13,44,35,24.000,44.000,20.000,220,220,379,550,550,50,0
4430,34,199,1,1,17,12,36,32,21.667,36.000,14.333,220,220,429,550,550,50,0
4431,34,199,1,1,14,11,29,29,18.000,29.000,11.000,220,220,479,550,550,50,0
4432,34,199,1,1,13,11,22,27,15.333,22.000,6.667,220,220,529,550,550,50,0
4433,34,199,1,1,13,11,15,24,13.000,15.000,2.000,220,220,579,550,550,50,0
4434,34,199,1,1,13,10,8,21,10.333,8.000,-2.333,220,220,629,600,600,50,1
4435,34,199,1,1,12,10,1,19,7.667,1.000,-6.667,220,220,679,600,600,50,0
4436,34,199,1,1,12,9,0,16,7.000,0.000,-7.000,220,220,729,600,600,50,0
4437,34,199,1,1,11,9,0,14,6.667,0.000,-6.667,220,220,779,600,600,50,0
4438,34,199,1,1,11,8,0,11,6.333,0.000,-6.333,220,220,829,600,600,50,0
4439,34,199,1,1,10,8,0,8,6.000,0.000,-6.000,220,220,879,600,600,50,0
4440,34,199,1,1,10,8,0,5,6.000,0.000,-6.000,220,220,929,600,600,50,0
4441,34,199,1,1,10,8,0,3,6.000,0.000,-6.000,220,220,979,600,600,50,0
4442,34,199,1,1,9,7,0,0,5.333,0.000,-5.333,220,220,1029,600,600,50,0
4443,34,199,1,1,9,7,0,0,5.333,0.000,-5.333,220,220,1079,600,600,50,0
4444,34,199,1,1,8,6,0,0,4.667,0.000,-4.667,220,220,1129,600,600,50,0
4445,34,199,1,1,7,5,0,0,4.000,0.000,-4.000,220,220,1179,600,600,50,0
4446,34,199,1,1,7,5,0,0,4.000,0.000,-4.000,220,220,1229,600,600,50,0
4447,34,200,2,1,9,0,4,0,4.333,0.000,-4.333,220,220,79,600,600,50,0
4448,34,200,2,1,9,0,5,0,4.667,0.000,-4.667,220,220,129,600,600,50,0
4449,34,200,2,1,12,0,6,2,6.000,0.000,-6.000,220,220,179,600,600,50,0
4450,34,200,2,1,9,0,6,4,5.000,0.000,-5.000,220,220,229,600,600,50,0
4451,34,200,2,1,10,0,6,7,5.333,0.000,-5.333,220,220,279,600,600,50,0
4452,34,200,2,1,10,0,7,10,5.667,0.000,-5.667,220,220,329,600,600,50,0
4453,34,200,2,1,11,0,7,12,6.000,0.000,-6.000,220,220,379,600,600,50,0
4454,34,200,2,1,11,0,8,15,6.333,0.000,-6.333,220,220,429,600,600,50,0
4455,34,200,2,1,12,0,8,18,6.667,0.000,-6.667,220,220,479,600,600,50,0
4456,34,200,2,1,12,7,9,21,9.333,7.000,-2.333,220,220,529,600,600,50,0
4457,34,200,2,1,13,14,9,23,12.000,14.000,2.000,220,220,579,600,600,50,1
4458,34,200,2,1,13,21,10,26,14.667,21.000,6.333,220,220,629,600,600,50,0
4459,34,200,2,1,14,28,10,28,17.333,28.000,10.667,220,220,679,600,600,50,0
4460,34,200,2,1,14,35,10,31,19.667,35.000,15.333,220,220,729,600,600,50,0
4461,34,200,2,1,14,43,11,34,22.667,43.000,20.333,220,220,779,600,600,50,0
4462,34,200,2,1,15,50,11,36,25.333,50.000,24.667,220,220,829,600,600,50,0
4463,34,200,2,1,15,57,11,39,27.667,57.000,29.333,220,220,879,600,600,50,0
4464,34,200,2,1,16,64,12,42,30.667,64.000,33.333,220,220,929,600,600,50,0
4465,34,200,2,1,16,73,13,45,34.000,73.000,39.000,220,220,979,600,600,50,0
4466,34,200,2,1,17,81,13,48,37.000,81.000,44.000,220,220,1029,600,600,50,0
4467,34,200,2,1,17,88,13,50,39.333,88.000,48.667,220,220,1079,600,600,50,0
4468,34,200,2,1,17,97,14,53,42.667,97.000,54.333,220,220,1129,600,600,50,0
4469,34,200,2,1,20,105,14,57,46.333,105.000,58.667,220,220,1179,600,600,50,0
4470,34,201,3,1,77,15,12,45,34.667,77.000,42.333,220,220,80,600,600,50,0
4471,34,201,3,1,68,14,12,42,31.333,68.000,36.667,220,220,130,600,600,50,0
4472,34,201,3,1,60,13,12,40,28.333,60.000,31.667,220,220,180,600,600,50,0
4473,34,201,3,1,52,13,11,36,25.333,52.000,26.667,220,220,230,600,600,50,0
4474,34,201,3,1,45,12,11,34,22.667,45.000,22.333,220,220,280,600,600,50,0
4475,34,201,3,1,37,12,10,31,19.667,37.000,17.333,220,220,330,600,600,50,0
4476,34,201,3,1,30,11,10,28,17.000,30.000,13.000,220,220,380,600,600,50,0
4477,34,201,3,1,23,11,10,26,14.667,23.000,8.333,220,220,430,600,600,50,0
4478,34,201,3,1,16,11,9,23,12.000,16.000,4.000,220,220,480,600,600,50,0
4479,34,201,3,1,9,10,9,21,9.333,9.000,-0.333,220,220,530,600,600,50,1
4480,34,201,3,1,2,10,8,18,6.667,2.000,-4.667,220,220,580,600,600,50,0
4481,34,201,3,1,0,10,8,15,6.000,0.000,-6.000,220,220,630,600,600,50,0
4482,34,201,3,1,0,9,7,13,5.333,0.000,-5.333,220,220,680,600,600,50,0
4483,34,201,3,1,0,9,7,10,5.333,0.000,-5.333,220,220,730,600,600,50,0
4484,34,201,3,1,0,8,7,7,5.000,0.000,-5.000,220,220,780,600,600,50,0
4485,34,201,3,1,0,8,6,4,4.667,0.000,-4.667,220,220,830,600,600,50,0
4486,34,201,3,1,0,7,6,2,4.333,0.000,-4.333,220,220,880,600,600,50,0
4487,34,201,3,1,0,7,6,0,4.333,0.000,-4.333,220,220,930,600,600,50,0
4488,34,201,3,1,0,6,5,0,3.667,0.000,-3.667,220,220,980,600,600,50,0
4489,34,201,3,1,0,6,5,0,3.667,0.000,-3.667,220,220,1030,600,600,50,0
4490,34,201,3,1,0,5,5,0,3.333,0.000,-3.333,220,220,1080,600,600,50,0
4491,34,201,3,1,0,5,4,0,3.000,0.000,-3.000,220,220,1130,600,600,50,0
4492,34,201,3,1,0,4,3,0,2.333,0.000,-2.333,220,220,1180,600,600,50,0
4493,34,202,4,1,8,9,0,0,5.667,0.000,-5.667,220,220,80,600,600,50,0
4494,34,202,4,1,9,8,0,2,5.667,0.000,-5.667,220,220,130,600,600,50,0
4495,34,202,4,1,9,8,0,5,5.667,0.000,-5.667,220,220,180,600,600,50,0
4496,34,202,4,1,10,8,0,8,6.000,0.000,-6.000,220,220,230,600,600,50,0
4497,34,202,4,1,10,8,0,10,6.000,0.000,-6.000,220,220,280,600,600,50,0
4498,34,202,4,1,10,9,0,13,6.333,0.000,-6.333,220,220,330,600,600,50,0
4499,34,202,4,1,11,10,0,16,7.000,0.000,-7.000,220,220,380,600,600,50,0
4500,34,202,4,1,11,9,2,19,7.333,2.000,-5.333,220,220,430,600,600,50,0
4501,34,202,4,1,12,10,8,21,10.000,8.000,-2.000,220,220,480,600,600,50,0
4502,34,202,4,1,12,11,15,24,12.667,15.000,2.333,220,220,530,575,575,50,1
4503,34,202,4,1,13,11,22,27,15.333,22.000,6.667,220,220,580,575,575,50,0
4504,34,202,4,1,13,12,29,29,18.000,29.000,11.000,220,220,630,575,575,50,0
4505,34,202,4,1,14,12,36,32,20.667,36.000,15.333,220,220,680,575,575,50,0
4506,34,202,4,1,14,12,43,34,23.000,43.000,20.000,220,220,730,575,575,50,0
4507,34,202,4,1,18,13,51,38,27.333,51.000,23.667,220,220,780,575,575,50,0
4508,34,202,4,1,14,13,58,40,28.333,58.000,29.667,220,220,830,575,575,50,0
4509,34,202,4,1,15,14,65,42,31.333,65.000,33.667,220,220,880,575,575,50,0
4510,34,202,4,1,16,14,73,46,34.333,73.000,38.667,220,220,930,575,575,50,0
4511,34,202,4,1,16,14,81,48,37.000,81.000,44.000,220,220,980,575,575,50,0
4512,34,202,4,1,17,14,88,51,39.667,88.000,48.333,220,220,1030,575,575,50,0
4513,34,202,4,1,17,15,95,54,42.333,95.000,52.667,220,220,1080,575,575,50,0
4514,34,203,5,1,12,77,13,44,34.000,77.000,43.000,220,220,54,575,575,50,0
4515,34,203,5,1,15,72,14,45,33.667,72.000,38.333,220,220,104,575,575,50,0
4516,34,203,5,1,16,65,13,42,31.333,65.000,33.667,220,220,154,575,575,50,0
4517,34,203,5,1,15,56,12,39,27.667,56.000,28.333,220,220,204,575,575,50,0
4518,34,203,5,1,15,49,11,36,25.000,49.000,24.000,220,220,254,575,575,50,0
4519,34,203,5,1,14,42,11,34,22.333,42.000,19.667,220,220,304,575,575,50,0
4520,34,203,5,1,14,35,10,31,19.667,35.000,15.333,220,220,354,575,575,50,0
4521,34,203,5,1,14,28,10,28,17.333,28.000,10.667,220,220,404,575,575,50,0
4522,34,203,5,1,13,20,10,26,14.333,20.000,5.667,220,220,454,575,575,50,0
4523,34,203,5,1,12,14,9,23,11.667,14.000,2.333,220,220,504,575,575,50,0
4524,34,203,5,1,12,7,9,21,9.333,7.000,-2.333,220,220,554,575,575,50,1
4525,34,203,5,1,11,0,9,17,6.667,0.000,-6.667,220,220,604,575,575,50,0
4526,34,203,5,1,11,0,8,15,6.333,0.000,-6.333,220,220,654,575,575,50,0
4527,34,203,5,1,14,0,8,13,7.333,0.000,-7.333,220,220,704,575,575,50,0
4528,34,203,5,1,10,0,7,10,5.667,0.000,-5.667,220,220,754,575,575,50,0
4529,34,203,5,1,10,0,7,7,5.667,0.000,-5.667,220,220,804,575,575,50,0
4530,34,203,5,1,10,0,6,4,5.333,0.000,-5.333,220,220,854,575,575,50,0
4531,34,203,5,1,9,0,6,2,5.000,0.000,-5.000,220,220,904,575,575,50,0
4532,34,203,5,1,9,0,6,0,5.000,0.000,-5.000,220,220,954,575,575,50,0
4533,34,203,5,1,8,0,5,0,4.333,0.000,-4.333,220,220,1004,575,575,50,0
4534,34,203,5,1,8,0,5,0,4.333,0.000,-4.333,220,220,1054,575,575,50,0
4535,34,203,5,1,7,0,4,0,3.667,0.000,-3.667,220,220,1104,575,575,50,0
4536,34,204,6,1,0,7,8,0,5.000,0.000,-5.000,220,220,54,575,575,50,0
4537,34,204,6,1,0,6,6,0,4.000,0.000,-4.000,220,220,104,575,575,50,0
4538,34,204,6,1,0,7,6,1,4.333,0.000,-4.333,220,220,154,575,575,50,0
4539,34,204,6,1,0,7,6,4,4.333,0.000,-4.333,220,220,204,575,575,50,0
4540,34,204,6,1,0,8,7,6,5.000,0.000,-5.000,220,220,254,575,575,50,0
4541,34,204,6,1,0,8,7,9,5.000,0.000,-5.000,220,220,304,575,575,50,0
4542,34,204,6,1,0,9,8,12,5.667,0.000,-5.667,220,220,354,575,575,50,0
4543,34,204,6,1,0,9,8,15,5.667,0.000,-5.667,220,220,404,575,575,50,0
4544,34,204,6,1,1,9,8,18,6.000,1.000,-5.000,220,220,454,575,575,50,0
4545,34,204,6,1,8,10,9,20,9.000,8.000,-1.000,220,220,504,575,575,50,0
4546,34,204,6,1,18,10,9,24,12.333,18.000,5.667,220,220,554,575,575,50,1
4547,34,204,6,1,22,11,10,26,14.333,22.000,7.667,220,220,604,575,575,50,0
4548,34,204,6,1,30,11,10,28,17.000,30.000,13.000,220,220,654,575,575,50,0
4549,34,204,6,1,37,12,10,31,19.667,37.000,17.333,220,220,704,575,575,50,0
4550,34,204,6,1,44,12,11,34,22.333,44.000,21.667,220,220,754,575,575,50,0
4551,34,204,6,1,51,12,11,37,24.667,51.000,26.333,220,220,804,575,575,50,0
4552,34,204,6,1,59,13,12,39,28.000,59.000,31.000,220,220,854,575,575,50,0
4553,34,204,6,1,66,13,12,42,30.333,66.000,35.667,220,220,904,575,575,50,0
4554,34,204,6,1,73,14,12,45,33.000,73.000,40.000,220,220,954,575,575,50,0
4555,34,204,6,1,81,14,13,47,36.000,81.000,45.000,220,220,1004,575,575,50,0
4556,34,204,6,1,87,14,13,50,38.000,87.000,49.000,220,220,1054,575,575,50,0
4557,34,204,6,1,95,15,13,52,41.000,95.000,54.000,220,220,1104,575,575,50,0
4558,35,205,1,1,15,11,80,46,35.333,80.000,44.667,220,220,54,575,575,50,0
4559,35,205,1,1,18,13,74,47,35.000,74.000,39.000,220,220,104,575,575,50,0
4560,35,205,1,1,17,14,67,44,32.667,67.000,34.333,220,220,154,575,575,50,0
4561,35,205,1,1,16,13,59,41,29.333,59.000,29.667,220,220,204,575,575,50,0
4562,35,205,1,1,15,12,51,37,26.000,51.000,25.000,220,220,254,575,575,50,0
4563,35,205,1,1,15,12,43,35,23.333,43.000,19.667,220,220,304,575,575,50,0
4564,35,205,1,1,18,12,37,32,22.333,37.000,14.667,220,220,354,575,575,50,0
4565,35,205,1,1,14,11,29,29,18.000,29.000,11.000,220,220,404,575,575,50,0
4566,35,205,1,1,14,11,23,27,16.000,23.000,7.000,220,220,454,575,575,50,0
4567,35,205,1,1,13,10,16,24,13.000,16.000,3.000,220,220,504,575,575,50,0
4568,35,205,1,1,13,10,9,22,10.667,9.000,-1.667,220,220,554,575,575,50,1
4569,35,205,1,1,13,10,3,19,8.667,3.000,-5.667,220,220,604,575,575,50,0
4570,35,205,1,1,12,9,0,17,7.000,0.000,-7.000,220,220,654,575,575,50,0
4571,35,205,1,1,11,9,0,14,6.667,0.000,-6.667,220,220,704,575,575,50,0
4572,35,205,1,1,11,8,0,12,6.333,0.000,-6.333,220,220,754,575,575,50,0
4573,35,205,1,1,11,8,0,9,6.333,0.000,-6.333,220,220,804,575,575,50,0
4574,35,205,1,1,10,7,0,6,5.667,0.000,-5.667,220,220,854,575,575,50,0
4575,35,205,1,1,10,8,0,3,6.000,0.000,-6.000,220,220,904,575,575,50,0
4576,35,205,1,1,9,7,0,0,5.333,0.000,-5.333,220,220,954,575,575,50,0
4577,35,205,1,1,9,7,0,0,5.333,0.000,-5.333,220,220,1004,575,575,50,0
4578,35,205,1,1,8,6,0,0,4.667,0.000,-4.667,220,220,1054,575,575,50,0
4579,35,205,1,1,8,6,0,0,4.667,0.000,-4.667,220,220,1104,575,575,50,0
4580,35,206,2,1,13,0,5,0,6.000,0.000,-6.000,220,220,54,575,575,50,0
4581,35,206,2,1,9,0,4,0,4.333,0.000,-4.333,220,220,104,575,575,50,0
4582,35,206,2,1,9,0,5,0,4.667,0.000,-4.667,220,220,154,575,575,50,0
4583,35,206,2,1,9,0,6,0,5.000,0.000,-5.000,220,220,204,575,575,50,0
4584,35,206,2,1,13,0,6,3,6.333,0.000,-6.333,220,220,254,575,575,50,0
4585,35,206,2,1,10,0,6,6,5.333,0.000,-5.333,220,220,304,575,575,50,0
4586,35,206,2,1,10,0,7,9,5.667,0.000,-5.667,220,220,354,575,575,50,0
4587,35,206,2,1,11,0,7,12,6.000,0.000,-6.000,220,220,404,575,575,50,0
4588,35,206,2,1,11,0,8,14,6.333,0.000,-6.333,220,220,454,575,575,50,0
4589,35,206,2,1,12,0,8,17,6.667,0.000,-6.667,220,220,504,575,575,50,0
4590,35,206,2,1,12,6,9,20,9.000,6.000,-3.000,220,220,554,575,575,50,0
4591,35,206,2,1,13,13,9,23,11.667,13.000,1.333,220,220,604,600,600,50,1
4592,35,206,2,1,13,20,9,26,14.000,20.000,6.000,220,220,654,600,600,50,0
4593,35,206,2,1,14,27,10,28,17.000,27.000,10.000,220,220,704,600,600,50,0
4594,35,206,2,1,14,33,10,30,19.000,33.000,14.000,220,220,754,600,600,50,0
4595,35,206,2,1,15,41,11,33,22.333,41.000,18.667,220,220,804,600,600,50,0
4596,35,206,2,1,15,48,11,35,24.667,48.000,23.333,220,220,854,600,600,50,0
4597,35,206,2,1,15,55,12,38,27.333,55.000,27.667,220,220,904,600,600,50,0
4598,35,206,2,1,16,63,12,41,30.333,63.000,32.667,220,220,954,600,600,50,0
4599,35,206,2,1,16,70,12,44,32.667,70.000,37.333,220,220,1004,600,600,50,0
4600,35,206,2,1,16,78,13,46,35.667,78.000,42.333,220,220,1054,600,600,50,0
4601,35,206,2,1,17,84,13,49,38.000,84.000,46.000,220,220,1104,600,600,50,0
4602,35,206,2,1,17,92,14,52,41.000,92.000,51.000,220,220,1154,600,600,50,0
4603,35,206,2,1,20,100,15,55,45.000,100.000,55.000,220,220,1204,600,600,50,0
4604,35,207,3,1,79,15,13,46,35.667,79.000,43.333,220,220,80,600,600,50,0
4605,35,207,3,1,71,14,13,43,32.667,71.000,38.333,220,220,130,600,600,50,0
4606,35,207,3,1,62,13,12,40,29.000,62.000,33.000,220,220,180,600,600,50,0
4607,35,207,3,1,55,13,11,37,26.333,55.000,28.667,220,220,230,600,600,50,0
4608,35,207,3,1,48,13,11,34,24.000,48.000,24.000,220,220,280,600,600,50,0
4609,35,207,3,1,40,12,11,32,21.000,40.000,19.000,220,220,330,600,600,50,0
4610,35,207,3,1,33,12,10,29,18.333,33.000,14.667,220,220,380,600,600,50,0
4611,35,207,3,1,25,11,10,26,15.333,25.000,9.667,220,220,430,600,600,50,0
4612,35,207,3,1,18,11,9,24,12.667,18.000,5.333,220,220,480,600,600,50,0
4613,35,207,3,1,12,10,9,22,10.333,12.000,1.667,220,220,530,600,600,50,0
4614,35,207,3,1,4,10,9,19,7.667,4.000,-3.667,220,220,580,600,600,50,1
4615,35,207,3,1,0,9,8,16,5.667,0.000,-5.667,220,220,630,600,600,50,0
4616,35,207,3,1,0,9,7,13,5.333,0.000,-5.333,220,220,680,600,600,50,0
4617,35,207,3,1,0,8,8,10,5.333,0.000,-5.333,220,220,730,600,600,50,0
4618,35,207,3,1,0,8,7,7,5.000,0.000,-5.000,220,220,780,600,600,50,0
4619,35,207,3,1,0,8,7,5,5.000,0.000,-5.000,220,220,830,600,600,50,0
4620,35,207,3,1,0,8,6,2,4.667,0.000,-4.667,220,220,880,600,600,50,0
4621,35,207,3,1,0,6,5,0,3.667,0.000,-3.667,220,220,930,600,600,50,0
4622,35,207,3,1,0,6,5,0,3.667,0.000,-3.667,220,220,980,600,600,50,0
4623,35,207,3,1,0,6,5,0,3.667,0.000,-3.667,220,220,1030,600,600,50,0
4624,35,207,3,1,0,5,4,0,3.000,0.000,-3.000,220,220,1080,600,600,50,0
4625,35,207,3,1,0,4,4,0,2.667,0.000,-2.667,220,220,1130,600,600,50,0
4626,35,207,3,1,0,4,4,0,2.667,0.000,-2.667,220,220,1180,600,600,50,0
4627,35,208,4,1,8,8,0,0,5.333,0.000,-5.333,220,220,80,600,600,50,0
4628,35,208,4,1,9,8,0,3,5.667,0.000,-5.667,220,220,130,600,600,50,0
4629,35,208,4,1,9,8,0,6,5.667,0.000,-5.667,220,220,180,600,600,50,0
4630,35,208,4,1,10,9,0,9,6.333,0.000,-6.333,220,220,230,600,600,50,0
4631,35,208,4,1,10,9,0,11,6.333,0.000,-6.333,220,220,280,600,600,50,0
4632,35,208,4,1,10,9,0,14,6.333,0.000,-6.333,220,220,330,600,600,50,0
4633,35,208,4,1,11,10,0,17,7.000,0.000,-7.000,220,220,380,600,600,50,0
4634,35,208,4,1,12,10,3,19,8.333,3.000,-5.333,220,220,430,600,600,50,0
4635,35,208,4,1,12,10,9,22,10.333,9.000,-1.333,220,220,480,600,600,50,0
4636,35,208,4,1,12,11,16,24,13.000,16.000,3.000,220,220,530,575,575,50,1
4637,35,208,4,1,12,11,23,27,15.333,23.000,7.667,220,220,580,575,575,50,0
4638,35,208,4,1,13,12,30,29,18.333,30.000,11.667,220,220,630,575,575,50,0
4639,35,208,4,1,14,12,37,32,21.000,37.000,16.000,220,220,680,575,575,50,0
4640,35,208,4,1,14,12,43,35,23.000,43.000,20.000,220,220,730,575,575,50,0
4641,35,208,4,1,17,13,51,38,27.000,51.000,24.000,220,220,780,575,575,50,0
4642,35,208,4,1,15,13,58,40,28.667,58.000,29.333,220,220,830,575,575,50,0
4643,35,208,4,1,15,13,65,43,31.000,65.000,34.000,220,220,880,575,575,50,0
4644,35,208,4,1,16,14,72,45,34.000,72.000,38.000,220,220,930,575,575,50,0
4645,35,208,4,1,16,14,80,48,36.667,80.000,43.333,220,220,980,575,575,50,0
4646,35,208,4,1,17,15,87,51,39.667,87.000,47.333,220,220,1030,575,575,50,0
4647,35,208,4,1,17,15,94,53,42.000,94.000,52.000,220,220,1080,575,575,50,0
4648,35,209,5,1,12,79,13,45,34.667,79.000,44.333,220,220,54,575,575,50,0
4649,35,209,5,1,16,75,14,46,35.000,75.000,40.000,220,220,104,575,575,50,0
4650,35,209,5,1,16,67,13,43,32.000,67.000,35.000,220,220,154,575,575,50,0
4651,35,209,5,1,15,60,12,40,29.000,60.000,31.000,220,220,204,575,575,50,0
4652,35,209,5,1,15,52,12,37,26.333,52.000,25.667,220,220,254,575,575,50,0
4653,35,209,5,1,14,44,11,34,23.000,44.000,21.000,220,220,304,575,575,50,0
4654,35,209,5,1,14,37,11,32,20.667,37.000,16.333,220,220,354,575,575,50,0
4655,35,209,5,1,13,30,10,29,17.667,30.000,12.333,220,220,404,575,575,50,0
4656,35,209,5,1,13,22,10,27,15.000,22.000,7.000,220,220,454,575,575,50,0
4657,35,209,5,1,12,16,10,24,12.667,16.000,3.333,220,220,504,575,575,50,0
4658,35,209,5,1,12,9,9,22,10.000,9.000,-1.000,220,220,554,575,575,50,1
4659,35,209,5,1,12,2,9,19,7.667,2.000,-5.667,220,220,604,575,575,50,0
4660,35,209,5,1,11,0,9,16,6.667,0.000,-6.667,220,220,654,575,575,50,0
4661,35,209,5,1,14,0,8,14,7.333,0.000,-7.333,220,220,704,575,575,50,0
4662,35,209,5,1,11,0,8,11,6.333,0.000,-6.333,220,220,754,575,575,50,0
4663,35,209,5,1,10,0,7,8,5.667,0.000,-5.667,220,220,804,575,575,50,0
4664,35,209,5,1,10,0,6,4,5.333,0.000,-5.333,220,220,854,575,575,50,0
4665,35,209,5,1,9,0,6,2,5.000,0.000,-5.000,220,220,904,575,575,50,0
4666,35,209,5,1,9,0,6,0,5.000,0.000,-5.000,220,220,954,575,575,50,0
4667,35,209,5,1,8,0,5,0,4.333,0.000,-4.333,220,220,1004,575,575,50,0
4668,35,209,5,1,8,0,4,0,4.000,0.000,-4.000,220,220,1054,575,575,50,0
4669,35,209,5,1,7,0,4,0,3.667,0.000,-3.667,220,220,1104,575,575,50,0
4670,35,210,6,1,0,7,8,0,5.000,0.000,-5.000,220,220,54,575,575,50,0
4671,35,210,6,1,0,5,6,0,3.667,0.000,-3.667,220,220,104,575,575,50,0
4672,35,210,6,1,0,7,6,0,4.333,0.000,-4.333,220,220,154,575,575,50,0
4673,35,210,6,1,0,7,6,3,4.333,0.000,-4.333,220,220,204,575,575,50,0
4674,35,210,6,1,0,7,7,6,4.667,0.000,-4.667,220,220,254,575,575,50,0
4675,35,210,6,1,0,8,7,8,5.000,0.000,-5.000,220,220,304,575,575,50,0
4676,35,210,6,1,0,9,8,11,5.667,0.000,-5.667,220,220,354,575,575,50,0
4677,35,210,6,1,0,9,8,14,5.667,0.000,-5.667,220,220,404,575,575,50,0
4678,35,210,6,1,0,9,8,17,5.667,0.000,-5.667,220,220,454,575,575,50,0
4679,35,210,6,1,9,10,9,20,9.333,9.000,-0.333,220,220,504,575,575,50,0
4680,35,210,6,1,13,10,9,22,10.667,13.000,2.333,220,220,554,575,575,50,1
4681,35,210,6,1,19,11,10,25,13.333,19.000,5.667,220,220,604,575,575,50,0
4682,35,210,6,1,26,11,10,27,15.667,26.000,10.333,220,220,654,575,575,50,0
4683,35,210,6,1,33,12,10,29,18.333,33.000,14.667,220,220,704,575,575,50,0
4684,35,210,6,1,41,12,11,32,21.333,41.000,19.667,220,220,754,575,575,50,0
4685,35,210,6,1,48,12,11,35,23.667,48.000,24.333,220,220,804,575,575,50,0
4686,35,210,6,1,55,13,11,38,26.333,55.000,28.667,220,220,854,575,575,50,0
4687,35,210,6,1,62,13,12,40,29.000,62.000,33.000,220,220,904,575,575,50,0
4688,35,210,6,1,69,13,12,43,31.333,69.000,37.667,220,220,954,575,575,50,0
4689,35,210,6,1,76,14,13,45,34.333,76.000,41.667,220,220,1004,575,575,50,0
4690,35,210,6,1,83,15,13,49,37.000,83.000,46.000,220,220,1054,575,575,50,0
4691,35,210,6,1,91,15,13,51,39.667,91.000,51.333,220,220,1104,575,575,50,0
4692,36,211,1,1,15,11,81,46,35.667,81.000,45.333,220,220,54,575,575,50,0
4693,36,211,1,1,18,13,75,47,35.333,75.000,39.667,220,220,104,575,575,50,0
4694,36,211,1,1,17,14,67,44,32.667,67.000,34.333,220,220,154,575,575,50,0
4695,36,211,1,1,16,13,59,41,29.333,59.000,29.667,220,220,204,575,575,50,0
4696,36,211,1,1,15,13,51,38,26.333,51.000,24.667,220,220,254,575,575,50,0
4697,36,211,1,1,15,12,43,35,23.333,43.000,19.667,220,220,304,575,575,50,0
4698,36,211,1,1,14,12,36,32,20.667,36.000,15.333,220,220,354,575,575,50,0
4699,36,211,1,1,17,12,30,30,19.667,30.000,10.333,220,220,404,575,575,50,0
4700,36,211,1,1,14,11,22,27,15.667,22.000,6.333,220,220,454,575,575,50,0
4701,36,211,1,1,13,11,15,24,13.000,15.000,2.000,220,220,504,575,575,50,0
4702,36,211,1,1,13,10,8,22,10.333,8.000,-2.333,220,220,554,575,575,50,1
4703,36,211,1,1,12,10,2,19,8.000,2.000,-6.000,220,220,604,575,575,50,0
4704,36,211,1,1,11,9,0,16,6.667,0.000,-6.667,220,220,654,575,575,50,0
4705,36,211,1,1,11,9,0,14,6.667,0.000,-6.667,220,220,704,575,575,50,0
4706,36,211,1,1,11,8,0,11,6.333,0.000,-6.333,220,220,754,575,575,50,0
4707,36,211,1,1,11,8,0,8,6.333,0.000,-6.333,220,220,804,575,575,50,0
4708,36,211,1,1,10,8,0,5,6.000,0.000,-6.000,220,220,854,575,575,50,0
4709,36,211,1,1,10,7,0,3,5.667,0.000,-5.667,220,220,904,575,575,50,0
4710,36,211,1,1,9,7,0,0,5.333,0.000,-5.333,220,220,954,575,575,50,0
4711,36,211,1,1,8,6,0,0,4.667,0.000,-4.667,220,220,1004,575,575,50,0
4712,36,211,1,1,8,6,0,0,4.667,0.000,-4.667,220,220,1054,575,575,50,0
4713,36,211,1,1,7,5,0,0,4.000,0.000,-4.000,220,220,1104,575,575,50,0
4714,36,212,2,1,13,0,5,0,6.000,0.000,-6.000,220,220,54,575,575,50,0
4715,36,212,2,1,10,0,4,0,4.667,0.000,-4.667,220,220,104,575,575,50,0
4716,36,212,2,1,9,0,5,0,4.667,0.000,-4.667,220,220,154,575,575,50,0
4717,36,212,2,1,12,0,6,1,6.000,0.000,-6.000,220,220,204,575,575,50,0
4718,36,212,2,1,10,0,6,3,5.333,0.000,-5.333,220,220,254,575,575,50,0
4719,36,212,2,1,10,0,7,6,5.667,0.000,-5.667,220,220,304,575,575,50,0
4720,36,212,2,1,11,0,7,9,6.000,0.000,-6.000,220,220,354,575,575,50,0
4721,36,212,2,1,11,0,7,12,6.000,0.000,-6.000,220,220,404,575,575,50,0
4722,36,212,2,1,12,0,8,15,6.667,0.000,-6.667,220,220,454,575,575,50,0
4723,36,212,2,1,12,0,8,18,6.667,0.000,-6.667,220,220,504,575,575,50,0
4724,36,212,2,1,12,6,9,20,9.000,6.000,-3.000,220,220,554,575,575,50,0
4725,36,212,2,1,13,12,9,23,11.333,12.000,0.667,220,220,604,600,600,50,1
4726,36,212,2,1,13,20,9,25,14.000,20.000,6.000,220,220,654,600,600,50,0
4727,36,212,2,1,14,26,10,27,16.667,26.000,9.333,220,220,704,600,600,50,0
4728,36,212,2,1,14,32,10,30,18.667,32.000,13.333,220,220,754,600,600,50,0
4729,36,212,2,1,14,40,11,33,21.667,40.000,18.333,220,220,804,600,600,50,0
4730,36,212,2,1,15,47,11,35,24.333,47.000,22.667,220,220,854,600,600,50,0
4731,36,212,2,1,15,54,11,38,26.667,54.000,27.333,220,220,904,600,600,50,0
4732,36,212,2,1,16,62,12,41,30.000,62.000,32.000,220,220,954,600,600,50,0
4733,36,212,2,1,16,70,12,43,32.667,70.000,37.333,220,220,1004,600,600,50,0
4734,36,212,2,1,16,77,13,47,35.333,77.000,41.667,220,220,1054,600,600,50,0
4735,36,212,2,1,17,85,13,49,38.333,85.000,46.667,220,220,1104,600,600,50,0
4736,36,212,2,1,17,92,13,52,40.667,92.000,51.333,220,220,1154,600,600,50,0
4737,36,212,2,1,20,101,14,55,45.000,101.000,56.000,220,220,1204,600,600,50,0
4738,36,213,3,1,83,15,12,48,36.667,83.000,46.333,220,220,80,600,600,50,0
4739,36,213,3,1,74,14,12,45,33.333,74.000,40.667,220,220,130,600,600,50,0
4740,36,213,3,1,66,14,12,41,30.667,66.000,35.333,220,220,180,600,600,50,0
4741,36,213,3,1,58,13,11,38,27.333,58.000,30.667,220,220,230,600,600,50,0
4742,36,213,3,1,50,13,11,35,24.667,50.000,25.333,220,220,280,600,600,50,0
4743,36,213,3,1,42,12,11,32,21.667,42.000,20.333,220,220,330,600,600,50,0
4744,36,213,3,1,34,12,10,30,18.667,34.000,15.333,220,220,380,600,600,50,0
4745,36,213,3,1,27,11,10,27,16.000,27.000,11.000,220,220,430,600,600,50,0
4746,36,213,3,1,20,11,10,24,13.667,20.000,6.333,220,220,480,600,600,50,0
4747,36,213,3,1,13,10,9,22,10.667,13.000,2.333,220,220,530,600,600,50,0
4748,36,213,3,1,6,10,8,19,8.000,6.000,-2.000,220,220,580,600,600,50,1
4749,36,213,3,1,0,10,8,16,6.000,0.000,-6.000,220,220,630,600,600,50,0
4750,36,213,3,1,0,9,8,14,5.667,0.000,-5.667,220,220,680,600,600,50,0
4751,36,213,3,1,0,9,8,11,5.667,0.000,-5.667,220,220,730,600,600,50,0
4752,36,213,3,1,0,8,7,8,5.000,0.000,-5.000,220,220,780,600,600,50,0
4753,36,213,3,1,0,8,7,5,5.000,0.000,-5.000,220,220,830,600,600,50,0
4754,36,213,3,1,0,8,6,2,4.667,0.000,-4.667,220,220,880,600,600,50,0
4755,36,213,3,1,0,7,6,0,4.333,0.000,-4.333,220,220,930,600,600,50,0
4756,36,213,3,1,0,6,5,0,3.667,0.000,-3.667,220,220,980,600,600,50,0
4757,36,213,3,1,0,6,5,0,3.667,0.000,-3.667,220,220,1030,600,600,50,0
4758,36,213,3,1,0,5,4,0,3.000,0.000,-3.000,220,220,1080,600,600,50,0
4759,36,213,3,1,0,5,4,0,3.000,0.000,-3.000,220,220,1130,600,600,50,0
4760,36,213,3,1,0,4,4,0,2.667,0.000,-2.667,220,220,1180,600,600,50,0
4761,36,214,4,1,8,8,0,0,5.333,0.000,-5.333,220,220,80,600,600,50,0
4762,36,214,4,1,9,7,0,2,5.333,0.000,-5.333,220,220,130,600,600,50,0
4763,36,214,4,1,10,8,0,5,6.000,0.000,-6.000,220,220,180,600,600,50,0
4764,36,214,4,1,10,8,0,8,6.000,0.000,-6.000,220,220,230,600,600,50,0
4765,36,214,4,1,10,8,0,10,6.000,0.000,-6.000,220,220,280,600,600,50,0
4766,36,214,4,1,11,9,0,13,6.667,0.000,-6.667,220,220,330,600,600,50,0
4767,36,214,4,1,11,9,0,16,6.667,0.000,-6.667,220,220,380,600,600,50,0
4768,36,214,4,1,11,10,1,19,7.333,1.000,-6.333,220,220,430,600,600,50,0
4769,36,214,4,1,12,10,8,21,10.000,8.000,-2.000,220,220,480,600,600,50,0
4770,36,214,4,1,13,10,14,23,12.333,14.000,1.667,220,220,530,575,575,50,1
4771,36,214,4,1,13,11,21,26,15.000,21.000,6.000,220,220,580,575,575,50,0
4772,36,214,4,1,13,11,29,29,17.667,29.000,11.333,220,220,630,575,575,50,0
4773,36,214,4,1,14,12,35,31,20.333,35.000,14.667,220,220,680,575,575,50,0
4774,36,214,4,1,14,13,42,34,23.000,42.000,19.000,220,220,730,575,575,50,0
4775,36,214,4,1,17,13,50,37,26.667,50.000,23.333,220,220,780,575,575,50,0
4776,36,214,4,1,15,14,58,41,29.000,58.000,29.000,220,220,830,575,575,50,0
4777,36,214,4,1,15,14,65,42,31.333,65.000,33.667,220,220,880,575,575,50,0
4778,36,214,4,1,16,13,72,45,33.667,72.000,38.333,220,220,930,575,575,50,0
4779,36,214,4,1,16,14,80,48,36.667,80.000,43.333,220,220,980,575,575,50,0
4780,36,214,4,1,16,14,88,51,39.333,88.000,48.667,220,220,1030,575,575,50,0
4781,36,214,4,1,17,15,95,54,42.333,95.000,52.667,220,220,1080,575,575,50,0
4782,36,215,5,1,12,77,13,45,34.000,77.000,43.000,220,220,54,575,575,50,0
4783,36,215,5,1,15,73,14,45,34.000,73.000,39.000,220,220,104,575,575,50,0
4784,36,215,5,1,16,65,13,42,31.333,65.000,33.667,220,220,154,575,575,50,0
4785,36,215,5,1,15,57,12,39,28.000,57.000,29.000,220,220,204,575,575,50,0
4786,36,215,5,1,15,49,11,36,25.000,49.000,24.000,220,220,254,575,575,50,0
4787,36,215,5,1,14,42,11,33,22.333,42.000,19.667,220,220,304,575,575,50,0
4788,36,215,5,1,14,34,10,31,19.333,34.000,14.667,220,220,354,575,575,50,0
4789,36,215,5,1,13,28,10,28,17.000,28.000,11.000,220,220,404,575,575,50,0
4790,36,215,5,1,13,20,10,26,14.333,20.000,5.667,220,220,454,575,575,50,0
4791,36,215,5,1,13,14,9,23,12.000,14.000,2.000,220,220,504,575,575,50,0
4792,36,215,5,1,12,7,9,21,9.333,7.000,-2.333,220,220,554,575,575,50,1
4793,36,215,5,1,12,1,9,18,7.333,1.000,-6.333,220,220,604,575,575,50,0
4794,36,215,5,1,14,0,8,16,7.333,0.000,-7.333,220,220,654,575,575,50,0
4795,36,215,5,1,11,0,8,13,6.333,0.000,-6.333,220,220,704,575,575,50,0
4796,36,215,5,1,10,0,8,10,6.000,0.000,-6.000,220,220,754,575,575,50,0
4797,36,215,5,1,10,0,7,7,5.667,0.000,-5.667,220,220,804,575,575,50,0
4798,36,215,5,1,9,0,6,5,5.000,0.000,-5.000,220,220,854,575,575,50,0
4799,36,215,5,1,9,0,6,2,5.000,0.000,-5.000,220,220,904,575,575,50,0
4800,36,215,5,1,9,0,5,0,4.667,0.000,-4.667,220,220,954,575,575,50,0
4801,36,215,5,1,8,0,5,0,4.333,0.000,-4.333,220,220,1004,575,575,50,0
4802,36,215,5,1,8,0,5,0,4.333,0.000,-4.333,220,220,1054,575,575,50,0
4803,36,215,5,1,7,0,4,0,3.667,0.000,-3.667,220,220,1104,575,575,50,0
4804,36,216,6,1,0,7,8,0,5.000,0.000,-5.000,220,220,54,575,575,50,0
4805,36,216,6,1,0,5,6,0,3.667,0.000,-3.667,220,220,104,575,575,50,0
4806,36,216,6,1,0,6,6,0,4.000,0.000,-4.000,220,220,154,575,575,50,0
4807,36,216,6,1,0,7,6,2,4.333,0.000,-4.333,220,220,204,575,575,50,0
4808,36,216,6,1,0,8,6,4,4.667,0.000,-4.667,220,220,254,575,575,50,0
4809,36,216,6,1,0,8,7,7,5.000,0.000,-5.000,220,220,304,575,575,50,0
4810,36,216,6,1,0,8,8,10,5.333,0.000,-5.333,220,220,354,575,575,50,0
4811,36,216,6,1,0,8,8,13,5.333,0.000,-5.333,220,220,404,575,575,50,0
4812,36,216,6,1,0,9,8,16,5.667,0.000,-5.667,220,220,454,575,575,50,0
4813,36,216,6,1,7,9,9,19,8.333,7.000,-1.333,220,220,504,575,575,50,0
4814,36,216,6,1,11,10,9,21,10.000,11.000,1.000,220,220,554,575,575,50,1
4815,36,216,6,1,18,10,9,24,12.333,18.000,5.667,220,220,604,575,575,50,0
4816,36,216,6,1,25,11,10,26,15.333,25.000,9.667,220,220,654,575,575,50,0
4817,36,216,6,1,32,11,10,29,17.667,32.000,14.333,220,220,704,575,575,50,0
4818,36,216,6,1,40,12,11,32,21.000,40.000,19.000,220,220,754,575,575,50,0
4819,36,216,6,1,48,12,11,35,23.667,48.000,24.333,220,220,804,575,575,50,0
4820,36,216,6,1,55,13,12,37,26.667,55.000,28.333,220,220,854,575,575,50,0
4821,36,216,6,1,62,13,12,40,29.000,62.000,33.000,220,220,904,575,575,50,0
4822,36,216,6,1,70,14,12,43,32.000,70.000,38.000,220,220,954,575,575,50,0
4823,36,216,6,1,77,14,12,46,34.333,77.000,42.667,220,220,1004,575,575,50,0
4824,36,216,6,1,84,15,13,48,37.333,84.000,46.667,220,220,1054,575,575,50,0
4825,36,216,6,1,91,15,13,51,39.667,91.000,51.333,220,220,1104,575,575,50,0
4826,37,217,1,1,15,11,83,47,36.333,83.000,46.667,220,220,54,575,575,50,0
4827,37,217,1,1,18,13,77,48,36.000,77.000,41.000,220,220,104,575,575,50,0
4828,37,217,1,1,17,14,68,44,33.000,68.000,35.000,220,220,154,575,575,50,0
4829,37,217,1,1,16,13,60,42,29.667,60.000,30.333,220,220,204,575,575,50,0
4830,37,217,1,1,15,13,52,38,26.667,52.000,25.333,220,220,254,575,575,50,0
4831,37,217,1,1,15,13,45,36,24.333,45.000,20.667,220,220,304,575,575,50,0
4832,37,217,1,1,17,12,38,33,22.333,38.000,15.667,220,220,354,575,575,50,0
4833,37,217,1,1,14,11,31,30,18.667,31.000,12.333,220,220,404,575,575,50,0
4834,37,217,1,1,14,11,23,27,16.000,23.000,7.000,220,220,454,575,575,50,0
4835,37,217,1,1,13,11,17,25,13.667,17.000,3.333,220,220,504,575,575,50,0
4836,37,217,1,1,13,10,10,22,11.000,10.000,-1.000,220,220,554,575,575,50,1
4837,37,217,1,1,12,10,4,19,8.667,4.000,-4.667,220,220,604,575,575,50,0
4838,37,217,1,1,12,9,0,17,7.000,0.000,-7.000,220,220,654,575,575,50,0
4839,37,217,1,1,11,9,0,15,6.667,0.000,-6.667,220,220,704,575,575,50,0
4840,37,217,1,1,11,8,0,12,6.333,0.000,-6.333,220,220,754,575,575,50,0
4841,37,217,1,1,11,8,0,9,6.333,0.000,-6.333,220,220,804,575,575,50,0
4842,37,217,1,1,10,8,0,7,6.000,0.000,-6.000,220,220,854,575,575,50,0
4843,37,217,1,1,10,8,0,4,6.000,0.000,-6.000,220,220,904,575,575,50,0
4844,37,217,1,1,9,7,0,1,5.333,0.000,-5.333,220,220,954,575,575,50,0
4845,37,217,1,1,9,6,0,0,5.000,0.000,-5.000,220,220,1004,575,575,50,0
4846,37,217,1,1,9,6,0,0,5.000,0.000,-5.000,220,220,1054,575,575,50,0
4847,37,217,1,1,8,5,0,0,4.333,0.000,-4.333,220,220,1104,575,575,50,0
4848,37,218,2,1,13,0,5,0,6.000,0.000,-6.000,220,220,54,575,575,50,0
4849,37,218,2,1,9,0,4,0,4.333,0.000,-4.333,220,220,104,575,575,50,0
4850,37,218,2,1,9,0,5,0,4.667,0.000,-4.667,220,220,154,575,575,50,0
4851,37,218,2,1,12,0,5,2,5.667,0.000,-5.667,220,220,204,575,575,50,0
4852,37,218,2,1,9,0,6,3,5.000,0.000,-5.000,220,220,254,575,575,50,0
4853,37,218,2,1,10,0,7,6,5.667,0.000,-5.667,220,220,304,575,575,50,0
4854,37,218,2,1,11,0,7,9,6.000,0.000,-6.000,220,220,354,575,575,50,0
4855,37,218,2,1,11,0,7,12,6.000,0.000,-6.000,220,220,404,575,575,50,0
4856,37,218,2,1,11,0,8,15,6.333,0.000,-6.333,220,220,454,575,575,50,0
4857,37,218,2,1,12,0,8,18,6.667,0.000,-6.667,220,220,504,575,575,50,0
4858,37,218,2,1,13,7,9,20,9.667,7.000,-2.667,220,220,554,575,575,50,0
4859,37,218,2,1,13,14,9,23,12.000,14.000,2.000,220,220,604,600,600,50,1
4860,37,218,2,1,13,21,9,25,14.333,21.000,6.667,220,220,654,600,600,50,0
4861,37,218,2,1,14,28,10,28,17.333,28.000,10.667,220,220,704,600,600,50,0
4862,37,218,2,1,14,34,10,31,19.333,34.000,14.667,220,220,754,600,600,50,0
4863,37,218,2,1,15,42,11,34,22.667,42.000,19.333,220,220,804,600,600,50,0
4864,37,218,2,1,15,49,11,36,25.000,49.000,24.000,220,220,854,600,600,50,0
4865,37,218,2,1,15,57,12,39,28.000,57.000,29.000,220,220,904,600,600,50,0
4866,37,218,2,1,15,65,12,42,30.667,65.000,34.333,220,220,954,600,600,50,0
4867,37,218,2,1,16,73,12,45,33.667,73.000,39.333,220,220,1004,600,600,50,0
4868,37,218,2,1,16,80,13,47,36.333,80.000,43.667,220,220,1054,600,600,50,0
4869,37,218,2,1,17,87,13,50,39.000,87.000,48.000,220,220,1104,600,600,50,0
4870,37,218,2,1,17,95,14,53,42.000,95.000,53.000,220,220,1154,600,600,50,0
4871,37,218,2,1,20,103,14,56,45.667,103.000,57.333,220,220,1204,600,600,50,0
4872,37,219,3,1,79,16,12,47,35.667,79.000,43.333,220,220,80,600,600,50,0
4873,37,219,3,1,72,15,13,44,33.333,72.000,38.667,220,220,130,600,600,50,0
4874,37,219,3,1,64,14,12,41,30.000,64.000,34.000,220,220,180,600,600,50,0
4875,37,219,3,1,56,13,11,38,26.667,56.000,29.333,220,220,230,600,600,50,0
4876,37,219,3,1,48,13,11,34,24.000,48.000,24.000,220,220,280,600,600,50,0
4877,37,219,3,1,41,13,10,32,21.333,41.000,19.667,220,220,330,600,600,50,0
4878,37,219,3,1,34,12,10,29,18.667,34.000,15.333,220,220,380,600,600,50,0
4879,37,219,3,1,26,11,10,27,15.667,26.000,10.333,220,220,430,600,600,50,0
4880,37,219,3,1,19,11,9,24,13.000,19.000,6.000,220,220,480,600,600,50,0
4881,37,219,3,1,13,10,9,22,10.667,13.000,2.333,220,220,530,600,600,50,0
4882,37,219,3,1,6,10,9,19,8.333,6.000,-2.333,220,220,580,600,600,50,1
4883,37,219,3,1,0,10,8,17,6.000,0.000,-6.000,220,220,630,600,600,50,0
4884,37,219,3,1,0,9,8,14,5.667,0.000,-5.667,220,220,680,600,600,50,0
4885,37,219,3,1,0,9,8,11,5.667,0.000,-5.667,220,220,730,600,600,50,0
4886,37,219,3,1,0,8,7,8,5.000,0.000,-5.000,220,220,780,600,600,50,0
4887,37,219,3,1,0,8,6,5,4.667,0.000,-4.667,220,220,830,600,600,50,0
4888,37,219,3,1,0,8,6,3,4.667,0.000,-4.667,220,220,880,600,600,50,0
4889,37,219,3,1,0,7,6,0,4.333,0.000,-4.333,220,220,930,600,600,50,0
4890,37,219,3,1,0,6,5,0,3.667,0.000,-3.667,220,220,980,600,600,50,0
4891,37,219,3,1,0,6,5,0,3.667,0.000,-3.667,220,220,1030,600,600,50,0
4892,37,219,3,1,0,6,4,0,3.333,0.000,-3.333,220,220,1080,600,600,50,0
4893,37,219,3,1,0,5,4,0,3.000,0.000,-3.000,220,220,1130,600,600,50,0
4894,37,219,3,1,0,4,4,0,2.667,0.000,-2.667,220,220,1180,600,600,50,0
4895,37,220,4,1,8,8,0,0,5.333,0.000,-5.333,220,220,80,600,600,50,0
4896,37,220,4,1,9,8,0,1,5.667,0.000,-5.667,220,220,130,600,600,50,0
4897,37,220,4,1,9,8,0,4,5.667,0.000,-5.667,220,220,180,600,600,50,0
4898,37,220,4,1,9,8,0,7,5.667,0.000,-5.667,220,220,230,600,600,50,0
4899,37,220,4,1,10,9,0,10,6.333,0.000,-6.333,220,220,280,600,600,50,0
4900,37,220,4,1,11,9,0,13,6.667,0.000,-6.667,220,220,330,600,600,50,0
4901,37,220,4,1,11,9,0,16,6.667,0.000,-6.667,220,220,380,600,600,50,0
4902,37,220,4,1,12,10,0,18,7.333,0.000,-7.333,220,220,430,600,600,50,0
4903,37,220,4,1,12,10,7,21,9.667,7.000,-2.667,220,220,480,600,600,50,0
4904,37,220,4,1,13,11,14,23,12.667,14.000,1.333,220,220,530,575,575,50,1
4905,37,220,4,1,13,10,21,26,14.667,21.000,6.333,220,220,580,575,575,50,0
4906,37,220,4,1,13,11,28,29,17.333,28.000,10.667,220,220,630,575,575,50,0
4907,37,220,4,1,14,12,35,32,20.333,35.000,14.667,220,220,680,575,575,50,0
4908,37,220,4,1,14,13,42,34,23.000,42.000,19.000,220,220,730,575,575,50,0
4909,37,220,4,1,17,13,49,37,26.333,49.000,22.667,220,220,780,575,575,50,0
4910,37,220,4,1,15,13,57,40,28.333,57.000,28.667,220,220,830,575,575,50,0
4911,37,220,4,1,15,13,64,42,30.667,64.000,33.333,220,220,880,575,575,50,0
4912,37,220,4,1,15,14,71,45,33.333,71.000,37.667,220,220,930,575,575,50,0
4913,37,220,4,1,16,14,78,47,36.000,78.000,42.000,220,220,980,575,575,50,0
4914,37,220,4,1,17,14,85,50,38.667,85.000,46.333,220,220,1030,575,575,50,0
4915,37,220,4,1,16,15,92,53,41.000,92.000,51.000,220,220,1080,575,575,50,0
4916,37,221,5,1,12,78,13,45,34.333,78.000,43.667,220,220,54,575,575,50,0
4917,37,221,5,1,16,73,14,45,34.333,73.000,38.667,220,220,104,575,575,50,0
4918,37,221,5,1,16,66,13,43,31.667,66.000,34.333,220,220,154,575,575,50,0
4919,37,221,5,1,15,58,12,40,28.333,58.000,29.667,220,220,204,575,575,50,0
4920,37,221,5,1,14,50,12,37,25.333,50.000,24.667,220,220,254,575,575,50,0
4921,37,221,5,1,14,42,11,34,22.333,42.000,19.667,220,220,304,575,575,50,0
4922,37,221,5,1,14,36,10,31,20.000,36.000,16.000,220,220,354,575,575,50,0
4923,37,221,5,1,13,29,10,29,17.333,29.000,11.667,220,220,404,575,575,50,0
4924,37,221,5,1,13,22,10,26,15.000,22.000,7.000,220,220,454,575,575,50,0
4925,37,221,5,1,13,15,9,23,12.333,15.000,2.667,220,220,504,575,575,50,0
4926,37,221,5,1,12,8,9,21,9.667,8.000,-1.667,220,220,554,575,575,50,1
4927,37,221,5,1,12,2,9,18,7.667,2.000,-5.667,220,220,604,575,575,50,0
4928,37,221,5,1,14,0,9,16,7.667,0.000,-7.667,220,220,654,575,575,50,0
4929,37,221,5,1,11,0,8,13,6.333,0.000,-6.333,220,220,704,575,575,50,0
4930,37,221,5,1,10,0,7,10,5.667,0.000,-5.667,220,220,754,575,575,50,0
4931,37,221,5,1,10,0,7,8,5.667,0.000,-5.667,220,220,804,575,575,50,0
4932,37,221,5,1,10,0,6,4,5.333,0.000,-5.333,220,220,854,575,575,50,0
4933,37,221,5,1,9,0,6,2,5.000,0.000,-5.000,220,220,904,575,575,50,0
4934,37,221,5,1,9,0,5,0,4.667,0.000,-4.667,220,220,954,575,575,50,0
4935,37,221,5,1,8,0,5,0,4.333,0.000,-4.333,220,220,1004,575,575,50,0
4936,37,221,5,1,8,0,4,0,4.000,0.000,-4.000,220,220,1054,575,575,50,0
4937,37,221,5,1,7,0,4,0,3.667,0.000,-3.667,220,220,1104,575,575,50,0
4938,37,222,6,1,0,7,8,0,5.000,0.000,-5.000,220,220,54,575,575,50,0
4939,37,222,6,1,0,6,6,0,4.000,0.000,-4.000,220,220,104,575,575,50,0
4940,37,222,6,1,0,7,6,0,4.333,0.000,-4.333,220,220,154,575,575,50,0
4941,37,222,6,1,0,8,6,3,4.667,0.000,-4.667,220,220,204,575,575,50,0
4942,37,222,6,1,0,7,7,6,4.667,0.000,-4.667,220,220,254,575,575,50,0
4943,37,222,6,1,0,8,7,9,5.000,0.000,-5.000,220,220,304,575,575,50,0
4944,37,222,6,1,0,8,8,12,5.333,0.000,-5.333,220,220,354,575,575,50,0
4945,37,222,6,1,0,9,8,14,5.667,0.000,-5.667,220,220,404,575,575,50,0
4946,37,222,6,1,0,9,8,17,5.667,0.000,-5.667,220,220,454,575,575,50,0
4947,37,222,6,1,7,10,9,20,8.667,7.000,-1.667,220,220,504,575,575,50,0
4948,37,222,6,1,16,10,10,23,12.000,16.000,4.000,220,220,554,575,575,50,1
4949,37,222,6,1,20,11,10,25,13.667,20.000,6.333,220,220,604,575,575,50,0
4950,37,222,6,1,27,11,10,28,16.000,27.000,11.000,220,220,654,575,575,50,0
4951,37,222,6,1,34,11,11,30,18.667,34.000,15.333,220,220,704,575,575,50,0
4952,37,222,6,1,41,12,11,32,21.333,41.000,19.667,220,220,754,575,575,50,0
4953,37,222,6,1,49,12,11,35,24.000,49.000,25.000,220,220,804,575,575,50,0
4954,37,222,6,1,56,13,12,38,27.000,56.000,29.000,220,220,854,575,575,50,0
4955,37,222,6,1,63,13,12,41,29.333,63.000,33.667,220,220,904,575,575,50,0
4956,37,222,6,1,70,13,12,43,31.667,70.000,38.333,220,220,954,575,575,50,0
4957,37,222,6,1,78,14,12,46,34.667,78.000,43.333,220,220,1004,575,575,50,0
4958,37,222,6,1,84,14,13,48,37.000,84.000,47.000,220,220,1054,575,575,50,0
4959,37,222,6,1,91,15,13,51,39.667,91.000,51.333,220,220,1104,575,575,50,0
4960,38,223,1,1,16,11,84,48,37.000,84.000,47.000,220,220,54,575,575,50,0
4961,38,223,1,1,18,13,79,49,36.667,79.000,42.333,220,220,104,575,575,50,0
4962,38,223,1,1,17,14,70,45,33.667,70.000,36.333,220,220,154,575,575,50,0
4963,38,223,1,1,16,13,62,43,30.333,62.000,31.667,220,220,204,575,575,50,0
4964,38,223,1,1,15,13,55,39,27.667,55.000,27.333,220,220,254,575,575,50,0
4965,38,223,1,1,15,12,47,36,24.667,47.000,22.333,220,220,304,575,575,50,0
4966,38,223,1,1,18,12,40,34,23.333,40.000,16.667,220,220,354,575,575,50,0
4967,38,223,1,1,14,11,32,31,19.000,32.000,13.000,220,220,404,575,575,50,0
4968,38,223,1,1,14,11,26,28,17.000,26.000,9.000,220,220,454,575,575,50,0
4969,38,223,1,1,14,11,19,26,14.667,19.000,4.333,220,220,504,575,575,50,0
4970,38,223,1,1,13,10,12,23,11.667,12.000,0.333,220,220,554,575,575,50,0
4971,38,223,1,1,13,10,4,20,9.000,4.000,-5.000,220,220,604,600,600,50,1
4972,38,223,1,1,12,9,0,18,7.000,0.000,-7.000,220,220,654,600,600,50,0
4973,38,223,1,1,12,9,0,15,7.000,0.000,-7.000,220,220,704,600,600,50,0
4974,38,223,1,1,12,9,0,12,7.000,0.000,-7.000,220,220,754,600,600,50,0
4975,38,223,1,1,11,8,0,10,6.333,0.000,-6.333,220,220,804,600,600,50,0
4976,38,223,1,1,10,8,0,6,6.000,0.000,-6.000,220,220,854,600,600,50,0
4977,38,223,1,1,10,7,0,4,5.667,0.000,-5.667,220,220,904,600,600,50,0
4978,38,223,1,1,9,7,0,1,5.333,0.000,-5.333,220,220,954,600,600,50,0
4979,38,223,1,1,9,6,0,0,5.000,0.000,-5.000,220,220,1004,600,600,50,0
4980,38,223,1,1,9,6,0,0,5.000,0.000,-5.000,220,220,1054,600,600,50,0
4981,38,223,1,1,8,6,0,0,4.667,0.000,-4.667,220,220,1104,600,600,50,0
4982,38,223,1,1,7,5,0,0,4.000,0.000,-4.000,220,220,1154,600,600,50,0
4983,38,223,1,1,6,5,0,0,3.667,0.000,-3.667,220,220,1204,600,600,50,0
4984,38,224,2,1,10,0,5,0,5.000,0.000,-5.000,220,220,79,600,600,50,0
4985,38,224,2,1,10,0,6,1,5.333,0.000,-5.333,220,220,129,600,600,50,0
4986,38,224,2,1,13,0,6,4,6.333,0.000,-6.333,220,220,179,600,600,50,0
4987,38,224,2,1,10,0,6,6,5.333,0.000,-5.333,220,220,229,600,600,50,0
4988,38,224,2,1,11,0,7,9,6.000,0.000,-6.000,220,220,279,600,600,50,0
4989,38,224,2,1,11,0,7,12,6.000,0.000,-6.000,220,220,329,600,600,50,0
4990,38,224,2,1,11,0,8,14,6.333,0.000,-6.333,220,220,379,600,600,50,0
4991,38,224,2,1,12,0,8,17,6.667,0.000,-6.667,220,220,429,600,600,50,0
4992,38,224,2,1,12,5,9,20,8.667,5.000,-3.667,220,220,479,600,600,50,0
4993,38,224,2,1,13,12,8,22,11.000,12.000,1.000,220,220,529,575,575,50,1
4994,38,224,2,1,13,19,9,25,13.667,19.000,5.333,220,220,579,575,575,50,0
4995,38,224,2,1,13,25,10,27,16.000,25.000,9.000,220,220,629,575,575,50,0
4996,38,224,2,1,14,32,10,30,18.667,32.000,13.333,220,220,679,575,575,50,0
4997,38,224,2,1,14,39,10,32,21.000,39.000,18.000,220,220,729,575,575,50,0
4998,38,224,2,1,15,46,11,35,24.000,46.000,22.000,220,220,779,575,575,50,0
4999,38,224,2,1,15,54,12,38,27.000,54.000,27.000,220,220,829,575,575,50,0
5000,38,224,2,1,16,61,12,40,29.667,61.000,31.333,220,220,879,575,575,50,0
5001,38,224,2,1,16,69,12,43,32.333,69.000,36.667,220,220,929,575,575,50,0
5002,38,224,2,1,16,76,13,46,35.000,76.000,41.000,220,220,979,575,575,50,0
5003,38,224,2,1,16,83,13,48,37.333,83.000,45.667,220,220,1029,575,575,50,0
5004,38,224,2,1,17,91,14,52,40.667,91.000,50.333,220,220,1079,575,575,50,0
5005,38,225,3,1,83,14,10,46,35.667,83.000,47.333,220,220,54,575,575,50,0
5006,38,225,3,1,79,16,12,46,35.667,79.000,43.333,220,220,104,575,575,50,0
5007,38,225,3,1,71,14,12,44,32.333,71.000,38.667,220,220,154,575,575,50,0
5008,38,225,3,1,63,13,12,41,29.333,63.000,33.667,220,220,204,575,575,50,0
5009,38,225,3,1,55,13,11,37,26.333,55.000,28.667,220,220,254,575,575,50,0
5010,38,225,3,1,47,12,11,34,23.333,47.000,23.667,220,220,304,575,575,50,0
5011,38,225,3,1,40,12,10,32,20.667,40.000,19.333,220,220,354,575,575,50,0
5012,38,225,3,1,32,12,10,29,18.000,32.000,14.000,220,220,404,575,575,50,0
5013,38,225,3,1,25,11,10,26,15.333,25.000,9.667,220,220,454,575,575,50,0
5014,38,225,3,1,18,11,9,24,12.667,18.000,5.333,220,220,504,575,575,50,0
5015,38,225,3,1,11,10,9,21,10.000,11.000,1.000,220,220,554,575,575,50,0
5016,38,225,3,1,4,10,9,18,7.667,4.000,-3.667,220,220,604,600,600,50,1
5017,38,225,3,1,0,9,8,16,5.667,0.000,-5.667,220,220,654,600,600,50,0
5018,38,225,3,1,0,9,8,13,5.667,0.000,-5.667,220,220,704,600,600,50,0
5019,38,225,3,1,0,9,7,10,5.333,0.000,-5.333,220,220,754,600,600,50,0
5020,38,225,3,1,0,8,7,7,5.000,0.000,-5.000,220,220,804,600,600,50,0
5021,38,225,3,1,0,8,6,4,4.667,0.000,-4.667,220,220,854,600,600,50,0
5022,38,225,3,1,0,7,6,2,4.333,0.000,-4.333,220,220,904,600,600,50,0
5023,38,225,3,1,0,7,5,0,4.000,0.000,-4.000,220,220,954,600,600,50,0
5024,38,225,3,1,0,7,5,0,4.000,0.000,-4.000,220,220,1004,600,600,50,0
5025,38,225,3,1,0,6,5,0,3.667,0.000,-3.667,220,220,1054,600,600,50,0
5026,38,225,3,1,0,5,5,0,3.333,0.000,-3.333,220,220,1104,600,600,50,0
5027,38,225,3,1,0,5,4,0,3.000,0.000,-3.000,220,220,1154,600,600,50,0
5028,38,225,3,1,0,4,4,0,2.667,0.000,-2.667,220,220,1204,600,600,50,0
5029,38,226,4,1,8,8,0,0,5.333,0.000,-5.333,220,220,80,600,600,50,0
5030,38,226,4,1,8,8,0,2,5.333,0.000,-5.333,220,220,130,600,600,50,0
5031,38,226,4,1,9,8,0,5,5.667,0.000,-5.667,220,220,180,600,600,50,0
5032,38,226,4,1,10,8,0,7,6.000,0.000,-6.000,220,220,230,600,600,50,0
5033,38,226,4,1,10,9,0,10,6.333,0.000,-6.333,220,220,280,600,600,50,0
5034,38,226,4,1,10,9,0,13,6.333,0.000,-6.333,220,220,330,600,600,50,0
5035,38,226,4,1,11,9,0,16,6.667,0.000,-6.667,220,220,380,600,600,50,0
5036,38,226,4,1,11,10,1,18,7.333,1.000,-6.333,220,220,430,600,600,50,0
5037,38,226,4,1,12,10,7,21,9.667,7.000,-2.667,220,220,480,600,600,50,0
5038,38,226,4,1,12,11,13,23,12.000,13.000,1.000,220,220,530,575,575,50,1
5039,38,226,4,1,13,11,20,26,14.667,20.000,5.333,220,220,580,575,575,50,0
5040,38,226,4,1,13,12,27,28,17.333,27.000,9.667,220,220,630,575,575,50,0
5041,38,226,4,1,14,12,34,31,20.000,34.000,14.000,220,220,680,575,575,50,0
5042,38,226,4,1,14,12,41,34,22.333,41.000,18.667,220,220,730,575,575,50,0
5043,38,226,4,1,17,13,48,36,26.000,48.000,22.000,220,220,780,575,575,50,0
5044,38,226,4,1,15,13,55,39,27.667,55.000,27.333,220,220,830,575,575,50,0
5045,38,226,4,1,15,13,63,42,30.333,63.000,32.667,220,220,880,575,575,50,0
5046,38,226,4,1,15,14,70,44,33.000,70.000,37.000,220,220,930,575,575,50,0
5047,38,226,4,1,16,14,77,47,35.667,77.000,41.333,220,220,980,575,575,50,0
5048,38,226,4,1,16,14,85,50,38.333,85.000,46.667,220,220,1030,575,575,50,0
5049,38,226,4,1,17,15,92,53,41.333,92.000,50.667,220,220,1080,575,575,50,0
5050,38,227,5,1,12,83,13,47,36.000,83.000,47.000,220,220,54,575,575,50,0
5051,38,227,5,1,16,78,14,48,36.000,78.000,42.000,220,220,104,575,575,50,0
5052,38,227,5,1,16,70,13,44,33.000,70.000,37.000,220,220,154,575,575,50,0
5053,38,227,5,1,16,62,12,41,30.000,62.000,32.000,220,220,204,575,575,50,0
5054,38,227,5,1,15,53,12,38,26.667,53.000,26.333,220,220,254,575,575,50,0
5055,38,227,5,1,14,46,11,35,23.667,46.000,22.333,220,220,304,575,575,50,0
5056,38,227,5,1,14,38,11,32,21.000,38.000,17.000,220,220,354,575,575,50,0
5057,38,227,5,1,13,31,10,29,18.000,31.000,13.000,220,220,404,575,575,50,0
5058,38,227,5,1,13,23,10,26,15.333,23.000,7.667,220,220,454,575,575,50,0
5059,38,227,5,1,13,16,10,24,13.000,16.000,3.000,220,220,504,575,575,50,0
5060,38,227,5,1,12,10,9,22,10.333,10.000,-0.333,220,220,554,575,575,50,1
5061,38,227,5,1,12,2,9,19,7.667,2.000,-5.667,220,220,604,600,600,50,0
5062,38,227,5,1,11,0,9,16,6.667,0.000,-6.667,220,220,654,600,600,50,0
5063,38,227,5,1,14,0,8,14,7.333,0.000,-7.333,220,220,704,600,600,50,0
5064,38,227,5,1,11,0,8,11,6.333,0.000,-6.333,220,220,754,600,600,50,0
5065,38,227,5,1,10,0,7,8,5.667,0.000,-5.667,220,220,804,600,600,50,0
5066,38,227,5,1,10,0,7,5,5.667,0.000,-5.667,220,220,854,600,600,50,0
5067,38,227,5,1,9,0,6,3,5.000,0.000,-5.000,220,220,904,600,600,50,0
5068,38,227,5,1,9,0,6,0,5.000,0.000,-5.000,220,220,954,600,600,50,0
5069,38,227,5,1,8,0,5,0,4.333,0.000,-4.333,220,220,1004,600,600,50,0
5070,38,227,5,1,8,0,5,0,4.333,0.000,-4.333,220,220,1054,600,600,50,0
5071,38,227,5,1,7,0,4,0,3.667,0.000,-3.667,220,220,1104,600,600,50,0
5072,38,227,5,1,7,0,4,0,3.667,0.000,-3.667,220,220,1154,600,600,50,0
5073,38,227,5,1,6,0,3,0,3.000,0.000,-3.000,220,220,1204,600,600,50,0
5074,38,228,6,1,0,6,7,0,4.333,0.000,-4.333,220,220,79,600,600,50,0
5075,38,228,6,1,0,7,6,3,4.333,0.000,-4.333,220,220,129,600,600,50,0
5076,38,228,6,1,0,8,7,5,5.000,0.000,-5.000,220,220,179,600,600,50,0
5077,38,228,6,1,0,8,7,8,5.000,0.000,-5.000,220,220,229,600,600,50,0
5078,38,228,6,1,0,8,8,11,5.333,0.000,-5.333,220,220,279,600,600,50,0
5079,38,228,6,1,0,9,8,13,5.667,0.000,-5.667,220,220,329,600,600,50,0
5080,38,228,6,1,0,9,8,16,5.667,0.000,-5.667,220,220,379,600,600,50,0
5081,38,228,6,1,8,9,9,19,8.667,8.000,-0.667,220,220,429,600,600,50,0
5082,38,228,6,1,12,10,9,22,10.333,12.000,1.667,220,220,479,550,550,50,1
5083,38,228,6,1,19,10,9,24,12.667,19.000,6.333,220,220,529,550,550,50,0
5084,38,228,6,1,26,11,10,27,15.667,26.000,10.333,220,220,579,550,550,50,0
5085,38,228,6,1,33,12,10,29,18.333,33.000,14.667,220,220,629,550,550,50,0
5086,38,228,6,1,40,12,10,32,20.667,40.000,19.333,220,220,679,550,550,50,0
5087,38,228,6,1,47,13,11,35,23.667,47.000,23.333,220,220,729,550,550,50,0
5088,38,228,6,1,54,13,12,38,26.333,54.000,27.667,220,220,779,550,550,50,0
5089,38,228,6,1,63,13,12,41,29.333,63.000,33.667,220,220,829,550,550,50,0
5090,38,228,6,1,70,13,12,43,31.667,70.000,38.333,220,220,879,550,550,50,0
5091,38,228,6,1,77,14,13,46,34.667,77.000,42.333,220,220,929,550,550,50,0
5092,38,228,6,1,84,15,13,48,37.333,84.000,46.667,220,220,979,550,550,50,0
5093,38,228,6,1,92,15,13,52,40.000,92.000,52.000,220,220,1029,550,550,50,0
5094,39,229,1,1,18,15,82,50,38.333,82.000,43.667,220,220,78,550,550,50,0
5095,39,229,1,1,17,14,75,46,35.333,75.000,39.667,220,220,128,550,550,50,0
5096,39,229,1,1,16,13,67,44,32.000,67.000,35.000,220,220,178,550,550,50,0
5097,39,229,1,1,16,13,60,41,29.667,60.000,30.333,220,220,228,550,550,50,0
5098,39,229,1,1,15,13,52,38,26.667,52.000,25.333,220,220,278,550,550,50,0
5099,39,229,1,1,15,12,45,35,24.000,45.000,21.000,220,220,328,550,550,50,0
5100,39,229,1,1,14,12,37,33,21.000,37.000,16.000,220,220,378,550,550,50,0
5101,39,229,1,1,17,12,31,30,20.000,31.000,11.000,220,220,428,550,550,50,0
5102,39,229,1,1,14,11,23,27,16.000,23.000,7.000,220,220,478,550,550,50,0
5103,39,229,1,1,13,11,16,24,13.333,16.000,2.667,220,220,528,550,550,50,0
5104,39,229,1,1,13,10,10,22,11.000,10.000,-1.000,220,220,578,575,575,50,1
5105,39,229,1,1,13,10,3,20,8.667,3.000,-5.667,220,220,628,575,575,50,0
5106,39,229,1,1,12,9,0,17,7.000,0.000,-7.000,220,220,678,575,575,50,0
5107,39,229,1,1,12,9,0,14,7.000,0.000,-7.000,220,220,728,575,575,50,0
5108,39,229,1,1,11,9,0,12,6.667,0.000,-6.667,220,220,778,575,575,50,0
5109,39,229,1,1,11,8,0,10,6.333,0.000,-6.333,220,220,828,575,575,50,0
5110,39,229,1,1,10,8,0,6,6.000,0.000,-6.000,220,220,878,575,575,50,0
5111,39,229,1,1,10,8,0,4,6.000,0.000,-6.000,220,220,928,575,575,50,0
5112,39,229,1,1,9,7,0,1,5.333,0.000,-5.333,220,220,978,575,575,50,0
5113,39,229,1,1,9,7,0,0,5.333,0.000,-5.333,220,220,1028,575,575,50,0
5114,39,229,1,1,8,6,0,0,4.667,0.000,-4.667,220,220,1078,575,575,50,0
5115,39,229,1,1,8,6,0,0,4.667,0.000,-4.667,220,220,1128,575,575,50,0
5116,39,230,2,1,13,0,4,0,5.667,0.000,-5.667,220,220,54,575,575,50,0
5117,39,230,2,1,9,0,4,0,4.333,0.000,-4.333,220,220,104,575,575,50,0
5118,39,230,2,1,9,0,5,0,4.667,0.000,-4.667,220,220,154,575,575,50,0
5119,39,230,2,1,9,0,5,0,4.667,0.000,-4.667,220,220,204,575,575,50,0
5120,39,230,2,1,13,0,5,3,6.000,0.000,-6.000,220,220,254,575,575,50,0
5121,39,230,2,1,10,0,6,5,5.333,0.000,-5.333,220,220,304,575,575,50,0
5122,39,230,2,1,10,0,7,7,5.667,0.000,-5.667,220,220,354,575,575,50,0
5123,39,230,2,1,11,0,7,11,6.000,0.000,-6.000,220,220,404,575,575,50,0
5124,39,230,2,1,11,0,8,14,6.333,0.000,-6.333,220,220,454,575,575,50,0
5125,39,230,2,1,12,0,8,16,6.667,0.000,-6.667,220,220,504,575,575,50,0
5126,39,230,2,1,12,2,8,19,7.333,2.000,-5.333,220,220,554,575,575,50,0
5127,39,230,2,1,13,10,9,22,10.667,10.000,-0.667,220,220,604,575,575,50,0
5128,39,230,2,1,13,17,9,24,13.000,17.000,4.000,220,220,654,625,625,50,1
5129,39,230,2,1,13,23,10,26,15.333,23.000,7.667,220,220,704,625,625,50,0
5130,39,230,2,1,14,30,10,29,18.000,30.000,12.000,220,220,754,625,625,50,0
5131,39,230,2,1,14,38,10,32,20.667,38.000,17.333,220,220,804,625,625,50,0
5132,39,230,2,1,15,45,11,35,23.667,45.000,21.333,220,220,854,625,625,50,0
5133,39,230,2,1,15,53,11,37,26.333,53.000,26.667,220,220,904,625,625,50,0
5134,39,230,2,1,16,61,12,40,29.667,61.000,31.333,220,220,954,625,625,50,0
5135,39,230,2,1,16,69,12,43,32.333,69.000,36.667,220,220,1004,625,625,50,0
5136,39,230,2,1,16,76,13,46,35.000,76.000,41.000,220,220,1054,625,625,50,0
5137,39,230,2,1,17,83,13,49,37.667,83.000,45.333,220,220,1104,625,625,50,0
5138,39,230,2,1,17,92,13,52,40.667,92.000,51.333,220,220,1154,625,625,50,0
5139,39,230,2,1,20,100,14,55,44.667,100.000,55.333,220,220,1204,625,625,50,0
5140,39,230,2,1,17,107,14,57,46.000,107.000,61.000,220,220,1254,625,625,50,0
5141,39,231,3,1,69,13,9,40,30.333,69.000,38.667,220,220,54,625,625,50,0
5142,39,231,3,1,66,15,11,41,30.667,66.000,35.333,220,220,104,625,625,50,0
5143,39,231,3,1,58,13,11,38,27.333,58.000,30.667,220,220,154,625,625,50,0
5144,39,231,3,1,49,13,11,35,24.333,49.000,24.667,220,220,204,625,625,50,0
5145,39,231,3,1,42,12,11,32,21.667,42.000,20.333,220,220,254,625,625,50,0
5146,39,231,3,1,34,12,10,30,18.667,34.000,15.333,220,220,304,625,625,50,0
5147,39,231,3,1,27,12,10,27,16.333,27.000,10.667,220,220,354,625,625,50,0
5148,39,231,3,1,20,11,9,25,13.333,20.000,6.667,220,220,404,625,625,50,0
5149,39,231,3,1,13,10,9,22,10.667,13.000,2.333,220,220,454,625,625,50,0
5150,39,231,3,1,7,10,9,20,8.667,7.000,-1.667,220,220,504,575,575,50,1
5151,39,231,3,1,0,10,8,17,6.000,0.000,-6.000,220,220,554,575,575,50,0
5152,39,231,3,1,0,9,8,14,5.667,0.000,-5.667,220,220,604,575,575,50,0
5153,39,231,3,1,0,9,7,11,5.333,0.000,-5.333,220,220,654,575,575,50,0
5154,39,231,3,1,0,9,7,9,5.333,0.000,-5.333,220,220,704,575,575,50,0
5155,39,231,3,1,0,8,7,6,5.000,0.000,-5.000,220,220,754,575,575,50,0
5156,39,231,3,1,0,7,6,3,4.333,0.000,-4.333,220,220,804,575,575,50,0
5157,39,231,3,1,0,7,6,1,4.333,0.000,-4.333,220,220,854,575,575,50,0
5158,39,231,3,1,0,7,5,0,4.000,0.000,-4.000,220,220,904,575,575,50,0
5159,39,231,3,1,0,6,5,0,3.667,0.000,-3.667,220,220,954,575,575,50,0
5160,39,231,3,1,0,5,5,0,3.333,0.000,-3.333,220,220,1004,575,575,50,0
5161,39,231,3,1,0,5,4,0,3.000,0.000,-3.000,220,220,1054,575,575,50,0
5162,39,232,4,1,11,10,0,0,7.000,0.000,-7.000,220,220,54,575,575,50,0
5163,39,232,4,1,8,8,0,0,5.333,0.000,-5.333,220,220,104,575,575,50,0
5164,39,232,4,1,9,8,0,2,5.667,0.000,-5.667,220,220,154,575,575,50,0
5165,39,232,4,1,9,8,0,4,5.667,0.000,-5.667,220,220,204,575,575,50,0
5166,39,232,4,1,10,8,0,8,6.000,0.000,-6.000,220,220,254,575,575,50,0
5167,39,232,4,1,10,9,0,10,6.333,0.000,-6.333,220,220,304,575,575,50,0
5168,39,232,4,1,10,9,0,13,6.333,0.000,-6.333,220,220,354,575,575,50,0
5169,39,232,4,1,11,10,0,16,7.000,0.000,-7.000,220,220,404,575,575,50,0
5170,39,232,4,1,11,10,0,18,7.000,0.000,-7.000,220,220,454,575,575,50,0
5171,39,232,4,1,12,11,7,21,10.000,7.000,-3.000,220,220,504,575,575,50,0
5172,39,232,4,1,12,11,14,24,12.333,14.000,1.667,220,220,554,575,575,50,1
5173,39,232,4,1,13,11,21,26,15.000,21.000,6.000,220,220,604,575,575,50,0
5174,39,232,4,1,13,12,28,29,17.667,28.000,10.333,220,220,654,575,575,50,0
5175,39,232,4,1,13,12,35,32,20.000,35.000,15.000,220,220,704,575,575,50,0
5176,39,232,4,1,14,12,43,34,23.000,43.000,20.000,220,220,754,575,575,50,0
5177,39,232,4,1,18,13,50,37,27.000,50.000,23.000,220,220,804,575,575,50,0
5178,39,232,4,1,15,13,57,40,28.333,57.000,28.667,220,220,854,575,575,50,0
5179,39,232,4,1,15,13,64,42,30.667,64.000,33.333,220,220,904,575,575,50,0
5180,39,232,4,1,16,14,72,45,34.000,72.000,38.000,220,220,954,575,575,50,0
5181,39,232,4,1,16,14,79,48,36.333,79.000,42.667,220,220,1004,575,575,50,0
5182,39,232,4,1,17,14,86,50,39.000,86.000,47.000,220,220,1054,575,575,50,0
5183,39,232,4,1,17,15,93,53,41.667,93.000,51.333,220,220,1104,575,575,50,0
5184,39,233,5,1,12,80,13,45,35.000,80.000,45.000,220,220,54,575,575,50,0
5185,39,233,5,1,16,76,14,47,35.333,76.000,40.667,220,220,104,575,575,50,0
5186,39,233,5,1,16,68,13,43,32.333,68.000,35.667,220,220,154,575,575,50,0
5187,39,233,5,1,15,60,12,40,29.000,60.000,31.000,220,220,204,575,575,50,0
5188,39,233,5,1,15,52,11,37,26.000,52.000,26.000,220,220,254,575,575,50,0
5189,39,233,5,1,14,45,11,35,23.333,45.000,21.667,220,220,304,575,575,50,0
5190,39,233,5,1,14,38,10,32,20.667,38.000,17.333,220,220,354,575,575,50,0
5191,39,233,5,1,13,31,11,29,18.333,31.000,12.667,220,220,404,575,575,50,0
5192,39,233,5,1,13,24,10,27,15.667,24.000,8.333,220,220,454,575,575,50,0
5193,39,233,5,1,13,17,10,24,13.333,17.000,3.667,220,220,504,575,575,50,0
5194,39,233,5,1,12,11,9,22,10.667,11.000,0.333,220,220,554,575,575,50,0
5195,39,233,5,1,12,4,9,20,8.333,4.000,-4.333,220,220,604,600,600,50,1
5196,39,233,5,1,15,0,9,17,8.000,0.000,-8.000,220,220,654,600,600,50,0
5197,39,233,5,1,11,0,8,14,6.333,0.000,-6.333,220,220,704,600,600,50,0
5198,39,233,5,1,11,0,8,12,6.333,0.000,-6.333,220,220,754,600,600,50,0
5199,39,233,5,1,10,0,7,9,5.667,0.000,-5.667,220,220,804,600,600,50,0
5200,39,233,5,1,10,0,7,6,5.667,0.000,-5.667,220,220,854,600,600,50,0
5201,39,233,5,1,10,0,6,3,5.333,0.000,-5.333,220,220,904,600,600,50,0
5202,39,233,5,1,9,0,6,0,5.000,0.000,-5.000,220,220,954,600,600,50,0
5203,39,233,5,1,8,0,6,0,4.667,0.000,-4.667,220,220,1004,600,600,50,0
5204,39,233,5,1,8,0,5,0,4.333,0.000,-4.333,220,220,1054,600,600,50,0
5205,39,233,5,1,7,0,4,0,3.667,0.000,-3.667,220,220,1104,600,600,50,0
5206,39,233,5,1,7,0,4,0,3.667,0.000,-3.667,220,220,1154,600,600,50,0
5207,39,233,5,1,6,0,3,0,3.000,0.000,-3.000,220,220,1204,600,600,50,0
5208,39,234,6,1,0,6,7,0,4.333,0.000,-4.333,220,220,79,600,600,50,0
5209,39,234,6,1,0,6,7,1,4.333,0.000,-4.333,220,220,129,600,600,50,0
5210,39,234,6,1,0,7,6,4,4.333,0.000,-4.333,220,220,179,600,600,50,0
5211,39,234,6,1,0,8,7,6,5.000,0.000,-5.000,220,220,229,600,600,50,0
5212,39,234,6,1,0,8,8,9,5.333,0.000,-5.333,220,220,279,600,600,50,0
5213,39,234,6,1,0,9,8,12,5.667,0.000,-5.667,220,220,329,600,600,50,0
5214,39,234,6,1,0,9,8,16,5.667,0.000,-5.667,220,220,379,600,600,50,0
5215,39,234,6,1,6,10,9,19,8.333,6.000,-2.333,220,220,429,600,600,50,0
5216,39,234,6,1,9,10,9,21,9.333,9.000,-0.333,220,220,479,600,600,50,0
5217,39,234,6,1,16,10,9,23,11.667,16.000,4.333,220,220,529,575,575,50,1
5218,39,234,6,1,24,11,10,26,15.000,24.000,9.000,220,220,579,575,575,50,0
5219,39,234,6,1,31,11,10,29,17.333,31.000,13.667,220,220,629,575,575,50,0
5220,39,234,6,1,38,12,11,31,20.333,38.000,17.667,220,220,679,575,575,50,0
5221,39,234,6,1,45,12,11,34,22.667,45.000,22.333,220,220,729,575,575,50,0
5222,39,234,6,1,52,12,11,37,25.000,52.000,27.000,220,220,779,575,575,50,0
5223,39,234,6,1,60,13,12,40,28.333,60.000,31.667,220,220,829,575,575,50,0
5224,39,234,6,1,66,14,12,41,30.667,66.000,35.333,220,220,879,575,575,50,0
5225,39,234,6,1,73,14,13,44,33.333,73.000,39.667,220,220,929,575,575,50,0
5226,39,234,6,1,80,14,12,47,35.333,80.000,44.667,220,220,979,575,575,50,0
5227,39,234,6,1,87,15,13,49,38.333,87.000,48.667,220,220,1029,575,575,50,0
5228,39,234,6,1,94,15,13,52,40.667,94.000,53.333,220,220,1079,575,575,50,0
5229,40,235,1,1,15,10,76,45,33.667,76.000,42.333,220,220,54,575,575,50,0
5230,40,235,1,1,18,13,71,45,34.000,71.000,37.000,220,220,104,575,575,50,0
5231,40,235,1,1,17,13,63,43,31.000,63.000,32.000,220,220,154,575,575,50,0
5232,40,235,1,1,16,13,56,39,28.333,56.000,27.667,220,220,204,575,575,50,0
5233,40,235,1,1,15,13,47,36,25.000,47.000,22.000,220,220,254,575,575,50,0
5234,40,235,1,1,18,12,40,34,23.333,40.000,16.667,220,220,304,575,575,50,0
5235,40,235,1,1,14,12,34,31,20.000,34.000,14.000,220,220,354,575,575,50,0
5236,40,235,1,1,14,11,27,29,17.333,27.000,9.667,220,220,404,575,575,50,0
5237,40,235,1,1,13,10,20,26,14.333,20.000,5.667,220,220,454,575,575,50,0
5238,40,235,1,1,13,10,13,23,12.000,13.000,1.000,220,220,504,575,575,50,0
5239,40,235,1,1,13,10,6,21,9.667,6.000,-3.667,220,220,554,575,575,50,1
5240,40,235,1,1,12,10,0,18,7.333,0.000,-7.333,220,220,604,575,575,50,0
5241,40,235,1,1,12,9,0,15,7.000,0.000,-7.000,220,220,654,575,575,50,0
5242,40,235,1,1,11,9,0,13,6.667,0.000,-6.667,220,220,704,575,575,50,0
5243,40,235,1,1,10,9,0,11,6.333,0.000,-6.333,220,220,754,575,575,50,0
5244,40,235,1,1,10,8,0,7,6.000,0.000,-6.000,220,220,804,575,575,50,0
5245,40,235,1,1,10,7,0,4,5.667,0.000,-5.667,220,220,854,575,575,50,0
5246,40,235,1,1,10,7,0,2,5.667,0.000,-5.667,220,220,904,575,575,50,0
5247,40,235,1,1,9,7,0,0,5.333,0.000,-5.333,220,220,954,575,575,50,0
5248,40,235,1,1,8,6,0,0,4.667,0.000,-4.667,220,220,1004,575,575,50,0
5249,40,235,1,1,8,6,0,0,4.667,0.000,-4.667,220,220,1054,575,575,50,0
5250,40,235,1,1,7,5,0,0,4.000,0.000,-4.000,220,220,1104,575,575,50,0
5251,40,236,2,1,14,0,5,0,6.333,0.000,-6.333,220,220,54,575,575,50,0
5252,40,236,2,1,10,0,4,0,4.667,0.000,-4.667,220,220,104,575,575,50,0
5253,40,236,2,1,13,0,5,1,6.000,0.000,-6.000,220,220,154,575,575,50,0
5254,40,236,2,1,10,0,6,3,5.333,0.000,-5.333,220,220,204,575,575,50,0
5255,40,236,2,1,10,0,7,6,5.667,0.000,-5.667,220,220,254,575,575,50,0
5256,40,236,2,1,10,0,7,8,5.667,0.000,-5.667,220,220,304,575,575,50,0
5257,40,236,2,1,11,0,7,11,6.000,0.000,-6.000,220,220,354,575,575,50,0
5258,40,236,2,1,11,0,8,14,6.333,0.000,-6.333,220,220,404,575,575,50,0
5259,40,236,2,1,12,0,8,17,6.667,0.000,-6.667,220,220,454,575,575,50,0
5260,40,236,2,1,12,3,9,19,8.000,3.000,-5.000,220,220,504,575,575,50,0
5261,40,236,2,1,13,10,9,22,10.667,10.000,-0.667,220,220,554,575,575,50,0
5262,40,236,2,1,13,17,9,24,13.000,17.000,4.000,220,220,604,600,600,50,1
5263,40,236,2,1,14,23,9,27,15.333,23.000,7.667,220,220,654,600,600,50,0
5264,40,236,2,1,14,30,10,29,18.000,30.000,12.000,220,220,704,600,600,50,0
5265,40,236,2,1,15,37,11,32,21.000,37.000,16.000,220,220,754,600,600,50,0
5266,40,236,2,1,15,45,11,34,23.667,45.000,21.333,220,220,804,600,600,50,0
5267,40,236,2,1,15,52,11,37,26.000,52.000,26.000,220,220,854,600,600,50,0
5268,40,236,2,1,16,59,12,40,29.000,59.000,30.000,220,220,904,600,600,50,0
5269,40,236,2,1,16,67,12,43,31.667,67.000,35.333,220,220,954,600,600,50,0
5270,40,236,2,1,16,74,13,46,34.333,74.000,39.667,220,220,1004,600,600,50,0
5271,40,236,2,1,16,81,13,48,36.667,81.000,44.333,220,220,1054,600,600,50,0
5272,40,236,2,1,17,89,13,51,39.667,89.000,49.333,220,220,1104,600,600,50,0
5273,40,236,2,1,20,97,14,54,43.667,97.000,53.333,220,220,1154,600,600,50,0
5274,40,236,2,1,17,104,14,56,45.000,104.000,59.000,220,220,1204,600,600,50,0
5275,40,237,3,1,78,16,12,46,35.333,78.000,42.667,220,220,80,600,600,50,0
5276,40,237,3,1,70,14,12,43,32.000,70.000,38.000,220,220,130,600,600,50,0
5277,40,237,3,1,62,13,11,40,28.667,62.000,33.333,220,220,180,600,600,50,0
5278,40,237,3,1,54,13,11,37,26.000,54.000,28.000,220,220,230,600,600,50,0
5279,40,237,3,1,47,12,11,34,23.333,47.000,23.667,220,220,280,600,600,50,0
5280,40,237,3,1,39,12,10,31,20.333,39.000,18.667,220,220,330,600,600,50,0
5281,40,237,3,1,32,12,10,29,18.000,32.000,14.000,220,220,380,600,600,50,0
5282,40,237,3,1,24,11,10,26,15.000,24.000,9.000,220,220,430,600,600,50,0
5283,40,237,3,1,17,11,9,23,12.333,17.000,4.667,220,220,480,600,600,50,0
5284,40,237,3,1,10,11,9,21,10.000,10.000,0.000,220,220,530,600,600,50,1
5285,40,237,3,1,3,10,9,18,7.333,3.000,-4.333,220,220,580,600,600,50,0
5286,40,237,3,1,0,10,8,16,6.000,0.000,-6.000,220,220,630,600,600,50,0
5287,40,237,3,1,0,10,8,12,6.000,0.000,-6.000,220,220,680,600,600,50,0
5288,40,237,3,1,0,9,7,10,5.333,0.000,-5.333,220,220,730,600,600,50,0
5289,40,237,3,1,0,8,6,7,4.667,0.000,-4.667,220,220,780,600,600,50,0
5290,40,237,3,1,0,8,6,4,4.667,0.000,-4.667,220,220,830,600,600,50,0
5291,40,237,3,1,0,7,6,1,4.333,0.000,-4.333,220,220,880,600,600,50,0
5292,40,237,3,1,0,6,5,0,3.667,0.000,-3.667,220,220,930,600,600,50,0
5293,40,237,3,1,0,6,5,0,3.667,0.000,-3.667,220,220,980,600,600,50,0
5294,40,237,3,1,0,5,5,0,3.333,0.000,-3.333,220,220,1030,600,600,50,0
5295,40,237,3,1,0,5,4,0,3.000,0.000,-3.000,220,220,1080,600,600,50,0
5296,40,237,3,1,0,5,4,0,3.000,0.000,-3.000,220,220,1130,600,600,50,0
5297,40,237,3,1,0,4,3,0,2.333,0.000,-2.333,220,220,1180,600,600,50,0
5298,40,238,4,1,8,8,0,1,5.333,0.000,-5.333,220,220,80,600,600,50,0
5299,40,238,4,1,9,7,0,4,5.333,0.000,-5.333,220,220,130,600,600,50,0
5300,40,238,4,1,10,8,0,6,6.000,0.000,-6.000,220,220,180,600,600,50,0
5301,40,238,4,1,10,8,0,9,6.000,0.000,-6.000,220,220,230,600,600,50,0
5302,40,238,4,1,10,9,0,11,6.333,0.000,-6.333,220,220,280,600,600,50,0
5303,40,238,4,1,11,9,0,14,6.667,0.000,-6.667,220,220,330,600,600,50,0
5304,40,238,4,1,11,9,0,17,6.667,0.000,-6.667,220,220,380,600,600,50,0
5305,40,238,4,1,12,10,4,20,8.667,4.000,-4.667,220,220,430,600,600,50,0
5306,40,238,4,1,12,10,10,22,10.667,10.000,-0.667,220,220,480,600,600,50,0
5307,40,238,4,1,12,10,17,25,13.000,17.000,4.000,220,220,530,575,575,50,1
5308,40,238,4,1,13,11,24,27,16.000,24.000,8.000,220,220,580,575,575,50,0
5309,40,238,4,1,13,11,30,29,18.000,30.000,12.000,220,220,630,575,575,50,0
5310,40,238,4,1,13,12,37,32,20.667,37.000,16.333,220,220,680,575,575,50,0
5311,40,238,4,1,17,12,44,35,24.333,44.000,19.667,220,220,730,575,575,50,0
5312,40,238,4,1,15,12,51,38,26.000,51.000,25.000,220,220,780,575,575,50,0
5313,40,238,4,1,15,13,59,40,29.000,59.000,30.000,220,220,830,575,575,50,0
5314,40,238,4,1,16,14,66,43,32.000,66.000,34.000,220,220,880,575,575,50,0
5315,40,238,4,1,16,14,73,46,34.333,73.000,38.667,220,220,930,575,575,50,0
5316,40,238,4,1,16,14,80,48,36.667,80.000,43.333,220,220,980,575,575,50,0
5317,40,238,4,1,17,14,88,51,39.667,88.000,48.333,220,220,1030,575,575,50,0
5318,40,238,4,1,17,15,95,53,42.333,95.000,52.667,220,220,1080,575,575,50,0
5319,40,239,5,1,12,75,13,44,33.333,75.000,41.667,220,220,54,575,575,50,0
5320,40,239,5,1,15,71,14,45,33.333,71.000,37.667,220,220,104,575,575,50,0
5321,40,239,5,1,15,63,13,42,30.333,63.000,32.667,220,220,154,575,575,50,0
5322,40,239,5,1,15,55,12,39,27.333,55.000,27.667,220,220,204,575,575,50,0
5323,40,239,5,1,14,47,11,35,24.000,47.000,23.000,220,220,254,575,575,50,0
5324,40,239,5,1,14,40,11,33,21.667,40.000,18.333,220,220,304,575,575,50,0
5325,40,239,5,1,13,33,10,30,18.667,33.000,14.333,220,220,354,575,575,50,0
5326,40,239,5,1,14,25,10,28,16.333,25.000,8.667,220,220,404,575,575,50,0
5327,40,239,5,1,12,18,10,25,13.333,18.000,4.667,220,220,454,575,575,50,0
5328,40,239,5,1,12,12,9,22,11.000,12.000,1.000,220,220,504,575,575,50,0
5329,40,239,5,1,12,5,9,20,8.667,5.000,-3.667,220,220,554,575,575,50,1
5330,40,239,5,1,14,0,8,18,7.333,0.000,-7.333,220,220,604,575,575,50,0
5331,40,239,5,1,11,0,8,14,6.333,0.000,-6.333,220,220,654,575,575,50,0
5332,40,239,5,1,11,0,7,12,6.000,0.000,-6.000,220,220,704,575,575,50,0
5333,40,239,5,1,10,0,8,9,6.000,0.000,-6.000,220,220,754,575,575,50,0
5334,40,239,5,1,10,0,7,6,5.667,0.000,-5.667,220,220,804,575,575,50,0
5335,40,239,5,1,9,0,7,4,5.333,0.000,-5.333,220,220,854,575,575,50,0
5336,40,239,5,1,9,0,6,0,5.000,0.000,-5.000,220,220,904,575,575,50,0
5337,40,239,5,1,9,0,5,0,4.667,0.000,-4.667,220,220,954,575,575,50,0
5338,40,239,5,1,8,0,5,0,4.333,0.000,-4.333,220,220,1004,575,575,50,0
5339,40,239,5,1,7,0,4,0,3.667,0.000,-3.667,220,220,1054,575,575,50,0
5340,40,239,5,1,7,0,4,0,3.667,0.000,-3.667,220,220,1104,575,575,50,0
5341,40,240,6,1,0,7,8,0,5.000,0.000,-5.000,220,220,54,575,575,50,0
5342,40,240,6,1,0,6,6,0,4.000,0.000,-4.000,220,220,104,575,575,50,0
5343,40,240,6,1,0,6,6,1,4.000,0.000,-4.000,220,220,154,575,575,50,0
5344,40,240,6,1,0,7,7,4,4.667,0.000,-4.667,220,220,204,575,575,50,0
5345,40,240,6,1,0,8,7,6,5.000,0.000,-5.000,220,220,254,575,575,50,0
5346,40,240,6,1,0,8,7,9,5.000,0.000,-5.000,220,220,304,575,575,50,0
5347,40,240,6,1,0,8,8,12,5.333,0.000,-5.333,220,220,354,575,575,50,0
5348,40,240,6,1,0,9,8,15,5.667,0.000,-5.667,220,220,404,575,575,50,0
5349,40,240,6,1,3,9,9,18,7.000,3.000,-4.000,220,220,454,575,575,50,0
5350,40,240,6,1,8,10,9,20,9.000,8.000,-1.000,220,220,504,575,575,50,0
5351,40,240,6,1,14,10,9,22,11.000,14.000,3.000,220,220,554,575,575,50,1
5352,40,240,6,1,21,11,9,25,13.667,21.000,7.333,220,220,604,575,575,50,0
5353,40,240,6,1,28,11,10,28,16.333,28.000,11.667,220,220,654,575,575,50,0
5354,40,240,6,1,35,11,10,30,18.667,35.000,16.333,220,220,704,575,575,50,0
5355,40,240,6,1,42,12,11,33,21.667,42.000,20.333,220,220,754,575,575,50,0
5356,40,240,6,1,49,12,11,36,24.000,49.000,25.000,220,220,804,575,575,50,0
5357,40,240,6,1,57,13,11,38,27.000,57.000,30.000,220,220,854,575,575,50,0
5358,40,240,6,1,64,13,12,41,29.667,64.000,34.333,220,220,904,575,575,50,0
5359,40,240,6,1,71,14,12,44,32.333,71.000,38.667,220,220,954,575,575,50,0
5360,40,240,6,1,78,14,13,46,35.000,78.000,43.000,220,220,1004,575,575,50,0
5361,40,240,6,1,86,15,13,49,38.000,86.000,48.000,220,220,1054,575,575,50,0
5362,40,240,6,1,92,15,13,51,40.000,92.000,52.000,220,220,1104,575,575,50,0
5363,41,241,1,1,15,12,83,47,36.667,83.000,46.333,220,220,54,575,575,50,0
5364,41,241,1,1,18,13,77,48,36.000,77.000,41.000,220,220,104,575,575,50,0
5365,41,241,1,1,17,14,69,45,33.333,69.000,35.667,220,220,154,575,575,50,0
5366,41,241,1,1,16,13,60,41,29.667,60.000,30.333,220,220,204,575,575,50,0
5367,41,241,1,1,16,12,53,38,27.000,53.000,26.000,220,220,254,575,575,50,0
5368,41,241,1,1,18,13,45,36,25.333,45.000,19.667,220,220,304,575,575,50,0
5369,41,241,1,1,15,12,38,33,21.667,38.000,16.333,220,220,354,575,575,50,0
5370,41,241,1,1,14,12,31,30,19.000,31.000,12.000,220,220,404,575,575,50,0
5371,41,241,1,1,14,11,23,27,16.000,23.000,7.000,220,220,454,575,575,50,0
5372,41,241,1,1,13,11,16,24,13.333,16.000,2.667,220,220,504,575,575,50,0
5373,41,241,1,1,13,10,9,22,10.667,9.000,-1.667,220,220,554,575,575,50,1
5374,41,241,1,1,13,9,2,20,8.000,2.000,-6.000,220,220,604,575,575,50,0
5375,41,241,1,1,12,9,0,16,7.000,0.000,-7.000,220,220,654,575,575,50,0
5376,41,241,1,1,11,9,0,14,6.667,0.000,-6.667,220,220,704,575,575,50,0
5377,41,241,1,1,11,8,0,11,6.333,0.000,-6.333,220,220,754,575,575,50,0
5378,41,241,1,1,10,8,0,8,6.000,0.000,-6.000,220,220,804,575,575,50,0
5379,41,241,1,1,10,8,0,6,6.000,0.000,-6.000,220,220,854,575,575,50,0
5380,41,241,1,1,10,7,0,3,5.667,0.000,-5.667,220,220,904,575,575,50,0
5381,41,241,1,1,9,7,0,0,5.333,0.000,-5.333,220,220,954,575,575,50,0
5382,41,241,1,1,9,7,0,0,5.333,0.000,-5.333,220,220,1004,575,575,50,0
5383,41,241,1,1,8,6,0,0,4.667,0.000,-4.667,220,220,1054,575,575,50,0
5384,41,241,1,1,7,6,0,0,4.333,0.000,-4.333,220,220,1104,575,575,50,0
5385,41,242,2,1,13,0,5,0,6.000,0.000,-6.000,220,220,54,575,575,50,0
5386,41,242,2,1,9,0,4,0,4.333,0.000,-4.333,220,220,104,575,575,50,0
5387,41,242,2,1,8,0,5,0,4.333,0.000,-4.333,220,220,154,575,575,50,0
5388,41,242,2,1,12,0,6,2,6.000,0.000,-6.000,220,220,204,575,575,50,0
5389,41,242,2,1,10,0,6,4,5.333,0.000,-5.333,220,220,254,575,575,50,0
5390,41,242,2,1,10,0,7,6,5.667,0.000,-5.667,220,220,304,575,575,50,0
5391,41,242,2,1,10,0,7,10,5.667,0.000,-5.667,220,220,354,575,575,50,0
5392,41,242,2,1,11,0,7,12,6.000,0.000,-6.000,220,220,404,575,575,50,0
5393,41,242,2,1,11,0,8,15,6.333,0.000,-6.333,220,220,454,575,575,50,0
5394,41,242,2,1,12,0,8,18,6.667,0.000,-6.667,220,220,504,575,575,50,0
5395,41,242,2,1,12,5,8,20,8.333,5.000,-3.333,220,220,554,575,575,50,0
5396,41,242,2,1,13,13,9,23,11.667,13.000,1.333,220,220,604,600,600,50,1
5397,41,242,2,1,13,20,9,25,14.000,20.000,6.000,220,220,654,600,600,50,0
5398,41,242,2,1,14,26,10,27,16.667,26.000,9.333,220,220,704,600,600,50,0
5399,41,242,2,1,14,33,10,30,19.000,33.000,14.000,220,220,754,600,600,50,0
5400,41,242,2,1,14,41,11,33,22.000,41.000,19.000,220,220,804,600,600,50,0
5401,41,242,2,1,15,48,11,36,24.667,48.000,23.333,220,220,854,600,600,50,0
5402,41,242,2,1,15,56,11,39,27.333,56.000,28.667,220,220,904,600,600,50,0
5403,41,242,2,1,16,64,12,41,30.667,64.000,33.333,220,220,954,600,600,50,0
5404,41,242,2,1,16,71,13,44,33.333,71.000,37.667,220,220,1004,600,600,50,0
5405,41,242,2,1,16,79,13,47,36.000,79.000,43.000,220,220,1054,600,600,50,0
5406,41,242,2,1,17,87,14,50,39.333,87.000,47.667,220,220,1104,600,600,50,0
5407,41,242,2,1,20,96,14,53,43.333,96.000,52.667,220,220,1154,600,600,50,0
5408,41,242,2,1,17,103,14,56,44.667,103.000,58.333,220,220,1204,600,600,50,0
5409,41,243,3,1,78,15,12,46,35.000,78.000,43.000,220,220,80,600,600,50,0
5410,41,243,3,1,70,15,12,43,32.333,70.000,37.667,220,220,130,600,600,50,0
5411,41,243,3,1,62,14,12,40,29.333,62.000,32.667,220,220,180,600,600,50,0
5412,41,243,3,1,54,13,11,37,26.000,54.000,28.000,220,220,230,600,600,50,0
5413,41,243,3,1,46,12,10,34,22.667,46.000,23.333,220,220,280,600,600,50,0
5414,41,243,3,1,39,12,10,31,20.333,39.000,18.667,220,220,330,600,600,50,0
5415,41,243,3,1,31,12,10,29,17.667,31.000,13.333,220,220,380,600,600,50,0
5416,41,243,3,1,24,11,10,26,15.000,24.000,9.000,220,220,430,600,600,50,0
5417,41,243,3,1,17,11,9,24,12.333,17.000,4.667,220,220,480,600,600,50,0
5418,41,243,3,1,11,10,9,21,10.000,11.000,1.000,220,220,530,600,600,50,0
5419,41,243,3,1,4,10,8,18,7.333,4.000,-3.333,220,220,580,600,600,50,1
5420,41,243,3,1,0,10,8,16,6.000,0.000,-6.000,220,220,630,600,600,50,0
5421,41,243,3,1,0,9,8,13,5.667,0.000,-5.667,220,220,680,600,600,50,0
5422,41,243,3,1,0,9,7,10,5.333,0.000,-5.333,220,220,730,600,600,50,0
5423,41,243,3,1,0,8,6,7,4.667,0.000,-4.667,220,220,780,600,600,50,0
5424,41,243,3,1,0,8,7,4,5.000,0.000,-5.000,220,220,830,600,600,50,0
5425,41,243,3,1,0,7,6,2,4.333,0.000,-4.333,220,220,880,600,600,50,0
5426,41,243,3,1,0,7,5,0,4.000,0.000,-4.000,220,220,930,600,600,50,0
5427,41,243,3,1,0,6,5,0,3.667,0.000,-3.667,220,220,980,600,600,50,0
5428,41,243,3,1,0,6,4,0,3.333,0.000,-3.333,220,220,1030,600,600,50,0
5429,41,243,3,1,0,6,4,0,3.333,0.000,-3.333,220,220,1080,600,600,50,0
5430,41,243,3,1,0,5,4,0,3.000,0.000,-3.000,220,220,1130,600,600,50,0
5431,41,243,3,1,0,4,4,0,2.667,0.000,-2.667,220,220,1180,600,600,50,0
5432,41,244,4,1,8,8,0,0,5.333,0.000,-5.333,220,220,80,600,600,50,0
5433,41,244,4,1,8,8,0,1,5.333,0.000,-5.333,220,220,130,600,600,50,0
5434,41,244,4,1,9,8,0,4,5.667,0.000,-5.667,220,220,180,600,600,50,0
5435,41,244,4,1,10,8,0,7,6.000,0.000,-6.000,220,220,230,600,600,50,0
5436,41,244,4,1,10,9,0,10,6.333,0.000,-6.333,220,220,280,600,600,50,0
5437,41,244,4,1,11,9,0,13,6.667,0.000,-6.667,220,220,330,600,600,50,0
5438,41,244,4,1,11,9,0,16,6.667,0.000,-6.667,220,220,380,600,600,50,0
5439,41,244,4,1,11,10,0,18,7.000,0.000,-7.000,220,220,430,600,600,50,0
5440,41,244,4,1,12,10,6,21,9.333,6.000,-3.333,220,220,480,600,600,50,0
5441,41,244,4,1,12,11,13,23,12.000,13.000,1.000,220,220,530,575,575,50,1
5442,41,244,4,1,13,11,20,26,14.667,20.000,5.333,220,220,580,575,575,50,0
5443,41,244,4,1,13,11,27,28,17.000,27.000,10.000,220,220,630,575,575,50,0
5444,41,244,4,1,14,12,34,31,20.000,34.000,14.000,220,220,680,575,575,50,0
5445,41,244,4,1,17,12,41,34,23.333,41.000,17.667,220,220,730,575,575,50,0
5446,41,244,4,1,15,13,49,37,25.667,49.000,23.333,220,220,780,575,575,50,0
5447,41,244,4,1,15,13,56,39,28.000,56.000,28.000,220,220,830,575,575,50,0
5448,41,244,4,1,15,13,64,42,30.667,64.000,33.333,220,220,880,575,575,50,0
5449,41,244,4,1,16,14,71,45,33.667,71.000,37.333,220,220,930,575,575,50,0
5450,41,244,4,1,16,14,78,48,36.000,78.000,42.000,220,220,980,575,575,50,0
5451,41,244,4,1,16,14,86,50,38.667,86.000,47.333,220,220,1030,575,575,50,0
5452,41,244,4,1,17,15,93,53,41.667,93.000,51.333,220,220,1080,575,575,50,0
5453,41,245,5,1,12,80,13,45,35.000,80.000,45.000,220,220,54,575,575,50,0
5454,41,245,5,1,16,75,14,46,35.000,75.000,40.000,220,220,104,575,575,50,0
5455,41,245,5,1,16,67,13,43,32.000,67.000,35.000,220,220,154,575,575,50,0
5456,41,245,5,1,15,59,12,40,28.667,59.000,30.333,220,220,204,575,575,50,0
5457,41,245,5,1,14,51,12,37,25.667,51.000,25.333,220,220,254,575,575,50,0
5458,41,245,5,1,14,43,11,34,22.667,43.000,20.333,220,220,304,575,575,50,0
5459,41,245,5,1,14,37,11,31,20.667,37.000,16.333,220,220,354,575,575,50,0
5460,41,245,5,1,14,29,10,29,17.667,29.000,11.333,220,220,404,575,575,50,0
5461,41,245,5,1,13,22,10,26,15.000,22.000,7.000,220,220,454,575,575,50,0
5462,41,245,5,1,13,15,9,24,12.333,15.000,2.667,220,220,504,575,575,50,0
5463,41,245,5,1,12,9,9,22,10.000,9.000,-1.000,220,220,554,575,575,50,1
5464,41,245,5,1,12,2,9,19,7.667,2.000,-5.667,220,220,604,575,575,50,0
5465,41,245,5,1,14,0,8,17,7.333,0.000,-7.333,220,220,654,575,575,50,0
5466,41,245,5,1,11,0,8,13,6.333,0.000,-6.333,220,220,704,575,575,50,0
5467,41,245,5,1,10,0,7,11,5.667,0.000,-5.667,220,220,754,575,575,50,0
5468,41,245,5,1,10,0,7,8,5.667,0.000,-5.667,220,220,804,575,575,50,0
5469,41,245,5,1,9,0,7,5,5.333,0.000,-5.333,220,220,854,575,575,50,0
5470,41,245,5,1,10,0,6,3,5.333,0.000,-5.333,220,220,904,575,575,50,0
5471,41,245,5,1,9,0,6,0,5.000,0.000,-5.000,220,220,954,575,575,50,0
5472,41,245,5,1,8,0,5,0,4.333,0.000,-4.333,220,220,1004,575,575,50,0
5473,41,245,5,1,8,0,4,0,4.000,0.000,-4.000,220,220,1054,575,575,50,0
5474,41,245,5,1,8,0,4,0,4.000,0.000,-4.000,220,220,1104,575,575,50,0
5475,41,246,6,1,0,7,8,0,5.000,0.000,-5.000,220,220,54,575,575,50,0
5476,41,246,6,1,0,5,6,0,3.667,0.000,-3.667,220,220,104,575,575,50,0
5477,41,246,6,1,0,6,6,0,4.000,0.000,-4.000,220,220,154,575,575,50,0
5478,41,246,6,1,0,7,6,3,4.333,0.000,-4.333,220,220,204,575,575,50,0
5479,41,246,6,1,0,8,7,5,5.000,0.000,-5.000,220,220,254,575,575,50,0
5480,41,246,6,1,0,8,7,8,5.000,0.000,-5.000,220,220,304,575,575,50,0
5481,41,246,6,1,0,9,7,11,5.333,0.000,-5.333,220,220,354,575,575,50,0
5482,41,246,6,1,0,9,8,14,5.667,0.000,-5.667,220,220,404,575,575,50,0
5483,41,246,6,1,2,9,8,18,6.333,2.000,-4.333,220,220,454,575,575,50,0
5484,41,246,6,1,6,10,9,19,8.333,6.000,-2.333,220,220,504,575,575,50,0
5485,41,246,6,1,13,10,9,22,10.667,13.000,2.333,220,220,554,575,575,50,1
5486,41,246,6,1,20,10,9,25,13.000,20.000,7.000,220,220,604,575,575,50,0
5487,41,246,6,1,27,11,10,28,16.000,27.000,11.000,220,220,654,575,575,50,0
5488,41,246,6,1,34,11,10,30,18.333,34.000,15.667,220,220,704,575,575,50,0
5489,41,246,6,1,42,11,11,33,21.333,42.000,20.667,220,220,754,575,575,50,0
5490,41,246,6,1,49,12,11,36,24.000,49.000,25.000,220,220,804,575,575,50,0
5491,41,246,6,1,57,13,11,38,27.000,57.000,30.000,220,220,854,575,575,50,0
5492,41,246,6,1,64,13,12,41,29.667,64.000,34.333,220,220,904,575,575,50,0
5493,41,246,6,1,71,14,12,44,32.333,71.000,38.667,220,220,954,575,575,50,0
5494,41,246,6,1,78,14,13,46,35.000,78.000,43.000,220,220,1004,575,575,50,0
5495,41,246,6,1,85,14,13,49,37.333,85.000,47.667,220,220,1054,575,575,50,0
5496,41,246,6,1,92,15,13,51,40.000,92.000,52.000,220,220,1104,575,575,50,0
5497,42,247,1,1,16,11,82,47,36.333,82.000,45.667,220,220,54,575,575,50,0
5498,42,247,1,1,18,13,77,48,36.000,77.000,41.000,220,220,104,575,575,50,0
5499,42,247,1,1,17,14,69,45,33.333,69.000,35.667,220,220,154,575,575,50,0
5500,42,247,1,1,16,13,61,41,30.000,61.000,31.000,220,220,204,575,575,50,0
5501,42,247,1,1,15,13,53,38,27.000,53.000,26.000,220,220,254,575,575,50,0
5502,42,247,1,1,18,12,46,36,25.333,46.000,20.667,220,220,304,575,575,50,0
5503,42,247,1,1,14,12,39,33,21.667,39.000,17.333,220,220,354,575,575,50,0
5504,42,247,1,1,14,12,32,30,19.333,32.000,12.667,220,220,404,575,575,50,0
5505,42,247,1,1,14,11,25,28,16.667,25.000,8.333,220,220,454,575,575,50,0
5506,42,247,1,1,13,11,18,25,14.000,18.000,4.000,220,220,504,575,575,50,0
5507,42,247,1,1,13,10,11,23,11.333,11.000,-0.333,220,220,554,575,575,50,1
5508,42,247,1,1,13,10,5,21,9.333,5.000,-4.333,220,220,604,600,600,50,0
5509,42,247,1,1,12,9,0,18,7.000,0.000,-7.000,220,220,654,600,600,50,0
5510,42,247,1,1,12,9,0,15,7.000,0.000,-7.000,220,220,704,600,600,50,0
5511,42,247,1,1,11,9,0,13,6.667,0.000,-6.667,220,220,754,600,600,50,0
5512,42,247,1,1,11,9,0,10,6.667,0.000,-6.667,220,220,804,600,600,50,0
5513,42,247,1,1,10,8,0,7,6.000,0.000,-6.000,220,220,854,600,600,50,0
5514,42,247,1,1,10,7,0,4,5.667,0.000,-5.667,220,220,904,600,600,50,0
5515,42,247,1,1,9,7,0,1,5.333,0.000,-5.333,220,220,954,600,600,50,0
5516,42,247,1,1,9,7,0,0,5.333,0.000,-5.333,220,220,1004,600,600,50,0
5517,42,247,1,1,8,6,0,0,4.667,0.000,-4.667,220,220,1054,600,600,50,0
5518,42,247,1,1,8,6,0,0,4.667,0.000,-4.667,220,220,1104,600,600,50,0
5519,42,247,1,1,7,5,0,0,4.000,0.000,-4.000,220,220,1154,600,600,50,0
5520,42,247,1,1,7,5,0,0,4.000,0.000,-4.000,220,220,1204,600,600,50,0
5521,42,248,2,1,8,0,4,0,4.000,0.000,-4.000,220,220,79,600,600,50,0
5522,42,248,2,1,13,0,5,0,6.000,0.000,-6.000,220,220,129,600,600,50,0
5523,42,248,2,1,9,0,6,2,5.000,0.000,-5.000,220,220,179,600,600,50,0
5524,42,248,2,1,10,0,6,4,5.333,0.000,-5.333,220,220,229,600,600,50,0
5525,42,248,2,1,10,0,7,8,5.667,0.000,-5.667,220,220,279,600,600,50,0
5526,42,248,2,1,11,0,7,10,6.000,0.000,-6.000,220,220,329,600,600,50,0
5527,42,248,2,1,11,0,7,13,6.000,0.000,-6.000,220,220,379,600,600,50,0
5528,42,248,2,1,11,0,8,16,6.333,0.000,-6.333,220,220,429,600,600,50,0
5529,42,248,2,1,12,3,8,19,7.667,3.000,-4.667,220,220,479,600,600,50,0
5530,42,248,2,1,12,10,8,21,10.000,10.000,0.000,220,220,529,600,600,50,1
5531,42,248,2,1,13,17,9,24,13.000,17.000,4.000,220,220,579,600,600,50,0
5532,42,248,2,1,13,24,10,27,15.667,24.000,8.333,220,220,629,600,600,50,0
5533,42,248,2,1,14,31,10,29,18.333,31.000,12.667,220,220,679,600,600,50,0
5534,42,248,2,1,14,38,10,32,20.667,38.000,17.333,220,220,729,600,600,50,0
5535,42,248,2,1,15,45,11,35,23.667,45.000,21.333,220,220,779,600,600,50,0
5536,42,248,2,1,15,52,11,37,26.000,52.000,26.000,220,220,829,600,600,50,0
5537,42,248,2,1,15,60,12,40,29.000,60.000,31.000,220,220,879,600,600,50,0
5538,42,248,2,1,16,67,12,43,31.667,67.000,35.333,220,220,929,600,600,50,0
5539,42,248,2,1,16,75,12,46,34.333,75.000,40.667,220,220,979,600,600,50,0
5540,42,248,2,1,16,82,13,48,37.000,82.000,45.000,220,220,1029,600,600,50,0
5541,42,248,2,1,20,89,14,51,41.000,89.000,48.000,220,220,1079,600,600,50,0
5542,42,248,2,1,17,96,14,53,42.333,96.000,53.667,220,220,1129,600,600,50,0
5543,42,248,2,1,17,105,14,56,45.333,105.000,59.667,220,220,1179,600,600,50,0
5544,42,249,3,1,74,15,12,45,33.667,74.000,40.333,220,220,80,600,600,50,0
5545,42,249,3,1,66,14,12,42,30.667,66.000,35.333,220,220,130,600,600,50,0
5546,42,249,3,1,58,13,11,39,27.333,58.000,30.667,220,220,180,600,600,50,0
5547,42,249,3,1,50,13,11,36,24.667,50.000,25.333,220,220,230,600,600,50,0
5548,42,249,3,1,43,12,11,33,22.000,43.000,21.000,220,220,280,600,600,50,0
5549,42,249,3,1,36,12,10,30,19.333,36.000,16.667,220,220,330,600,600,50,0
5550,42,249,3,1,28,11,10,28,16.333,28.000,11.667,220,220,380,600,600,50,0
5551,42,249,3,1,21,11,9,25,13.667,21.000,7.333,220,220,430,600,600,50,0
5552,42,249,3,1,14,11,9,23,11.333,14.000,2.667,220,220,480,600,600,50,0
5553,42,249,3,1,8,10,9,20,9.000,8.000,-1.000,220,220,530,575,575,50,1
5554,42,249,3,1,0,9,8,17,5.667,0.000,-5.667,220,220,580,575,575,50,0
5555,42,249,3,1,0,9,8,14,5.667,0.000,-5.667,220,220,630,575,575,50,0
5556,42,249,3,1,0,9,8,12,5.667,0.000,-5.667,220,220,680,575,575,50,0
5557,42,249,3,1,0,9,7,9,5.333,0.000,-5.333,220,220,730,575,575,50,0
5558,42,249,3,1,0,8,7,6,5.000,0.000,-5.000,220,220,780,575,575,50,0
5559,42,249,3,1,0,8,7,3,5.000,0.000,-5.000,220,220,830,575,575,50,0
5560,42,249,3,1,0,7,6,0,4.333,0.000,-4.333,220,220,880,575,575,50,0
5561,42,249,3,1,0,7,5,0,4.000,0.000,-4.000,220,220,930,575,575,50,0
5562,42,249,3,1,0,6,5,0,3.667,0.000,-3.667,220,220,980,575,575,50,0
5563,42,249,3,1,0,5,5,0,3.333,0.000,-3.333,220,220,1030,575,575,50,0
5564,42,249,3,1,0,5,4,0,3.000,0.000,-3.000,220,220,1080,575,575,50,0
5565,42,250,4,1,11,10,0,0,7.000,0.000,-7.000,220,220,54,575,575,50,0
5566,42,250,4,1,8,8,0,0,5.333,0.000,-5.333,220,220,104,575,575,50,0
5567,42,250,4,1,9,8,0,2,5.667,0.000,-5.667,220,220,154,575,575,50,0
5568,42,250,4,1,9,8,0,4,5.667,0.000,-5.667,220,220,204,575,575,50,0
5569,42,250,4,1,10,8,0,7,6.000,0.000,-6.000,220,220,254,575,575,50,0
5570,42,250,4,1,10,8,0,10,6.000,0.000,-6.000,220,220,304,575,575,50,0
5571,42,250,4,1,11,9,0,13,6.667,0.000,-6.667,220,220,354,575,575,50,0
5572,42,250,4,1,11,9,0,16,6.667,0.000,-6.667,220,220,404,575,575,50,0
5573,42,250,4,1,11,10,0,18,7.000,0.000,-7.000,220,220,454,575,575,50,0
5574,42,250,4,1,12,10,6,20,9.333,6.000,-3.333,220,220,504,575,575,50,0
5575,42,250,4,1,12,11,13,23,12.000,13.000,1.000,220,220,554,575,575,50,1
5576,42,250,4,1,13,11,20,26,14.667,20.000,5.333,220,220,604,575,575,50,0
5577,42,250,4,1,13,11,27,28,17.000,27.000,10.000,220,220,654,575,575,50,0
5578,42,250,4,1,13,12,33,30,19.333,33.000,13.667,220,220,704,575,575,50,0
5579,42,250,4,1,17,12,40,34,23.000,40.000,17.000,220,220,754,575,575,50,0
5580,42,250,4,1,14,13,47,36,24.667,47.000,22.333,220,220,804,575,575,50,0
5581,42,250,4,1,14,13,55,39,27.333,55.000,27.667,220,220,854,575,575,50,0
5582,42,250,4,1,15,13,62,42,30.000,62.000,32.000,220,220,904,575,575,50,0
5583,42,250,4,1,16,14,69,44,33.000,69.000,36.000,220,220,954,575,575,50,0
5584,42,250,4,1,16,14,77,47,35.667,77.000,41.333,220,220,1004,575,575,50,0
5585,42,250,4,1,17,14,84,49,38.333,84.000,45.667,220,220,1054,575,575,50,0
5586,42,250,4,1,16,14,91,52,40.333,91.000,50.667,220,220,1104,575,575,50,0
5587,42,251,5,1,13,83,13,47,36.333,83.000,46.667,220,220,54,575,575,50,0
5588,42,251,5,1,16,78,14,47,36.000,78.000,42.000,220,220,104,575,575,50,0
5589,42,251,5,1,16,71,13,44,33.333,71.000,37.667,220,220,154,575,575,50,0
5590,42,251,5,1,16,63,13,41,30.667,63.000,32.333,220,220,204,575,575,50,0
5591,42,251,5,1,15,55,12,39,27.333,55.000,27.667,220,220,254,575,575,50,0
5592,42,251,5,1,14,48,11,36,24.333,48.000,23.667,220,220,304,575,575,50,0
5593,42,251,5,1,14,41,11,33,22.000,41.000,19.000,220,220,354,575,575,50,0
5594,42,251,5,1,14,34,10,30,19.333,34.000,14.667,220,220,404,575,575,50,0
5595,42,251,5,1,13,26,10,28,16.333,26.000,9.667,220,220,454,575,575,50,0
5596,42,251,5,1,13,19,9,25,13.667,19.000,5.333,220,220,504,575,575,50,0
5597,42,251,5,1,12,12,9,23,11.000,12.000,1.000,220,220,554,575,575,50,0
5598,42,251,5,1,12,6,9,20,9.000,6.000,-3.000,220,220,604,600,600,50,1
5599,42,251,5,1,15,0,9,18,8.000,0.000,-8.000,220,220,654,600,600,50,0
5600,42,251,5,1,11,0,8,15,6.333,0.000,-6.333,220,220,704,600,600,50,0
5601,42,251,5,1,11,0,8,12,6.333,0.000,-6.333,220,220,754,600,600,50,0
5602,42,251,5,1,10,0,7,9,5.667,0.000,-5.667,220,220,804,600,600,50,0
5603,42,251,5,1,10,0,7,6,5.667,0.000,-5.667,220,220,854,600,600,50,0
5604,42,251,5,1,9,0,7,3,5.333,0.000,-5.333,220,220,904,600,600,50,0
5605,42,251,5,1,9,0,6,1,5.000,0.000,-5.000,220,220,954,600,600,50,0
5606,42,251,5,1,9,0,5,0,4.667,0.000,-4.667,220,220,1004,600,600,50,0
5607,42,251,5,1,8,0,5,0,4.333,0.000,-4.333,220,220,1054,600,600,50,0
5608,42,251,5,1,7,0,4,0,3.667,0.000,-3.667,220,220,1104,600,600,50,0
5609,42,251,5,1,7,0,3,0,3.333,0.000,-3.333,220,220,1154,600,600,50,0
5610,42,251,5,1,6,0,3,0,3.000,0.000,-3.000,220,220,1204,600,600,50,0
5611,42,252,6,1,0,5,7,0,4.000,0.000,-4.000,220,220,79,600,600,50,0
5612,42,252,6,1,0,7,7,1,4.667,0.000,-4.667,220,220,129,600,600,50,0
5613,42,252,6,1,0,8,7,4,5.000,0.000,-5.000,220,220,179,600,600,50,0
5614,42,252,6,1,0,7,7,7,4.667,0.000,-4.667,220,220,229,600,600,50,0
5615,42,252,6,1,0,8,7,10,5.000,0.000,-5.000,220,220,279,600,600,50,0
5616,42,252,6,1,0,9,8,12,5.667,0.000,-5.667,220,220,329,600,600,50,0
5617,42,252,6,1,0,9,8,16,5.667,0.000,-5.667,220,220,379,600,600,50,0
5618,42,252,6,1,2,9,8,18,6.333,2.000,-4.333,220,220,429,600,600,50,0
5619,42,252,6,1,9,9,9,21,9.000,9.000,0.000,220,220,479,600,600,50,1
5620,42,252,6,1,16,10,9,23,11.667,16.000,4.333,220,220,529,575,575,50,0
5621,42,252,6,1,22,11,10,25,14.333,22.000,7.667,220,220,579,575,575,50,0
5622,42,252,6,1,30,11,10,28,17.000,30.000,13.000,220,220,629,575,575,50,0
5623,42,252,6,1,36,11,11,31,19.333,36.000,16.667,220,220,679,575,575,50,0
5624,42,252,6,1,44,12,11,33,22.333,44.000,21.667,220,220,729,575,575,50,0
5625,42,252,6,1,50,12,11,36,24.333,50.000,25.667,220,220,779,575,575,50,0
5626,42,252,6,1,58,13,11,38,27.333,58.000,30.667,220,220,829,575,575,50,0
5627,42,252,6,1,64,13,12,41,29.667,64.000,34.333,220,220,879,575,575,50,0
5628,42,252,6,1,72,14,12,44,32.667,72.000,39.333,220,220,929,575,575,50,0
5629,42,252,6,1,79,14,12,46,35.000,79.000,44.000,220,220,979,575,575,50,0
5630,42,252,6,1,87,14,13,49,38.000,87.000,49.000,220,220,1029,575,575,50,0
5631,42,252,6,1,94,14,13,52,40.333,94.000,53.667,220,220,1079,575,575,50,0
5632,43,253,1,1,15,10,77,45,34.000,77.000,43.000,220,220,54,575,575,50,0
5633,43,253,1,1,17,13,71,46,33.667,71.000,37.333,220,220,104,575,575,50,0
5634,43,253,1,1,16,13,63,42,30.667,63.000,32.333,220,220,154,575,575,50,0
5635,43,253,1,1,16,13,55,39,28.000,55.000,27.000,220,220,204,575,575,50,0
5636,43,253,1,1,18,12,48,37,26.000,48.000,22.000,220,220,254,575,575,50,0
5637,43,253,1,1,14,12,40,33,22.000,40.000,18.000,220,220,304,575,575,50,0
5638,43,253,1,1,14,11,33,31,19.333,33.000,13.667,220,220,354,575,575,50,0
5639,43,253,1,1,14,11,26,28,17.000,26.000,9.000,220,220,404,575,575,50,0
5640,43,253,1,1,13,10,19,25,14.000,19.000,5.000,220,220,454,575,575,50,0
5641,43,253,1,1,13,10,12,23,11.667,12.000,0.333,220,220,504,575,575,50,0
5642,43,253,1,1,12,10,5,20,9.000,5.000,-4.000,220,220,554,575,575,50,1
5643,43,253,1,1,12,10,0,18,7.333,0.000,-7.333,220,220,604,575,575,50,0
5644,43,253,1,1,11,9,0,15,6.667,0.000,-6.667,220,220,654,575,575,50,0
5645,43,253,1,1,11,9,0,12,6.667,0.000,-6.667,220,220,704,575,575,50,0
5646,43,253,1,1,11,8,0,10,6.333,0.000,-6.333,220,220,754,575,575,50,0
5647,43,253,1,1,10,8,0,7,6.000,0.000,-6.000,220,220,804,575,575,50,0
5648,43,253,1,1,10,7,0,4,5.667,0.000,-5.667,220,220,854,575,575,50,0
5649,43,253,1,1,9,7,0,1,5.333,0.000,-5.333,220,220,904,575,575,50,0
5650,43,253,1,1,9,6,0,0,5.000,0.000,-5.000,220,220,954,575,575,50,0
5651,43,253,1,1,8,6,0,0,4.667,0.000,-4.667,220,220,1004,575,575,50,0
5652,43,253,1,1,8,5,0,0,4.333,0.000,-4.333,220,220,1054,575,575,50,0
5653,43,253,1,1,7,5,0,0,4.000,0.000,-4.000,220,220,1104,575,575,50,0
5654,43,254,2,1,13,0,5,0,6.000,0.000,-6.000,220,220,54,575,575,50,0
5655,43,254,2,1,12,0,4,0,5.333,0.000,-5.333,220,220,104,575,575,50,0
5656,43,254,2,1,10,0,5,0,5.000,0.000,-5.000,220,220,154,575,575,50,0
5657,43,254,2,1,10,0,6,3,5.333,0.000,-5.333,220,220,204,575,575,50,0
5658,43,254,2,1,10,0,6,5,5.333,0.000,-5.333,220,220,254,575,575,50,0
5659,43,254,2,1,10,0,7,8,5.667,0.000,-5.667,220,220,304,575,575,50,0
5660,43,254,2,1,11,0,7,10,6.000,0.000,-6.000,220,220,354,575,575,50,0
5661,43,254,2,1,11,0,7,13,6.000,0.000,-6.000,220,220,404,575,575,50,0
5662,43,254,2,1,12,0,8,16,6.667,0.000,-6.667,220,220,454,575,575,50,0
5663,43,254,2,1,12,2,8,19,7.333,2.000,-5.333,220,220,504,575,575,50,0
5664,43,254,2,1,12,9,9,21,10.000,9.000,-1.000,220,220,554,575,575,50,0
5665,43,254,2,1,13,15,9,23,12.333,15.000,2.667,220,220,604,600,600,50,1
5666,43,254,2,1,13,22,10,26,15.000,22.000,7.000,220,220,654,600,600,50,0
5667,43,254,2,1,14,28,10,29,17.333,28.000,10.667,220,220,704,600,600,50,0
5668,43,254,2,1,14,35,11,31,20.000,35.000,15.000,220,220,754,600,600,50,0
5669,43,254,2,1,15,42,11,33,22.667,42.000,19.333,220,220,804,600,600,50,0
5670,43,254,2,1,15,50,11,36,25.333,50.000,24.667,220,220,854,600,600,50,0
5671,43,254,2,1,16,57,12,39,28.333,57.000,28.667,220,220,904,600,600,50,0
5672,43,254,2,1,16,65,12,42,31.000,65.000,34.000,220,220,954,600,600,50,0
5673,43,254,2,1,16,73,12,45,33.667,73.000,39.333,220,220,1004,600,600,50,0
5674,43,254,2,1,16,80,13,47,36.333,80.000,43.667,220,220,1054,600,600,50,0
5675,43,254,2,1,20,87,13,50,40.000,87.000,47.000,220,220,1104,600,600,50,0
5676,43,254,2,1,17,95,14,53,42.000,95.000,53.000,220,220,1154,600,600,50,0
5677,43,254,2,1,17,103,14,56,44.667,103.000,58.333,220,220,1204,600,600,50,0
5678,43,255,3,1,80,15,12,47,35.667,80.000,44.333,220,220,80,600,600,50,0
5679,43,255,3,1,72,14,12,43,32.667,72.000,39.333,220,220,130,600,600,50,0
5680,43,255,3,1,64,14,11,40,29.667,64.000,34.333,220,220,180,600,600,50,0
5681,43,255,3,1,54,13,11,37,26.000,54.000,28.000,220,220,230,600,600,50,0
5682,43,255,3,1,47,12,11,34,23.333,47.000,23.667,220,220,280,600,600,50,0
5683,43,255,3,1,40,13,10,31,21.000,40.000,19.000,220,220,330,600,600,50,0
5684,43,255,3,1,32,11,10,29,17.667,32.000,14.333,220,220,380,600,600,50,0
5685,43,255,3,1,24,11,9,26,14.667,24.000,9.333,220,220,430,600,600,50,0
5686,43,255,3,1,17,11,9,23,12.333,17.000,4.667,220,220,480,600,600,50,0
5687,43,255,3,1,10,10,9,21,9.667,10.000,0.333,220,220,530,600,600,50,0
5688,43,255,3,1,3,10,8,18,7.000,3.000,-4.000,220,220,580,600,600,50,1
5689,43,255,3,1,0,9,8,15,5.667,0.000,-5.667,220,220,630,600,600,50,0
5690,43,255,3,1,0,10,8,13,6.000,0.000,-6.000,220,220,680,600,600,50,0
5691,43,255,3,1,0,9,7,10,5.333,0.000,-5.333,220,220,730,600,600,50,0
5692,43,255,3,1,0,8,7,7,5.000,0.000,-5.000,220,220,780,600,600,50,0
5693,43,255,3,1,0,8,6,5,4.667,0.000,-4.667,220,220,830,600,600,50,0
5694,43,255,3,1,0,7,6,2,4.333,0.000,-4.333,220,220,880,600,600,50,0
5695,43,255,3,1,0,7,6,0,4.333,0.000,-4.333,220,220,930,600,600,50,0
5696,43,255,3,1,0,6,5,0,3.667,0.000,-3.667,220,220,980,600,600,50,0
5697,43,255,3,1,0,5,5,0,3.333,0.000,-3.333,220,220,1030,600,600,50,0
5698,43,255,3,1,0,6,4,0,3.333,0.000,-3.333,220,220,1080,600,600,50,0
5699,43,255,3,1,0,5,4,0,3.000,0.000,-3.000,220,220,1130,600,600,50,0
5700,43,255,3,1,0,4,4,0,2.667,0.000,-2.667,220,220,1180,600,600,50,0
5701,43,256,4,1,8,8,0,1,5.333,0.000,-5.333,220,220,80,600,600,50,0
5702,43,256,4,1,9,8,0,3,5.667,0.000,-5.667,220,220,130,600,600,50,0
5703,43,256,4,1,10,8,0,6,6.000,0.000,-6.000,220,220,180,600,600,50,0
5704,43,256,4,1,10,9,0,9,6.333,0.000,-6.333,220,220,230,600,600,50,0
5705,43,256,4,1,10,9,0,11,6.333,0.000,-6.333,220,220,280,600,600,50,0
5706,43,256,4,1,11,9,0,14,6.667,0.000,-6.667,220,220,330,600,600,50,0
5707,43,256,4,1,11,10,0,17,7.000,0.000,-7.000,220,220,380,600,600,50,0
5708,43,256,4,1,12,10,3,20,8.333,3.000,-5.333,220,220,430,600,600,50,0
5709,43,256,4,1,12,10,10,22,10.667,10.000,-0.667,220,220,480,600,600,50,0
5710,43,256,4,1,12,10,16,24,12.667,16.000,3.333,220,220,530,575,575,50,1
5711,43,256,4,1,13,11,24,27,16.000,24.000,8.000,220,220,580,575,575,50,0
5712,43,256,4,1,13,12,31,30,18.667,31.000,12.333,220,220,630,575,575,50,0
5713,43,256,4,1,17,12,37,33,22.000,37.000,15.000,220,220,680,575,575,50,0
5714,43,256,4,1,14,12,45,35,23.667,45.000,21.333,220,220,730,575,575,50,0
5715,43,256,4,1,15,13,53,38,27.000,53.000,26.000,220,220,780,575,575,50,0
5716,43,256,4,1,15,13,60,41,29.333,60.000,30.667,220,220,830,575,575,50,0
5717,43,256,4,1,16,13,67,43,32.000,67.000,35.000,220,220,880,575,575,50,0
5718,43,256,4,1,16,14,74,47,34.667,74.000,39.333,220,220,930,575,575,50,0
5719,43,256,4,1,16,14,83,49,37.667,83.000,45.333,220,220,980,575,575,50,0
5720,43,256,4,1,17,15,90,52,40.667,90.000,49.333,220,220,1030,575,575,50,0
5721,43,256,4,1,17,15,97,55,43.000,97.000,54.000,220,220,1080,575,575,50,0
5722,43,257,5,1,12,75,13,44,33.333,75.000,41.667,220,220,54,575,575,50,0
5723,43,257,5,1,16,70,14,45,33.333,70.000,36.667,220,220,104,575,575,50,0
5724,43,257,5,1,16,63,13,42,30.667,63.000,32.333,220,220,154,575,575,50,0
5725,43,257,5,1,15,55,12,38,27.333,55.000,27.667,220,220,204,575,575,50,0
5726,43,257,5,1,15,47,11,35,24.333,47.000,22.667,220,220,254,575,575,50,0
5727,43,257,5,1,14,40,11,33,21.667,40.000,18.333,220,220,304,575,575,50,0
5728,43,257,5,1,14,33,11,30,19.333,33.000,13.667,220,220,354,575,575,50,0
5729,43,257,5,1,13,25,10,27,16.000,25.000,9.000,220,220,404,575,575,50,0
5730,43,257,5,1,13,18,10,25,13.667,18.000,4.333,220,220,454,575,575,50,0
5731,43,257,5,1,12,12,9,22,11.000,12.000,1.000,220,220,504,575,575,50,0
5732,43,257,5,1,15,5,9,20,9.667,5.000,-4.667,220,220,554,575,575,50,1
5733,43,257,5,1,12,0,8,17,6.667,0.000,-6.667,220,220,604,575,575,50,0
5734,43,257,5,1,11,0,8,15,6.333,0.000,-6.333,220,220,654,575,575,50,0
5735,43,257,5,1,11,0,8,12,6.333,0.000,-6.333,220,220,704,575,575,50,0
5736,43,257,5,1,10,0,7,9,5.667,0.000,-5.667,220,220,754,575,575,50,0
5737,43,257,5,1,10,0,7,7,5.667,0.000,-5.667,220,220,804,575,575,50,0
5738,43,257,5,1,9,0,6,3,5.000,0.000,-5.000,220,220,854,575,575,50,0
5739,43,257,5,1,9,0,6,1,5.000,0.000,-5.000,220,220,904,575,575,50,0
5740,43,257,5,1,8,0,6,0,4.667,0.000,-4.667,220,220,954,575,575,50,0
5741,43,257,5,1,8,0,5,0,4.333,0.000,-4.333,220,220,1004,575,575,50,0
5742,43,257,5,1,8,0,4,0,4.000,0.000,-4.000,220,220,1054,575,575,50,0
5743,43,257,5,1,7,0,4,0,3.667,0.000,-3.667,220,220,1104,575,575,50,0
5744,43,258,6,1,0,7,8,0,5.000,0.000,-5.000,220,220,54,575,575,50,0
5745,43,258,6,1,0,5,6,0,3.667,0.000,-3.667,220,220,104,575,575,50,0
5746,43,258,6,1,0,7,6,0,4.333,0.000,-4.333,220,220,154,575,575,50,0
5747,43,258,6,1,0,7,7,3,4.667,0.000,-4.667,220,220,204,575,575,50,0
5748,43,258,6,1,0,8,7,5,5.000,0.000,-5.000,220,220,254,575,575,50,0
5749,43,258,6,1,0,8,7,8,5.000,0.000,-5.000,220,220,304,575,575,50,0
5750,43,258,6,1,0,8,8,11,5.333,0.000,-5.333,220,220,354,575,575,50,0
5751,43,258,6,1,0,9,8,14,5.667,0.000,-5.667,220,220,404,575,575,50,0
5752,43,258,6,1,0,9,8,17,5.667,0.000,-5.667,220,220,454,575,575,50,0
5753,43,258,6,1,6,10,9,20,8.333,6.000,-2.333,220,220,504,575,575,50,0
5754,43,258,6,1,13,10,9,22,10.667,13.000,2.333,220,220,554,575,575,50,1
5755,43,258,6,1,20,11,10,25,13.667,20.000,6.333,220,220,604,575,575,50,0
5756,43,258,6,1,27,11,10,28,16.000,27.000,11.000,220,220,654,575,575,50,0
5757,43,258,6,1,34,12,10,30,18.667,34.000,15.333,220,220,704,575,575,50,0
5758,43,258,6,1,42,12,11,33,21.667,42.000,20.333,220,220,754,575,575,50,0
5759,43,258,6,1,49,12,11,36,24.000,49.000,25.000,220,220,804,575,575,50,0
5760,43,258,6,1,57,12,11,39,26.667,57.000,30.333,220,220,854,575,575,50,0
5761,43,258,6,1,64,13,12,41,29.667,64.000,34.333,220,220,904,575,575,50,0
5762,43,258,6,1,71,14,12,43,32.333,71.000,38.667,220,220,954,575,575,50,0
5763,43,258,6,1,78,14,13,46,35.000,78.000,43.000,220,220,1004,575,575,50,0
5764,43,258,6,1,86,14,13,49,37.667,86.000,48.333,220,220,1054,575,575,50,0
5765,43,258,6,1,92,15,13,51,40.000,92.000,52.000,220,220,1104,575,575,50,0
5766,44,259,1,1,15,11,81,46,35.667,81.000,45.333,220,220,54,575,575,50,0
5767,44,259,1,1,18,14,75,47,35.667,75.000,39.333,220,220,104,575,575,50,0
5768,44,259,1,1,17,13,67,44,32.333,67.000,34.667,220,220,154,575,575,50,0
5769,44,259,1,1,16,13,58,41,29.000,58.000,29.000,220,220,204,575,575,50,0
5770,44,259,1,1,18,12,51,38,27.000,51.000,24.000,220,220,254,575,575,50,0
5771,44,259,1,1,14,12,43,35,23.000,43.000,20.000,220,220,304,575,575,50,0
5772,44,259,1,1,14,12,37,32,21.000,37.000,16.000,220,220,354,575,575,50,0
5773,44,259,1,1,14,11,29,30,18.000,29.000,11.000,220,220,404,575,575,50,0
5774,44,259,1,1,14,11,22,27,15.667,22.000,6.333,220,220,454,575,575,50,0
5775,44,259,1,1,13,11,16,24,13.333,16.000,2.667,220,220,504,575,575,50,0
5776,44,259,1,1,13,10,9,22,10.667,9.000,-1.667,220,220,554,575,575,50,1
5777,44,259,1,1,12,10,2,19,8.000,2.000,-6.000,220,220,604,575,575,50,0
5778,44,259,1,1,12,10,0,17,7.333,0.000,-7.333,220,220,654,575,575,50,0
5779,44,259,1,1,12,9,0,14,7.000,0.000,-7.000,220,220,704,575,575,50,0
5780,44,259,1,1,11,8,0,11,6.333,0.000,-6.333,220,220,754,575,575,50,0
5781,44,259,1,1,10,8,0,9,6.000,0.000,-6.000,220,220,804,575,575,50,0
5782,44,259,1,1,10,8,0,6,6.000,0.000,-6.000,220,220,854,575,575,50,0
5783,44,259,1,1,9,8,0,3,5.667,0.000,-5.667,220,220,904,575,575,50,0
5784,44,259,1,1,9,7,0,1,5.333,0.000,-5.333,220,220,954,575,575,50,0
5785,44,259,1,1,9,6,0,0,5.000,0.000,-5.000,220,220,1004,575,575,50,0
5786,44,259,1,1,8,6,0,0,4.667,0.000,-4.667,220,220,1054,575,575,50,0
5787,44,259,1,1,8,5,0,0,4.333,0.000,-4.333,220,220,1104,575,575,50,0
5788,44,260,2,1,13,0,5,0,6.000,0.000,-6.000,220,220,54,575,575,50,0
5789,44,260,2,1,13,0,4,0,5.667,0.000,-5.667,220,220,104,575,575,50,0
5790,44,260,2,1,9,0,5,0,4.667,0.000,-4.667,220,220,154,575,575,50,0
5791,44,260,2,1,9,0,6,2,5.000,0.000,-5.000,220,220,204,575,575,50,0
5792,44,260,2,1,9,0,6,4,5.000,0.000,-5.000,220,220,254,575,575,50,0
5793,44,260,2,1,10,0,7,7,5.667,0.000,-5.667,220,220,304,575,575,50,0
5794,44,260,2,1,11,0,7,10,6.000,0.000,-6.000,220,220,354,575,575,50,0
5795,44,260,2,1,11,0,7,13,6.000,0.000,-6.000,220,220,404,575,575,50,0
5796,44,260,2,1,12,0,8,15,6.667,0.000,-6.667,220,220,454,575,575,50,0
5797,44,260,2,1,12,1,8,18,7.000,1.000,-6.000,220,220,504,575,575,50,0
5798,44,260,2,1,13,7,8,20,9.333,7.000,-2.333,220,220,554,575,575,50,0
5799,44,260,2,1,13,15,9,23,12.333,15.000,2.667,220,220,604,600,600,50,1
5800,44,260,2,1,13,22,9,25,14.667,22.000,7.333,220,220,654,600,600,50,0
5801,44,260,2,1,14,28,10,28,17.333,28.000,10.667,220,220,704,600,600,50,0
5802,44,260,2,1,14,36,10,31,20.000,36.000,16.000,220,220,754,600,600,50,0
5803,44,260,2,1,15,43,11,34,23.000,43.000,20.000,220,220,804,600,600,50,0
5804,44,260,2,1,15,50,11,37,25.333,50.000,24.667,220,220,854,600,600,50,0
5805,44,260,2,1,15,58,12,39,28.333,58.000,29.667,220,220,904,600,600,50,0
5806,44,260,2,1,16,66,12,42,31.333,66.000,34.667,220,220,954,600,600,50,0
5807,44,260,2,1,16,74,12,45,34.000,74.000,40.000,220,220,1004,600,600,50,0
5808,44,260,2,1,17,81,13,47,37.000,81.000,44.000,220,220,1054,600,600,50,0
5809,44,260,2,1,20,88,13,51,40.333,88.000,47.667,220,220,1104,600,600,50,0
5810,44,260,2,1,17,96,14,53,42.333,96.000,53.667,220,220,1154,600,600,50,0
5811,44,260,2,1,17,103,14,56,44.667,103.000,58.333,220,220,1204,600,600,50,0
5812,44,261,3,1,79,15,12,46,35.333,79.000,43.667,220,220,80,600,600,50,0
5813,44,261,3,1,71,14,12,44,32.333,71.000,38.667,220,220,130,600,600,50,0
5814,44,261,3,1,63,14,12,40,29.667,63.000,33.333,220,220,180,600,600,50,0
5815,44,261,3,1,55,13,11,37,26.333,55.000,28.667,220,220,230,600,600,50,0
5816,44,261,3,1,47,12,11,34,23.333,47.000,23.667,220,220,280,600,600,50,0
5817,44,261,3,1,40,12,11,32,21.000,40.000,19.000,220,220,330,600,600,50,0
5818,44,261,3,1,33,12,10,29,18.333,33.000,14.667,220,220,380,600,600,50,0
5819,44,261,3,1,25,11,9,26,15.000,25.000,10.000,220,220,430,600,600,50,0
5820,44,261,3,1,19,11,9,24,13.000,19.000,6.000,220,220,480,600,600,50,0
5821,44,261,3,1,12,10,9,21,10.333,12.000,1.667,220,220,530,600,600,50,0
5822,44,261,3,1,5,10,9,19,8.000,5.000,-3.000,220,220,580,600,600,50,1
5823,44,261,3,1,0,9,8,16,5.667,0.000,-5.667,220,220,630,600,600,50,0
5824,44,261,3,1,0,9,8,13,5.667,0.000,-5.667,220,220,680,600,600,50,0
5825,44,261,3,1,0,9,7,11,5.333,0.000,-5.333,220,220,730,600,600,50,0
5826,44,261,3,1,0,8,7,8,5.000,0.000,-5.000,220,220,780,600,600,50,0
5827,44,261,3,1,0,8,7,5,5.000,0.000,-5.000,220,220,830,600,600,50,0
5828,44,261,3,1,0,7,6,3,4.333,0.000,-4.333,220,220,880,600,600,50,0
5829,44,261,3,1,0,7,6,0,4.333,0.000,-4.333,220,220,930,600,600,50,0
5830,44,261,3,1,0,7,5,0,4.000,0.000,-4.000,220,220,980,600,600,50,0
5831,44,261,3,1,0,6,5,0,3.667,0.000,-3.667,220,220,1030,600,600,50,0
5832,44,261,3,1,0,5,4,0,3.000,0.000,-3.000,220,220,1080,600,600,50,0
5833,44,261,3,1,0,5,4,0,3.000,0.000,-3.000,220,220,1130,600,600,50,0
5834,44,261,3,1,0,4,3,0,2.333,0.000,-2.333,220,220,1180,600,600,50,0
5835,44,262,4,1,8,7,0,0,5.000,0.000,-5.000,220,220,80,600,600,50,0
5836,44,262,4,1,9,7,0,2,5.333,0.000,-5.333,220,220,130,600,600,50,0
5837,44,262,4,1,9,8,0,4,5.667,0.000,-5.667,220,220,180,600,600,50,0
5838,44,262,4,1,10,8,0,7,6.000,0.000,-6.000,220,220,230,600,600,50,0
5839,44,262,4,1,10,8,0,10,6.000,0.000,-6.000,220,220,280,600,600,50,0
5840,44,262,4,1,10,9,0,13,6.333,0.000,-6.333,220,220,330,600,600,50,0
5841,44,262,4,1,11,9,0,16,6.667,0.000,-6.667,220,220,380,600,600,50,0
5842,44,262,4,1,12,10,1,18,7.667,1.000,-6.667,220,220,430,600,600,50,0
5843,44,262,4,1,12,11,8,21,10.333,8.000,-2.333,220,220,480,600,600,50,0
5844,44,262,4,1,12,11,14,24,12.333,14.000,1.667,220,220,530,575,575,50,1
5845,44,262,4,1,13,11,22,26,15.333,22.000,6.667,220,220,580,575,575,50,0
5846,44,262,4,1,14,11,28,29,17.667,28.000,10.333,220,220,630,575,575,50,0
5847,44,262,4,1,17,12,35,32,21.333,35.000,13.667,220,220,680,575,575,50,0
5848,44,262,4,1,14,12,42,34,22.667,42.000,19.333,220,220,730,575,575,50,0
5849,44,262,4,1,15,13,49,37,25.667,49.000,23.333,220,220,780,575,575,50,0
5850,44,262,4,1,15,13,57,40,28.333,57.000,28.667,220,220,830,575,575,50,0
5851,44,262,4,1,16,13,64,42,31.000,64.000,33.000,220,220,880,575,575,50,0
5852,44,262,4,1,16,14,71,45,33.667,71.000,37.333,220,220,930,575,575,50,0
5853,44,262,4,1,16,14,78,48,36.000,78.000,42.000,220,220,980,575,575,50,0
5854,44,262,4,1,16,14,85,50,38.333,85.000,46.667,220,220,1030,575,575,50,0
5855,44,262,4,1,17,14,92,53,41.000,92.000,51.000,220,220,1080,575,575,50,0
5856,44,263,5,1,12,78,13,44,34.333,78.000,43.667,220,220,54,575,575,50,0
5857,44,263,5,1,16,73,14,45,34.333,73.000,38.667,220,220,104,575,575,50,0
5858,44,263,5,1,16,65,13,43,31.333,65.000,33.667,220,220,154,575,575,50,0
5859,44,263,5,1,15,58,12,40,28.333,58.000,29.667,220,220,204,575,575,50,0
5860,44,263,5,1,15,49,11,36,25.000,49.000,24.000,220,220,254,575,575,50,0
5861,44,263,5,1,15,42,11,33,22.667,42.000,19.333,220,220,304,575,575,50,0
5862,44,263,5,1,14,36,10,31,20.000,36.000,16.000,220,220,354,575,575,50,0
5863,44,263,5,1,13,29,10,29,17.333,29.000,11.667,220,220,404,575,575,50,0
5864,44,263,5,1,13,22,10,25,15.000,22.000,7.000,220,220,454,575,575,50,0
5865,44,263,5,1,12,15,9,24,12.000,15.000,3.000,220,220,504,575,575,50,0
5866,44,263,5,1,16,9,9,21,11.333,9.000,-2.333,220,220,554,575,575,50,1
5867,44,263,5,1,12,1,8,19,7.000,1.000,-6.000,220,220,604,575,575,50,0
5868,44,263,5,1,11,0,8,16,6.333,0.000,-6.333,220,220,654,575,575,50,0
5869,44,263,5,1,10,0,8,13,6.000,0.000,-6.000,220,220,704,575,575,50,0
5870,44,263,5,1,11,0,8,10,6.333,0.000,-6.333,220,220,754,575,575,50,0
5871,44,263,5,1,10,0,7,8,5.667,0.000,-5.667,220,220,804,575,575,50,0
5872,44,263,5,1,9,0,6,4,5.000,0.000,-5.000,220,220,854,575,575,50,0
5873,44,263,5,1,9,0,6,2,5.000,0.000,-5.000,220,220,904,575,575,50,0
5874,44,263,5,1,9,0,5,0,4.667,0.000,-4.667,220,220,954,575,575,50,0
5875,44,263,5,1,8,0,5,0,4.333,0.000,-4.333,220,220,1004,575,575,50,0
5876,44,263,5,1,8,0,4,0,4.000,0.000,-4.000,220,220,1054,575,575,50,0
5877,44,263,5,1,7,0,4,0,3.667,0.000,-3.667,220,220,1104,575,575,50,0
5878,44,264,6,1,0,7,8,0,5.000,0.000,-5.000,220,220,54,575,575,50,0
5879,44,264,6,1,0,6,7,0,4.333,0.000,-4.333,220,220,104,575,575,50,0
5880,44,264,6,1,0,7,6,0,4.333,0.000,-4.333,220,220,154,575,575,50,0
5881,44,264,6,1,0,7,6,3,4.333,0.000,-4.333,220,220,204,575,575,50,0
5882,44,264,6,1,0,7,7,6,4.667,0.000,-4.667,220,220,254,575,575,50,0
5883,44,264,6,1,0,8,8,9,5.333,0.000,-5.333,220,220,304,575,575,50,0
5884,44,264,6,1,0,8,8,12,5.333,0.000,-5.333,220,220,354,575,575,50,0
5885,44,264,6,1,0,9,8,14,5.667,0.000,-5.667,220,220,404,575,575,50,0
5886,44,264,6,1,3,10,8,18,7.000,3.000,-4.000,220,220,454,575,575,50,0
5887,44,264,6,1,6,9,9,20,8.000,6.000,-2.000,220,220,504,575,575,50,0
5888,44,264,6,1,13,10,9,22,10.667,13.000,2.333,220,220,554,575,575,50,1
5889,44,264,6,1,20,11,9,25,13.333,20.000,6.667,220,220,604,575,575,50,0
5890,44,264,6,1,27,11,10,27,16.000,27.000,11.000,220,220,654,575,575,50,0
5891,44,264,6,1,34,11,10,30,18.333,34.000,15.667,220,220,704,575,575,50,0
5892,44,264,6,1,41,11,11,32,21.000,41.000,20.000,220,220,754,575,575,50,0
5893,44,264,6,1,49,12,11,35,24.000,49.000,25.000,220,220,804,575,575,50,0
5894,44,264,6,1,56,13,11,38,26.667,56.000,29.333,220,220,854,575,575,50,0
5895,44,264,6,1,63,13,12,40,29.333,63.000,33.667,220,220,904,575,575,50,0
5896,44,264,6,1,70,13,12,43,31.667,70.000,38.333,220,220,954,575,575,50,0
5897,44,264,6,1,77,14,12,46,34.333,77.000,42.667,220,220,1004,575,575,50,0
5898,44,264,6,1,83,14,13,48,36.667,83.000,46.333,220,220,1054,575,575,50,0
5899,44,264,6,1,90,15,13,51,39.333,90.000,50.667,220,220,1104,575,575,50,0
5900,45,265,1,1,16,11,85,48,37.333,85.000,47.667,220,220,54,575,575,50,0
5901,45,265,1,1,18,14,78,48,36.667,78.000,41.333,220,220,104,575,575,50,0
5902,45,265,1,1,17,14,71,45,34.000,71.000,37.000,220,220,154,575,575,50,0
5903,45,265,1,1,16,13,63,42,30.667,63.000,32.333,220,220,204,575,575,50,0
5904,45,265,1,1,18,13,55,40,28.667,55.000,26.333,220,220,254,575,575,50,0
5905,45,265,1,1,15,13,48,36,25.333,48.000,22.667,220,220,304,575,575,50,0
5906,45,265,1,1,15,12,40,34,22.333,40.000,17.667,220,220,354,575,575,50,0
5907,45,265,1,1,14,12,33,31,19.667,33.000,13.333,220,220,404,575,575,50,0
5908,45,265,1,1,14,11,26,28,17.000,26.000,9.000,220,220,454,575,575,50,0
5909,45,265,1,1,13,11,19,26,14.333,19.000,4.667,220,220,504,575,575,50,0
5910,45,265,1,1,13,10,12,23,11.667,12.000,0.333,220,220,554,575,575,50,0
5911,45,265,1,1,13,10,5,20,9.333,5.000,-4.333,220,220,604,600,600,50,1
5912,45,265,1,1,12,10,0,18,7.333,0.000,-7.333,220,220,654,600,600,50,0
5913,45,265,1,1,12,9,0,15,7.000,0.000,-7.000,220,220,704,600,600,50,0
5914,45,265,1,1,11,8,0,12,6.333,0.000,-6.333,220,220,754,600,600,50,0
5915,45,265,1,1,11,8,0,10,6.333,0.000,-6.333,220,220,804,600,600,50,0
5916,45,265,1,1,11,8,0,7,6.333,0.000,-6.333,220,220,854,600,600,50,0
5917,45,265,1,1,10,8,0,3,6.000,0.000,-6.000,220,220,904,600,600,50,0
5918,45,265,1,1,10,7,0,1,5.667,0.000,-5.667,220,220,954,600,600,50,0
5919,45,265,1,1,9,7,0,0,5.333,0.000,-5.333,220,220,1004,600,600,50,0
5920,45,265,1,1,8,7,0,0,5.000,0.000,-5.000,220,220,1054,600,600,50,0
5921,45,265,1,1,8,6,0,0,4.667,0.000,-4.667,220,220,1104,600,600,50,0
5922,45,265,1,1,7,6,0,0,4.333,0.000,-4.333,220,220,1154,600,600,50,0
5923,45,265,1,1,6,4,0,0,3.333,0.000,-3.333,220,220,1204,600,600,50,0
5924,45,266,2,1,13,0,4,0,5.667,0.000,-5.667,220,220,79,600,600,50,0
5925,45,266,2,1,10,0,5,1,5.000,0.000,-5.000,220,220,129,600,600,50,0
5926,45,266,2,1,10,0,6,3,5.333,0.000,-5.333,220,220,179,600,600,50,0
5927,45,266,2,1,10,0,6,6,5.333,0.000,-5.333,220,220,229,600,600,50,0
5928,45,266,2,1,11,0,7,9,6.000,0.000,-6.000,220,220,279,600,600,50,0
5929,45,266,2,1,11,0,7,11,6.000,0.000,-6.000,220,220,329,600,600,50,0
5930,45,266,2,1,11,0,8,14,6.333,0.000,-6.333,220,220,379,600,600,50,0
5931,45,266,2,1,12,0,8,17,6.667,0.000,-6.667,220,220,429,600,600,50,0
5932,45,266,2,1,12,4,8,20,8.000,4.000,-4.000,220,220,479,600,600,50,0
5933,45,266,2,1,13,11,9,22,11.000,11.000,0.000,220,220,529,600,600,50,1
5934,45,266,2,1,13,18,9,25,13.333,18.000,4.667,220,220,579,600,600,50,0
5935,45,266,2,1,14,25,10,27,16.333,25.000,8.667,220,220,629,600,600,50,0
5936,45,266,2,1,14,32,10,29,18.667,32.000,13.333,220,220,679,600,600,50,0
5937,45,266,2,1,15,38,10,32,21.000,38.000,17.000,220,220,729,600,600,50,0
5938,45,266,2,1,15,46,11,35,24.000,46.000,22.000,220,220,779,600,600,50,0
5939,45,266,2,1,15,53,11,38,26.333,53.000,26.667,220,220,829,600,600,50,0
5940,45,266,2,1,15,61,12,40,29.333,61.000,31.667,220,220,879,600,600,50,0
5941,45,266,2,1,16,68,12,42,32.000,68.000,36.000,220,220,929,600,600,50,0
5942,45,266,2,1,16,76,13,45,35.000,76.000,41.000,220,220,979,600,600,50,0
5943,45,266,2,1,19,83,13,49,38.333,83.000,44.667,220,220,1029,600,600,50,0
5944,45,266,2,1,16,90,13,51,39.667,90.000,50.333,220,220,1079,600,600,50,0
5945,45,266,2,1,17,98,14,54,43.000,98.000,55.000,220,220,1129,600,600,50,0
5946,45,266,2,1,18,106,15,57,46.333,106.000,59.667,220,220,1179,600,600,50,0
5947,45,267,3,1,72,14,12,44,32.667,72.000,39.333,220,220,80,600,600,50,0
5948,45,267,3,1,64,14,12,41,30.000,64.000,34.000,220,220,130,600,600,50,0
5949,45,267,3,1,56,13,11,38,26.667,56.000,29.333,220,220,180,600,600,50,0
5950,45,267,3,1,48,12,11,35,23.667,48.000,24.333,220,220,230,600,600,50,0
5951,45,267,3,1,40,12,10,32,20.667,40.000,19.333,220,220,280,600,600,50,0
5952,45,267,3,1,33,12,10,29,18.333,33.000,14.667,220,220,330,600,600,50,0
5953,45,267,3,1,26,11,10,26,15.667,26.000,10.333,220,220,380,600,600,50,0
5954,45,267,3,1,19,11,9,24,13.000,19.000,6.000,220,220,430,600,600,50,0
5955,45,267,3,1,12,11,9,22,10.667,12.000,1.333,220,220,480,600,600,50,0
5956,45,267,3,1,5,10,9,19,8.000,5.000,-3.000,220,220,530,575,575,50,1
5957,45,267,3,1,0,10,8,16,6.000,0.000,-6.000,220,220,580,575,575,50,0
5958,45,267,3,1,0,9,8,13,5.667,0.000,-5.667,220,220,630,575,575,50,0
5959,45,267,3,1,0,9,7,11,5.333,0.000,-5.333,220,220,680,575,575,50,0
5960,45,267,3,1,0,8,7,8,5.000,0.000,-5.000,220,220,730,575,575,50,0
5961,45,267,3,1,0,8,6,5,4.667,0.000,-4.667,220,220,780,575,575,50,0
5962,45,267,3,1,0,7,6,2,4.333,0.000,-4.333,220,220,830,575,575,50,0
5963,45,267,3,1,0,7,6,0,4.333,0.000,-4.333,220,220,880,575,575,50,0
5964,45,267,3,1,0,6,5,0,3.667,0.000,-3.667,220,220,930,575,575,50,0
5965,45,267,3,1,0,6,5,0,3.667,0.000,-3.667,220,220,980,575,575,50,0
5966,45,267,3,1,0,5,4,0,3.000,0.000,-3.000,220,220,1030,575,575,50,0
5967,45,267,3,1,0,5,4,0,3.000,0.000,-3.000,220,220,1080,575,575,50,0
5968,45,268,4,1,10,11,0,0,7.000,0.000,-7.000,220,220,54,575,575,50,0
5969,45,268,4,1,8,8,0,0,5.333,0.000,-5.333,220,220,104,575,575,50,0
5970,45,268,4,1,9,8,0,2,5.667,0.000,-5.667,220,220,154,575,575,50,0
5971,45,268,4,1,9,8,0,4,5.667,0.000,-5.667,220,220,204,575,575,50,0
5972,45,268,4,1,10,8,0,7,6.000,0.000,-6.000,220,220,254,575,575,50,0
5973,45,268,4,1,10,8,0,10,6.000,0.000,-6.000,220,220,304,575,575,50,0
5974,45,268,4,1,11,9,0,13,6.667,0.000,-6.667,220,220,354,575,575,50,0
5975,45,268,4,1,11,10,0,15,7.000,0.000,-7.000,220,220,404,575,575,50,0
5976,45,268,4,1,11,10,0,18,7.000,0.000,-7.000,220,220,454,575,575,50,0
5977,45,268,4,1,12,10,6,20,9.333,6.000,-3.333,220,220,504,575,575,50,0
5978,45,268,4,1,12,10,12,23,11.333,12.000,0.667,220,220,554,575,575,50,1
5979,45,268,4,1,13,11,19,25,14.333,19.000,4.667,220,220,604,575,575,50,0
5980,45,268,4,1,13,11,26,28,16.667,26.000,9.333,220,220,654,575,575,50,0
5981,45,268,4,1,16,12,33,31,20.333,33.000,12.667,220,220,704,575,575,50,0
5982,45,268,4,1,14,12,39,33,21.667,39.000,17.333,220,220,754,575,575,50,0
5983,45,268,4,1,14,13,47,36,24.667,47.000,22.333,220,220,804,575,575,50,0
5984,45,268,4,1,15,13,54,39,27.333,54.000,26.667,220,220,854,575,575,50,0
5985,45,268,4,1,15,13,61,41,29.667,61.000,31.333,220,220,904,575,575,50,0
5986,45,268,4,1,16,14,69,44,33.000,69.000,36.000,220,220,954,575,575,50,0
5987,45,268,4,1,16,14,76,47,35.333,76.000,40.667,220,220,1004,575,575,50,0
5988,45,268,4,1,16,14,84,49,38.000,84.000,46.000,220,220,1054,575,575,50,0
5989,45,268,4,1,17,14,90,52,40.333,90.000,49.667,220,220,1104,575,575,50,0
5990,45,269,5,1,12,85,13,47,36.667,85.000,48.333,220,220,54,575,575,50,0
5991,45,269,5,1,16,79,14,48,36.333,79.000,42.667,220,220,104,575,575,50,0
5992,45,269,5,1,16,71,13,45,33.333,71.000,37.667,220,220,154,575,575,50,0
5993,45,269,5,1,16,62,12,41,30.000,62.000,32.000,220,220,204,575,575,50,0
5994,45,269,5,1,15,55,12,38,27.333,55.000,27.667,220,220,254,575,575,50,0
5995,45,269,5,1,15,47,11,35,24.333,47.000,22.667,220,220,304,575,575,50,0
5996,45,269,5,1,14,39,10,33,21.000,39.000,18.000,220,220,354,575,575,50,0
5997,45,269,5,1,14,32,11,30,19.000,32.000,13.000,220,220,404,575,575,50,0
5998,45,269,5,1,13,25,10,27,16.000,25.000,9.000,220,220,454,575,575,50,0
5999,45,269,5,1,13,17,10,25,13.333,17.000,3.667,220,220,504,575,575,50,0
6000,45,269,5,1,12,11,9,22,10.667,11.000,0.333,220,220,554,575,575,50,0
6001,45,269,5,1,14,3,9,20,8.667,3.000,-5.667,220,220,604,600,600,50,1
6002,45,269,5,1,12,0,9,17,7.000,0.000,-7.000,220,220,654,600,600,50,0
6003,45,269,5,1,11,0,8,14,6.333,0.000,-6.333,220,220,704,600,600,50,0
6004,45,269,5,1,11,0,8,12,6.333,0.000,-6.333,220,220,754,600,600,50,0
6005,45,269,5,1,10,0,7,9,5.667,0.000,-5.667,220,220,804,600,600,50,0
6006,45,269,5,1,9,0,6,6,5.000,0.000,-5.000,220,220,854,600,600,50,0
6007,45,269,5,1,9,0,7,3,5.333,0.000,-5.333,220,220,904,600,600,50,0
6008,45,269,5,1,9,0,5,0,4.667,0.000,-4.667,220,220,954,600,600,50,0
6009,45,269,5,1,8,0,5,0,4.333,0.000,-4.333,220,220,1004,600,600,50,0
6010,45,269,5,1,8,0,5,0,4.333,0.000,-4.333,220,220,1054,600,600,50,0
6011,45,269,5,1,8,0,4,0,4.000,0.000,-4.000,220,220,1104,600,600,50,0
6012,45,269,5,1,7,0,4,0,3.667,0.000,-3.667,220,220,1154,600,600,50,0
6013,45,269,5,1,6,0,3,0,3.000,0.000,-3.000,220,220,1204,600,600,50,0
6014,45,270,6,1,0,6,7,0,4.333,0.000,-4.333,220,220,79,600,600,50,0
6015,45,270,6,1,0,7,6,2,4.333,0.000,-4.333,220,220,129,600,600,50,0
6016,45,270,6,1,0,8,7,4,5.000,0.000,-5.000,220,220,179,600,600,50,0
6017,45,270,6,1,0,8,7,8,5.000,0.000,-5.000,220,220,229,600,600,50,0
6018,45,270,6,1,0,8,7,10,5.000,0.000,-5.000,220,220,279,600,600,50,0
6019,45,270,6,1,0,9,8,13,5.667,0.000,-5.667,220,220,329,600,600,50,0
6020,45,270,6,1,0,9,8,16,5.667,0.000,-5.667,220,220,379,600,600,50,0
6021,45,270,6,1,3,9,9,18,7.000,3.000,-4.000,220,220,429,600,600,50,0
6022,45,270,6,1,10,10,9,21,9.667,10.000,0.333,220,220,479,550,550,50,1
6023,45,270,6,1,17,10,10,23,12.333,17.000,4.667,220,220,529,550,550,50,0
6024,45,270,6,1,24,11,10,26,15.000,24.000,9.000,220,220,579,550,550,50,0
6025,45,270,6,1,32,11,10,29,17.667,32.000,14.333,220,220,629,550,550,50,0
6026,45,270,6,1,38,12,10,31,20.000,38.000,18.000,220,220,679,550,550,50,0
6027,45,270,6,1,45,12,11,34,22.667,45.000,22.333,220,220,729,550,550,50,0
6028,45,270,6,1,53,12,11,37,25.333,53.000,27.667,220,220,779,550,550,50,0
6029,45,270,6,1,61,13,12,40,28.667,61.000,32.333,220,220,829,550,550,50,0
6030,45,270,6,1,68,14,12,43,31.333,68.000,36.667,220,220,879,550,550,50,0
6031,45,270,6,1,75,14,12,45,33.667,75.000,41.333,220,220,929,550,550,50,0
6032,45,270,6,1,83,14,13,48,36.667,83.000,46.333,220,220,979,550,550,50,0
6033,45,270,6,1,90,15,13,50,39.333,90.000,50.667,220,220,1029,550,550,50,0
6034,46,271,1,1,18,14,84,50,38.667,84.000,45.333,220,220,79,550,550,50,0
6035,46,271,1,1,17,14,76,47,35.667,76.000,40.333,220,220,129,550,550,50,0
6036,46,271,1,1,16,14,69,44,33.000,69.000,36.000,220,220,179,550,550,50,0
6037,46,271,1,1,16,13,62,42,30.333,62.000,31.667,220,220,229,550,550,50,0
6038,46,271,1,1,15,12,54,39,27.000,54.000,27.000,220,220,279,550,550,50,0
6039,46,271,1,1,18,12,47,36,25.667,47.000,21.333,220,220,329,550,550,50,0
6040,46,271,1,1,15,12,39,33,22.000,39.000,17.000,220,220,379,550,550,50,0
6041,46,271,1,1,14,11,32,30,19.000,32.000,13.000,220,220,429,550,550,50,0
6042,46,271,1,1,13,11,25,28,16.333,25.000,8.667,220,220,479,550,550,50,0
6043,46,271,1,1,13,11,18,25,14.000,18.000,4.000,220,220,529,550,550,50,0
6044,46,271,1,1,13,10,12,23,11.667,12.000,0.333,220,220,579,550,550,50,0
6045,46,271,1,1,13,10,5,20,9.333,5.000,-4.333,220,220,629,600,600,50,1
6046,46,271,1,1,12,9,0,17,7.000,0.000,-7.000,220,220,679,600,600,50,0
6047,46,271,1,1,12,9,0,15,7.000,0.000,-7.000,220,220,729,600,600,50,0
6048,46,271,1,1,11,9,0,13,6.667,0.000,-6.667,220,220,779,600,600,50,0
6049,46,271,1,1,11,8,0,10,6.333,0.000,-6.333,220,220,829,600,600,50,0
6050,46,271,1,1,10,8,0,7,6.000,0.000,-6.000,220,220,879,600,600,50,0
6051,46,271,1,1,10,7,0,4,5.667,0.000,-5.667,220,220,929,600,600,50,0
6052,46,271,1,1,10,7,0,1,5.667,0.000,-5.667,220,220,979,600,600,50,0
6053,46,271,1,1,9,7,0,0,5.333,0.000,-5.333,220,220,1029,600,600,50,0
6054,46,271,1,1,9,6,0,0,5.000,0.000,-5.000,220,220,1079,600,600,50,0
6055,46,271,1,1,7,6,0,0,4.333,0.000,-4.333,220,220,1129,600,600,50,0
6056,46,271,1,1,7,6,0,0,4.333,0.000,-4.333,220,220,1179,600,600,50,0
6057,46,271,1,1,7,4,0,0,3.667,0.000,-3.667,220,220,1229,600,600,50,0
6058,46,272,2,1,12,0,4,0,5.333,0.000,-5.333,220,220,79,600,600,50,0
6059,46,272,2,1,9,0,5,0,4.667,0.000,-4.667,220,220,129,600,600,50,0
6060,46,272,2,1,9,0,6,2,5.000,0.000,-5.000,220,220,179,600,600,50,0
6061,46,272,2,1,10,0,6,4,5.333,0.000,-5.333,220,220,229,600,600,50,0
6062,46,272,2,1,10,0,6,7,5.333,0.000,-5.333,220,220,279,600,600,50,0
6063,46,272,2,1,11,0,7,10,6.000,0.000,-6.000,220,220,329,600,600,50,0
6064,46,272,2,1,11,0,7,13,6.000,0.000,-6.000,220,220,379,600,600,50,0
6065,46,272,2,1,11,0,8,16,6.333,0.000,-6.333,220,220,429,600,600,50,0
6066,46,272,2,1,12,1,8,18,7.000,1.000,-6.000,220,220,479,600,600,50,0
6067,46,272,2,1,13,8,9,21,10.000,8.000,-2.000,220,220,529,600,600,50,0
6068,46,272,2,1,13,14,9,23,12.000,14.000,2.000,220,220,579,600,600,50,1
6069,46,272,2,1,13,22,10,26,15.000,22.000,7.000,220,220,629,600,600,50,0
6070,46,272,2,1,14,29,9,29,17.333,29.000,11.667,220,220,679,600,600,50,0
6071,46,272,2,1,14,36,10,31,20.000,36.000,16.000,220,220,729,600,600,50,0
6072,46,272,2,1,14,43,11,34,22.667,43.000,20.333,220,220,779,600,600,50,0
6073,46,272,2,1,15,51,11,37,25.667,51.000,25.333,220,220,829,600,600,50,0
6074,46,272,2,1,16,59,12,40,29.000,59.000,30.000,220,220,879,600,600,50,0
6075,46,272,2,1,16,66,12,42,31.333,66.000,34.667,220,220,929,600,600,50,0
6076,46,272,2,1,16,74,13,45,34.333,74.000,39.667,220,220,979,600,600,50,0
6077,46,272,2,1,20,82,13,48,38.333,82.000,43.667,220,220,1029,600,600,50,0
6078,46,272,2,1,17,89,13,51,39.667,89.000,49.333,220,220,1079,600,600,50,0
6079,46,272,2,1,17,97,13,53,42.333,97.000,54.667,220,220,1129,600,600,50,0
6080,46,272,2,1,17,104,14,56,45.000,104.000,59.000,220,220,1179,600,600,50,0
6081,46,273,3,1,75,15,12,45,34.000,75.000,41.000,220,220,80,600,600,50,0
6082,46,273,3,1,68,14,12,42,31.333,68.000,36.667,220,220,130,600,600,50,0
6083,46,273,3,1,59,13,11,38,27.667,59.000,31.333,220,220,180,600,600,50,0
6084,46,273,3,1,51,13,11,36,25.000,51.000,26.000,220,220,230,600,600,50,0
6085,46,273,3,1,44,12,11,33,22.333,44.000,21.667,220,220,280,600,600,50,0
6086,46,273,3,1,37,12,10,30,19.667,37.000,17.333,220,220,330,600,600,50,0
6087,46,273,3,1,29,11,10,28,16.667,29.000,12.333,220,220,380,600,600,50,0
6088,46,273,3,1,23,11,9,25,14.333,23.000,8.667,220,220,430,600,600,50,0
6089,46,273,3,1,16,11,9,22,12.000,16.000,4.000,220,220,480,600,600,50,0
6090,46,273,3,1,9,10,9,20,9.333,9.000,-0.333,220,220,530,600,600,50,1
6091,46,273,3,1,2,10,8,18,6.667,2.000,-4.667,220,220,580,600,600,50,0
6092,46,273,3,1,0,9,8,15,5.667,0.000,-5.667,220,220,630,600,600,50,0
6093,46,273,3,1,0,9,8,12,5.667,0.000,-5.667,220,220,680,600,600,50,0
6094,46,273,3,1,0,9,7,9,5.333,0.000,-5.333,220,220,730,600,600,50,0
6095,46,273,3,1,0,8,7,6,5.000,0.000,-5.000,220,220,780,600,600,50,0
6096,46,273,3,1,0,8,6,4,4.667,0.000,-4.667,220,220,830,600,600,50,0
6097,46,273,3,1,0,7,6,1,4.333,0.000,-4.333,220,220,880,600,600,50,0
6098,46,273,3,1,0,7,6,0,4.333,0.000,-4.333,220,220,930,600,600,50,0
6099,46,273,3,1,0,6,5,0,3.667,0.000,-3.667,220,220,980,600,600,50,0
6100,46,273,3,1,0,5,5,0,3.333,0.000,-3.333,220,220,1030,600,600,50,0
6101,46,273,3,1,0,5,5,0,3.333,0.000,-3.333,220,220,1080,600,600,50,0
6102,46,273,3,1,0,5,4,0,3.000,0.000,-3.000,220,220,1130,600,600,50,0
6103,46,273,3,1,0,4,4,0,2.667,0.000,-2.667,220,220,1180,600,600,50,0
6104,46,274,4,1,8,8,0,1,5.333,0.000,-5.333,220,220,80,600,600,50,0
6105,46,274,4,1,9,8,0,4,5.667,0.000,-5.667,220,220,130,600,600,50,0
6106,46,274,4,1,10,8,0,7,6.000,0.000,-6.000,220,220,180,600,600,50,0
6107,46,274,4,1,10,8,0,9,6.000,0.000,-6.000,220,220,230,600,600,50,0
6108,46,274,4,1,10,9,0,12,6.333,0.000,-6.333,220,220,280,600,600,50,0
6109,46,274,4,1,11,9,0,15,6.667,0.000,-6.667,220,220,330,600,600,50,0
6110,46,274,4,1,11,10,0,17,7.000,0.000,-7.000,220,220,380,600,600,50,0
6111,46,274,4,1,12,10,6,20,9.333,6.000,-3.333,220,220,430,600,600,50,0
6112,46,274,4,1,12,11,12,23,11.667,12.000,0.333,220,220,480,550,550,50,1
6113,46,274,4,1,13,11,19,25,14.333,19.000,4.667,220,220,530,550,550,50,0
6114,46,274,4,1,13,12,26,28,17.000,26.000,9.000,220,220,580,550,550,50,0
6115,46,274,4,1,16,12,33,31,20.333,33.000,12.667,220,220,630,550,550,50,0
6116,46,274,4,1,13,12,40,33,21.667,40.000,18.333,220,220,680,550,550,50,0
6117,46,274,4,1,14,13,47,36,24.667,47.000,22.333,220,220,730,550,550,50,0
6118,46,274,4,1,15,13,55,39,27.667,55.000,27.333,220,220,780,550,550,50,0
6119,46,274,4,1,15,13,62,42,30.000,62.000,32.000,220,220,830,550,550,50,0
6120,46,274,4,1,16,14,69,44,33.000,69.000,36.000,220,220,880,550,550,50,0
6121,46,274,4,1,16,14,76,46,35.333,76.000,40.667,220,220,930,550,550,50,0
6122,46,274,4,1,17,14,84,49,38.333,84.000,45.667,220,220,980,550,550,50,0
6123,46,274,4,1,17,15,92,53,41.333,92.000,50.667,220,220,1030,550,550,50,0
6124,46,275,5,1,17,84,13,49,38.000,84.000,46.000,220,220,79,550,550,50,0
6125,46,275,5,1,16,76,13,46,35.000,76.000,41.000,220,220,129,550,550,50,0
6126,46,275,5,1,15,69,12,43,32.000,69.000,37.000,220,220,179,550,550,50,0
6127,46,275,5,1,15,62,12,41,29.667,62.000,32.333,220,220,229,550,550,50,0
6128,46,275,5,1,15,54,12,38,27.000,54.000,27.000,220,220,279,550,550,50,0
6129,46,275,5,1,15,47,11,35,24.333,47.000,22.667,220,220,329,550,550,50,0
6130,46,275,5,1,14,39,11,33,21.333,39.000,17.667,220,220,379,550,550,50,0
6131,46,275,5,1,14,33,11,30,19.333,33.000,13.667,220,220,429,550,550,50,0
6132,46,275,5,1,13,25,10,27,16.000,25.000,9.000,220,220,479,550,550,50,0
6133,46,275,5,1,13,19,10,25,14.000,19.000,5.000,220,220,529,550,550,50,0
6134,46,275,5,1,15,12,10,23,12.333,12.000,-0.333,220,220,579,550,550,50,1
6135,46,275,5,1,12,6,9,20,9.000,6.000,-3.000,220,220,629,600,600,50,0
6136,46,275,5,1,12,0,9,18,7.000,0.000,-7.000,220,220,679,600,600,50,0
6137,46,275,5,1,11,0,8,15,6.333,0.000,-6.333,220,220,729,600,600,50,0
6138,46,275,5,1,11,0,8,12,6.333,0.000,-6.333,220,220,779,600,600,50,0
6139,46,275,5,1,11,0,7,10,6.000,0.000,-6.000,220,220,829,600,600,50,0
6140,46,275,5,1,10,0,7,7,5.667,0.000,-5.667,220,220,879,600,600,50,0
6141,46,275,5,1,10,0,6,4,5.333,0.000,-5.333,220,220,929,600,600,50,0
6142,46,275,5,1,9,0,6,1,5.000,0.000,-5.000,220,220,979,600,600,50,0
6143,46,275,5,1,8,0,5,0,4.333,0.000,-4.333,220,220,1029,600,600,50,0
6144,46,275,5,1,8,0,5,0,4.333,0.000,-4.333,220,220,1079,600,600,50,0
6145,46,275,5,1,8,0,5,0,4.333,0.000,-4.333,220,220,1129,600,600,50,0
6146,46,275,5,1,7,0,4,0,3.667,0.000,-3.667,220,220,1179,600,600,50,0
6147,46,275,5,1,7,0,3,0,3.333,0.000,-3.333,220,220,1229,600,600,50,0
6148,46,276,6,1,0,6,7,0,4.333,0.000,-4.333,220,220,79,600,600,50,0
6149,46,276,6,1,0,6,6,0,4.000,0.000,-4.000,220,220,129,600,600,50,0
6150,46,276,6,1,0,7,7,3,4.667,0.000,-4.667,220,220,179,600,600,50,0
6151,46,276,6,1,0,8,7,6,5.000,0.000,-5.000,220,220,229,600,600,50,0
6152,46,276,6,1,0,7,7,9,4.667,0.000,-4.667,220,220,279,600,600,50,0
6153,46,276,6,1,0,9,8,12,5.667,0.000,-5.667,220,220,329,600,600,50,0
6154,46,276,6,1,0,9,8,15,5.667,0.000,-5.667,220,220,379,600,600,50,0
6155,46,276,6,1,0,10,9,18,6.333,0.000,-6.333,220,220,429,600,600,50,0
6156,46,276,6,1,8,10,9,20,9.000,8.000,-1.000,220,220,479,600,600,50,0
6157,46,276,6,1,15,10,9,23,11.333,15.000,3.667,220,220,529,575,575,50,1
6158,46,276,6,1,22,11,10,25,14.333,22.000,7.667,220,220,579,575,575,50,0
6159,46,276,6,1,29,11,10,28,16.667,29.000,12.333,220,220,629,575,575,50,0
6160,46,276,6,1,37,12,10,30,19.667,37.000,17.333,220,220,679,575,575,50,0
6161,46,276,6,1,44,12,11,33,22.333,44.000,21.667,220,220,729,575,575,50,0
6162,46,276,6,1,51,13,11,36,25.000,51.000,26.000,220,220,779,575,575,50,0
6163,46,276,6,1,58,13,12,39,27.667,58.000,30.333,220,220,829,575,575,50,0
6164,46,276,6,1,65,14,12,41,30.333,65.000,34.667,220,220,879,575,575,50,0
6165,46,276,6,1,72,14,12,44,32.667,72.000,39.333,220,220,929,575,575,50,0
6166,46,276,6,1,79,14,12,46,35.000,79.000,44.000,220,220,979,575,575,50,0
6167,46,276,6,1,85,14,13,49,37.333,85.000,47.667,220,220,1029,575,575,50,0
6168,46,276,6,1,93,15,13,51,40.333,93.000,52.667,220,220,1079,575,575,50,0
6169,47,277,1,1,15,11,78,45,34.667,78.000,43.333,220,220,53,575,575,50,0
6170,47,277,1,1,18,14,73,46,35.000,73.000,38.000,220,220,103,575,575,50,0
6171,47,277,1,1,16,14,65,43,31.667,65.000,33.333,220,220,153,575,575,50,0
6172,47,277,1,1,19,13,57,41,29.667,57.000,27.333,220,220,203,575,575,50,0
6173,47,277,1,1,15,12,49,37,25.333,49.000,23.667,220,220,253,575,575,50,0
6174,47,277,1,1,15,12,42,34,23.000,42.000,19.000,220,220,303,575,575,50,0
6175,47,277,1,1,15,12,35,32,20.667,35.000,14.333,220,220,353,575,575,50,0
6176,47,277,1,1,14,11,28,29,17.667,28.000,10.333,220,220,403,575,575,50,0
6177,47,277,1,1,14,11,21,26,15.333,21.000,5.667,220,220,453,575,575,50,0
6178,47,277,1,1,13,10,15,24,12.667,15.000,2.333,220,220,503,575,575,50,0
6179,47,277,1,1,13,10,8,21,10.333,8.000,-2.333,220,220,553,575,575,50,1
6180,47,277,1,1,12,10,1,19,7.667,1.000,-6.667,220,220,603,575,575,50,0
6181,47,277,1,1,11,9,0,16,6.667,0.000,-6.667,220,220,653,575,575,50,0
6182,47,277,1,1,12,9,0,13,7.000,0.000,-7.000,220,220,703,575,575,50,0
6183,47,277,1,1,11,9,0,11,6.667,0.000,-6.667,220,220,753,575,575,50,0
6184,47,277,1,1,11,8,0,7,6.333,0.000,-6.333,220,220,803,575,575,50,0
6185,47,277,1,1,10,7,0,5,5.667,0.000,-5.667,220,220,853,575,575,50,0
6186,47,277,1,1,9,7,0,2,5.333,0.000,-5.333,220,220,903,575,575,50,0
6187,47,277,1,1,9,7,0,0,5.333,0.000,-5.333,220,220,953,575,575,50,0
6188,47,277,1,1,8,6,0,0,4.667,0.000,-4.667,220,220,1003,575,575,50,0
6189,47,277,1,1,8,6,0,0,4.667,0.000,-4.667,220,220,1053,575,575,50,0
6190,47,277,1,1,7,5,0,0,4.000,0.000,-4.000,220,220,1103,575,575,50,0
6191,47,278,2,1,16,0,5,0,7.000,0.000,-7.000,220,220,54,575,575,50,0
6192,47,278,2,1,10,0,4,0,4.667,0.000,-4.667,220,220,104,575,575,50,0
6193,47,278,2,1,9,0,5,0,4.667,0.000,-4.667,220,220,154,575,575,50,0
6194,47,278,2,1,10,0,6,2,5.333,0.000,-5.333,220,220,204,575,575,50,0
6195,47,278,2,1,10,0,6,5,5.333,0.000,-5.333,220,220,254,575,575,50,0
6196,47,278,2,1,10,0,7,7,5.667,0.000,-5.667,220,220,304,575,575,50,0
6197,47,278,2,1,10,0,7,10,5.667,0.000,-5.667,220,220,354,575,575,50,0
6198,47,278,2,1,12,0,8,14,6.667,0.000,-6.667,220,220,404,575,575,50,0
6199,47,278,2,1,12,0,8,16,6.667,0.000,-6.667,220,220,454,575,575,50,0
6200,47,278,2,1,12,2,8,19,7.333,2.000,-5.333,220,220,504,575,575,50,0
6201,47,278,2,1,13,8,9,21,10.000,8.000,-2.000,220,220,554,575,575,50,0
6202,47,278,2,1,13,15,9,24,12.333,15.000,2.667,220,220,604,600,600,50,1
6203,47,278,2,1,13,22,9,26,14.667,22.000,7.333,220,220,654,600,600,50,0
6204,47,278,2,1,14,29,10,29,17.667,29.000,11.333,220,220,704,600,600,50,0
6205,47,278,2,1,14,36,10,31,20.000,36.000,16.000,220,220,754,600,600,50,0
6206,47,278,2,1,15,43,11,34,23.000,43.000,20.000,220,220,804,600,600,50,0
6207,47,278,2,1,15,51,11,36,25.667,51.000,25.333,220,220,854,600,600,50,0
6208,47,278,2,1,16,58,12,39,28.667,58.000,29.333,220,220,904,600,600,50,0
6209,47,278,2,1,16,65,12,42,31.000,65.000,34.000,220,220,954,600,600,50,0
6210,47,278,2,1,16,73,13,45,34.000,73.000,39.000,220,220,1004,600,600,50,0
6211,47,278,2,1,19,80,13,48,37.333,80.000,42.667,220,220,1054,600,600,50,0
6212,47,278,2,1,17,88,13,50,39.333,88.000,48.667,220,220,1104,600,600,50,0
6213,47,278,2,1,17,95,14,53,42.000,95.000,53.000,220,220,1154,600,600,50,0
6214,47,278,2,1,17,103,14,56,44.667,103.000,58.333,220,220,1204,600,600,50,0
6215,47,279,3,1,79,15,12,46,35.333,79.000,43.667,220,220,80,600,600,50,0
6216,47,279,3,1,71,14,13,43,32.667,71.000,38.333,220,220,130,600,600,50,0
6217,47,279,3,1,64,14,12,41,30.000,64.000,34.000,220,220,180,600,600,50,0
6218,47,279,3,1,55,13,11,38,26.333,55.000,28.667,220,220,230,600,600,50,0
6219,47,279,3,1,48,13,11,34,24.000,48.000,24.000,220,220,280,600,600,50,0
6220,47,279,3,1,41,12,10,32,21.000,41.000,20.000,220,220,330,600,600,50,0
6221,47,279,3,1,33,11,10,29,18.000,33.000,15.000,220,220,380,600,600,50,0
6222,47,279,3,1,25,11,10,26,15.333,25.000,9.667,220,220,430,600,600,50,0
6223,47,279,3,1,19,11,9,24,13.000,19.000,6.000,220,220,480,600,600,50,0
6224,47,279,3,1,12,11,9,21,10.667,12.000,1.333,220,220,530,600,600,50,0
6225,47,279,3,1,4,10,8,19,7.333,4.000,-3.333,220,220,580,600,600,50,1
6226,47,279,3,1,0,10,8,16,6.000,0.000,-6.000,220,220,630,600,600,50,0
6227,47,279,3,1,0,9,8,13,5.667,0.000,-5.667,220,220,680,600,600,50,0
6228,47,279,3,1,0,9,7,11,5.333,0.000,-5.333,220,220,730,600,600,50,0
6229,47,279,3,1,0,8,7,7,5.000,0.000,-5.000,220,220,780,600,600,50,0
6230,47,279,3,1,0,8,6,5,4.667,0.000,-4.667,220,220,830,600,600,50,0
6231,47,279,3,1,0,7,6,2,4.333,0.000,-4.333,220,220,880,600,600,50,0
6232,47,279,3,1,0,7,6,0,4.333,0.000,-4.333,220,220,930,600,600,50,0
6233,47,279,3,1,0,6,5,0,3.667,0.000,-3.667,220,220,980,600,600,50,0
6234,47,279,3,1,0,6,5,0,3.667,0.000,-3.667,220,220,1030,600,600,50,0
6235,47,279,3,1,0,5,4,0,3.000,0.000,-3.000,220,220,1080,600,600,50,0
6236,47,279,3,1,0,4,4,0,2.667,0.000,-2.667,220,220,1130,600,600,50,0
6237,47,279,3,1,0,4,3,0,2.333,0.000,-2.333,220,220,1180,600,600,50,0
6238,47,280,4,1,8,8,0,0,5.333,0.000,-5.333,220,220,80,600,600,50,0
6239,47,280,4,1,9,8,0,3,5.667,0.000,-5.667,220,220,130,600,600,50,0
6240,47,280,4,1,10,8,0,6,6.000,0.000,-6.000,220,220,180,600,600,50,0
6241,47,280,4,1,10,8,0,9,6.000,0.000,-6.000,220,220,230,600,600,50,0
6242,47,280,4,1,10,9,0,11,6.333,0.000,-6.333,220,220,280,600,600,50,0
6243,47,280,4,1,10,9,0,14,6.333,0.000,-6.333,220,220,330,600,600,50,0
6244,47,280,4,1,11,10,0,17,7.000,0.000,-7.000,220,220,380,600,600,50,0
6245,47,280,4,1,11,10,2,19,7.667,2.000,-5.667,220,220,430,600,600,50,0
6246,47,280,4,1,12,10,9,22,10.333,9.000,-1.333,220,220,480,600,600,50,0
6247,47,280,4,1,12,11,15,24,12.667,15.000,2.333,220,220,530,575,575,50,1
6248,47,280,4,1,13,11,22,26,15.333,22.000,6.667,220,220,580,575,575,50,0
6249,47,280,4,1,16,12,30,30,19.333,30.000,10.667,220,220,630,575,575,50,0
6250,47,280,4,1,14,12,36,32,20.667,36.000,15.333,220,220,680,575,575,50,0
6251,47,280,4,1,14,12,43,34,23.000,43.000,20.000,220,220,730,575,575,50,0
6252,47,280,4,1,14,13,50,37,25.667,50.000,24.333,220,220,780,575,575,50,0
6253,47,280,4,1,15,13,57,40,28.333,57.000,28.667,220,220,830,575,575,50,0
6254,47,280,4,1,15,13,64,43,30.667,64.000,33.333,220,220,880,575,575,50,0
6255,47,280,4,1,15,14,71,45,33.333,71.000,37.667,220,220,930,575,575,50,0
6256,47,280,4,1,16,14,79,47,36.333,79.000,42.667,220,220,980,575,575,50,0
6257,47,280,4,1,17,14,87,51,39.333,87.000,47.667,220,220,1030,575,575,50,0
6258,47,280,4,1,17,15,94,53,42.000,94.000,52.000,220,220,1080,575,575,50,0
6259,47,281,5,1,12,76,13,44,33.667,76.000,42.333,220,220,54,575,575,50,0
6260,47,281,5,1,16,71,14,45,33.667,71.000,37.333,220,220,104,575,575,50,0
6261,47,281,5,1,16,64,13,42,31.000,64.000,33.000,220,220,154,575,575,50,0
6262,47,281,5,1,15,56,12,39,27.667,56.000,28.333,220,220,204,575,575,50,0
6263,47,281,5,1,15,48,11,36,24.667,48.000,23.333,220,220,254,575,575,50,0
6264,47,281,5,1,14,41,11,33,22.000,41.000,19.000,220,220,304,575,575,50,0
6265,47,281,5,1,14,34,11,30,19.667,34.000,14.333,220,220,354,575,575,50,0
6266,47,281,5,1,13,27,11,28,17.000,27.000,10.000,220,220,404,575,575,50,0
6267,47,281,5,1,13,19,10,25,14.000,19.000,5.000,220,220,454,575,575,50,0
6268,47,281,5,1,15,12,9,23,12.000,12.000,0.000,220,220,504,575,575,50,1
6269,47,281,5,1,12,6,9,20,9.000,6.000,-3.000,220,220,554,575,575,50,0
6270,47,281,5,1,12,0,8,18,6.667,0.000,-6.667,220,220,604,575,575,50,0
6271,47,281,5,1,11,0,8,15,6.333,0.000,-6.333,220,220,654,575,575,50,0
6272,47,281,5,1,11,0,8,12,6.333,0.000,-6.333,220,220,704,575,575,50,0
6273,47,281,5,1,10,0,7,10,5.667,0.000,-5.667,220,220,754,575,575,50,0
6274,47,281,5,1,10,0,7,6,5.667,0.000,-5.667,220,220,804,575,575,50,0
6275,47,281,5,1,9,0,6,3,5.000,0.000,-5.000,220,220,854,575,575,50,0
6276,47,281,5,1,9,0,6,1,5.000,0.000,-5.000,220,220,904,575,575,50,0
6277,47,281,5,1,8,0,6,0,4.667,0.000,-4.667,220,220,954,575,575,50,0
6278,47,281,5,1,8,0,5,0,4.333,0.000,-4.333,220,220,1004,575,575,50,0
6279,47,281,5,1,7,0,4,0,3.667,0.000,-3.667,220,220,1054,575,575,50,0
6280,47,281,5,1,7,0,4,0,3.667,0.000,-3.667,220,220,1104,575,575,50,0
6281,47,282,6,1,0,8,8,0,5.333,0.000,-5.333,220,220,54,575,575,50,0
6282,47,282,6,1,0,5,7,0,4.000,0.000,-4.000,220,220,104,575,575,50,0
6283,47,282,6,1,0,6,6,1,4.000,0.000,-4.000,220,220,154,575,575,50,0
6284,47,282,6,1,0,7,6,3,4.333,0.000,-4.333,220,220,204,575,575,50,0
6285,47,282,6,1,0,8,7,6,5.000,0.000,-5.000,220,220,254,575,575,50,0
6286,47,282,6,1,0,8,7,9,5.000,0.000,-5.000,220,220,304,575,575,50,0
6287,47,282,6,1,0,9,8,12,5.667,0.000,-5.667,220,220,354,575,575,50,0
6288,47,282,6,1,0,9,8,15,5.667,0.000,-5.667,220,220,404,575,575,50,0
6289,47,282,6,1,0,9,8,17,5.667,0.000,-5.667,220,220,454,575,575,50,0
6290,47,282,6,1,6,10,9,20,8.333,6.000,-2.333,220,220,504,575,575,50,0
6291,47,282,6,1,13,10,9,22,10.667,13.000,2.333,220,220,554,575,575,50,1
6292,47,282,6,1,20,11,10,25,13.667,20.000,6.333,220,220,604,575,575,50,0
6293,47,282,6,1,27,11,10,27,16.000,27.000,11.000,220,220,654,575,575,50,0
6294,47,282,6,1,34,11,10,30,18.333,34.000,15.667,220,220,704,575,575,50,0
6295,47,282,6,1,42,12,11,33,21.667,42.000,20.333,220,220,754,575,575,50,0
6296,47,282,6,1,49,12,11,35,24.000,49.000,25.000,220,220,804,575,575,50,0
6297,47,282,6,1,56,12,11,38,26.333,56.000,29.667,220,220,854,575,575,50,0
6298,47,282,6,1,63,13,12,41,29.333,63.000,33.667,220,220,904,575,575,50,0
6299,47,282,6,1,70,13,12,43,31.667,70.000,38.333,220,220,954,575,575,50,0
6300,47,282,6,1,78,14,13,46,35.000,78.000,43.000,220,220,1004,575,575,50,0
6301,47,282,6,1,84,14,13,48,37.000,84.000,47.000,220,220,1054,575,575,50,0
6302,47,282,6,1,91,15,13,51,39.667,91.000,51.333,220,220,1104,575,575,50,0
6303,48,283,1,1,16,11,85,48,37.333,85.000,47.667,220,220,54,575,575,50,0
6304,48,283,1,1,18,14,78,48,36.667,78.000,41.333,220,220,104,575,575,50,0
6305,48,283,1,1,17,13,70,45,33.333,70.000,36.667,220,220,154,575,575,50,0
6306,48,283,1,1,19,13,62,42,31.333,62.000,30.667,220,220,204,575,575,50,0
6307,48,283,1,1,16,13,54,38,27.667,54.000,26.333,220,220,254,575,575,50,0
6308,48,283,1,1,15,13,46,36,24.667,46.000,21.333,220,220,304,575,575,50,0
6309,48,283,1,1,15,12,38,33,21.667,38.000,16.333,220,220,354,575,575,50,0
6310,48,283,1,1,14,12,31,30,19.000,31.000,12.000,220,220,404,575,575,50,0
6311,48,283,1,1,14,11,24,27,16.333,24.000,7.667,220,220,454,575,575,50,0
6312,48,283,1,1,13,11,17,25,13.667,17.000,3.333,220,220,504,575,575,50,0
6313,48,283,1,1,13,10,10,22,11.000,10.000,-1.000,220,220,554,575,575,50,1
6314,48,283,1,1,12,10,3,20,8.333,3.000,-5.333,220,220,604,575,575,50,0
6315,48,283,1,1,12,9,0,17,7.000,0.000,-7.000,220,220,654,575,575,50,0
6316,48,283,1,1,12,9,0,14,7.000,0.000,-7.000,220,220,704,575,575,50,0
6317,48,283,1,1,10,9,0,11,6.333,0.000,-6.333,220,220,754,575,575,50,0
6318,48,283,1,1,11,8,0,9,6.333,0.000,-6.333,220,220,804,575,575,50,0
6319,48,283,1,1,10,8,0,6,6.000,0.000,-6.000,220,220,854,575,575,50,0
6320,48,283,1,1,10,8,0,4,6.000,0.000,-6.000,220,220,904,575,575,50,0
6321,48,283,1,1,9,7,0,1,5.333,0.000,-5.333,220,220,954,575,575,50,0
6322,48,283,1,1,9,6,0,0,5.000,0.000,-5.000,220,220,1004,575,575,50,0
6323,48,283,1,1,8,6,0,0,4.667,0.000,-4.667,220,220,1054,575,575,50,0
6324,48,283,1,1,7,5,0,0,4.000,0.000,-4.000,220,220,1104,575,575,50,0
6325,48,284,2,1,13,0,5,0,6.000,0.000,-6.000,220,220,54,575,575,50,0
6326,48,284,2,1,12,0,4,0,5.333,0.000,-5.333,220,220,104,575,575,50,0
6327,48,284,2,1,9,0,5,0,4.667,0.000,-4.667,220,220,154,575,575,50,0
6328,48,284,2,1,9,0,6,1,5.000,0.000,-5.000,220,220,204,575,575,50,0
6329,48,284,2,1,10,0,6,4,5.333,0.000,-5.333,220,220,254,575,575,50,0
6330,48,284,2,1,10,0,7,6,5.667,0.000,-5.667,220,220,304,575,575,50,0
6331,48,284,2,1,10,0,7,9,5.667,0.000,-5.667,220,220,354,575,575,50,0
6332,48,284,2,1,11,0,8,12,6.333,0.000,-6.333,220,220,404,575,575,50,0
6333,48,284,2,1,11,0,8,14,6.333,0.000,-6.333,220,220,454,575,575,50,0
6334,48,284,2,1,12,0,8,17,6.667,0.000,-6.667,220,220,504,575,575,50,0
6335,48,284,2,1,12,5,8,20,8.333,5.000,-3.333,220,220,554,575,575,50,0
6336,48,284,2,1,13,12,9,22,11.333,12.000,0.667,220,220,604,600,600,50,1
6337,48,284,2,1,13,19,9,25,13.667,19.000,5.333,220,220,654,600,600,50,0
6338,48,284,2,1,14,26,10,27,16.667,26.000,9.333,220,220,704,600,600,50,0
6339,48,284,2,1,14,32,10,30,18.667,32.000,13.333,220,220,754,600,600,50,0
6340,48,284,2,1,15,41,10,33,22.000,41.000,19.000,220,220,804,600,600,50,0
6341,48,284,2,1,15,48,11,36,24.667,48.000,23.333,220,220,854,600,600,50,0
6342,48,284,2,1,15,55,11,38,27.000,55.000,28.000,220,220,904,600,600,50,0
6343,48,284,2,1,16,63,12,41,30.333,63.000,32.667,220,220,954,600,600,50,0
6344,48,284,2,1,16,70,13,44,33.000,70.000,37.000,220,220,1004,600,600,50,0
6345,48,284,2,1,19,79,13,47,37.000,79.000,42.000,220,220,1054,600,600,50,0
6346,48,284,2,1,17,86,13,49,38.667,86.000,47.333,220,220,1104,600,600,50,0
6347,48,284,2,1,17,94,14,53,41.667,94.000,52.333,220,220,1154,600,600,50,0
6348,48,284,2,1,18,102,14,56,44.667,102.000,57.333,220,220,1204,600,600,50,0
6349,48,285,3,1,78,15,12,46,35.000,78.000,43.000,220,220,80,600,600,50,0
6350,48,285,3,1,71,14,12,43,32.333,71.000,38.667,220,220,130,600,600,50,0
6351,48,285,3,1,63,14,12,40,29.667,63.000,33.333,220,220,180,600,600,50,0
6352,48,285,3,1,55,13,11,38,26.333,55.000,28.667,220,220,230,600,600,50,0
6353,48,285,3,1,47,12,11,34,23.333,47.000,23.667,220,220,280,600,600,50,0
6354,48,285,3,1,39,12,10,31,20.333,39.000,18.667,220,220,330,600,600,50,0
6355,48,285,3,1,32,12,10,29,18.000,32.000,14.000,220,220,380,600,600,50,0
6356,48,285,3,1,26,11,9,26,15.333,26.000,10.667,220,220,430,600,600,50,0
6357,48,285,3,1,18,11,9,24,12.667,18.000,5.333,220,220,480,600,600,50,0
6358,48,285,3,1,12,11,9,21,10.667,12.000,1.333,220,220,530,600,600,50,0
6359,48,285,3,1,5,10,8,18,7.667,5.000,-2.667,220,220,580,600,600,50,1
6360,48,285,3,1,0,10,8,16,6.000,0.000,-6.000,220,220,630,600,600,50,0
6361,48,285,3,1,0,9,8,13,5.667,0.000,-5.667,220,220,680,600,600,50,0
6362,48,285,3,1,0,9,7,11,5.333,0.000,-5.333,220,220,730,600,600,50,0
6363,48,285,3,1,0,8,7,8,5.000,0.000,-5.000,220,220,780,600,600,50,0
6364,48,285,3,1,0,8,7,5,5.000,0.000,-5.000,220,220,830,600,600,50,0
6365,48,285,3,1,0,7,6,3,4.333,0.000,-4.333,220,220,880,600,600,50,0
6366,48,285,3,1,0,7,6,0,4.333,0.000,-4.333,220,220,930,600,600,50,0
6367,48,285,3,1,0,6,5,0,3.667,0.000,-3.667,220,220,980,600,600,50,0
6368,48,285,3,1,0,6,5,0,3.667,0.000,-3.667,220,220,1030,600,600,50,0
6369,48,285,3,1,0,6,4,0,3.333,0.000,-3.333,220,220,1080,600,600,50,0
6370,48,285,3,1,0,5,4,0,3.000,0.000,-3.000,220,220,1130,600,600,50,0
6371,48,285,3,1,0,4,4,0,2.667,0.000,-2.667,220,220,1180,600,600,50,0
6372,48,286,4,1,8,8,0,0,5.333,0.000,-5.333,220,220,80,600,600,50,0
6373,48,286,4,1,9,8,0,1,5.667,0.000,-5.667,220,220,130,600,600,50,0
6374,48,286,4,1,9,8,0,4,5.667,0.000,-5.667,220,220,180,600,600,50,0
6375,48,286,4,1,10,8,0,7,6.000,0.000,-6.000,220,220,230,600,600,50,0
6376,48,286,4,1,10,9,0,9,6.333,0.000,-6.333,220,220,280,600,600,50,0
6377,48,286,4,1,10,9,0,13,6.333,0.000,-6.333,220,220,330,600,600,50,0
6378,48,286,4,1,11,9,0,15,6.667,0.000,-6.667,220,220,380,600,600,50,0
6379,48,286,4,1,12,10,0,18,7.333,0.000,-7.333,220,220,430,600,600,50,0
6380,48,286,4,1,12,10,5,20,9.000,5.000,-4.000,220,220,480,600,600,50,0
6381,48,286,4,1,12,11,12,23,11.667,12.000,0.333,220,220,530,575,575,50,1
6382,48,286,4,1,13,11,20,26,14.667,20.000,5.333,220,220,580,575,575,50,0
6383,48,286,4,1,16,11,26,29,17.667,26.000,8.333,220,220,630,575,575,50,0
6384,48,286,4,1,13,12,34,31,19.667,34.000,14.333,220,220,680,575,575,50,0
6385,48,286,4,1,14,12,41,34,22.333,41.000,18.667,220,220,730,575,575,50,0
6386,48,286,4,1,14,13,48,36,25.000,48.000,23.000,220,220,780,575,575,50,0
6387,48,286,4,1,15,13,55,39,27.667,55.000,27.333,220,220,830,575,575,50,0
6388,48,286,4,1,15,13,63,41,30.333,63.000,32.667,220,220,880,575,575,50,0
6389,48,286,4,1,16,13,70,44,33.000,70.000,37.000,220,220,930,575,575,50,0
6390,48,286,4,1,16,15,78,48,36.333,78.000,41.667,220,220,980,575,575,50,0
6391,48,286,4,1,16,14,85,50,38.333,85.000,46.667,220,220,1030,575,575,50,0
6392,48,286,4,1,17,15,92,53,41.333,92.000,50.667,220,220,1080,575,575,50,0
6393,48,287,5,1,12,80,13,46,35.000,80.000,45.000,220,220,54,575,575,50,0
6394,48,287,5,1,16,75,13,46,34.667,75.000,40.333,220,220,104,575,575,50,0
6395,48,287,5,1,16,67,13,43,32.000,67.000,35.000,220,220,154,575,575,50,0
6396,48,287,5,1,16,59,12,40,29.000,59.000,30.000,220,220,204,575,575,50,0
6397,48,287,5,1,15,52,11,37,26.000,52.000,26.000,220,220,254,575,575,50,0
6398,48,287,5,1,14,44,11,34,23.000,44.000,21.000,220,220,304,575,575,50,0
6399,48,287,5,1,14,37,11,32,20.667,37.000,16.333,220,220,354,575,575,50,0
6400,48,287,5,1,13,30,10,29,17.667,30.000,12.333,220,220,404,575,575,50,0
6401,48,287,5,1,13,23,10,26,15.333,23.000,7.667,220,220,454,575,575,50,0
6402,48,287,5,1,13,16,10,24,13.000,16.000,3.000,220,220,504,575,575,50,0
6403,48,287,5,1,15,9,9,22,11.000,9.000,-2.000,220,220,554,575,575,50,1
6404,48,287,5,1,12,3,8,19,7.667,3.000,-4.667,220,220,604,575,575,50,0
6405,48,287,5,1,11,0,8,16,6.333,0.000,-6.333,220,220,654,575,575,50,0
6406,48,287,5,1,11,0,8,14,6.333,0.000,-6.333,220,220,704,575,575,50,0
6407,48,287,5,1,11,0,8,11,6.333,0.000,-6.333,220,220,754,575,575,50,0
6408,48,287,5,1,10,0,7,8,5.667,0.000,-5.667,220,220,804,575,575,50,0
6409,48,287,5,1,10,0,6,6,5.333,0.000,-5.333,220,220,854,575,575,50,0
6410,48,287,5,1,9,0,6,3,5.000,0.000,-5.000,220,220,904,575,575,50,0
6411,48,287,5,1,9,0,6,0,5.000,0.000,-5.000,220,220,954,575,575,50,0
6412,48,287,5,1,8,0,5,0,4.333,0.000,-4.333,220,220,1004,575,575,50,0
6413,48,287,5,1,8,0,5,0,4.333,0.000,-4.333,220,220,1054,575,575,50,0
6414,48,287,5,1,7,0,4,0,3.667,0.000,-3.667,220,220,1104,575,575,50,0
6415,48,288,6,1,0,7,8,0,5.000,0.000,-5.000,220,220,54,575,575,50,0
6416,48,288,6,1,0,5,6,0,3.667,0.000,-3.667,220,220,104,575,575,50,0
6417,48,288,6,1,0,6,6,0,4.000,0.000,-4.000,220,220,154,575,575,50,0
6418,48,288,6,1,0,7,6,3,4.333,0.000,-4.333,220,220,204,575,575,50,0
6419,48,288,6,1,0,8,7,5,5.000,0.000,-5.000,220,220,254,575,575,50,0
6420,48,288,6,1,0,8,7,8,5.000,0.000,-5.000,220,220,304,575,575,50,0
6421,48,288,6,1,0,8,7,12,5.000,0.000,-5.000,220,220,354,575,575,50,0
6422,48,288,6,1,0,9,8,14,5.667,0.000,-5.667,220,220,404,575,575,50,0
6423,48,288,6,1,0,9,8,17,5.667,0.000,-5.667,220,220,454,575,575,50,0
6424,48,288,6,1,5,10,9,20,8.000,5.000,-3.000,220,220,504,575,575,50,0
6425,48,288,6,1,12,10,9,22,10.333,12.000,1.667,220,220,554,575,575,50,1
6426,48,288,6,1,19,10,10,24,13.000,19.000,6.000,220,220,604,575,575,50,0
6427,48,288,6,1,27,11,10,27,16.000,27.000,11.000,220,220,654,575,575,50,0
6428,48,288,6,1,34,11,10,29,18.333,34.000,15.667,220,220,704,575,575,50,0
6429,48,288,6,1,41,12,11,32,21.333,41.000,19.667,220,220,754,575,575,50,0
6430,48,288,6,1,49,12,11,35,24.000,49.000,25.000,220,220,804,575,575,50,0
6431,48,288,6,1,56,13,11,38,26.667,56.000,29.333,220,220,854,575,575,50,0
6432,48,288,6,1,63,13,12,41,29.333,63.000,33.667,220,220,904,575,575,50,0
6433,48,288,6,1,70,14,12,44,32.000,70.000,38.000,220,220,954,575,575,50,0
6434,48,288,6,1,78,14,12,46,34.667,78.000,43.333,220,220,1004,575,575,50,0
6435,48,288,6,1,85,14,13,48,37.333,85.000,47.667,220,220,1054,575,575,50,0
6436,48,288,6,1,92,15,13,51,40.000,92.000,52.000,220,220,1104,575,575,50,0
6437,49,289,1,1,15,11,82,47,36.000,82.000,46.000,220,220,54,575,575,50,0
6438,49,289,1,1,18,13,78,48,36.333,78.000,41.667,220,220,104,575,575,50,0
6439,49,289,1,1,17,14,70,45,33.667,70.000,36.333,220,220,154,575,575,50,0
6440,49,289,1,1,19,13,61,42,31.000,61.000,30.000,220,220,204,575,575,50,0
6441,49,289,1,1,15,13,54,38,27.333,54.000,26.667,220,220,254,575,575,50,0
6442,49,289,1,1,15,12,47,36,24.667,47.000,22.333,220,220,304,575,575,50,0
6443,49,289,1,1,14,12,40,33,22.000,40.000,18.000,220,220,354,575,575,50,0
6444,49,289,1,1,14,11,32,30,19.000,32.000,13.000,220,220,404,575,575,50,0
6445,49,289,1,1,14,11,25,28,16.667,25.000,8.333,220,220,454,575,575,50,0
6446,49,289,1,1,14,11,19,26,14.667,19.000,4.333,220,220,504,575,575,50,0
6447,49,289,1,1,13,10,12,23,11.667,12.000,0.333,220,220,554,575,575,50,0
6448,49,289,1,1,12,10,5,20,9.000,5.000,-4.000,220,220,604,600,600,50,1
6449,49,289,1,1,12,10,0,18,7.333,0.000,-7.333,220,220,654,600,600,50,0
6450,49,289,1,1,12,9,0,16,7.000,0.000,-7.000,220,220,704,600,600,50,0
6451,49,289,1,1,11,9,0,13,6.667,0.000,-6.667,220,220,754,600,600,50,0
6452,49,289,1,1,11,8,0,10,6.333,0.000,-6.333,220,220,804,600,600,50,0
6453,49,289,1,1,10,8,0,7,6.000,0.000,-6.000,220,220,854,600,600,50,0
6454,49,289,1,1,10,8,0,4,6.000,0.000,-6.000,220,220,904,600,600,50,0
6455,49,289,1,1,9,7,0,2,5.333,0.000,-5.333,220,220,954,600,600,50,0
6456,49,289,1,1,9,6,0,0,5.000,0.000,-5.000,220,220,1004,600,600,50,0
6457,49,289,1,1,8,6,0,0,4.667,0.000,-4.667,220,220,1054,600,600,50,0
6458,49,289,1,1,8,6,0,0,4.667,0.000,-4.667,220,220,1104,600,600,50,0
6459,49,289,1,1,7,6,0,0,4.333,0.000,-4.333,220,220,1154,600,600,50,0
6460,49,289,1,1,7,5,0,0,4.000,0.000,-4.000,220,220,1204,600,600,50,0
6461,49,290,2,1,10,0,4,0,4.667,0.000,-4.667,220,220,79,600,600,50,0
6462,49,290,2,1,10,0,5,0,5.000,0.000,-5.000,220,220,129,600,600,50,0
6463,49,290,2,1,9,0,6,2,5.000,0.000,-5.000,220,220,179,600,600,50,0
6464,49,290,2,1,10,0,6,4,5.333,0.000,-5.333,220,220,229,600,600,50,0
6465,49,290,2,1,10,0,7,8,5.667,0.000,-5.667,220,220,279,600,600,50,0
6466,49,290,2,1,11,0,7,10,6.000,0.000,-6.000,220,220,329,600,600,50,0
6467,49,290,2,1,11,0,7,13,6.000,0.000,-6.000,220,220,379,600,600,50,0
6468,49,290,2,1,12,0,8,16,6.667,0.000,-6.667,220,220,429,600,600,50,0
6469,49,290,2,1,12,2,8,19,7.333,2.000,-5.333,220,220,479,600,600,50,0
6470,49,290,2,1,13,9,8,21,10.000,9.000,-1.000,220,220,529,600,600,50,0
6471,49,290,2,1,13,16,9,24,12.667,16.000,3.333,220,220,579,600,600,50,1
6472,49,290,2,1,13,23,9,27,15.000,23.000,8.000,220,220,629,600,600,50,0
6473,49,290,2,1,14,30,10,29,18.000,30.000,12.000,220,220,679,600,600,50,0
6474,49,290,2,1,15,37,10,32,20.667,37.000,16.333,220,220,729,600,600,50,0
6475,49,290,2,1,14,45,11,34,23.333,45.000,21.667,220,220,779,600,600,50,0
6476,49,290,2,1,15,52,11,37,26.000,52.000,26.000,220,220,829,600,600,50,0
6477,49,290,2,1,15,59,12,40,28.667,59.000,30.333,220,220,879,600,600,50,0
6478,49,290,2,1,16,67,12,43,31.667,67.000,35.333,220,220,929,600,600,50,0
6479,49,290,2,1,19,74,13,46,35.333,74.000,38.667,220,220,979,600,600,50,0
6480,49,290,2,1,16,82,13,48,37.000,82.000,45.000,220,220,1029,600,600,50,0
6481,49,290,2,1,17,88,14,50,39.667,88.000,48.333,220,220,1079,600,600,50,0
6482,49,290,2,1,17,96,13,53,42.000,96.000,54.000,220,220,1129,600,600,50,0
6483,49,290,2,1,17,104,14,56,45.000,104.000,59.000,220,220,1179,600,600,50,0
6484,49,291,3,1,75,15,12,45,34.000,75.000,41.000,220,220,80,600,600,50,0
6485,49,291,3,1,67,14,12,42,31.000,67.000,36.000,220,220,130,600,600,50,0
6486,49,291,3,1,59,13,11,39,27.667,59.000,31.333,220,220,180,600,600,50,0
6487,49,291,3,1,50,13,11,36,24.667,50.000,25.333,220,220,230,600,600,50,0
6488,49,291,3,1,43,12,11,33,22.000,43.000,21.000,220,220,280,600,600,50,0
6489,49,291,3,1,36,12,10,30,19.333,36.000,16.667,220,220,330,600,600,50,0
6490,49,291,3,1,29,11,10,28,16.667,29.000,12.333,220,220,380,600,600,50,0
6491,49,291,3,1,22,11,9,25,14.000,22.000,8.000,220,220,430,600,600,50,0
6492,49,291,3,1,15,11,9,23,11.667,15.000,3.333,220,220,480,600,600,50,0
6493,49,291,3,1,8,10,8,20,8.667,8.000,-0.667,220,220,530,600,600,50,1
6494,49,291,3,1,1,10,8,17,6.333,1.000,-5.333,220,220,580,600,600,50,0
6495,49,291,3,1,0,9,8,14,5.667,0.000,-5.667,220,220,630,600,600,50,0
6496,49,291,3,1,0,9,7,12,5.333,0.000,-5.333,220,220,680,600,600,50,0
6497,49,291,3,1,0,9,7,9,5.333,0.000,-5.333,220,220,730,600,600,50,0
6498,49,291,3,1,0,8,6,6,4.667,0.000,-4.667,220,220,780,600,600,50,0
6499,49,291,3,1,0,8,6,3,4.667,0.000,-4.667,220,220,830,600,600,50,0
6500,49,291,3,1,0,7,6,0,4.333,0.000,-4.333,220,220,880,600,600,50,0
6501,49,291,3,1,0,6,5,0,3.667,0.000,-3.667,220,220,930,600,600,50,0
6502,49,291,3,1,0,6,5,0,3.667,0.000,-3.667,220,220,980,600,600,50,0
6503,49,291,3,1,0,5,5,0,3.333,0.000,-3.333,220,220,1030,600,600,50,0
6504,49,291,3,1,0,5,4,0,3.000,0.000,-3.000,220,220,1080,600,600,50,0
6505,49,291,3,1,0,4,4,0,2.667,0.000,-2.667,220,220,1130,600,600,50,0
6506,49,291,3,1,0,4,4,0,2.667,0.000,-2.667,220,220,1180,600,600,50,0
6507,49,292,4,1,8,8,0,1,5.333,0.000,-5.333,220,220,80,600,600,50,0
6508,49,292,4,1,9,8,0,4,5.667,0.000,-5.667,220,220,130,600,600,50,0
6509,49,292,4,1,10,8,0,7,6.000,0.000,-6.000,220,220,180,600,600,50,0
6510,49,292,4,1,10,9,0,10,6.333,0.000,-6.333,220,220,230,600,600,50,0
6511,49,292,4,1,11,9,0,13,6.667,0.000,-6.667,220,220,280,600,600,50,0
6512,49,292,4,1,11,10,0,15,7.000,0.000,-7.000,220,220,330,600,600,50,0
6513,49,292,4,1,11,10,0,18,7.000,0.000,-7.000,220,220,380,600,600,50,0
6514,49,292,4,1,11,10,6,21,9.000,6.000,-3.000,220,220,430,600,600,50,0
6515,49,292,4,1,12,10,12,23,11.333,12.000,0.667,220,220,480,550,550,50,1
6516,49,292,4,1,12,11,19,25,14.000,19.000,5.000,220,220,530,550,550,50,0
6517,49,292,4,1,16,11,26,28,17.667,26.000,8.333,220,220,580,550,550,50,0
6518,49,292,4,1,13,12,33,31,19.333,33.000,13.667,220,220,630,550,550,50,0
6519,49,292,4,1,14,12,40,34,22.000,40.000,18.000,220,220,680,550,550,50,0
6520,49,292,4,1,14,12,47,36,24.333,47.000,22.667,220,220,730,550,550,50,0
6521,49,292,4,1,15,13,54,39,27.333,54.000,26.667,220,220,780,550,550,50,0
6522,49,292,4,1,15,14,62,42,30.333,62.000,31.667,220,220,830,550,550,50,0
6523,49,292,4,1,16,14,69,44,33.000,69.000,36.000,220,220,880,550,550,50,0
6524,49,292,4,1,16,14,75,46,35.000,75.000,40.000,220,220,930,550,550,50,0
6525,49,292,4,1,17,14,83,49,38.000,83.000,45.000,220,220,980,550,550,50,0
6526,49,292,4,1,17,14,90,52,40.333,90.000,49.667,220,220,1030,550,550,50,0
6527,49,293,5,1,17,85,14,49,38.667,85.000,46.333,220,220,79,550,550,50,0
6528,49,293,5,1,16,78,13,47,35.667,78.000,42.333,220,220,129,550,550,50,0
6529,49,293,5,1,16,70,12,44,32.667,70.000,37.333,220,220,179,550,550,50,0
6530,49,293,5,1,15,63,12,41,30.000,63.000,33.000,220,220,229,550,550,50,0
6531,49,293,5,1,15,56,12,39,27.667,56.000,28.333,220,220,279,550,550,50,0
6532,49,293,5,1,14,48,11,36,24.333,48.000,23.667,220,220,329,550,550,50,0
6533,49,293,5,1,13,41,11,34,21.667,41.000,19.333,220,220,379,550,550,50,0
6534,49,293,5,1,14,34,10,31,19.333,34.000,14.667,220,220,429,550,550,50,0
6535,49,293,5,1,13,27,10,28,16.667,27.000,10.333,220,220,479,550,550,50,0
6536,49,293,5,1,16,20,10,26,15.333,20.000,4.667,220,220,529,550,550,50,0
6537,49,293,5,1,12,13,10,22,11.667,13.000,1.333,220,220,579,550,550,50,0
6538,49,293,5,1,12,6,9,20,9.000,6.000,-3.000,220,220,629,600,600,50,1
6539,49,293,5,1,11,0,9,18,6.667,0.000,-6.667,220,220,679,600,600,50,0
6540,49,293,5,1,10,0,8,14,6.000,0.000,-6.000,220,220,729,600,600,50,0
6541,49,293,5,1,11,0,8,12,6.333,0.000,-6.333,220,220,779,600,600,50,0
6542,49,293,5,1,10,0,8,10,6.000,0.000,-6.000,220,220,829,600,600,50,0
6543,49,293,5,1,10,0,7,6,5.667,0.000,-5.667,220,220,879,600,600,50,0
6544,49,293,5,1,10,0,7,3,5.667,0.000,-5.667,220,220,929,600,600,50,0
6545,49,293,5,1,9,0,6,1,5.000,0.000,-5.000,220,220,979,600,600,50,0
6546,49,293,5,1,8,0,5,0,4.333,0.000,-4.333,220,220,1029,600,600,50,0
6547,49,293,5,1,8,0,5,0,4.333,0.000,-4.333,220,220,1079,600,600,50,0
6548,49,293,5,1,8,0,4,0,4.000,0.000,-4.000,220,220,1129,600,600,50,0
6549,49,293,5,1,7,0,4,0,3.667,0.000,-3.667,220,220,1179,600,600,50,0
6550,49,293,5,1,6,0,3,0,3.000,0.000,-3.000,220,220,1229,600,600,50,0
6551,49,294,6,1,0,6,6,0,4.000,0.000,-4.000,220,220,79,600,600,50,0
6552,49,294,6,1,0,7,7,1,4.667,0.000,-4.667,220,220,129,600,600,50,0
6553,49,294,6,1,0,7,7,4,4.667,0.000,-4.667,220,220,179,600,600,50,0
6554,49,294,6,1,0,8,7,7,5.000,0.000,-5.000,220,220,229,600,600,50,0
6555,49,294,6,1,0,8,8,10,5.333,0.000,-5.333,220,220,279,600,600,50,0
6556,49,294,6,1,0,9,8,13,5.667,0.000,-5.667,220,220,329,600,600,50,0
6557,49,294,6,1,0,9,8,15,5.667,0.000,-5.667,220,220,379,600,600,50,0
6558,49,294,6,1,2,9,9,18,6.667,2.000,-4.667,220,220,429,600,600,50,0
6559,49,294,6,1,9,10,9,21,9.333,9.000,-0.333,220,220,479,600,600,50,0
6560,49,294,6,1,16,10,9,23,11.667,16.000,4.333,220,220,529,575,575,50,1
6561,49,294,6,1,23,11,10,26,14.667,23.000,8.333,220,220,579,575,575,50,0
6562,49,294,6,1,30,11,10,28,17.000,30.000,13.000,220,220,629,575,575,50,0
6563,49,294,6,1,37,11,10,30,19.333,37.000,17.667,220,220,679,575,575,50,0
6564,49,294,6,1,44,12,11,33,22.333,44.000,21.667,220,220,729,575,575,50,0
6565,49,294,6,1,50,12,11,36,24.333,50.000,25.667,220,220,779,575,575,50,0
6566,49,294,6,1,58,13,11,39,27.333,58.000,30.667,220,220,829,575,575,50,0
6567,49,294,6,1,65,13,12,41,30.000,65.000,35.000,220,220,879,575,575,50,0
6568,49,294,6,1,72,14,12,44,32.667,72.000,39.333,220,220,929,575,575,50,0
6569,49,294,6,1,79,14,13,47,35.333,79.000,43.667,220,220,979,575,575,50,0
6570,49,294,6,1,87,15,13,49,38.333,87.000,48.667,220,220,1029,575,575,50,0
6571,49,294,6,1,94,15,13,52,40.667,94.000,53.333,220,220,1079,575,575,50,0
6572,50,295,1,1,15,10,77,45,34.000,77.000,43.000,220,220,53,575,575,50,0
6573,50,295,1,1,18,13,72,46,34.333,72.000,37.667,220,220,103,575,575,50,0
6574,50,295,1,1,20,13,64,43,32.333,64.000,31.667,220,220,153,575,575,50,0
6575,50,295,1,1,16,13,55,40,28.000,55.000,27.000,220,220,203,575,575,50,0
6576,50,295,1,1,15,12,47,36,24.667,47.000,22.333,220,220,253,575,575,50,0
6577,50,295,1,1,14,12,40,34,22.000,40.000,18.000,220,220,303,575,575,50,0
6578,50,295,1,1,14,12,33,31,19.667,33.000,13.333,220,220,353,575,575,50,0
6579,50,295,1,1,14,11,26,28,17.000,26.000,9.000,220,220,403,575,575,50,0
6580,50,295,1,1,14,10,19,25,14.333,19.000,4.667,220,220,453,575,575,50,0
6581,50,295,1,1,13,10,12,23,11.667,12.000,0.333,220,220,503,575,575,50,0
6582,50,295,1,1,13,10,5,21,9.333,5.000,-4.333,220,220,553,575,575,50,1
6583,50,295,1,1,13,10,0,18,7.667,0.000,-7.667,220,220,603,575,575,50,0
6584,50,295,1,1,12,9,0,15,7.000,0.000,-7.000,220,220,653,575,575,50,0
6585,50,295,1,1,11,8,0,13,6.333,0.000,-6.333,220,220,703,575,575,50,0
6586,50,295,1,1,11,8,0,10,6.333,0.000,-6.333,220,220,753,575,575,50,0
6587,50,295,1,1,10,8,0,7,6.000,0.000,-6.000,220,220,803,575,575,50,0
6588,50,295,1,1,10,7,0,4,5.667,0.000,-5.667,220,220,853,575,575,50,0
6589,50,295,1,1,9,7,0,1,5.333,0.000,-5.333,220,220,903,575,575,50,0
6590,50,295,1,1,9,7,0,0,5.333,0.000,-5.333,220,220,953,575,575,50,0
6591,50,295,1,1,8,6,0,0,4.667,0.000,-4.667,220,220,1003,575,575,50,0
6592,50,295,1,1,8,6,0,0,4.667,0.000,-4.667,220,220,1053,575,575,50,0
6593,50,295,1,1,7,5,0,0,4.000,0.000,-4.000,220,220,1103,575,575,50,0
6594,50,296,2,1,13,0,5,0,6.000,0.000,-6.000,220,220,54,575,575,50,0
6595,50,296,2,1,9,0,4,0,4.333,0.000,-4.333,220,220,104,575,575,50,0
6596,50,296,2,1,9,0,5,0,4.667,0.000,-4.667,220,220,154,575,575,50,0
6597,50,296,2,1,9,0,6,2,5.000,0.000,-5.000,220,220,204,575,575,50,0
6598,50,296,2,1,10,0,6,5,5.333,0.000,-5.333,220,220,254,575,575,50,0
6599,50,296,2,1,11,0,6,8,5.667,0.000,-5.667,220,220,304,575,575,50,0
6600,50,296,2,1,11,0,7,11,6.000,0.000,-6.000,220,220,354,575,575,50,0
6601,50,296,2,1,11,0,7,13,6.000,0.000,-6.000,220,220,404,575,575,50,0
6602,50,296,2,1,12,0,8,16,6.667,0.000,-6.667,220,220,454,575,575,50,0
6603,50,296,2,1,12,2,8,18,7.333,2.000,-5.333,220,220,504,575,575,50,0
6604,50,296,2,1,12,9,8,21,9.667,9.000,-0.667,220,220,554,575,575,50,0
6605,50,296,2,1,13,15,9,24,12.333,15.000,2.667,220,220,604,600,600,50,1
6606,50,296,2,1,13,22,10,26,15.000,22.000,7.000,220,220,654,600,600,50,0
6607,50,296,2,1,14,29,10,29,17.667,29.000,11.333,220,220,704,600,600,50,0
6608,50,296,2,1,14,36,10,31,20.000,36.000,16.000,220,220,754,600,600,50,0
6609,50,296,2,1,14,43,11,34,22.667,43.000,20.333,220,220,804,600,600,50,0
6610,50,296,2,1,15,51,11,36,25.667,51.000,25.333,220,220,854,600,600,50,0
6611,50,296,2,1,16,58,11,40,28.333,58.000,29.667,220,220,904,600,600,50,0
6612,50,296,2,1,16,65,12,42,31.000,65.000,34.000,220,220,954,600,600,50,0
6613,50,296,2,1,19,73,13,45,35.000,73.000,38.000,220,220,1004,600,600,50,0
6614,50,296,2,1,17,81,13,48,37.000,81.000,44.000,220,220,1054,600,600,50,0
6615,50,296,2,1,17,88,13,50,39.333,88.000,48.667,220,220,1104,600,600,50,0
6616,50,296,2,1,17,96,13,53,42.000,96.000,54.000,220,220,1154,600,600,50,0
6617,50,296,2,1,17,104,14,56,45.000,104.000,59.000,220,220,1204,600,600,50,0
6618,50,297,3,1,79,15,12,46,35.333,79.000,43.667,220,220,80,600,600,50,0
6619,50,297,3,1,71,14,12,43,32.333,71.000,38.667,220,220,130,600,600,50,0
6620,50,297,3,1,62,13,12,40,29.000,62.000,33.000,220,220,180,600,600,50,0
6621,50,297,3,1,54,13,11,37,26.000,54.000,28.000,220,220,230,600,600,50,0
6622,50,297,3,1,46,13,11,34,23.333,46.000,22.667,220,220,280,600,600,50,0
6623,50,297,3,1,39,12,10,31,20.333,39.000,18.667,220,220,330,600,600,50,0
6624,50,297,3,1,31,12,10,29,17.667,31.000,13.333,220,220,380,600,600,50,0
6625,50,297,3,1,23,11,9,26,14.333,23.000,8.667,220,220,430,600,600,50,0
6626,50,297,3,1,16,11,9,23,12.000,16.000,4.000,220,220,480,600,600,50,0
6627,50,297,3,1,10,10,9,20,9.667,10.000,0.333,220,220,530,600,600,50,0
6628,50,297,3,1,2,10,9,18,7.000,2.000,-5.000,220,220,580,600,600,50,1
6629,50,297,3,1,0,9,8,15,5.667,0.000,-5.667,220,220,630,600,600,50,0
6630,50,297,3,1,0,9,7,12,5.333,0.000,-5.333,220,220,680,600,600,50,0
6631,50,297,3,1,0,8,7,10,5.000,0.000,-5.000,220,220,730,600,600,50,0
6632,50,297,3,1,0,8,7,7,5.000,0.000,-5.000,220,220,780,600,600,50,0
6633,50,297,3,1,0,8,6,4,4.667,0.000,-4.667,220,220,830,600,600,50,0
6634,50,297,3,1,0,7,6,2,4.333,0.000,-4.333,220,220,880,600,600,50,0
6635,50,297,3,1,0,7,5,0,4.000,0.000,-4.000,220,220,930,600,600,50,0
6636,50,297,3,1,0,6,5,0,3.667,0.000,-3.667,220,220,980,600,600,50,0
6637,50,297,3,1,0,6,5,0,3.667,0.000,-3.667,220,220,1030,600,600,50,0
6638,50,297,3,1,0,5,4,0,3.000,0.000,-3.000,220,220,1080,600,600,50,0
6639,50,297,3,1,0,5,4,0,3.000,0.000,-3.000,220,220,1130,600,600,50,0
6640,50,297,3,1,0,4,4,0,2.667,0.000,-2.667,220,220,1180,600,600,50,0
6641,50,298,4,1,8,8,0,1,5.333,0.000,-5.333,220,220,80,600,600,50,0
6642,50,298,4,1,9,8,0,4,5.667,0.000,-5.667,220,220,130,600,600,50,0
6643,50,298,4,1,9,8,0,6,5.667,0.000,-5.667,220,220,180,600,600,50,0
6644,50,298,4,1,10,8,0,9,6.000,0.000,-6.000,220,220,230,600,600,50,0
6645,50,298,4,1,10,9,0,11,6.333,0.000,-6.333,220,220,280,600,600,50,0
6646,50,298,4,1,11,9,0,14,6.667,0.000,-6.667,220,220,330,600,600,50,0
6647,50,298,4,1,11,10,0,17,7.000,0.000,-7.000,220,220,380,600,600,50,0
6648,50,298,4,1,12,10,4,20,8.667,4.000,-4.667,220,220,430,600,600,50,0
6649,50,298,4,1,12,10,11,22,11.000,11.000,0.000,220,220,480,600,600,50,1
6650,50,298,4,1,13,11,17,25,13.667,17.000,3.333,220,220,530,575,575,50,0
6651,50,298,4,1,16,11,25,28,17.333,25.000,7.667,220,220,580,575,575,50,0
6652,50,298,4,1,14,12,32,30,19.333,32.000,12.667,220,220,630,575,575,50,0
6653,50,298,4,1,14,12,39,33,21.667,39.000,17.333,220,220,680,575,575,50,0
6654,50,298,4,1,14,12,45,36,23.667,45.000,21.333,220,220,730,575,575,50,0
6655,50,298,4,1,15,13,53,38,27.000,53.000,26.000,220,220,780,575,575,50,0
6656,50,298,4,1,15,13,61,41,29.667,61.000,31.333,220,220,830,575,575,50,0
6657,50,298,4,1,16,13,68,44,32.333,68.000,35.667,220,220,880,575,575,50,0
6658,50,298,4,1,16,14,76,47,35.333,76.000,40.667,220,220,930,575,575,50,0
6659,50,298,4,1,16,14,84,50,38.000,84.000,46.000,220,220,980,575,575,50,0
6660,50,298,4,1,17,15,91,52,41.000,91.000,50.000,220,220,1030,575,575,50,0
6661,50,298,4,1,17,15,99,55,43.667,99.000,55.333,220,220,1080,575,575,50,0
6662,50,299,5,1,12,74,13,43,33.000,74.000,41.000,220,220,54,575,575,50,0
6663,50,299,5,1,16,69,14,44,33.000,69.000,36.000,220,220,104,575,575,50,0
6664,50,299,5,1,15,61,13,41,29.667,61.000,31.333,220,220,154,575,575,50,0
6665,50,299,5,1,15,54,12,38,27.000,54.000,27.000,220,220,204,575,575,50,0
6666,50,299,5,1,15,45,12,35,24.000,45.000,21.000,220,220,254,575,575,50,0
6667,50,299,5,1,14,38,11,32,21.000,38.000,17.000,220,220,304,575,575,50,0
6668,50,299,5,1,13,31,10,29,18.000,31.000,13.000,220,220,354,575,575,50,0
6669,50,299,5,1,13,24,10,27,15.667,24.000,8.333,220,220,404,575,575,50,0
6670,50,299,5,1,16,18,10,25,14.667,18.000,3.333,220,220,454,575,575,50,0
6671,50,299,5,1,12,11,9,22,10.667,11.000,0.333,220,220,504,575,575,50,0
6672,50,299,5,1,12,4,9,20,8.333,4.000,-4.333,220,220,554,575,575,50,1
6673,50,299,5,1,12,0,9,17,7.000,0.000,-7.000,220,220,604,575,575,50,0
6674,50,299,5,1,11,0,8,14,6.333,0.000,-6.333,220,220,654,575,575,50,0
6675,50,299,5,1,11,0,8,12,6.333,0.000,-6.333,220,220,704,575,575,50,0
6676,50,299,5,1,10,0,7,9,5.667,0.000,-5.667,220,220,754,575,575,50,0
6677,50,299,5,1,10,0,7,6,5.667,0.000,-5.667,220,220,804,575,575,50,0
6678,50,299,5,1,9,0,6,3,5.000,0.000,-5.000,220,220,854,575,575,50,0
6679,50,299,5,1,9,0,6,1,5.000,0.000,-5.000,220,220,904,575,575,50,0
6680,50,299,5,1,8,0,5,0,4.333,0.000,-4.333,220,220,954,575,575,50,0
6681,50,299,5,1,8,0,5,0,4.333,0.000,-4.333,220,220,1004,575,575,50,0
6682,50,299,5,1,8,0,4,0,4.000,0.000,-4.000,220,220,1054,575,575,50,0
6683,50,299,5,1,7,0,4,0,3.667,0.000,-3.667,220,220,1104,575,575,50,0
6684,50,300,6,1,0,7,8,0,5.000,0.000,-5.000,220,220,54,575,575,50,0
6685,50,300,6,1,0,6,6,0,4.000,0.000,-4.000,220,220,104,575,575,50,0
6686,50,300,6,1,0,6,6,1,4.000,0.000,-4.000,220,220,154,575,575,50,0
6687,50,300,6,1,0,8,6,3,4.667,0.000,-4.667,220,220,204,575,575,50,0
6688,50,300,6,1,0,8,7,6,5.000,0.000,-5.000,220,220,254,575,575,50,0
6689,50,300,6,1,0,8,7,9,5.000,0.000,-5.000,220,220,304,575,575,50,0
6690,50,300,6,1,0,9,8,12,5.667,0.000,-5.667,220,220,354,575,575,50,0
6691,50,300,6,1,0,9,8,14,5.667,0.000,-5.667,220,220,404,575,575,50,0
6692,50,300,6,1,0,9,8,17,5.667,0.000,-5.667,220,220,454,575,575,50,0
6693,50,300,6,1,7,10,9,20,8.667,7.000,-1.667,220,220,504,575,575,50,0
6694,50,300,6,1,14,10,9,22,11.000,14.000,3.000,220,220,554,575,575,50,1
6695,50,300,6,1,21,11,10,25,14.000,21.000,7.000,220,220,604,575,575,50,0
6696,50,300,6,1,28,11,10,28,16.333,28.000,11.667,220,220,654,575,575,50,0
6697,50,300,6,1,36,12,10,31,19.333,36.000,16.667,220,220,704,575,575,50,0
6698,50,300,6,1,43,12,11,33,22.000,43.000,21.000,220,220,754,575,575,50,0
6699,50,300,6,1,50,12,11,36,24.333,50.000,25.667,220,220,804,575,575,50,0
6700,50,300,6,1,58,13,12,38,27.667,58.000,30.333,220,220,854,575,575,50,0
6701,50,300,6,1,66,13,12,42,30.333,66.000,35.667,220,220,904,575,575,50,0
6702,50,300,6,1,73,13,13,44,33.000,73.000,40.000,220,220,954,575,575,50,0
6703,50,300,6,1,80,14,13,47,35.667,80.000,44.333,220,220,1004,575,575,50,0
6704,50,300,6,1,87,15,13,50,38.333,87.000,48.667,220,220,1054,575,575,50,0
6705,50,300,6,1,94,15,13,52,40.667,94.000,53.333,220,220,1104,575,575,50,0
6706,51,301,1,1,15,11,79,46,35.000,79.000,44.000,220,220,54,575,575,50,0
6707,51,301,1,1,18,13,73,46,34.667,73.000,38.333,220,220,104,575,575,50,0
6708,51,301,1,1,20,14,65,44,33.000,65.000,32.000,220,220,154,575,575,50,0
6709,51,301,1,1,16,13,57,40,28.667,57.000,28.333,220,220,204,575,575,50,0
6710,51,301,1,1,15,13,49,37,25.667,49.000,23.333,220,220,254,575,575,50,0
6711,51,301,1,1,15,12,42,34,23.000,42.000,19.000,220,220,304,575,575,50,0
6712,51,301,1,1,14,12,34,31,20.000,34.000,14.000,220,220,354,575,575,50,0
6713,51,301,1,1,14,11,27,28,17.333,27.000,9.667,220,220,404,575,575,50,0
6714,51,301,1,1,14,11,21,26,15.333,21.000,5.667,220,220,454,575,575,50,0
6715,51,301,1,1,13,10,14,23,12.333,14.000,1.667,220,220,504,575,575,50,0
6716,51,301,1,1,13,10,7,21,10.000,7.000,-3.000,220,220,554,575,575,50,1
6717,51,301,1,1,12,9,0,19,7.000,0.000,-7.000,220,220,604,575,575,50,0
6718,51,301,1,1,12,9,0,16,7.000,0.000,-7.000,220,220,654,575,575,50,0
6719,51,301,1,1,11,9,0,14,6.667,0.000,-6.667,220,220,704,575,575,50,0
6720,51,301,1,1,11,8,0,11,6.333,0.000,-6.333,220,220,754,575,575,50,0
6721,51,301,1,1,10,8,0,8,6.000,0.000,-6.000,220,220,804,575,575,50,0
6722,51,301,1,1,10,7,0,5,5.667,0.000,-5.667,220,220,854,575,575,50,0
6723,51,301,1,1,9,7,0,3,5.333,0.000,-5.333,220,220,904,575,575,50,0
6724,51,301,1,1,9,7,0,0,5.333,0.000,-5.333,220,220,954,575,575,50,0
6725,51,301,1,1,9,6,0,0,5.000,0.000,-5.000,220,220,1004,575,575,50,0
6726,51,301,1,1,8,6,0,0,4.667,0.000,-4.667,220,220,1054,575,575,50,0
6727,51,301,1,1,8,5,0,0,4.333,0.000,-4.333,220,220,1104,575,575,50,0
6728,51,302,2,1,16,0,6,0,7.333,0.000,-7.333,220,220,54,575,575,50,0
6729,51,302,2,1,10,0,4,0,4.667,0.000,-4.667,220,220,104,575,575,50,0
6730,51,302,2,1,10,0,5,0,5.000,0.000,-5.000,220,220,154,575,575,50,0
6731,51,302,2,1,9,0,6,2,5.000,0.000,-5.000,220,220,204,575,575,50,0
6732,51,302,2,1,10,0,6,5,5.333,0.000,-5.333,220,220,254,575,575,50,0
6733,51,302,2,1,10,0,7,8,5.667,0.000,-5.667,220,220,304,575,575,50,0
6734,51,302,2,1,11,0,7,11,6.000,0.000,-6.000,220,220,354,575,575,50,0
6735,51,302,2,1,11,0,7,14,6.000,0.000,-6.000,220,220,404,575,575,50,0
6736,51,302,2,1,12,0,8,16,6.667,0.000,-6.667,220,220,454,575,575,50,0
6737,51,302,2,1,12,2,8,19,7.333,2.000,-5.333,220,220,504,575,575,50,0
6738,51,302,2,1,13,10,9,21,10.667,10.000,-0.667,220,220,554,575,575,50,0
6739,51,302,2,1,13,17,9,24,13.000,17.000,4.000,220,220,604,600,600,50,1
6740,51,302,2,1,14,24,9,27,15.667,24.000,8.333,220,220,654,600,600,50,0
6741,51,302,2,1,14,31,10,29,18.333,31.000,12.667,220,220,704,600,600,50,0
6742,51,302,2,1,14,38,10,32,20.667,38.000,17.333,220,220,754,600,600,50,0
6743,51,302,2,1,15,45,11,35,23.667,45.000,21.333,220,220,804,600,600,50,0
6744,51,302,2,1,15,53,12,38,26.667,53.000,26.333,220,220,854,600,600,50,0
6745,51,302,2,1,16,60,12,40,29.333,60.000,30.667,220,220,904,600,600,50,0
6746,51,302,2,1,16,68,12,43,32.000,68.000,36.000,220,220,954,600,600,50,0
6747,51,302,2,1,19,76,13,46,36.000,76.000,40.000,220,220,1004,600,600,50,0
6748,51,302,2,1,16,83,13,48,37.333,83.000,45.667,220,220,1054,600,600,50,0
6749,51,302,2,1,17,90,14,51,40.333,90.000,49.667,220,220,1104,600,600,50,0
6750,51,302,2,1,17,98,14,54,43.000,98.000,55.000,220,220,1154,600,600,50,0
6751,51,302,2,1,17,107,14,57,46.000,107.000,61.000,220,220,1204,600,600,50,0
6752,51,303,3,1,76,16,12,45,34.667,76.000,41.333,220,220,80,600,600,50,0
6753,51,303,3,1,69,15,12,43,32.000,69.000,37.000,220,220,130,600,600,50,0
6754,51,303,3,1,61,14,12,39,29.000,61.000,32.000,220,220,180,600,600,50,0
6755,51,303,3,1,52,13,11,37,25.333,52.000,26.667,220,220,230,600,600,50,0
6756,51,303,3,1,45,12,11,33,22.667,45.000,22.333,220,220,280,600,600,50,0
6757,51,303,3,1,38,12,11,31,20.333,38.000,17.667,220,220,330,600,600,50,0
6758,51,303,3,1,31,11,10,29,17.333,31.000,13.667,220,220,380,600,600,50,0
6759,51,303,3,1,23,11,9,25,14.333,23.000,8.667,220,220,430,600,600,50,0
6760,51,303,3,1,16,11,9,23,12.000,16.000,4.000,220,220,480,600,600,50,0
6761,51,303,3,1,10,10,9,21,9.667,10.000,0.333,220,220,530,600,600,50,0
6762,51,303,3,1,3,10,8,18,7.000,3.000,-4.000,220,220,580,600,600,50,1
6763,51,303,3,1,0,9,8,15,5.667,0.000,-5.667,220,220,630,600,600,50,0
6764,51,303,3,1,0,9,8,12,5.667,0.000,-5.667,220,220,680,600,600,50,0
6765,51,303,3,1,0,9,7,10,5.333,0.000,-5.333,220,220,730,600,600,50,0
6766,51,303,3,1,0,8,7,7,5.000,0.000,-5.000,220,220,780,600,600,50,0
6767,51,303,3,1,0,8,7,4,5.000,0.000,-5.000,220,220,830,600,600,50,0
6768,51,303,3,1,0,7,6,2,4.333,0.000,-4.333,220,220,880,600,600,50,0
6769,51,303,3,1,0,7,6,0,4.333,0.000,-4.333,220,220,930,600,600,50,0
6770,51,303,3,1,0,6,5,0,3.667,0.000,-3.667,220,220,980,600,600,50,0
6771,51,303,3,1,0,6,5,0,3.667,0.000,-3.667,220,220,1030,600,600,50,0
6772,51,303,3,1,0,5,4,0,3.000,0.000,-3.000,220,220,1080,600,600,50,0
6773,51,303,3,1,0,5,4,0,3.000,0.000,-3.000,220,220,1130,600,600,50,0
6774,51,303,3,1,0,4,4,0,2.667,0.000,-2.667,220,220,1180,600,600,50,0
6775,51,304,4,1,8,8,0,0,5.333,0.000,-5.333,220,220,80,600,600,50,0
6776,51,304,4,1,9,8,0,3,5.667,0.000,-5.667,220,220,130,600,600,50,0
6777,51,304,4,1,10,8,0,6,6.000,0.000,-6.000,220,220,180,600,600,50,0
6778,51,304,4,1,10,8,0,9,6.000,0.000,-6.000,220,220,230,600,600,50,0
6779,51,304,4,1,10,8,0,11,6.000,0.000,-6.000,220,220,280,600,600,50,0
6780,51,304,4,1,11,9,0,14,6.667,0.000,-6.667,220,220,330,600,600,50,0
6781,51,304,4,1,12,9,0,17,7.000,0.000,-7.000,220,220,380,600,600,50,0
6782,51,304,4,1,11,10,3,20,8.000,3.000,-5.000,220,220,430,600,600,50,0
6783,51,304,4,1,12,10,10,22,10.667,10.000,-0.667,220,220,480,600,600,50,0
6784,51,304,4,1,12,11,17,25,13.333,17.000,3.667,220,220,530,575,575,50,1
6785,51,304,4,1,16,11,24,28,17.000,24.000,7.000,220,220,580,575,575,50,0
6786,51,304,4,1,13,12,31,29,18.667,31.000,12.333,220,220,630,575,575,50,0
6787,51,304,4,1,14,12,38,32,21.333,38.000,16.667,220,220,680,575,575,50,0
6788,51,304,4,1,14,12,45,35,23.667,45.000,21.333,220,220,730,575,575,50,0
6789,51,304,4,1,14,13,52,38,26.333,52.000,25.667,220,220,780,575,575,50,0
6790,51,304,4,1,15,13,60,41,29.333,60.000,30.667,220,220,830,575,575,50,0
6791,51,304,4,1,16,14,67,43,32.333,67.000,34.667,220,220,880,575,575,50,0
6792,51,304,4,1,16,14,74,46,34.667,74.000,39.333,220,220,930,575,575,50,0
6793,51,304,4,1,16,14,80,49,36.667,80.000,43.333,220,220,980,575,575,50,0
6794,51,304,4,1,17,14,88,51,39.667,88.000,48.333,220,220,1030,575,575,50,0
6795,51,304,4,1,17,15,95,54,42.333,95.000,52.667,220,220,1080,575,575,50,0
6796,51,305,5,1,12,75,13,44,33.333,75.000,41.667,220,220,54,575,575,50,0
6797,51,305,5,1,15,70,14,44,33.000,70.000,37.000,220,220,104,575,575,50,0
6798,51,305,5,1,15,63,13,42,30.333,63.000,32.667,220,220,154,575,575,50,0
6799,51,305,5,1,15,55,12,39,27.333,55.000,27.667,220,220,204,575,575,50,0
6800,51,305,5,1,15,47,11,36,24.333,47.000,22.667,220,220,254,575,575,50,0
6801,51,305,5,1,14,40,11,33,21.667,40.000,18.333,220,220,304,575,575,50,0
6802,51,305,5,1,13,33,11,30,19.000,33.000,14.000,220,220,354,575,575,50,0
6803,51,305,5,1,13,26,10,28,16.333,26.000,9.667,220,220,404,575,575,50,0
6804,51,305,5,1,16,19,10,26,15.000,19.000,4.000,220,220,454,575,575,50,0
6805,51,305,5,1,13,12,9,22,11.333,12.000,0.667,220,220,504,575,575,50,0
6806,51,305,5,1,12,6,9,20,9.000,6.000,-3.000,220,220,554,575,575,50,1
6807,51,305,5,1,11,0,9,18,6.667,0.000,-6.667,220,220,604,575,575,50,0
6808,51,305,5,1,11,0,8,15,6.333,0.000,-6.333,220,220,654,575,575,50,0
6809,51,305,5,1,11,0,8,12,6.333,0.000,-6.333,220,220,704,575,575,50,0
6810,51,305,5,1,10,0,7,10,5.667,0.000,-5.667,220,220,754,575,575,50,0
6811,51,305,5,1,10,0,7,6,5.667,0.000,-5.667,220,220,804,575,575,50,0
6812,51,305,5,1,9,0,6,3,5.000,0.000,-5.000,220,220,854,575,575,50,0
6813,51,305,5,1,9,0,6,0,5.000,0.000,-5.000,220,220,904,575,575,50,0
6814,51,305,5,1,9,0,5,0,4.667,0.000,-4.667,220,220,954,575,575,50,0
6815,51,305,5,1,8,0,5,0,4.333,0.000,-4.333,220,220,1004,575,575,50,0
6816,51,305,5,1,8,0,4,0,4.000,0.000,-4.000,220,220,1054,575,575,50,0
6817,51,305,5,1,7,0,4,0,3.667,0.000,-3.667,220,220,1104,575,575,50,0
6818,51,306,6,1,0,8,9,0,5.667,0.000,-5.667,220,220,54,575,575,50,0
6819,51,306,6,1,0,6,7,0,4.333,0.000,-4.333,220,220,104,575,575,50,0
6820,51,306,6,1,0,7,6,1,4.333,0.000,-4.333,220,220,154,575,575,50,0
6821,51,306,6,1,0,8,6,4,4.667,0.000,-4.667,220,220,204,575,575,50,0
6822,51,306,6,1,0,7,7,7,4.667,0.000,-4.667,220,220,254,575,575,50,0
6823,51,306,6,1,0,8,8,10,5.333,0.000,-5.333,220,220,304,575,575,50,0
6824,51,306,6,1,0,9,8,13,5.667,0.000,-5.667,220,220,354,575,575,50,0
6825,51,306,6,1,0,9,9,16,6.000,0.000,-6.000,220,220,404,575,575,50,0
6826,51,306,6,1,2,9,8,18,6.333,2.000,-4.333,220,220,454,575,575,50,0
6827,51,306,6,1,9,10,9,20,9.333,9.000,-0.333,220,220,504,575,575,50,0
6828,51,306,6,1,16,10,9,23,11.667,16.000,4.333,220,220,554,575,575,50,1
6829,51,306,6,1,23,11,10,26,14.667,23.000,8.333,220,220,604,575,575,50,0
6830,51,306,6,1,30,11,10,29,17.000,30.000,13.000,220,220,654,575,575,50,0
6831,51,306,6,1,37,12,11,31,20.000,37.000,17.000,220,220,704,575,575,50,0
6832,51,306,6,1,44,12,11,34,22.333,44.000,21.667,220,220,754,575,575,50,0
6833,51,306,6,1,52,12,11,37,25.000,52.000,27.000,220,220,804,575,575,50,0
6834,51,306,6,1,59,13,12,39,28.000,59.000,31.000,220,220,854,575,575,50,0
6835,51,306,6,1,66,13,12,42,30.333,66.000,35.667,220,220,904,575,575,50,0
6836,51,306,6,1,73,14,12,44,33.000,73.000,40.000,220,220,954,575,575,50,0
6837,51,306,6,1,80,14,13,47,35.667,80.000,44.333,220,220,1004,575,575,50,0
6838,51,306,6,1,87,14,13,49,38.000,87.000,49.000,220,220,1054,575,575,50,0
6839,51,306,6,1,94,15,13,52,40.667,94.000,53.333,220,220,1104,575,575,50,0
6840,52,307,1,1,16,11,81,46,36.000,81.000,45.000,220,220,54,575,575,50,0
6841,52,307,1,1,18,14,76,47,36.000,76.000,40.000,220,220,104,575,575,50,0
6842,52,307,1,1,20,14,68,45,34.000,68.000,34.000,220,220,154,575,575,50,0
6843,52,307,1,1,16,13,59,41,29.333,59.000,29.667,220,220,204,575,575,50,0
6844,52,307,1,1,16,13,52,38,27.000,52.000,25.000,220,220,254,575,575,50,0
6845,52,307,1,1,15,12,44,35,23.667,44.000,20.333,220,220,304,575,575,50,0
6846,52,307,1,1,14,12,37,32,21.000,37.000,16.000,220,220,354,575,575,50,0
6847,52,307,1,1,14,11,30,30,18.333,30.000,11.667,220,220,404,575,575,50,0
6848,52,307,1,1,14,11,23,27,16.000,23.000,7.000,220,220,454,575,575,50,0
6849,52,307,1,1,13,10,16,25,13.000,16.000,3.000,220,220,504,575,575,50,0
6850,52,307,1,1,13,10,9,22,10.667,9.000,-1.667,220,220,554,575,575,50,1
6851,52,307,1,1,12,10,2,19,8.000,2.000,-6.000,220,220,604,575,575,50,0
6852,52,307,1,1,12,9,0,17,7.000,0.000,-7.000,220,220,654,575,575,50,0
6853,52,307,1,1,12,9,0,14,7.000,0.000,-7.000,220,220,704,575,575,50,0
6854,52,307,1,1,11,8,0,12,6.333,0.000,-6.333,220,220,754,575,575,50,0
6855,52,307,1,1,11,8,0,9,6.333,0.000,-6.333,220,220,804,575,575,50,0
6856,52,307,1,1,10,8,0,6,6.000,0.000,-6.000,220,220,854,575,575,50,0
6857,52,307,1,1,10,7,0,3,5.667,0.000,-5.667,220,220,904,575,575,50,0
6858,52,307,1,1,9,7,0,0,5.333,0.000,-5.333,220,220,954,575,575,50,0
6859,52,307,1,1,8,6,0,0,4.667,0.000,-4.667,220,220,1004,575,575,50,0
6860,52,307,1,1,8,6,0,0,4.667,0.000,-4.667,220,220,1054,575,575,50,0
6861,52,307,1,1,8,5,0,0,4.333,0.000,-4.333,220,220,1104,575,575,50,0
6862,52,308,2,1,16,0,5,0,7.000,0.000,-7.000,220,220,54,575,575,50,0
6863,52,308,2,1,9,0,4,0,4.333,0.000,-4.333,220,220,104,575,575,50,0
6864,52,308,2,1,9,0,5,0,4.667,0.000,-4.667,220,220,154,575,575,50,0
6865,52,308,2,1,9,0,6,1,5.000,0.000,-5.000,220,220,204,575,575,50,0
6866,52,308,2,1,9,0,6,4,5.000,0.000,-5.000,220,220,254,575,575,50,0
6867,52,308,2,1,10,0,6,7,5.333,0.000,-5.333,220,220,304,575,575,50,0
6868,52,308,2,1,10,0,7,10,5.667,0.000,-5.667,220,220,354,575,575,50,0
6869,52,308,2,1,11,0,8,13,6.333,0.000,-6.333,220,220,404,575,575,50,0
6870,52,308,2,1,12,0,8,16,6.667,0.000,-6.667,220,220,454,575,575,50,0
6871,52,308,2,1,12,1,8,18,7.000,1.000,-6.000,220,220,504,575,575,50,0
6872,52,308,2,1,13,8,8,21,9.667,8.000,-1.667,220,220,554,575,575,50,0
6873,52,308,2,1,13,14,9,23,12.000,14.000,2.000,220,220,604,600,600,50,1
6874,52,308,2,1,13,21,9,26,14.333,21.000,6.667,220,220,654,600,600,50,0
6875,52,308,2,1,13,28,10,28,17.000,28.000,11.000,220,220,704,600,600,50,0
6876,52,308,2,1,14,35,10,30,19.667,35.000,15.333,220,220,754,600,600,50,0
6877,52,308,2,1,15,42,11,33,22.667,42.000,19.333,220,220,804,600,600,50,0
6878,52,308,2,1,15,50,11,36,25.333,50.000,24.667,220,220,854,600,600,50,0
6879,52,308,2,1,15,57,11,39,27.667,57.000,29.333,220,220,904,600,600,50,0
6880,52,308,2,1,16,64,12,42,30.667,64.000,33.333,220,220,954,600,600,50,0
6881,52,308,2,1,19,72,12,44,34.333,72.000,37.667,220,220,1004,600,600,50,0
6882,52,308,2,1,16,79,13,47,36.000,79.000,43.000,220,220,1054,600,600,50,0
6883,52,308,2,1,17,87,13,50,39.000,87.000,48.000,220,220,1104,600,600,50,0
6884,52,308,2,1,17,94,14,53,41.667,94.000,52.333,220,220,1154,600,600,50,0
6885,52,308,2,1,17,102,14,56,44.333,102.000,57.667,220,220,1204,600,600,50,0
6886,52,309,3,1,76,15,12,45,34.333,76.000,41.667,220,220,80,600,600,50,0
6887,52,309,3,1,68,14,12,42,31.333,68.000,36.667,220,220,130,600,600,50,0
6888,52,309,3,1,60,13,12,39,28.333,60.000,31.667,220,220,180,600,600,50,0
6889,52,309,3,1,52,12,11,36,25.000,52.000,27.000,220,220,230,600,600,50,0
6890,52,309,3,1,44,12,11,34,22.333,44.000,21.667,220,220,280,600,600,50,0
6891,52,309,3,1,37,12,10,31,19.667,37.000,17.333,220,220,330,600,600,50,0
6892,52,309,3,1,30,11,10,28,17.000,30.000,13.000,220,220,380,600,600,50,0
6893,52,309,3,1,22,11,10,25,14.333,22.000,7.667,220,220,430,600,600,50,0
6894,52,309,3,1,15,11,9,23,11.667,15.000,3.333,220,220,480,600,600,50,0
6895,52,309,3,1,8,10,9,20,9.000,8.000,-1.000,220,220,530,575,575,50,1
6896,52,309,3,1,1,10,8,17,6.333,1.000,-5.333,220,220,580,575,575,50,0
6897,52,309,3,1,0,10,8,14,6.000,0.000,-6.000,220,220,630,575,575,50,0
6898,52,309,3,1,0,9,8,12,5.667,0.000,-5.667,220,220,680,575,575,50,0
6899,52,309,3,1,0,8,7,9,5.000,0.000,-5.000,220,220,730,575,575,50,0
6900,52,309,3,1,0,8,7,6,5.000,0.000,-5.000,220,220,780,575,575,50,0
6901,52,309,3,1,0,8,6,4,4.667,0.000,-4.667,220,220,830,575,575,50,0
6902,52,309,3,1,0,7,6,1,4.333,0.000,-4.333,220,220,880,575,575,50,0
6903,52,309,3,1,0,6,6,0,4.000,0.000,-4.000,220,220,930,575,575,50,0
6904,52,309,3,1,0,6,5,0,3.667,0.000,-3.667,220,220,980,575,575,50,0
6905,52,309,3,1,0,6,5,0,3.667,0.000,-3.667,220,220,1030,575,575,50,0
6906,52,309,3,1,0,5,4,0,3.000,0.000,-3.000,220,220,1080,575,575,50,0
6907,52,310,4,1,11,10,0,0,7.000,0.000,-7.000,220,220,54,575,575,50,0
6908,52,310,4,1,8,8,0,0,5.333,0.000,-5.333,220,220,104,575,575,50,0
6909,52,310,4,1,8,8,0,1,5.333,0.000,-5.333,220,220,154,575,575,50,0
6910,52,310,4,1,10,7,0,3,5.667,0.000,-5.667,220,220,204,575,575,50,0
6911,52,310,4,1,9,8,0,5,5.667,0.000,-5.667,220,220,254,575,575,50,0
6912,52,310,4,1,10,9,0,9,6.333,0.000,-6.333,220,220,304,575,575,50,0
6913,52,310,4,1,10,9,0,12,6.333,0.000,-6.333,220,220,354,575,575,50,0
6914,52,310,4,1,11,9,0,14,6.667,0.000,-6.667,220,220,404,575,575,50,0
6915,52,310,4,1,11,9,0,17,6.667,0.000,-6.667,220,220,454,575,575,50,0
6916,52,310,4,1,12,10,3,19,8.333,3.000,-5.333,220,220,504,575,575,50,0
6917,52,310,4,1,12,10,9,22,10.333,9.000,-1.333,220,220,554,575,575,50,0
6918,52,310,4,1,13,11,16,24,13.333,16.000,2.667,220,220,604,600,600,50,1
6919,52,310,4,1,16,11,23,27,16.667,23.000,6.333,220,220,654,600,600,50,0
6920,52,310,4,1,13,12,30,29,18.333,30.000,11.667,220,220,704,600,600,50,0
6921,52,310,4,1,14,12,36,32,20.667,36.000,15.333,220,220,754,600,600,50,0
6922,52,310,4,1,14,13,43,35,23.333,43.000,19.667,220,220,804,600,600,50,0
6923,52,310,4,1,14,13,51,38,26.000,51.000,25.000,220,220,854,600,600,50,0
6924,52,310,4,1,15,13,58,40,28.667,58.000,29.333,220,220,904,600,600,50,0
6925,52,310,4,1,16,13,65,43,31.333,65.000,33.667,220,220,954,600,600,50,0
6926,52,310,4,1,16,14,73,46,34.333,73.000,38.667,220,220,1004,600,600,50,0
6927,52,310,4,1,16,14,80,48,36.667,80.000,43.333,220,220,1054,600,600,50,0
6928,52,310,4,1,17,14,88,51,39.667,88.000,48.333,220,220,1104,600,600,50,0
6929,52,310,4,1,17,15,95,54,42.333,95.000,52.667,220,220,1154,600,600,50,0
6930,52,310,4,1,17,15,103,57,45.000,103.000,58.000,220,220,1204,600,600,50,0
6931,52,311,5,1,16,74,13,46,34.333,74.000,39.667,220,220,79,600,600,50,0
6932,52,311,5,1,16,66,12,43,31.333,66.000,34.667,220,220,129,600,600,50,0
6933,52,311,5,1,15,58,12,40,28.333,58.000,29.667,220,220,179,600,600,50,0
6934,52,311,5,1,15,50,11,37,25.333,50.000,24.667,220,220,229,600,600,50,0
6935,52,311,5,1,14,43,11,34,22.667,43.000,20.333,220,220,279,600,600,50,0
6936,52,311,5,1,14,35,11,31,20.000,35.000,15.000,220,220,329,600,600,50,0
6937,52,311,5,1,13,27,10,29,16.667,27.000,10.333,220,220,379,600,600,50,0
6938,52,311,5,1,13,20,10,26,14.333,20.000,5.667,220,220,429,600,600,50,0
6939,52,311,5,1,16,13,10,24,13.000,13.000,0.000,220,220,479,600,600,50,1
6940,52,311,5,1,12,7,9,21,9.333,7.000,-2.333,220,220,529,575,575,50,0
6941,52,311,5,1,12,0,9,18,7.000,0.000,-7.000,220,220,579,575,575,50,0
6942,52,311,5,1,11,0,8,15,6.333,0.000,-6.333,220,220,629,575,575,50,0
6943,52,311,5,1,11,0,8,13,6.333,0.000,-6.333,220,220,679,575,575,50,0
6944,52,311,5,1,10,0,7,10,5.667,0.000,-5.667,220,220,729,575,575,50,0
6945,52,311,5,1,10,0,7,7,5.667,0.000,-5.667,220,220,779,575,575,50,0
6946,52,311,5,1,9,0,7,4,5.333,0.000,-5.333,220,220,829,575,575,50,0
6947,52,311,5,1,9,0,6,1,5.000,0.000,-5.000,220,220,879,575,575,50,0
6948,52,311,5,1,8,0,5,0,4.333,0.000,-4.333,220,220,929,575,575,50,0
6949,52,311,5,1,8,0,5,0,4.333,0.000,-4.333,220,220,979,575,575,50,0
6950,52,311,5,1,7,0,4,0,3.667,0.000,-3.667,220,220,1029,575,575,50,0
6951,52,311,5,1,7,0,4,0,3.667,0.000,-3.667,220,220,1079,575,575,50,0
6952,52,312,6,1,0,8,8,0,5.333,0.000,-5.333,220,220,54,575,575,50,0
6953,52,312,6,1,0,6,6,0,4.000,0.000,-4.000,220,220,104,575,575,50,0
6954,52,312,6,1,0,7,6,1,4.333,0.000,-4.333,220,220,154,575,575,50,0
6955,52,312,6,1,0,8,6,4,4.667,0.000,-4.667,220,220,204,575,575,50,0
6956,52,312,6,1,0,7,7,6,4.667,0.000,-4.667,220,220,254,575,575,50,0
6957,52,312,6,1,0,8,7,9,5.000,0.000,-5.000,220,220,304,575,575,50,0
6958,52,312,6,1,0,8,8,12,5.333,0.000,-5.333,220,220,354,575,575,50,0
6959,52,312,6,1,0,9,8,15,5.667,0.000,-5.667,220,220,404,575,575,50,0
6960,52,312,6,1,1,9,8,18,6.000,1.000,-5.000,220,220,454,575,575,50,0
6961,52,312,6,1,8,10,9,20,9.000,8.000,-1.000,220,220,504,575,575,50,0
6962,52,312,6,1,14,10,9,23,11.000,14.000,3.000,220,220,554,575,575,50,1
6963,52,312,6,1,22,10,10,25,14.000,22.000,8.000,220,220,604,575,575,50,0
6964,52,312,6,1,29,11,10,28,16.667,29.000,12.333,220,220,654,575,575,50,0
6965,52,312,6,1,36,11,11,31,19.333,36.000,16.667,220,220,704,575,575,50,0
6966,52,312,6,1,43,12,11,33,22.000,43.000,21.000,220,220,754,575,575,50,0
6967,52,312,6,1,51,12,11,36,24.667,51.000,26.333,220,220,804,575,575,50,0
6968,52,312,6,1,58,13,12,39,27.667,58.000,30.333,220,220,854,575,575,50,0
6969,52,312,6,1,65,13,12,42,30.000,65.000,35.000,220,220,904,575,575,50,0
6970,52,312,6,1,72,13,12,44,32.333,72.000,39.667,220,220,954,575,575,50,0
6971,52,312,6,1,80,15,13,47,36.000,80.000,44.000,220,220,1004,575,575,50,0
6972,52,312,6,1,88,15,13,50,38.667,88.000,49.333,220,220,1054,575,575,50,0
6973,52,312,6,1,95,15,13,52,41.000,95.000,54.000,220,220,1104,575,575,50,0
6974,53,313,1,1,15,11,78,45,34.667,78.000,43.333,220,220,54,575,575,50,0
6975,53,313,1,1,18,13,73,47,34.667,73.000,38.333,220,220,104,575,575,50,0
6976,53,313,1,1,20,13,65,43,32.667,65.000,32.333,220,220,154,575,575,50,0
6977,53,313,1,1,16,13,57,40,28.667,57.000,28.333,220,220,204,575,575,50,0
6978,53,313,1,1,15,13,49,37,25.667,49.000,23.333,220,220,254,575,575,50,0
6979,53,313,1,1,15,12,42,34,23.000,42.000,19.000,220,220,304,575,575,50,0
6980,53,313,1,1,14,11,34,31,19.667,34.000,14.333,220,220,354,575,575,50,0
6981,53,313,1,1,14,11,27,29,17.333,27.000,9.667,220,220,404,575,575,50,0
6982,53,313,1,1,14,11,21,26,15.333,21.000,5.667,220,220,454,575,575,50,0
6983,53,313,1,1,13,10,14,23,12.333,14.000,1.667,220,220,504,575,575,50,0
6984,53,313,1,1,12,10,7,21,9.667,7.000,-2.667,220,220,554,575,575,50,1
6985,53,313,1,1,12,9,1,19,7.333,1.000,-6.333,220,220,604,575,575,50,0
6986,53,313,1,1,12,9,0,16,7.000,0.000,-7.000,220,220,654,575,575,50,0
6987,53,313,1,1,12,9,0,13,7.000,0.000,-7.000,220,220,704,575,575,50,0
6988,53,313,1,1,11,9,0,11,6.667,0.000,-6.667,220,220,754,575,575,50,0
6989,53,313,1,1,10,8,0,8,6.000,0.000,-6.000,220,220,804,575,575,50,0
6990,53,313,1,1,10,8,0,5,6.000,0.000,-6.000,220,220,854,575,575,50,0
6991,53,313,1,1,10,7,0,2,5.667,0.000,-5.667,220,220,904,575,575,50,0
6992,53,313,1,1,9,6,0,0,5.000,0.000,-5.000,220,220,954,575,575,50,0
6993,53,313,1,1,9,6,0,0,5.000,0.000,-5.000,220,220,1004,575,575,50,0
6994,53,313,1,1,8,6,0,0,4.667,0.000,-4.667,220,220,1054,575,575,50,0
6995,53,313,1,1,8,6,0,0,4.667,0.000,-4.667,220,220,1104,575,575,50,0
6996,53,314,2,1,13,0,5,0,6.000,0.000,-6.000,220,220,54,575,575,50,0
6997,53,314,2,1,9,0,4,0,4.333,0.000,-4.333,220,220,104,575,575,50,0
6998,53,314,2,1,9,0,5,0,4.667,0.000,-4.667,220,220,154,575,575,50,0
6999,53,314,2,1,9,0,6,0,5.000,0.000,-5.000,220,220,204,575,575,50,0
7000,53,314,2,1,10,0,6,3,5.333,0.000,-5.333,220,220,254,575,575,50,0
7001,53,314,2,1,10,0,6,6,5.333,0.000,-5.333,220,220,304,575,575,50,0
7002,53,314,2,1,11,0,7,9,6.000,0.000,-6.000,220,220,354,575,575,50,0
7003,53,314,2,1,11,0,8,12,6.333,0.000,-6.333,220,220,404,575,575,50,0
7004,53,314,2,1,11,0,8,15,6.333,0.000,-6.333,220,220,454,575,575,50,0
7005,53,314,2,1,12,0,8,17,6.667,0.000,-6.667,220,220,504,575,575,50,0
7006,53,314,2,1,12,6,8,20,8.667,6.000,-2.667,220,220,554,575,575,50,0
7007,53,314,2,1,13,13,9,22,11.667,13.000,1.333,220,220,604,600,600,50,1
7008,53,314,2,1,14,20,9,25,14.333,20.000,5.667,220,220,654,600,600,50,0
7009,53,314,2,1,14,27,10,28,17.000,27.000,10.000,220,220,704,600,600,50,0
7010,53,314,2,1,14,33,10,30,19.000,33.000,14.000,220,220,754,600,600,50,0
7011,53,314,2,1,14,41,11,33,22.000,41.000,19.000,220,220,804,600,600,50,0
7012,53,314,2,1,15,49,11,36,25.000,49.000,24.000,220,220,854,600,600,50,0
7013,53,314,2,1,15,56,11,39,27.333,56.000,28.667,220,220,904,600,600,50,0
7014,53,314,2,1,16,64,12,41,30.667,64.000,33.333,220,220,954,600,600,50,0
7015,53,314,2,1,19,72,12,45,34.333,72.000,37.667,220,220,1004,600,600,50,0
7016,53,314,2,1,17,79,13,47,36.333,79.000,42.667,220,220,1054,600,600,50,0
7017,53,314,2,1,17,87,13,50,39.000,87.000,48.000,220,220,1104,600,600,50,0
7018,53,314,2,1,17,94,14,52,41.667,94.000,52.333,220,220,1154,600,600,50,0
7019,53,314,2,1,17,103,14,56,44.667,103.000,58.333,220,220,1204,600,600,50,0
7020,53,315,3,1,78,16,12,46,35.333,78.000,42.667,220,220,80,600,600,50,0
7021,53,315,3,1,70,15,12,43,32.333,70.000,37.667,220,220,130,600,600,50,0
7022,53,315,3,1,62,14,12,40,29.333,62.000,32.667,220,220,180,600,600,50,0
7023,53,315,3,1,54,13,11,37,26.000,54.000,28.000,220,220,230,600,600,50,0
7024,53,315,3,1,46,12,11,34,23.000,46.000,23.000,220,220,280,600,600,50,0
7025,53,315,3,1,39,12,10,32,20.333,39.000,18.667,220,220,330,600,600,50,0
7026,53,315,3,1,32,12,10,29,18.000,32.000,14.000,220,220,380,600,600,50,0
7027,53,315,3,1,24,11,9,26,14.667,24.000,9.333,220,220,430,600,600,50,0
7028,53,315,3,1,18,11,9,24,12.667,18.000,5.333,220,220,480,600,600,50,0
7029,53,315,3,1,11,10,9,21,10.000,11.000,1.000,220,220,530,600,600,50,0
7030,53,315,3,1,4,10,9,19,7.667,4.000,-3.667,220,220,580,600,600,50,1
7031,53,315,3,1,0,10,8,16,6.000,0.000,-6.000,220,220,630,600,600,50,0
7032,53,315,3,1,0,9,8,13,5.667,0.000,-5.667,220,220,680,600,600,50,0
7033,53,315,3,1,0,9,8,10,5.667,0.000,-5.667,220,220,730,600,600,50,0
7034,53,315,3,1,0,8,7,8,5.000,0.000,-5.000,220,220,780,600,600,50,0
7035,53,315,3,1,0,8,7,5,5.000,0.000,-5.000,220,220,830,600,600,50,0
7036,53,315,3,1,0,7,6,2,4.333,0.000,-4.333,220,220,880,600,600,50,0
7037,53,315,3,1,0,7,5,0,4.000,0.000,-4.000,220,220,930,600,600,50,0
7038,53,315,3,1,0,6,5,0,3.667,0.000,-3.667,220,220,980,600,600,50,0
7039,53,315,3,1,0,6,5,0,3.667,0.000,-3.667,220,220,1030,600,600,50,0
7040,53,315,3,1,0,5,5,0,3.333,0.000,-3.333,220,220,1080,600,600,50,0
7041,53,315,3,1,0,5,4,0,3.000,0.000,-3.000,220,220,1130,600,600,50,0
7042,53,315,3,1,0,4,4,0,2.667,0.000,-2.667,220,220,1180,600,600,50,0
7043,53,316,4,1,8,8,0,1,5.333,0.000,-5.333,220,220,80,600,600,50,0
7044,53,316,4,1,9,8,0,3,5.667,0.000,-5.667,220,220,130,600,600,50,0
7045,53,316,4,1,10,8,0,6,6.000,0.000,-6.000,220,220,180,600,600,50,0
7046,53,316,4,1,10,8,0,9,6.000,0.000,-6.000,220,220,230,600,600,50,0
7047,53,316,4,1,10,9,0,11,6.333,0.000,-6.333,220,220,280,600,600,50,0
7048,53,316,4,1,11,9,0,14,6.667,0.000,-6.667,220,220,330,600,600,50,0
7049,53,316,4,1,11,9,0,17,6.667,0.000,-6.667,220,220,380,600,600,50,0
7050,53,316,4,1,12,10,4,20,8.667,4.000,-4.667,220,220,430,600,600,50,0
7051,53,316,4,1,12,10,10,22,10.667,10.000,-0.667,220,220,480,600,600,50,0
7052,53,316,4,1,12,11,17,24,13.333,17.000,3.667,220,220,530,575,575,50,1
7053,53,316,4,1,16,11,25,28,17.333,25.000,7.667,220,220,580,575,575,50,0
7054,53,316,4,1,13,11,32,30,18.667,32.000,13.333,220,220,630,575,575,50,0
7055,53,316,4,1,14,12,38,33,21.333,38.000,16.667,220,220,680,575,575,50,0
7056,53,316,4,1,14,13,46,35,24.333,46.000,21.667,220,220,730,575,575,50,0
7057,53,316,4,1,15,13,53,38,27.000,53.000,26.000,220,220,780,575,575,50,0
7058,53,316,4,1,15,13,61,41,29.667,61.000,31.333,220,220,830,575,575,50,0
7059,53,316,4,1,15,14,68,43,32.333,68.000,35.667,220,220,880,575,575,50,0
7060,53,316,4,1,16,14,75,47,35.000,75.000,40.000,220,220,930,575,575,50,0
7061,53,316,4,1,16,14,82,49,37.333,82.000,44.667,220,220,980,575,575,50,0
7062,53,316,4,1,17,15,90,52,40.667,90.000,49.333,220,220,1030,575,575,50,0
7063,53,316,4,1,17,15,97,55,43.000,97.000,54.000,220,220,1080,575,575,50,0
7064,53,317,5,1,12,77,13,44,34.000,77.000,43.000,220,220,54,575,575,50,0
7065,53,317,5,1,15,72,14,45,33.667,72.000,38.333,220,220,104,575,575,50,0
7066,53,317,5,1,16,65,13,42,31.333,65.000,33.667,220,220,154,575,575,50,0
7067,53,317,5,1,15,57,12,39,28.000,57.000,29.000,220,220,204,575,575,50,0
7068,53,317,5,1,15,49,11,36,25.000,49.000,24.000,220,220,254,575,575,50,0
7069,53,317,5,1,14,42,11,34,22.333,42.000,19.667,220,220,304,575,575,50,0
7070,53,317,5,1,14,34,11,30,19.667,34.000,14.333,220,220,354,575,575,50,0
7071,53,317,5,1,13,28,10,28,17.000,28.000,11.000,220,220,404,575,575,50,0
7072,53,317,5,1,16,20,10,26,15.333,20.000,4.667,220,220,454,575,575,50,0
7073,53,317,5,1,13,13,10,23,12.000,13.000,1.000,220,220,504,575,575,50,0
7074,53,317,5,1,12,7,9,21,9.333,7.000,-2.333,220,220,554,575,575,50,1
7075,53,317,5,1,12,1,8,18,7.000,1.000,-6.000,220,220,604,575,575,50,0
7076,53,317,5,1,12,0,8,16,6.667,0.000,-6.667,220,220,654,575,575,50,0
7077,53,317,5,1,11,0,8,13,6.333,0.000,-6.333,220,220,704,575,575,50,0
7078,53,317,5,1,11,0,8,11,6.333,0.000,-6.333,220,220,754,575,575,50,0
7079,53,317,5,1,10,0,7,8,5.667,0.000,-5.667,220,220,804,575,575,50,0
7080,53,317,5,1,10,0,6,4,5.333,0.000,-5.333,220,220,854,575,575,50,0
7081,53,317,5,1,9,0,6,2,5.000,0.000,-5.000,220,220,904,575,575,50,0
7082,53,317,5,1,9,0,6,0,5.000,0.000,-5.000,220,220,954,575,575,50,0
7083,53,317,5,1,8,0,5,0,4.333,0.000,-4.333,220,220,1004,575,575,50,0
7084,53,317,5,1,8,0,4,0,4.000,0.000,-4.000,220,220,1054,575,575,50,0
7085,53,317,5,1,7,0,4,0,3.667,0.000,-3.667,220,220,1104,575,575,50,0
7086,53,318,6,1,0,7,9,0,5.333,0.000,-5.333,220,220,54,575,575,50,0
7087,53,318,6,1,0,5,6,0,3.667,0.000,-3.667,220,220,104,575,575,50,0
7088,53,318,6,1,0,6,6,0,4.000,0.000,-4.000,220,220,154,575,575,50,0
7089,53,318,6,1,0,7,6,2,4.333,0.000,-4.333,220,220,204,575,575,50,0
7090,53,318,6,1,0,7,6,5,4.333,0.000,-4.333,220,220,254,575,575,50,0
7091,53,318,6,1,0,8,7,9,5.000,0.000,-5.000,220,220,304,575,575,50,0
7092,53,318,6,1,0,8,7,11,5.000,0.000,-5.000,220,220,354,575,575,50,0
7093,53,318,6,1,0,9,8,14,5.667,0.000,-5.667,220,220,404,575,575,50,0
7094,53,318,6,1,0,10,8,17,6.000,0.000,-6.000,220,220,454,575,575,50,0
7095,53,318,6,1,6,10,9,20,8.333,6.000,-2.333,220,220,504,575,575,50,0
7096,53,318,6,1,13,10,9,22,10.667,13.000,2.333,220,220,554,575,575,50,1
7097,53,318,6,1,21,11,10,25,14.000,21.000,7.000,220,220,604,575,575,50,0
7098,53,318,6,1,28,11,10,28,16.333,28.000,11.667,220,220,654,575,575,50,0
7099,53,318,6,1,34,11,10,30,18.333,34.000,15.667,220,220,704,575,575,50,0
7100,53,318,6,1,42,12,11,33,21.667,42.000,20.333,220,220,754,575,575,50,0
7101,53,318,6,1,49,12,11,35,24.000,49.000,25.000,220,220,804,575,575,50,0
7102,53,318,6,1,56,13,12,38,27.000,56.000,29.000,220,220,854,575,575,50,0
7103,53,318,6,1,64,13,12,41,29.667,64.000,34.333,220,220,904,575,575,50,0
7104,53,318,6,1,71,14,12,43,32.333,71.000,38.667,220,220,954,575,575,50,0
7105,53,318,6,1,77,14,13,46,34.667,77.000,42.333,220,220,1004,575,575,50,0
7106,53,318,6,1,84,14,13,48,37.000,84.000,47.000,220,220,1054,575,575,50,0
7107,53,318,6,1,90,15,13,51,39.333,90.000,50.667,220,220,1104,575,575,50,0
7108,54,319,1,1,15,11,80,46,35.333,80.000,44.667,220,220,54,575,575,50,0
7109,54,319,1,1,18,13,74,47,35.000,74.000,39.000,220,220,104,575,575,50,0
7110,54,319,1,1,20,14,66,44,33.333,66.000,32.667,220,220,154,575,575,50,0
7111,54,319,1,1,16,13,58,40,29.000,58.000,29.000,220,220,204,575,575,50,0
7112,54,319,1,1,15,13,51,37,26.333,51.000,24.667,220,220,254,575,575,50,0
7113,54,319,1,1,15,13,44,35,24.000,44.000,20.000,220,220,304,575,575,50,0
7114,54,319,1,1,15,12,37,32,21.333,37.000,15.667,220,220,354,575,575,50,0
7115,54,319,1,1,14,11,30,29,18.333,30.000,11.667,220,220,404,575,575,50,0
7116,54,319,1,1,13,11,23,27,15.667,23.000,7.333,220,220,454,575,575,50,0
7117,54,319,1,1,13,11,16,25,13.333,16.000,2.667,220,220,504,575,575,50,0
7118,54,319,1,1,13,10,9,22,10.667,9.000,-1.667,220,220,554,575,575,50,1
7119,54,319,1,1,12,10,2,20,8.000,2.000,-6.000,220,220,604,575,575,50,0
7120,54,319,1,1,12,9,0,17,7.000,0.000,-7.000,220,220,654,575,575,50,0
7121,54,319,1,1,11,9,0,14,6.667,0.000,-6.667,220,220,704,575,575,50,0
7122,54,319,1,1,11,9,0,11,6.667,0.000,-6.667,220,220,754,575,575,50,0
7123,54,319,1,1,10,8,0,9,6.000,0.000,-6.000,220,220,804,575,575,50,0
7124,54,319,1,1,10,8,0,6,6.000,0.000,-6.000,220,220,854,575,575,50,0
7125,54,319,1,1,10,7,0,3,5.667,0.000,-5.667,220,220,904,575,575,50,0
7126,54,319,1,1,9,7,0,0,5.333,0.000,-5.333,220,220,954,575,575,50,0
7127,54,319,1,1,9,7,0,0,5.333,0.000,-5.333,220,220,1004,575,575,50,0
7128,54,319,1,1,8,6,0,0,4.667,0.000,-4.667,220,220,1054,575,575,50,0
7129,54,319,1,1,7,6,0,0,4.333,0.000,-4.333,220,220,1104,575,575,50,0
7130,54,320,2,1,13,0,5,0,6.000,0.000,-6.000,220,220,54,575,575,50,0
7131,54,320,2,1,9,0,4,0,4.333,0.000,-4.333,220,220,104,575,575,50,0
7132,54,320,2,1,9,0,5,0,4.667,0.000,-4.667,220,220,154,575,575,50,0
7133,54,320,2,1,9,0,6,2,5.000,0.000,-5.000,220,220,204,575,575,50,0
7134,54,320,2,1,10,0,6,4,5.333,0.000,-5.333,220,220,254,575,575,50,0
7135,54,320,2,1,10,0,7,7,5.667,0.000,-5.667,220,220,304,575,575,50,0
7136,54,320,2,1,11,0,7,10,6.000,0.000,-6.000,220,220,354,575,575,50,0
7137,54,320,2,1,11,0,7,13,6.000,0.000,-6.000,220,220,404,575,575,50,0
7138,54,320,2,1,11,0,8,15,6.333,0.000,-6.333,220,220,454,575,575,50,0
7139,54,320,2,1,12,1,8,18,7.000,1.000,-6.000,220,220,504,575,575,50,0
7140,54,320,2,1,13,7,9,21,9.667,7.000,-2.667,220,220,554,575,575,50,0
7141,54,320,2,1,13,14,9,23,12.000,14.000,2.000,220,220,604,600,600,50,1
7142,54,320,2,1,13,21,9,25,14.333,21.000,6.667,220,220,654,600,600,50,0
7143,54,320,2,1,14,27,10,28,17.000,27.000,10.000,220,220,704,600,600,50,0
7144,54,320,2,1,14,34,10,30,19.333,34.000,14.667,220,220,754,600,600,50,0
7145,54,320,2,1,14,41,11,33,22.000,41.000,19.000,220,220,804,600,600,50,0
7146,54,320,2,1,15,49,11,36,25.000,49.000,24.000,220,220,854,600,600,50,0
7147,54,320,2,1,15,56,12,39,27.667,56.000,28.333,220,220,904,600,600,50,0
7148,54,320,2,1,16,64,12,41,30.667,64.000,33.333,220,220,954,600,600,50,0
7149,54,320,2,1,19,71,12,45,34.000,71.000,37.000,220,220,1004,600,600,50,0
7150,54,320,2,1,16,79,13,47,36.000,79.000,43.000,220,220,1054,600,600,50,0
7151,54,320,2,1,17,86,13,50,38.667,86.000,47.333,220,220,1104,600,600,50,0
7152,54,320,2,1,17,93,14,52,41.333,93.000,51.667,220,220,1154,600,600,50,0
7153,54,320,2,1,17,101,14,55,44.000,101.000,57.000,220,220,1204,600,600,50,0
7154,54,321,3,1,81,15,12,47,36.000,81.000,45.000,220,220,80,600,600,50,0
7155,54,321,3,1,74,15,12,45,33.667,74.000,40.333,220,220,130,600,600,50,0
7156,54,321,3,1,65,13,12,41,30.000,65.000,35.000,220,220,180,600,600,50,0
7157,54,321,3,1,57,13,11,38,27.000,57.000,30.000,220,220,230,600,600,50,0
7158,54,321,3,1,50,13,11,35,24.667,50.000,25.333,220,220,280,600,600,50,0
7159,54,321,3,1,42,12,10,33,21.333,42.000,20.667,220,220,330,600,600,50,0
7160,54,321,3,1,34,12,10,30,18.667,34.000,15.333,220,220,380,600,600,50,0
7161,54,321,3,1,27,11,10,27,16.000,27.000,11.000,220,220,430,600,600,50,0
7162,54,321,3,1,20,11,9,25,13.333,20.000,6.667,220,220,480,600,600,50,0
7163,54,321,3,1,13,10,9,22,10.667,13.000,2.333,220,220,530,600,600,50,0
7164,54,321,3,1,6,10,8,19,8.000,6.000,-2.000,220,220,580,600,600,50,1
7165,54,321,3,1,0,10,9,17,6.333,0.000,-6.333,220,220,630,600,600,50,0
7166,54,321,3,1,0,9,8,14,5.667,0.000,-5.667,220,220,680,600,600,50,0
7167,54,321,3,1,0,9,8,11,5.667,0.000,-5.667,220,220,730,600,600,50,0
7168,54,321,3,1,0,10,7,8,5.667,0.000,-5.667,220,220,780,600,600,50,0
7169,54,321,3,1,0,8,7,5,5.000,0.000,-5.000,220,220,830,600,600,50,0
7170,54,321,3,1,0,7,6,3,4.333,0.000,-4.333,220,220,880,600,600,50,0
7171,54,321,3,1,0,7,6,0,4.333,0.000,-4.333,220,220,930,600,600,50,0
7172,54,321,3,1,0,6,5,0,3.667,0.000,-3.667,220,220,980,600,600,50,0
7173,54,321,3,1,0,6,5,0,3.667,0.000,-3.667,220,220,1030,600,600,50,0
7174,54,321,3,1,0,5,5,0,3.333,0.000,-3.333,220,220,1080,600,600,50,0
7175,54,321,3,1,0,5,4,0,3.000,0.000,-3.000,220,220,1130,600,600,50,0
7176,54,321,3,1,0,4,4,0,2.667,0.000,-2.667,220,220,1180,600,600,50,0
7177,54,322,4,1,8,8,0,0,5.333,0.000,-5.333,220,220,80,600,600,50,0
7178,54,322,4,1,9,8,0,3,5.667,0.000,-5.667,220,220,130,600,600,50,0
7179,54,322,4,1,10,8,0,5,6.000,0.000,-6.000,220,220,180,600,600,50,0
7180,54,322,4,1,10,9,0,8,6.333,0.000,-6.333,220,220,230,600,600,50,0
7181,54,322,4,1,10,9,0,10,6.333,0.000,-6.333,220,220,280,600,600,50,0
7182,54,322,4,1,11,9,0,13,6.667,0.000,-6.667,220,220,330,600,600,50,0
7183,54,322,4,1,11,9,0,16,6.667,0.000,-6.667,220,220,380,600,600,50,0
7184,54,322,4,1,11,10,1,18,7.333,1.000,-6.333,220,220,430,600,600,50,0
7185,54,322,4,1,12,11,8,21,10.333,8.000,-2.333,220,220,480,600,600,50,0
7186,54,322,4,1,12,11,14,24,12.333,14.000,1.667,220,220,530,575,575,50,1
7187,54,322,4,1,13,12,21,26,15.333,21.000,5.667,220,220,580,575,575,50,0
7188,54,322,4,1,16,11,27,29,18.000,27.000,9.000,220,220,630,575,575,50,0
7189,54,322,4,1,14,12,34,31,20.000,34.000,14.000,220,220,680,575,575,50,0
7190,54,322,4,1,14,13,41,33,22.667,41.000,18.333,220,220,730,575,575,50,0
7191,54,322,4,1,15,13,49,37,25.667,49.000,23.333,220,220,780,575,575,50,0
7192,54,322,4,1,15,13,56,39,28.000,56.000,28.000,220,220,830,575,575,50,0
7193,54,322,4,1,15,13,62,42,30.000,62.000,32.000,220,220,880,575,575,50,0
7194,54,322,4,1,16,14,70,44,33.333,70.000,36.667,220,220,930,575,575,50,0
7195,54,322,4,1,16,14,78,47,36.000,78.000,42.000,220,220,980,575,575,50,0
7196,54,322,4,1,16,15,85,50,38.667,85.000,46.333,220,220,1030,575,575,50,0
7197,54,322,4,1,17,14,92,53,41.000,92.000,51.000,220,220,1080,575,575,50,0
7198,54,323,5,1,12,78,13,45,34.333,78.000,43.667,220,220,54,575,575,50,0
7199,54,323,5,1,16,73,14,46,34.333,73.000,38.667,220,220,104,575,575,50,0
7200,54,323,5,1,16,66,13,43,31.667,66.000,34.333,220,220,154,575,575,50,0
7201,54,323,5,1,15,58,12,40,28.333,58.000,29.667,220,220,204,575,575,50,0
7202,54,323,5,1,15,50,11,37,25.333,50.000,24.667,220,220,254,575,575,50,0
7203,54,323,5,1,15,42,11,34,22.667,42.000,19.333,220,220,304,575,575,50,0
7204,54,323,5,1,14,36,11,31,20.333,36.000,15.667,220,220,354,575,575,50,0
7205,54,323,5,1,13,28,10,28,17.000,28.000,11.000,220,220,404,575,575,50,0
7206,54,323,5,1,16,21,10,26,15.667,21.000,5.333,220,220,454,575,575,50,0
7207,54,323,5,1,13,14,10,23,12.333,14.000,1.667,220,220,504,575,575,50,0
7208,54,323,5,1,12,8,9,21,9.667,8.000,-1.667,220,220,554,575,575,50,1
7209,54,323,5,1,12,0,9,18,7.000,0.000,-7.000,220,220,604,575,575,50,0
7210,54,323,5,1,11,0,8,16,6.333,0.000,-6.333,220,220,654,575,575,50,0
7211,54,323,5,1,11,0,8,13,6.333,0.000,-6.333,220,220,704,575,575,50,0
7212,54,323,5,1,10,0,7,10,5.667,0.000,-5.667,220,220,754,575,575,50,0
7213,54,323,5,1,10,0,7,7,5.667,0.000,-5.667,220,220,804,575,575,50,0
7214,54,323,5,1,10,0,7,4,5.667,0.000,-5.667,220,220,854,575,575,50,0
7215,54,323,5,1,9,0,6,1,5.000,0.000,-5.000,220,220,904,575,575,50,0
7216,54,323,5,1,9,0,6,0,5.000,0.000,-5.000,220,220,954,575,575,50,0
7217,54,323,5,1,8,0,5,0,4.333,0.000,-4.333,220,220,1004,575,575,50,0
7218,54,323,5,1,8,0,5,0,4.333,0.000,-4.333,220,220,1054,575,575,50,0
7219,54,323,5,1,7,0,4,0,3.667,0.000,-3.667,220,220,1104,575,575,50,0
7220,54,324,6,1,0,7,8,0,5.000,0.000,-5.000,220,220,54,575,575,50,0
7221,54,324,6,1,0,6,6,0,4.000,0.000,-4.000,220,220,104,575,575,50,0
7222,54,324,6,1,0,6,6,0,4.000,0.000,-4.000,220,220,154,575,575,50,0
7223,54,324,6,1,0,7,7,3,4.667,0.000,-4.667,220,220,204,575,575,50,0
7224,54,324,6,1,0,7,7,5,4.667,0.000,-4.667,220,220,254,575,575,50,0
7225,54,324,6,1,0,8,7,8,5.000,0.000,-5.000,220,220,304,575,575,50,0
7226,54,324,6,1,0,8,8,12,5.333,0.000,-5.333,220,220,354,575,575,50,0
7227,54,324,6,1,0,9,8,14,5.667,0.000,-5.667,220,220,404,575,575,50,0
7228,54,324,6,1,0,9,8,16,5.667,0.000,-5.667,220,220,454,575,575,50,0
7229,54,324,6,1,5,9,9,19,7.667,5.000,-2.667,220,220,504,575,575,50,0
7230,54,324,6,1,12,10,9,22,10.333,12.000,1.667,220,220,554,575,575,50,1
7231,54,324,6,1,18,10,9,24,12.333,18.000,5.667,220,220,604,575,575,50,0
7232,54,324,6,1,25,11,10,27,15.333,25.000,9.667,220,220,654,575,575,50,0
7233,54,324,6,1,33,11,10,29,18.000,33.000,15.000,220,220,704,575,575,50,0
7234,54,324,6,1,40,12,11,32,21.000,40.000,19.000,220,220,754,575,575,50,0
7235,54,324,6,1,47,12,11,35,23.333,47.000,23.667,220,220,804,575,575,50,0
7236,54,324,6,1,55,13,11,37,26.333,55.000,28.667,220,220,854,575,575,50,0
7237,54,324,6,1,62,13,11,41,28.667,62.000,33.333,220,220,904,575,575,50,0
7238,54,324,6,1,69,13,12,43,31.333,69.000,37.667,220,220,954,575,575,50,0
7239,54,324,6,1,76,14,13,45,34.333,76.000,41.667,220,220,1004,575,575,50,0
7240,54,324,6,1,83,14,13,48,36.667,83.000,46.333,220,220,1054,575,575,50,0
7241,54,324,6,1,90,15,13,51,39.333,90.000,50.667,220,220,1104,575,575,50,0
7242,55,325,1,1,16,11,86,48,37.667,86.000,48.333,220,220,54,575,575,50,0
7243,55,325,1,1,18,14,80,49,37.333,80.000,42.667,220,220,104,575,575,50,0
7244,55,325,1,1,20,14,72,46,35.333,72.000,36.667,220,220,154,575,575,50,0
7245,55,325,1,1,16,14,63,43,31.000,63.000,32.000,220,220,204,575,575,50,0
7246,55,325,1,1,16,13,55,39,28.000,55.000,27.000,220,220,254,575,575,50,0
7247,55,325,1,1,15,12,48,37,25.000,48.000,23.000,220,220,304,575,575,50,0
7248,55,325,1,1,15,12,40,33,22.333,40.000,17.667,220,220,354,575,575,50,0
7249,55,325,1,1,15,11,33,31,19.667,33.000,13.333,220,220,404,575,575,50,0
7250,55,325,1,1,13,11,25,28,16.333,25.000,8.667,220,220,454,575,575,50,0
7251,55,325,1,1,13,11,18,25,14.000,18.000,4.000,220,220,504,575,575,50,0
7252,55,325,1,1,13,10,11,23,11.333,11.000,-0.333,220,220,554,575,575,50,1
7253,55,325,1,1,13,10,4,20,9.000,4.000,-5.000,220,220,604,600,600,50,0
7254,55,325,1,1,12,9,0,18,7.000,0.000,-7.000,220,220,654,600,600,50,0
7255,55,325,1,1,12,9,0,15,7.000,0.000,-7.000,220,220,704,600,600,50,0
7256,55,325,1,1,11,9,0,12,6.667,0.000,-6.667,220,220,754,600,600,50,0
7257,55,325,1,1,10,8,0,9,6.000,0.000,-6.000,220,220,804,600,600,50,0
7258,55,325,1,1,10,8,0,6,6.000,0.000,-6.000,220,220,854,600,600,50,0
7259,55,325,1,1,10,8,0,4,6.000,0.000,-6.000,220,220,904,600,600,50,0
7260,55,325,1,1,10,7,0,1,5.667,0.000,-5.667,220,220,954,600,600,50,0
7261,55,325,1,1,9,7,0,0,5.333,0.000,-5.333,220,220,1004,600,600,50,0
7262,55,325,1,1,8,6,0,0,4.667,0.000,-4.667,220,220,1054,600,600,50,0
7263,55,325,1,1,8,6,0,0,4.667,0.000,-4.667,220,220,1104,600,600,50,0
7264,55,325,1,1,6,5,0,0,3.667,0.000,-3.667,220,220,1154,600,600,50,0
7265,55,325,1,1,10,5,0,0,5.000,0.000,-5.000,220,220,1204,600,600,50,0
7266,55,326,2,1,10,0,4,0,4.667,0.000,-4.667,220,220,79,600,600,50,0
7267,55,326,2,1,9,0,5,0,4.667,0.000,-4.667,220,220,129,600,600,50,0
7268,55,326,2,1,9,0,6,3,5.000,0.000,-5.000,220,220,179,600,600,50,0
7269,55,326,2,1,10,0,7,6,5.667,0.000,-5.667,220,220,229,600,600,50,0
7270,55,326,2,1,11,0,7,8,6.000,0.000,-6.000,220,220,279,600,600,50,0
7271,55,326,2,1,11,0,7,12,6.000,0.000,-6.000,220,220,329,600,600,50,0
7272,55,326,2,1,11,0,8,14,6.333,0.000,-6.333,220,220,379,600,600,50,0
7273,55,326,2,1,12,0,8,17,6.667,0.000,-6.667,220,220,429,600,600,50,0
7274,55,326,2,1,12,4,9,19,8.333,4.000,-4.333,220,220,479,600,600,50,0
7275,55,326,2,1,12,11,9,22,10.667,11.000,0.333,220,220,529,575,575,50,1
7276,55,326,2,1,13,18,9,24,13.333,18.000,4.667,220,220,579,575,575,50,0
7277,55,326,2,1,13,24,10,27,15.667,24.000,8.333,220,220,629,575,575,50,0
7278,55,326,2,1,14,31,10,29,18.333,31.000,12.667,220,220,679,575,575,50,0
7279,55,326,2,1,14,39,10,32,21.000,39.000,18.000,220,220,729,575,575,50,0
7280,55,326,2,1,15,46,11,35,24.000,46.000,22.000,220,220,779,575,575,50,0
7281,55,326,2,1,15,53,12,38,26.667,53.000,26.333,220,220,829,575,575,50,0
7282,55,326,2,1,16,61,11,40,29.333,61.000,31.667,220,220,879,575,575,50,0
7283,55,326,2,1,19,69,12,44,33.333,69.000,35.667,220,220,929,575,575,50,0
7284,55,326,2,1,16,77,13,46,35.333,77.000,41.667,220,220,979,575,575,50,0
7285,55,326,2,1,17,85,13,49,38.333,85.000,46.667,220,220,1029,575,575,50,0
7286,55,326,2,1,17,92,13,52,40.667,92.000,51.333,220,220,1079,575,575,50,0
7287,55,327,3,1,83,14,10,46,35.667,83.000,47.333,220,220,54,575,575,50,0
7288,55,327,3,1,80,16,12,47,36.000,80.000,44.000,220,220,104,575,575,50,0
7289,55,327,3,1,73,14,12,44,33.000,73.000,40.000,220,220,154,575,575,50,0
7290,55,327,3,1,65,14,12,41,30.333,65.000,34.667,220,220,204,575,575,50,0
7291,55,327,3,1,55,13,11,38,26.333,55.000,28.667,220,220,254,575,575,50,0
7292,55,327,3,1,48,13,11,35,24.000,48.000,24.000,220,220,304,575,575,50,0
7293,55,327,3,1,41,12,10,32,21.000,41.000,20.000,220,220,354,575,575,50,0
7294,55,327,3,1,33,12,10,29,18.333,33.000,14.667,220,220,404,575,575,50,0
7295,55,327,3,1,26,12,10,26,16.000,26.000,10.000,220,220,454,575,575,50,0
7296,55,327,3,1,19,11,9,24,13.000,19.000,6.000,220,220,504,575,575,50,0
7297,55,327,3,1,13,10,9,22,10.667,13.000,2.333,220,220,554,575,575,50,0
7298,55,327,3,1,6,10,8,19,8.000,6.000,-2.000,220,220,604,600,600,50,1
7299,55,327,3,1,0,10,8,16,6.000,0.000,-6.000,220,220,654,600,600,50,0
7300,55,327,3,1,0,10,8,13,6.000,0.000,-6.000,220,220,704,600,600,50,0
7301,55,327,3,1,0,9,8,11,5.667,0.000,-5.667,220,220,754,600,600,50,0
7302,55,327,3,1,0,8,7,8,5.000,0.000,-5.000,220,220,804,600,600,50,0
7303,55,327,3,1,0,8,7,6,5.000,0.000,-5.000,220,220,854,600,600,50,0
7304,55,327,3,1,0,8,6,3,4.667,0.000,-4.667,220,220,904,600,600,50,0
7305,55,327,3,1,0,7,6,1,4.333,0.000,-4.333,220,220,954,600,600,50,0
7306,55,327,3,1,0,6,6,0,4.000,0.000,-4.000,220,220,1004,600,600,50,0
7307,55,327,3,1,0,6,5,0,3.667,0.000,-3.667,220,220,1054,600,600,50,0
7308,55,327,3,1,0,5,5,0,3.333,0.000,-3.333,220,220,1104,600,600,50,0
7309,55,327,3,1,0,5,4,0,3.000,0.000,-3.000,220,220,1154,600,600,50,0
7310,55,327,3,1,0,4,3,0,2.333,0.000,-2.333,220,220,1204,600,600,50,0
7311,55,328,4,1,8,8,0,0,5.333,0.000,-5.333,220,220,80,600,600,50,0
7312,55,328,4,1,9,7,0,1,5.333,0.000,-5.333,220,220,130,600,600,50,0
7313,55,328,4,1,9,8,0,4,5.667,0.000,-5.667,220,220,180,600,600,50,0
7314,55,328,4,1,10,8,0,7,6.000,0.000,-6.000,220,220,230,600,600,50,0
7315,55,328,4,1,10,8,0,9,6.000,0.000,-6.000,220,220,280,600,600,50,0
7316,55,328,4,1,11,9,0,12,6.667,0.000,-6.667,220,220,330,600,600,50,0
7317,55,328,4,1,11,9,0,14,6.667,0.000,-6.667,220,220,380,600,600,50,0
7318,55,328,4,1,11,9,0,17,6.667,0.000,-6.667,220,220,430,600,600,50,0
7319,55,328,4,1,12,9,4,20,8.333,4.000,-4.333,220,220,480,600,600,50,0
7320,55,328,4,1,12,10,11,22,11.000,11.000,0.000,220,220,530,600,600,50,1
7321,55,328,4,1,16,11,18,25,15.000,18.000,3.000,220,220,580,600,600,50,0
7322,55,328,4,1,13,11,25,28,16.333,25.000,8.667,220,220,630,600,600,50,0
7323,55,328,4,1,13,12,32,30,19.000,32.000,13.000,220,220,680,600,600,50,0
7324,55,328,4,1,14,12,39,33,21.667,39.000,17.333,220,220,730,600,600,50,0
7325,55,328,4,1,14,12,47,36,24.333,47.000,22.667,220,220,780,600,600,50,0
7326,55,328,4,1,15,13,54,39,27.333,54.000,26.667,220,220,830,600,600,50,0
7327,55,328,4,1,15,14,61,41,30.000,61.000,31.000,220,220,880,600,600,50,0
7328,55,328,4,1,16,13,68,44,32.333,68.000,35.667,220,220,930,600,600,50,0
7329,55,328,4,1,16,14,76,47,35.333,76.000,40.667,220,220,980,600,600,50,0
7330,55,328,4,1,16,14,84,50,38.000,84.000,46.000,220,220,1030,600,600,50,0
7331,55,328,4,1,17,15,91,52,41.000,91.000,50.000,220,220,1080,600,600,50,0
7332,55,328,4,1,17,15,98,55,43.333,98.000,54.667,220,220,1130,600,600,50,0
7333,55,328,4,1,17,15,107,58,46.333,107.000,60.667,220,220,1180,600,600,50,0
7334,55,329,5,1,15,69,13,44,32.333,69.000,36.667,220,220,79,600,600,50,0
7335,55,329,5,1,15,61,12,41,29.333,61.000,31.667,220,220,129,600,600,50,0
7336,55,329,5,1,15,53,11,38,26.333,53.000,26.667,220,220,179,600,600,50,0
7337,55,329,5,1,14,46,11,35,23.667,46.000,22.333,220,220,229,600,600,50,0
7338,55,329,5,1,14,38,11,33,21.000,38.000,17.000,220,220,279,600,600,50,0
7339,55,329,5,1,13,31,11,30,18.333,31.000,12.667,220,220,329,600,600,50,0
7340,55,329,5,1,13,24,10,27,15.667,24.000,8.333,220,220,379,600,600,50,0
7341,55,329,5,1,16,17,10,25,14.333,17.000,2.667,220,220,429,600,600,50,0
7342,55,329,5,1,12,10,9,22,10.333,10.000,-0.333,220,220,479,600,600,50,1
7343,55,329,5,1,12,4,9,19,8.333,4.000,-4.333,220,220,529,575,575,50,0
7344,55,329,5,1,12,0,8,16,6.667,0.000,-6.667,220,220,579,575,575,50,0
7345,55,329,5,1,11,0,8,14,6.333,0.000,-6.333,220,220,629,575,575,50,0
7346,55,329,5,1,11,0,8,11,6.333,0.000,-6.333,220,220,679,575,575,50,0
7347,55,329,5,1,10,0,7,9,5.667,0.000,-5.667,220,220,729,575,575,50,0
7348,55,329,5,1,10,0,7,6,5.667,0.000,-5.667,220,220,779,575,575,50,0
7349,55,329,5,1,9,0,6,3,5.000,0.000,-5.000,220,220,829,575,575,50,0
7350,55,329,5,1,8,0,6,1,4.667,0.000,-4.667,220,220,879,575,575,50,0
7351,55,329,5,1,8,0,5,0,4.333,0.000,-4.333,220,220,929,575,575,50,0
7352,55,329,5,1,8,0,4,0,4.000,0.000,-4.000,220,220,979,575,575,50,0
7353,55,329,5,1,7,0,4,0,3.667,0.000,-3.667,220,220,1029,575,575,50,0
7354,55,329,5,1,7,0,4,0,3.667,0.000,-3.667,220,220,1079,575,575,50,0
7355,55,330,6,1,0,8,9,0,5.667,0.000,-5.667,220,220,54,575,575,50,0
7356,55,330,6,1,0,6,7,0,4.333,0.000,-4.333,220,220,104,575,575,50,0
7357,55,330,6,1,0,7,7,2,4.667,0.000,-4.667,220,220,154,575,575,50,0
7358,55,330,6,1,0,7,7,5,4.667,0.000,-4.667,220,220,204,575,575,50,0
7359,55,330,6,1,0,8,7,8,5.000,0.000,-5.000,220,220,254,575,575,50,0
7360,55,330,6,1,0,8,7,11,5.000,0.000,-5.000,220,220,304,575,575,50,0
7361,55,330,6,1,0,9,8,13,5.667,0.000,-5.667,220,220,354,575,575,50,0
7362,55,330,6,1,0,9,8,16,5.667,0.000,-5.667,220,220,404,575,575,50,0
7363,55,330,6,1,4,10,9,19,7.667,4.000,-3.667,220,220,454,575,575,50,0
7364,55,330,6,1,11,10,9,22,10.000,11.000,1.000,220,220,504,550,550,50,1
7365,55,330,6,1,18,10,10,24,12.667,18.000,5.333,220,220,554,550,550,50,0
7366,55,330,6,1,25,11,10,26,15.333,25.000,9.667,220,220,604,550,550,50,0
7367,55,330,6,1,33,11,10,30,18.000,33.000,15.000,220,220,654,550,550,50,0
7368,55,330,6,1,40,11,11,32,20.667,40.000,19.333,220,220,704,550,550,50,0
7369,55,330,6,1,47,12,12,35,23.667,47.000,23.333,220,220,754,550,550,50,0
7370,55,330,6,1,55,13,11,38,26.333,55.000,28.667,220,220,804,550,550,50,0
7371,55,330,6,1,63,13,12,40,29.333,63.000,33.667,220,220,854,550,550,50,0
7372,55,330,6,1,69,14,12,43,31.667,69.000,37.333,220,220,904,550,550,50,0
7373,55,330,6,1,77,14,12,46,34.333,77.000,42.667,220,220,954,550,550,50,0
7374,55,330,6,1,84,14,13,48,37.000,84.000,47.000,220,220,1004,550,550,50,0
7375,55,330,6,1,91,15,13,51,39.667,91.000,51.333,220,220,1054,550,550,50,0
7376,56,331,1,1,18,14,84,51,38.667,84.000,45.333,220,220,79,550,550,50,0
7377,56,331,1,1,17,14,77,48,36.000,77.000,41.000,220,220,129,550,550,50,0
7378,56,331,1,1,19,14,70,45,34.333,70.000,35.667,220,220,179,550,550,50,0
7379,56,331,1,1,16,13,62,42,30.333,62.000,31.667,220,220,229,550,550,50,0
7380,56,331,1,1,16,13,55,39,28.000,55.000,27.000,220,220,279,550,550,50,0
7381,56,331,1,1,15,12,48,36,25.000,48.000,23.000,220,220,329,550,550,50,0
7382,56,331,1,1,15,12,40,34,22.333,40.000,17.667,220,220,379,550,550,50,0
7383,56,331,1,1,14,12,33,30,19.667,33.000,13.333,220,220,429,550,550,50,0
7384,56,331,1,1,14,11,26,28,17.000,26.000,9.000,220,220,479,550,550,50,0
7385,56,331,1,1,13,11,20,25,14.667,20.000,5.333,220,220,529,550,550,50,0
7386,56,331,1,1,13,10,13,23,12.000,13.000,1.000,220,220,579,550,550,50,0
7387,56,331,1,1,13,10,6,20,9.667,6.000,-3.667,220,220,629,600,600,50,1
7388,56,331,1,1,12,10,0,18,7.333,0.000,-7.333,220,220,679,600,600,50,0
7389,56,331,1,1,12,9,0,16,7.000,0.000,-7.000,220,220,729,600,600,50,0
7390,56,331,1,1,11,8,0,13,6.333,0.000,-6.333,220,220,779,600,600,50,0
7391,56,331,1,1,11,9,0,10,6.667,0.000,-6.667,220,220,829,600,600,50,0
7392,56,331,1,1,10,8,0,8,6.000,0.000,-6.000,220,220,879,600,600,50,0
7393,56,331,1,1,10,8,0,5,6.000,0.000,-6.000,220,220,929,600,600,50,0
7394,56,331,1,1,10,7,0,2,5.667,0.000,-5.667,220,220,979,600,600,50,0
7395,56,331,1,1,9,7,0,0,5.333,0.000,-5.333,220,220,1029,600,600,50,0
7396,56,331,1,1,9,6,0,0,5.000,0.000,-5.000,220,220,1079,600,600,50,0
7397,56,331,1,1,8,6,0,0,4.667,0.000,-4.667,220,220,1129,600,600,50,0
7398,56,331,1,1,8,6,0,0,4.667,0.000,-4.667,220,220,1179,600,600,50,0
7399,56,331,1,1,10,5,0,0,5.000,0.000,-5.000,220,220,1229,600,600,50,0
7400,56,332,2,1,9,0,5,0,4.667,0.000,-4.667,220,220,79,600,600,50,0
7401,56,332,2,1,9,0,6,0,5.000,0.000,-5.000,220,220,129,600,600,50,0
7402,56,332,2,1,9,0,6,2,5.000,0.000,-5.000,220,220,179,600,600,50,0
7403,56,332,2,1,10,0,6,4,5.333,0.000,-5.333,220,220,229,600,600,50,0
7404,56,332,2,1,10,0,7,7,5.667,0.000,-5.667,220,220,279,600,600,50,0
7405,56,332,2,1,11,0,7,10,6.000,0.000,-6.000,220,220,329,600,600,50,0
7406,56,332,2,1,11,0,8,13,6.333,0.000,-6.333,220,220,379,600,600,50,0
7407,56,332,2,1,12,0,8,16,6.667,0.000,-6.667,220,220,429,600,600,50,0
7408,56,332,2,1,12,2,8,18,7.333,2.000,-5.333,220,220,479,600,600,50,0
7409,56,332,2,1,12,9,9,21,10.000,9.000,-1.000,220,220,529,600,600,50,0
7410,56,332,2,1,13,16,9,24,12.667,16.000,3.333,220,220,579,600,600,50,1
7411,56,332,2,1,13,23,9,26,15.000,23.000,8.000,220,220,629,600,600,50,0
7412,56,332,2,1,14,30,10,29,18.000,30.000,12.000,220,220,679,600,600,50,0
7413,56,332,2,1,14,37,10,31,20.333,37.000,16.667,220,220,729,600,600,50,0
7414,56,332,2,1,15,44,11,34,23.333,44.000,20.667,220,220,779,600,600,50,0
7415,56,332,2,1,15,52,11,37,26.000,52.000,26.000,220,220,829,600,600,50,0
7416,56,332,2,1,15,59,12,40,28.667,59.000,30.333,220,220,879,600,600,50,0
7417,56,332,2,1,18,66,12,43,32.000,66.000,34.000,220,220,929,600,600,50,0
7418,56,332,2,1,16,74,12,45,34.000,74.000,40.000,220,220,979,600,600,50,0
7419,56,332,2,1,16,81,13,48,36.667,81.000,44.333,220,220,1029,600,600,50,0
7420,56,332,2,1,16,88,14,50,39.333,88.000,48.667,220,220,1079,600,600,50,0
7421,56,332,2,1,17,95,14,53,42.000,95.000,53.000,220,220,1129,600,600,50,0
7422,56,332,2,1,17,103,14,56,44.667,103.000,58.333,220,220,1179,600,600,50,0
7423,56,333,3,1,75,15,12,45,34.000,75.000,41.000,220,220,80,600,600,50,0
7424,56,333,3,1,68,14,12,42,31.333,68.000,36.667,220,220,130,600,600,50,0
7425,56,333,3,1,59,13,12,39,28.000,59.000,31.000,220,220,180,600,600,50,0
7426,56,333,3,1,51,13,11,36,25.000,51.000,26.000,220,220,230,600,600,50,0
7427,56,333,3,1,44,12,10,34,22.000,44.000,22.000,220,220,280,600,600,50,0
7428,56,333,3,1,37,12,10,30,19.667,37.000,17.333,220,220,330,600,600,50,0
7429,56,333,3,1,29,11,10,27,16.667,29.000,12.333,220,220,380,600,600,50,0
7430,56,333,3,1,22,11,9,25,14.000,22.000,8.000,220,220,430,600,600,50,0
7431,56,333,3,1,16,11,9,23,12.000,16.000,4.000,220,220,480,600,600,50,0
7432,56,333,3,1,8,10,9,20,9.000,8.000,-1.000,220,220,530,575,575,50,1
7433,56,333,3,1,1,10,8,17,6.333,1.000,-5.333,220,220,580,575,575,50,0
7434,56,333,3,1,0,9,8,14,5.667,0.000,-5.667,220,220,630,575,575,50,0
7435,56,333,3,1,0,9,8,12,5.667,0.000,-5.667,220,220,680,575,575,50,0
7436,56,333,3,1,0,9,7,10,5.333,0.000,-5.333,220,220,730,575,575,50,0
7437,56,333,3,1,0,8,7,6,5.000,0.000,-5.000,220,220,780,575,575,50,0
7438,56,333,3,1,0,7,6,3,4.333,0.000,-4.333,220,220,830,575,575,50,0
7439,56,333,3,1,0,7,6,1,4.333,0.000,-4.333,220,220,880,575,575,50,0
7440,56,333,3,1,0,7,5,0,4.000,0.000,-4.000,220,220,930,575,575,50,0
7441,56,333,3,1,0,6,5,0,3.667,0.000,-3.667,220,220,980,575,575,50,0
7442,56,333,3,1,0,5,4,0,3.000,0.000,-3.000,220,220,1030,575,575,50,0
7443,56,333,3,1,0,5,4,0,3.000,0.000,-3.000,220,220,1080,575,575,50,0
7444,56,334,4,1,11,11,0,0,7.333,0.000,-7.333,220,220,54,575,575,50,0
7445,56,334,4,1,8,8,0,0,5.333,0.000,-5.333,220,220,104,575,575,50,0
7446,56,334,4,1,9,8,0,2,5.667,0.000,-5.667,220,220,154,575,575,50,0
7447,56,334,4,1,9,8,0,4,5.667,0.000,-5.667,220,220,204,575,575,50,0
7448,56,334,4,1,10,8,0,7,6.000,0.000,-6.000,220,220,254,575,575,50,0
7449,56,334,4,1,11,9,0,10,6.667,0.000,-6.667,220,220,304,575,575,50,0
7450,56,334,4,1,10,9,0,13,6.333,0.000,-6.333,220,220,354,575,575,50,0
7451,56,334,4,1,11,9,0,16,6.667,0.000,-6.667,220,220,404,575,575,50,0
7452,56,334,4,1,12,10,0,18,7.333,0.000,-7.333,220,220,454,575,575,50,0
7453,56,334,4,1,12,10,6,20,9.333,6.000,-3.333,220,220,504,575,575,50,0
7454,56,334,4,1,12,10,12,23,11.333,12.000,0.667,220,220,554,575,575,50,1
7455,56,334,4,1,16,11,19,26,15.333,19.000,3.667,220,220,604,575,575,50,0
7456,56,334,4,1,13,11,26,28,16.667,26.000,9.333,220,220,654,575,575,50,0
7457,56,334,4,1,14,12,33,30,19.667,33.000,13.333,220,220,704,575,575,50,0
7458,56,334,4,1,14,12,40,33,22.000,40.000,18.000,220,220,754,575,575,50,0
7459,56,334,4,1,15,12,47,36,24.667,47.000,22.333,220,220,804,575,575,50,0
7460,56,334,4,1,15,13,54,39,27.333,54.000,26.667,220,220,854,575,575,50,0
7461,56,334,4,1,15,13,62,42,30.000,62.000,32.000,220,220,904,575,575,50,0
7462,56,334,4,1,16,14,69,44,33.000,69.000,36.000,220,220,954,575,575,50,0
7463,56,334,4,1,15,14,76,47,35.000,76.000,41.000,220,220,1004,575,575,50,0
7464,56,334,4,1,17,14,83,50,38.000,83.000,45.000,220,220,1054,575,575,50,0
7465,56,334,4,1,17,15,90,52,40.667,90.000,49.333,220,220,1104,575,575,50,0
7466,56,335,5,1,13,84,13,47,36.667,84.000,47.333,220,220,54,575,575,50,0
7467,56,335,5,1,16,79,14,47,36.333,79.000,42.667,220,220,104,575,575,50,0
7468,56,335,5,1,16,71,13,45,33.333,71.000,37.667,220,220,154,575,575,50,0
7469,56,335,5,1,15,64,13,42,30.667,64.000,33.333,220,220,204,575,575,50,0
7470,56,335,5,1,15,56,12,39,27.667,56.000,28.333,220,220,254,575,575,50,0
7471,56,335,5,1,15,48,12,36,25.000,48.000,23.000,220,220,304,575,575,50,0
7472,56,335,5,1,14,41,11,33,22.000,41.000,19.000,220,220,354,575,575,50,0
7473,56,335,5,1,14,34,11,31,19.667,34.000,14.333,220,220,404,575,575,50,0
7474,56,335,5,1,16,27,10,28,17.667,27.000,9.333,220,220,454,575,575,50,0
7475,56,335,5,1,13,20,10,25,14.333,20.000,5.667,220,220,504,575,575,50,0
7476,56,335,5,1,13,13,10,23,12.000,13.000,1.000,220,220,554,575,575,50,0
7477,56,335,5,1,12,6,9,20,9.000,6.000,-3.000,220,220,604,600,600,50,1
7478,56,335,5,1,11,0,9,18,6.667,0.000,-6.667,220,220,654,600,600,50,0
7479,56,335,5,1,11,0,8,15,6.333,0.000,-6.333,220,220,704,600,600,50,0
7480,56,335,5,1,11,0,8,12,6.333,0.000,-6.333,220,220,754,600,600,50,0
7481,56,335,5,1,10,0,7,9,5.667,0.000,-5.667,220,220,804,600,600,50,0
7482,56,335,5,1,10,0,7,6,5.667,0.000,-5.667,220,220,854,600,600,50,0
7483,56,335,5,1,9,0,6,4,5.000,0.000,-5.000,220,220,904,600,600,50,0
7484,56,335,5,1,9,0,6,1,5.000,0.000,-5.000,220,220,954,600,600,50,0
7485,56,335,5,1,8,0,5,0,4.333,0.000,-4.333,220,220,1004,600,600,50,0
7486,56,335,5,1,8,0,5,0,4.333,0.000,-4.333,220,220,1054,600,600,50,0
7487,56,335,5,1,8,0,5,0,4.333,0.000,-4.333,220,220,1104,600,600,50,0
7488,56,335,5,1,7,0,4,0,3.667,0.000,-3.667,220,220,1154,600,600,50,0
7489,56,335,5,1,6,0,3,0,3.000,0.000,-3.000,220,220,1204,600,600,50,0
7490,56,336,6,1,0,5,7,0,4.000,0.000,-4.000,220,220,79,600,600,50,0
7491,56,336,6,1,0,6,6,1,4.000,0.000,-4.000,220,220,129,600,600,50,0
7492,56,336,6,1,0,8,7,4,5.000,0.000,-5.000,220,220,179,600,600,50,0
7493,56,336,6,1,0,8,7,7,5.000,0.000,-5.000,220,220,229,600,600,50,0
7494,56,336,6,1,0,8,7,10,5.000,0.000,-5.000,220,220,279,600,600,50,0
7495,56,336,6,1,0,8,8,13,5.333,0.000,-5.333,220,220,329,600,600,50,0
7496,56,336,6,1,0,9,8,15,5.667,0.000,-5.667,220,220,379,600,600,50,0
7497,56,336,6,1,2,9,9,18,6.667,2.000,-4.667,220,220,429,600,600,50,0
7498,56,336,6,1,9,10,9,21,9.333,9.000,-0.333,220,220,479,600,600,50,0
7499,56,336,6,1,16,10,10,23,12.000,16.000,4.000,220,220,529,575,575,50,1
7500,56,336,6,1,23,11,10,25,14.667,23.000,8.333,220,220,579,575,575,50,0
7501,56,336,6,1,30,11,10,28,17.000,30.000,13.000,220,220,629,575,575,50,0
7502,56,336,6,1,36,12,11,31,19.667,36.000,16.333,220,220,679,575,575,50,0
7503,56,336,6,1,44,11,11,33,22.000,44.000,22.000,220,220,729,575,575,50,0
7504,56,336,6,1,51,13,11,36,25.000,51.000,26.000,220,220,779,575,575,50,0
7505,56,336,6,1,58,13,11,39,27.333,58.000,30.667,220,220,829,575,575,50,0
7506,56,336,6,1,65,13,12,41,30.000,65.000,35.000,220,220,879,575,575,50,0
7507,56,336,6,1,72,14,12,44,32.667,72.000,39.333,220,220,929,575,575,50,0
7508,56,336,6,1,79,14,13,46,35.333,79.000,43.667,220,220,979,575,575,50,0
7509,56,336,6,1,87,15,13,49,38.333,87.000,48.667,220,220,1029,575,575,50,0
7510,56,336,6,1,94,15,13,52,40.667,94.000,53.333,220,220,1079,575,575,50,0
7511,57,337,1,1,15,11,77,45,34.333,77.000,42.667,220,220,54,575,575,50,0
7512,57,337,1,1,21,13,71,46,35.000,71.000,36.000,220,220,104,575,575,50,0
7513,57,337,1,1,17,13,64,43,31.333,64.000,32.667,220,220,154,575,575,50,0
7514,57,337,1,1,16,13,56,39,28.333,56.000,27.667,220,220,204,575,575,50,0
7515,57,337,1,1,15,13,47,36,25.000,47.000,22.000,220,220,254,575,575,50,0
7516,57,337,1,1,15,12,40,33,22.333,40.000,17.667,220,220,304,575,575,50,0
7517,57,337,1,1,14,12,33,31,19.667,33.000,13.333,220,220,354,575,575,50,0
7518,57,337,1,1,13,11,26,28,16.667,26.000,9.333,220,220,404,575,575,50,0
7519,57,337,1,1,13,10,19,25,14.000,19.000,5.000,220,220,454,575,575,50,0
7520,57,337,1,1,13,10,12,23,11.667,12.000,0.333,220,220,504,575,575,50,0
7521,57,337,1,1,13,10,6,21,9.667,6.000,-3.667,220,220,554,575,575,50,1
7522,57,337,1,1,13,9,0,18,7.333,0.000,-7.333,220,220,604,575,575,50,0
7523,57,337,1,1,12,9,0,15,7.000,0.000,-7.000,220,220,654,575,575,50,0
7524,57,337,1,1,11,8,0,12,6.333,0.000,-6.333,220,220,704,575,575,50,0
7525,57,337,1,1,10,8,0,10,6.000,0.000,-6.000,220,220,754,575,575,50,0
7526,57,337,1,1,10,8,0,6,6.000,0.000,-6.000,220,220,804,575,575,50,0
7527,57,337,1,1,10,8,0,4,6.000,0.000,-6.000,220,220,854,575,575,50,0
7528,57,337,1,1,10,7,0,1,5.667,0.000,-5.667,220,220,904,575,575,50,0
7529,57,337,1,1,9,6,0,0,5.000,0.000,-5.000,220,220,954,575,575,50,0
7530,57,337,1,1,8,6,0,0,4.667,0.000,-4.667,220,220,1004,575,575,50,0
7531,57,337,1,1,8,6,0,0,4.667,0.000,-4.667,220,220,1054,575,575,50,0
7532,57,337,1,1,11,5,0,0,5.333,0.000,-5.333,220,220,1104,575,575,50,0
7533,57,338,2,1,13,0,6,0,6.333,0.000,-6.333,220,220,54,575,575,50,0
7534,57,338,2,1,10,0,4,0,4.667,0.000,-4.667,220,220,104,575,575,50,0
7535,57,338,2,1,9,0,5,0,4.667,0.000,-4.667,220,220,154,575,575,50,0
7536,57,338,2,1,9,0,6,2,5.000,0.000,-5.000,220,220,204,575,575,50,0
7537,57,338,2,1,10,0,6,5,5.333,0.000,-5.333,220,220,254,575,575,50,0
7538,57,338,2,1,10,0,7,8,5.667,0.000,-5.667,220,220,304,575,575,50,0
7539,57,338,2,1,11,0,7,10,6.000,0.000,-6.000,220,220,354,575,575,50,0
7540,57,338,2,1,12,0,7,13,6.333,0.000,-6.333,220,220,404,575,575,50,0
7541,57,338,2,1,11,0,8,16,6.333,0.000,-6.333,220,220,454,575,575,50,0
7542,57,338,2,1,12,2,8,18,7.333,2.000,-5.333,220,220,504,575,575,50,0
7543,57,338,2,1,13,9,8,21,10.000,9.000,-1.000,220,220,554,575,575,50,0
7544,57,338,2,1,13,16,9,23,12.667,16.000,3.333,220,220,604,600,600,50,1
7545,57,338,2,1,13,22,9,25,14.667,22.000,7.333,220,220,654,600,600,50,0
7546,57,338,2,1,14,29,10,29,17.667,29.000,11.333,220,220,704,600,600,50,0
7547,57,338,2,1,14,36,10,31,20.000,36.000,16.000,220,220,754,600,600,50,0
7548,57,338,2,1,15,43,11,34,23.000,43.000,20.000,220,220,804,600,600,50,0
7549,57,338,2,1,15,51,11,37,25.667,51.000,25.333,220,220,854,600,600,50,0
7550,57,338,2,1,16,58,11,39,28.333,58.000,29.667,220,220,904,600,600,50,0
7551,57,338,2,1,19,65,12,42,32.000,65.000,33.000,220,220,954,600,600,50,0
7552,57,338,2,1,16,73,12,45,33.667,73.000,39.333,220,220,1004,600,600,50,0
7553,57,338,2,1,17,81,13,48,37.000,81.000,44.000,220,220,1054,600,600,50,0
7554,57,338,2,1,17,88,13,51,39.333,88.000,48.667,220,220,1104,600,600,50,0
7555,57,338,2,1,17,96,14,53,42.333,96.000,53.667,220,220,1154,600,600,50,0
7556,57,338,2,1,18,104,14,56,45.333,104.000,58.667,220,220,1204,600,600,50,0
7557,57,339,3,1,79,15,12,46,35.333,79.000,43.667,220,220,80,600,600,50,0
7558,57,339,3,1,71,14,12,43,32.333,71.000,38.667,220,220,130,600,600,50,0
7559,57,339,3,1,62,13,12,40,29.000,62.000,33.000,220,220,180,600,600,50,0
7560,57,339,3,1,54,13,11,37,26.000,54.000,28.000,220,220,230,600,600,50,0
7561,57,339,3,1,46,12,11,34,23.000,46.000,23.000,220,220,280,600,600,50,0
7562,57,339,3,1,39,12,10,32,20.333,39.000,18.667,220,220,330,600,600,50,0
7563,57,339,3,1,31,12,10,29,17.667,31.000,13.333,220,220,380,600,600,50,0
7564,57,339,3,1,23,11,10,26,14.667,23.000,8.333,220,220,430,600,600,50,0
7565,57,339,3,1,16,11,9,23,12.000,16.000,4.000,220,220,480,600,600,50,0
7566,57,339,3,1,10,10,9,21,9.667,10.000,0.333,220,220,530,600,600,50,0
7567,57,339,3,1,2,10,8,18,6.667,2.000,-4.667,220,220,580,600,600,50,1
7568,57,339,3,1,0,10,8,15,6.000,0.000,-6.000,220,220,630,600,600,50,0
7569,57,339,3,1,0,9,8,12,5.667,0.000,-5.667,220,220,680,600,600,50,0
7570,57,339,3,1,0,9,7,10,5.333,0.000,-5.333,220,220,730,600,600,50,0
7571,57,339,3,1,0,8,7,6,5.000,0.000,-5.000,220,220,780,600,600,50,0
7572,57,339,3,1,0,8,6,4,4.667,0.000,-4.667,220,220,830,600,600,50,0
7573,57,339,3,1,0,7,6,1,4.333,0.000,-4.333,220,220,880,600,600,50,0
7574,57,339,3,1,0,7,6,0,4.333,0.000,-4.333,220,220,930,600,600,50,0
7575,57,339,3,1,0,6,5,0,3.667,0.000,-3.667,220,220,980,600,600,50,0
7576,57,339,3,1,0,6,5,0,3.667,0.000,-3.667,220,220,1030,600,600,50,0
7577,57,339,3,1,0,5,4,0,3.000,0.000,-3.000,220,220,1080,600,600,50,0
7578,57,339,3,1,0,5,4,0,3.000,0.000,-3.000,220,220,1130,600,600,50,0
7579,57,339,3,1,0,4,3,0,2.333,0.000,-2.333,220,220,1180,600,600,50,0
7580,57,340,4,1,8,8,0,1,5.333,0.000,-5.333,220,220,80,600,600,50,0
7581,57,340,4,1,9,8,0,3,5.667,0.000,-5.667,220,220,130,600,600,50,0
7582,57,340,4,1,10,8,0,6,6.000,0.000,-6.000,220,220,180,600,600,50,0
7583,57,340,4,1,10,8,0,9,6.000,0.000,-6.000,220,220,230,600,600,50,0
7584,57,340,4,1,11,9,0,12,6.667,0.000,-6.667,220,220,280,600,600,50,0
7585,57,340,4,1,11,9,0,14,6.667,0.000,-6.667,220,220,330,600,600,50,0
7586,57,340,4,1,11,10,0,17,7.000,0.000,-7.000,220,220,380,600,600,50,0
7587,57,340,4,1,12,10,4,20,8.667,4.000,-4.667,220,220,430,600,600,50,0
7588,57,340,4,1,12,10,11,22,11.000,11.000,0.000,220,220,480,600,600,50,1
7589,57,340,4,1,15,11,18,25,14.667,18.000,3.333,220,220,530,575,575,50,0
7590,57,340,4,1,13,11,25,27,16.333,25.000,8.667,220,220,580,575,575,50,0
7591,57,340,4,1,13,12,32,30,19.000,32.000,13.000,220,220,630,575,575,50,0
7592,57,340,4,1,14,12,39,33,21.667,39.000,17.333,220,220,680,575,575,50,0
7593,57,340,4,1,15,12,46,36,24.333,46.000,21.667,220,220,730,575,575,50,0
7594,57,340,4,1,15,13,54,38,27.333,54.000,26.667,220,220,780,575,575,50,0
7595,57,340,4,1,15,13,61,41,29.667,61.000,31.333,220,220,830,575,575,50,0
7596,57,340,4,1,16,13,68,44,32.333,68.000,35.667,220,220,880,575,575,50,0
7597,57,340,4,1,16,14,76,47,35.333,76.000,40.667,220,220,930,575,575,50,0
7598,57,340,4,1,17,15,83,50,38.333,83.000,44.667,220,220,980,575,575,50,0
7599,57,340,4,1,17,15,92,53,41.333,92.000,50.667,220,220,1030,575,575,50,0
7600,57,340,4,1,17,15,99,55,43.667,99.000,55.333,220,220,1080,575,575,50,0
7601,57,341,5,1,12,74,13,43,33.000,74.000,41.000,220,220,54,575,575,50,0
7602,57,341,5,1,15,69,14,44,32.667,69.000,36.333,220,220,104,575,575,50,0
7603,57,341,5,1,15,62,13,41,30.000,62.000,32.000,220,220,154,575,575,50,0
7604,57,341,5,1,15,54,12,38,27.000,54.000,27.000,220,220,204,575,575,50,0
7605,57,341,5,1,14,46,11,35,23.667,46.000,22.333,220,220,254,575,575,50,0
7606,57,341,5,1,14,38,10,32,20.667,38.000,17.333,220,220,304,575,575,50,0
7607,57,341,5,1,14,32,11,30,19.000,32.000,13.000,220,220,354,575,575,50,0
7608,57,341,5,1,16,25,10,28,17.000,25.000,8.000,220,220,404,575,575,50,0
7609,57,341,5,1,13,18,9,24,13.333,18.000,4.667,220,220,454,575,575,50,0
7610,57,341,5,1,12,11,9,22,10.667,11.000,0.333,220,220,504,575,575,50,0
7611,57,341,5,1,12,4,9,20,8.333,4.000,-4.333,220,220,554,575,575,50,1
7612,57,341,5,1,12,0,9,17,7.000,0.000,-7.000,220,220,604,575,575,50,0
7613,57,341,5,1,10,0,8,15,6.000,0.000,-6.000,220,220,654,575,575,50,0
7614,57,341,5,1,11,0,8,12,6.333,0.000,-6.333,220,220,704,575,575,50,0
7615,57,341,5,1,11,0,8,9,6.333,0.000,-6.333,220,220,754,575,575,50,0
7616,57,341,5,1,10,0,7,6,5.667,0.000,-5.667,220,220,804,575,575,50,0
7617,57,341,5,1,9,0,6,3,5.000,0.000,-5.000,220,220,854,575,575,50,0
7618,57,341,5,1,9,0,6,1,5.000,0.000,-5.000,220,220,904,575,575,50,0
7619,57,341,5,1,8,0,5,0,4.333,0.000,-4.333,220,220,954,575,575,50,0
7620,57,341,5,1,8,0,5,0,4.333,0.000,-4.333,220,220,1004,575,575,50,0
7621,57,341,5,1,8,0,4,0,4.000,0.000,-4.000,220,220,1054,575,575,50,0
7622,57,341,5,1,7,0,4,0,3.667,0.000,-3.667,220,220,1104,575,575,50,0
7623,57,342,6,1,0,7,8,0,5.000,0.000,-5.000,220,220,54,575,575,50,0
7624,57,342,6,1,0,5,6,0,3.667,0.000,-3.667,220,220,104,575,575,50,0
7625,57,342,6,1,0,7,6,1,4.333,0.000,-4.333,220,220,154,575,575,50,0
7626,57,342,6,1,0,7,6,3,4.333,0.000,-4.333,220,220,204,575,575,50,0
7627,57,342,6,1,0,9,7,5,5.333,0.000,-5.333,220,220,254,575,575,50,0
7628,57,342,6,1,0,8,7,9,5.000,0.000,-5.000,220,220,304,575,575,50,0
7629,57,342,6,1,0,8,8,11,5.333,0.000,-5.333,220,220,354,575,575,50,0
7630,57,342,6,1,0,9,9,14,6.000,0.000,-6.000,220,220,404,575,575,50,0
7631,57,342,6,1,0,9,9,17,6.000,0.000,-6.000,220,220,454,575,575,50,0
7632,57,342,6,1,7,10,9,20,8.667,7.000,-1.667,220,220,504,575,575,50,0
7633,57,342,6,1,14,10,9,23,11.000,14.000,3.000,220,220,554,575,575,50,1
7634,57,342,6,1,21,10,10,25,13.667,21.000,7.333,220,220,604,575,575,50,0
7635,57,342,6,1,28,11,10,28,16.333,28.000,11.667,220,220,654,575,575,50,0
7636,57,342,6,1,36,11,10,31,19.000,36.000,17.000,220,220,704,575,575,50,0
7637,57,342,6,1,44,12,11,33,22.333,44.000,21.667,220,220,754,575,575,50,0
7638,57,342,6,1,50,13,11,36,24.667,50.000,25.333,220,220,804,575,575,50,0
7639,57,342,6,1,58,13,12,38,27.667,58.000,30.333,220,220,854,575,575,50,0
7640,57,342,6,1,66,13,12,41,30.333,66.000,35.667,220,220,904,575,575,50,0
7641,57,342,6,1,73,14,12,44,33.000,73.000,40.000,220,220,954,575,575,50,0
7642,57,342,6,1,80,14,12,47,35.333,80.000,44.667,220,220,1004,575,575,50,0
7643,57,342,6,1,87,14,13,49,38.000,87.000,49.000,220,220,1054,575,575,50,0
7644,57,342,6,1,94,14,13,52,40.333,94.000,53.667,220,220,1104,575,575,50,0
7645,58,343,1,1,15,11,79,46,35.000,79.000,44.000,220,220,54,575,575,50,0
7646,58,343,1,1,21,14,74,47,36.333,74.000,37.667,220,220,104,575,575,50,0
7647,58,343,1,1,17,13,65,43,31.667,65.000,33.333,220,220,154,575,575,50,0
7648,58,343,1,1,16,13,57,40,28.667,57.000,28.333,220,220,204,575,575,50,0
7649,58,343,1,1,15,13,49,37,25.667,49.000,23.333,220,220,254,575,575,50,0
7650,58,343,1,1,15,12,42,34,23.000,42.000,19.000,220,220,304,575,575,50,0
7651,58,343,1,1,14,12,35,32,20.333,35.000,14.667,220,220,354,575,575,50,0
7652,58,343,1,1,14,11,28,29,17.667,28.000,10.333,220,220,404,575,575,50,0
7653,58,343,1,1,13,11,21,26,15.000,21.000,6.000,220,220,454,575,575,50,0
7654,58,343,1,1,13,10,15,24,12.667,15.000,2.333,220,220,504,575,575,50,0
7655,58,343,1,1,13,10,8,21,10.333,8.000,-2.333,220,220,554,575,575,50,1
7656,58,343,1,1,12,9,0,19,7.000,0.000,-7.000,220,220,604,575,575,50,0
7657,58,343,1,1,12,9,0,16,7.000,0.000,-7.000,220,220,654,575,575,50,0
7658,58,343,1,1,12,9,0,14,7.000,0.000,-7.000,220,220,704,575,575,50,0
7659,58,343,1,1,10,8,0,11,6.000,0.000,-6.000,220,220,754,575,575,50,0
7660,58,343,1,1,11,8,0,8,6.333,0.000,-6.333,220,220,804,575,575,50,0
7661,58,343,1,1,10,7,0,5,5.667,0.000,-5.667,220,220,854,575,575,50,0
7662,58,343,1,1,10,7,0,2,5.667,0.000,-5.667,220,220,904,575,575,50,0
7663,58,343,1,1,9,7,0,0,5.333,0.000,-5.333,220,220,954,575,575,50,0
7664,58,343,1,1,8,6,0,0,4.667,0.000,-4.667,220,220,1004,575,575,50,0
7665,58,343,1,1,8,6,0,0,4.667,0.000,-4.667,220,220,1054,575,575,50,0
7666,58,343,1,1,7,5,0,0,4.000,0.000,-4.000,220,220,1104,575,575,50,0
7667,58,344,2,1,13,0,5,0,6.000,0.000,-6.000,220,220,54,575,575,50,0
7668,58,344,2,1,10,0,5,0,5.000,0.000,-5.000,220,220,104,575,575,50,0
7669,58,344,2,1,10,0,5,0,5.000,0.000,-5.000,220,220,154,575,575,50,0
7670,58,344,2,1,10,0,6,2,5.333,0.000,-5.333,220,220,204,575,575,50,0
7671,58,344,2,1,9,0,6,5,5.000,0.000,-5.000,220,220,254,575,575,50,0
7672,58,344,2,1,10,0,7,8,5.667,0.000,-5.667,220,220,304,575,575,50,0
7673,58,344,2,1,10,0,7,10,5.667,0.000,-5.667,220,220,354,575,575,50,0
7674,58,344,2,1,11,0,8,13,6.333,0.000,-6.333,220,220,404,575,575,50,0
7675,58,344,2,1,12,0,8,16,6.667,0.000,-6.667,220,220,454,575,575,50,0
7676,58,344,2,1,12,2,8,19,7.333,2.000,-5.333,220,220,504,575,575,50,0
7677,58,344,2,1,13,9,9,21,10.333,9.000,-1.333,220,220,554,575,575,50,0
7678,58,344,2,1,13,17,9,24,13.000,17.000,4.000,220,220,604,600,600,50,1
7679,58,344,2,1,13,24,9,26,15.333,24.000,8.667,220,220,654,600,600,50,0
7680,58,344,2,1,14,30,10,29,18.000,30.000,12.000,220,220,704,600,600,50,0
7681,58,344,2,1,14,38,11,32,21.000,38.000,17.000,220,220,754,600,600,50,0
7682,58,344,2,1,15,44,11,34,23.333,44.000,20.667,220,220,804,600,600,50,0
7683,58,344,2,1,15,53,11,37,26.333,53.000,26.667,220,220,854,600,600,50,0
7684,58,344,2,1,15,60,12,40,29.000,60.000,31.000,220,220,904,600,600,50,0
7685,58,344,2,1,19,68,12,43,33.000,68.000,35.000,220,220,954,600,600,50,0
7686,58,344,2,1,16,75,13,46,34.667,75.000,40.333,220,220,1004,600,600,50,0
7687,58,344,2,1,17,83,13,48,37.667,83.000,45.333,220,220,1054,600,600,50,0
7688,58,344,2,1,17,90,14,51,40.333,90.000,49.667,220,220,1104,600,600,50,0
7689,58,344,2,1,17,98,14,54,43.000,98.000,55.000,220,220,1154,600,600,50,0
7690,58,344,2,1,17,106,14,57,45.667,106.000,60.333,220,220,1204,600,600,50,0
7691,58,345,3,1,76,15,12,46,34.333,76.000,41.667,220,220,80,600,600,50,0
7692,58,345,3,1,69,14,12,42,31.667,69.000,37.333,220,220,130,600,600,50,0
7693,58,345,3,1,61,13,12,40,28.667,61.000,32.333,220,220,180,600,600,50,0
7694,58,345,3,1,53,13,11,36,25.667,53.000,27.333,220,220,230,600,600,50,0
7695,58,345,3,1,45,12,11,33,22.667,45.000,22.333,220,220,280,600,600,50,0
7696,58,345,3,1,38,12,10,31,20.000,38.000,18.000,220,220,330,600,600,50,0
7697,58,345,3,1,30,12,10,29,17.333,30.000,12.667,220,220,380,600,600,50,0
7698,58,345,3,1,23,11,9,26,14.333,23.000,8.667,220,220,430,600,600,50,0
7699,58,345,3,1,16,11,9,23,12.000,16.000,4.000,220,220,480,600,600,50,0
7700,58,345,3,1,10,10,9,21,9.667,10.000,0.333,220,220,530,600,600,50,0
7701,58,345,3,1,3,10,8,18,7.000,3.000,-4.000,220,220,580,600,600,50,1
7702,58,345,3,1,0,9,8,16,5.667,0.000,-5.667,220,220,630,600,600,50,0
7703,58,345,3,1,0,9,7,13,5.333,0.000,-5.333,220,220,680,600,600,50,0
7704,58,345,3,1,0,9,7,10,5.333,0.000,-5.333,220,220,730,600,600,50,0
7705,58,345,3,1,0,8,7,8,5.000,0.000,-5.000,220,220,780,600,600,50,0
7706,58,345,3,1,0,8,7,4,5.000,0.000,-5.000,220,220,830,600,600,50,0
7707,58,345,3,1,0,8,6,2,4.667,0.000,-4.667,220,220,880,600,600,50,0
7708,58,345,3,1,0,7,5,0,4.000,0.000,-4.000,220,220,930,600,600,50,0
7709,58,345,3,1,0,7,5,0,4.000,0.000,-4.000,220,220,980,600,600,50,0
7710,58,345,3,1,0,6,5,0,3.667,0.000,-3.667,220,220,1030,600,600,50,0
7711,58,345,3,1,0,5,5,0,3.333,0.000,-3.333,220,220,1080,600,600,50,0
7712,58,345,3,1,0,5,4,0,3.000,0.000,-3.000,220,220,1130,600,600,50,0
7713,58,345,3,1,0,4,4,0,2.667,0.000,-2.667,220,220,1180,600,600,50,0
7714,58,346,4,1,8,8,0,0,5.333,0.000,-5.333,220,220,80,600,600,50,0
7715,58,346,4,1,9,8,0,2,5.667,0.000,-5.667,220,220,130,600,600,50,0
7716,58,346,4,1,10,8,0,5,6.000,0.000,-6.000,220,220,180,600,600,50,0
7717,58,346,4,1,10,9,0,8,6.333,0.000,-6.333,220,220,230,600,600,50,0
7718,58,346,4,1,10,9,0,11,6.333,0.000,-6.333,220,220,280,600,600,50,0
7719,58,346,4,1,10,9,0,13,6.333,0.000,-6.333,220,220,330,600,600,50,0
7720,58,346,4,1,11,10,0,17,7.000,0.000,-7.000,220,220,380,600,600,50,0
7721,58,346,4,1,12,10,3,19,8.333,3.000,-5.333,220,220,430,600,600,50,0
7722,58,346,4,1,12,11,10,22,11.000,10.000,-1.000,220,220,480,600,600,50,0
7723,58,346,4,1,16,11,17,25,14.667,17.000,2.333,220,220,530,575,575,50,1
7724,58,346,4,1,13,11,23,27,15.667,23.000,7.333,220,220,580,575,575,50,0
7725,58,346,4,1,14,12,31,30,19.000,31.000,12.000,220,220,630,575,575,50,0
7726,58,346,4,1,14,12,38,32,21.333,38.000,16.667,220,220,680,575,575,50,0
7727,58,346,4,1,14,13,45,35,24.000,45.000,21.000,220,220,730,575,575,50,0
7728,58,346,4,1,15,13,52,38,26.667,52.000,25.333,220,220,780,575,575,50,0
7729,58,346,4,1,15,13,59,41,29.000,59.000,30.000,220,220,830,575,575,50,0
7730,58,346,4,1,16,13,66,43,31.667,66.000,34.333,220,220,880,575,575,50,0
7731,58,346,4,1,16,14,74,46,34.667,74.000,39.333,220,220,930,575,575,50,0
7732,58,346,4,1,16,14,81,48,37.000,81.000,44.000,220,220,980,575,575,50,0
7733,58,346,4,1,17,14,88,51,39.667,88.000,48.333,220,220,1030,575,575,50,0
7734,58,346,4,1,17,15,95,54,42.333,95.000,52.667,220,220,1080,575,575,50,0
7735,58,347,5,1,12,75,13,44,33.333,75.000,41.667,220,220,54,575,575,50,0
7736,58,347,5,1,16,71,14,45,33.667,71.000,37.333,220,220,104,575,575,50,0
7737,58,347,5,1,16,63,13,42,30.667,63.000,32.333,220,220,154,575,575,50,0
7738,58,347,5,1,15,56,12,39,27.667,56.000,28.333,220,220,204,575,575,50,0
7739,58,347,5,1,14,47,11,36,24.000,47.000,23.000,220,220,254,575,575,50,0
7740,58,347,5,1,14,40,11,33,21.667,40.000,18.333,220,220,304,575,575,50,0
7741,58,347,5,1,14,34,11,31,19.667,34.000,14.333,220,220,354,575,575,50,0
7742,58,347,5,1,13,26,10,28,16.333,26.000,9.667,220,220,404,575,575,50,0
7743,58,347,5,1,16,19,10,26,15.000,19.000,4.000,220,220,454,575,575,50,0
7744,58,347,5,1,13,12,10,23,11.667,12.000,0.333,220,220,504,575,575,50,0
7745,58,347,5,1,12,6,9,20,9.000,6.000,-3.000,220,220,554,575,575,50,1
7746,58,347,5,1,12,0,9,18,7.000,0.000,-7.000,220,220,604,575,575,50,0
7747,58,347,5,1,11,0,8,15,6.333,0.000,-6.333,220,220,654,575,575,50,0
7748,58,347,5,1,11,0,8,12,6.333,0.000,-6.333,220,220,704,575,575,50,0
7749,58,347,5,1,10,0,7,10,5.667,0.000,-5.667,220,220,754,575,575,50,0
7750,58,347,5,1,10,0,7,6,5.667,0.000,-5.667,220,220,804,575,575,50,0
7751,58,347,5,1,9,0,7,3,5.333,0.000,-5.333,220,220,854,575,575,50,0
7752,58,347,5,1,9,0,6,1,5.000,0.000,-5.000,220,220,904,575,575,50,0
7753,58,347,5,1,8,0,6,0,4.667,0.000,-4.667,220,220,954,575,575,50,0
7754,58,347,5,1,8,0,5,0,4.333,0.000,-4.333,220,220,1004,575,575,50,0
7755,58,347,5,1,7,0,4,0,3.667,0.000,-3.667,220,220,1054,575,575,50,0
7756,58,347,5,1,7,0,4,0,3.667,0.000,-3.667,220,220,1104,575,575,50,0
7757,58,348,6,1,0,8,8,0,5.333,0.000,-5.333,220,220,54,575,575,50,0
7758,58,348,6,1,0,6,6,0,4.000,0.000,-4.000,220,220,104,575,575,50,0
7759,58,348,6,1,0,7,6,1,4.333,0.000,-4.333,220,220,154,575,575,50,0
7760,58,348,6,1,0,8,7,4,5.000,0.000,-5.000,220,220,204,575,575,50,0
7761,58,348,6,1,0,9,7,7,5.333,0.000,-5.333,220,220,254,575,575,50,0
7762,58,348,6,1,0,9,8,10,5.667,0.000,-5.667,220,220,304,575,575,50,0
7763,58,348,6,1,0,8,8,13,5.333,0.000,-5.333,220,220,354,575,575,50,0
7764,58,348,6,1,0,9,8,15,5.667,0.000,-5.667,220,220,404,575,575,50,0
7765,58,348,6,1,2,10,8,18,6.667,2.000,-4.667,220,220,454,575,575,50,0
7766,58,348,6,1,9,10,9,20,9.333,9.000,-0.333,220,220,504,575,575,50,0
7767,58,348,6,1,16,10,9,23,11.667,16.000,4.333,220,220,554,575,575,50,1
7768,58,348,6,1,23,11,10,26,14.667,23.000,8.333,220,220,604,575,575,50,0
7769,58,348,6,1,30,11,10,28,17.000,30.000,13.000,220,220,654,575,575,50,0
7770,58,348,6,1,36,12,10,31,19.333,36.000,16.667,220,220,704,575,575,50,0
7771,58,348,6,1,43,12,11,33,22.000,43.000,21.000,220,220,754,575,575,50,0
7772,58,348,6,1,51,13,11,37,25.000,51.000,26.000,220,220,804,575,575,50,0
7773,58,348,6,1,58,13,12,39,27.667,58.000,30.333,220,220,854,575,575,50,0
7774,58,348,6,1,66,14,12,41,30.667,66.000,35.333,220,220,904,575,575,50,0
7775,58,348,6,1,73,14,13,45,33.333,73.000,39.667,220,220,954,575,575,50,0
7776,58,348,6,1,80,14,13,47,35.667,80.000,44.333,220,220,1004,575,575,50,0
7777,58,348,6,1,86,14,13,49,37.667,86.000,48.333,220,220,1054,575,575,50,0
7778,58,348,6,1,93,15,13,52,40.333,93.000,52.667,220,220,1104,575,575,50,0
7779,59,349,1,1,15,11,82,47,36.000,82.000,46.000,220,220,54,575,575,50,0
7780,59,349,1,1,21,14,76,48,37.000,76.000,39.000,220,220,104,575,575,50,0
7781,59,349,1,1,17,14,68,45,33.000,68.000,35.000,220,220,154,575,575,50,0
7782,59,349,1,1,17,13,60,41,30.000,60.000,30.000,220,220,204,575,575,50,0
7783,59,349,1,1,15,13,52,38,26.667,52.000,25.333,220,220,254,575,575,50,0
7784,59,349,1,1,15,12,45,36,24.000,45.000,21.000,220,220,304,575,575,50,0
7785,59,349,1,1,15,12,38,32,21.667,38.000,16.333,220,220,354,575,575,50,0
7786,59,349,1,1,14,11,31,30,18.667,31.000,12.333,220,220,404,575,575,50,0
7787,59,349,1,1,14,11,24,27,16.333,24.000,7.667,220,220,454,575,575,50,0
7788,59,349,1,1,14,11,17,25,14.000,17.000,3.000,220,220,504,575,575,50,0
7789,59,349,1,1,13,10,10,22,11.000,10.000,-1.000,220,220,554,575,575,50,1
7790,59,349,1,1,13,10,3,20,8.667,3.000,-5.667,220,220,604,575,575,50,0
7791,59,349,1,1,12,10,0,17,7.333,0.000,-7.333,220,220,654,575,575,50,0
7792,59,349,1,1,12,9,0,14,7.000,0.000,-7.000,220,220,704,575,575,50,0
7793,59,349,1,1,11,9,0,12,6.667,0.000,-6.667,220,220,754,575,575,50,0
7794,59,349,1,1,11,8,0,8,6.333,0.000,-6.333,220,220,804,575,575,50,0
7795,59,349,1,1,10,8,0,6,6.000,0.000,-6.000,220,220,854,575,575,50,0
7796,59,349,1,1,10,7,0,3,5.667,0.000,-5.667,220,220,904,575,575,50,0
7797,59,349,1,1,9,7,0,0,5.333,0.000,-5.333,220,220,954,575,575,50,0
7798,59,349,1,1,9,7,0,0,5.333,0.000,-5.333,220,220,1004,575,575,50,0
7799,59,349,1,1,8,6,0,0,4.667,0.000,-4.667,220,220,1054,575,575,50,0
7800,59,349,1,1,6,6,0,0,4.000,0.000,-4.000,220,220,1104,575,575,50,0
7801,59,350,2,1,13,0,5,0,6.000,0.000,-6.000,220,220,54,575,575,50,0
7802,59,350,2,1,9,0,4,0,4.333,0.000,-4.333,220,220,104,575,575,50,0
7803,59,350,2,1,10,0,5,0,5.000,0.000,-5.000,220,220,154,575,575,50,0
7804,59,350,2,1,9,0,6,2,5.000,0.000,-5.000,220,220,204,575,575,50,0
7805,59,350,2,1,10,0,6,4,5.333,0.000,-5.333,220,220,254,575,575,50,0
7806,59,350,2,1,10,0,7,7,5.667,0.000,-5.667,220,220,304,575,575,50,0
7807,59,350,2,1,10,0,6,10,5.333,0.000,-5.333,220,220,354,575,575,50,0
7808,59,350,2,1,11,0,7,12,6.000,0.000,-6.000,220,220,404,575,575,50,0
7809,59,350,2,1,12,0,8,15,6.667,0.000,-6.667,220,220,454,575,575,50,0
7810,59,350,2,1,12,0,8,18,6.667,0.000,-6.667,220,220,504,575,575,50,0
7811,59,350,2,1,12,7,9,20,9.333,7.000,-2.333,220,220,554,575,575,50,0
7812,59,350,2,1,13,14,9,23,12.000,14.000,2.000,220,220,604,600,600,50,1
7813,59,350,2,1,13,21,9,25,14.333,21.000,6.667,220,220,654,600,600,50,0
7814,59,350,2,1,14,27,10,28,17.000,27.000,10.000,220,220,704,600,600,50,0
7815,59,350,2,1,14,34,10,30,19.333,34.000,14.667,220,220,754,600,600,50,0
7816,59,350,2,1,14,42,11,33,22.333,42.000,19.667,220,220,804,600,600,50,0
7817,59,350,2,1,15,49,11,36,25.000,49.000,24.000,220,220,854,600,600,50,0
7818,59,350,2,1,15,57,12,38,28.000,57.000,29.000,220,220,904,600,600,50,0
7819,59,350,2,1,19,64,12,42,31.667,64.000,32.333,220,220,954,600,600,50,0
7820,59,350,2,1,16,72,12,44,33.333,72.000,38.667,220,220,1004,600,600,50,0
7821,59,350,2,1,16,79,13,47,36.000,79.000,43.000,220,220,1054,600,600,50,0
7822,59,350,2,1,17,86,13,49,38.667,86.000,47.333,220,220,1104,600,600,50,0
7823,59,350,2,1,17,94,14,52,41.667,94.000,52.333,220,220,1154,600,600,50,0
7824,59,350,2,1,17,102,14,56,44.333,102.000,57.667,220,220,1204,600,600,50,0
7825,59,351,3,1,77,15,12,46,34.667,77.000,42.333,220,220,80,600,600,50,0
7826,59,351,3,1,69,14,12,43,31.667,69.000,37.333,220,220,130,600,600,50,0
7827,59,351,3,1,60,14,11,39,28.333,60.000,31.667,220,220,180,600,600,50,0
7828,59,351,3,1,52,13,11,36,25.333,52.000,26.667,220,220,230,600,600,50,0
7829,59,351,3,1,45,12,10,33,22.333,45.000,22.667,220,220,280,600,600,50,0
7830,59,351,3,1,37,12,11,31,20.000,37.000,17.000,220,220,330,600,600,50,0
7831,59,351,3,1,30,11,10,28,17.000,30.000,13.000,220,220,380,600,600,50,0
7832,59,351,3,1,23,11,10,26,14.667,23.000,8.333,220,220,430,600,600,50,0
7833,59,351,3,1,16,11,9,23,12.000,16.000,4.000,220,220,480,600,600,50,0
7834,59,351,3,1,9,10,9,20,9.333,9.000,-0.333,220,220,530,600,600,50,1
7835,59,351,3,1,1,10,8,17,6.333,1.000,-5.333,220,220,580,600,600,50,0
7836,59,351,3,1,0,10,8,14,6.000,0.000,-6.000,220,220,630,600,600,50,0
7837,59,351,3,1,0,9,8,12,5.667,0.000,-5.667,220,220,680,600,600,50,0
7838,59,351,3,1,0,8,7,9,5.000,0.000,-5.000,220,220,730,600,600,50,0
7839,59,351,3,1,0,8,7,7,5.000,0.000,-5.000,220,220,780,600,600,50,0
7840,59,351,3,1,0,8,6,4,4.667,0.000,-4.667,220,220,830,600,600,50,0
7841,59,351,3,1,0,6,5,2,3.667,0.000,-3.667,220,220,880,600,600,50,0
7842,59,351,3,1,0,7,5,0,4.000,0.000,-4.000,220,220,930,600,600,50,0
7843,59,351,3,1,0,6,5,0,3.667,0.000,-3.667,220,220,980,600,600,50,0
7844,59,351,3,1,0,6,4,0,3.333,0.000,-3.333,220,220,1030,600,600,50,0
7845,59,351,3,1,0,5,4,0,3.000,0.000,-3.000,220,220,1080,600,600,50,0
7846,59,351,3,1,0,4,4,0,2.667,0.000,-2.667,220,220,1130,600,600,50,0
7847,59,351,3,1,0,4,3,0,2.333,0.000,-2.333,220,220,1180,600,600,50,0
7848,59,352,4,1,8,8,0,0,5.333,0.000,-5.333,220,220,80,600,600,50,0
7849,59,352,4,1,9,8,0,3,5.667,0.000,-5.667,220,220,130,600,600,50,0
7850,59,352,4,1,9,8,0,5,5.667,0.000,-5.667,220,220,180,600,600,50,0
7851,59,352,4,1,10,8,0,9,6.000,0.000,-6.000,220,220,230,600,600,50,0
7852,59,352,4,1,10,9,0,12,6.333,0.000,-6.333,220,220,280,600,600,50,0
7853,59,352,4,1,11,9,0,14,6.667,0.000,-6.667,220,220,330,600,600,50,0
7854,59,352,4,1,11,9,0,17,6.667,0.000,-6.667,220,220,380,600,600,50,0
7855,59,352,4,1,12,10,3,19,8.333,3.000,-5.333,220,220,430,600,600,50,0
7856,59,352,4,1,12,10,9,22,10.333,9.000,-1.333,220,220,480,600,600,50,0
7857,59,352,4,1,16,11,15,25,14.000,15.000,1.000,220,220,530,575,575,50,1
7858,59,352,4,1,13,11,22,27,15.333,22.000,6.667,220,220,580,575,575,50,0
7859,59,352,4,1,13,12,29,29,18.000,29.000,11.000,220,220,630,575,575,50,0
7860,59,352,4,1,13,12,36,32,20.333,36.000,15.667,220,220,680,575,575,50,0
7861,59,352,4,1,14,12,43,35,23.000,43.000,20.000,220,220,730,575,575,50,0
7862,59,352,4,1,15,13,51,37,26.333,51.000,24.667,220,220,780,575,575,50,0
7863,59,352,4,1,15,13,58,40,28.667,58.000,29.333,220,220,830,575,575,50,0
7864,59,352,4,1,16,13,65,42,31.333,65.000,33.667,220,220,880,575,575,50,0
7865,59,352,4,1,16,14,72,45,34.000,72.000,38.000,220,220,930,575,575,50,0
7866,59,352,4,1,16,14,80,48,36.667,80.000,43.333,220,220,980,575,575,50,0
7867,59,352,4,1,16,14,87,51,39.000,87.000,48.000,220,220,1030,575,575,50,0
7868,59,352,4,1,17,15,94,54,42.000,94.000,52.000,220,220,1080,575,575,50,0
7869,59,353,5,1,12,80,13,46,35.000,80.000,45.000,220,220,54,575,575,50,0
7870,59,353,5,1,16,76,14,46,35.333,76.000,40.667,220,220,104,575,575,50,0
7871,59,353,5,1,16,68,13,43,32.333,68.000,35.667,220,220,154,575,575,50,0
7872,59,353,5,1,16,59,12,40,29.000,59.000,30.000,220,220,204,575,575,50,0
7873,59,353,5,1,15,51,12,37,26.000,51.000,25.000,220,220,254,575,575,50,0
7874,59,353,5,1,14,43,11,34,22.667,43.000,20.333,220,220,304,575,575,50,0
7875,59,353,5,1,14,36,11,31,20.333,36.000,15.667,220,220,354,575,575,50,0
7876,59,353,5,1,16,28,10,29,18.000,28.000,10.000,220,220,404,575,575,50,0
7877,59,353,5,1,13,21,10,26,14.667,21.000,6.333,220,220,454,575,575,50,0
7878,59,353,5,1,13,14,9,23,12.000,14.000,2.000,220,220,504,575,575,50,0
7879,59,353,5,1,12,7,9,21,9.333,7.000,-2.333,220,220,554,575,575,50,1
7880,59,353,5,1,12,0,9,18,7.000,0.000,-7.000,220,220,604,575,575,50,0
7881,59,353,5,1,11,0,8,16,6.333,0.000,-6.333,220,220,654,575,575,50,0
7882,59,353,5,1,11,0,8,13,6.333,0.000,-6.333,220,220,704,575,575,50,0
7883,59,353,5,1,11,0,8,10,6.333,0.000,-6.333,220,220,754,575,575,50,0
7884,59,353,5,1,10,0,7,7,5.667,0.000,-5.667,220,220,804,575,575,50,0
7885,59,353,5,1,10,0,6,4,5.333,0.000,-5.333,220,220,854,575,575,50,0
7886,59,353,5,1,9,0,6,2,5.000,0.000,-5.000,220,220,904,575,575,50,0
7887,59,353,5,1,9,0,6,0,5.000,0.000,-5.000,220,220,954,575,575,50,0
7888,59,353,5,1,8,0,5,0,4.333,0.000,-4.333,220,220,1004,575,575,50,0
7889,59,353,5,1,8,0,5,0,4.333,0.000,-4.333,220,220,1054,575,575,50,0
7890,59,353,5,1,7,0,4,0,3.667,0.000,-3.667,220,220,1104,575,575,50,0
7891,59,354,6,1,0,7,9,0,5.333,0.000,-5.333,220,220,54,575,575,50,0
7892,59,354,6,1,0,6,7,0,4.333,0.000,-4.333,220,220,104,575,575,50,0
7893,59,354,6,1,0,6,6,1,4.000,0.000,-4.000,220,220,154,575,575,50,0
7894,59,354,6,1,0,7,6,3,4.333,0.000,-4.333,220,220,204,575,575,50,0
7895,59,354,6,1,0,8,7,6,5.000,0.000,-5.000,220,220,254,575,575,50,0
7896,59,354,6,1,0,8,7,9,5.000,0.000,-5.000,220,220,304,575,575,50,0
7897,59,354,6,1,0,8,8,12,5.333,0.000,-5.333,220,220,354,575,575,50,0
7898,59,354,6,1,0,9,8,15,5.667,0.000,-5.667,220,220,404,575,575,50,0
7899,59,354,6,1,0,10,9,17,6.333,0.000,-6.333,220,220,454,575,575,50,0
7900,59,354,6,1,7,10,9,20,8.667,7.000,-1.667,220,220,504,575,575,50,0
7901,59,354,6,1,14,10,9,22,11.000,14.000,3.000,220,220,554,575,575,50,1
7902,59,354,6,1,21,10,10,25,13.667,21.000,7.333,220,220,604,575,575,50,0
7903,59,354,6,1,28,11,10,28,16.333,28.000,11.667,220,220,654,575,575,50,0
7904,59,354,6,1,35,11,10,30,18.667,35.000,16.333,220,220,704,575,575,50,0
7905,59,354,6,1,42,12,11,33,21.667,42.000,20.333,220,220,754,575,575,50,0
7906,59,354,6,1,50,12,11,36,24.333,50.000,25.667,220,220,804,575,575,50,0
7907,59,354,6,1,58,13,12,39,27.667,58.000,30.333,220,220,854,575,575,50,0
7908,59,354,6,1,65,13,12,41,30.000,65.000,35.000,220,220,904,575,575,50,0
7909,59,354,6,1,72,14,12,44,32.667,72.000,39.333,220,220,954,575,575,50,0
7910,59,354,6,1,79,14,13,47,35.333,79.000,43.667,220,220,1004,575,575,50,0
7911,59,354,6,1,87,14,13,50,38.000,87.000,49.000,220,220,1054,575,575,50,0
7912,59,354,6,1,94,15,13,52,40.667,94.000,53.333,220,220,1104,575,575,50,0
7913,60,355,1,1,15,11,79,46,35.000,79.000,44.000,220,220,54,575,575,50,0
7914,60,355,1,1,21,13,74,47,36.000,74.000,38.000,220,220,104,575,575,50,0
7915,60,355,1,1,16,13,66,44,31.667,66.000,34.333,220,220,154,575,575,50,0
7916,60,355,1,1,16,13,58,41,29.000,58.000,29.000,220,220,204,575,575,50,0
7917,60,355,1,1,15,12,50,37,25.667,50.000,24.333,220,220,254,575,575,50,0
7918,60,355,1,1,14,12,42,34,22.667,42.000,19.333,220,220,304,575,575,50,0
7919,60,355,1,1,14,11,35,32,20.000,35.000,15.000,220,220,354,575,575,50,0
7920,60,355,1,1,14,12,28,29,18.000,28.000,10.000,220,220,404,575,575,50,0
7921,60,355,1,1,14,11,21,27,15.333,21.000,5.667,220,220,454,575,575,50,0
7922,60,355,1,1,13,10,15,24,12.667,15.000,2.333,220,220,504,575,575,50,0
7923,60,355,1,1,13,10,8,22,10.333,8.000,-2.333,220,220,554,575,575,50,1
7924,60,355,1,1,12,10,1,19,7.667,1.000,-6.667,220,220,604,575,575,50,0
7925,60,355,1,1,12,9,0,17,7.000,0.000,-7.000,220,220,654,575,575,50,0
7926,60,355,1,1,12,9,0,14,7.000,0.000,-7.000,220,220,704,575,575,50,0
7927,60,355,1,1,11,8,0,11,6.333,0.000,-6.333,220,220,754,575,575,50,0
7928,60,355,1,1,11,8,0,8,6.333,0.000,-6.333,220,220,804,575,575,50,0
7929,60,355,1,1,10,8,0,5,6.000,0.000,-6.000,220,220,854,575,575,50,0
7930,60,355,1,1,10,7,0,3,5.667,0.000,-5.667,220,220,904,575,575,50,0
7931,60,355,1,1,9,7,0,0,5.333,0.000,-5.333,220,220,954,575,575,50,0
7932,60,355,1,1,9,6,0,0,5.000,0.000,-5.000,220,220,1004,575,575,50,0
7933,60,355,1,1,8,6,0,0,4.667,0.000,-4.667,220,220,1054,575,575,50,0
7934,60,355,1,1,11,6,0,0,5.667,0.000,-5.667,220,220,1104,575,575,50,0
7935,60,356,2,1,12,0,5,0,5.667,0.000,-5.667,220,220,54,575,575,50,0
7936,60,356,2,1,9,0,4,0,4.333,0.000,-4.333,220,220,104,575,575,50,0
7937,60,356,2,1,9,0,5,0,4.667,0.000,-4.667,220,220,154,575,575,50,0
7938,60,356,2,1,9,0,5,0,4.667,0.000,-4.667,220,220,204,575,575,50,0
7939,60,356,2,1,9,0,6,3,5.000,0.000,-5.000,220,220,254,575,575,50,0
7940,60,356,2,1,10,0,6,5,5.333,0.000,-5.333,220,220,304,575,575,50,0
7941,60,356,2,1,10,0,7,8,5.667,0.000,-5.667,220,220,354,575,575,50,0
7942,60,356,2,1,11,0,7,11,6.000,0.000,-6.000,220,220,404,575,575,50,0
7943,60,356,2,1,12,0,8,14,6.667,0.000,-6.667,220,220,454,575,575,50,0
7944,60,356,2,1,12,0,8,16,6.667,0.000,-6.667,220,220,504,575,575,50,0
7945,60,356,2,1,12,4,9,19,8.333,4.000,-4.333,220,220,554,575,575,50,0
7946,60,356,2,1,13,12,9,23,11.333,12.000,0.667,220,220,604,600,600,50,1
7947,60,356,2,1,13,19,9,25,13.667,19.000,5.333,220,220,654,600,600,50,0
7948,60,356,2,1,14,26,10,27,16.667,26.000,9.333,220,220,704,600,600,50,0
7949,60,356,2,1,14,33,10,30,19.000,33.000,14.000,220,220,754,600,600,50,0
7950,60,356,2,1,15,40,11,33,22.000,40.000,18.000,220,220,804,600,600,50,0
7951,60,356,2,1,15,48,11,36,24.667,48.000,23.333,220,220,854,600,600,50,0
7952,60,356,2,1,15,55,11,39,27.000,55.000,28.000,220,220,904,600,600,50,0
7953,60,356,2,1,19,63,12,42,31.333,63.000,31.667,220,220,954,600,600,50,0
7954,60,356,2,1,16,71,12,44,33.000,71.000,38.000,220,220,1004,600,600,50,0
7955,60,356,2,1,16,78,13,47,35.667,78.000,42.333,220,220,1054,600,600,50,0
7956,60,356,2,1,17,86,13,49,38.667,86.000,47.333,220,220,1104,600,600,50,0
7957,60,356,2,1,17,94,14,52,41.667,94.000,52.333,220,220,1154,600,600,50,0
7958,60,356,2,1,17,102,14,55,44.333,102.000,57.667,220,220,1204,600,600,50,0
7959,60,357,3,1,79,15,12,47,35.333,79.000,43.667,220,220,80,600,600,50,0
7960,60,357,3,1,71,14,12,44,32.333,71.000,38.667,220,220,130,600,600,50,0
7961,60,357,3,1,63,13,12,41,29.333,63.000,33.667,220,220,180,600,600,50,0
7962,60,357,3,1,55,13,12,37,26.667,55.000,28.333,220,220,230,600,600,50,0
7963,60,357,3,1,47,12,11,34,23.333,47.000,23.667,220,220,280,600,600,50,0
7964,60,357,3,1,40,12,10,32,20.667,40.000,19.333,220,220,330,600,600,50,0
7965,60,357,3,1,32,12,10,29,18.000,32.000,14.000,220,220,380,600,600,50,0
7966,60,357,3,1,26,12,9,26,15.667,26.000,10.333,220,220,430,600,600,50,0
7967,60,357,3,1,18,11,10,24,13.000,18.000,5.000,220,220,480,600,600,50,0
7968,60,357,3,1,12,10,9,21,10.333,12.000,1.667,220,220,530,600,600,50,0
7969,60,357,3,1,5,10,8,19,7.667,5.000,-2.667,220,220,580,600,600,50,1
7970,60,357,3,1,0,10,8,16,6.000,0.000,-6.000,220,220,630,600,600,50,0
7971,60,357,3,1,0,9,8,13,5.667,0.000,-5.667,220,220,680,600,600,50,0
7972,60,357,3,1,0,8,7,11,5.000,0.000,-5.000,220,220,730,600,600,50,0
7973,60,357,3,1,0,8,7,8,5.000,0.000,-5.000,220,220,780,600,600,50,0
7974,60,357,3,1,0,8,6,5,4.667,0.000,-4.667,220,220,830,600,600,50,0
7975,60,357,3,1,0,8,6,2,4.667,0.000,-4.667,220,220,880,600,600,50,0
7976,60,357,3,1,0,7,5,0,4.000,0.000,-4.000,220,220,930,600,600,50,0
7977,60,357,3,1,0,6,5,0,3.667,0.000,-3.667,220,220,980,600,600,50,0
7978,60,357,3,1,0,6,5,0,3.667,0.000,-3.667,220,220,1030,600,600,50,0
7979,60,357,3,1,0,5,5,0,3.333,0.000,-3.333,220,220,1080,600,600,50,0
7980,60,357,3,1,0,5,4,0,3.000,0.000,-3.000,220,220,1130,600,600,50,0
7981,60,357,3,1,0,4,4,0,2.667,0.000,-2.667,220,220,1180,600,600,50,0
7982,60,358,4,1,8,8,0,0,5.333,0.000,-5.333,220,220,80,600,600,50,0
7983,60,358,4,1,9,8,0,3,5.667,0.000,-5.667,220,220,130,600,600,50,0
7984,60,358,4,1,10,8,0,5,6.000,0.000,-6.000,220,220,180,600,600,50,0
7985,60,358,4,1,10,8,0,9,6.000,0.000,-6.000,220,220,230,600,600,50,0
7986,60,358,4,1,10,9,0,11,6.333,0.000,-6.333,220,220,280,600,600,50,0
7987,60,358,4,1,11,10,0,14,7.000,0.000,-7.000,220,220,330,600,600,50,0
7988,60,358,4,1,11,9,0,17,6.667,0.000,-6.667,220,220,380,600,600,50,0
7989,60,358,4,1,12,10,3,19,8.333,3.000,-5.333,220,220,430,600,600,50,0
7990,60,358,4,1,12,11,9,22,10.667,9.000,-1.667,220,220,480,600,600,50,0
7991,60,358,4,1,16,11,17,25,14.667,17.000,2.333,220,220,530,575,575,50,1
7992,60,358,4,1,13,11,24,27,16.000,24.000,8.000,220,220,580,575,575,50,0
7993,60,358,4,1,13,12,31,30,18.667,31.000,12.333,220,220,630,575,575,50,0
7994,60,358,4,1,13,12,37,33,20.667,37.000,16.333,220,220,680,575,575,50,0
7995,60,358,4,1,14,12,44,35,23.333,44.000,20.667,220,220,730,575,575,50,0
7996,60,358,4,1,15,13,52,38,26.667,52.000,25.333,220,220,780,575,575,50,0
7997,60,358,4,1,15,13,60,40,29.333,60.000,30.667,220,220,830,575,575,50,0
7998,60,358,4,1,16,14,67,43,32.333,67.000,34.667,220,220,880,575,575,50,0
7999,60,358,4,1,16,14,74,46,34.667,74.000,39.333,220,220,930,575,575,50,0
8000,60,358,4,1,16,14,81,49,37.000,81.000,44.000,220,220,980,575,575,50,0
8001,60,358,4,1,17,14,89,51,40.000,89.000,49.000,220,220,1030,575,575,50,0
8002,60,358,4,1,17,15,96,54,42.667,96.000,53.333,220,220,1080,575,575,50,0
8003,60,359,5,1,12,78,13,45,34.333,78.000,43.667,220,220,54,575,575,50,0
8004,60,359,5,1,16,73,14,46,34.333,73.000,38.667,220,220,104,575,575,50,0
8005,60,359,5,1,16,66,13,43,31.667,66.000,34.333,220,220,154,575,575,50,0
8006,60,359,5,1,15,58,12,40,28.333,58.000,29.667,220,220,204,575,575,50,0
8007,60,359,5,1,15,50,11,37,25.333,50.000,24.667,220,220,254,575,575,50,0
8008,60,359,5,1,14,43,11,34,22.667,43.000,20.333,220,220,304,575,575,50,0
8009,60,359,5,1,14,35,10,31,19.667,35.000,15.333,220,220,354,575,575,50,0
8010,60,359,5,1,17,29,10,29,18.667,29.000,10.333,220,220,404,575,575,50,0
8011,60,359,5,1,13,22,10,26,15.000,22.000,7.000,220,220,454,575,575,50,0
8012,60,359,5,1,12,14,10,24,12.000,14.000,2.000,220,220,504,575,575,50,0
8013,60,359,5,1,12,8,10,21,10.000,8.000,-2.000,220,220,554,575,575,50,1
8014,60,359,5,1,12,2,9,19,7.667,2.000,-5.667,220,220,604,575,575,50,0
8015,60,359,5,1,12,0,9,16,7.000,0.000,-7.000,220,220,654,575,575,50,0
8016,60,359,5,1,11,0,8,13,6.333,0.000,-6.333,220,220,704,575,575,50,0
8017,60,359,5,1,11,0,7,11,6.000,0.000,-6.000,220,220,754,575,575,50,0
8018,60,359,5,1,10,0,7,8,5.667,0.000,-5.667,220,220,804,575,575,50,0
8019,60,359,5,1,9,0,7,5,5.333,0.000,-5.333,220,220,854,575,575,50,0
8020,60,359,5,1,9,0,6,3,5.000,0.000,-5.000,220,220,904,575,575,50,0
8021,60,359,5,1,9,0,6,0,5.000,0.000,-5.000,220,220,954,575,575,50,0
8022,60,359,5,1,8,0,6,0,4.667,0.000,-4.667,220,220,1004,575,575,50,0
8023,60,359,5,1,8,0,5,0,4.333,0.000,-4.333,220,220,1054,575,575,50,0
8024,60,359,5,1,7,0,4,0,3.667,0.000,-3.667,220,220,1104,575,575,50,0
8025,60,360,6,1,0,7,8,0,5.000,0.000,-5.000,220,220,54,575,575,50,0
8026,60,360,6,1,0,5,6,0,3.667,0.000,-3.667,220,220,104,575,575,50,0
8027,60,360,6,1,0,6,6,0,4.000,0.000,-4.000,220,220,154,575,575,50,0
8028,60,360,6,1,0,7,6,2,4.333,0.000,-4.333,220,220,204,575,575,50,0
8029,60,360,6,1,0,7,7,5,4.667,0.000,-4.667,220,220,254,575,575,50,0
8030,60,360,6,1,0,8,7,8,5.000,0.000,-5.000,220,220,304,575,575,50,0
8031,60,360,6,1,0,8,8,11,5.333,0.000,-5.333,220,220,354,575,575,50,0
8032,60,360,6,1,0,9,8,13,5.667,0.000,-5.667,220,220,404,575,575,50,0
8033,60,360,6,1,0,9,8,16,5.667,0.000,-5.667,220,220,454,575,575,50,0
8034,60,360,6,1,5,9,9,19,7.667,5.000,-2.667,220,220,504,575,575,50,0
8035,60,360,6,1,12,10,9,22,10.333,12.000,1.667,220,220,554,575,575,50,1
8036,60,360,6,1,19,11,10,25,13.333,19.000,5.667,220,220,604,575,575,50,0
8037,60,360,6,1,26,11,10,27,15.667,26.000,10.333,220,220,654,575,575,50,0
8038,60,360,6,1,33,11,10,30,18.000,33.000,15.000,220,220,704,575,575,50,0
8039,60,360,6,1,41,12,10,32,21.000,41.000,20.000,220,220,754,575,575,50,0
8040,60,360,6,1,48,12,11,35,23.667,48.000,24.333,220,220,804,575,575,50,0
8041,60,360,6,1,55,13,12,37,26.667,55.000,28.333,220,220,854,575,575,50,0
8042,60,360,6,1,62,13,12,40,29.000,62.000,33.000,220,220,904,575,575,50,0
8043,60,360,6,1,69,14,12,43,31.667,69.000,37.333,220,220,954,575,575,50,0
8044,60,360,6,1,76,14,12,45,34.000,76.000,42.000,220,220,1004,575,575,50,0
8045,60,360,6,1,83,15,13,48,37.000,83.000,46.000,220,220,1054,575,575,50,0
8046,60,360,6,1,90,14,13,50,39.000,90.000,51.000,220,220,1104,575,575,50,0
8047,61,361,1,1,15,11,81,47,35.667,81.000,45.333,220,220,54,575,575,50,0
8048,61,361,1,1,21,13,76,47,36.667,76.000,39.333,220,220,104,575,575,50,0
8049,61,361,1,1,17,14,68,44,33.000,68.000,35.000,220,220,154,575,575,50,0
8050,61,361,1,1,16,13,60,41,29.667,60.000,30.333,220,220,204,575,575,50,0
8051,61,361,1,1,15,12,52,38,26.333,52.000,25.667,220,220,254,575,575,50,0
8052,61,361,1,1,15,12,45,35,24.000,45.000,21.000,220,220,304,575,575,50,0
8053,61,361,1,1,14,12,38,33,21.333,38.000,16.667,220,220,354,575,575,50,0
8054,61,361,1,1,14,11,31,30,18.667,31.000,12.333,220,220,404,575,575,50,0
8055,61,361,1,1,14,11,24,27,16.333,24.000,7.667,220,220,454,575,575,50,0
8056,61,361,1,1,13,11,18,25,14.000,18.000,4.000,220,220,504,575,575,50,0
8057,61,361,1,1,13,10,11,22,11.333,11.000,-0.333,220,220,554,575,575,50,1
8058,61,361,1,1,12,10,4,19,8.667,4.000,-4.667,220,220,604,600,600,50,0
8059,61,361,1,1,12,9,0,17,7.000,0.000,-7.000,220,220,654,600,600,50,0
8060,61,361,1,1,12,9,0,15,7.000,0.000,-7.000,220,220,704,600,600,50,0
8061,61,361,1,1,11,9,0,12,6.667,0.000,-6.667,220,220,754,600,600,50,0
8062,61,361,1,1,10,8,0,9,6.000,0.000,-6.000,220,220,804,600,600,50,0
8063,61,361,1,1,10,8,0,6,6.000,0.000,-6.000,220,220,854,600,600,50,0
8064,61,361,1,1,10,7,0,4,5.667,0.000,-5.667,220,220,904,600,600,50,0
8065,61,361,1,1,9,7,0,1,5.333,0.000,-5.333,220,220,954,600,600,50,0
8066,61,361,1,1,9,6,0,0,5.000,0.000,-5.000,220,220,1004,600,600,50,0
8067,61,361,1,1,8,6,0,0,4.667,0.000,-4.667,220,220,1054,600,600,50,0
8068,61,361,1,1,10,6,0,0,5.333,0.000,-5.333,220,220,1104,600,600,50,0
8069,61,361,1,1,7,5,0,0,4.000,0.000,-4.000,220,220,1154,600,600,50,0
8070,61,361,1,1,6,4,0,0,3.333,0.000,-3.333,220,220,1204,600,600,50,0
8071,61,362,2,1,10,0,4,0,4.667,0.000,-4.667,220,220,79,600,600,50,0
8072,61,362,2,1,10,0,6,1,5.333,0.000,-5.333,220,220,129,600,600,50,0
8073,61,362,2,1,10,0,6,4,5.333,0.000,-5.333,220,220,179,600,600,50,0
8074,61,362,2,1,10,0,7,6,5.667,0.000,-5.667,220,220,229,600,600,50,0
8075,61,362,2,1,10,0,7,9,5.667,0.000,-5.667,220,220,279,600,600,50,0
8076,61,362,2,1,11,0,7,12,6.000,0.000,-6.000,220,220,329,600,600,50,0
8077,61,362,2,1,11,0,8,15,6.333,0.000,-6.333,220,220,379,600,600,50,0
8078,61,362,2,1,12,0,8,17,6.667,0.000,-6.667,220,220,429,600,600,50,0
8079,61,362,2,1,13,6,9,20,9.333,6.000,-3.333,220,220,479,600,600,50,0
8080,61,362,2,1,13,12,9,23,11.333,12.000,0.667,220,220,529,575,575,50,1
8081,61,362,2,1,13,19,10,25,14.000,19.000,5.000,220,220,579,575,575,50,0
8082,61,362,2,1,14,26,10,28,16.667,26.000,9.333,220,220,629,575,575,50,0
8083,61,362,2,1,14,33,10,30,19.000,33.000,14.000,220,220,679,575,575,50,0
8084,61,362,2,1,15,39,11,33,21.667,39.000,17.333,220,220,729,575,575,50,0
8085,61,362,2,1,15,47,11,35,24.333,47.000,22.667,220,220,779,575,575,50,0
8086,61,362,2,1,15,54,11,39,26.667,54.000,27.333,220,220,829,575,575,50,0
8087,61,362,2,1,18,62,12,42,30.667,62.000,31.333,220,220,879,575,575,50,0
8088,61,362,2,1,16,69,12,43,32.333,69.000,36.667,220,220,929,575,575,50,0
8089,61,362,2,1,16,77,13,46,35.333,77.000,41.667,220,220,979,575,575,50,0
8090,61,362,2,1,17,84,13,49,38.000,84.000,46.000,220,220,1029,575,575,50,0
8091,61,362,2,1,17,92,14,52,41.000,92.000,51.000,220,220,1079,575,575,50,0
8092,61,363,3,1,86,14,10,47,36.667,86.000,49.333,220,220,54,575,575,50,0
8093,61,363,3,1,83,16,12,48,37.000,83.000,46.000,220,220,104,575,575,50,0
8094,61,363,3,1,75,15,12,45,34.000,75.000,41.000,220,220,154,575,575,50,0
8095,61,363,3,1,67,14,12,42,31.000,67.000,36.000,220,220,204,575,575,50,0
8096,61,363,3,1,58,13,12,39,27.667,58.000,30.333,220,220,254,575,575,50,0
8097,61,363,3,1,51,13,11,36,25.000,51.000,26.000,220,220,304,575,575,50,0
8098,61,363,3,1,45,12,11,33,22.667,45.000,22.333,220,220,354,575,575,50,0
8099,61,363,3,1,36,12,10,30,19.333,36.000,16.667,220,220,404,575,575,50,0
8100,61,363,3,1,29,12,10,28,17.000,29.000,12.000,220,220,454,575,575,50,0
8101,61,363,3,1,22,11,10,25,14.333,22.000,7.667,220,220,504,575,575,50,0
8102,61,363,3,1,15,11,9,23,11.667,15.000,3.333,220,220,554,575,575,50,0
8103,61,363,3,1,7,10,9,20,8.667,7.000,-1.667,220,220,604,600,600,50,1
8104,61,363,3,1,0,9,8,17,5.667,0.000,-5.667,220,220,654,600,600,50,0
8105,61,363,3,1,0,9,8,15,5.667,0.000,-5.667,220,220,704,600,600,50,0
8106,61,363,3,1,0,9,8,12,5.667,0.000,-5.667,220,220,754,600,600,50,0
8107,61,363,3,1,0,9,7,9,5.333,0.000,-5.333,220,220,804,600,600,50,0
8108,61,363,3,1,0,8,6,6,4.667,0.000,-4.667,220,220,854,600,600,50,0
8109,61,363,3,1,0,8,6,3,4.667,0.000,-4.667,220,220,904,600,600,50,0
8110,61,363,3,1,0,7,6,1,4.333,0.000,-4.333,220,220,954,600,600,50,0
8111,61,363,3,1,0,7,5,0,4.000,0.000,-4.000,220,220,1004,600,600,50,0
8112,61,363,3,1,0,5,5,0,3.333,0.000,-3.333,220,220,1054,600,600,50,0
8113,61,363,3,1,0,5,4,0,3.000,0.000,-3.000,220,220,1104,600,600,50,0
8114,61,363,3,1,0,5,4,0,3.000,0.000,-3.000,220,220,1154,600,600,50,0
8115,61,363,3,1,0,4,4,0,2.667,0.000,-2.667,220,220,1204,600,600,50,0
8116,61,364,4,1,8,8,0,0,5.333,0.000,-5.333,220,220,80,600,600,50,0
8117,61,364,4,1,9,8,0,2,5.667,0.000,-5.667,220,220,130,600,600,50,0
8118,61,364,4,1,9,8,0,4,5.667,0.000,-5.667,220,220,180,600,600,50,0
8119,61,364,4,1,10,8,0,7,6.000,0.000,-6.000,220,220,230,600,600,50,0
8120,61,364,4,1,10,9,0,10,6.333,0.000,-6.333,220,220,280,600,600,50,0
8121,61,364,4,1,10,9,0,12,6.333,0.000,-6.333,220,220,330,600,600,50,0
8122,61,364,4,1,11,9,0,15,6.667,0.000,-6.667,220,220,380,600,600,50,0
8123,61,364,4,1,11,10,0,18,7.000,0.000,-7.000,220,220,430,600,600,50,0
8124,61,364,4,1,12,11,6,20,9.667,6.000,-3.667,220,220,480,600,600,50,0
8125,61,364,4,1,12,10,12,23,11.333,12.000,0.667,220,220,530,575,575,50,1
8126,61,364,4,1,16,10,19,26,15.000,19.000,4.000,220,220,580,575,575,50,0
8127,61,364,4,1,13,11,26,28,16.667,26.000,9.333,220,220,630,575,575,50,0
8128,61,364,4,1,13,11,33,30,19.000,33.000,14.000,220,220,680,575,575,50,0
8129,61,364,4,1,14,12,39,33,21.667,39.000,17.333,220,220,730,575,575,50,0
8130,61,364,4,1,14,12,46,36,24.000,46.000,22.000,220,220,780,575,575,50,0
8131,61,364,4,1,15,13,54,38,27.333,54.000,26.667,220,220,830,575,575,50,0
8132,61,364,4,1,15,13,61,41,29.667,61.000,31.333,220,220,880,575,575,50,0
8133,61,364,4,1,16,13,68,43,32.333,68.000,35.667,220,220,930,575,575,50,0
8134,61,364,4,1,16,14,76,47,35.333,76.000,40.667,220,220,980,575,575,50,0
8135,61,364,4,1,16,15,82,49,37.667,82.000,44.333,220,220,1030,575,575,50,0
8136,61,364,4,1,17,15,90,52,40.667,90.000,49.333,220,220,1080,575,575,50,0
8137,61,365,5,1,12,80,13,45,35.000,80.000,45.000,220,220,54,575,575,50,0
8138,61,365,5,1,16,75,14,46,35.000,75.000,40.000,220,220,104,575,575,50,0
8139,61,365,5,1,16,67,13,43,32.000,67.000,35.000,220,220,154,575,575,50,0
8140,61,365,5,1,15,60,13,40,29.333,60.000,30.667,220,220,204,575,575,50,0
8141,61,365,5,1,15,51,12,37,26.000,51.000,25.000,220,220,254,575,575,50,0
8142,61,365,5,1,14,44,11,34,23.000,44.000,21.000,220,220,304,575,575,50,0
8143,61,365,5,1,14,37,10,31,20.333,37.000,16.667,220,220,354,575,575,50,0
8144,61,365,5,1,17,30,10,30,19.000,30.000,11.000,220,220,404,575,575,50,0
8145,61,365,5,1,13,23,10,26,15.333,23.000,7.667,220,220,454,575,575,50,0
8146,61,365,5,1,12,16,10,24,12.667,16.000,3.333,220,220,504,575,575,50,0
8147,61,365,5,1,12,9,9,22,10.000,9.000,-1.000,220,220,554,575,575,50,1
8148,61,365,5,1,12,2,9,19,7.667,2.000,-5.667,220,220,604,575,575,50,0
8149,61,365,5,1,11,0,8,16,6.333,0.000,-6.333,220,220,654,575,575,50,0
8150,61,365,5,1,11,0,8,14,6.333,0.000,-6.333,220,220,704,575,575,50,0
8151,61,365,5,1,10,0,8,11,6.000,0.000,-6.000,220,220,754,575,575,50,0
8152,61,365,5,1,10,0,7,8,5.667,0.000,-5.667,220,220,804,575,575,50,0
8153,61,365,5,1,9,0,7,4,5.333,0.000,-5.333,220,220,854,575,575,50,0
8154,61,365,5,1,9,0,7,2,5.333,0.000,-5.333,220,220,904,575,575,50,0
8155,61,365,5,1,9,0,6,0,5.000,0.000,-5.000,220,220,954,575,575,50,0
8156,61,365,5,1,8,0,5,0,4.333,0.000,-4.333,220,220,1004,575,575,50,0
8157,61,365,5,1,8,0,4,0,4.000,0.000,-4.000,220,220,1054,575,575,50,0
8158,61,365,5,1,8,0,4,0,4.000,0.000,-4.000,220,220,1104,575,575,50,0
8159,61,366,6,1,0,7,8,0,5.000,0.000,-5.000,220,220,54,575,575,50,0
8160,61,366,6,1,0,5,6,0,3.667,0.000,-3.667,220,220,104,575,575,50,0
8161,61,366,6,1,0,6,6,0,4.000,0.000,-4.000,220,220,154,575,575,50,0
8162,61,366,6,1,0,6,6,2,4.000,0.000,-4.000,220,220,204,575,575,50,0
8163,61,366,6,1,0,8,6,4,4.667,0.000,-4.667,220,220,254,575,575,50,0
8164,61,366,6,1,0,8,7,7,5.000,0.000,-5.000,220,220,304,575,575,50,0
8165,61,366,6,1,0,8,8,10,5.333,0.000,-5.333,220,220,354,575,575,50,0
8166,61,366,6,1,0,9,8,13,5.667,0.000,-5.667,220,220,404,575,575,50,0
8167,61,366,6,1,0,9,8,16,5.667,0.000,-5.667,220,220,454,575,575,50,0
8168,61,366,6,1,3,9,9,18,7.000,3.000,-4.000,220,220,504,575,575,50,0
8169,61,366,6,1,10,10,9,21,9.667,10.000,0.333,220,220,554,575,575,50,1
8170,61,366,6,1,17,10,9,23,12.000,17.000,5.000,220,220,604,575,575,50,0
8171,61,366,6,1,24,10,10,26,14.667,24.000,9.333,220,220,654,575,575,50,0
8172,61,366,6,1,30,11,10,28,17.000,30.000,13.000,220,220,704,575,575,50,0
8173,61,366,6,1,38,11,11,31,20.000,38.000,18.000,220,220,754,575,575,50,0
8174,61,366,6,1,45,12,11,34,22.667,45.000,22.333,220,220,804,575,575,50,0
8175,61,366,6,1,52,13,11,37,25.333,52.000,26.667,220,220,854,575,575,50,0
8176,61,366,6,1,60,13,12,39,28.333,60.000,31.667,220,220,904,575,575,50,0
8177,61,366,6,1,67,13,12,42,30.667,67.000,36.333,220,220,954,575,575,50,0
8178,61,366,6,1,74,14,12,45,33.333,74.000,40.667,220,220,1004,575,575,50,0
8179,61,366,6,1,81,14,13,47,36.000,81.000,45.000,220,220,1054,575,575,50,0
8180,61,366,6,1,88,15,13,50,38.667,88.000,49.333,220,220,1104,575,575,50,0
8181,62,367,1,1,16,11,89,49,38.667,89.000,50.333,220,220,54,575,575,50,0
8182,62,367,1,1,21,14,82,50,39.000,82.000,43.000,220,220,104,575,575,50,0
8183,62,367,1,1,17,14,74,46,35.000,74.000,39.000,220,220,154,575,575,50,0
8184,62,367,1,1,16,14,65,43,31.667,65.000,33.333,220,220,204,575,575,50,0
8185,62,367,1,1,15,13,57,40,28.333,57.000,28.667,220,220,254,575,575,50,0
8186,62,367,1,1,15,12,50,37,25.667,50.000,24.333,220,220,304,575,575,50,0
8187,62,367,1,1,15,12,42,34,23.000,42.000,19.000,220,220,354,575,575,50,0
8188,62,367,1,1,14,12,35,32,20.333,35.000,14.667,220,220,404,575,575,50,0
8189,62,367,1,1,14,11,28,29,17.667,28.000,10.333,220,220,454,575,575,50,0
8190,62,367,1,1,13,11,20,25,14.667,20.000,5.333,220,220,504,575,575,50,0
8191,62,367,1,1,13,10,14,24,12.333,14.000,1.667,220,220,554,575,575,50,0
8192,62,367,1,1,13,10,7,21,10.000,7.000,-3.000,220,220,604,600,600,50,1
8193,62,367,1,1,13,10,0,18,7.667,0.000,-7.667,220,220,654,600,600,50,0
8194,62,367,1,1,12,9,0,16,7.000,0.000,-7.000,220,220,704,600,600,50,0
8195,62,367,1,1,12,9,0,13,7.000,0.000,-7.000,220,220,754,600,600,50,0
8196,62,367,1,1,11,9,0,11,6.667,0.000,-6.667,220,220,804,600,600,50,0
8197,62,367,1,1,10,8,0,7,6.000,0.000,-6.000,220,220,854,600,600,50,0
8198,62,367,1,1,10,8,0,5,6.000,0.000,-6.000,220,220,904,600,600,50,0
8199,62,367,1,1,10,7,0,2,5.667,0.000,-5.667,220,220,954,600,600,50,0
8200,62,367,1,1,8,7,0,0,5.000,0.000,-5.000,220,220,1004,600,600,50,0
8201,62,367,1,1,9,6,0,0,5.000,0.000,-5.000,220,220,1054,600,600,50,0
8202,62,367,1,1,8,6,0,0,4.667,0.000,-4.667,220,220,1104,600,600,50,0
8203,62,367,1,1,10,6,0,0,5.333,0.000,-5.333,220,220,1154,600,600,50,0
8204,62,367,1,1,7,5,0,0,4.000,0.000,-4.000,220,220,1204,600,600,50,0
8205,62,368,2,1,10,0,4,0,4.667,0.000,-4.667,220,220,79,600,600,50,0
8206,62,368,2,1,10,0,5,0,5.000,0.000,-5.000,220,220,129,600,600,50,0
8207,62,368,2,1,9,0,6,2,5.000,0.000,-5.000,220,220,179,600,600,50,0
8208,62,368,2,1,10,0,6,5,5.333,0.000,-5.333,220,220,229,600,600,50,0
8209,62,368,2,1,10,0,6,8,5.333,0.000,-5.333,220,220,279,600,600,50,0
8210,62,368,2,1,10,0,7,10,5.667,0.000,-5.667,220,220,329,600,600,50,0
8211,62,368,2,1,11,0,8,13,6.333,0.000,-6.333,220,220,379,600,600,50,0
8212,62,368,2,1,11,0,7,16,6.000,0.000,-6.000,220,220,429,600,600,50,0
8213,62,368,2,1,12,2,9,18,7.667,2.000,-5.667,220,220,479,600,600,50,0
8214,62,368,2,1,13,8,9,21,10.000,8.000,-2.000,220,220,529,600,600,50,0
8215,62,368,2,1,13,16,9,24,12.667,16.000,3.333,220,220,579,600,600,50,1
8216,62,368,2,1,13,22,9,26,14.667,22.000,7.333,220,220,629,600,600,50,0
8217,62,368,2,1,13,29,10,28,17.333,29.000,11.667,220,220,679,600,600,50,0
8218,62,368,2,1,14,36,10,31,20.000,36.000,16.000,220,220,729,600,600,50,0
8219,62,368,2,1,14,44,11,35,23.000,44.000,21.000,220,220,779,600,600,50,0
8220,62,368,2,1,15,52,11,37,26.000,52.000,26.000,220,220,829,600,600,50,0
8221,62,368,2,1,18,59,12,40,29.667,59.000,29.333,220,220,879,600,600,50,0
8222,62,368,2,1,16,66,12,43,31.333,66.000,34.667,220,220,929,600,600,50,0
8223,62,368,2,1,16,74,13,45,34.333,74.000,39.667,220,220,979,600,600,50,0
8224,62,368,2,1,16,82,13,48,37.000,82.000,45.000,220,220,1029,600,600,50,0
8225,62,368,2,1,17,90,13,51,40.000,90.000,50.000,220,220,1079,600,600,50,0
8226,62,368,2,1,17,98,14,54,43.000,98.000,55.000,220,220,1129,600,600,50,0
8227,62,368,2,1,17,106,14,57,45.667,106.000,60.333,220,220,1179,600,600,50,0
8228,62,369,3,1,75,15,12,45,34.000,75.000,41.000,220,220,80,600,600,50,0
8229,62,369,3,1,67,14,12,42,31.000,67.000,36.000,220,220,130,600,600,50,0
8230,62,369,3,1,59,13,12,39,28.000,59.000,31.000,220,220,180,600,600,50,0
8231,62,369,3,1,51,12,11,36,24.667,51.000,26.333,220,220,230,600,600,50,0
8232,62,369,3,1,44,13,11,33,22.667,44.000,21.333,220,220,280,600,600,50,0
8233,62,369,3,1,36,12,10,30,19.333,36.000,16.667,220,220,330,600,600,50,0
8234,62,369,3,1,29,11,10,28,16.667,29.000,12.333,220,220,380,600,600,50,0
8235,62,369,3,1,21,11,9,25,13.667,21.000,7.333,220,220,430,600,600,50,0
8236,62,369,3,1,15,11,9,23,11.667,15.000,3.333,220,220,480,600,600,50,0
8237,62,369,3,1,9,10,9,20,9.333,9.000,-0.333,220,220,530,600,600,50,1
8238,62,369,3,1,2,10,8,18,6.667,2.000,-4.667,220,220,580,600,600,50,0
8239,62,369,3,1,0,10,8,15,6.000,0.000,-6.000,220,220,630,600,600,50,0
8240,62,369,3,1,0,9,8,12,5.667,0.000,-5.667,220,220,680,600,600,50,0
8241,62,369,3,1,0,9,7,10,5.333,0.000,-5.333,220,220,730,600,600,50,0
8242,62,369,3,1,0,8,7,6,5.000,0.000,-5.000,220,220,780,600,600,50,0
8243,62,369,3,1,0,7,6,4,4.333,0.000,-4.333,220,220,830,600,600,50,0
8244,62,369,3,1,0,7,6,1,4.333,0.000,-4.333,220,220,880,600,600,50,0
8245,62,369,3,1,0,7,5,0,4.000,0.000,-4.000,220,220,930,600,600,50,0
8246,62,369,3,1,0,6,5,0,3.667,0.000,-3.667,220,220,980,600,600,50,0
8247,62,369,3,1,0,6,5,0,3.667,0.000,-3.667,220,220,1030,600,600,50,0
8248,62,369,3,1,0,5,4,0,3.000,0.000,-3.000,220,220,1080,600,600,50,0
8249,62,369,3,1,0,5,4,0,3.000,0.000,-3.000,220,220,1130,600,600,50,0
8250,62,369,3,1,0,4,4,0,2.667,0.000,-2.667,220,220,1180,600,600,50,0
8251,62,370,4,1,8,8,0,0,5.333,0.000,-5.333,220,220,80,600,600,50,0
8252,62,370,4,1,9,8,0,2,5.667,0.000,-5.667,220,220,130,600,600,50,0
8253,62,370,4,1,9,8,0,5,5.667,0.000,-5.667,220,220,180,600,600,50,0
8254,62,370,4,1,10,9,0,8,6.333,0.000,-6.333,220,220,230,600,600,50,0
8255,62,370,4,1,10,9,0,11,6.333,0.000,-6.333,220,220,280,600,600,50,0
8256,62,370,4,1,11,9,0,13,6.667,0.000,-6.667,220,220,330,600,600,50,0
8257,62,370,4,1,11,9,0,17,6.667,0.000,-6.667,220,220,380,600,600,50,0
8258,62,370,4,1,12,10,2,19,8.000,2.000,-6.000,220,220,430,600,600,50,0
8259,62,370,4,1,15,11,9,22,11.667,9.000,-2.667,220,220,480,600,600,50,0
8260,62,370,4,1,12,11,15,24,12.667,15.000,2.333,220,220,530,575,575,50,1
8261,62,370,4,1,13,11,23,27,15.667,23.000,7.333,220,220,580,575,575,50,0
8262,62,370,4,1,13,12,30,30,18.333,30.000,11.667,220,220,630,575,575,50,0
8263,62,370,4,1,14,12,37,32,21.000,37.000,16.000,220,220,680,575,575,50,0
8264,62,370,4,1,14,13,44,35,23.667,44.000,20.333,220,220,730,575,575,50,0
8265,62,370,4,1,15,13,52,38,26.667,52.000,25.333,220,220,780,575,575,50,0
8266,62,370,4,1,15,13,59,40,29.000,59.000,30.000,220,220,830,575,575,50,0
8267,62,370,4,1,16,14,66,43,32.000,66.000,34.000,220,220,880,575,575,50,0
8268,62,370,4,1,16,14,74,46,34.667,74.000,39.333,220,220,930,575,575,50,0
8269,62,370,4,1,17,14,82,49,37.667,82.000,44.333,220,220,980,575,575,50,0
8270,62,370,4,1,17,15,88,51,40.000,88.000,48.000,220,220,1030,575,575,50,0
8271,62,370,4,1,17,15,96,54,42.667,96.000,53.333,220,220,1080,575,575,50,0
8272,62,371,5,1,12,76,13,44,33.667,76.000,42.333,220,220,54,575,575,50,0
8273,62,371,5,1,15,72,14,45,33.667,72.000,38.333,220,220,104,575,575,50,0
8274,62,371,5,1,15,64,13,42,30.667,64.000,33.333,220,220,154,575,575,50,0
8275,62,371,5,1,15,56,12,39,27.667,56.000,28.333,220,220,204,575,575,50,0
8276,62,371,5,1,14,48,12,36,24.667,48.000,23.333,220,220,254,575,575,50,0
8277,62,371,5,1,14,40,11,33,21.667,40.000,18.333,220,220,304,575,575,50,0
8278,62,371,5,1,14,34,11,31,19.667,34.000,14.333,220,220,354,575,575,50,0
8279,62,371,5,1,16,27,10,28,17.667,27.000,9.333,220,220,404,575,575,50,0
8280,62,371,5,1,13,20,10,25,14.333,20.000,5.667,220,220,454,575,575,50,0
8281,62,371,5,1,13,12,9,23,11.333,12.000,0.667,220,220,504,575,575,50,0
8282,62,371,5,1,12,7,9,20,9.333,7.000,-2.333,220,220,554,575,575,50,1
8283,62,371,5,1,12,0,9,18,7.000,0.000,-7.000,220,220,604,575,575,50,0
8284,62,371,5,1,11,0,8,15,6.333,0.000,-6.333,220,220,654,575,575,50,0
8285,62,371,5,1,11,0,8,13,6.333,0.000,-6.333,220,220,704,575,575,50,0
8286,62,371,5,1,11,0,8,10,6.333,0.000,-6.333,220,220,754,575,575,50,0
8287,62,371,5,1,10,0,7,7,5.667,0.000,-5.667,220,220,804,575,575,50,0
8288,62,371,5,1,9,0,6,4,5.000,0.000,-5.000,220,220,854,575,575,50,0
8289,62,371,5,1,9,0,6,2,5.000,0.000,-5.000,220,220,904,575,575,50,0
8290,62,371,5,1,9,0,6,0,5.000,0.000,-5.000,220,220,954,575,575,50,0
8291,62,371,5,1,8,0,5,0,4.333,0.000,-4.333,220,220,1004,575,575,50,0
8292,62,371,5,1,7,0,4,0,3.667,0.000,-3.667,220,220,1054,575,575,50,0
8293,62,371,5,1,7,0,4,0,3.667,0.000,-3.667,220,220,1104,575,575,50,0
8294,62,372,6,1,0,7,8,0,5.000,0.000,-5.000,220,220,54,575,575,50,0
8295,62,372,6,1,0,5,7,0,4.000,0.000,-4.000,220,220,104,575,575,50,0
8296,62,372,6,1,0,7,6,1,4.333,0.000,-4.333,220,220,154,575,575,50,0
8297,62,372,6,1,0,7,7,4,4.667,0.000,-4.667,220,220,204,575,575,50,0
8298,62,372,6,1,0,8,7,6,5.000,0.000,-5.000,220,220,254,575,575,50,0
8299,62,372,6,1,0,8,7,9,5.000,0.000,-5.000,220,220,304,575,575,50,0
8300,62,372,6,1,0,9,8,12,5.667,0.000,-5.667,220,220,354,575,575,50,0
8301,62,372,6,1,0,9,8,15,5.667,0.000,-5.667,220,220,404,575,575,50,0
8302,62,372,6,1,2,9,9,18,6.667,2.000,-4.667,220,220,454,575,575,50,0
8303,62,372,6,1,8,10,9,21,9.000,8.000,-1.000,220,220,504,575,575,50,0
8304,62,372,6,1,15,10,9,23,11.333,15.000,3.667,220,220,554,575,575,50,1
8305,62,372,6,1,23,11,10,26,14.667,23.000,8.333,220,220,604,575,575,50,0
8306,62,372,6,1,30,11,10,29,17.000,30.000,13.000,220,220,654,575,575,50,0
8307,62,372,6,1,37,12,11,31,20.000,37.000,17.000,220,220,704,575,575,50,0
8308,62,372,6,1,45,12,11,34,22.667,45.000,22.333,220,220,754,575,575,50,0
8309,62,372,6,1,52,13,12,37,25.667,52.000,26.333,220,220,804,575,575,50,0
8310,62,372,6,1,59,13,11,40,27.667,59.000,31.333,220,220,854,575,575,50,0
8311,62,372,6,1,67,14,12,42,31.000,67.000,36.000,220,220,904,575,575,50,0
8312,62,372,6,1,74,14,13,45,33.667,74.000,40.333,220,220,954,575,575,50,0
8313,62,372,6,1,81,14,13,47,36.000,81.000,45.000,220,220,1004,575,575,50,0
8314,62,372,6,1,88,15,13,50,38.667,88.000,49.333,220,220,1054,575,575,50,0
8315,62,372,6,1,95,15,13,52,41.000,95.000,54.000,220,220,1104,575,575,50,0
8316,63,373,1,1,18,11,79,46,36.000,79.000,43.000,220,220,54,575,575,50,0
8317,63,373,1,1,18,13,74,47,35.000,74.000,39.000,220,220,104,575,575,50,0
8318,63,373,1,1,17,13,66,44,32.000,66.000,34.000,220,220,154,575,575,50,0
8319,63,373,1,1,16,13,58,41,29.000,58.000,29.000,220,220,204,575,575,50,0
8320,63,373,1,1,15,13,50,38,26.000,50.000,24.000,220,220,254,575,575,50,0
8321,63,373,1,1,15,12,43,34,23.333,43.000,19.667,220,220,304,575,575,50,0
8322,63,373,1,1,14,12,36,32,20.667,36.000,15.333,220,220,354,575,575,50,0
8323,63,373,1,1,14,11,29,29,18.000,29.000,11.000,220,220,404,575,575,50,0
8324,63,373,1,1,14,11,22,26,15.667,22.000,6.333,220,220,454,575,575,50,0
8325,63,373,1,1,13,11,15,25,13.000,15.000,2.000,220,220,504,575,575,50,0
8326,63,373,1,1,13,10,9,22,10.667,9.000,-1.667,220,220,554,575,575,50,1
8327,63,373,1,1,13,10,2,19,8.333,2.000,-6.333,220,220,604,575,575,50,0
8328,63,373,1,1,12,9,0,17,7.000,0.000,-7.000,220,220,654,575,575,50,0
8329,63,373,1,1,12,9,0,14,7.000,0.000,-7.000,220,220,704,575,575,50,0
8330,63,373,1,1,11,8,0,12,6.333,0.000,-6.333,220,220,754,575,575,50,0
8331,63,373,1,1,11,8,0,9,6.333,0.000,-6.333,220,220,804,575,575,50,0
8332,63,373,1,1,10,8,0,6,6.000,0.000,-6.000,220,220,854,575,575,50,0
8333,63,373,1,1,10,7,0,3,5.667,0.000,-5.667,220,220,904,575,575,50,0
8334,63,373,1,1,9,7,0,0,5.333,0.000,-5.333,220,220,954,575,575,50,0
8335,63,373,1,1,9,7,0,0,5.333,0.000,-5.333,220,220,1004,575,575,50,0
8336,63,373,1,1,11,6,0,0,5.667,0.000,-5.667,220,220,1054,575,575,50,0
8337,63,373,1,1,7,6,0,0,4.333,0.000,-4.333,220,220,1104,575,575,50,0
8338,63,374,2,1,13,0,5,0,6.000,0.000,-6.000,220,220,54,575,575,50,0
8339,63,374,2,1,9,0,4,0,4.333,0.000,-4.333,220,220,104,575,575,50,0
8340,63,374,2,1,9,0,5,0,4.667,0.000,-4.667,220,220,154,575,575,50,0
8341,63,374,2,1,9,0,6,0,5.000,0.000,-5.000,220,220,204,575,575,50,0
8342,63,374,2,1,9,0,6,3,5.000,0.000,-5.000,220,220,254,575,575,50,0
8343,63,374,2,1,10,0,6,6,5.333,0.000,-5.333,220,220,304,575,575,50,0
8344,63,374,2,1,10,0,7,9,5.667,0.000,-5.667,220,220,354,575,575,50,0
8345,63,374,2,1,11,0,7,12,6.000,0.000,-6.000,220,220,404,575,575,50,0
8346,63,374,2,1,12,0,8,15,6.667,0.000,-6.667,220,220,454,575,575,50,0
8347,63,374,2,1,12,0,8,17,6.667,0.000,-6.667,220,220,504,575,575,50,0
8348,63,374,2,1,13,5,8,20,8.667,5.000,-3.667,220,220,554,575,575,50,0
8349,63,374,2,1,13,13,9,23,11.667,13.000,1.333,220,220,604,600,600,50,1
8350,63,374,2,1,13,20,10,25,14.333,20.000,5.667,220,220,654,600,600,50,0
8351,63,374,2,1,14,27,9,27,16.667,27.000,10.333,220,220,704,600,600,50,0
8352,63,374,2,1,14,34,10,30,19.333,34.000,14.667,220,220,754,600,600,50,0
8353,63,374,2,1,15,41,11,33,22.333,41.000,18.667,220,220,804,600,600,50,0
8354,63,374,2,1,15,48,11,36,24.667,48.000,23.333,220,220,854,600,600,50,0
8355,63,374,2,1,18,56,11,38,28.333,56.000,27.667,220,220,904,600,600,50,0
8356,63,374,2,1,16,63,11,41,30.000,63.000,33.000,220,220,954,600,600,50,0
8357,63,374,2,1,16,70,12,44,32.667,70.000,37.333,220,220,1004,600,600,50,0
8358,63,374,2,1,16,77,12,46,35.000,77.000,42.000,220,220,1054,600,600,50,0
8359,63,374,2,1,17,85,13,49,38.333,85.000,46.667,220,220,1104,600,600,50,0
8360,63,374,2,1,17,92,13,52,40.667,92.000,51.333,220,220,1154,600,600,50,0
8361,63,374,2,1,17,100,14,54,43.667,100.000,56.333,220,220,1204,600,600,50,0
8362,63,375,3,1,79,15,12,46,35.333,79.000,43.667,220,220,80,600,600,50,0
8363,63,375,3,1,71,14,12,43,32.333,71.000,38.667,220,220,130,600,600,50,0
8364,63,375,3,1,62,13,12,40,29.000,62.000,33.000,220,220,180,600,600,50,0
8365,63,375,3,1,55,13,11,37,26.333,55.000,28.667,220,220,230,600,600,50,0
8366,63,375,3,1,48,13,11,34,24.000,48.000,24.000,220,220,280,600,600,50,0
8367,63,375,3,1,40,12,11,32,21.000,40.000,19.000,220,220,330,600,600,50,0
8368,63,375,3,1,33,11,10,29,18.000,33.000,15.000,220,220,380,600,600,50,0
8369,63,375,3,1,25,11,10,26,15.333,25.000,9.667,220,220,430,600,600,50,0
8370,63,375,3,1,18,11,9,24,12.667,18.000,5.333,220,220,480,600,600,50,0
8371,63,375,3,1,12,10,9,21,10.333,12.000,1.667,220,220,530,600,600,50,0
8372,63,375,3,1,4,10,8,19,7.333,4.000,-3.333,220,220,580,600,600,50,1
8373,63,375,3,1,0,10,9,16,6.333,0.000,-6.333,220,220,630,600,600,50,0
8374,63,375,3,1,0,9,8,13,5.667,0.000,-5.667,220,220,680,600,600,50,0
8375,63,375,3,1,0,9,8,11,5.667,0.000,-5.667,220,220,730,600,600,50,0
8376,63,375,3,1,0,8,7,8,5.000,0.000,-5.000,220,220,780,600,600,50,0
8377,63,375,3,1,0,8,7,5,5.000,0.000,-5.000,220,220,830,600,600,50,0
8378,63,375,3,1,0,7,6,2,4.333,0.000,-4.333,220,220,880,600,600,50,0
8379,63,375,3,1,0,7,6,0,4.333,0.000,-4.333,220,220,930,600,600,50,0
8380,63,375,3,1,0,6,5,0,3.667,0.000,-3.667,220,220,980,600,600,50,0
8381,63,375,3,1,0,5,5,0,3.333,0.000,-3.333,220,220,1030,600,600,50,0
8382,63,375,3,1,0,5,4,0,3.000,0.000,-3.000,220,220,1080,600,600,50,0
8383,63,375,3,1,0,5,4,0,3.000,0.000,-3.000,220,220,1130,600,600,50,0
8384,63,375,3,1,0,4,4,0,2.667,0.000,-2.667,220,220,1180,600,600,50,0
8385,63,376,4,1,8,8,0,0,5.333,0.000,-5.333,220,220,80,600,600,50,0
8386,63,376,4,1,9,8,0,3,5.667,0.000,-5.667,220,220,130,600,600,50,0
8387,63,376,4,1,10,8,0,6,6.000,0.000,-6.000,220,220,180,600,600,50,0
8388,63,376,4,1,10,8,0,9,6.000,0.000,-6.000,220,220,230,600,600,50,0
8389,63,376,4,1,10,9,0,11,6.333,0.000,-6.333,220,220,280,600,600,50,0
8390,63,376,4,1,11,9,0,13,6.667,0.000,-6.667,220,220,330,600,600,50,0
8391,63,376,4,1,11,10,0,17,7.000,0.000,-7.000,220,220,380,600,600,50,0
8392,63,376,4,1,12,10,3,19,8.333,3.000,-5.333,220,220,430,600,600,50,0
8393,63,376,4,1,15,11,10,22,12.000,10.000,-2.000,220,220,480,600,600,50,0
8394,63,376,4,1,12,11,16,24,13.000,16.000,3.000,220,220,530,575,575,50,1
8395,63,376,4,1,13,11,23,27,15.667,23.000,7.333,220,220,580,575,575,50,0
8396,63,376,4,1,13,11,30,29,18.000,30.000,12.000,220,220,630,575,575,50,0
8397,63,376,4,1,14,12,36,32,20.667,36.000,15.333,220,220,680,575,575,50,0
8398,63,376,4,1,14,13,43,34,23.333,43.000,19.667,220,220,730,575,575,50,0
8399,63,376,4,1,15,13,51,38,26.333,51.000,24.667,220,220,780,575,575,50,0
8400,63,376,4,1,15,13,58,40,28.667,58.000,29.333,220,220,830,575,575,50,0
8401,63,376,4,1,15,14,65,43,31.333,65.000,33.667,220,220,880,575,575,50,0
8402,63,376,4,1,16,14,72,45,34.000,72.000,38.000,220,220,930,575,575,50,0
8403,63,376,4,1,16,14,80,48,36.667,80.000,43.333,220,220,980,575,575,50,0
8404,63,376,4,1,17,14,87,51,39.333,87.000,47.667,220,220,1030,575,575,50,0
8405,63,376,4,1,17,15,94,53,42.000,94.000,52.000,220,220,1080,575,575,50,0
8406,63,377,5,1,12,80,13,46,35.000,80.000,45.000,220,220,54,575,575,50,0
8407,63,377,5,1,16,75,14,46,35.000,75.000,40.000,220,220,104,575,575,50,0
8408,63,377,5,1,16,67,13,43,32.000,67.000,35.000,220,220,154,575,575,50,0
8409,63,377,5,1,16,60,12,41,29.333,60.000,30.667,220,220,204,575,575,50,0
8410,63,377,5,1,15,52,11,37,26.000,52.000,26.000,220,220,254,575,575,50,0
8411,63,377,5,1,14,45,11,35,23.333,45.000,21.667,220,220,304,575,575,50,0
8412,63,377,5,1,17,38,11,32,22.000,38.000,16.000,220,220,354,575,575,50,0
8413,63,377,5,1,13,31,11,29,18.333,31.000,12.667,220,220,404,575,575,50,0
8414,63,377,5,1,13,23,10,26,15.333,23.000,7.667,220,220,454,575,575,50,0
8415,63,377,5,1,13,16,9,24,12.667,16.000,3.333,220,220,504,575,575,50,0
8416,63,377,5,1,12,9,9,21,10.000,9.000,-1.000,220,220,554,575,575,50,1
8417,63,377,5,1,12,3,9,19,8.000,3.000,-5.000,220,220,604,575,575,50,0
8418,63,377,5,1,11,0,9,16,6.667,0.000,-6.667,220,220,654,575,575,50,0
8419,63,377,5,1,11,0,8,14,6.333,0.000,-6.333,220,220,704,575,575,50,0
8420,63,377,5,1,10,0,8,11,6.000,0.000,-6.000,220,220,754,575,575,50,0
8421,63,377,5,1,10,0,7,8,5.667,0.000,-5.667,220,220,804,575,575,50,0
8422,63,377,5,1,10,0,7,5,5.667,0.000,-5.667,220,220,854,575,575,50,0
8423,63,377,5,1,10,0,6,3,5.333,0.000,-5.333,220,220,904,575,575,50,0
8424,63,377,5,1,8,0,6,0,4.667,0.000,-4.667,220,220,954,575,575,50,0
8425,63,377,5,1,8,0,5,0,4.333,0.000,-4.333,220,220,1004,575,575,50,0
8426,63,377,5,1,8,0,5,0,4.333,0.000,-4.333,220,220,1054,575,575,50,0
8427,63,377,5,1,7,0,4,0,3.667,0.000,-3.667,220,220,1104,575,575,50,0
8428,63,378,6,1,0,7,8,0,5.000,0.000,-5.000,220,220,54,575,575,50,0
8429,63,378,6,1,0,6,6,0,4.000,0.000,-4.000,220,220,104,575,575,50,0
8430,63,378,6,1,0,7,6,0,4.333,0.000,-4.333,220,220,154,575,575,50,0
8431,63,378,6,1,0,7,6,3,4.333,0.000,-4.333,220,220,204,575,575,50,0
8432,63,378,6,1,0,7,6,5,4.333,0.000,-4.333,220,220,254,575,575,50,0
8433,63,378,6,1,0,8,7,8,5.000,0.000,-5.000,220,220,304,575,575,50,0
8434,63,378,6,1,0,8,7,11,5.000,0.000,-5.000,220,220,354,575,575,50,0
8435,63,378,6,1,0,9,8,14,5.667,0.000,-5.667,220,220,404,575,575,50,0
8436,63,378,6,1,0,9,8,16,5.667,0.000,-5.667,220,220,454,575,575,50,0
8437,63,378,6,1,5,10,9,19,8.000,5.000,-3.000,220,220,504,575,575,50,0
8438,63,378,6,1,12,10,9,22,10.333,12.000,1.667,220,220,554,575,575,50,1
8439,63,378,6,1,19,11,10,24,13.333,19.000,5.667,220,220,604,575,575,50,0
8440,63,378,6,1,26,11,9,27,15.333,26.000,10.667,220,220,654,575,575,50,0
8441,63,378,6,1,33,12,10,30,18.333,33.000,14.667,220,220,704,575,575,50,0
8442,63,378,6,1,40,12,11,32,21.000,40.000,19.000,220,220,754,575,575,50,0
8443,63,378,6,1,47,12,11,35,23.333,47.000,23.667,220,220,804,575,575,50,0
8444,63,378,6,1,54,13,11,37,26.000,54.000,28.000,220,220,854,575,575,50,0
8445,63,378,6,1,62,13,12,40,29.000,62.000,33.000,220,220,904,575,575,50,0
8446,63,378,6,1,69,14,12,42,31.667,69.000,37.333,220,220,954,575,575,50,0
8447,63,378,6,1,76,14,13,45,34.333,76.000,41.667,220,220,1004,575,575,50,0
8448,63,378,6,1,82,15,12,47,36.333,82.000,45.667,220,220,1054,575,575,50,0
8449,63,378,6,1,90,15,13,51,39.333,90.000,50.667,220,220,1104,575,575,50,0
8450,64,379,1,1,18,11,81,47,36.667,81.000,44.333,220,220,54,575,575,50,0
8451,64,379,1,1,18,13,76,47,35.667,76.000,40.333,220,220,104,575,575,50,0
8452,64,379,1,1,17,14,67,44,32.667,67.000,34.333,220,220,154,575,575,50,0
8453,64,379,1,1,16,13,60,41,29.667,60.000,30.333,220,220,204,575,575,50,0
8454,64,379,1,1,15,13,52,38,26.667,52.000,25.333,220,220,254,575,575,50,0
8455,64,379,1,1,14,12,44,35,23.333,44.000,20.667,220,220,304,575,575,50,0
8456,64,379,1,1,14,12,37,32,21.000,37.000,16.000,220,220,354,575,575,50,0
8457,64,379,1,1,14,12,30,29,18.667,30.000,11.333,220,220,404,575,575,50,0
8458,64,379,1,1,14,11,23,27,16.000,23.000,7.000,220,220,454,575,575,50,0
8459,64,379,1,1,13,10,16,24,13.000,16.000,3.000,220,220,504,575,575,50,0
8460,64,379,1,1,13,10,9,22,10.667,9.000,-1.667,220,220,554,575,575,50,1
8461,64,379,1,1,12,10,3,19,8.333,3.000,-5.333,220,220,604,575,575,50,0
8462,64,379,1,1,12,10,0,16,7.333,0.000,-7.333,220,220,654,575,575,50,0
8463,64,379,1,1,11,9,0,14,6.667,0.000,-6.667,220,220,704,575,575,50,0
8464,64,379,1,1,11,9,0,11,6.667,0.000,-6.667,220,220,754,575,575,50,0
8465,64,379,1,1,11,8,0,8,6.333,0.000,-6.333,220,220,804,575,575,50,0
8466,64,379,1,1,10,8,0,5,6.000,0.000,-6.000,220,220,854,575,575,50,0
8467,64,379,1,1,10,7,0,3,5.667,0.000,-5.667,220,220,904,575,575,50,0
8468,64,379,1,1,10,7,0,0,5.667,0.000,-5.667,220,220,954,575,575,50,0
8469,64,379,1,1,9,6,0,0,5.000,0.000,-5.000,220,220,1004,575,575,50,0
8470,64,379,1,1,11,6,0,0,5.667,0.000,-5.667,220,220,1054,575,575,50,0
8471,64,379,1,1,7,5,0,0,4.000,0.000,-4.000,220,220,1104,575,575,50,0
8472,64,380,2,1,13,0,5,0,6.000,0.000,-6.000,220,220,54,575,575,50,0
8473,64,380,2,1,9,0,4,0,4.333,0.000,-4.333,220,220,104,575,575,50,0
8474,64,380,2,1,9,0,5,0,4.667,0.000,-4.667,220,220,154,575,575,50,0
8475,64,380,2,1,9,0,6,1,5.000,0.000,-5.000,220,220,204,575,575,50,0
8476,64,380,2,1,10,0,6,3,5.333,0.000,-5.333,220,220,254,575,575,50,0
8477,64,380,2,1,10,0,7,6,5.667,0.000,-5.667,220,220,304,575,575,50,0
8478,64,380,2,1,11,0,7,9,6.000,0.000,-6.000,220,220,354,575,575,50,0
8479,64,380,2,1,11,0,7,12,6.000,0.000,-6.000,220,220,404,575,575,50,0
8480,64,380,2,1,12,0,8,14,6.667,0.000,-6.667,220,220,454,575,575,50,0
8481,64,380,2,1,12,0,8,17,6.667,0.000,-6.667,220,220,504,575,575,50,0
8482,64,380,2,1,12,5,8,19,8.333,5.000,-3.333,220,220,554,575,575,50,0
8483,64,380,2,1,13,11,9,22,11.000,11.000,0.000,220,220,604,575,575,50,1
8484,64,380,2,1,13,18,9,25,13.333,18.000,4.667,220,220,654,625,625,50,0
8485,64,380,2,1,14,25,10,27,16.333,25.000,8.667,220,220,704,625,625,50,0
8486,64,380,2,1,14,32,10,30,18.667,32.000,13.333,220,220,754,625,625,50,0
8487,64,380,2,1,14,39,10,32,21.000,39.000,18.000,220,220,804,625,625,50,0
8488,64,380,2,1,15,46,11,35,24.000,46.000,22.000,220,220,854,625,625,50,0
8489,64,380,2,1,18,53,11,38,27.333,53.000,25.667,220,220,904,625,625,50,0
8490,64,380,2,1,15,61,12,41,29.333,61.000,31.667,220,220,954,625,625,50,0
8491,64,380,2,1,16,69,12,43,32.333,69.000,36.667,220,220,1004,625,625,50,0
8492,64,380,2,1,16,76,13,46,35.000,76.000,41.000,220,220,1054,625,625,50,0
8493,64,380,2,1,16,83,13,48,37.333,83.000,45.667,220,220,1104,625,625,50,0
8494,64,380,2,1,17,91,13,51,40.333,91.000,50.667,220,220,1154,625,625,50,0
8495,64,380,2,1,17,99,14,54,43.333,99.000,55.667,220,220,1204,625,625,50,0
8496,64,380,2,1,17,107,14,57,46.000,107.000,61.000,220,220,1254,625,625,50,0
8497,64,381,3,1,72,14,10,42,32.000,72.000,40.000,220,220,54,625,625,50,0
8498,64,381,3,1,68,15,11,43,31.333,68.000,36.667,220,220,104,625,625,50,0
8499,64,381,3,1,59,14,11,39,28.000,59.000,31.000,220,220,154,625,625,50,0
8500,64,381,3,1,51,13,11,36,25.000,51.000,26.000,220,220,204,625,625,50,0
8501,64,381,3,1,43,12,11,33,22.000,43.000,21.000,220,220,254,625,625,50,0
8502,64,381,3,1,36,12,10,30,19.333,36.000,16.667,220,220,304,625,625,50,0
8503,64,381,3,1,28,12,10,28,16.667,28.000,11.333,220,220,354,625,625,50,0
8504,64,381,3,1,21,11,10,25,14.000,21.000,7.000,220,220,404,625,625,50,0
8505,64,381,3,1,14,10,9,22,11.000,14.000,3.000,220,220,454,625,625,50,0
8506,64,381,3,1,7,10,9,19,8.667,7.000,-1.667,220,220,504,575,575,50,1
8507,64,381,3,1,0,10,8,17,6.000,0.000,-6.000,220,220,554,575,575,50,0
8508,64,381,3,1,0,9,7,14,5.333,0.000,-5.333,220,220,604,575,575,50,0
8509,64,381,3,1,0,9,7,11,5.333,0.000,-5.333,220,220,654,575,575,50,0
8510,64,381,3,1,0,9,7,8,5.333,0.000,-5.333,220,220,704,575,575,50,0
8511,64,381,3,1,0,8,6,6,4.667,0.000,-4.667,220,220,754,575,575,50,0
8512,64,381,3,1,0,7,6,3,4.333,0.000,-4.333,220,220,804,575,575,50,0
8513,64,381,3,1,0,7,6,1,4.333,0.000,-4.333,220,220,854,575,575,50,0
8514,64,381,3,1,0,6,5,0,3.667,0.000,-3.667,220,220,904,575,575,50,0
8515,64,381,3,1,0,6,5,0,3.667,0.000,-3.667,220,220,954,575,575,50,0
8516,64,381,3,1,0,5,5,0,3.333,0.000,-3.333,220,220,1004,575,575,50,0
8517,64,381,3,1,0,5,4,0,3.000,0.000,-3.000,220,220,1054,575,575,50,0
8518,64,382,4,1,10,11,0,0,7.000,0.000,-7.000,220,220,54,575,575,50,0
8519,64,382,4,1,8,8,0,0,5.333,0.000,-5.333,220,220,104,575,575,50,0
8520,64,382,4,1,9,8,0,2,5.667,0.000,-5.667,220,220,154,575,575,50,0
8521,64,382,4,1,9,8,0,4,5.667,0.000,-5.667,220,220,204,575,575,50,0
8522,64,382,4,1,10,8,0,7,6.000,0.000,-6.000,220,220,254,575,575,50,0
8523,64,382,4,1,10,9,0,10,6.333,0.000,-6.333,220,220,304,575,575,50,0
8524,64,382,4,1,11,9,0,13,6.667,0.000,-6.667,220,220,354,575,575,50,0
8525,64,382,4,1,11,10,0,15,7.000,0.000,-7.000,220,220,404,575,575,50,0
8526,64,382,4,1,11,10,0,17,7.000,0.000,-7.000,220,220,454,575,575,50,0
8527,64,382,4,1,11,10,6,21,9.000,6.000,-3.000,220,220,504,575,575,50,0
8528,64,382,4,1,15,11,13,24,13.000,13.000,0.000,220,220,554,575,575,50,1
8529,64,382,4,1,13,10,20,26,14.333,20.000,5.667,220,220,604,600,600,50,0
8530,64,382,4,1,13,11,27,28,17.000,27.000,10.000,220,220,654,600,600,50,0
8531,64,382,4,1,14,12,34,31,20.000,34.000,14.000,220,220,704,600,600,50,0
8532,64,382,4,1,14,12,41,33,22.333,41.000,18.667,220,220,754,600,600,50,0
8533,64,382,4,1,14,13,48,36,25.000,48.000,23.000,220,220,804,600,600,50,0
8534,64,382,4,1,15,13,56,39,28.000,56.000,28.000,220,220,854,600,600,50,0
8535,64,382,4,1,15,13,63,42,30.333,63.000,32.667,220,220,904,600,600,50,0
8536,64,382,4,1,16,14,71,45,33.667,71.000,37.333,220,220,954,600,600,50,0
8537,64,382,4,1,16,14,78,47,36.000,78.000,42.000,220,220,1004,600,600,50,0
8538,64,382,4,1,17,14,86,50,39.000,86.000,47.000,220,220,1054,600,600,50,0
8539,64,382,4,1,17,15,93,53,41.667,93.000,51.333,220,220,1104,600,600,50,0
8540,64,382,4,1,17,15,101,55,44.333,101.000,56.667,220,220,1154,600,600,50,0
8541,64,382,4,1,18,14,110,59,47.333,110.000,62.667,220,220,1204,600,600,50,0
8542,64,383,5,1,16,66,13,43,31.667,66.000,34.333,220,220,79,600,600,50,0
8543,64,383,5,1,15,58,12,40,28.333,58.000,29.667,220,220,129,600,600,50,0
8544,64,383,5,1,15,51,11,37,25.667,51.000,25.333,220,220,179,600,600,50,0
8545,64,383,5,1,14,44,11,34,23.000,44.000,21.000,220,220,229,600,600,50,0
8546,64,383,5,1,17,36,11,32,21.333,36.000,14.667,220,220,279,600,600,50,0
8547,64,383,5,1,13,29,10,29,17.333,29.000,11.667,220,220,329,600,600,50,0
8548,64,383,5,1,13,22,10,26,15.000,22.000,7.000,220,220,379,600,600,50,0
8549,64,383,5,1,13,15,9,24,12.333,15.000,2.667,220,220,429,600,600,50,0
8550,64,383,5,1,12,8,9,21,9.667,8.000,-1.667,220,220,479,550,550,50,1
8551,64,383,5,1,12,2,9,19,7.667,2.000,-5.667,220,220,529,550,550,50,0
8552,64,383,5,1,12,0,9,16,7.000,0.000,-7.000,220,220,579,550,550,50,0
8553,64,383,5,1,11,0,8,13,6.333,0.000,-6.333,220,220,629,550,550,50,0
8554,64,383,5,1,10,0,8,11,6.000,0.000,-6.000,220,220,679,550,550,50,0
8555,64,383,5,1,10,0,7,8,5.667,0.000,-5.667,220,220,729,550,550,50,0
8556,64,383,5,1,10,0,6,5,5.333,0.000,-5.333,220,220,779,550,550,50,0
8557,64,383,5,1,9,0,6,3,5.000,0.000,-5.000,220,220,829,550,550,50,0
8558,64,383,5,1,9,0,6,0,5.000,0.000,-5.000,220,220,879,550,550,50,0
8559,64,383,5,1,9,0,6,0,5.000,0.000,-5.000,220,220,929,550,550,50,0
8560,64,383,5,1,8,0,5,0,4.333,0.000,-4.333,220,220,979,550,550,50,0
8561,64,383,5,1,7,0,4,0,3.667,0.000,-3.667,220,220,1029,550,550,50,0
8562,64,384,6,1,0,5,5,0,3.333,0.000,-3.333,220,220,79,550,550,50,0
8563,64,384,6,1,0,6,5,0,3.667,0.000,-3.667,220,220,129,550,550,50,0
8564,64,384,6,1,0,6,6,0,4.000,0.000,-4.000,220,220,179,550,550,50,0
8565,64,384,6,1,0,7,6,1,4.333,0.000,-4.333,220,220,229,550,550,50,0
8566,64,384,6,1,0,7,6,4,4.333,0.000,-4.333,220,220,279,550,550,50,0
8567,64,384,6,1,0,8,7,7,5.000,0.000,-5.000,220,220,329,550,550,50,0
8568,64,384,6,1,0,8,8,10,5.333,0.000,-5.333,220,220,379,550,550,50,0
8569,64,384,6,1,0,9,8,13,5.667,0.000,-5.667,220,220,429,550,550,50,0
8570,64,384,6,1,0,9,8,16,5.667,0.000,-5.667,220,220,479,550,550,50,0
8571,64,384,6,1,2,10,9,18,7.000,2.000,-5.000,220,220,529,550,550,50,0
8572,64,384,6,1,9,10,9,21,9.333,9.000,-0.333,220,220,579,550,550,50,0
8573,64,384,6,1,17,10,9,24,12.000,17.000,5.000,220,220,629,600,600,50,1
8574,64,384,6,1,24,11,10,26,15.000,24.000,9.000,220,220,679,600,600,50,0
8575,64,384,6,1,31,11,10,28,17.333,31.000,13.667,220,220,729,600,600,50,0
8576,64,384,6,1,38,12,10,31,20.000,38.000,18.000,220,220,779,600,600,50,0
8577,64,384,6,1,46,12,11,34,23.000,46.000,23.000,220,220,829,600,600,50,0
8578,64,384,6,1,53,13,11,37,25.667,53.000,27.333,220,220,879,600,600,50,0
8579,64,384,6,1,61,13,12,39,28.667,61.000,32.333,220,220,929,600,600,50,0
8580,64,384,6,1,68,13,12,42,31.000,68.000,37.000,220,220,979,600,600,50,0
8581,64,384,6,1,75,14,12,45,33.667,75.000,41.333,220,220,1029,600,600,50,0
8582,64,384,6,1,82,14,13,48,36.333,82.000,45.667,220,220,1079,600,600,50,0
8583,64,384,6,1,89,15,13,50,39.000,89.000,50.000,220,220,1129,600,600,50,0
8584,64,384,6,1,97,15,13,53,41.667,97.000,55.333,220,220,1179,600,600,50,0
8585,64,384,6,1,107,15,13,56,45.000,107.000,62.000,220,220,1229,600,600,50,0
8586,65,385,1,1,17,14,70,45,33.667,70.000,36.333,220,220,79,600,600,50,0
8587,65,385,1,1,16,13,62,42,30.333,62.000,31.667,220,220,129,600,600,50,0
8588,65,385,1,1,15,13,54,39,27.333,54.000,26.667,220,220,179,600,600,50,0
8589,65,385,1,1,15,12,46,36,24.333,46.000,21.667,220,220,229,600,600,50,0
8590,65,385,1,1,14,12,39,33,21.667,39.000,17.333,220,220,279,600,600,50,0
8591,65,385,1,1,14,12,32,30,19.333,32.000,12.667,220,220,329,600,600,50,0
8592,65,385,1,1,14,11,25,28,16.667,25.000,8.333,220,220,379,600,600,50,0
8593,65,385,1,1,13,11,18,25,14.000,18.000,4.000,220,220,429,600,600,50,0
8594,65,385,1,1,13,11,12,23,12.000,12.000,0.000,220,220,479,600,600,50,1
8595,65,385,1,1,13,10,5,20,9.333,5.000,-4.333,220,220,529,575,575,50,0
8596,65,385,1,1,12,10,0,18,7.333,0.000,-7.333,220,220,579,575,575,50,0
8597,65,385,1,1,12,10,0,15,7.333,0.000,-7.333,220,220,629,575,575,50,0
8598,65,385,1,1,11,9,0,12,6.667,0.000,-6.667,220,220,679,575,575,50,0
8599,65,385,1,1,11,8,0,10,6.333,0.000,-6.333,220,220,729,575,575,50,0
8600,65,385,1,1,10,8,0,7,6.000,0.000,-6.000,220,220,779,575,575,50,0
8601,65,385,1,1,10,7,0,5,5.667,0.000,-5.667,220,220,829,575,575,50,0
8602,65,385,1,1,9,7,0,2,5.333,0.000,-5.333,220,220,879,575,575,50,0
8603,65,385,1,1,9,7,0,0,5.333,0.000,-5.333,220,220,929,575,575,50,0
8604,65,385,1,1,8,6,0,0,4.667,0.000,-4.667,220,220,979,575,575,50,0
8605,65,385,1,1,11,6,0,0,5.667,0.000,-5.667,220,220,1029,575,575,50,0
8606,65,385,1,1,7,5,0,0,4.000,0.000,-4.000,220,220,1079,575,575,50,0
8607,65,386,2,1,13,0,6,0,6.333,0.000,-6.333,220,220,54,575,575,50,0
8608,65,386,2,1,10,0,5,0,5.000,0.000,-5.000,220,220,104,575,575,50,0
8609,65,386,2,1,10,0,5,0,5.000,0.000,-5.000,220,220,154,575,575,50,0
8610,65,386,2,1,9,0,6,3,5.000,0.000,-5.000,220,220,204,575,575,50,0
8611,65,386,2,1,10,0,6,6,5.333,0.000,-5.333,220,220,254,575,575,50,0
8612,65,386,2,1,10,0,7,9,5.667,0.000,-5.667,220,220,304,575,575,50,0
8613,65,386,2,1,11,0,7,11,6.000,0.000,-6.000,220,220,354,575,575,50,0
8614,65,386,2,1,11,0,8,15,6.333,0.000,-6.333,220,220,404,575,575,50,0
8615,65,386,2,1,12,0,8,17,6.667,0.000,-6.667,220,220,454,575,575,50,0
8616,65,386,2,1,12,5,9,19,8.667,5.000,-3.667,220,220,504,575,575,50,0
8617,65,386,2,1,12,12,9,22,11.000,12.000,1.000,220,220,554,575,575,50,1
8618,65,386,2,1,13,19,9,25,13.667,19.000,5.333,220,220,604,575,575,50,0
8619,65,386,2,1,13,26,9,27,16.000,26.000,10.000,220,220,654,575,575,50,0
8620,65,386,2,1,14,33,10,30,19.000,33.000,14.000,220,220,704,575,575,50,0
8621,65,386,2,1,15,40,11,33,22.000,40.000,18.000,220,220,754,575,575,50,0
8622,65,386,2,1,15,48,11,35,24.667,48.000,23.333,220,220,804,575,575,50,0
8623,65,386,2,1,18,55,12,39,28.333,55.000,26.667,220,220,854,575,575,50,0
8624,65,386,2,1,16,63,12,41,30.333,63.000,32.667,220,220,904,575,575,50,0
8625,65,386,2,1,16,71,12,44,33.000,71.000,38.000,220,220,954,575,575,50,0
8626,65,386,2,1,16,78,13,47,35.667,78.000,42.333,220,220,1004,575,575,50,0
8627,65,386,2,1,17,86,13,49,38.667,86.000,47.333,220,220,1054,575,575,50,0
8628,65,386,2,1,17,93,14,52,41.333,93.000,51.667,220,220,1104,575,575,50,0
8629,65,387,3,1,85,14,10,47,36.333,85.000,48.667,220,220,55,575,575,50,0
8630,65,387,3,1,81,15,12,47,36.000,81.000,45.000,220,220,105,575,575,50,0
8631,65,387,3,1,74,15,12,44,33.667,74.000,40.333,220,220,155,575,575,50,0
8632,65,387,3,1,66,14,12,42,30.667,66.000,35.333,220,220,205,575,575,50,0
8633,65,387,3,1,57,13,11,38,27.000,57.000,30.000,220,220,255,575,575,50,0
8634,65,387,3,1,50,12,11,35,24.333,50.000,25.667,220,220,305,575,575,50,0
8635,65,387,3,1,43,12,10,33,21.667,43.000,21.333,220,220,355,575,575,50,0
8636,65,387,3,1,35,12,10,30,19.000,35.000,16.000,220,220,405,575,575,50,0
8637,65,387,3,1,28,12,10,27,16.667,28.000,11.333,220,220,455,575,575,50,0
8638,65,387,3,1,21,11,9,25,13.667,21.000,7.333,220,220,505,575,575,50,0
8639,65,387,3,1,14,11,9,22,11.333,14.000,2.667,220,220,555,575,575,50,0
8640,65,387,3,1,7,10,9,20,8.667,7.000,-1.667,220,220,605,600,600,50,1
8641,65,387,3,1,0,10,8,17,6.000,0.000,-6.000,220,220,655,600,600,50,0
8642,65,387,3,1,0,10,8,14,6.000,0.000,-6.000,220,220,705,600,600,50,0
8643,65,387,3,1,0,9,8,12,5.667,0.000,-5.667,220,220,755,600,600,50,0
8644,65,387,3,1,0,9,7,9,5.333,0.000,-5.333,220,220,805,600,600,50,0
8645,65,387,3,1,0,8,7,6,5.000,0.000,-5.000,220,220,855,600,600,50,0
8646,65,387,3,1,0,7,7,3,4.667,0.000,-4.667,220,220,905,600,600,50,0
8647,65,387,3,1,0,7,6,1,4.333,0.000,-4.333,220,220,955,600,600,50,0
8648,65,387,3,1,0,7,5,0,4.000,0.000,-4.000,220,220,1005,600,600,50,0
8649,65,387,3,1,0,6,5,0,3.667,0.000,-3.667,220,220,1055,600,600,50,0
8650,65,387,3,1,0,6,4,0,3.333,0.000,-3.333,220,220,1105,600,600,50,0
8651,65,387,3,1,0,5,4,0,3.000,0.000,-3.000,220,220,1155,600,600,50,0
8652,65,387,3,1,0,4,4,0,2.667,0.000,-2.667,220,220,1205,600,600,50,0
8653,65,388,4,1,8,8,0,0,5.333,0.000,-5.333,220,220,80,600,600,50,0
8654,65,388,4,1,8,8,0,1,5.333,0.000,-5.333,220,220,130,600,600,50,0
8655,65,388,4,1,9,8,0,3,5.667,0.000,-5.667,220,220,180,600,600,50,0
8656,65,388,4,1,10,8,0,6,6.000,0.000,-6.000,220,220,230,600,600,50,0
8657,65,388,4,1,10,8,0,9,6.000,0.000,-6.000,220,220,280,600,600,50,0
8658,65,388,4,1,10,9,0,12,6.333,0.000,-6.333,220,220,330,600,600,50,0
8659,65,388,4,1,11,9,0,15,6.667,0.000,-6.667,220,220,380,600,600,50,0
8660,65,388,4,1,11,10,0,18,7.000,0.000,-7.000,220,220,430,600,600,50,0
8661,65,388,4,1,15,10,5,21,10.000,5.000,-5.000,220,220,480,600,600,50,0
8662,65,388,4,1,12,10,12,23,11.333,12.000,0.667,220,220,530,575,575,50,1
8663,65,388,4,1,12,11,19,25,14.000,19.000,5.000,220,220,580,575,575,50,0
8664,65,388,4,1,13,11,26,28,16.667,26.000,9.333,220,220,630,575,575,50,0
8665,65,388,4,1,13,12,33,30,19.333,33.000,13.667,220,220,680,575,575,50,0
8666,65,388,4,1,14,12,40,33,22.000,40.000,18.000,220,220,730,575,575,50,0
8667,65,388,4,1,15,13,47,36,25.000,47.000,22.000,220,220,780,575,575,50,0
8668,65,388,4,1,15,13,55,39,27.667,55.000,27.333,220,220,830,575,575,50,0
8669,65,388,4,1,15,13,62,41,30.000,62.000,32.000,220,220,880,575,575,50,0
8670,65,388,4,1,16,13,69,44,32.667,69.000,36.333,220,220,930,575,575,50,0
8671,65,388,4,1,16,13,76,47,35.000,76.000,41.000,220,220,980,575,575,50,0
8672,65,388,4,1,16,14,83,50,37.667,83.000,45.333,220,220,1030,575,575,50,0
8673,65,388,4,1,17,14,90,52,40.333,90.000,49.667,220,220,1080,575,575,50,0
8674,65,389,5,1,12,80,13,46,35.000,80.000,45.000,220,220,54,575,575,50,0
8675,65,389,5,1,16,75,14,46,35.000,75.000,40.000,220,220,104,575,575,50,0
8676,65,389,5,1,16,68,13,43,32.333,68.000,35.667,220,220,154,575,575,50,0
8677,65,389,5,1,15,60,12,40,29.000,60.000,31.000,220,220,204,575,575,50,0
8678,65,389,5,1,15,52,11,37,26.000,52.000,26.000,220,220,254,575,575,50,0
8679,65,389,5,1,14,45,11,35,23.333,45.000,21.667,220,220,304,575,575,50,0
8680,65,389,5,1,14,38,11,32,21.000,38.000,17.000,220,220,354,575,575,50,0
8681,65,389,5,1,17,30,11,30,19.333,30.000,10.667,220,220,404,575,575,50,0
8682,65,389,5,1,13,23,10,26,15.333,23.000,7.667,220,220,454,575,575,50,0
8683,65,389,5,1,13,16,10,24,13.000,16.000,3.000,220,220,504,575,575,50,0
8684,65,389,5,1,12,10,9,22,10.333,10.000,-0.333,220,220,554,575,575,50,1
8685,65,389,5,1,12,3,9,19,8.000,3.000,-5.000,220,220,604,600,600,50,0
8686,65,389,5,1,11,0,9,17,6.667,0.000,-6.667,220,220,654,600,600,50,0
8687,65,389,5,1,11,0,8,14,6.333,0.000,-6.333,220,220,704,600,600,50,0
8688,65,389,5,1,11,0,8,11,6.333,0.000,-6.333,220,220,754,600,600,50,0
8689,65,389,5,1,10,0,7,9,5.667,0.000,-5.667,220,220,804,600,600,50,0
8690,65,389,5,1,10,0,7,5,5.667,0.000,-5.667,220,220,854,600,600,50,0
8691,65,389,5,1,9,0,6,2,5.000,0.000,-5.000,220,220,904,600,600,50,0
8692,65,389,5,1,8,0,6,0,4.667,0.000,-4.667,220,220,954,600,600,50,0
8693,65,389,5,1,8,0,5,0,4.333,0.000,-4.333,220,220,1004,600,600,50,0
8694,65,389,5,1,8,0,5,0,4.333,0.000,-4.333,220,220,1054,600,600,50,0
8695,65,389,5,1,7,0,4,0,3.667,0.000,-3.667,220,220,1104,600,600,50,0
8696,65,389,5,1,7,0,4,0,3.667,0.000,-3.667,220,220,1154,600,600,50,0
8697,65,389,5,1,6,0,3,0,3.000,0.000,-3.000,220,220,1204,600,600,50,0
8698,65,390,6,1,0,6,7,0,4.333,0.000,-4.333,220,220,79,600,600,50,0
8699,65,390,6,1,0,6,7,3,4.333,0.000,-4.333,220,220,129,600,600,50,0
8700,65,390,6,1,0,8,7,6,5.000,0.000,-5.000,220,220,179,600,600,50,0
8701,65,390,6,1,0,8,7,8,5.000,0.000,-5.000,220,220,229,600,600,50,0
8702,65,390,6,1,0,9,8,11,5.667,0.000,-5.667,220,220,279,600,600,50,0
8703,65,390,6,1,0,9,8,14,5.667,0.000,-5.667,220,220,329,600,600,50,0
8704,65,390,6,1,0,9,8,16,5.667,0.000,-5.667,220,220,379,600,600,50,0
8705,65,390,6,1,5,10,9,19,8.000,5.000,-3.000,220,220,429,600,600,50,0
8706,65,390,6,1,11,10,9,22,10.000,11.000,1.000,220,220,479,550,550,50,1
8707,65,390,6,1,18,10,10,24,12.667,18.000,5.333,220,220,529,550,550,50,0
8708,65,390,6,1,25,11,10,26,15.333,25.000,9.667,220,220,579,550,550,50,0
8709,65,390,6,1,32,11,10,29,17.667,32.000,14.333,220,220,629,550,550,50,0
8710,65,390,6,1,40,11,11,32,20.667,40.000,19.333,220,220,679,550,550,50,0
8711,65,390,6,1,47,12,11,35,23.333,47.000,23.667,220,220,729,550,550,50,0
8712,65,390,6,1,54,13,11,37,26.000,54.000,28.000,220,220,779,550,550,50,0
8713,65,390,6,1,61,13,12,40,28.667,61.000,32.333,220,220,829,550,550,50,0
8714,65,390,6,1,69,14,12,42,31.667,69.000,37.333,220,220,879,550,550,50,0
8715,65,390,6,1,75,14,13,45,34.000,75.000,41.000,220,220,929,550,550,50,0
8716,65,390,6,1,82,14,13,47,36.333,82.000,45.667,220,220,979,550,550,50,0
8717,65,390,6,1,89,15,13,50,39.000,89.000,50.000,220,220,1029,550,550,50,0
8718,66,391,1,1,21,14,87,52,40.667,87.000,46.333,220,220,78,550,550,50,0
8719,66,391,1,1,17,14,79,48,36.667,79.000,42.333,220,220,128,550,550,50,0
8720,66,391,1,1,16,14,72,45,34.000,72.000,38.000,220,220,178,550,550,50,0
8721,66,391,1,1,16,13,64,43,31.000,64.000,33.000,220,220,228,550,550,50,0
8722,66,391,1,1,16,13,57,40,28.667,57.000,28.333,220,220,278,550,550,50,0
8723,66,391,1,1,15,12,50,37,25.667,50.000,24.333,220,220,328,550,550,50,0
8724,66,391,1,1,15,12,42,34,23.000,42.000,19.000,220,220,378,550,550,50,0
8725,66,391,1,1,15,12,35,31,20.667,35.000,14.333,220,220,428,550,550,50,0
8726,66,391,1,1,14,11,28,29,17.667,28.000,10.333,220,220,478,550,550,50,0
8727,66,391,1,1,14,11,21,26,15.333,21.000,5.667,220,220,528,550,550,50,0
8728,66,391,1,1,13,10,14,24,12.333,14.000,1.667,220,220,578,550,550,50,0
8729,66,391,1,1,13,10,7,21,10.000,7.000,-3.000,220,220,628,600,600,50,1
8730,66,391,1,1,12,9,0,19,7.000,0.000,-7.000,220,220,678,600,600,50,0
8731,66,391,1,1,12,9,0,16,7.000,0.000,-7.000,220,220,728,600,600,50,0
8732,66,391,1,1,11,9,0,13,6.667,0.000,-6.667,220,220,778,600,600,50,0
8733,66,391,1,1,11,8,0,10,6.333,0.000,-6.333,220,220,828,600,600,50,0
8734,66,391,1,1,10,8,0,7,6.000,0.000,-6.000,220,220,878,600,600,50,0
8735,66,391,1,1,10,8,0,5,6.000,0.000,-6.000,220,220,928,600,600,50,0
8736,66,391,1,1,10,7,0,2,5.667,0.000,-5.667,220,220,978,600,600,50,0
8737,66,391,1,1,9,7,0,0,5.333,0.000,-5.333,220,220,1028,600,600,50,0
8738,66,391,1,1,9,6,0,0,5.000,0.000,-5.000,220,220,1078,600,600,50,0
8739,66,391,1,1,11,6,0,0,5.667,0.000,-5.667,220,220,1128,600,600,50,0
8740,66,391,1,1,7,5,0,0,4.000,0.000,-4.000,220,220,1178,600,600,50,0
8741,66,391,1,1,7,5,0,0,4.000,0.000,-4.000,220,220,1228,600,600,50,0
8742,66,392,2,1,10,0,5,0,5.000,0.000,-5.000,220,220,79,600,600,50,0
8743,66,392,2,1,9,0,6,0,5.000,0.000,-5.000,220,220,129,600,600,50,0
8744,66,392,2,1,10,0,6,3,5.333,0.000,-5.333,220,220,179,600,600,50,0
8745,66,392,2,1,10,0,6,5,5.333,0.000,-5.333,220,220,229,600,600,50,0
8746,66,392,2,1,11,0,7,8,6.000,0.000,-6.000,220,220,279,600,600,50,0
8747,66,392,2,1,11,0,7,11,6.000,0.000,-6.000,220,220,329,600,600,50,0
8748,66,392,2,1,11,0,8,14,6.333,0.000,-6.333,220,220,379,600,600,50,0
8749,66,392,2,1,12,0,8,17,6.667,0.000,-6.667,220,220,429,600,600,50,0
8750,66,392,2,1,12,3,8,19,7.667,3.000,-4.667,220,220,479,600,600,50,0
8751,66,392,2,1,13,10,9,22,10.667,10.000,-0.667,220,220,529,600,600,50,0
8752,66,392,2,1,13,17,9,24,13.000,17.000,4.000,220,220,579,600,600,50,1
8753,66,392,2,1,14,23,10,26,15.667,23.000,7.333,220,220,629,600,600,50,0
8754,66,392,2,1,14,31,10,29,18.333,31.000,12.667,220,220,679,600,600,50,0
8755,66,392,2,1,14,37,10,32,20.333,37.000,16.667,220,220,729,600,600,50,0
8756,66,392,2,1,15,44,11,35,23.333,44.000,20.667,220,220,779,600,600,50,0
8757,66,392,2,1,18,52,11,37,27.000,52.000,25.000,220,220,829,600,600,50,0
8758,66,392,2,1,16,60,12,39,29.333,60.000,30.667,220,220,879,600,600,50,0
8759,66,392,2,1,15,67,12,43,31.333,67.000,35.667,220,220,929,600,600,50,0
8760,66,392,2,1,16,75,12,46,34.333,75.000,40.667,220,220,979,600,600,50,0
8761,66,392,2,1,16,82,13,48,37.000,82.000,45.000,220,220,1029,600,600,50,0
8762,66,392,2,1,17,89,13,50,39.667,89.000,49.333,220,220,1079,600,600,50,0
8763,66,392,2,1,17,97,14,54,42.667,97.000,54.333,220,220,1129,600,600,50,0
8764,66,392,2,1,17,105,14,56,45.333,105.000,59.667,220,220,1179,600,600,50,0
8765,66,393,3,1,73,15,12,44,33.333,73.000,39.667,220,220,80,600,600,50,0
8766,66,393,3,1,65,14,12,41,30.333,65.000,34.667,220,220,130,600,600,50,0
8767,66,393,3,1,57,13,11,38,27.000,57.000,30.000,220,220,180,600,600,50,0
8768,66,393,3,1,49,13,11,35,24.333,49.000,24.667,220,220,230,600,600,50,0
8769,66,393,3,1,42,12,11,32,21.667,42.000,20.333,220,220,280,600,600,50,0
8770,66,393,3,1,34,11,10,29,18.333,34.000,15.667,220,220,330,600,600,50,0
8771,66,393,3,1,27,11,10,27,16.000,27.000,11.000,220,220,380,600,600,50,0
8772,66,393,3,1,20,11,9,24,13.333,20.000,6.667,220,220,430,600,600,50,0
8773,66,393,3,1,12,10,9,22,10.333,12.000,1.667,220,220,480,600,600,50,0
8774,66,393,3,1,5,10,9,19,8.000,5.000,-3.000,220,220,530,575,575,50,1
8775,66,393,3,1,0,10,8,16,6.000,0.000,-6.000,220,220,580,575,575,50,0
8776,66,393,3,1,0,9,8,14,5.667,0.000,-5.667,220,220,630,575,575,50,0
8777,66,393,3,1,0,9,7,11,5.333,0.000,-5.333,220,220,680,575,575,50,0
8778,66,393,3,1,0,8,7,8,5.000,0.000,-5.000,220,220,730,575,575,50,0
8779,66,393,3,1,0,8,6,5,4.667,0.000,-4.667,220,220,780,575,575,50,0
8780,66,393,3,1,0,8,6,2,4.667,0.000,-4.667,220,220,830,575,575,50,0
8781,66,393,3,1,0,7,6,0,4.333,0.000,-4.333,220,220,880,575,575,50,0
8782,66,393,3,1,0,7,5,0,4.000,0.000,-4.000,220,220,930,575,575,50,0
8783,66,393,3,1,0,6,5,0,3.667,0.000,-3.667,220,220,980,575,575,50,0
8784,66,393,3,1,0,6,4,0,3.333,0.000,-3.333,220,220,1030,575,575,50,0
8785,66,393,3,1,0,5,4,0,3.000,0.000,-3.000,220,220,1080,575,575,50,0
8786,66,394,4,1,10,10,0,0,6.667,0.000,-6.667,220,220,55,575,575,50,0
8787,66,394,4,1,8,8,0,0,5.333,0.000,-5.333,220,220,105,575,575,50,0
8788,66,394,4,1,9,8,0,2,5.667,0.000,-5.667,220,220,155,575,575,50,0
8789,66,394,4,1,9,8,0,4,5.667,0.000,-5.667,220,220,205,575,575,50,0
8790,66,394,4,1,9,8,0,7,5.667,0.000,-5.667,220,220,255,575,575,50,0
8791,66,394,4,1,10,9,0,10,6.333,0.000,-6.333,220,220,305,575,575,50,0
8792,66,394,4,1,10,9,0,13,6.333,0.000,-6.333,220,220,355,575,575,50,0
8793,66,394,4,1,11,10,0,15,7.000,0.000,-7.000,220,220,405,575,575,50,0
8794,66,394,4,1,11,10,0,18,7.000,0.000,-7.000,220,220,455,575,575,50,0
8795,66,394,4,1,15,10,5,21,10.000,5.000,-5.000,220,220,505,575,575,50,0
8796,66,394,4,1,12,10,12,23,11.333,12.000,0.667,220,220,555,575,575,50,1
8797,66,394,4,1,13,11,19,25,14.333,19.000,4.667,220,220,605,575,575,50,0
8798,66,394,4,1,13,11,26,28,16.667,26.000,9.333,220,220,655,575,575,50,0
8799,66,394,4,1,13,12,32,30,19.000,32.000,13.000,220,220,705,575,575,50,0
8800,66,394,4,1,14,12,39,33,21.667,39.000,17.333,220,220,755,575,575,50,0
8801,66,394,4,1,14,12,46,36,24.000,46.000,22.000,220,220,805,575,575,50,0
8802,66,394,4,1,15,13,54,38,27.333,54.000,26.667,220,220,855,575,575,50,0
8803,66,394,4,1,15,14,61,41,30.000,61.000,31.000,220,220,905,575,575,50,0
8804,66,394,4,1,15,14,68,44,32.333,68.000,35.667,220,220,955,575,575,50,0
8805,66,394,4,1,16,14,76,46,35.333,76.000,40.667,220,220,1005,575,575,50,0
8806,66,394,4,1,17,15,83,49,38.333,83.000,44.667,220,220,1055,575,575,50,0
8807,66,394,4,1,17,15,90,52,40.667,90.000,49.333,220,220,1105,575,575,50,0
8808,66,395,5,1,12,85,13,47,36.667,85.000,48.333,220,220,54,575,575,50,0
8809,66,395,5,1,16,80,14,47,36.667,80.000,43.333,220,220,104,575,575,50,0
8810,66,395,5,1,16,71,13,45,33.333,71.000,37.667,220,220,154,575,575,50,0
8811,66,395,5,1,16,63,12,42,30.333,63.000,32.667,220,220,204,575,575,50,0
8812,66,395,5,1,15,55,12,38,27.333,55.000,27.667,220,220,254,575,575,50,0
8813,66,395,5,1,14,47,12,36,24.333,47.000,22.667,220,220,304,575,575,50,0
8814,66,395,5,1,17,40,11,33,22.667,40.000,17.333,220,220,354,575,575,50,0
8815,66,395,5,1,13,32,11,30,18.667,32.000,13.333,220,220,404,575,575,50,0
8816,66,395,5,1,13,25,10,27,16.000,25.000,9.000,220,220,454,575,575,50,0
8817,66,395,5,1,13,18,10,25,13.667,18.000,4.333,220,220,504,575,575,50,0
8818,66,395,5,1,12,11,9,22,10.667,11.000,0.333,220,220,554,575,575,50,0
8819,66,395,5,1,12,4,9,20,8.333,4.000,-4.333,220,220,604,600,600,50,1
8820,66,395,5,1,11,0,9,16,6.667,0.000,-6.667,220,220,654,600,600,50,0
8821,66,395,5,1,11,0,8,14,6.333,0.000,-6.333,220,220,704,600,600,50,0
8822,66,395,5,1,10,0,8,12,6.000,0.000,-6.000,220,220,754,600,600,50,0
8823,66,395,5,1,10,0,7,9,5.667,0.000,-5.667,220,220,804,600,600,50,0
8824,66,395,5,1,10,0,7,6,5.667,0.000,-5.667,220,220,854,600,600,50,0
8825,66,395,5,1,10,0,6,3,5.333,0.000,-5.333,220,220,904,600,600,50,0
8826,66,395,5,1,9,0,6,1,5.000,0.000,-5.000,220,220,954,600,600,50,0
8827,66,395,5,1,9,0,5,0,4.667,0.000,-4.667,220,220,1004,600,600,50,0
8828,66,395,5,1,8,0,5,0,4.333,0.000,-4.333,220,220,1054,600,600,50,0
8829,66,395,5,1,8,0,4,0,4.000,0.000,-4.000,220,220,1104,600,600,50,0
8830,66,395,5,1,7,0,4,0,3.667,0.000,-3.667,220,220,1154,600,600,50,0
8831,66,395,5,1,7,0,3,0,3.333,0.000,-3.333,220,220,1204,600,600,50,0
8832,66,396,6,1,0,6,7,0,4.333,0.000,-4.333,220,220,79,600,600,50,0
8833,66,396,6,1,0,7,7,3,4.667,0.000,-4.667,220,220,129,600,600,50,0
8834,66,396,6,1,0,8,7,5,5.000,0.000,-5.000,220,220,179,600,600,50,0
8835,66,396,6,1,0,8,7,7,5.000,0.000,-5.000,220,220,229,600,600,50,0
8836,66,396,6,1,0,9,8,10,5.667,0.000,-5.667,220,220,279,600,600,50,0
8837,66,396,6,1,0,9,8,13,5.667,0.000,-5.667,220,220,329,600,600,50,0
8838,66,396,6,1,0,9,8,16,5.667,0.000,-5.667,220,220,379,600,600,50,0
8839,66,396,6,1,3,10,9,19,7.333,3.000,-4.333,220,220,429,600,600,50,0
8840,66,396,6,1,10,10,9,21,9.667,10.000,0.333,220,220,479,550,550,50,1
8841,66,396,6,1,17,10,9,24,12.000,17.000,5.000,220,220,529,550,550,50,0
8842,66,396,6,1,24,10,10,26,14.667,24.000,9.333,220,220,579,550,550,50,0
8843,66,396,6,1,32,11,10,29,17.667,32.000,14.333,220,220,629,550,550,50,0
8844,66,396,6,1,39,12,11,32,20.667,39.000,18.333,220,220,679,550,550,50,0
8845,66,396,6,1,46,12,11,34,23.000,46.000,23.000,220,220,729,550,550,50,0
8846,66,396,6,1,53,13,11,37,25.667,53.000,27.333,220,220,779,550,550,50,0
8847,66,396,6,1,61,13,11,40,28.333,61.000,32.667,220,220,829,550,550,50,0
8848,66,396,6,1,68,13,12,43,31.000,68.000,37.000,220,220,879,550,550,50,0
8849,66,396,6,1,75,14,13,45,34.000,75.000,41.000,220,220,929,550,550,50,0
8850,66,396,6,1,84,14,13,48,37.000,84.000,47.000,220,220,979,550,550,50,0
8851,66,396,6,1,91,15,13,51,39.667,91.000,51.333,220,220,1029,550,550,50,0
8852,67,397,1,1,21,15,84,51,40.000,84.000,44.000,220,220,78,550,550,50,0
8853,67,397,1,1,16,14,76,47,35.333,76.000,40.667,220,220,128,550,550,50,0
8854,67,397,1,1,17,14,69,44,33.333,69.000,35.667,220,220,178,550,550,50,0
8855,67,397,1,1,16,13,61,42,30.000,61.000,31.000,220,220,228,550,550,50,0
8856,67,397,1,1,15,13,54,39,27.333,54.000,26.667,220,220,278,550,550,50,0
8857,67,397,1,1,15,13,46,36,24.667,46.000,21.333,220,220,328,550,550,50,0
8858,67,397,1,1,14,12,39,33,21.667,39.000,17.333,220,220,378,550,550,50,0
8859,67,397,1,1,14,12,32,30,19.333,32.000,12.667,220,220,428,550,550,50,0
8860,67,397,1,1,14,11,24,28,16.333,24.000,7.667,220,220,478,550,550,50,0
8861,67,397,1,1,13,10,18,25,13.667,18.000,4.333,220,220,528,550,550,50,0
8862,67,397,1,1,13,10,12,23,11.667,12.000,0.333,220,220,578,550,550,50,0
8863,67,397,1,1,13,10,5,20,9.333,5.000,-4.333,220,220,628,600,600,50,1
8864,67,397,1,1,12,10,0,18,7.333,0.000,-7.333,220,220,678,600,600,50,0
8865,67,397,1,1,12,9,0,15,7.000,0.000,-7.000,220,220,728,600,600,50,0
8866,67,397,1,1,11,8,0,12,6.333,0.000,-6.333,220,220,778,600,600,50,0
8867,67,397,1,1,11,9,0,10,6.667,0.000,-6.667,220,220,828,600,600,50,0
8868,67,397,1,1,10,8,0,7,6.000,0.000,-6.000,220,220,878,600,600,50,0
8869,67,397,1,1,10,7,0,4,5.667,0.000,-5.667,220,220,928,600,600,50,0
8870,67,397,1,1,9,7,0,1,5.333,0.000,-5.333,220,220,978,600,600,50,0
8871,67,397,1,1,9,7,0,0,5.333,0.000,-5.333,220,220,1028,600,600,50,0
8872,67,397,1,1,11,6,0,0,5.667,0.000,-5.667,220,220,1078,600,600,50,0
8873,67,397,1,1,8,6,0,0,4.667,0.000,-4.667,220,220,1128,600,600,50,0
8874,67,397,1,1,8,5,0,0,4.333,0.000,-4.333,220,220,1178,600,600,50,0
8875,67,397,1,1,7,5,0,0,4.000,0.000,-4.000,220,220,1228,600,600,50,0
8876,67,398,2,1,9,0,4,0,4.333,0.000,-4.333,220,220,79,600,600,50,0
8877,67,398,2,1,9,0,5,0,4.667,0.000,-4.667,220,220,129,600,600,50,0
8878,67,398,2,1,10,0,6,2,5.333,0.000,-5.333,220,220,179,600,600,50,0
8879,67,398,2,1,10,0,6,4,5.333,0.000,-5.333,220,220,229,600,600,50,0
8880,67,398,2,1,10,0,7,7,5.667,0.000,-5.667,220,220,279,600,600,50,0
8881,67,398,2,1,11,0,7,10,6.000,0.000,-6.000,220,220,329,600,600,50,0
8882,67,398,2,1,11,0,8,13,6.333,0.000,-6.333,220,220,379,600,600,50,0
8883,67,398,2,1,11,0,8,16,6.333,0.000,-6.333,220,220,429,600,600,50,0
8884,67,398,2,1,12,2,8,18,7.333,2.000,-5.333,220,220,479,600,600,50,0
8885,67,398,2,1,13,9,9,21,10.333,9.000,-1.333,220,220,529,600,600,50,0
8886,67,398,2,1,13,16,9,23,12.667,16.000,3.333,220,220,579,600,600,50,1
8887,67,398,2,1,13,23,9,26,15.000,23.000,8.000,220,220,629,600,600,50,0
8888,67,398,2,1,14,30,9,29,17.667,30.000,12.333,220,220,679,600,600,50,0
8889,67,398,2,1,14,37,10,32,20.333,37.000,16.667,220,220,729,600,600,50,0
8890,67,398,2,1,15,44,10,34,23.000,44.000,21.000,220,220,779,600,600,50,0
8891,67,398,2,1,18,52,11,37,27.000,52.000,25.000,220,220,829,600,600,50,0
8892,67,398,2,1,16,60,12,40,29.333,60.000,30.667,220,220,879,600,600,50,0
8893,67,398,2,1,16,68,12,43,32.000,68.000,36.000,220,220,929,600,600,50,0
8894,67,398,2,1,16,75,13,46,34.667,75.000,40.333,220,220,979,600,600,50,0
8895,67,398,2,1,17,83,13,48,37.667,83.000,45.333,220,220,1029,600,600,50,0
8896,67,398,2,1,17,90,14,51,40.333,90.000,49.667,220,220,1079,600,600,50,0
8897,67,398,2,1,17,98,14,54,43.000,98.000,55.000,220,220,1129,600,600,50,0
8898,67,398,2,1,18,106,14,57,46.000,106.000,60.000,220,220,1179,600,600,50,0
8899,67,399,3,1,75,15,12,45,34.000,75.000,41.000,220,220,80,600,600,50,0
8900,67,399,3,1,67,14,12,42,31.000,67.000,36.000,220,220,130,600,600,50,0
8901,67,399,3,1,58,13,11,39,27.333,58.000,30.667,220,220,180,600,600,50,0
8902,67,399,3,1,50,13,11,35,24.667,50.000,25.333,220,220,230,600,600,50,0
8903,67,399,3,1,43,12,10,33,21.667,43.000,21.333,220,220,280,600,600,50,0
8904,67,399,3,1,36,12,10,30,19.333,36.000,16.667,220,220,330,600,600,50,0
8905,67,399,3,1,28,11,9,27,16.000,28.000,12.000,220,220,380,600,600,50,0
8906,67,399,3,1,21,11,9,25,13.667,21.000,7.333,220,220,430,600,600,50,0
8907,67,399,3,1,14,11,9,23,11.333,14.000,2.667,220,220,480,600,600,50,0
8908,67,399,3,1,8,10,9,20,9.000,8.000,-1.000,220,220,530,575,575,50,1
8909,67,399,3,1,1,10,8,17,6.333,1.000,-5.333,220,220,580,575,575,50,0
8910,67,399,3,1,0,9,8,15,5.667,0.000,-5.667,220,220,630,575,575,50,0
8911,67,399,3,1,0,9,8,12,5.667,0.000,-5.667,220,220,680,575,575,50,0
8912,67,399,3,1,0,9,7,9,5.333,0.000,-5.333,220,220,730,575,575,50,0
8913,67,399,3,1,0,8,6,6,4.667,0.000,-4.667,220,220,780,575,575,50,0
8914,67,399,3,1,0,8,6,3,4.667,0.000,-4.667,220,220,830,575,575,50,0
8915,67,399,3,1,0,7,6,1,4.333,0.000,-4.333,220,220,880,575,575,50,0
8916,67,399,3,1,0,6,5,0,3.667,0.000,-3.667,220,220,930,575,575,50,0
8917,67,399,3,1,0,6,5,0,3.667,0.000,-3.667,220,220,980,575,575,50,0
8918,67,399,3,1,0,6,5,0,3.667,0.000,-3.667,220,220,1030,575,575,50,0
8919,67,399,3,1,0,5,4,0,3.000,0.000,-3.000,220,220,1080,575,575,50,0
8920,67,400,4,1,11,10,0,0,7.000,0.000,-7.000,220,220,54,575,575,50,0
8921,67,400,4,1,8,8,0,0,5.333,0.000,-5.333,220,220,104,575,575,50,0
8922,67,400,4,1,9,7,0,2,5.333,0.000,-5.333,220,220,154,575,575,50,0
8923,67,400,4,1,9,8,0,4,5.667,0.000,-5.667,220,220,204,575,575,50,0
8924,67,400,4,1,9,8,0,7,5.667,0.000,-5.667,220,220,254,575,575,50,0
8925,67,400,4,1,10,9,0,10,6.333,0.000,-6.333,220,220,304,575,575,50,0
8926,67,400,4,1,11,9,0,13,6.667,0.000,-6.667,220,220,354,575,575,50,0
8927,67,400,4,1,11,9,0,16,6.667,0.000,-6.667,220,220,404,575,575,50,0
8928,67,400,4,1,11,10,0,18,7.000,0.000,-7.000,220,220,454,575,575,50,0
8929,67,400,4,1,15,10,7,21,10.667,7.000,-3.667,220,220,504,575,575,50,0
8930,67,400,4,1,12,11,13,23,12.000,13.000,1.000,220,220,554,575,575,50,1
8931,67,400,4,1,12,11,21,26,14.667,21.000,6.333,220,220,604,575,575,50,0
8932,67,400,4,1,13,11,28,29,17.333,28.000,10.667,220,220,654,575,575,50,0
8933,67,400,4,1,13,12,35,32,20.000,35.000,15.000,220,220,704,575,575,50,0
8934,67,400,4,1,14,12,41,34,22.333,41.000,18.667,220,220,754,575,575,50,0
8935,67,400,4,1,15,13,49,37,25.667,49.000,23.333,220,220,804,575,575,50,0
8936,67,400,4,1,15,13,57,40,28.333,57.000,28.667,220,220,854,575,575,50,0
8937,67,400,4,1,16,14,64,42,31.333,64.000,32.667,220,220,904,575,575,50,0
8938,67,400,4,1,15,14,71,44,33.333,71.000,37.667,220,220,954,575,575,50,0
8939,67,400,4,1,16,14,79,48,36.333,79.000,42.667,220,220,1004,575,575,50,0
8940,67,400,4,1,16,15,86,50,39.000,86.000,47.000,220,220,1054,575,575,50,0
8941,67,400,4,1,17,15,94,53,42.000,94.000,52.000,220,220,1104,575,575,50,0
8942,67,401,5,1,12,81,13,46,35.333,81.000,45.667,220,220,54,575,575,50,0
8943,67,401,5,1,16,76,14,46,35.333,76.000,40.667,220,220,104,575,575,50,0
8944,67,401,5,1,15,68,13,44,32.000,68.000,36.000,220,220,154,575,575,50,0
8945,67,401,5,1,15,61,12,41,29.333,61.000,31.667,220,220,204,575,575,50,0
8946,67,401,5,1,15,52,12,38,26.333,52.000,25.667,220,220,254,575,575,50,0
8947,67,401,5,1,14,45,11,35,23.333,45.000,21.667,220,220,304,575,575,50,0
8948,67,401,5,1,17,38,11,33,22.000,38.000,16.000,220,220,354,575,575,50,0
8949,67,401,5,1,14,31,11,30,18.667,31.000,12.333,220,220,404,575,575,50,0
8950,67,401,5,1,13,24,11,26,16.000,24.000,8.000,220,220,454,575,575,50,0
8951,67,401,5,1,13,17,9,25,13.000,17.000,4.000,220,220,504,575,575,50,0
8952,67,401,5,1,13,11,9,22,11.000,11.000,0.000,220,220,554,575,575,50,1
8953,67,401,5,1,12,4,9,20,8.333,4.000,-4.333,220,220,604,600,600,50,0
8954,67,401,5,1,12,0,8,17,6.667,0.000,-6.667,220,220,654,600,600,50,0
8955,67,401,5,1,11,0,8,14,6.333,0.000,-6.333,220,220,704,600,600,50,0
8956,67,401,5,1,10,0,8,12,6.000,0.000,-6.000,220,220,754,600,600,50,0
8957,67,401,5,1,10,0,7,9,5.667,0.000,-5.667,220,220,804,600,600,50,0
8958,67,401,5,1,10,0,7,6,5.667,0.000,-5.667,220,220,854,600,600,50,0
8959,67,401,5,1,9,0,6,3,5.000,0.000,-5.000,220,220,904,600,600,50,0
8960,67,401,5,1,9,0,6,0,5.000,0.000,-5.000,220,220,954,600,600,50,0
8961,67,401,5,1,9,0,6,0,5.000,0.000,-5.000,220,220,1004,600,600,50,0
8962,67,401,5,1,8,0,5,0,4.333,0.000,-4.333,220,220,1054,600,600,50,0
8963,67,401,5,1,7,0,4,0,3.667,0.000,-3.667,220,220,1104,600,600,50,0
8964,67,401,5,1,7,0,4,0,3.667,0.000,-3.667,220,220,1154,600,600,50,0
8965,67,401,5,1,7,0,3,0,3.333,0.000,-3.333,220,220,1204,600,600,50,0
8966,67,402,6,1,0,5,7,0,4.000,0.000,-4.000,220,220,79,600,600,50,0
8967,67,402,6,1,0,6,7,1,4.333,0.000,-4.333,220,220,129,600,600,50,0
8968,67,402,6,1,0,8,7,4,5.000,0.000,-5.000,220,220,179,600,600,50,0
8969,67,402,6,1,0,8,7,7,5.000,0.000,-5.000,220,220,229,600,600,50,0
8970,67,402,6,1,0,8,7,10,5.000,0.000,-5.000,220,220,279,600,600,50,0
8971,67,402,6,1,0,9,8,13,5.667,0.000,-5.667,220,220,329,600,600,50,0
8972,67,402,6,1,0,9,8,15,5.667,0.000,-5.667,220,220,379,600,600,50,0
8973,67,402,6,1,2,10,9,18,7.000,2.000,-5.000,220,220,429,600,600,50,0
8974,67,402,6,1,10,10,9,21,9.667,10.000,0.333,220,220,479,550,550,50,1
8975,67,402,6,1,16,11,9,23,12.000,16.000,4.000,220,220,529,550,550,50,0
8976,67,402,6,1,24,11,10,26,15.000,24.000,9.000,220,220,579,550,550,50,0
8977,67,402,6,1,31,11,10,29,17.333,31.000,13.667,220,220,629,550,550,50,0
8978,67,402,6,1,38,12,11,31,20.333,38.000,17.667,220,220,679,550,550,50,0
8979,67,402,6,1,45,12,11,34,22.667,45.000,22.333,220,220,729,550,550,50,0
8980,67,402,6,1,53,13,11,37,25.667,53.000,27.333,220,220,779,550,550,50,0
8981,67,402,6,1,60,13,12,40,28.333,60.000,31.667,220,220,829,550,550,50,0
8982,67,402,6,1,67,13,12,43,30.667,67.000,36.333,220,220,879,550,550,50,0
8983,67,402,6,1,74,14,13,44,33.667,74.000,40.333,220,220,929,550,550,50,0
8984,67,402,6,1,81,14,12,48,35.667,81.000,45.333,220,220,979,550,550,50,0
8985,67,402,6,1,88,14,13,50,38.333,88.000,49.667,220,220,1029,550,550,50,0
8986,68,403,1,1,21,15,84,51,40.000,84.000,44.000,220,220,78,550,550,50,0
8987,68,403,1,1,17,14,77,47,36.000,77.000,41.000,220,220,128,550,550,50,0
8988,68,403,1,1,16,13,70,44,33.000,70.000,37.000,220,220,178,550,550,50,0
8989,68,403,1,1,15,14,62,42,30.333,62.000,31.667,220,220,228,550,550,50,0
8990,68,403,1,1,15,13,55,39,27.667,55.000,27.333,220,220,278,550,550,50,0
8991,68,403,1,1,15,13,48,36,25.333,48.000,22.667,220,220,328,550,550,50,0
8992,68,403,1,1,14,12,40,34,22.000,40.000,18.000,220,220,378,550,550,50,0
8993,68,403,1,1,14,12,33,31,19.667,33.000,13.333,220,220,428,550,550,50,0
8994,68,403,1,1,13,11,27,28,17.000,27.000,10.000,220,220,478,550,550,50,0
8995,68,403,1,1,13,11,19,26,14.333,19.000,4.667,220,220,528,550,550,50,0
8996,68,403,1,1,13,10,12,23,11.667,12.000,0.333,220,220,578,550,550,50,0
8997,68,403,1,1,13,10,6,21,9.667,6.000,-3.667,220,220,628,600,600,50,1
8998,68,403,1,1,12,10,0,18,7.333,0.000,-7.333,220,220,678,600,600,50,0
8999,68,403,1,1,12,9,0,16,7.000,0.000,-7.000,220,220,728,600,600,50,0
9000,68,403,1,1,11,9,0,13,6.667,0.000,-6.667,220,220,778,600,600,50,0
9001,68,403,1,1,11,8,0,10,6.333,0.000,-6.333,220,220,828,600,600,50,0
9002,68,403,1,1,10,8,0,7,6.000,0.000,-6.000,220,220,878,600,600,50,0
9003,68,403,1,1,10,8,0,4,6.000,0.000,-6.000,220,220,928,600,600,50,0
9004,68,403,1,1,9,7,0,1,5.333,0.000,-5.333,220,220,978,600,600,50,0
9005,68,403,1,1,9,7,0,0,5.333,0.000,-5.333,220,220,1028,600,600,50,0
9006,68,403,1,1,6,6,0,0,4.000,0.000,-4.000,220,220,1078,600,600,50,0
9007,68,403,1,1,11,6,0,0,5.667,0.000,-5.667,220,220,1128,600,600,50,0
9008,68,403,1,1,7,6,0,0,4.333,0.000,-4.333,220,220,1178,600,600,50,0
9009,68,403,1,1,7,5,0,0,4.000,0.000,-4.000,220,220,1228,600,600,50,0
9010,68,404,2,1,10,0,5,0,5.000,0.000,-5.000,220,220,79,600,600,50,0
9011,68,404,2,1,10,0,5,0,5.000,0.000,-5.000,220,220,129,600,600,50,0
9012,68,404,2,1,10,0,6,3,5.333,0.000,-5.333,220,220,179,600,600,50,0
9013,68,404,2,1,10,0,6,6,5.333,0.000,-5.333,220,220,229,600,600,50,0
9014,68,404,2,1,11,0,7,9,6.000,0.000,-6.000,220,220,279,600,600,50,0
9015,68,404,2,1,11,0,7,12,6.000,0.000,-6.000,220,220,329,600,600,50,0
9016,68,404,2,1,11,0,8,14,6.333,0.000,-6.333,220,220,379,600,600,50,0
9017,68,404,2,1,12,0,8,17,6.667,0.000,-6.667,220,220,429,600,600,50,0
9018,68,404,2,1,12,4,8,19,8.000,4.000,-4.000,220,220,479,600,600,50,0
9019,68,404,2,1,13,11,9,22,11.000,11.000,0.000,220,220,529,600,600,50,1
9020,68,404,2,1,13,17,9,25,13.000,17.000,4.000,220,220,579,600,600,50,0
9021,68,404,2,1,14,25,10,27,16.333,25.000,8.667,220,220,629,600,600,50,0
9022,68,404,2,1,14,32,10,30,18.667,32.000,13.333,220,220,679,600,600,50,0
9023,68,404,2,1,14,39,10,32,21.000,39.000,18.000,220,220,729,600,600,50,0
9024,68,404,2,1,14,46,11,35,23.667,46.000,22.333,220,220,779,600,600,50,0
9025,68,404,2,1,19,53,11,38,27.667,53.000,25.333,220,220,829,600,600,50,0
9026,68,404,2,1,16,61,12,41,29.667,61.000,31.333,220,220,879,600,600,50,0
9027,68,404,2,1,16,68,12,43,32.000,68.000,36.000,220,220,929,600,600,50,0
9028,68,404,2,1,16,76,13,46,35.000,76.000,41.000,220,220,979,600,600,50,0
9029,68,404,2,1,17,82,13,49,37.333,82.000,44.667,220,220,1029,600,600,50,0
9030,68,404,2,1,17,91,14,51,40.667,91.000,50.333,220,220,1079,600,600,50,0
9031,68,404,2,1,17,98,14,54,43.000,98.000,55.000,220,220,1129,600,600,50,0
9032,68,404,2,1,17,106,15,57,46.000,106.000,60.000,220,220,1179,600,600,50,0
9033,68,405,3,1,77,15,12,46,34.667,77.000,42.333,220,220,80,600,600,50,0
9034,68,405,3,1,69,14,12,42,31.667,69.000,37.333,220,220,130,600,600,50,0
9035,68,405,3,1,60,13,12,40,28.333,60.000,31.667,220,220,180,600,600,50,0
9036,68,405,3,1,53,13,11,37,25.667,53.000,27.333,220,220,230,600,600,50,0
9037,68,405,3,1,45,13,11,34,23.000,45.000,22.000,220,220,280,600,600,50,0
9038,68,405,3,1,38,12,11,31,20.333,38.000,17.667,220,220,330,600,600,50,0
9039,68,405,3,1,30,11,10,28,17.000,30.000,13.000,220,220,380,600,600,50,0
9040,68,405,3,1,23,11,10,25,14.667,23.000,8.333,220,220,430,600,600,50,0
9041,68,405,3,1,16,10,9,23,11.667,16.000,4.333,220,220,480,600,600,50,0
9042,68,405,3,1,9,10,9,21,9.333,9.000,-0.333,220,220,530,600,600,50,1
9043,68,405,3,1,1,10,8,18,6.333,1.000,-5.333,220,220,580,600,600,50,0
9044,68,405,3,1,0,10,8,15,6.000,0.000,-6.000,220,220,630,600,600,50,0
9045,68,405,3,1,0,10,8,12,6.000,0.000,-6.000,220,220,680,600,600,50,0
9046,68,405,3,1,0,9,7,9,5.333,0.000,-5.333,220,220,730,600,600,50,0
9047,68,405,3,1,0,8,7,6,5.000,0.000,-5.000,220,220,780,600,600,50,0
9048,68,405,3,1,0,8,6,3,4.667,0.000,-4.667,220,220,830,600,600,50,0
9049,68,405,3,1,0,7,6,1,4.333,0.000,-4.333,220,220,880,600,600,50,0
9050,68,405,3,1,0,7,5,0,4.000,0.000,-4.000,220,220,930,600,600,50,0
9051,68,405,3,1,0,6,5,0,3.667,0.000,-3.667,220,220,980,600,600,50,0
9052,68,405,3,1,0,6,5,0,3.667,0.000,-3.667,220,220,1030,600,600,50,0
9053,68,405,3,1,0,5,4,0,3.000,0.000,-3.000,220,220,1080,600,600,50,0
9054,68,405,3,1,0,4,4,0,2.667,0.000,-2.667,220,220,1130,600,600,50,0
9055,68,405,3,1,0,4,4,0,2.667,0.000,-2.667,220,220,1180,600,600,50,0
9056,68,406,4,1,8,8,0,1,5.333,0.000,-5.333,220,220,80,600,600,50,0
9057,68,406,4,1,9,8,0,4,5.667,0.000,-5.667,220,220,130,600,600,50,0
9058,68,406,4,1,10,8,0,7,6.000,0.000,-6.000,220,220,180,600,600,50,0
9059,68,406,4,1,10,9,0,10,6.333,0.000,-6.333,220,220,230,600,600,50,0
9060,68,406,4,1,10,9,0,12,6.333,0.000,-6.333,220,220,280,600,600,50,0
9061,68,406,4,1,11,9,0,15,6.667,0.000,-6.667,220,220,330,600,600,50,0
9062,68,406,4,1,11,10,0,17,7.000,0.000,-7.000,220,220,380,600,600,50,0
9063,68,406,4,1,10,10,6,20,8.667,6.000,-2.667,220,220,430,600,600,50,0
9064,68,406,4,1,15,11,12,23,12.667,12.000,-0.667,220,220,480,600,600,50,0
9065,68,406,4,1,13,11,18,25,14.000,18.000,4.000,220,220,530,575,575,50,1
9066,68,406,4,1,13,12,26,28,17.000,26.000,9.000,220,220,580,575,575,50,0
9067,68,406,4,1,14,12,32,30,19.333,32.000,12.667,220,220,630,575,575,50,0
9068,68,406,4,1,14,12,39,33,21.667,39.000,17.333,220,220,680,575,575,50,0
9069,68,406,4,1,14,13,46,36,24.333,46.000,21.667,220,220,730,575,575,50,0
9070,68,406,4,1,15,13,53,38,27.000,53.000,26.000,220,220,780,575,575,50,0
9071,68,406,4,1,15,13,61,41,29.667,61.000,31.333,220,220,830,575,575,50,0
9072,68,406,4,1,15,13,68,44,32.000,68.000,36.000,220,220,880,575,575,50,0
9073,68,406,4,1,16,14,75,46,35.000,75.000,40.000,220,220,930,575,575,50,0
9074,68,406,4,1,16,14,83,49,37.667,83.000,45.333,220,220,980,575,575,50,0
9075,68,406,4,1,17,14,90,51,40.333,90.000,49.667,220,220,1030,575,575,50,0
9076,68,406,4,1,17,15,98,54,43.333,98.000,54.667,220,220,1080,575,575,50,0
9077,68,407,5,1,12,73,12,42,32.333,73.000,40.667,220,220,54,575,575,50,0
9078,68,407,5,1,15,68,14,43,32.333,68.000,35.667,220,220,104,575,575,50,0
9079,68,407,5,1,15,61,13,41,29.667,61.000,31.333,220,220,154,575,575,50,0
9080,68,407,5,1,15,53,12,38,26.667,53.000,26.333,220,220,204,575,575,50,0
9081,68,407,5,1,14,45,11,35,23.333,45.000,21.667,220,220,254,575,575,50,0
9082,68,407,5,1,17,38,11,32,22.000,38.000,16.000,220,220,304,575,575,50,0
9083,68,407,5,1,14,30,10,29,18.000,30.000,12.000,220,220,354,575,575,50,0
9084,68,407,5,1,13,23,10,26,15.333,23.000,7.667,220,220,404,575,575,50,0
9085,68,407,5,1,12,16,9,24,12.333,16.000,3.667,220,220,454,575,575,50,0
9086,68,407,5,1,12,9,9,22,10.000,9.000,-1.000,220,220,504,550,550,50,1
9087,68,407,5,1,11,3,9,19,7.667,3.000,-4.667,220,220,554,550,550,50,0
9088,68,407,5,1,12,0,9,16,7.000,0.000,-7.000,220,220,604,550,550,50,0
9089,68,407,5,1,11,0,8,13,6.333,0.000,-6.333,220,220,654,550,550,50,0
9090,68,407,5,1,11,0,7,11,6.000,0.000,-6.000,220,220,704,550,550,50,0
9091,68,407,5,1,10,0,7,8,5.667,0.000,-5.667,220,220,754,550,550,50,0
9092,68,407,5,1,10,0,7,5,5.667,0.000,-5.667,220,220,804,550,550,50,0
9093,68,407,5,1,9,0,6,2,5.000,0.000,-5.000,220,220,854,550,550,50,0
9094,68,407,5,1,9,0,6,0,5.000,0.000,-5.000,220,220,904,550,550,50,0
9095,68,407,5,1,8,0,5,0,4.333,0.000,-4.333,220,220,954,550,550,50,0
9096,68,407,5,1,8,0,5,0,4.333,0.000,-4.333,220,220,1004,550,550,50,0
9097,68,407,5,1,7,0,4,0,3.667,0.000,-3.667,220,220,1054,550,550,50,0
9098,68,408,6,1,0,5,5,0,3.333,0.000,-3.333,220,220,79,550,550,50,0
9099,68,408,6,1,0,6,6,0,4.000,0.000,-4.000,220,220,129,550,550,50,0
9100,68,408,6,1,0,7,6,0,4.333,0.000,-4.333,220,220,179,550,550,50,0
9101,68,408,6,1,0,7,6,2,4.333,0.000,-4.333,220,220,229,550,550,50,0
9102,68,408,6,1,0,8,7,4,5.000,0.000,-5.000,220,220,279,550,550,50,0
9103,68,408,6,1,0,8,7,7,5.000,0.000,-5.000,220,220,329,550,550,50,0
9104,68,408,6,1,0,8,7,10,5.000,0.000,-5.000,220,220,379,550,550,50,0
9105,68,408,6,1,0,9,8,13,5.667,0.000,-5.667,220,220,429,550,550,50,0
9106,68,408,6,1,0,9,9,16,6.000,0.000,-6.000,220,220,479,550,550,50,0
9107,68,408,6,1,3,9,9,18,7.000,3.000,-4.000,220,220,529,550,550,50,0
9108,68,408,6,1,10,9,9,21,9.333,10.000,0.667,220,220,579,575,575,50,1
9109,68,408,6,1,17,10,9,24,12.000,17.000,5.000,220,220,629,575,575,50,0
9110,68,408,6,1,24,11,10,26,15.000,24.000,9.000,220,220,679,575,575,50,0
9111,68,408,6,1,30,11,11,29,17.333,30.000,12.667,220,220,729,575,575,50,0
9112,68,408,6,1,38,12,11,31,20.333,38.000,17.667,220,220,779,575,575,50,0
9113,68,408,6,1,45,12,11,34,22.667,45.000,22.333,220,220,829,575,575,50,0
9114,68,408,6,1,52,13,11,37,25.333,52.000,26.667,220,220,879,575,575,50,0
9115,68,408,6,1,60,13,12,39,28.333,60.000,31.667,220,220,929,575,575,50,0
9116,68,408,6,1,67,13,12,42,30.667,67.000,36.333,220,220,979,575,575,50,0
9117,68,408,6,1,74,14,13,44,33.667,74.000,40.333,220,220,1029,575,575,50,0
9118,68,408,6,1,81,14,13,47,36.000,81.000,45.000,220,220,1079,575,575,50,0
9119,68,408,6,1,89,15,13,50,39.000,89.000,50.000,220,220,1129,575,575,50,0
9120,69,409,1,1,19,11,88,49,39.333,88.000,48.667,220,220,54,575,575,50,0
9121,69,409,1,1,18,13,82,50,37.667,82.000,44.333,220,220,104,575,575,50,0
9122,69,409,1,1,17,14,73,47,34.667,73.000,38.333,220,220,154,575,575,50,0
9123,69,409,1,1,16,13,64,43,31.000,64.000,33.000,220,220,204,575,575,50,0
9124,69,409,1,1,16,13,57,40,28.667,57.000,28.333,220,220,254,575,575,50,0
9125,69,409,1,1,15,13,50,37,26.000,50.000,24.000,220,220,304,575,575,50,0
9126,69,409,1,1,15,12,42,34,23.000,42.000,19.000,220,220,354,575,575,50,0
9127,69,409,1,1,14,12,34,31,20.000,34.000,14.000,220,220,404,575,575,50,0
9128,69,409,1,1,14,12,27,29,17.667,27.000,9.333,220,220,454,575,575,50,0
9129,69,409,1,1,13,11,20,26,14.667,20.000,5.333,220,220,504,575,575,50,0
9130,69,409,1,1,13,10,13,23,12.000,13.000,1.000,220,220,554,575,575,50,0
9131,69,409,1,1,12,10,6,21,9.333,6.000,-3.333,220,220,604,600,600,50,1
9132,69,409,1,1,12,10,0,18,7.333,0.000,-7.333,220,220,654,600,600,50,0
9133,69,409,1,1,12,9,0,16,7.000,0.000,-7.000,220,220,704,600,600,50,0
9134,69,409,1,1,11,9,0,13,6.667,0.000,-6.667,220,220,754,600,600,50,0
9135,69,409,1,1,11,8,0,10,6.333,0.000,-6.333,220,220,804,600,600,50,0
9136,69,409,1,1,11,8,0,7,6.333,0.000,-6.333,220,220,854,600,600,50,0
9137,69,409,1,1,10,7,0,4,5.667,0.000,-5.667,220,220,904,600,600,50,0
9138,69,409,1,1,9,7,0,2,5.333,0.000,-5.333,220,220,954,600,600,50,0
9139,69,409,1,1,9,7,0,0,5.333,0.000,-5.333,220,220,1004,600,600,50,0
9140,69,409,1,1,8,6,0,0,4.667,0.000,-4.667,220,220,1054,600,600,50,0
9141,69,409,1,1,11,6,0,0,5.667,0.000,-5.667,220,220,1104,600,600,50,0
9142,69,409,1,1,7,5,0,0,4.000,0.000,-4.000,220,220,1154,600,600,50,0
9143,69,409,1,1,7,5,0,0,4.000,0.000,-4.000,220,220,1204,600,600,50,0
9144,69,410,2,1,10,0,4,0,4.667,0.000,-4.667,220,220,79,600,600,50,0
9145,69,410,2,1,9,0,5,0,4.667,0.000,-4.667,220,220,129,600,600,50,0
9146,69,410,2,1,10,0,6,3,5.333,0.000,-5.333,220,220,179,600,600,50,0
9147,69,410,2,1,10,0,6,5,5.333,0.000,-5.333,220,220,229,600,600,50,0
9148,69,410,2,1,10,0,7,8,5.667,0.000,-5.667,220,220,279,600,600,50,0
9149,69,410,2,1,11,0,7,11,6.000,0.000,-6.000,220,220,329,600,600,50,0
9150,69,410,2,1,11,0,8,13,6.333,0.000,-6.333,220,220,379,600,600,50,0
9151,69,410,2,1,12,0,8,16,6.667,0.000,-6.667,220,220,429,600,600,50,0
9152,69,410,2,1,12,2,8,18,7.333,2.000,-5.333,220,220,479,600,600,50,0
9153,69,410,2,1,13,9,9,21,10.333,9.000,-1.333,220,220,529,600,600,50,0
9154,69,410,2,1,13,16,9,24,12.667,16.000,3.333,220,220,579,600,600,50,1
9155,69,410,2,1,13,24,9,26,15.333,24.000,8.667,220,220,629,600,600,50,0
9156,69,410,2,1,14,30,10,29,18.000,30.000,12.000,220,220,679,600,600,50,0
9157,69,410,2,1,14,37,10,32,20.333,37.000,16.667,220,220,729,600,600,50,0
9158,69,410,2,1,14,45,11,34,23.333,45.000,21.667,220,220,779,600,600,50,0
9159,69,410,2,1,18,52,11,37,27.000,52.000,25.000,220,220,829,600,600,50,0
9160,69,410,2,1,15,60,12,40,29.000,60.000,31.000,220,220,879,600,600,50,0
9161,69,410,2,1,16,68,12,42,32.000,68.000,36.000,220,220,929,600,600,50,0
9162,69,410,2,1,16,76,13,46,35.000,76.000,41.000,220,220,979,600,600,50,0
9163,69,410,2,1,16,83,13,49,37.333,83.000,45.667,220,220,1029,600,600,50,0
9164,69,410,2,1,17,91,14,51,40.667,91.000,50.333,220,220,1079,600,600,50,0
9165,69,410,2,1,17,99,14,54,43.333,99.000,55.667,220,220,1129,600,600,50,0
9166,69,410,2,1,17,108,15,57,46.667,108.000,61.333,220,220,1179,600,600,50,0
9167,69,411,3,1,74,15,12,45,33.667,74.000,40.333,220,220,80,600,600,50,0
9168,69,411,3,1,66,14,12,41,30.667,66.000,35.333,220,220,130,600,600,50,0
9169,69,411,3,1,58,13,11,39,27.333,58.000,30.667,220,220,180,600,600,50,0
9170,69,411,3,1,49,13,11,36,24.333,49.000,24.667,220,220,230,600,600,50,0
9171,69,411,3,1,42,13,10,32,21.667,42.000,20.333,220,220,280,600,600,50,0
9172,69,411,3,1,35,12,10,30,19.000,35.000,16.000,220,220,330,600,600,50,0
9173,69,411,3,1,28,11,10,27,16.333,28.000,11.667,220,220,380,600,600,50,0
9174,69,411,3,1,21,11,10,25,14.000,21.000,7.000,220,220,430,600,600,50,0
9175,69,411,3,1,14,11,9,22,11.333,14.000,2.667,220,220,480,600,600,50,0
9176,69,411,3,1,7,10,9,20,8.667,7.000,-1.667,220,220,530,575,575,50,1
9177,69,411,3,1,0,10,8,17,6.000,0.000,-6.000,220,220,580,575,575,50,0
9178,69,411,3,1,0,9,8,14,5.667,0.000,-5.667,220,220,630,575,575,50,0
9179,69,411,3,1,0,9,7,12,5.333,0.000,-5.333,220,220,680,575,575,50,0
9180,69,411,3,1,0,8,7,9,5.000,0.000,-5.000,220,220,730,575,575,50,0
9181,69,411,3,1,0,8,7,6,5.000,0.000,-5.000,220,220,780,575,575,50,0
9182,69,411,3,1,0,8,6,3,4.667,0.000,-4.667,220,220,830,575,575,50,0
9183,69,411,3,1,0,7,6,1,4.333,0.000,-4.333,220,220,880,575,575,50,0
9184,69,411,3,1,0,7,5,0,4.000,0.000,-4.000,220,220,930,575,575,50,0
9185,69,411,3,1,0,6,6,0,4.000,0.000,-4.000,220,220,980,575,575,50,0
9186,69,411,3,1,0,6,5,0,3.667,0.000,-3.667,220,220,1030,575,575,50,0
9187,69,411,3,1,0,5,4,0,3.000,0.000,-3.000,220,220,1080,575,575,50,0
9188,69,412,4,1,10,10,0,0,6.667,0.000,-6.667,220,220,54,575,575,50,0
9189,69,412,4,1,8,8,0,0,5.333,0.000,-5.333,220,220,104,575,575,50,0
9190,69,412,4,1,8,7,0,0,5.000,0.000,-5.000,220,220,154,575,575,50,0
9191,69,412,4,1,9,7,0,3,5.333,0.000,-5.333,220,220,204,575,575,50,0
9192,69,412,4,1,9,8,0,6,5.667,0.000,-5.667,220,220,254,575,575,50,0
9193,69,412,4,1,10,8,0,9,6.000,0.000,-6.000,220,220,304,575,575,50,0
9194,69,412,4,1,10,9,0,11,6.333,0.000,-6.333,220,220,354,575,575,50,0
9195,69,412,4,1,11,9,0,14,6.667,0.000,-6.667,220,220,404,575,575,50,0
9196,69,412,4,1,11,10,0,17,7.000,0.000,-7.000,220,220,454,575,575,50,0
9197,69,412,4,1,15,10,4,20,9.667,4.000,-5.667,220,220,504,575,575,50,0
9198,69,412,4,1,12,10,10,22,10.667,10.000,-0.667,220,220,554,575,575,50,0
9199,69,412,4,1,13,11,17,25,13.667,17.000,3.333,220,220,604,600,600,50,1
9200,69,412,4,1,13,12,24,28,16.333,24.000,7.667,220,220,654,600,600,50,0
9201,69,412,4,1,13,12,31,30,18.667,31.000,12.333,220,220,704,600,600,50,0
9202,69,412,4,1,14,12,38,33,21.333,38.000,16.667,220,220,754,600,600,50,0
9203,69,412,4,1,14,12,45,36,23.667,45.000,21.333,220,220,804,600,600,50,0
9204,69,412,4,1,14,13,53,39,26.667,53.000,26.333,220,220,854,600,600,50,0
9205,69,412,4,1,15,13,60,41,29.333,60.000,30.667,220,220,904,600,600,50,0
9206,69,412,4,1,16,14,67,44,32.333,67.000,34.667,220,220,954,600,600,50,0
9207,69,412,4,1,16,14,76,47,35.333,76.000,40.667,220,220,1004,600,600,50,0
9208,69,412,4,1,16,14,83,49,37.667,83.000,45.333,220,220,1054,600,600,50,0
9209,69,412,4,1,17,14,90,52,40.333,90.000,49.667,220,220,1104,600,600,50,0
9210,69,412,4,1,17,15,98,54,43.333,98.000,54.667,220,220,1154,600,600,50,0
9211,69,412,4,1,18,15,106,57,46.333,106.000,59.667,220,220,1204,600,600,50,0
9212,69,413,5,1,16,69,13,44,32.667,69.000,36.333,220,220,79,600,600,50,0
9213,69,413,5,1,15,61,13,41,29.667,61.000,31.333,220,220,129,600,600,50,0
9214,69,413,5,1,15,54,12,38,27.000,54.000,27.000,220,220,179,600,600,50,0
9215,69,413,5,1,15,47,12,35,24.667,47.000,22.333,220,220,229,600,600,50,0
9216,69,413,5,1,17,38,11,33,22.000,38.000,16.000,220,220,279,600,600,50,0
9217,69,413,5,1,13,32,10,30,18.333,32.000,13.667,220,220,329,600,600,50,0
9218,69,413,5,1,13,25,10,27,16.000,25.000,9.000,220,220,379,600,600,50,0
9219,69,413,5,1,13,18,10,25,13.667,18.000,4.333,220,220,429,600,600,50,0
9220,69,413,5,1,13,11,9,22,11.000,11.000,0.000,220,220,479,600,600,50,1
9221,69,413,5,1,12,5,9,19,8.667,5.000,-3.667,220,220,529,575,575,50,0
9222,69,413,5,1,11,0,9,17,6.667,0.000,-6.667,220,220,579,575,575,50,0
9223,69,413,5,1,11,0,8,14,6.333,0.000,-6.333,220,220,629,575,575,50,0
9224,69,413,5,1,11,0,8,12,6.333,0.000,-6.333,220,220,679,575,575,50,0
9225,69,413,5,1,10,0,7,9,5.667,0.000,-5.667,220,220,729,575,575,50,0
9226,69,413,5,1,10,0,7,6,5.667,0.000,-5.667,220,220,779,575,575,50,0
9227,69,413,5,1,10,0,6,3,5.333,0.000,-5.333,220,220,829,575,575,50,0
9228,69,413,5,1,9,0,6,1,5.000,0.000,-5.000,220,220,879,575,575,50,0
9229,69,413,5,1,9,0,5,0,4.667,0.000,-4.667,220,220,929,575,575,50,0
9230,69,413,5,1,8,0,5,0,4.333,0.000,-4.333,220,220,979,575,575,50,0
9231,69,413,5,1,7,0,4,0,3.667,0.000,-3.667,220,220,1029,575,575,50,0
9232,69,413,5,1,7,0,4,0,3.667,0.000,-3.667,220,220,1079,575,575,50,0
9233,69,414,6,1,0,8,9,0,5.667,0.000,-5.667,220,220,54,575,575,50,0
9234,69,414,6,1,0,6,6,0,4.000,0.000,-4.000,220,220,104,575,575,50,0
9235,69,414,6,1,0,7,7,2,4.667,0.000,-4.667,220,220,154,575,575,50,0
9236,69,414,6,1,0,8,6,4,4.667,0.000,-4.667,220,220,204,575,575,50,0
9237,69,414,6,1,0,8,7,8,5.000,0.000,-5.000,220,220,254,575,575,50,0
9238,69,414,6,1,0,8,8,11,5.333,0.000,-5.333,220,220,304,575,575,50,0
9239,69,414,6,1,0,9,8,13,5.667,0.000,-5.667,220,220,354,575,575,50,0
9240,69,414,6,1,0,9,8,16,5.667,0.000,-5.667,220,220,404,575,575,50,0
9241,69,414,6,1,4,10,9,19,7.667,4.000,-3.667,220,220,454,575,575,50,0
9242,69,414,6,1,11,10,9,21,10.000,11.000,1.000,220,220,504,550,550,50,1
9243,69,414,6,1,17,10,9,24,12.000,17.000,5.000,220,220,554,550,550,50,0
9244,69,414,6,1,25,11,10,27,15.333,25.000,9.667,220,220,604,550,550,50,0
9245,69,414,6,1,33,11,10,29,18.000,33.000,15.000,220,220,654,550,550,50,0
9246,69,414,6,1,40,12,11,32,21.000,40.000,19.000,220,220,704,550,550,50,0
9247,69,414,6,1,47,12,11,35,23.333,47.000,23.667,220,220,754,550,550,50,0
9248,69,414,6,1,55,13,12,38,26.667,55.000,28.333,220,220,804,550,550,50,0
9249,69,414,6,1,62,13,12,40,29.000,62.000,33.000,220,220,854,550,550,50,0
9250,69,414,6,1,69,13,12,42,31.333,69.000,37.667,220,220,904,550,550,50,0
9251,69,414,6,1,76,14,12,45,34.000,76.000,42.000,220,220,954,550,550,50,0
9252,69,414,6,1,84,14,13,48,37.000,84.000,47.000,220,220,1004,550,550,50,0
9253,69,414,6,1,91,15,14,50,40.000,91.000,51.000,220,220,1054,550,550,50,0
9254,70,415,1,1,21,14,84,51,39.667,84.000,44.333,220,220,79,550,550,50,0
9255,70,415,1,1,17,14,77,48,36.000,77.000,41.000,220,220,129,550,550,50,0
9256,70,415,1,1,16,14,71,45,33.667,71.000,37.333,220,220,179,550,550,50,0
9257,70,415,1,1,16,14,64,42,31.333,64.000,32.667,220,220,229,550,550,50,0
9258,70,415,1,1,15,13,55,39,27.667,55.000,27.333,220,220,279,550,550,50,0
9259,70,415,1,1,15,13,48,36,25.333,48.000,22.667,220,220,329,550,550,50,0
9260,70,415,1,1,14,12,41,34,22.333,41.000,18.667,220,220,379,550,550,50,0
9261,70,415,1,1,15,12,34,30,20.333,34.000,13.667,220,220,429,550,550,50,0
9262,70,415,1,1,14,11,26,28,17.000,26.000,9.000,220,220,479,550,550,50,0
9263,70,415,1,1,13,11,20,26,14.667,20.000,5.333,220,220,529,550,550,50,0
9264,70,415,1,1,13,11,13,24,12.333,13.000,0.667,220,220,579,550,550,50,0
9265,70,415,1,1,12,10,7,21,9.667,7.000,-2.667,220,220,629,600,600,50,1
9266,70,415,1,1,12,9,0,18,7.000,0.000,-7.000,220,220,679,600,600,50,0
9267,70,415,1,1,12,10,0,16,7.333,0.000,-7.333,220,220,729,600,600,50,0
9268,70,415,1,1,12,9,0,13,7.000,0.000,-7.000,220,220,779,600,600,50,0
9269,70,415,1,1,11,8,0,10,6.333,0.000,-6.333,220,220,829,600,600,50,0
9270,70,415,1,1,10,8,0,7,6.000,0.000,-6.000,220,220,879,600,600,50,0
9271,70,415,1,1,10,8,0,5,6.000,0.000,-6.000,220,220,929,600,600,50,0
9272,70,415,1,1,10,7,0,2,5.667,0.000,-5.667,220,220,979,600,600,50,0
9273,70,415,1,1,9,6,0,0,5.000,0.000,-5.000,220,220,1029,600,600,50,0
9274,70,415,1,1,12,6,0,0,6.000,0.000,-6.000,220,220,1079,600,600,50,0
9275,70,415,1,1,8,6,0,0,4.667,0.000,-4.667,220,220,1129,600,600,50,0
9276,70,415,1,1,8,5,0,0,4.333,0.000,-4.333,220,220,1179,600,600,50,0
9277,70,415,1,1,7,5,0,0,4.000,0.000,-4.000,220,220,1229,600,600,50,0
9278,70,416,2,1,10,0,4,0,4.667,0.000,-4.667,220,220,79,600,600,50,0
9279,70,416,2,1,9,0,5,0,4.667,0.000,-4.667,220,220,129,600,600,50,0
9280,70,416,2,1,9,0,6,2,5.000,0.000,-5.000,220,220,179,600,600,50,0
9281,70,416,2,1,10,0,6,4,5.333,0.000,-5.333,220,220,229,600,600,50,0
9282,70,416,2,1,10,0,7,7,5.667,0.000,-5.667,220,220,279,600,600,50,0
9283,70,416,2,1,11,0,7,10,6.000,0.000,-6.000,220,220,329,600,600,50,0
9284,70,416,2,1,11,0,7,13,6.000,0.000,-6.000,220,220,379,600,600,50,0
9285,70,416,2,1,12,0,8,16,6.667,0.000,-6.667,220,220,429,600,600,50,0
9286,70,416,2,1,12,2,8,19,7.333,2.000,-5.333,220,220,479,600,600,50,0
9287,70,416,2,1,13,9,9,21,10.333,9.000,-1.333,220,220,529,600,600,50,0
9288,70,416,2,1,13,15,9,24,12.333,15.000,2.667,220,220,579,600,600,50,1
9289,70,416,2,1,13,23,9,26,15.000,23.000,8.000,220,220,629,600,600,50,0
9290,70,416,2,1,14,30,10,29,18.000,30.000,12.000,220,220,679,600,600,50,0
9291,70,416,2,1,14,37,11,32,20.667,37.000,16.333,220,220,729,600,600,50,0
9292,70,416,2,1,15,44,11,34,23.333,44.000,20.667,220,220,779,600,600,50,0
9293,70,416,2,1,18,52,11,38,27.000,52.000,25.000,220,220,829,600,600,50,0
9294,70,416,2,1,15,59,12,40,28.667,59.000,30.333,220,220,879,600,600,50,0
9295,70,416,2,1,16,67,12,43,31.667,67.000,35.333,220,220,929,600,600,50,0
9296,70,416,2,1,16,74,13,45,34.333,74.000,39.667,220,220,979,600,600,50,0
9297,70,416,2,1,16,82,13,48,37.000,82.000,45.000,220,220,1029,600,600,50,0
9298,70,416,2,1,17,89,14,51,40.000,89.000,49.000,220,220,1079,600,600,50,0
9299,70,416,2,1,17,96,14,53,42.333,96.000,53.667,220,220,1129,600,600,50,0
9300,70,416,2,1,17,104,14,56,45.000,104.000,59.000,220,220,1179,600,600,50,0
9301,70,417,3,1,75,15,12,45,34.000,75.000,41.000,220,220,80,600,600,50,0
9302,70,417,3,1,68,14,12,42,31.333,68.000,36.667,220,220,130,600,600,50,0
9303,70,417,3,1,59,13,12,39,28.000,59.000,31.000,220,220,180,600,600,50,0
9304,70,417,3,1,51,13,11,35,25.000,51.000,26.000,220,220,230,600,600,50,0
9305,70,417,3,1,44,12,11,33,22.333,44.000,21.667,220,220,280,600,600,50,0
9306,70,417,3,1,37,12,11,31,20.000,37.000,17.000,220,220,330,600,600,50,0
9307,70,417,3,1,29,11,10,28,16.667,29.000,12.333,220,220,380,600,600,50,0
9308,70,417,3,1,22,11,9,25,14.000,22.000,8.000,220,220,430,600,600,50,0
9309,70,417,3,1,15,11,9,22,11.667,15.000,3.333,220,220,480,600,600,50,0
9310,70,417,3,1,8,10,9,20,9.000,8.000,-1.000,220,220,530,575,575,50,1
9311,70,417,3,1,1,9,8,17,6.000,1.000,-5.000,220,220,580,575,575,50,0
9312,70,417,3,1,0,10,8,15,6.000,0.000,-6.000,220,220,630,575,575,50,0
9313,70,417,3,1,0,9,7,12,5.333,0.000,-5.333,220,220,680,575,575,50,0
9314,70,417,3,1,0,9,7,9,5.333,0.000,-5.333,220,220,730,575,575,50,0
9315,70,417,3,1,0,8,7,6,5.000,0.000,-5.000,220,220,780,575,575,50,0
9316,70,417,3,1,0,8,6,3,4.667,0.000,-4.667,220,220,830,575,575,50,0
9317,70,417,3,1,0,7,5,1,4.000,0.000,-4.000,220,220,880,575,575,50,0
9318,70,417,3,1,0,6,5,0,3.667,0.000,-3.667,220,220,930,575,575,50,0
9319,70,417,3,1,0,6,5,0,3.667,0.000,-3.667,220,220,980,575,575,50,0
9320,70,417,3,1,0,5,5,0,3.333,0.000,-3.333,220,220,1030,575,575,50,0
9321,70,417,3,1,0,5,4,0,3.000,0.000,-3.000,220,220,1080,575,575,50,0
9322,70,418,4,1,10,10,0,0,6.667,0.000,-6.667,220,220,55,575,575,50,0
9323,70,418,4,1,8,8,0,0,5.333,0.000,-5.333,220,220,105,575,575,50,0
9324,70,418,4,1,9,7,0,2,5.333,0.000,-5.333,220,220,155,575,575,50,0
9325,70,418,4,1,9,8,0,4,5.667,0.000,-5.667,220,220,205,575,575,50,0
9326,70,418,4,1,10,8,0,8,6.000,0.000,-6.000,220,220,255,575,575,50,0
9327,70,418,4,1,10,8,0,10,6.000,0.000,-6.000,220,220,305,575,575,50,0
9328,70,418,4,1,11,9,0,12,6.667,0.000,-6.667,220,220,355,575,575,50,0
9329,70,418,4,1,11,10,0,16,7.000,0.000,-7.000,220,220,405,575,575,50,0
9330,70,418,4,1,11,10,0,18,7.000,0.000,-7.000,220,220,455,575,575,50,0
9331,70,418,4,1,15,10,7,21,10.667,7.000,-3.667,220,220,505,575,575,50,0
9332,70,418,4,1,12,11,13,23,12.000,13.000,1.000,220,220,555,575,575,50,1
9333,70,418,4,1,13,12,19,25,14.667,19.000,4.333,220,220,605,575,575,50,0
9334,70,418,4,1,13,11,27,28,17.000,27.000,10.000,220,220,655,575,575,50,0
9335,70,418,4,1,13,12,33,30,19.333,33.000,13.667,220,220,705,575,575,50,0
9336,70,418,4,1,14,12,40,33,22.000,40.000,18.000,220,220,755,575,575,50,0
9337,70,418,4,1,15,13,48,36,25.333,48.000,22.667,220,220,805,575,575,50,0
9338,70,418,4,1,15,13,55,39,27.667,55.000,27.333,220,220,855,575,575,50,0
9339,70,418,4,1,16,13,63,42,30.667,63.000,32.333,220,220,905,575,575,50,0
9340,70,418,4,1,16,14,70,44,33.333,70.000,36.667,220,220,955,575,575,50,0
9341,70,418,4,1,16,14,77,47,35.667,77.000,41.333,220,220,1005,575,575,50,0
9342,70,418,4,1,17,15,84,50,38.667,84.000,45.333,220,220,1055,575,575,50,0
9343,70,418,4,1,17,15,91,52,41.000,91.000,50.000,220,220,1105,575,575,50,0
9344,70,419,5,1,12,83,13,47,36.000,83.000,47.000,220,220,54,575,575,50,0
9345,70,419,5,1,16,78,14,47,36.000,78.000,42.000,220,220,104,575,575,50,0
9346,70,419,5,1,16,71,13,44,33.333,71.000,37.667,220,220,154,575,575,50,0
9347,70,419,5,1,16,63,13,42,30.667,63.000,32.333,220,220,204,575,575,50,0
9348,70,419,5,1,15,55,12,38,27.333,55.000,27.667,220,220,254,575,575,50,0
9349,70,419,5,1,14,48,11,36,24.333,48.000,23.667,220,220,304,575,575,50,0
9350,70,419,5,1,17,41,11,33,23.000,41.000,18.000,220,220,354,575,575,50,0
9351,70,419,5,1,14,33,11,31,19.333,33.000,13.667,220,220,404,575,575,50,0
9352,70,419,5,1,13,26,10,28,16.333,26.000,9.667,220,220,454,575,575,50,0
9353,70,419,5,1,13,19,10,25,14.000,19.000,5.000,220,220,504,575,575,50,0
9354,70,419,5,1,13,12,9,23,11.333,12.000,0.667,220,220,554,575,575,50,0
9355,70,419,5,1,12,5,9,20,8.667,5.000,-3.667,220,220,604,600,600,50,1
9356,70,419,5,1,11,0,9,17,6.667,0.000,-6.667,220,220,654,600,600,50,0
9357,70,419,5,1,11,0,9,15,6.667,0.000,-6.667,220,220,704,600,600,50,0
9358,70,419,5,1,11,0,8,12,6.333,0.000,-6.333,220,220,754,600,600,50,0
9359,70,419,5,1,10,0,7,9,5.667,0.000,-5.667,220,220,804,600,600,50,0
9360,70,419,5,1,10,0,7,6,5.667,0.000,-5.667,220,220,854,600,600,50,0
9361,70,419,5,1,10,0,6,3,5.333,0.000,-5.333,220,220,904,600,600,50,0
9362,70,419,5,1,9,0,6,0,5.000,0.000,-5.000,220,220,954,600,600,50,0
9363,70,419,5,1,8,0,5,0,4.333,0.000,-4.333,220,220,1004,600,600,50,0
9364,70,419,5,1,8,0,5,0,4.333,0.000,-4.333,220,220,1054,600,600,50,0
9365,70,419,5,1,7,0,4,0,3.667,0.000,-3.667,220,220,1104,600,600,50,0
9366,70,419,5,1,7,0,4,0,3.667,0.000,-3.667,220,220,1154,600,600,50,0
9367,70,419,5,1,7,0,3,0,3.333,0.000,-3.333,220,220,1204,600,600,50,0
9368,70,420,6,1,0,6,6,0,4.000,0.000,-4.000,220,220,79,600,600,50,0
9369,70,420,6,1,0,7,6,2,4.333,0.000,-4.333,220,220,129,600,600,50,0
9370,70,420,6,1,0,8,7,5,5.000,0.000,-5.000,220,220,179,600,600,50,0
9371,70,420,6,1,0,8,7,7,5.000,0.000,-5.000,220,220,229,600,600,50,0
9372,70,420,6,1,0,8,7,10,5.000,0.000,-5.000,220,220,279,600,600,50,0
9373,70,420,6,1,0,8,8,13,5.333,0.000,-5.333,220,220,329,600,600,50,0
9374,70,420,6,1,0,9,8,15,5.667,0.000,-5.667,220,220,379,600,600,50,0
9375,70,420,6,1,3,10,8,18,7.000,3.000,-4.000,220,220,429,600,600,50,0
9376,70,420,6,1,10,10,8,21,9.333,10.000,0.667,220,220,479,550,550,50,1
9377,70,420,6,1,16,10,9,24,11.667,16.000,4.333,220,220,529,550,550,50,0
9378,70,420,6,1,24,11,10,26,15.000,24.000,9.000,220,220,579,550,550,50,0
9379,70,420,6,1,31,11,10,29,17.333,31.000,13.667,220,220,629,550,550,50,0
9380,70,420,6,1,38,12,10,31,20.000,38.000,18.000,220,220,679,550,550,50,0
9381,70,420,6,1,45,12,11,34,22.667,45.000,22.333,220,220,729,550,550,50,0
9382,70,420,6,1,52,13,12,36,25.667,52.000,26.333,220,220,779,550,550,50,0
9383,70,420,6,1,59,13,12,39,28.000,59.000,31.000,220,220,829,550,550,50,0
9384,70,420,6,1,66,13,12,42,30.333,66.000,35.667,220,220,879,550,550,50,0
9385,70,420,6,1,73,14,13,45,33.333,73.000,39.667,220,220,929,550,550,50,0
9386,70,420,6,1,81,14,13,47,36.000,81.000,45.000,220,220,979,550,550,50,0
9387,70,420,6,1,88,15,13,50,38.667,88.000,49.333,220,220,1029,550,550,50,0
9388,71,421,1,1,21,15,85,51,40.333,85.000,44.667,220,220,78,550,550,50,0
9389,71,421,1,1,17,14,76,47,35.667,76.000,40.333,220,220,128,550,550,50,0
9390,71,421,1,1,16,13,69,44,32.667,69.000,36.333,220,220,178,550,550,50,0
9391,71,421,1,1,16,13,62,42,30.333,62.000,31.667,220,220,228,550,550,50,0
9392,71,421,1,1,16,13,54,39,27.667,54.000,26.333,220,220,278,550,550,50,0
9393,71,421,1,1,15,12,46,36,24.333,46.000,21.667,220,220,328,550,550,50,0
9394,71,421,1,1,14,12,39,34,21.667,39.000,17.333,220,220,378,550,550,50,0
9395,71,421,1,1,14,11,32,30,19.000,32.000,13.000,220,220,428,550,550,50,0
9396,71,421,1,1,14,11,24,27,16.333,24.000,7.667,220,220,478,550,550,50,0
9397,71,421,1,1,13,11,18,25,14.000,18.000,4.000,220,220,528,550,550,50,0
9398,71,421,1,1,13,10,11,23,11.333,11.000,-0.333,220,220,578,550,550,50,1
9399,71,421,1,1,13,10,4,20,9.000,4.000,-5.000,220,220,628,600,600,50,0
9400,71,421,1,1,12,9,0,17,7.000,0.000,-7.000,220,220,678,600,600,50,0
9401,71,421,1,1,11,9,0,15,6.667,0.000,-6.667,220,220,728,600,600,50,0
9402,71,421,1,1,11,9,0,12,6.667,0.000,-6.667,220,220,778,600,600,50,0
9403,71,421,1,1,11,8,0,9,6.333,0.000,-6.333,220,220,828,600,600,50,0
9404,71,421,1,1,10,8,0,6,6.000,0.000,-6.000,220,220,878,600,600,50,0
9405,71,421,1,1,10,8,0,3,6.000,0.000,-6.000,220,220,928,600,600,50,0
9406,71,421,1,1,9,7,0,1,5.333,0.000,-5.333,220,220,978,600,600,50,0
9407,71,421,1,1,9,6,0,0,5.000,0.000,-5.000,220,220,1028,600,600,50,0
9408,71,421,1,1,8,6,0,0,4.667,0.000,-4.667,220,220,1078,600,600,50,0
9409,71,421,1,1,11,6,0,0,5.667,0.000,-5.667,220,220,1128,600,600,50,0
9410,71,421,1,1,7,5,0,0,4.000,0.000,-4.000,220,220,1178,600,600,50,0
9411,71,421,1,1,6,4,0,0,3.333,0.000,-3.333,220,220,1228,600,600,50,0
9412,71,422,2,1,10,0,4,0,4.667,0.000,-4.667,220,220,79,600,600,50,0
9413,71,422,2,1,10,0,5,0,5.000,0.000,-5.000,220,220,129,600,600,50,0
9414,71,422,2,1,10,0,6,3,5.333,0.000,-5.333,220,220,179,600,600,50,0
9415,71,422,2,1,10,0,6,6,5.333,0.000,-5.333,220,220,229,600,600,50,0
9416,71,422,2,1,11,0,7,8,6.000,0.000,-6.000,220,220,279,600,600,50,0
9417,71,422,2,1,11,0,7,12,6.000,0.000,-6.000,220,220,329,600,600,50,0
9418,71,422,2,1,12,0,8,14,6.667,0.000,-6.667,220,220,379,600,600,50,0
9419,71,422,2,1,12,0,8,16,6.667,0.000,-6.667,220,220,429,600,600,50,0
9420,71,422,2,1,12,3,9,19,8.000,3.000,-5.000,220,220,479,600,600,50,0
9421,71,422,2,1,13,10,9,22,10.667,10.000,-0.667,220,220,529,600,600,50,0
9422,71,422,2,1,13,17,9,24,13.000,17.000,4.000,220,220,579,600,600,50,1
9423,71,422,2,1,14,24,9,27,15.667,24.000,8.333,220,220,629,600,600,50,0
9424,71,422,2,1,14,31,10,29,18.333,31.000,12.667,220,220,679,600,600,50,0
9425,71,422,2,1,14,38,10,32,20.667,38.000,17.333,220,220,729,600,600,50,0
9426,71,422,2,1,15,45,10,35,23.333,45.000,21.667,220,220,779,600,600,50,0
9427,71,422,2,1,18,53,11,38,27.333,53.000,25.667,220,220,829,600,600,50,0
9428,71,422,2,1,16,60,11,40,29.000,60.000,31.000,220,220,879,600,600,50,0
9429,71,422,2,1,16,68,12,43,32.000,68.000,36.000,220,220,929,600,600,50,0
9430,71,422,2,1,16,75,13,46,34.667,75.000,40.333,220,220,979,600,600,50,0
9431,71,422,2,1,17,83,13,49,37.667,83.000,45.333,220,220,1029,600,600,50,0
9432,71,422,2,1,17,90,14,51,40.333,90.000,49.667,220,220,1079,600,600,50,0
9433,71,422,2,1,17,98,14,54,43.000,98.000,55.000,220,220,1129,600,600,50,0
9434,71,422,2,1,17,106,14,57,45.667,106.000,60.333,220,220,1179,600,600,50,0
9435,71,423,3,1,77,15,12,46,34.667,77.000,42.333,220,220,80,600,600,50,0
9436,71,423,3,1,69,14,12,43,31.667,69.000,37.333,220,220,130,600,600,50,0
9437,71,423,3,1,60,13,12,40,28.333,60.000,31.667,220,220,180,600,600,50,0
9438,71,423,3,1,52,13,11,36,25.333,52.000,26.667,220,220,230,600,600,50,0
9439,71,423,3,1,45,12,11,33,22.667,45.000,22.333,220,220,280,600,600,50,0
9440,71,423,3,1,37,12,10,31,19.667,37.000,17.333,220,220,330,600,600,50,0
9441,71,423,3,1,29,11,10,28,16.667,29.000,12.333,220,220,380,600,600,50,0
9442,71,423,3,1,21,11,9,25,13.667,21.000,7.333,220,220,430,600,600,50,0
9443,71,423,3,1,15,11,9,23,11.667,15.000,3.333,220,220,480,600,600,50,0
9444,71,423,3,1,7,10,9,20,8.667,7.000,-1.667,220,220,530,575,575,50,1
9445,71,423,3,1,0,9,8,17,5.667,0.000,-5.667,220,220,580,575,575,50,0
9446,71,423,3,1,0,10,8,14,6.000,0.000,-6.000,220,220,630,575,575,50,0
9447,71,423,3,1,0,9,7,12,5.333,0.000,-5.333,220,220,680,575,575,50,0
9448,71,423,3,1,0,8,7,9,5.000,0.000,-5.000,220,220,730,575,575,50,0
9449,71,423,3,1,0,8,7,6,5.000,0.000,-5.000,220,220,780,575,575,50,0
9450,71,423,3,1,0,8,6,3,4.667,0.000,-4.667,220,220,830,575,575,50,0
9451,71,423,3,1,0,7,6,1,4.333,0.000,-4.333,220,220,880,575,575,50,0
9452,71,423,3,1,0,7,6,0,4.333,0.000,-4.333,220,220,930,575,575,50,0
9453,71,423,3,1,0,6,5,0,3.667,0.000,-3.667,220,220,980,575,575,50,0
9454,71,423,3,1,0,6,4,0,3.333,0.000,-3.333,220,220,1030,575,575,50,0
9455,71,423,3,1,0,5,4,0,3.000,0.000,-3.000,220,220,1080,575,575,50,0
9456,71,424,4,1,11,10,0,0,7.000,0.000,-7.000,220,220,54,575,575,50,0
9457,71,424,4,1,8,8,0,0,5.333,0.000,-5.333,220,220,104,575,575,50,0
9458,71,424,4,1,8,8,0,1,5.333,0.000,-5.333,220,220,154,575,575,50,0
9459,71,424,4,1,9,8,0,4,5.667,0.000,-5.667,220,220,204,575,575,50,0
9460,71,424,4,1,10,8,0,7,6.000,0.000,-6.000,220,220,254,575,575,50,0
9461,71,424,4,1,10,8,0,10,6.000,0.000,-6.000,220,220,304,575,575,50,0
9462,71,424,4,1,10,9,0,13,6.333,0.000,-6.333,220,220,354,575,575,50,0
9463,71,424,4,1,11,9,0,15,6.667,0.000,-6.667,220,220,404,575,575,50,0
9464,71,424,4,1,11,10,0,17,7.000,0.000,-7.000,220,220,454,575,575,50,0
9465,71,424,4,1,12,10,6,20,9.333,6.000,-3.333,220,220,504,575,575,50,0
9466,71,424,4,1,15,11,13,23,13.000,13.000,0.000,220,220,554,575,575,50,1
9467,71,424,4,1,13,11,20,26,14.667,20.000,5.333,220,220,604,600,600,50,0
9468,71,424,4,1,13,12,27,28,17.333,27.000,9.667,220,220,654,600,600,50,0
9469,71,424,4,1,14,12,34,30,20.000,34.000,14.000,220,220,704,600,600,50,0
9470,71,424,4,1,14,12,41,34,22.333,41.000,18.667,220,220,754,600,600,50,0
9471,71,424,4,1,14,13,49,36,25.333,49.000,23.667,220,220,804,600,600,50,0
9472,71,424,4,1,15,13,56,39,28.000,56.000,28.000,220,220,854,600,600,50,0
9473,71,424,4,1,15,14,64,42,31.000,64.000,33.000,220,220,904,600,600,50,0
9474,71,424,4,1,16,14,71,45,33.667,71.000,37.333,220,220,954,600,600,50,0
9475,71,424,4,1,16,14,79,48,36.333,79.000,42.667,220,220,1004,600,600,50,0
9476,71,424,4,1,17,14,87,51,39.333,87.000,47.667,220,220,1054,600,600,50,0
9477,71,424,4,1,17,15,94,53,42.000,94.000,52.000,220,220,1104,600,600,50,0
9478,71,424,4,1,17,15,102,56,44.667,102.000,57.333,220,220,1154,600,600,50,0
9479,71,424,4,1,18,15,110,59,47.667,110.000,62.333,220,220,1204,600,600,50,0
9480,71,425,5,1,15,66,13,43,31.333,66.000,34.667,220,220,79,600,600,50,0
9481,71,425,5,1,15,58,12,40,28.333,58.000,29.667,220,220,129,600,600,50,0
9482,71,425,5,1,15,51,11,37,25.667,51.000,25.333,220,220,179,600,600,50,0
9483,71,425,5,1,14,44,12,34,23.333,44.000,20.667,220,220,229,600,600,50,0
9484,71,425,5,1,17,36,11,32,21.333,36.000,14.667,220,220,279,600,600,50,0
9485,71,425,5,1,14,29,11,29,18.000,29.000,11.000,220,220,329,600,600,50,0
9486,71,425,5,1,13,22,10,26,15.000,22.000,7.000,220,220,379,600,600,50,0
9487,71,425,5,1,13,15,10,24,12.667,15.000,2.333,220,220,429,600,600,50,0
9488,71,425,5,1,12,8,9,21,9.667,8.000,-1.667,220,220,479,550,550,50,1
9489,71,425,5,1,12,2,9,19,7.667,2.000,-5.667,220,220,529,550,550,50,0
9490,71,425,5,1,12,0,9,16,7.000,0.000,-7.000,220,220,579,550,550,50,0
9491,71,425,5,1,11,0,8,14,6.333,0.000,-6.333,220,220,629,550,550,50,0
9492,71,425,5,1,11,0,8,11,6.333,0.000,-6.333,220,220,679,550,550,50,0
9493,71,425,5,1,10,0,7,8,5.667,0.000,-5.667,220,220,729,550,550,50,0
9494,71,425,5,1,10,0,7,5,5.667,0.000,-5.667,220,220,779,550,550,50,0
9495,71,425,5,1,9,0,6,2,5.000,0.000,-5.000,220,220,829,550,550,50,0
9496,71,425,5,1,9,0,6,0,5.000,0.000,-5.000,220,220,879,550,550,50,0
9497,71,425,5,1,8,0,5,0,4.333,0.000,-4.333,220,220,929,550,550,50,0
9498,71,425,5,1,7,0,5,0,4.000,0.000,-4.000,220,220,979,550,550,50,0
9499,71,425,5,1,7,0,4,0,3.667,0.000,-3.667,220,220,1029,550,550,50,0
9500,71,426,6,1,0,5,6,0,3.667,0.000,-3.667,220,220,79,550,550,50,0
9501,71,426,6,1,0,6,5,0,3.667,0.000,-3.667,220,220,129,550,550,50,0
9502,71,426,6,1,0,7,6,0,4.333,0.000,-4.333,220,220,179,550,550,50,0
9503,71,426,6,1,0,7,6,2,4.333,0.000,-4.333,220,220,229,550,550,50,0
9504,71,426,6,1,0,8,7,5,5.000,0.000,-5.000,220,220,279,550,550,50,0
9505,71,426,6,1,0,7,7,7,4.667,0.000,-4.667,220,220,329,550,550,50,0
9506,71,426,6,1,0,8,7,10,5.000,0.000,-5.000,220,220,379,550,550,50,0
9507,71,426,6,1,0,9,8,13,5.667,0.000,-5.667,220,220,429,550,550,50,0
9508,71,426,6,1,0,9,8,16,5.667,0.000,-5.667,220,220,479,550,550,50,0
9509,71,426,6,1,3,10,9,19,7.333,3.000,-4.333,220,220,529,550,550,50,0
9510,71,426,6,1,10,10,9,21,9.667,10.000,0.333,220,220,579,575,575,50,1
9511,71,426,6,1,17,10,9,24,12.000,17.000,5.000,220,220,629,575,575,50,0
9512,71,426,6,1,24,11,10,26,15.000,24.000,9.000,220,220,679,575,575,50,0
9513,71,426,6,1,32,11,10,29,17.667,32.000,14.333,220,220,729,575,575,50,0
9514,71,426,6,1,39,12,11,32,20.667,39.000,18.333,220,220,779,575,575,50,0
9515,71,426,6,1,47,12,11,35,23.333,47.000,23.667,220,220,829,575,575,50,0
9516,71,426,6,1,54,13,12,38,26.333,54.000,27.667,220,220,879,575,575,50,0
9517,71,426,6,1,62,12,12,41,28.667,62.000,33.333,220,220,929,575,575,50,0
9518,71,426,6,1,69,13,12,43,31.333,69.000,37.667,220,220,979,575,575,50,0
9519,71,426,6,1,76,14,13,46,34.333,76.000,41.667,220,220,1029,575,575,50,0
9520,71,426,6,1,84,14,13,48,37.000,84.000,47.000,220,220,1079,575,575,50,0
9521,71,426,6,1,91,15,13,51,39.667,91.000,51.333,220,220,1129,575,575,50,0
9522,72,427,1,1,18,11,84,48,37.667,84.000,46.333,220,220,54,575,575,50,0
9523,72,427,1,1,18,14,78,48,36.667,78.000,41.333,220,220,104,575,575,50,0
9524,72,427,1,1,17,14,70,45,33.667,70.000,36.333,220,220,154,575,575,50,0
9525,72,427,1,1,16,14,61,42,30.333,61.000,30.667,220,220,204,575,575,50,0
9526,72,427,1,1,15,13,53,38,27.000,53.000,26.000,220,220,254,575,575,50,0
9527,72,427,1,1,15,13,46,36,24.667,46.000,21.333,220,220,304,575,575,50,0
9528,72,427,1,1,15,12,39,33,22.000,39.000,17.000,220,220,354,575,575,50,0
9529,72,427,1,1,14,11,31,30,18.667,31.000,12.333,220,220,404,575,575,50,0
9530,72,427,1,1,13,11,24,27,16.000,24.000,8.000,220,220,454,575,575,50,0
9531,72,427,1,1,13,11,18,25,14.000,18.000,4.000,220,220,504,575,575,50,0
9532,72,427,1,1,13,10,11,23,11.333,11.000,-0.333,220,220,554,575,575,50,1
9533,72,427,1,1,13,10,4,20,9.000,4.000,-5.000,220,220,604,600,600,50,0
9534,72,427,1,1,12,10,0,17,7.333,0.000,-7.333,220,220,654,600,600,50,0
9535,72,427,1,1,12,9,0,15,7.000,0.000,-7.000,220,220,704,600,600,50,0
9536,72,427,1,1,12,9,0,12,7.000,0.000,-7.000,220,220,754,600,600,50,0
9537,72,427,1,1,11,8,0,10,6.333,0.000,-6.333,220,220,804,600,600,50,0
9538,72,427,1,1,11,8,0,6,6.333,0.000,-6.333,220,220,854,600,600,50,0
9539,72,427,1,1,10,8,0,4,6.000,0.000,-6.000,220,220,904,600,600,50,0
9540,72,427,1,1,10,7,0,1,5.667,0.000,-5.667,220,220,954,600,600,50,0
9541,72,427,1,1,9,6,0,0,5.000,0.000,-5.000,220,220,1004,600,600,50,0
9542,72,427,1,1,7,6,0,0,4.333,0.000,-4.333,220,220,1054,600,600,50,0
9543,72,427,1,1,11,6,0,0,5.667,0.000,-5.667,220,220,1104,600,600,50,0
9544,72,427,1,1,7,5,0,0,4.000,0.000,-4.000,220,220,1154,600,600,50,0
9545,72,427,1,1,6,5,0,0,3.667,0.000,-3.667,220,220,1204,600,600,50,0
9546,72,428,2,1,10,0,5,0,5.000,0.000,-5.000,220,220,79,600,600,50,0
9547,72,428,2,1,10,0,5,1,5.000,0.000,-5.000,220,220,129,600,600,50,0
9548,72,428,2,1,10,0,6,4,5.333,0.000,-5.333,220,220,179,600,600,50,0
9549,72,428,2,1,10,0,7,7,5.667,0.000,-5.667,220,220,229,600,600,50,0
9550,72,428,2,1,11,0,7,9,6.000,0.000,-6.000,220,220,279,600,600,50,0
9551,72,428,2,1,11,0,7,12,6.000,0.000,-6.000,220,220,329,600,600,50,0
9552,72,428,2,1,11,0,8,15,6.333,0.000,-6.333,220,220,379,600,600,50,0
9553,72,428,2,1,12,0,8,18,6.667,0.000,-6.667,220,220,429,600,600,50,0
9554,72,428,2,1,13,6,9,20,9.333,6.000,-3.333,220,220,479,600,600,50,0
9555,72,428,2,1,13,13,9,23,11.667,13.000,1.333,220,220,529,575,575,50,1
9556,72,428,2,1,13,21,9,25,14.333,21.000,6.667,220,220,579,575,575,50,0
9557,72,428,2,1,14,28,10,28,17.333,28.000,10.667,220,220,629,575,575,50,0
9558,72,428,2,1,14,35,10,31,19.667,35.000,15.333,220,220,679,575,575,50,0
9559,72,428,2,1,15,42,11,33,22.667,42.000,19.333,220,220,729,575,575,50,0
9560,72,428,2,1,15,50,11,37,25.333,50.000,24.667,220,220,779,575,575,50,0
9561,72,428,2,1,19,57,12,39,29.333,57.000,27.667,220,220,829,575,575,50,0
9562,72,428,2,1,16,65,12,42,31.000,65.000,34.000,220,220,879,575,575,50,0
9563,72,428,2,1,16,72,12,45,33.333,72.000,38.667,220,220,929,575,575,50,0
9564,72,428,2,1,16,80,13,47,36.333,80.000,43.667,220,220,979,575,575,50,0
9565,72,428,2,1,17,88,13,50,39.333,88.000,48.667,220,220,1029,575,575,50,0
9566,72,428,2,1,17,95,14,53,42.000,95.000,53.000,220,220,1079,575,575,50,0
9567,72,429,3,1,83,14,10,46,35.667,83.000,47.333,220,220,54,575,575,50,0
9568,72,429,3,1,79,16,12,47,35.667,79.000,43.333,220,220,104,575,575,50,0
9569,72,429,3,1,72,15,12,44,33.000,72.000,39.000,220,220,154,575,575,50,0
9570,72,429,3,1,64,14,12,41,30.000,64.000,34.000,220,220,204,575,575,50,0
9571,72,429,3,1,56,13,11,37,26.667,56.000,29.333,220,220,254,575,575,50,0
9572,72,429,3,1,48,13,11,35,24.000,48.000,24.000,220,220,304,575,575,50,0
9573,72,429,3,1,41,12,10,32,21.000,41.000,20.000,220,220,354,575,575,50,0
9574,72,429,3,1,34,12,10,29,18.667,34.000,15.333,220,220,404,575,575,50,0
9575,72,429,3,1,26,11,10,26,15.667,26.000,10.333,220,220,454,575,575,50,0
9576,72,429,3,1,19,11,9,24,13.000,19.000,6.000,220,220,504,575,575,50,0
9577,72,429,3,1,12,10,9,22,10.333,12.000,1.667,220,220,554,575,575,50,0
9578,72,429,3,1,6,11,8,19,8.333,6.000,-2.333,220,220,604,600,600,50,1
9579,72,429,3,1,0,9,8,16,5.667,0.000,-5.667,220,220,654,600,600,50,0
9580,72,429,3,1,0,10,7,14,5.667,0.000,-5.667,220,220,704,600,600,50,0
9581,72,429,3,1,0,9,8,12,5.667,0.000,-5.667,220,220,754,600,600,50,0
9582,72,429,3,1,0,9,7,8,5.333,0.000,-5.333,220,220,804,600,600,50,0
9583,72,429,3,1,0,8,7,5,5.000,0.000,-5.000,220,220,854,600,600,50,0
9584,72,429,3,1,0,8,6,3,4.667,0.000,-4.667,220,220,904,600,600,50,0
9585,72,429,3,1,0,7,6,0,4.333,0.000,-4.333,220,220,954,600,600,50,0
9586,72,429,3,1,0,7,5,0,4.000,0.000,-4.000,220,220,1004,600,600,50,0
9587,72,429,3,1,0,6,5,0,3.667,0.000,-3.667,220,220,1054,600,600,50,0
9588,72,429,3,1,0,5,5,0,3.333,0.000,-3.333,220,220,1104,600,600,50,0
9589,72,429,3,1,0,5,5,0,3.333,0.000,-3.333,220,220,1154,600,600,50,0
9590,72,429,3,1,0,5,4,0,3.000,0.000,-3.000,220,220,1204,600,600,50,0
9591,72,430,4,1,8,8,0,0,5.333,0.000,-5.333,220,220,80,600,600,50,0
9592,72,430,4,1,9,8,0,1,5.667,0.000,-5.667,220,220,130,600,600,50,0
9593,72,430,4,1,10,8,0,4,6.000,0.000,-6.000,220,220,180,600,600,50,0
9594,72,430,4,1,10,8,0,7,6.000,0.000,-6.000,220,220,230,600,600,50,0
9595,72,430,4,1,10,8,0,10,6.000,0.000,-6.000,220,220,280,600,600,50,0
9596,72,430,4,1,10,9,0,13,6.333,0.000,-6.333,220,220,330,600,600,50,0
9597,72,430,4,1,11,10,0,16,7.000,0.000,-7.000,220,220,380,600,600,50,0
9598,72,430,4,1,11,10,1,19,7.333,1.000,-6.333,220,220,430,600,600,50,0
9599,72,430,4,1,15,10,8,22,11.000,8.000,-3.000,220,220,480,600,600,50,0
9600,72,430,4,1,12,10,14,24,12.000,14.000,2.000,220,220,530,575,575,50,1
9601,72,430,4,1,13,11,21,26,15.000,21.000,6.000,220,220,580,575,575,50,0
9602,72,430,4,1,13,12,29,29,18.000,29.000,11.000,220,220,630,575,575,50,0
9603,72,430,4,1,14,12,35,32,20.333,35.000,14.667,220,220,680,575,575,50,0
9604,72,430,4,1,14,13,42,34,23.000,42.000,19.000,220,220,730,575,575,50,0
9605,72,430,4,1,15,13,50,37,26.000,50.000,24.000,220,220,780,575,575,50,0
9606,72,430,4,1,15,13,57,40,28.333,57.000,28.667,220,220,830,575,575,50,0
9607,72,430,4,1,16,14,65,43,31.667,65.000,33.333,220,220,880,575,575,50,0
9608,72,430,4,1,16,14,71,45,33.667,71.000,37.333,220,220,930,575,575,50,0
9609,72,430,4,1,16,14,78,48,36.000,78.000,42.000,220,220,980,575,575,50,0
9610,72,430,4,1,17,14,86,51,39.000,86.000,47.000,220,220,1030,575,575,50,0
9611,72,430,4,1,17,14,93,53,41.333,93.000,51.667,220,220,1080,575,575,50,0
9612,72,431,5,1,12,78,13,44,34.333,78.000,43.667,220,220,54,575,575,50,0
9613,72,431,5,1,16,73,14,45,34.333,73.000,38.667,220,220,104,575,575,50,0
9614,72,431,5,1,16,65,13,42,31.333,65.000,33.667,220,220,154,575,575,50,0
9615,72,431,5,1,15,58,12,40,28.333,58.000,29.667,220,220,204,575,575,50,0
9616,72,431,5,1,15,50,12,36,25.667,50.000,24.333,220,220,254,575,575,50,0
9617,72,431,5,1,14,42,11,34,22.333,42.000,19.667,220,220,304,575,575,50,0
9618,72,431,5,1,14,35,11,31,20.000,35.000,15.000,220,220,354,575,575,50,0
9619,72,431,5,1,17,29,10,29,18.667,29.000,10.333,220,220,404,575,575,50,0
9620,72,431,5,1,13,21,10,26,14.667,21.000,6.333,220,220,454,575,575,50,0
9621,72,431,5,1,12,14,9,23,11.667,14.000,2.333,220,220,504,575,575,50,0
9622,72,431,5,1,12,8,9,21,9.667,8.000,-1.667,220,220,554,575,575,50,1
9623,72,431,5,1,12,1,9,18,7.333,1.000,-6.333,220,220,604,575,575,50,0
9624,72,431,5,1,11,0,8,16,6.333,0.000,-6.333,220,220,654,575,575,50,0
9625,72,431,5,1,11,0,8,13,6.333,0.000,-6.333,220,220,704,575,575,50,0
9626,72,431,5,1,10,0,7,10,5.667,0.000,-5.667,220,220,754,575,575,50,0
9627,72,431,5,1,10,0,7,7,5.667,0.000,-5.667,220,220,804,575,575,50,0
9628,72,431,5,1,10,0,7,4,5.667,0.000,-5.667,220,220,854,575,575,50,0
9629,72,431,5,1,9,0,6,2,5.000,0.000,-5.000,220,220,904,575,575,50,0
9630,72,431,5,1,9,0,5,0,4.667,0.000,-4.667,220,220,954,575,575,50,0
9631,72,431,5,1,8,0,5,0,4.333,0.000,-4.333,220,220,1004,575,575,50,0
9632,72,431,5,1,7,0,5,0,4.000,0.000,-4.000,220,220,1054,575,575,50,0
9633,72,431,5,1,7,0,4,0,3.667,0.000,-3.667,220,220,1104,575,575,50,0
9634,72,432,6,1,0,8,8,0,5.333,0.000,-5.333,220,220,54,575,575,50,0
9635,72,432,6,1,0,6,6,0,4.000,0.000,-4.000,220,220,104,575,575,50,0
9636,72,432,6,1,0,6,6,0,4.000,0.000,-4.000,220,220,154,575,575,50,0
9637,72,432,6,1,0,8,6,4,4.667,0.000,-4.667,220,220,204,575,575,50,0
9638,72,432,6,1,0,8,7,6,5.000,0.000,-5.000,220,220,254,575,575,50,0
9639,72,432,6,1,0,8,7,9,5.000,0.000,-5.000,220,220,304,575,575,50,0
9640,72,432,6,1,0,9,8,12,5.667,0.000,-5.667,220,220,354,575,575,50,0
9641,72,432,6,1,0,9,8,15,5.667,0.000,-5.667,220,220,404,575,575,50,0
9642,72,432,6,1,1,9,9,17,6.333,1.000,-5.333,220,220,454,575,575,50,0
9643,72,432,6,1,7,10,9,20,8.667,7.000,-1.667,220,220,504,575,575,50,0
9644,72,432,6,1,14,10,9,23,11.000,14.000,3.000,220,220,554,575,575,50,1
9645,72,432,6,1,21,10,10,26,13.667,21.000,7.333,220,220,604,575,575,50,0
9646,72,432,6,1,28,11,10,28,16.333,28.000,11.667,220,220,654,575,575,50,0
9647,72,432,6,1,35,11,10,30,18.667,35.000,16.333,220,220,704,575,575,50,0
9648,72,432,6,1,43,12,11,33,22.000,43.000,21.000,220,220,754,575,575,50,0
9649,72,432,6,1,50,13,12,36,25.000,50.000,25.000,220,220,804,575,575,50,0
9650,72,432,6,1,57,13,12,39,27.333,57.000,29.667,220,220,854,575,575,50,0
9651,72,432,6,1,64,13,12,41,29.667,64.000,34.333,220,220,904,575,575,50,0
9652,72,432,6,1,72,14,13,44,33.000,72.000,39.000,220,220,954,575,575,50,0
9653,72,432,6,1,78,14,13,46,35.000,78.000,43.000,220,220,1004,575,575,50,0
9654,72,432,6,1,85,15,13,49,37.667,85.000,47.333,220,220,1054,575,575,50,0
9655,72,432,6,1,92,15,13,51,40.000,92.000,52.000,220,220,1104,575,575,50,0
9656,73,433,1,1,18,11,83,48,37.333,83.000,45.667,220,220,54,575,575,50,0
9657,73,433,1,1,19,14,77,48,36.667,77.000,40.333,220,220,104,575,575,50,0
9658,73,433,1,1,17,14,70,45,33.667,70.000,36.333,220,220,154,575,575,50,0
9659,73,433,1,1,16,14,62,42,30.667,62.000,31.333,220,220,204,575,575,50,0
9660,73,433,1,1,16,13,54,39,27.667,54.000,26.333,220,220,254,575,575,50,0
9661,73,433,1,1,15,13,47,36,25.000,47.000,22.000,220,220,304,575,575,50,0
9662,73,433,1,1,14,12,39,33,21.667,39.000,17.333,220,220,354,575,575,50,0
9663,73,433,1,1,14,12,32,30,19.333,32.000,12.667,220,220,404,575,575,50,0
9664,73,433,1,1,14,11,25,28,16.667,25.000,8.333,220,220,454,575,575,50,0
9665,73,433,1,1,14,11,18,25,14.333,18.000,3.667,220,220,504,575,575,50,0
9666,73,433,1,1,13,10,10,22,11.000,10.000,-1.000,220,220,554,575,575,50,1
9667,73,433,1,1,12,10,4,20,8.667,4.000,-4.667,220,220,604,575,575,50,0
9668,73,433,1,1,12,10,0,17,7.333,0.000,-7.333,220,220,654,575,575,50,0
9669,73,433,1,1,12,9,0,15,7.000,0.000,-7.000,220,220,704,575,575,50,0
9670,73,433,1,1,11,9,0,12,6.667,0.000,-6.667,220,220,754,575,575,50,0
9671,73,433,1,1,11,8,0,9,6.333,0.000,-6.333,220,220,804,575,575,50,0
9672,73,433,1,1,10,8,0,6,6.000,0.000,-6.000,220,220,854,575,575,50,0
9673,73,433,1,1,10,8,0,3,6.000,0.000,-6.000,220,220,904,575,575,50,0
9674,73,433,1,1,9,7,0,0,5.333,0.000,-5.333,220,220,954,575,575,50,0
9675,73,433,1,1,9,7,0,0,5.333,0.000,-5.333,220,220,1004,575,575,50,0
9676,73,433,1,1,11,6,0,0,5.667,0.000,-5.667,220,220,1054,575,575,50,0
9677,73,433,1,1,8,5,0,0,4.333,0.000,-4.333,220,220,1104,575,575,50,0
9678,73,434,2,1,13,0,5,0,6.000,0.000,-6.000,220,220,54,575,575,50,0
9679,73,434,2,1,9,0,4,0,4.333,0.000,-4.333,220,220,104,575,575,50,0
9680,73,434,2,1,9,0,5,0,4.667,0.000,-4.667,220,220,154,575,575,50,0
9681,73,434,2,1,9,0,6,1,5.000,0.000,-5.000,220,220,204,575,575,50,0
9682,73,434,2,1,10,0,6,4,5.333,0.000,-5.333,220,220,254,575,575,50,0
9683,73,434,2,1,10,0,6,7,5.333,0.000,-5.333,220,220,304,575,575,50,0
9684,73,434,2,1,10,0,7,9,5.667,0.000,-5.667,220,220,354,575,575,50,0
9685,73,434,2,1,11,0,7,12,6.000,0.000,-6.000,220,220,404,575,575,50,0
9686,73,434,2,1,11,0,8,15,6.333,0.000,-6.333,220,220,454,575,575,50,0
9687,73,434,2,1,12,0,8,18,6.667,0.000,-6.667,220,220,504,575,575,50,0
9688,73,434,2,1,12,6,8,20,8.667,6.000,-2.667,220,220,554,575,575,50,0
9689,73,434,2,1,13,13,9,22,11.667,13.000,1.333,220,220,604,600,600,50,1
9690,73,434,2,1,13,20,9,25,14.000,20.000,6.000,220,220,654,600,600,50,0
9691,73,434,2,1,13,27,10,28,16.667,27.000,10.333,220,220,704,600,600,50,0
9692,73,434,2,1,15,33,10,30,19.333,33.000,13.667,220,220,754,600,600,50,0
9693,73,434,2,1,15,41,11,33,22.333,41.000,18.667,220,220,804,600,600,50,0
9694,73,434,2,1,15,48,11,36,24.667,48.000,23.333,220,220,854,600,600,50,0
9695,73,434,2,1,18,55,12,39,28.333,55.000,26.667,220,220,904,600,600,50,0
9696,73,434,2,1,16,63,12,41,30.333,63.000,32.667,220,220,954,600,600,50,0
9697,73,434,2,1,16,71,12,44,33.000,71.000,38.000,220,220,1004,600,600,50,0
9698,73,434,2,1,16,78,13,47,35.667,78.000,42.333,220,220,1054,600,600,50,0
9699,73,434,2,1,17,85,13,50,38.333,85.000,46.667,220,220,1104,600,600,50,0
9700,73,434,2,1,17,93,14,52,41.333,93.000,51.667,220,220,1154,600,600,50,0
9701,73,434,2,1,17,101,14,55,44.000,101.000,57.000,220,220,1204,600,600,50,0
9702,73,435,3,1,78,15,12,46,35.000,78.000,43.000,220,220,80,600,600,50,0
9703,73,435,3,1,70,14,12,43,32.000,70.000,38.000,220,220,130,600,600,50,0
9704,73,435,3,1,61,14,12,40,29.000,61.000,32.000,220,220,180,600,600,50,0
9705,73,435,3,1,53,13,11,37,25.667,53.000,27.333,220,220,230,600,600,50,0
9706,73,435,3,1,46,12,11,34,23.000,46.000,23.000,220,220,280,600,600,50,0
9707,73,435,3,1,38,12,11,31,20.333,38.000,17.667,220,220,330,600,600,50,0
9708,73,435,3,1,31,12,10,28,17.667,31.000,13.333,220,220,380,600,600,50,0
9709,73,435,3,1,24,11,9,26,14.667,24.000,9.333,220,220,430,600,600,50,0
9710,73,435,3,1,16,11,9,23,12.000,16.000,4.000,220,220,480,600,600,50,0
9711,73,435,3,1,9,10,9,21,9.333,9.000,-0.333,220,220,530,600,600,50,1
9712,73,435,3,1,2,10,8,18,6.667,2.000,-4.667,220,220,580,600,600,50,0
9713,73,435,3,1,0,10,8,15,6.000,0.000,-6.000,220,220,630,600,600,50,0
9714,73,435,3,1,0,9,8,13,5.667,0.000,-5.667,220,220,680,600,600,50,0
9715,73,435,3,1,0,8,7,9,5.000,0.000,-5.000,220,220,730,600,600,50,0
9716,73,435,3,1,0,8,7,7,5.000,0.000,-5.000,220,220,780,600,600,50,0
9717,73,435,3,1,0,8,6,4,4.667,0.000,-4.667,220,220,830,600,600,50,0
9718,73,435,3,1,0,7,6,2,4.333,0.000,-4.333,220,220,880,600,600,50,0
9719,73,435,3,1,0,7,5,0,4.000,0.000,-4.000,220,220,930,600,600,50,0
9720,73,435,3,1,0,7,5,0,4.000,0.000,-4.000,220,220,980,600,600,50,0
9721,73,435,3,1,0,6,4,0,3.333,0.000,-3.333,220,220,1030,600,600,50,0
9722,73,435,3,1,0,5,5,0,3.333,0.000,-3.333,220,220,1080,600,600,50,0
9723,73,435,3,1,0,4,4,0,2.667,0.000,-2.667,220,220,1130,600,600,50,0
9724,73,435,3,1,0,4,3,0,2.333,0.000,-2.333,220,220,1180,600,600,50,0
9725,73,436,4,1,8,8,0,0,5.333,0.000,-5.333,220,220,80,600,600,50,0
9726,73,436,4,1,9,8,0,3,5.667,0.000,-5.667,220,220,130,600,600,50,0
9727,73,436,4,1,9,8,0,6,5.667,0.000,-5.667,220,220,180,600,600,50,0
9728,73,436,4,1,10,9,0,8,6.333,0.000,-6.333,220,220,230,600,600,50,0
9729,73,436,4,1,11,9,0,11,6.667,0.000,-6.667,220,220,280,600,600,50,0
9730,73,436,4,1,11,9,0,13,6.667,0.000,-6.667,220,220,330,600,600,50,0
9731,73,436,4,1,11,10,0,16,7.000,0.000,-7.000,220,220,380,600,600,50,0
9732,73,436,4,1,11,10,2,19,7.667,2.000,-5.667,220,220,430,600,600,50,0
9733,73,436,4,1,15,10,9,22,11.333,9.000,-2.333,220,220,480,600,600,50,0
9734,73,436,4,1,13,11,14,24,12.667,14.000,1.333,220,220,530,575,575,50,1
9735,73,436,4,1,13,11,22,27,15.333,22.000,6.667,220,220,580,575,575,50,0
9736,73,436,4,1,13,11,29,29,17.667,29.000,11.333,220,220,630,575,575,50,0
9737,73,436,4,1,14,12,35,32,20.333,35.000,14.667,220,220,680,575,575,50,0
9738,73,436,4,1,14,12,42,34,22.667,42.000,19.333,220,220,730,575,575,50,0
9739,73,436,4,1,14,13,50,37,25.667,50.000,24.333,220,220,780,575,575,50,0
9740,73,436,4,1,15,13,58,40,28.667,58.000,29.333,220,220,830,575,575,50,0
9741,73,436,4,1,15,14,64,43,31.000,64.000,33.000,220,220,880,575,575,50,0
9742,73,436,4,1,16,14,72,45,34.000,72.000,38.000,220,220,930,575,575,50,0
9743,73,436,4,1,16,14,79,48,36.333,79.000,42.667,220,220,980,575,575,50,0
9744,73,436,4,1,17,14,87,51,39.333,87.000,47.667,220,220,1030,575,575,50,0
9745,73,436,4,1,17,15,94,53,42.000,94.000,52.000,220,220,1080,575,575,50,0
9746,73,437,5,1,12,81,13,45,35.333,81.000,45.667,220,220,54,575,575,50,0
9747,73,437,5,1,16,76,14,46,35.333,76.000,40.667,220,220,104,575,575,50,0
9748,73,437,5,1,16,68,12,43,32.000,68.000,36.000,220,220,154,575,575,50,0
9749,73,437,5,1,15,60,13,40,29.333,60.000,30.667,220,220,204,575,575,50,0
9750,73,437,5,1,14,51,12,37,25.667,51.000,25.333,220,220,254,575,575,50,0
9751,73,437,5,1,14,44,11,34,23.000,44.000,21.000,220,220,304,575,575,50,0
9752,73,437,5,1,17,36,11,32,21.333,36.000,14.667,220,220,354,575,575,50,0
9753,73,437,5,1,14,29,10,29,17.667,29.000,11.333,220,220,404,575,575,50,0
9754,73,437,5,1,13,21,10,26,14.667,21.000,6.333,220,220,454,575,575,50,0
9755,73,437,5,1,12,14,10,23,12.000,14.000,2.000,220,220,504,575,575,50,0
9756,73,437,5,1,12,7,9,21,9.333,7.000,-2.333,220,220,554,575,575,50,1
9757,73,437,5,1,12,0,9,18,7.000,0.000,-7.000,220,220,604,575,575,50,0
9758,73,437,5,1,11,0,8,15,6.333,0.000,-6.333,220,220,654,575,575,50,0
9759,73,437,5,1,11,0,8,13,6.333,0.000,-6.333,220,220,704,575,575,50,0
9760,73,437,5,1,10,0,7,10,5.667,0.000,-5.667,220,220,754,575,575,50,0
9761,73,437,5,1,10,0,7,7,5.667,0.000,-5.667,220,220,804,575,575,50,0
9762,73,437,5,1,9,0,6,4,5.000,0.000,-5.000,220,220,854,575,575,50,0
9763,73,437,5,1,9,0,6,2,5.000,0.000,-5.000,220,220,904,575,575,50,0
9764,73,437,5,1,9,0,5,0,4.667,0.000,-4.667,220,220,954,575,575,50,0
9765,73,437,5,1,8,0,5,0,4.333,0.000,-4.333,220,220,1004,575,575,50,0
9766,73,437,5,1,7,0,4,0,3.667,0.000,-3.667,220,220,1054,575,575,50,0
9767,73,437,5,1,8,0,4,0,4.000,0.000,-4.000,220,220,1104,575,575,50,0
9768,73,438,6,1,0,8,8,0,5.333,0.000,-5.333,220,220,54,575,575,50,0
9769,73,438,6,1,0,6,6,0,4.000,0.000,-4.000,220,220,104,575,575,50,0
9770,73,438,6,1,0,6,6,1,4.000,0.000,-4.000,220,220,154,575,575,50,0
9771,73,438,6,1,0,7,6,4,4.333,0.000,-4.333,220,220,204,575,575,50,0
9772,73,438,6,1,0,8,6,6,4.667,0.000,-4.667,220,220,254,575,575,50,0
9773,73,438,6,1,0,8,7,9,5.000,0.000,-5.000,220,220,304,575,575,50,0
9774,73,438,6,1,0,8,8,12,5.333,0.000,-5.333,220,220,354,575,575,50,0
9775,73,438,6,1,0,9,8,15,5.667,0.000,-5.667,220,220,404,575,575,50,0
9776,73,438,6,1,0,9,9,17,6.000,0.000,-6.000,220,220,454,575,575,50,0
9777,73,438,6,1,7,10,9,20,8.667,7.000,-1.667,220,220,504,575,575,50,0
9778,73,438,6,1,14,10,9,23,11.000,14.000,3.000,220,220,554,575,575,50,1
9779,73,438,6,1,21,11,10,25,14.000,21.000,7.000,220,220,604,575,575,50,0
9780,73,438,6,1,28,10,10,28,16.000,28.000,12.000,220,220,654,575,575,50,0
9781,73,438,6,1,35,12,10,30,19.000,35.000,16.000,220,220,704,575,575,50,0
9782,73,438,6,1,43,12,11,33,22.000,43.000,21.000,220,220,754,575,575,50,0
9783,73,438,6,1,50,12,11,36,24.333,50.000,25.667,220,220,804,575,575,50,0
9784,73,438,6,1,57,12,11,38,26.667,57.000,30.333,220,220,854,575,575,50,0
9785,73,438,6,1,65,13,12,42,30.000,65.000,35.000,220,220,904,575,575,50,0
9786,73,438,6,1,72,14,12,44,32.667,72.000,39.333,220,220,954,575,575,50,0
9787,73,438,6,1,80,14,12,47,35.333,80.000,44.667,220,220,1004,575,575,50,0
9788,73,438,6,1,87,14,13,49,38.000,87.000,49.000,220,220,1054,575,575,50,0
9789,73,438,6,1,95,15,13,52,41.000,95.000,54.000,220,220,1104,575,575,50,0
9790,74,439,1,1,18,10,79,46,35.667,79.000,43.333,220,220,54,575,575,50,0
9791,74,439,1,1,17,13,74,47,34.667,74.000,39.333,220,220,104,575,575,50,0
9792,74,439,1,1,17,13,66,43,32.000,66.000,34.000,220,220,154,575,575,50,0
9793,74,439,1,1,16,13,57,40,28.667,57.000,28.333,220,220,204,575,575,50,0
9794,74,439,1,1,15,13,50,37,26.000,50.000,24.000,220,220,254,575,575,50,0
9795,74,439,1,1,15,12,42,35,23.000,42.000,19.000,220,220,304,575,575,50,0
9796,74,439,1,1,14,12,35,31,20.333,35.000,14.667,220,220,354,575,575,50,0
9797,74,439,1,1,14,11,28,29,17.667,28.000,10.333,220,220,404,575,575,50,0
9798,74,439,1,1,13,11,21,26,15.000,21.000,6.000,220,220,454,575,575,50,0
9799,74,439,1,1,13,10,14,24,12.333,14.000,1.667,220,220,504,575,575,50,0
9800,74,439,1,1,13,10,8,22,10.333,8.000,-2.333,220,220,554,575,575,50,1
9801,74,439,1,1,12,9,1,19,7.333,1.000,-6.333,220,220,604,575,575,50,0
9802,74,439,1,1,12,9,0,16,7.000,0.000,-7.000,220,220,654,575,575,50,0
9803,74,439,1,1,12,9,0,14,7.000,0.000,-7.000,220,220,704,575,575,50,0
9804,74,439,1,1,11,8,0,11,6.333,0.000,-6.333,220,220,754,575,575,50,0
9805,74,439,1,1,10,8,0,8,6.000,0.000,-6.000,220,220,804,575,575,50,0
9806,74,439,1,1,10,8,0,5,6.000,0.000,-6.000,220,220,854,575,575,50,0
9807,74,439,1,1,10,8,0,3,6.000,0.000,-6.000,220,220,904,575,575,50,0
9808,74,439,1,1,9,6,0,0,5.000,0.000,-5.000,220,220,954,575,575,50,0
9809,74,439,1,1,9,7,0,0,5.333,0.000,-5.333,220,220,1004,575,575,50,0
9810,74,439,1,1,11,6,0,0,5.667,0.000,-5.667,220,220,1054,575,575,50,0
9811,74,439,1,1,8,5,0,0,4.333,0.000,-4.333,220,220,1104,575,575,50,0
9812,74,440,2,1,13,0,5,0,6.000,0.000,-6.000,220,220,54,575,575,50,0
9813,74,440,2,1,9,0,4,0,4.333,0.000,-4.333,220,220,104,575,575,50,0
9814,74,440,2,1,9,0,5,0,4.667,0.000,-4.667,220,220,154,575,575,50,0
9815,74,440,2,1,9,0,5,0,4.667,0.000,-4.667,220,220,204,575,575,50,0
9816,74,440,2,1,10,0,6,3,5.333,0.000,-5.333,220,220,254,575,575,50,0
9817,74,440,2,1,10,0,6,6,5.333,0.000,-5.333,220,220,304,575,575,50,0
9818,74,440,2,1,10,0,7,9,5.667,0.000,-5.667,220,220,354,575,575,50,0
9819,74,440,2,1,11,0,7,12,6.000,0.000,-6.000,220,220,404,575,575,50,0
9820,74,440,2,1,12,0,8,14,6.667,0.000,-6.667,220,220,454,575,575,50,0
9821,74,440,2,1,12,0,8,17,6.667,0.000,-6.667,220,220,504,575,575,50,0
9822,74,440,2,1,12,5,9,19,8.667,5.000,-3.667,220,220,554,575,575,50,0
9823,74,440,2,1,12,12,9,22,11.000,12.000,1.000,220,220,604,600,600,50,1
9824,74,440,2,1,13,19,10,25,14.000,19.000,5.000,220,220,654,600,600,50,0
9825,74,440,2,1,13,26,9,28,16.000,26.000,10.000,220,220,704,600,600,50,0
9826,74,440,2,1,14,33,10,30,19.000,33.000,14.000,220,220,754,600,600,50,0
9827,74,440,2,1,14,40,10,33,21.333,40.000,18.667,220,220,804,600,600,50,0
9828,74,440,2,1,15,48,11,36,24.667,48.000,23.333,220,220,854,600,600,50,0
9829,74,440,2,1,18,56,12,39,28.667,56.000,27.333,220,220,904,600,600,50,0
9830,74,440,2,1,15,64,12,42,30.333,64.000,33.667,220,220,954,600,600,50,0
9831,74,440,2,1,16,72,12,44,33.333,72.000,38.667,220,220,1004,600,600,50,0
9832,74,440,2,1,16,79,13,47,36.000,79.000,43.000,220,220,1054,600,600,50,0
9833,74,440,2,1,17,86,13,50,38.667,86.000,47.333,220,220,1104,600,600,50,0
9834,74,440,2,1,17,94,14,53,41.667,94.000,52.333,220,220,1154,600,600,50,0
9835,74,440,2,1,17,102,14,55,44.333,102.000,57.667,220,220,1204,600,600,50,0
9836,74,441,3,1,79,15,12,46,35.333,79.000,43.667,220,220,80,600,600,50,0
9837,74,441,3,1,70,14,12,44,32.000,70.000,38.000,220,220,130,600,600,50,0
9838,74,441,3,1,63,13,11,40,29.000,63.000,34.000,220,220,180,600,600,50,0
9839,74,441,3,1,54,13,11,37,26.000,54.000,28.000,220,220,230,600,600,50,0
9840,74,441,3,1,46,12,11,34,23.000,46.000,23.000,220,220,280,600,600,50,0
9841,74,441,3,1,39,12,10,31,20.333,39.000,18.667,220,220,330,600,600,50,0
9842,74,441,3,1,32,11,10,29,17.667,32.000,14.333,220,220,380,600,600,50,0
9843,74,441,3,1,24,11,10,26,15.000,24.000,9.000,220,220,430,600,600,50,0
9844,74,441,3,1,18,11,9,24,12.667,18.000,5.333,220,220,480,600,600,50,0
9845,74,441,3,1,11,11,9,21,10.333,11.000,0.667,220,220,530,600,600,50,0
9846,74,441,3,1,4,10,8,18,7.333,4.000,-3.333,220,220,580,600,600,50,1
9847,74,441,3,1,0,10,8,16,6.000,0.000,-6.000,220,220,630,600,600,50,0
9848,74,441,3,1,0,9,8,13,5.667,0.000,-5.667,220,220,680,600,600,50,0
9849,74,441,3,1,0,9,7,11,5.333,0.000,-5.333,220,220,730,600,600,50,0
9850,74,441,3,1,0,8,7,8,5.000,0.000,-5.000,220,220,780,600,600,50,0
9851,74,441,3,1,0,8,7,5,5.000,0.000,-5.000,220,220,830,600,600,50,0
9852,74,441,3,1,0,7,6,2,4.333,0.000,-4.333,220,220,880,600,600,50,0
9853,74,441,3,1,0,7,6,0,4.333,0.000,-4.333,220,220,930,600,600,50,0
9854,74,441,3,1,0,6,5,0,3.667,0.000,-3.667,220,220,980,600,600,50,0
9855,74,441,3,1,0,6,4,0,3.333,0.000,-3.333,220,220,1030,600,600,50,0
9856,74,441,3,1,0,5,5,0,3.333,0.000,-3.333,220,220,1080,600,600,50,0
9857,74,441,3,1,0,4,4,0,2.667,0.000,-2.667,220,220,1130,600,600,50,0
9858,74,441,3,1,0,4,4,0,2.667,0.000,-2.667,220,220,1180,600,600,50,0
9859,74,442,4,1,8,8,0,0,5.333,0.000,-5.333,220,220,80,600,600,50,0
9860,74,442,4,1,9,8,0,3,5.667,0.000,-5.667,220,220,130,600,600,50,0
9861,74,442,4,1,10,8,0,6,6.000,0.000,-6.000,220,220,180,600,600,50,0
9862,74,442,4,1,10,8,0,9,6.000,0.000,-6.000,220,220,230,600,600,50,0
9863,74,442,4,1,10,8,0,11,6.000,0.000,-6.000,220,220,280,600,600,50,0
9864,74,442,4,1,11,9,0,14,6.667,0.000,-6.667,220,220,330,600,600,50,0
9865,74,442,4,1,11,10,0,17,7.000,0.000,-7.000,220,220,380,600,600,50,0
9866,74,442,4,1,12,10,3,20,8.333,3.000,-5.333,220,220,430,600,600,50,0
9867,74,442,4,1,15,10,10,22,11.667,10.000,-1.667,220,220,480,600,600,50,0
9868,74,442,4,1,12,11,17,25,13.333,17.000,3.667,220,220,530,575,575,50,1
9869,74,442,4,1,13,11,24,28,16.000,24.000,8.000,220,220,580,575,575,50,0
9870,74,442,4,1,13,12,31,30,18.667,31.000,12.333,220,220,630,575,575,50,0
9871,74,442,4,1,14,12,38,33,21.333,38.000,16.667,220,220,680,575,575,50,0
9872,74,442,4,1,14,13,45,36,24.000,45.000,21.000,220,220,730,575,575,50,0
9873,74,442,4,1,15,13,53,38,27.000,53.000,26.000,220,220,780,575,575,50,0
9874,74,442,4,1,15,13,60,41,29.333,60.000,30.667,220,220,830,575,575,50,0
9875,74,442,4,1,16,14,68,44,32.667,68.000,35.333,220,220,880,575,575,50,0
9876,74,442,4,1,16,14,74,46,34.667,74.000,39.333,220,220,930,575,575,50,0
9877,74,442,4,1,17,14,82,49,37.667,82.000,44.333,220,220,980,575,575,50,0
9878,74,442,4,1,17,14,90,51,40.333,90.000,49.667,220,220,1030,575,575,50,0
9879,74,442,4,1,17,15,98,54,43.333,98.000,54.667,220,220,1080,575,575,50,0
9880,74,443,5,1,12,77,13,44,34.000,77.000,43.000,220,220,54,575,575,50,0
9881,74,443,5,1,15,72,14,45,33.667,72.000,38.333,220,220,104,575,575,50,0
9882,74,443,5,1,15,65,13,42,31.000,65.000,34.000,220,220,154,575,575,50,0
9883,74,443,5,1,15,57,12,39,28.000,57.000,29.000,220,220,204,575,575,50,0
9884,74,443,5,1,14,49,12,36,25.000,49.000,24.000,220,220,254,575,575,50,0
9885,74,443,5,1,14,42,11,34,22.333,42.000,19.667,220,220,304,575,575,50,0
9886,74,443,5,1,17,34,11,31,20.667,34.000,13.333,220,220,354,575,575,50,0
9887,74,443,5,1,13,28,10,28,17.000,28.000,11.000,220,220,404,575,575,50,0
9888,74,443,5,1,13,20,10,26,14.333,20.000,5.667,220,220,454,575,575,50,0
9889,74,443,5,1,13,14,10,23,12.333,14.000,1.667,220,220,504,575,575,50,0
9890,74,443,5,1,12,7,9,21,9.333,7.000,-2.333,220,220,554,575,575,50,1
9891,74,443,5,1,12,1,9,18,7.333,1.000,-6.333,220,220,604,575,575,50,0
9892,74,443,5,1,12,0,8,16,6.667,0.000,-6.667,220,220,654,575,575,50,0
9893,74,443,5,1,11,0,8,13,6.333,0.000,-6.333,220,220,704,575,575,50,0
9894,74,443,5,1,10,0,8,11,6.000,0.000,-6.000,220,220,754,575,575,50,0
9895,74,443,5,1,10,0,7,8,5.667,0.000,-5.667,220,220,804,575,575,50,0
9896,74,443,5,1,10,0,7,4,5.667,0.000,-5.667,220,220,854,575,575,50,0
9897,74,443,5,1,9,0,6,2,5.000,0.000,-5.000,220,220,904,575,575,50,0
9898,74,443,5,1,9,0,6,0,5.000,0.000,-5.000,220,220,954,575,575,50,0
9899,74,443,5,1,8,0,5,0,4.333,0.000,-4.333,220,220,1004,575,575,50,0
9900,74,443,5,1,8,0,5,0,4.333,0.000,-4.333,220,220,1054,575,575,50,0
9901,74,443,5,1,7,0,4,0,3.667,0.000,-3.667,220,220,1104,575,575,50,0
9902,74,444,6,1,0,7,8,0,5.000,0.000,-5.000,220,220,54,575,575,50,0
9903,74,444,6,1,0,6,6,0,4.000,0.000,-4.000,220,220,104,575,575,50,0
9904,74,444,6,1,0,6,6,0,4.000,0.000,-4.000,220,220,154,575,575,50,0
9905,74,444,6,1,0,7,6,2,4.333,0.000,-4.333,220,220,204,575,575,50,0
9906,74,444,6,1,0,8,7,6,5.000,0.000,-5.000,220,220,254,575,575,50,0
9907,74,444,6,1,0,8,7,8,5.000,0.000,-5.000,220,220,304,575,575,50,0
9908,74,444,6,1,0,8,8,11,5.333,0.000,-5.333,220,220,354,575,575,50,0
9909,74,444,6,1,0,9,8,14,5.667,0.000,-5.667,220,220,404,575,575,50,0
9910,74,444,6,1,0,9,8,17,5.667,0.000,-5.667,220,220,454,575,575,50,0
9911,74,444,6,1,6,10,8,20,8.000,6.000,-2.000,220,220,504,575,575,50,0
9912,74,444,6,1,13,10,9,22,10.667,13.000,2.333,220,220,554,575,575,50,1
9913,74,444,6,1,20,11,10,25,13.667,20.000,6.333,220,220,604,575,575,50,0
9914,74,444,6,1,27,11,10,28,16.000,27.000,11.000,220,220,654,575,575,50,0
9915,74,444,6,1,35,11,10,30,18.667,35.000,16.333,220,220,704,575,575,50,0
9916,74,444,6,1,42,12,11,33,21.667,42.000,20.333,220,220,754,575,575,50,0
9917,74,444,6,1,49,12,11,36,24.000,49.000,25.000,220,220,804,575,575,50,0
9918,74,444,6,1,56,13,12,38,27.000,56.000,29.000,220,220,854,575,575,50,0
9919,74,444,6,1,63,13,11,41,29.000,63.000,34.000,220,220,904,575,575,50,0
9920,74,444,6,1,70,13,12,43,31.667,70.000,38.333,220,220,954,575,575,50,0
9921,74,444,6,1,77,14,12,46,34.333,77.000,42.667,220,220,1004,575,575,50,0
9922,74,444,6,1,84,14,13,48,37.000,84.000,47.000,220,220,1054,575,575,50,0
9923,74,444,6,1,91,14,13,51,39.333,91.000,51.667,220,220,1104,575,575,50,0
9924,75,445,1,1,18,11,80,46,36.333,80.000,43.667,220,220,54,575,575,50,0
9925,75,445,1,1,18,13,74,47,35.000,74.000,39.000,220,220,104,575,575,50,0
9926,75,445,1,1,17,14,67,44,32.667,67.000,34.333,220,220,154,575,575,50,0
9927,75,445,1,1,16,13,59,40,29.333,59.000,29.667,220,220,204,575,575,50,0
9928,75,445,1,1,15,12,51,38,26.000,51.000,25.000,220,220,254,575,575,50,0
9929,75,445,1,1,15,12,44,35,23.667,44.000,20.333,220,220,304,575,575,50,0
9930,75,445,1,1,14,12,37,32,21.000,37.000,16.000,220,220,354,575,575,50,0
9931,75,445,1,1,14,11,30,29,18.333,30.000,11.667,220,220,404,575,575,50,0
9932,75,445,1,1,13,11,23,27,15.667,23.000,7.333,220,220,454,575,575,50,0
9933,75,445,1,1,13,11,16,24,13.333,16.000,2.667,220,220,504,575,575,50,0
9934,75,445,1,1,13,10,9,22,10.667,9.000,-1.667,220,220,554,575,575,50,1
9935,75,445,1,1,12,10,2,19,8.000,2.000,-6.000,220,220,604,575,575,50,0
9936,75,445,1,1,12,9,0,17,7.000,0.000,-7.000,220,220,654,575,575,50,0
9937,75,445,1,1,11,9,0,14,6.667,0.000,-6.667,220,220,704,575,575,50,0
9938,75,445,1,1,11,8,0,11,6.333,0.000,-6.333,220,220,754,575,575,50,0
9939,75,445,1,1,11,8,0,9,6.333,0.000,-6.333,220,220,804,575,575,50,0
9940,75,445,1,1,10,8,0,5,6.000,0.000,-6.000,220,220,854,575,575,50,0
9941,75,445,1,1,9,7,0,3,5.333,0.000,-5.333,220,220,904,575,575,50,0
9942,75,445,1,1,9,7,0,0,5.333,0.000,-5.333,220,220,954,575,575,50,0
9943,75,445,1,1,8,6,0,0,4.667,0.000,-4.667,220,220,1004,575,575,50,0
9944,75,445,1,1,6,6,0,0,4.000,0.000,-4.000,220,220,1054,575,575,50,0
9945,75,445,1,1,10,5,0,0,5.000,0.000,-5.000,220,220,1104,575,575,50,0
9946,75,446,2,1,13,0,5,0,6.000,0.000,-6.000,220,220,54,575,575,50,0
9947,75,446,2,1,9,0,4,0,4.333,0.000,-4.333,220,220,104,575,575,50,0
9948,75,446,2,1,10,0,5,0,5.000,0.000,-5.000,220,220,154,575,575,50,0
9949,75,446,2,1,9,0,6,2,5.000,0.000,-5.000,220,220,204,575,575,50,0
9950,75,446,2,1,10,0,6,4,5.333,0.000,-5.333,220,220,254,575,575,50,0
9951,75,446,2,1,10,0,6,7,5.333,0.000,-5.333,220,220,304,575,575,50,0
9952,75,446,2,1,10,0,7,10,5.667,0.000,-5.667,220,220,354,575,575,50,0
9953,75,446,2,1,11,0,7,13,6.000,0.000,-6.000,220,220,404,575,575,50,0
9954,75,446,2,1,12,0,8,16,6.667,0.000,-6.667,220,220,454,575,575,50,0
9955,75,446,2,1,12,1,8,18,7.000,1.000,-6.000,220,220,504,575,575,50,0
9956,75,446,2,1,12,7,8,20,9.000,7.000,-2.000,220,220,554,575,575,50,0
9957,75,446,2,1,13,14,8,23,11.667,14.000,2.333,220,220,604,600,600,50,1
9958,75,446,2,1,13,21,9,26,14.333,21.000,6.667,220,220,654,600,600,50,0
9959,75,446,2,1,14,28,10,28,17.333,28.000,10.667,220,220,704,600,600,50,0
9960,75,446,2,1,14,35,10,31,19.667,35.000,15.333,220,220,754,600,600,50,0
9961,75,446,2,1,14,42,11,33,22.333,42.000,19.667,220,220,804,600,600,50,0
9962,75,446,2,1,15,49,11,36,25.000,49.000,24.000,220,220,854,600,600,50,0
9963,75,446,2,1,18,57,11,39,28.667,57.000,28.333,220,220,904,600,600,50,0
9964,75,446,2,1,16,64,12,42,30.667,64.000,33.333,220,220,954,600,600,50,0
9965,75,446,2,1,16,71,12,44,33.000,71.000,38.000,220,220,1004,600,600,50,0
9966,75,446,2,1,16,79,13,47,36.000,79.000,43.000,220,220,1054,600,600,50,0
9967,75,446,2,1,17,86,13,49,38.667,86.000,47.333,220,220,1104,600,600,50,0
9968,75,446,2,1,17,94,13,52,41.333,94.000,52.667,220,220,1154,600,600,50,0
9969,75,446,2,1,17,101,14,55,44.000,101.000,57.000,220,220,1204,600,600,50,0
9970,75,447,3,1,80,15,12,47,35.667,80.000,44.333,220,220,80,600,600,50,0
9971,75,447,3,1,73,15,12,44,33.333,73.000,39.667,220,220,130,600,600,50,0
9972,75,447,3,1,65,13,12,41,30.000,65.000,35.000,220,220,180,600,600,50,0
9973,75,447,3,1,57,13,12,38,27.333,57.000,29.667,220,220,230,600,600,50,0
9974,75,447,3,1,49,13,11,35,24.333,49.000,24.667,220,220,280,600,600,50,0
9975,75,447,3,1,42,12,10,32,21.333,42.000,20.667,220,220,330,600,600,50,0
9976,75,447,3,1,34,12,10,30,18.667,34.000,15.333,220,220,380,600,600,50,0
9977,75,447,3,1,27,11,10,27,16.000,27.000,11.000,220,220,430,600,600,50,0
9978,75,447,3,1,20,11,9,24,13.333,20.000,6.667,220,220,480,600,600,50,0
9979,75,447,3,1,13,11,9,22,11.000,13.000,2.000,220,220,530,600,600,50,0
9980,75,447,3,1,5,10,8,19,7.667,5.000,-2.667,220,220,580,600,600,50,1
9981,75,447,3,1,0,10,8,16,6.000,0.000,-6.000,220,220,630,600,600,50,0
9982,75,447,3,1,0,9,8,13,5.667,0.000,-5.667,220,220,680,600,600,50,0
9983,75,447,3,1,0,9,7,11,5.333,0.000,-5.333,220,220,730,600,600,50,0
9984,75,447,3,1,0,8,7,8,5.000,0.000,-5.000,220,220,780,600,600,50,0
9985,75,447,3,1,0,8,6,5,4.667,0.000,-4.667,220,220,830,600,600,50,0
9986,75,447,3,1,0,7,6,2,4.333,0.000,-4.333,220,220,880,600,600,50,0
9987,75,447,3,1,0,7,6,0,4.333,0.000,-4.333,220,220,930,600,600,50,0
9988,75,447,3,1,0,6,5,0,3.667,0.000,-3.667,220,220,980,600,600,50,0
9989,75,447,3,1,0,6,5,0,3.667,0.000,-3.667,220,220,1030,600,600,50,0
9990,75,447,3,1,0,5,5,0,3.333,0.000,-3.333,220,220,1080,600,600,50,0
9991,75,447,3,1,0,5,4,0,3.000,0.000,-3.000,220,220,1130,600,600,50,0
9992,75,447,3,1,0,4,3,0,2.333,0.000,-2.333,220,220,1180,600,600,50,0
9993,75,448,4,1,8,8,0,0,5.333,0.000,-5.333,220,220,80,600,600,50,0
9994,75,448,4,1,9,8,0,2,5.667,0.000,-5.667,220,220,130,600,600,50,0
9995,75,448,4,1,10,8,0,5,6.000,0.000,-6.000,220,220,180,600,600,50,0
9996,75,448,4,1,10,8,0,8,6.000,0.000,-6.000,220,220,230,600,600,50,0
9997,75,448,4,1,10,9,0,10,6.333,0.000,-6.333,220,220,280,600,600,50,0
9998,75,448,4,1,10,9,0,14,6.333,0.000,-6.333,220,220,330,600,600,50,0
9999,75,448,4,1,11,10,0,16,7.000,0.000,-7.000,220,220,380,600,600,50,0
10000,75,448,4,1,12,10,1,19,7.667,1.000,-6.667,220,220,430,600,600,50,0
10001,75,448,4,1,15,10,8,22,11.000,8.000,-3.000,220,220,480,600,600,50,0
10002,75,448,4,1,12,11,14,24,12.333,14.000,1.667,220,220,530,575,575,50,1
10003,75,448,4,1,13,11,21,26,15.000,21.000,6.000,220,220,580,575,575,50,0
10004,75,448,4,1,13,12,28,29,17.667,28.000,10.333,220,220,630,575,575,50,0
10005,75,448,4,1,14,12,35,31,20.333,35.000,14.667,220,220,680,575,575,50,0
10006,75,448,4,1,14,12,42,34,22.667,42.000,19.333,220,220,730,575,575,50,0
10007,75,448,4,1,14,12,49,36,25.000,49.000,24.000,220,220,780,575,575,50,0
10008,75,448,4,1,15,13,56,40,28.000,56.000,28.000,220,220,830,575,575,50,0
10009,75,448,4,1,15,12,63,42,30.000,63.000,33.000,220,220,880,575,575,50,0
10010,75,448,4,1,16,14,70,45,33.333,70.000,36.667,220,220,930,575,575,50,0
10011,75,448,4,1,16,14,78,48,36.000,78.000,42.000,220,220,980,575,575,50,0
10012,75,448,4,1,16,14,86,50,38.667,86.000,47.333,220,220,1030,575,575,50,0
10013,75,448,4,1,17,14,93,53,41.333,93.000,51.667,220,220,1080,575,575,50,0
10014,75,449,5,1,12,77,13,44,34.000,77.000,43.000,220,220,54,575,575,50,0
10015,75,449,5,1,16,73,14,46,34.333,73.000,38.667,220,220,104,575,575,50,0
10016,75,449,5,1,15,65,13,42,31.000,65.000,34.000,220,220,154,575,575,50,0
10017,75,449,5,1,15,57,12,39,28.000,57.000,29.000,220,220,204,575,575,50,0
10018,75,449,5,1,15,49,11,36,25.000,49.000,24.000,220,220,254,575,575,50,0
10019,75,449,5,1,14,42,11,34,22.333,42.000,19.667,220,220,304,575,575,50,0
10020,75,449,5,1,14,35,10,31,19.667,35.000,15.333,220,220,354,575,575,50,0
10021,75,449,5,1,16,27,10,28,17.667,27.000,9.333,220,220,404,575,575,50,0
10022,75,449,5,1,13,20,10,26,14.333,20.000,5.667,220,220,454,575,575,50,0
10023,75,449,5,1,13,13,9,23,11.667,13.000,1.333,220,220,504,575,575,50,0
10024,75,449,5,1,12,7,9,21,9.333,7.000,-2.333,220,220,554,575,575,50,1
10025,75,449,5,1,12,0,9,18,7.000,0.000,-7.000,220,220,604,575,575,50,0
10026,75,449,5,1,11,0,8,15,6.333,0.000,-6.333,220,220,654,575,575,50,0
10027,75,449,5,1,11,0,8,12,6.333,0.000,-6.333,220,220,704,575,575,50,0
10028,75,449,5,1,10,0,8,10,6.000,0.000,-6.000,220,220,754,575,575,50,0
10029,75,449,5,1,10,0,7,7,5.667,0.000,-5.667,220,220,804,575,575,50,0
10030,75,449,5,1,10,0,6,4,5.333,0.000,-5.333,220,220,854,575,575,50,0
10031,75,449,5,1,9,0,6,1,5.000,0.000,-5.000,220,220,904,575,575,50,0
10032,75,449,5,1,8,0,6,0,4.667,0.000,-4.667,220,220,954,575,575,50,0
10033,75,449,5,1,8,0,5,0,4.333,0.000,-4.333,220,220,1004,575,575,50,0
10034,75,449,5,1,8,0,4,0,4.000,0.000,-4.000,220,220,1054,575,575,50,0
10035,75,449,5,1,7,0,4,0,3.667,0.000,-3.667,220,220,1104,575,575,50,0
10036,75,450,6,1,0,8,8,0,5.333,0.000,-5.333,220,220,54,575,575,50,0
10037,75,450,6,1,0,6,6,0,4.000,0.000,-4.000,220,220,104,575,575,50,0
10038,75,450,6,1,0,6,6,0,4.000,0.000,-4.000,220,220,154,575,575,50,0
10039,75,450,6,1,0,7,7,3,4.667,0.000,-4.667,220,220,204,575,575,50,0
10040,75,450,6,1,0,8,7,6,5.000,0.000,-5.000,220,220,254,575,575,50,0
10041,75,450,6,1,0,8,7,8,5.000,0.000,-5.000,220,220,304,575,575,50,0
10042,75,450,6,1,0,8,7,11,5.000,0.000,-5.000,220,220,354,575,575,50,0
10043,75,450,6,1,0,9,8,14,5.667,0.000,-5.667,220,220,404,575,575,50,0
10044,75,450,6,1,0,9,9,17,6.000,0.000,-6.000,220,220,454,575,575,50,0
10045,75,450,6,1,5,10,9,19,8.000,5.000,-3.000,220,220,504,575,575,50,0
10046,75,450,6,1,13,10,9,22,10.667,13.000,2.333,220,220,554,575,575,50,1
10047,75,450,6,1,20,10,10,24,13.333,20.000,6.667,220,220,604,575,575,50,0
10048,75,450,6,1,26,11,10,27,15.667,26.000,10.333,220,220,654,575,575,50,0
10049,75,450,6,1,33,11,11,30,18.333,33.000,14.667,220,220,704,575,575,50,0
10050,75,450,6,1,40,12,11,32,21.000,40.000,19.000,220,220,754,575,575,50,0
10051,75,450,6,1,48,12,11,35,23.667,48.000,24.333,220,220,804,575,575,50,0
10052,75,450,6,1,55,13,11,38,26.333,55.000,28.667,220,220,854,575,575,50,0
10053,75,450,6,1,62,13,12,41,29.000,62.000,33.000,220,220,904,575,575,50,0
10054,75,450,6,1,70,13,12,43,31.667,70.000,38.333,220,220,954,575,575,50,0
10055,75,450,6,1,77,14,12,46,34.333,77.000,42.667,220,220,1004,575,575,50,0
10056,75,450,6,1,84,14,13,48,37.000,84.000,47.000,220,220,1054,575,575,50,0
10057,75,450,6,1,90,15,13,51,39.333,90.000,50.667,220,220,1104,575,575,50,0
10058,76,451,1,1,19,11,85,49,38.333,85.000,46.667,220,220,54,575,575,50,0
10059,76,451,1,1,18,14,79,49,37.000,79.000,42.000,220,220,104,575,575,50,0
10060,76,451,1,1,17,14,70,45,33.667,70.000,36.333,220,220,154,575,575,50,0
10061,76,451,1,1,16,13,62,42,30.333,62.000,31.667,220,220,204,575,575,50,0
10062,76,451,1,1,15,13,54,39,27.333,54.000,26.667,220,220,254,575,575,50,0
10063,76,451,1,1,15,13,47,36,25.000,47.000,22.000,220,220,304,575,575,50,0
10064,76,451,1,1,15,12,39,33,22.000,39.000,17.000,220,220,354,575,575,50,0
10065,76,451,1,1,14,11,32,30,19.000,32.000,13.000,220,220,404,575,575,50,0
10066,76,451,1,1,13,11,25,28,16.333,25.000,8.667,220,220,454,575,575,50,0
10067,76,451,1,1,13,11,18,25,14.000,18.000,4.000,220,220,504,575,575,50,0
10068,76,451,1,1,13,10,11,22,11.333,11.000,-0.333,220,220,554,575,575,50,1
10069,76,451,1,1,12,9,4,20,8.333,4.000,-4.333,220,220,604,600,600,50,0
10070,76,451,1,1,12,9,0,17,7.000,0.000,-7.000,220,220,654,600,600,50,0
10071,76,451,1,1,12,9,0,14,7.000,0.000,-7.000,220,220,704,600,600,50,0
10072,76,451,1,1,11,9,0,12,6.667,0.000,-6.667,220,220,754,600,600,50,0
10073,76,451,1,1,10,8,0,9,6.000,0.000,-6.000,220,220,804,600,600,50,0
10074,76,451,1,1,10,8,0,6,6.000,0.000,-6.000,220,220,854,600,600,50,0
10075,76,451,1,1,10,7,0,3,5.667,0.000,-5.667,220,220,904,600,600,50,0
10076,76,451,1,1,9,7,0,1,5.333,0.000,-5.333,220,220,954,600,600,50,0
10077,76,451,1,1,9,6,0,0,5.000,0.000,-5.000,220,220,1004,600,600,50,0
10078,76,451,1,1,8,6,0,0,4.667,0.000,-4.667,220,220,1054,600,600,50,0
10079,76,451,1,1,11,6,0,0,5.667,0.000,-5.667,220,220,1104,600,600,50,0
10080,76,451,1,1,7,5,0,0,4.000,0.000,-4.000,220,220,1154,600,600,50,0
10081,76,451,1,1,7,5,0,0,4.000,0.000,-4.000,220,220,1204,600,600,50,0
10082,76,452,2,1,10,0,5,0,5.000,0.000,-5.000,220,220,79,600,600,50,0
10083,76,452,2,1,10,0,5,1,5.000,0.000,-5.000,220,220,129,600,600,50,0
10084,76,452,2,1,9,0,6,3,5.000,0.000,-5.000,220,220,179,600,600,50,0
10085,76,452,2,1,10,0,6,6,5.333,0.000,-5.333,220,220,229,600,600,50,0
10086,76,452,2,1,10,0,7,9,5.667,0.000,-5.667,220,220,279,600,600,50,0
10087,76,452,2,1,10,0,7,12,5.667,0.000,-5.667,220,220,329,600,600,50,0
10088,76,452,2,1,12,0,7,14,6.333,0.000,-6.333,220,220,379,600,600,50,0
10089,76,452,2,1,12,0,8,17,6.667,0.000,-6.667,220,220,429,600,600,50,0
10090,76,452,2,1,12,5,8,20,8.333,5.000,-3.333,220,220,479,600,600,50,0
10091,76,452,2,1,12,12,9,22,11.000,12.000,1.000,220,220,529,575,575,50,1
10092,76,452,2,1,13,19,9,25,13.667,19.000,5.333,220,220,579,575,575,50,0
10093,76,452,2,1,13,26,10,28,16.333,26.000,9.667,220,220,629,575,575,50,0
10094,76,452,2,1,14,33,10,30,19.000,33.000,14.000,220,220,679,575,575,50,0
10095,76,452,2,1,15,39,11,32,21.667,39.000,17.333,220,220,729,575,575,50,0
10096,76,452,2,1,15,48,11,36,24.667,48.000,23.333,220,220,779,575,575,50,0
10097,76,452,2,1,18,55,11,38,28.000,55.000,27.000,220,220,829,575,575,50,0
10098,76,452,2,1,16,63,12,41,30.333,63.000,32.667,220,220,879,575,575,50,0
10099,76,452,2,1,16,70,13,44,33.000,70.000,37.000,220,220,929,575,575,50,0
10100,76,452,2,1,16,78,13,47,35.667,78.000,42.333,220,220,979,575,575,50,0
10101,76,452,2,1,16,86,13,50,38.333,86.000,47.667,220,220,1029,575,575,50,0
10102,76,452,2,1,17,94,14,53,41.667,94.000,52.333,220,220,1079,575,575,50,0
10103,76,453,3,1,83,13,10,46,35.333,83.000,47.667,220,220,54,575,575,50,0
10104,76,453,3,1,79,15,12,47,35.333,79.000,43.667,220,220,104,575,575,50,0
10105,76,453,3,1,71,14,12,43,32.333,71.000,38.667,220,220,154,575,575,50,0
10106,76,453,3,1,63,14,11,41,29.333,63.000,33.667,220,220,204,575,575,50,0
10107,76,453,3,1,55,13,11,37,26.333,55.000,28.667,220,220,254,575,575,50,0
10108,76,453,3,1,47,13,11,34,23.667,47.000,23.333,220,220,304,575,575,50,0
10109,76,453,3,1,40,12,11,32,21.000,40.000,19.000,220,220,354,575,575,50,0
10110,76,453,3,1,32,12,10,29,18.000,32.000,14.000,220,220,404,575,575,50,0
10111,76,453,3,1,25,11,10,26,15.333,25.000,9.667,220,220,454,575,575,50,0
10112,76,453,3,1,18,11,9,24,12.667,18.000,5.333,220,220,504,575,575,50,0
10113,76,453,3,1,12,10,8,21,10.000,12.000,2.000,220,220,554,575,575,50,0
10114,76,453,3,1,5,10,8,19,7.667,5.000,-2.667,220,220,604,600,600,50,1
10115,76,453,3,1,0,10,8,16,6.000,0.000,-6.000,220,220,654,600,600,50,0
10116,76,453,3,1,0,9,8,14,5.667,0.000,-5.667,220,220,704,600,600,50,0
10117,76,453,3,1,0,9,7,10,5.333,0.000,-5.333,220,220,754,600,600,50,0
10118,76,453,3,1,0,8,7,8,5.000,0.000,-5.000,220,220,804,600,600,50,0
10119,76,453,3,1,0,8,6,5,4.667,0.000,-4.667,220,220,854,600,600,50,0
10120,76,453,3,1,0,8,6,2,4.667,0.000,-4.667,220,220,904,600,600,50,0
10121,76,453,3,1,0,7,6,0,4.333,0.000,-4.333,220,220,954,600,600,50,0
10122,76,453,3,1,0,6,5,0,3.667,0.000,-3.667,220,220,1004,600,600,50,0
10123,76,453,3,1,0,6,5,0,3.667,0.000,-3.667,220,220,1054,600,600,50,0
10124,76,453,3,1,0,6,4,0,3.333,0.000,-3.333,220,220,1104,600,600,50,0
10125,76,453,3,1,0,5,4,0,3.000,0.000,-3.000,220,220,1154,600,600,50,0
10126,76,453,3,1,0,4,4,0,2.667,0.000,-2.667,220,220,1204,600,600,50,0
10127,76,454,4,1,8,8,0,0,5.333,0.000,-5.333,220,220,80,600,600,50,0
10128,76,454,4,1,9,8,0,2,5.667,0.000,-5.667,220,220,130,600,600,50,0
10129,76,454,4,1,10,8,0,4,6.000,0.000,-6.000,220,220,180,600,600,50,0
10130,76,454,4,1,10,8,0,7,6.000,0.000,-6.000,220,220,230,600,600,50,0
10131,76,454,4,1,10,8,0,10,6.000,0.000,-6.000,220,220,280,600,600,50,0
10132,76,454,4,1,10,9,0,12,6.333,0.000,-6.333,220,220,330,600,600,50,0
10133,76,454,4,1,11,9,0,15,6.667,0.000,-6.667,220,220,380,600,600,50,0
10134,76,454,4,1,12,9,0,17,7.000,0.000,-7.000,220,220,430,600,600,50,0
10135,76,454,4,1,15,10,6,21,10.333,6.000,-4.333,220,220,480,600,600,50,0
10136,76,454,4,1,12,10,13,23,11.667,13.000,1.333,220,220,530,575,575,50,1
10137,76,454,4,1,13,11,20,25,14.667,20.000,5.333,220,220,580,575,575,50,0
10138,76,454,4,1,13,12,27,28,17.333,27.000,9.667,220,220,630,575,575,50,0
10139,76,454,4,1,14,12,34,31,20.000,34.000,14.000,220,220,680,575,575,50,0
10140,76,454,4,1,14,12,41,34,22.333,41.000,18.667,220,220,730,575,575,50,0
10141,76,454,4,1,14,13,48,37,25.000,48.000,23.000,220,220,780,575,575,50,0
10142,76,454,4,1,15,13,55,39,27.667,55.000,27.333,220,220,830,575,575,50,0
10143,76,454,4,1,15,13,63,42,30.333,63.000,32.667,220,220,880,575,575,50,0
10144,76,454,4,1,16,14,70,45,33.333,70.000,36.667,220,220,930,575,575,50,0
10145,76,454,4,1,16,14,78,47,36.000,78.000,42.000,220,220,980,575,575,50,0
10146,76,454,4,1,17,15,85,50,39.000,85.000,46.000,220,220,1030,575,575,50,0
10147,76,454,4,1,17,15,93,53,41.667,93.000,51.333,220,220,1080,575,575,50,0
10148,76,455,5,1,12,80,13,46,35.000,80.000,45.000,220,220,54,575,575,50,0
10149,76,455,5,1,16,75,14,46,35.000,75.000,40.000,220,220,104,575,575,50,0
10150,76,455,5,1,16,67,13,43,32.000,67.000,35.000,220,220,154,575,575,50,0
10151,76,455,5,1,16,59,12,40,29.000,59.000,30.000,220,220,204,575,575,50,0
10152,76,455,5,1,15,51,12,37,26.000,51.000,25.000,220,220,254,575,575,50,0
10153,76,455,5,1,14,44,11,34,23.000,44.000,21.000,220,220,304,575,575,50,0
10154,76,455,5,1,17,37,11,32,21.667,37.000,15.333,220,220,354,575,575,50,0
10155,76,455,5,1,13,30,10,29,17.667,30.000,12.333,220,220,404,575,575,50,0
10156,76,455,5,1,13,22,10,26,15.000,22.000,7.000,220,220,454,575,575,50,0
10157,76,455,5,1,13,16,10,24,13.000,16.000,3.000,220,220,504,575,575,50,0
10158,76,455,5,1,12,9,9,22,10.000,9.000,-1.000,220,220,554,575,575,50,1
10159,76,455,5,1,12,2,9,19,7.667,2.000,-5.667,220,220,604,575,575,50,0
10160,76,455,5,1,12,0,9,16,7.000,0.000,-7.000,220,220,654,575,575,50,0
10161,76,455,5,1,11,0,8,13,6.333,0.000,-6.333,220,220,704,575,575,50,0
10162,76,455,5,1,10,0,8,11,6.000,0.000,-6.000,220,220,754,575,575,50,0
10163,76,455,5,1,10,0,7,9,5.667,0.000,-5.667,220,220,804,575,575,50,0
10164,76,455,5,1,10,0,6,5,5.333,0.000,-5.333,220,220,854,575,575,50,0
10165,76,455,5,1,9,0,7,3,5.333,0.000,-5.333,220,220,904,575,575,50,0
10166,76,455,5,1,8,0,6,0,4.667,0.000,-4.667,220,220,954,575,575,50,0
10167,76,455,5,1,9,0,5,0,4.667,0.000,-4.667,220,220,1004,575,575,50,0
10168,76,455,5,1,8,0,5,0,4.333,0.000,-4.333,220,220,1054,575,575,50,0
10169,76,455,5,1,7,0,4,0,3.667,0.000,-3.667,220,220,1104,575,575,50,0
10170,76,456,6,1,0,8,8,0,5.333,0.000,-5.333,220,220,54,575,575,50,0
10171,76,456,6,1,0,6,6,0,4.000,0.000,-4.000,220,220,104,575,575,50,0
10172,76,456,6,1,0,6,6,0,4.000,0.000,-4.000,220,220,154,575,575,50,0
10173,76,456,6,1,0,7,6,3,4.333,0.000,-4.333,220,220,204,575,575,50,0
10174,76,456,6,1,0,8,6,5,4.667,0.000,-4.667,220,220,254,575,575,50,0
10175,76,456,6,1,0,8,7,8,5.000,0.000,-5.000,220,220,304,575,575,50,0
10176,76,456,6,1,0,8,8,11,5.333,0.000,-5.333,220,220,354,575,575,50,0
10177,76,456,6,1,0,9,8,14,5.667,0.000,-5.667,220,220,404,575,575,50,0
10178,76,456,6,1,0,9,8,17,5.667,0.000,-5.667,220,220,454,575,575,50,0
10179,76,456,6,1,5,10,9,19,8.000,5.000,-3.000,220,220,504,575,575,50,0
10180,76,456,6,1,13,10,9,22,10.667,13.000,2.333,220,220,554,575,575,50,1
10181,76,456,6,1,20,11,10,25,13.667,20.000,6.333,220,220,604,575,575,50,0
10182,76,456,6,1,27,11,10,28,16.000,27.000,11.000,220,220,654,575,575,50,0
10183,76,456,6,1,34,11,10,30,18.333,34.000,15.667,220,220,704,575,575,50,0
10184,76,456,6,1,42,12,11,32,21.667,42.000,20.333,220,220,754,575,575,50,0
10185,76,456,6,1,49,13,11,36,24.333,49.000,24.667,220,220,804,575,575,50,0
10186,76,456,6,1,57,13,12,38,27.333,57.000,29.667,220,220,854,575,575,50,0
10187,76,456,6,1,64,13,12,41,29.667,64.000,34.333,220,220,904,575,575,50,0
10188,76,456,6,1,71,14,12,44,32.333,71.000,38.667,220,220,954,575,575,50,0
10189,76,456,6,1,78,14,13,46,35.000,78.000,43.000,220,220,1004,575,575,50,0
10190,76,456,6,1,85,14,13,49,37.333,85.000,47.667,220,220,1054,575,575,50,0
10191,76,456,6,1,92,15,13,52,40.000,92.000,52.000,220,220,1104,575,575,50,0
10192,77,457,1,1,18,11,83,47,37.333,83.000,45.667,220,220,54,575,575,50,0
10193,77,457,1,1,18,13,77,48,36.000,77.000,41.000,220,220,104,575,575,50,0
10194,77,457,1,1,17,14,69,45,33.333,69.000,35.667,220,220,154,575,575,50,0
10195,77,457,1,1,16,13,61,42,30.000,61.000,31.000,220,220,204,575,575,50,0
10196,77,457,1,1,15,13,54,39,27.333,54.000,26.667,220,220,254,575,575,50,0
10197,77,457,1,1,15,12,46,36,24.333,46.000,21.667,220,220,304,575,575,50,0
10198,77,457,1,1,14,12,39,33,21.667,39.000,17.333,220,220,354,575,575,50,0
10199,77,457,1,1,14,11,32,30,19.000,32.000,13.000,220,220,404,575,575,50,0
10200,77,457,1,1,14,11,25,28,16.667,25.000,8.333,220,220,454,575,575,50,0
10201,77,457,1,1,13,10,18,25,13.667,18.000,4.333,220,220,504,575,575,50,0
10202,77,457,1,1,13,10,12,23,11.667,12.000,0.333,220,220,554,575,575,50,0
10203,77,457,1,1,13,10,5,20,9.333,5.000,-4.333,220,220,604,600,600,50,1
10204,77,457,1,1,12,9,0,18,7.000,0.000,-7.000,220,220,654,600,600,50,0
10205,77,457,1,1,12,9,0,15,7.000,0.000,-7.000,220,220,704,600,600,50,0
10206,77,457,1,1,11,9,0,12,6.667,0.000,-6.667,220,220,754,600,600,50,0
10207,77,457,1,1,11,8,0,10,6.333,0.000,-6.333,220,220,804,600,600,50,0
10208,77,457,1,1,10,8,0,7,6.000,0.000,-6.000,220,220,854,600,600,50,0
10209,77,457,1,1,10,8,0,4,6.000,0.000,-6.000,220,220,904,600,600,50,0
10210,77,457,1,1,9,7,0,2,5.333,0.000,-5.333,220,220,954,600,600,50,0
10211,77,457,1,1,9,7,0,0,5.333,0.000,-5.333,220,220,1004,600,600,50,0
10212,77,457,1,1,12,6,0,0,6.000,0.000,-6.000,220,220,1054,600,600,50,0
10213,77,457,1,1,8,6,0,0,4.667,0.000,-4.667,220,220,1104,600,600,50,0
10214,77,457,1,1,7,6,0,0,4.333,0.000,-4.333,220,220,1154,600,600,50,0
10215,77,457,1,1,7,5,0,0,4.000,0.000,-4.000,220,220,1204,600,600,50,0
10216,77,458,2,1,10,0,4,0,4.667,0.000,-4.667,220,220,79,600,600,50,0
10217,77,458,2,1,10,0,5,0,5.000,0.000,-5.000,220,220,129,600,600,50,0
10218,77,458,2,1,9,0,6,2,5.000,0.000,-5.000,220,220,179,600,600,50,0
10219,77,458,2,1,10,0,6,5,5.333,0.000,-5.333,220,220,229,600,600,50,0
10220,77,458,2,1,10,0,7,8,5.667,0.000,-5.667,220,220,279,600,600,50,0
10221,77,458,2,1,11,0,6,11,5.667,0.000,-5.667,220,220,329,600,600,50,0
10222,77,458,2,1,11,0,7,13,6.000,0.000,-6.000,220,220,379,600,600,50,0
10223,77,458,2,1,12,0,8,16,6.667,0.000,-6.667,220,220,429,600,600,50,0
10224,77,458,2,1,12,3,8,19,7.667,3.000,-4.667,220,220,479,600,600,50,0
10225,77,458,2,1,13,10,9,22,10.667,10.000,-0.667,220,220,529,600,600,50,0
10226,77,458,2,1,13,17,9,24,13.000,17.000,4.000,220,220,579,600,600,50,1
10227,77,458,2,1,14,24,10,27,16.000,24.000,8.000,220,220,629,600,600,50,0
10228,77,458,2,1,14,31,10,29,18.333,31.000,12.667,220,220,679,600,600,50,0
10229,77,458,2,1,14,38,10,32,20.667,38.000,17.333,220,220,729,600,600,50,0
10230,77,458,2,1,15,45,11,35,23.667,45.000,21.333,220,220,779,600,600,50,0
10231,77,458,2,1,18,53,11,38,27.333,53.000,25.667,220,220,829,600,600,50,0
10232,77,458,2,1,15,60,12,40,29.000,60.000,31.000,220,220,879,600,600,50,0
10233,77,458,2,1,16,68,12,43,32.000,68.000,36.000,220,220,929,600,600,50,0
10234,77,458,2,1,16,75,12,45,34.333,75.000,40.667,220,220,979,600,600,50,0
10235,77,458,2,1,16,82,13,48,37.000,82.000,45.000,220,220,1029,600,600,50,0
10236,77,458,2,1,17,89,13,51,39.667,89.000,49.333,220,220,1079,600,600,50,0
10237,77,458,2,1,17,97,14,54,42.667,97.000,54.333,220,220,1129,600,600,50,0
10238,77,458,2,1,17,105,14,56,45.333,105.000,59.667,220,220,1179,600,600,50,0
10239,77,459,3,1,73,15,12,44,33.333,73.000,39.667,220,220,80,600,600,50,0
10240,77,459,3,1,66,13,12,42,30.333,66.000,35.667,220,220,130,600,600,50,0
10241,77,459,3,1,58,13,12,38,27.667,58.000,30.333,220,220,180,600,600,50,0
10242,77,459,3,1,50,12,11,36,24.333,50.000,25.667,220,220,230,600,600,50,0
10243,77,459,3,1,43,12,11,33,22.000,43.000,21.000,220,220,280,600,600,50,0
10244,77,459,3,1,36,12,10,30,19.333,36.000,16.667,220,220,330,600,600,50,0
10245,77,459,3,1,28,12,10,27,16.667,28.000,11.333,220,220,380,600,600,50,0
10246,77,459,3,1,21,11,10,25,14.000,21.000,7.000,220,220,430,600,600,50,0
10247,77,459,3,1,14,10,9,22,11.000,14.000,3.000,220,220,480,600,600,50,0
10248,77,459,3,1,7,10,9,20,8.667,7.000,-1.667,220,220,530,575,575,50,1
10249,77,459,3,1,0,10,8,16,6.000,0.000,-6.000,220,220,580,575,575,50,0
10250,77,459,3,1,0,10,8,14,6.000,0.000,-6.000,220,220,630,575,575,50,0
10251,77,459,3,1,0,9,7,12,5.333,0.000,-5.333,220,220,680,575,575,50,0
10252,77,459,3,1,0,9,7,8,5.333,0.000,-5.333,220,220,730,575,575,50,0
10253,77,459,3,1,0,8,7,5,5.000,0.000,-5.000,220,220,780,575,575,50,0
10254,77,459,3,1,0,7,6,3,4.333,0.000,-4.333,220,220,830,575,575,50,0
10255,77,459,3,1,0,7,6,0,4.333,0.000,-4.333,220,220,880,575,575,50,0
10256,77,459,3,1,0,6,5,0,3.667,0.000,-3.667,220,220,930,575,575,50,0
10257,77,459,3,1,0,6,4,0,3.333,0.000,-3.333,220,220,980,575,575,50,0
10258,77,459,3,1,0,5,4,0,3.000,0.000,-3.000,220,220,1030,575,575,50,0
10259,77,459,3,1,0,5,4,0,3.000,0.000,-3.000,220,220,1080,575,575,50,0
10260,77,460,4,1,11,10,0,0,7.000,0.000,-7.000,220,220,54,575,575,50,0
10261,77,460,4,1,8,8,0,0,5.333,0.000,-5.333,220,220,104,575,575,50,0
10262,77,460,4,1,9,8,0,2,5.667,0.000,-5.667,220,220,154,575,575,50,0
10263,77,460,4,1,9,8,0,5,5.667,0.000,-5.667,220,220,204,575,575,50,0
10264,77,460,4,1,10,8,0,7,6.000,0.000,-6.000,220,220,254,575,575,50,0
10265,77,460,4,1,10,9,0,10,6.333,0.000,-6.333,220,220,304,575,575,50,0
10266,77,460,4,1,11,9,0,13,6.667,0.000,-6.667,220,220,354,575,575,50,0
10267,77,460,4,1,11,9,0,15,6.667,0.000,-6.667,220,220,404,575,575,50,0
10268,77,460,4,1,11,10,0,19,7.000,0.000,-7.000,220,220,454,575,575,50,0
10269,77,460,4,1,15,10,7,21,10.667,7.000,-3.667,220,220,504,575,575,50,0
10270,77,460,4,1,12,11,13,23,12.000,13.000,1.000,220,220,554,575,575,50,1
10271,77,460,4,1,13,11,20,25,14.667,20.000,5.333,220,220,604,575,575,50,0
10272,77,460,4,1,13,11,27,28,17.000,27.000,10.000,220,220,654,575,575,50,0
10273,77,460,4,1,14,12,34,31,20.000,34.000,14.000,220,220,704,575,575,50,0
10274,77,460,4,1,14,12,41,34,22.333,41.000,18.667,220,220,754,575,575,50,0
10275,77,460,4,1,15,13,48,36,25.333,48.000,22.667,220,220,804,575,575,50,0
10276,77,460,4,1,15,13,56,39,28.000,56.000,28.000,220,220,854,575,575,50,0
10277,77,460,4,1,15,13,63,42,30.333,63.000,32.667,220,220,904,575,575,50,0
10278,77,460,4,1,16,14,70,45,33.333,70.000,36.667,220,220,954,575,575,50,0
10279,77,460,4,1,16,14,77,47,35.667,77.000,41.333,220,220,1004,575,575,50,0
10280,77,460,4,1,16,14,84,50,38.000,84.000,46.000,220,220,1054,575,575,50,0
10281,77,460,4,1,17,15,91,52,41.000,91.000,50.000,220,220,1104,575,575,50,0
10282,77,461,5,1,12,83,13,46,36.000,83.000,47.000,220,220,54,575,575,50,0
10283,77,461,5,1,16,78,14,47,36.000,78.000,42.000,220,220,104,575,575,50,0
10284,77,461,5,1,16,70,13,44,33.000,70.000,37.000,220,220,154,575,575,50,0
10285,77,461,5,1,15,62,12,42,29.667,62.000,32.333,220,220,204,575,575,50,0
10286,77,461,5,1,15,55,12,38,27.333,55.000,27.667,220,220,254,575,575,50,0
10287,77,461,5,1,14,47,12,36,24.333,47.000,22.667,220,220,304,575,575,50,0
10288,77,461,5,1,17,40,11,33,22.667,40.000,17.333,220,220,354,575,575,50,0
10289,77,461,5,1,14,33,10,30,19.000,33.000,14.000,220,220,404,575,575,50,0
10290,77,461,5,1,13,25,10,28,16.000,25.000,9.000,220,220,454,575,575,50,0
10291,77,461,5,1,13,18,10,25,13.667,18.000,4.333,220,220,504,575,575,50,0
10292,77,461,5,1,13,11,9,22,11.000,11.000,0.000,220,220,554,575,575,50,1
10293,77,461,5,1,12,5,9,20,8.667,5.000,-3.667,220,220,604,600,600,50,0
10294,77,461,5,1,12,0,9,17,7.000,0.000,-7.000,220,220,654,600,600,50,0
10295,77,461,5,1,11,0,8,14,6.333,0.000,-6.333,220,220,704,600,600,50,0
10296,77,461,5,1,11,0,8,12,6.333,0.000,-6.333,220,220,754,600,600,50,0
10297,77,461,5,1,10,0,8,9,6.000,0.000,-6.000,220,220,804,600,600,50,0
10298,77,461,5,1,10,0,7,6,5.667,0.000,-5.667,220,220,854,600,600,50,0
10299,77,461,5,1,9,0,6,3,5.000,0.000,-5.000,220,220,904,600,600,50,0
10300,77,461,5,1,9,0,6,0,5.000,0.000,-5.000,220,220,954,600,600,50,0
10301,77,461,5,1,9,0,5,0,4.667,0.000,-4.667,220,220,1004,600,600,50,0
10302,77,461,5,1,8,0,5,0,4.333,0.000,-4.333,220,220,1054,600,600,50,0
10303,77,461,5,1,7,0,4,0,3.667,0.000,-3.667,220,220,1104,600,600,50,0
10304,77,461,5,1,7,0,4,0,3.667,0.000,-3.667,220,220,1154,600,600,50,0
10305,77,461,5,1,6,0,3,0,3.000,0.000,-3.000,220,220,1204,600,600,50,0
10306,77,462,6,1,0,6,7,0,4.333,0.000,-4.333,220,220,79,600,600,50,0
10307,77,462,6,1,0,7,7,2,4.667,0.000,-4.667,220,220,129,600,600,50,0
10308,77,462,6,1,0,8,6,5,4.667,0.000,-4.667,220,220,179,600,600,50,0
10309,77,462,6,1,0,8,7,7,5.000,0.000,-5.000,220,220,229,600,600,50,0
10310,77,462,6,1,0,8,7,10,5.000,0.000,-5.000,220,220,279,600,600,50,0
10311,77,462,6,1,0,9,8,13,5.667,0.000,-5.667,220,220,329,600,600,50,0
10312,77,462,6,1,0,9,8,16,5.667,0.000,-5.667,220,220,379,600,600,50,0
10313,77,462,6,1,3,10,8,18,7.000,3.000,-4.000,220,220,429,600,600,50,0
10314,77,462,6,1,10,10,9,21,9.667,10.000,0.333,220,220,479,550,550,50,1
10315,77,462,6,1,16,11,9,23,12.000,16.000,4.000,220,220,529,550,550,50,0
10316,77,462,6,1,23,11,10,26,14.667,23.000,8.333,220,220,579,550,550,50,0
10317,77,462,6,1,30,11,10,29,17.000,30.000,13.000,220,220,629,550,550,50,0
10318,77,462,6,1,38,12,10,31,20.000,38.000,18.000,220,220,679,550,550,50,0
10319,77,462,6,1,45,12,11,34,22.667,45.000,22.333,220,220,729,550,550,50,0
10320,77,462,6,1,52,13,11,36,25.333,52.000,26.667,220,220,779,550,550,50,0
10321,77,462,6,1,59,13,12,39,28.000,59.000,31.000,220,220,829,550,550,50,0
10322,77,462,6,1,66,14,12,42,30.667,66.000,35.333,220,220,879,550,550,50,0
10323,77,462,6,1,73,14,12,44,33.000,73.000,40.000,220,220,929,550,550,50,0
10324,77,462,6,1,80,15,13,47,36.000,80.000,44.000,220,220,979,550,550,50,0
10325,77,462,6,1,88,15,13,50,38.667,88.000,49.333,220,220,1029,550,550,50,0
10326,78,463,1,1,21,15,84,51,40.000,84.000,44.000,220,220,78,550,550,50,0
10327,78,463,1,1,17,14,77,47,36.000,77.000,41.000,220,220,128,550,550,50,0
10328,78,463,1,1,16,14,69,45,33.000,69.000,36.000,220,220,178,550,550,50,0
10329,78,463,1,1,16,13,62,42,30.333,62.000,31.667,220,220,228,550,550,50,0
10330,78,463,1,1,15,13,55,39,27.667,55.000,27.333,220,220,278,550,550,50,0
10331,78,463,1,1,15,12,47,36,24.667,47.000,22.333,220,220,328,550,550,50,0
10332,78,463,1,1,14,12,39,33,21.667,39.000,17.333,220,220,378,550,550,50,0
10333,78,463,1,1,14,12,32,30,19.333,32.000,12.667,220,220,428,550,550,50,0
10334,78,463,1,1,14,11,25,28,16.667,25.000,8.333,220,220,478,550,550,50,0
10335,78,463,1,1,13,11,18,25,14.000,18.000,4.000,220,220,528,550,550,50,0
10336,78,463,1,1,13,10,11,23,11.333,11.000,-0.333,220,220,578,550,550,50,1
10337,78,463,1,1,12,10,4,20,8.667,4.000,-4.667,220,220,628,600,600,50,0
10338,78,463,1,1,12,10,0,18,7.333,0.000,-7.333,220,220,678,600,600,50,0
10339,78,463,1,1,12,9,0,14,7.000,0.000,-7.000,220,220,728,600,600,50,0
10340,78,463,1,1,11,9,0,12,6.667,0.000,-6.667,220,220,778,600,600,50,0
10341,78,463,1,1,10,8,0,9,6.000,0.000,-6.000,220,220,828,600,600,50,0
10342,78,463,1,1,10,8,0,6,6.000,0.000,-6.000,220,220,878,600,600,50,0
10343,78,463,1,1,10,7,0,3,5.667,0.000,-5.667,220,220,928,600,600,50,0
10344,78,463,1,1,9,7,0,1,5.333,0.000,-5.333,220,220,978,600,600,50,0
10345,78,463,1,1,9,6,0,0,5.000,0.000,-5.000,220,220,1028,600,600,50,0
10346,78,463,1,1,6,6,0,0,4.000,0.000,-4.000,220,220,1078,600,600,50,0
10347,78,463,1,1,11,6,0,0,5.667,0.000,-5.667,220,220,1128,600,600,50,0
10348,78,463,1,1,7,6,0,0,4.333,0.000,-4.333,220,220,1178,600,600,50,0
10349,78,463,1,1,6,5,0,0,3.667,0.000,-3.667,220,220,1228,600,600,50,0
10350,78,464,2,1,10,0,4,0,4.667,0.000,-4.667,220,220,79,600,600,50,0
10351,78,464,2,1,10,0,5,0,5.000,0.000,-5.000,220,220,129,600,600,50,0
10352,78,464,2,1,10,0,6,3,5.333,0.000,-5.333,220,220,179,600,600,50,0
10353,78,464,2,1,10,0,6,6,5.333,0.000,-5.333,220,220,229,600,600,50,0
10354,78,464,2,1,10,0,7,8,5.667,0.000,-5.667,220,220,279,600,600,50,0
10355,78,464,2,1,11,0,7,11,6.000,0.000,-6.000,220,220,329,600,600,50,0
10356,78,464,2,1,11,0,8,13,6.333,0.000,-6.333,220,220,379,600,600,50,0
10357,78,464,2,1,12,0,8,16,6.667,0.000,-6.667,220,220,429,600,600,50,0
10358,78,464,2,1,12,3,8,19,7.667,3.000,-4.667,220,220,479,600,600,50,0
10359,78,464,2,1,13,10,9,22,10.667,10.000,-0.667,220,220,529,600,600,50,0
10360,78,464,2,1,13,17,9,24,13.000,17.000,4.000,220,220,579,600,600,50,1
10361,78,464,2,1,13,23,9,26,15.000,23.000,8.000,220,220,629,600,600,50,0
10362,78,464,2,1,14,30,10,29,18.000,30.000,12.000,220,220,679,600,600,50,0
10363,78,464,2,1,14,37,10,32,20.333,37.000,16.667,220,220,729,600,600,50,0
10364,78,464,2,1,14,45,11,35,23.333,45.000,21.667,220,220,779,600,600,50,0
10365,78,464,2,1,18,52,11,37,27.000,52.000,25.000,220,220,829,600,600,50,0
10366,78,464,2,1,16,59,12,40,29.000,59.000,30.000,220,220,879,600,600,50,0
10367,78,464,2,1,16,67,12,43,31.667,67.000,35.333,220,220,929,600,600,50,0
10368,78,464,2,1,16,74,12,45,34.000,74.000,40.000,220,220,979,600,600,50,0
10369,78,464,2,1,16,82,13,48,37.000,82.000,45.000,220,220,1029,600,600,50,0
10370,78,464,2,1,17,89,13,51,39.667,89.000,49.333,220,220,1079,600,600,50,0
10371,78,464,2,1,17,97,14,54,42.667,97.000,54.333,220,220,1129,600,600,50,0
10372,78,464,2,1,18,105,15,57,46.000,105.000,59.000,220,220,1179,600,600,50,0
10373,78,465,3,1,78,15,12,46,35.000,78.000,43.000,220,220,80,600,600,50,0
10374,78,465,3,1,69,14,12,43,31.667,69.000,37.333,220,220,130,600,600,50,0
10375,78,465,3,1,61,13,12,40,28.667,61.000,32.333,220,220,180,600,600,50,0
10376,78,465,3,1,53,13,11,36,25.667,53.000,27.333,220,220,230,600,600,50,0
10377,78,465,3,1,45,13,10,34,22.667,45.000,22.333,220,220,280,600,600,50,0
10378,78,465,3,1,38,12,10,31,20.000,38.000,18.000,220,220,330,600,600,50,0
10379,78,465,3,1,30,11,10,28,17.000,30.000,13.000,220,220,380,600,600,50,0
10380,78,465,3,1,23,11,9,26,14.333,23.000,8.667,220,220,430,600,600,50,0
10381,78,465,3,1,15,10,9,22,11.333,15.000,3.667,220,220,480,600,600,50,0
10382,78,465,3,1,8,10,8,20,8.667,8.000,-0.667,220,220,530,600,600,50,1
10383,78,465,3,1,1,10,8,17,6.333,1.000,-5.333,220,220,580,600,600,50,0
10384,78,465,3,1,0,10,8,14,6.000,0.000,-6.000,220,220,630,600,600,50,0
10385,78,465,3,1,0,9,7,12,5.333,0.000,-5.333,220,220,680,600,600,50,0
10386,78,465,3,1,0,9,7,9,5.333,0.000,-5.333,220,220,730,600,600,50,0
10387,78,465,3,1,0,8,6,6,4.667,0.000,-4.667,220,220,780,600,600,50,0
10388,78,465,3,1,0,7,6,4,4.333,0.000,-4.333,220,220,830,600,600,50,0
10389,78,465,3,1,0,7,6,1,4.333,0.000,-4.333,220,220,880,600,600,50,0
10390,78,465,3,1,0,7,6,0,4.333,0.000,-4.333,220,220,930,600,600,50,0
10391,78,465,3,1,0,6,5,0,3.667,0.000,-3.667,220,220,980,600,600,50,0
10392,78,465,3,1,0,6,5,0,3.667,0.000,-3.667,220,220,1030,600,600,50,0
10393,78,465,3,1,0,5,4,0,3.000,0.000,-3.000,220,220,1080,600,600,50,0
10394,78,465,3,1,0,5,4,0,3.000,0.000,-3.000,220,220,1130,600,600,50,0
10395,78,465,3,1,0,4,3,0,2.333,0.000,-2.333,220,220,1180,600,600,50,0
10396,78,466,4,1,8,8,0,1,5.333,0.000,-5.333,220,220,80,600,600,50,0
10397,78,466,4,1,9,8,0,4,5.667,0.000,-5.667,220,220,130,600,600,50,0
10398,78,466,4,1,10,8,0,7,6.000,0.000,-6.000,220,220,180,600,600,50,0
10399,78,466,4,1,10,9,0,9,6.333,0.000,-6.333,220,220,230,600,600,50,0
10400,78,466,4,1,10,9,0,12,6.333,0.000,-6.333,220,220,280,600,600,50,0
10401,78,466,4,1,11,9,0,15,6.667,0.000,-6.667,220,220,330,600,600,50,0
10402,78,466,4,1,11,10,0,17,7.000,0.000,-7.000,220,220,380,600,600,50,0
10403,78,466,4,1,11,10,5,20,8.667,5.000,-3.667,220,220,430,600,600,50,0
10404,78,466,4,1,15,11,12,23,12.667,12.000,-0.667,220,220,480,600,600,50,0
10405,78,466,4,1,13,11,18,25,14.000,18.000,4.000,220,220,530,575,575,50,1
10406,78,466,4,1,13,12,25,28,16.667,25.000,8.333,220,220,580,575,575,50,0
10407,78,466,4,1,13,12,33,30,19.333,33.000,13.667,220,220,630,575,575,50,0
10408,78,466,4,1,14,12,40,33,22.000,40.000,18.000,220,220,680,575,575,50,0
10409,78,466,4,1,15,12,47,36,24.667,47.000,22.333,220,220,730,575,575,50,0
10410,78,466,4,1,15,13,55,39,27.667,55.000,27.333,220,220,780,575,575,50,0
10411,78,466,4,1,15,14,62,42,30.333,62.000,31.667,220,220,830,575,575,50,0
10412,78,466,4,1,15,14,69,44,32.667,69.000,36.333,220,220,880,575,575,50,0
10413,78,466,4,1,16,14,77,47,35.667,77.000,41.333,220,220,930,575,575,50,0
10414,78,466,4,1,16,14,85,50,38.333,85.000,46.667,220,220,980,575,575,50,0
10415,78,466,4,1,17,14,93,52,41.333,93.000,51.667,220,220,1030,575,575,50,0
10416,78,466,4,1,17,15,100,55,44.000,100.000,56.000,220,220,1080,575,575,50,0
10417,78,467,5,1,12,72,13,43,32.333,72.000,39.667,220,220,54,575,575,50,0
10418,78,467,5,1,15,68,14,44,32.333,68.000,35.667,220,220,104,575,575,50,0
10419,78,467,5,1,16,61,12,41,29.667,61.000,31.333,220,220,154,575,575,50,0
10420,78,467,5,1,15,53,12,38,26.667,53.000,26.333,220,220,204,575,575,50,0
10421,78,467,5,1,14,44,11,35,23.000,44.000,21.000,220,220,254,575,575,50,0
10422,78,467,5,1,17,37,11,32,21.667,37.000,15.333,220,220,304,575,575,50,0
10423,78,467,5,1,14,30,10,29,18.000,30.000,12.000,220,220,354,575,575,50,0
10424,78,467,5,1,13,24,10,27,15.667,24.000,8.333,220,220,404,575,575,50,0
10425,78,467,5,1,12,16,10,24,12.667,16.000,3.333,220,220,454,575,575,50,0
10426,78,467,5,1,12,10,9,22,10.333,10.000,-0.333,220,220,504,575,575,50,1
10427,78,467,5,1,12,4,9,19,8.333,4.000,-4.333,220,220,554,575,575,50,0
10428,78,467,5,1,11,0,9,17,6.667,0.000,-6.667,220,220,604,575,575,50,0
10429,78,467,5,1,11,0,8,14,6.333,0.000,-6.333,220,220,654,575,575,50,0
10430,78,467,5,1,11,0,8,11,6.333,0.000,-6.333,220,220,704,575,575,50,0
10431,78,467,5,1,10,0,7,9,5.667,0.000,-5.667,220,220,754,575,575,50,0
10432,78,467,5,1,10,0,7,6,5.667,0.000,-5.667,220,220,804,575,575,50,0
10433,78,467,5,1,9,0,6,3,5.000,0.000,-5.000,220,220,854,575,575,50,0
10434,78,467,5,1,9,0,6,0,5.000,0.000,-5.000,220,220,904,575,575,50,0
10435,78,467,5,1,8,0,5,0,4.333,0.000,-4.333,220,220,954,575,575,50,0
10436,78,467,5,1,8,0,5,0,4.333,0.000,-4.333,220,220,1004,575,575,50,0
10437,78,467,5,1,8,0,4,0,4.000,0.000,-4.000,220,220,1054,575,575,50,0
10438,78,467,5,1,7,0,4,0,3.667,0.000,-3.667,220,220,1104,575,575,50,0
10439,78,468,6,1,0,8,9,0,5.667,0.000,-5.667,220,220,54,575,575,50,0
10440,78,468,6,1,0,6,6,0,4.000,0.000,-4.000,220,220,104,575,575,50,0
10441,78,468,6,1,0,7,6,1,4.333,0.000,-4.333,220,220,154,575,575,50,0
10442,78,468,6,1,0,7,7,4,4.667,0.000,-4.667,220,220,204,575,575,50,0
10443,78,468,6,1,0,8,7,6,5.000,0.000,-5.000,220,220,254,575,575,50,0
10444,78,468,6,1,0,8,8,9,5.333,0.000,-5.333,220,220,304,575,575,50,0
10445,78,468,6,1,0,9,8,12,5.667,0.000,-5.667,220,220,354,575,575,50,0
10446,78,468,6,1,0,9,8,15,5.667,0.000,-5.667,220,220,404,575,575,50,0
10447,78,468,6,1,1,10,8,18,6.333,1.000,-5.333,220,220,454,575,575,50,0
10448,78,468,6,1,8,10,9,20,9.000,8.000,-1.000,220,220,504,575,575,50,0
10449,78,468,6,1,15,10,9,23,11.333,15.000,3.667,220,220,554,575,575,50,1
10450,78,468,6,1,23,11,10,26,14.667,23.000,8.333,220,220,604,575,575,50,0
10451,78,468,6,1,29,11,10,29,16.667,29.000,12.333,220,220,654,575,575,50,0
10452,78,468,6,1,37,11,11,31,19.667,37.000,17.333,220,220,704,575,575,50,0
10453,78,468,6,1,44,12,11,33,22.333,44.000,21.667,220,220,754,575,575,50,0
10454,78,468,6,1,51,12,11,36,24.667,51.000,26.333,220,220,804,575,575,50,0
10455,78,468,6,1,59,13,12,40,28.000,59.000,31.000,220,220,854,575,575,50,0
10456,78,468,6,1,67,13,12,42,30.667,67.000,36.333,220,220,904,575,575,50,0
10457,78,468,6,1,74,13,12,44,33.000,74.000,41.000,220,220,954,575,575,50,0
10458,78,468,6,1,81,14,13,47,36.000,81.000,45.000,220,220,1004,575,575,50,0
10459,78,468,6,1,88,15,13,50,38.667,88.000,49.333,220,220,1054,575,575,50,0
10460,78,468,6,1,95,15,13,52,41.000,95.000,54.000,220,220,1104,575,575,50,0
10461,79,469,1,1,15,10,78,45,34.333,78.000,43.667,220,220,54,575,575,50,0
10462,79,469,1,1,18,13,72,46,34.333,72.000,37.667,220,220,104,575,575,50,0
10463,79,469,1,1,17,13,64,43,31.333,64.000,32.667,220,220,154,575,575,50,0
10464,79,469,1,1,16,13,56,40,28.333,56.000,27.667,220,220,204,575,575,50,0
10465,79,469,1,1,15,12,48,37,25.000,48.000,23.000,220,220,254,575,575,50,0
10466,79,469,1,1,14,12,41,34,22.333,41.000,18.667,220,220,304,575,575,50,0
10467,79,469,1,1,14,12,34,31,20.000,34.000,14.000,220,220,354,575,575,50,0
10468,79,469,1,1,14,11,27,28,17.333,27.000,9.667,220,220,404,575,575,50,0
10469,79,469,1,1,13,11,20,26,14.667,20.000,5.333,220,220,454,575,575,50,0
10470,79,469,1,1,13,10,14,23,12.333,14.000,1.667,220,220,504,575,575,50,0
10471,79,469,1,1,13,10,7,21,10.000,7.000,-3.000,220,220,554,575,575,50,1
10472,79,469,1,1,12,10,0,19,7.333,0.000,-7.333,220,220,604,575,575,50,0
10473,79,469,1,1,12,9,0,16,7.000,0.000,-7.000,220,220,654,575,575,50,0
10474,79,469,1,1,12,9,0,13,7.000,0.000,-7.000,220,220,704,575,575,50,0
10475,79,469,1,1,11,9,0,11,6.667,0.000,-6.667,220,220,754,575,575,50,0
10476,79,469,1,1,10,8,0,8,6.000,0.000,-6.000,220,220,804,575,575,50,0
10477,79,469,1,1,10,7,0,5,5.667,0.000,-5.667,220,220,854,575,575,50,0
10478,79,469,1,1,10,7,0,2,5.667,0.000,-5.667,220,220,904,575,575,50,0
10479,79,469,1,1,9,7,0,0,5.333,0.000,-5.333,220,220,954,575,575,50,0
10480,79,469,1,1,7,6,0,0,4.333,0.000,-4.333,220,220,1004,575,575,50,0
10481,79,469,1,1,11,6,0,0,5.667,0.000,-5.667,220,220,1054,575,575,50,0
10482,79,469,1,1,7,5,0,0,4.000,0.000,-4.000,220,220,1104,575,575,50,0
10483,79,470,2,1,13,0,5,0,6.000,0.000,-6.000,220,220,54,575,575,50,0
10484,79,470,2,1,9,0,5,0,4.667,0.000,-4.667,220,220,104,575,575,50,0
10485,79,470,2,1,10,0,5,0,5.000,0.000,-5.000,220,220,154,575,575,50,0
10486,79,470,2,1,9,0,6,3,5.000,0.000,-5.000,220,220,204,575,575,50,0
10487,79,470,2,1,10,0,6,5,5.333,0.000,-5.333,220,220,254,575,575,50,0
10488,79,470,2,1,10,0,7,8,5.667,0.000,-5.667,220,220,304,575,575,50,0
10489,79,470,2,1,11,0,7,11,6.000,0.000,-6.000,220,220,354,575,575,50,0
10490,79,470,2,1,11,0,8,14,6.333,0.000,-6.333,220,220,404,575,575,50,0
10491,79,470,2,1,12,0,8,16,6.667,0.000,-6.667,220,220,454,575,575,50,0
10492,79,470,2,1,12,3,8,19,7.667,3.000,-4.667,220,220,504,575,575,50,0
10493,79,470,2,1,13,10,9,22,10.667,10.000,-0.667,220,220,554,575,575,50,0
10494,79,470,2,1,13,17,9,24,13.000,17.000,4.000,220,220,604,600,600,50,1
10495,79,470,2,1,14,25,10,27,16.333,25.000,8.667,220,220,654,600,600,50,0
10496,79,470,2,1,14,31,10,29,18.333,31.000,12.667,220,220,704,600,600,50,0
10497,79,470,2,1,14,39,11,32,21.333,39.000,17.667,220,220,754,600,600,50,0
10498,79,470,2,1,15,46,11,35,24.000,46.000,22.000,220,220,804,600,600,50,0
10499,79,470,2,1,19,54,11,38,28.000,54.000,26.000,220,220,854,600,600,50,0
10500,79,470,2,1,15,61,12,41,29.333,61.000,31.667,220,220,904,600,600,50,0
10501,79,470,2,1,16,69,12,43,32.333,69.000,36.667,220,220,954,600,600,50,0
10502,79,470,2,1,16,77,12,46,35.000,77.000,42.000,220,220,1004,600,600,50,0
10503,79,470,2,1,17,84,13,48,38.000,84.000,46.000,220,220,1054,600,600,50,0
10504,79,470,2,1,16,91,14,51,40.333,91.000,50.667,220,220,1104,600,600,50,0
10505,79,470,2,1,17,100,14,54,43.667,100.000,56.333,220,220,1154,600,600,50,0
10506,79,470,2,1,17,107,14,57,46.000,107.000,61.000,220,220,1204,600,600,50,0
10507,79,471,3,1,75,15,12,45,34.000,75.000,41.000,220,220,80,600,600,50,0
10508,79,471,3,1,68,14,12,43,31.333,68.000,36.667,220,220,130,600,600,50,0
10509,79,471,3,1,59,13,11,39,27.667,59.000,31.333,220,220,180,600,600,50,0
10510,79,471,3,1,52,13,11,36,25.333,52.000,26.667,220,220,230,600,600,50,0
10511,79,471,3,1,44,12,11,33,22.333,44.000,21.667,220,220,280,600,600,50,0
10512,79,471,3,1,36,12,10,31,19.333,36.000,16.667,220,220,330,600,600,50,0
10513,79,471,3,1,29,11,10,28,16.667,29.000,12.333,220,220,380,600,600,50,0
10514,79,471,3,1,22,11,9,25,14.000,22.000,8.000,220,220,430,600,600,50,0
10515,79,471,3,1,15,11,9,23,11.667,15.000,3.333,220,220,480,600,600,50,0
10516,79,471,3,1,9,11,9,20,9.667,9.000,-0.667,220,220,530,600,600,50,1
10517,79,471,3,1,2,10,8,18,6.667,2.000,-4.667,220,220,580,600,600,50,0
10518,79,471,3,1,0,9,8,15,5.667,0.000,-5.667,220,220,630,600,600,50,0
10519,79,471,3,1,0,9,8,13,5.667,0.000,-5.667,220,220,680,600,600,50,0
10520,79,471,3,1,0,9,7,10,5.333,0.000,-5.333,220,220,730,600,600,50,0
10521,79,471,3,1,0,8,6,7,4.667,0.000,-4.667,220,220,780,600,600,50,0
10522,79,471,3,1,0,8,6,4,4.667,0.000,-4.667,220,220,830,600,600,50,0
10523,79,471,3,1,0,7,6,1,4.333,0.000,-4.333,220,220,880,600,600,50,0
10524,79,471,3,1,0,7,6,0,4.333,0.000,-4.333,220,220,930,600,600,50,0
10525,79,471,3,1,0,6,5,0,3.667,0.000,-3.667,220,220,980,600,600,50,0
10526,79,471,3,1,0,6,5,0,3.667,0.000,-3.667,220,220,1030,600,600,50,0
10527,79,471,3,1,0,5,4,0,3.000,0.000,-3.000,220,220,1080,600,600,50,0
10528,79,471,3,1,0,5,4,0,3.000,0.000,-3.000,220,220,1130,600,600,50,0
10529,79,471,3,1,0,4,4,0,2.667,0.000,-2.667,220,220,1180,600,600,50,0
10530,79,472,4,1,8,8,0,0,5.333,0.000,-5.333,220,220,80,600,600,50,0
10531,79,472,4,1,9,8,0,3,5.667,0.000,-5.667,220,220,130,600,600,50,0
10532,79,472,4,1,10,8,0,5,6.000,0.000,-6.000,220,220,180,600,600,50,0
10533,79,472,4,1,10,9,0,8,6.333,0.000,-6.333,220,220,230,600,600,50,0
10534,79,472,4,1,10,9,0,11,6.333,0.000,-6.333,220,220,280,600,600,50,0
10535,79,472,4,1,11,9,0,14,6.667,0.000,-6.667,220,220,330,600,600,50,0
10536,79,472,4,1,11,10,0,17,7.000,0.000,-7.000,220,220,380,600,600,50,0
10537,79,472,4,1,15,10,4,20,9.667,4.000,-5.667,220,220,430,600,600,50,0
10538,79,472,4,1,12,11,11,22,11.333,11.000,-0.333,220,220,480,600,600,50,0
10539,79,472,4,1,13,11,18,25,14.000,18.000,4.000,220,220,530,575,575,50,1
10540,79,472,4,1,13,11,25,27,16.333,25.000,8.667,220,220,580,575,575,50,0
10541,79,472,4,1,13,12,32,30,19.000,32.000,13.000,220,220,630,575,575,50,0
10542,79,472,4,1,14,12,38,33,21.333,38.000,16.667,220,220,680,575,575,50,0
10543,79,472,4,1,14,12,46,36,24.000,46.000,22.000,220,220,730,575,575,50,0
10544,79,472,4,1,14,13,53,38,26.667,53.000,26.333,220,220,780,575,575,50,0
10545,79,472,4,1,16,13,60,41,29.667,60.000,30.333,220,220,830,575,575,50,0
10546,79,472,4,1,16,13,68,43,32.333,68.000,35.667,220,220,880,575,575,50,0
10547,79,472,4,1,16,14,74,46,34.667,74.000,39.333,220,220,930,575,575,50,0
10548,79,472,4,1,17,14,82,49,37.667,82.000,44.333,220,220,980,575,575,50,0
10549,79,472,4,1,17,15,89,52,40.333,89.000,48.667,220,220,1030,575,575,50,0
10550,79,472,4,1,17,15,96,54,42.667,96.000,53.333,220,220,1080,575,575,50,0
10551,79,473,5,1,12,74,13,43,33.000,74.000,41.000,220,220,54,575,575,50,0
10552,79,473,5,1,16,70,13,44,33.000,70.000,37.000,220,220,104,575,575,50,0
10553,79,473,5,1,16,62,12,41,30.000,62.000,32.000,220,220,154,575,575,50,0
10554,79,473,5,1,15,54,12,38,27.000,54.000,27.000,220,220,204,575,575,50,0
10555,79,473,5,1,14,46,11,35,23.667,46.000,22.333,220,220,254,575,575,50,0
10556,79,473,5,1,17,39,11,33,22.333,39.000,16.667,220,220,304,575,575,50,0
10557,79,473,5,1,13,32,10,30,18.333,32.000,13.667,220,220,354,575,575,50,0
10558,79,473,5,1,13,25,10,27,16.000,25.000,9.000,220,220,404,575,575,50,0
10559,79,473,5,1,13,18,9,25,13.333,18.000,4.667,220,220,454,575,575,50,0
10560,79,473,5,1,12,11,9,22,10.667,11.000,0.333,220,220,504,575,575,50,0
10561,79,473,5,1,12,5,9,20,8.667,5.000,-3.667,220,220,554,575,575,50,1
10562,79,473,5,1,11,0,8,17,6.333,0.000,-6.333,220,220,604,575,575,50,0
10563,79,473,5,1,11,0,8,15,6.333,0.000,-6.333,220,220,654,575,575,50,0
10564,79,473,5,1,11,0,8,12,6.333,0.000,-6.333,220,220,704,575,575,50,0
10565,79,473,5,1,10,0,7,9,5.667,0.000,-5.667,220,220,754,575,575,50,0
10566,79,473,5,1,10,0,7,6,5.667,0.000,-5.667,220,220,804,575,575,50,0
10567,79,473,5,1,9,0,6,3,5.000,0.000,-5.000,220,220,854,575,575,50,0
10568,79,473,5,1,9,0,6,1,5.000,0.000,-5.000,220,220,904,575,575,50,0
10569,79,473,5,1,9,0,5,0,4.667,0.000,-4.667,220,220,954,575,575,50,0
10570,79,473,5,1,8,0,5,0,4.333,0.000,-4.333,220,220,1004,575,575,50,0
10571,79,473,5,1,7,0,4,0,3.667,0.000,-3.667,220,220,1054,575,575,50,0
10572,79,473,5,1,6,0,4,0,3.333,0.000,-3.333,220,220,1104,575,575,50,0
10573,79,474,6,1,0,7,8,0,5.000,0.000,-5.000,220,220,54,575,575,50,0
10574,79,474,6,1,0,6,7,0,4.333,0.000,-4.333,220,220,104,575,575,50,0
10575,79,474,6,1,0,7,6,2,4.333,0.000,-4.333,220,220,154,575,575,50,0
10576,79,474,6,1,0,7,7,4,4.667,0.000,-4.667,220,220,204,575,575,50,0
10577,79,474,6,1,0,8,7,7,5.000,0.000,-5.000,220,220,254,575,575,50,0
10578,79,474,6,1,0,8,8,10,5.333,0.000,-5.333,220,220,304,575,575,50,0
10579,79,474,6,1,0,9,8,13,5.667,0.000,-5.667,220,220,354,575,575,50,0
10580,79,474,6,1,0,9,9,16,6.000,0.000,-6.000,220,220,404,575,575,50,0
10581,79,474,6,1,3,10,8,18,7.000,3.000,-4.000,220,220,454,575,575,50,0
10582,79,474,6,1,10,10,9,21,9.667,10.000,0.333,220,220,504,550,550,50,1
10583,79,474,6,1,17,10,9,23,12.000,17.000,5.000,220,220,554,550,550,50,0
10584,79,474,6,1,24,11,10,26,15.000,24.000,9.000,220,220,604,550,550,50,0
10585,79,474,6,1,31,11,10,29,17.333,31.000,13.667,220,220,654,550,550,50,0
10586,79,474,6,1,37,11,10,31,19.333,37.000,17.667,220,220,704,550,550,50,0
10587,79,474,6,1,45,12,11,34,22.667,45.000,22.333,220,220,754,550,550,50,0
10588,79,474,6,1,52,12,11,37,25.000,52.000,27.000,220,220,804,550,550,50,0
10589,79,474,6,1,59,13,12,39,28.000,59.000,31.000,220,220,854,550,550,50,0
10590,79,474,6,1,66,13,12,42,30.333,66.000,35.667,220,220,904,550,550,50,0
10591,79,474,6,1,74,14,13,45,33.667,74.000,40.333,220,220,954,550,550,50,0
10592,79,474,6,1,81,14,13,47,36.000,81.000,45.000,220,220,1004,550,550,50,0
10593,79,474,6,1,87,14,13,49,38.000,87.000,49.000,220,220,1054,550,550,50,0
10594,80,475,1,1,21,14,88,52,41.000,88.000,47.000,220,220,79,550,550,50,0
10595,80,475,1,1,17,15,81,49,37.667,81.000,43.333,220,220,129,550,550,50,0
10596,80,475,1,1,16,14,74,46,34.667,74.000,39.333,220,220,179,550,550,50,0
10597,80,475,1,1,16,13,66,43,31.667,66.000,34.333,220,220,229,550,550,50,0
10598,80,475,1,1,15,13,58,40,28.667,58.000,29.333,220,220,279,550,550,50,0
10599,80,475,1,1,16,13,52,38,27.000,52.000,25.000,220,220,329,550,550,50,0
10600,80,475,1,1,15,12,44,35,23.667,44.000,20.333,220,220,379,550,550,50,0
10601,80,475,1,1,15,11,36,32,20.667,36.000,15.333,220,220,429,550,550,50,0
10602,80,475,1,1,14,11,29,29,18.000,29.000,11.000,220,220,479,550,550,50,0
10603,80,475,1,1,14,11,22,27,15.667,22.000,6.333,220,220,529,550,550,50,0
10604,80,475,1,1,14,11,15,24,13.333,15.000,1.667,220,220,579,550,550,50,0
10605,80,475,1,1,13,10,8,22,10.333,8.000,-2.333,220,220,629,600,600,50,1
10606,80,475,1,1,12,9,2,19,7.667,2.000,-5.667,220,220,679,600,600,50,0
10607,80,475,1,1,12,10,0,16,7.333,0.000,-7.333,220,220,729,600,600,50,0
10608,80,475,1,1,11,9,0,14,6.667,0.000,-6.667,220,220,779,600,600,50,0
10609,80,475,1,1,11,9,0,11,6.667,0.000,-6.667,220,220,829,600,600,50,0
10610,80,475,1,1,10,8,0,8,6.000,0.000,-6.000,220,220,879,600,600,50,0
10611,80,475,1,1,10,7,0,5,5.667,0.000,-5.667,220,220,929,600,600,50,0
10612,80,475,1,1,10,7,0,2,5.667,0.000,-5.667,220,220,979,600,600,50,0
10613,80,475,1,1,9,7,0,0,5.333,0.000,-5.333,220,220,1029,600,600,50,0
10614,80,475,1,1,11,7,0,0,6.000,0.000,-6.000,220,220,1079,600,600,50,0
10615,80,475,1,1,8,6,0,0,4.667,0.000,-4.667,220,220,1129,600,600,50,0
10616,80,475,1,1,8,5,0,0,4.333,0.000,-4.333,220,220,1179,600,600,50,0
10617,80,475,1,1,7,5,0,0,4.000,0.000,-4.000,220,220,1229,600,600,50,0
10618,80,476,2,1,9,0,4,0,4.333,0.000,-4.333,220,220,79,600,600,50,0
10619,80,476,2,1,9,0,5,0,4.667,0.000,-4.667,220,220,129,600,600,50,0
10620,80,476,2,1,9,0,6,2,5.000,0.000,-5.000,220,220,179,600,600,50,0
10621,80,476,2,1,10,0,6,4,5.333,0.000,-5.333,220,220,229,600,600,50,0
10622,80,476,2,1,10,0,7,8,5.667,0.000,-5.667,220,220,279,600,600,50,0
10623,80,476,2,1,11,0,7,10,6.000,0.000,-6.000,220,220,329,600,600,50,0
10624,80,476,2,1,11,0,8,13,6.333,0.000,-6.333,220,220,379,600,600,50,0
10625,80,476,2,1,12,0,8,16,6.667,0.000,-6.667,220,220,429,600,600,50,0
10626,80,476,2,1,12,2,8,19,7.333,2.000,-5.333,220,220,479,600,600,50,0
10627,80,476,2,1,13,8,9,21,10.000,8.000,-2.000,220,220,529,600,600,50,0
10628,80,476,2,1,13,15,9,24,12.333,15.000,2.667,220,220,579,600,600,50,1
10629,80,476,2,1,13,22,9,26,14.667,22.000,7.333,220,220,629,600,600,50,0
10630,80,476,2,1,14,29,10,29,17.667,29.000,11.333,220,220,679,600,600,50,0
10631,80,476,2,1,14,36,10,31,20.000,36.000,16.000,220,220,729,600,600,50,0
10632,80,476,2,1,14,43,11,34,22.667,43.000,20.333,220,220,779,600,600,50,0
10633,80,476,2,1,18,50,11,37,26.333,50.000,23.667,220,220,829,600,600,50,0
10634,80,476,2,1,15,58,12,40,28.333,58.000,29.667,220,220,879,600,600,50,0
10635,80,476,2,1,16,65,12,42,31.000,65.000,34.000,220,220,929,600,600,50,0
10636,80,476,2,1,16,73,13,45,34.000,73.000,39.000,220,220,979,600,600,50,0
10637,80,476,2,1,16,80,13,47,36.333,80.000,43.667,220,220,1029,600,600,50,0
10638,80,476,2,1,17,88,13,50,39.333,88.000,48.667,220,220,1079,600,600,50,0
10639,80,476,2,1,17,95,14,53,42.000,95.000,53.000,220,220,1129,600,600,50,0
10640,80,476,2,1,17,103,14,56,44.667,103.000,58.333,220,220,1179,600,600,50,0
10641,80,477,3,1,75,15,12,45,34.000,75.000,41.000,220,220,80,600,600,50,0
10642,80,477,3,1,67,14,12,42,31.000,67.000,36.000,220,220,130,600,600,50,0
10643,80,477,3,1,58,13,11,39,27.333,58.000,30.667,220,220,180,600,600,50,0
10644,80,477,3,1,51,13,11,36,25.000,51.000,26.000,220,220,230,600,600,50,0
10645,80,477,3,1,43,12,11,33,22.000,43.000,21.000,220,220,280,600,600,50,0
10646,80,477,3,1,36,12,10,30,19.333,36.000,16.667,220,220,330,600,600,50,0
10647,80,477,3,1,28,12,10,27,16.667,28.000,11.333,220,220,380,600,600,50,0
10648,80,477,3,1,21,11,9,25,13.667,21.000,7.333,220,220,430,600,600,50,0
10649,80,477,3,1,14,10,9,22,11.000,14.000,3.000,220,220,480,600,600,50,0
10650,80,477,3,1,7,10,8,20,8.333,7.000,-1.333,220,220,530,575,575,50,1
10651,80,477,3,1,0,10,8,16,6.000,0.000,-6.000,220,220,580,575,575,50,0
10652,80,477,3,1,0,9,8,15,5.667,0.000,-5.667,220,220,630,575,575,50,0
10653,80,477,3,1,0,9,7,11,5.333,0.000,-5.333,220,220,680,575,575,50,0
10654,80,477,3,1,0,9,7,9,5.333,0.000,-5.333,220,220,730,575,575,50,0
10655,80,477,3,1,0,8,6,6,4.667,0.000,-4.667,220,220,780,575,575,50,0
10656,80,477,3,1,0,8,6,3,4.667,0.000,-4.667,220,220,830,575,575,50,0
10657,80,477,3,1,0,7,5,0,4.000,0.000,-4.000,220,220,880,575,575,50,0
10658,80,477,3,1,0,6,5,0,3.667,0.000,-3.667,220,220,930,575,575,50,0
10659,80,477,3,1,0,6,5,0,3.667,0.000,-3.667,220,220,980,575,575,50,0
10660,80,477,3,1,0,6,4,0,3.333,0.000,-3.333,220,220,1030,575,575,50,0
10661,80,477,3,1,0,5,4,0,3.000,0.000,-3.000,220,220,1080,575,575,50,0
10662,80,478,4,1,11,10,0,0,7.000,0.000,-7.000,220,220,54,575,575,50,0
10663,80,478,4,1,8,8,0,0,5.333,0.000,-5.333,220,220,104,575,575,50,0
10664,80,478,4,1,9,8,0,1,5.667,0.000,-5.667,220,220,154,575,575,50,0
10665,80,478,4,1,9,8,0,3,5.667,0.000,-5.667,220,220,204,575,575,50,0
10666,80,478,4,1,10,8,0,6,6.000,0.000,-6.000,220,220,254,575,575,50,0
10667,80,478,4,1,10,8,0,9,6.000,0.000,-6.000,220,220,304,575,575,50,0
10668,80,478,4,1,10,8,0,12,6.000,0.000,-6.000,220,220,354,575,575,50,0
10669,80,478,4,1,11,9,0,14,6.667,0.000,-6.667,220,220,404,575,575,50,0
10670,80,478,4,1,11,10,0,18,7.000,0.000,-7.000,220,220,454,575,575,50,0
10671,80,478,4,1,15,10,4,20,9.667,4.000,-5.667,220,220,504,575,575,50,0
10672,80,478,4,1,12,10,10,22,10.667,10.000,-0.667,220,220,554,575,575,50,0
10673,80,478,4,1,13,11,17,25,13.667,17.000,3.333,220,220,604,600,600,50,1
10674,80,478,4,1,13,11,24,27,16.000,24.000,8.000,220,220,654,600,600,50,0
10675,80,478,4,1,13,12,31,30,18.667,31.000,12.333,220,220,704,600,600,50,0
10676,80,478,4,1,14,12,37,32,21.000,37.000,16.000,220,220,754,600,600,50,0
10677,80,478,4,1,14,12,45,35,23.667,45.000,21.333,220,220,804,600,600,50,0
10678,80,478,4,1,15,13,52,38,26.667,52.000,25.333,220,220,854,600,600,50,0
10679,80,478,4,1,15,13,59,40,29.000,59.000,30.000,220,220,904,600,600,50,0
10680,80,478,4,1,15,14,66,44,31.667,66.000,34.333,220,220,954,600,600,50,0
10681,80,478,4,1,16,14,74,46,34.667,74.000,39.333,220,220,1004,600,600,50,0
10682,80,478,4,1,16,14,81,49,37.000,81.000,44.000,220,220,1054,600,600,50,0
10683,80,478,4,1,17,15,89,52,40.333,89.000,48.667,220,220,1104,600,600,50,0
10684,80,478,4,1,17,15,96,54,42.667,96.000,53.333,220,220,1154,600,600,50,0
10685,80,478,4,1,18,15,104,57,45.667,104.000,58.333,220,220,1204,600,600,50,0
10686,80,479,5,1,16,73,13,45,34.000,73.000,39.000,220,220,79,600,600,50,0
10687,80,479,5,1,16,65,12,42,31.000,65.000,34.000,220,220,129,600,600,50,0
10688,80,479,5,1,15,57,12,40,28.000,57.000,29.000,220,220,179,600,600,50,0
10689,80,479,5,1,15,49,11,36,25.000,49.000,24.000,220,220,229,600,600,50,0
10690,80,479,5,1,17,42,11,34,23.333,42.000,18.667,220,220,279,600,600,50,0
10691,80,479,5,1,14,33,11,31,19.333,33.000,13.667,220,220,329,600,600,50,0
10692,80,479,5,1,13,26,11,28,16.667,26.000,9.333,220,220,379,600,600,50,0
10693,80,479,5,1,13,19,10,25,14.000,19.000,5.000,220,220,429,600,600,50,0
10694,80,479,5,1,13,12,10,23,11.667,12.000,0.333,220,220,479,600,600,50,0
10695,80,479,5,1,12,5,9,20,8.667,5.000,-3.667,220,220,529,575,575,50,1
10696,80,479,5,1,12,0,8,17,6.667,0.000,-6.667,220,220,579,575,575,50,0
10697,80,479,5,1,11,0,8,15,6.333,0.000,-6.333,220,220,629,575,575,50,0
10698,80,479,5,1,11,0,8,11,6.333,0.000,-6.333,220,220,679,575,575,50,0
10699,80,479,5,1,10,0,7,9,5.667,0.000,-5.667,220,220,729,575,575,50,0
10700,80,479,5,1,9,0,7,6,5.333,0.000,-5.333,220,220,779,575,575,50,0
10701,80,479,5,1,9,0,6,3,5.000,0.000,-5.000,220,220,829,575,575,50,0
10702,80,479,5,1,9,0,5,1,4.667,0.000,-4.667,220,220,879,575,575,50,0
10703,80,479,5,1,8,0,5,0,4.333,0.000,-4.333,220,220,929,575,575,50,0
10704,80,479,5,1,8,0,5,0,4.333,0.000,-4.333,220,220,979,575,575,50,0
10705,80,479,5,1,8,0,4,0,4.000,0.000,-4.000,220,220,1029,575,575,50,0
10706,80,479,5,1,7,0,3,0,3.333,0.000,-3.333,220,220,1079,575,575,50,0
10707,80,480,6,1,0,8,8,0,5.333,0.000,-5.333,220,220,54,575,575,50,0
10708,80,480,6,1,0,6,7,0,4.333,0.000,-4.333,220,220,104,575,575,50,0
10709,80,480,6,1,0,7,7,2,4.667,0.000,-4.667,220,220,154,575,575,50,0
10710,80,480,6,1,0,8,7,4,5.000,0.000,-5.000,220,220,204,575,575,50,0
10711,80,480,6,1,0,8,7,7,5.000,0.000,-5.000,220,220,254,575,575,50,0
10712,80,480,6,1,0,8,7,10,5.000,0.000,-5.000,220,220,304,575,575,50,0
10713,80,480,6,1,0,9,8,13,5.667,0.000,-5.667,220,220,354,575,575,50,0
10714,80,480,6,1,0,9,8,15,5.667,0.000,-5.667,220,220,404,575,575,50,0
10715,80,480,6,1,2,9,8,18,6.333,2.000,-4.333,220,220,454,575,575,50,0
10716,80,480,6,1,9,10,9,21,9.333,9.000,-0.333,220,220,504,575,575,50,0
10717,80,480,6,1,16,10,9,23,11.667,16.000,4.333,220,220,554,575,575,50,1
10718,80,480,6,1,23,10,10,26,14.333,23.000,8.667,220,220,604,575,575,50,0
10719,80,480,6,1,31,11,10,28,17.333,31.000,13.667,220,220,654,575,575,50,0
10720,80,480,6,1,37,12,10,31,19.667,37.000,17.333,220,220,704,575,575,50,0
10721,80,480,6,1,45,12,11,34,22.667,45.000,22.333,220,220,754,575,575,50,0
10722,80,480,6,1,53,12,12,37,25.667,53.000,27.333,220,220,804,575,575,50,0
10723,80,480,6,1,60,13,12,40,28.333,60.000,31.667,220,220,854,575,575,50,0
10724,80,480,6,1,67,14,12,42,31.000,67.000,36.000,220,220,904,575,575,50,0
10725,80,480,6,1,74,14,12,45,33.333,74.000,40.667,220,220,954,575,575,50,0
10726,80,480,6,1,82,15,13,47,36.667,82.000,45.333,220,220,1004,575,575,50,0
10727,80,480,6,1,89,15,13,51,39.000,89.000,50.000,220,220,1054,575,575,50,0
10728,80,480,6,1,97,15,13,53,41.667,97.000,55.333,220,220,1104,575,575,50,0
10729,81,481,1,1,15,11,77,45,34.333,77.000,42.667,220,220,54,575,575,50,0
10730,81,481,1,1,17,13,71,45,33.667,71.000,37.333,220,220,104,575,575,50,0
10731,81,481,1,1,16,13,63,42,30.667,63.000,32.333,220,220,154,575,575,50,0
10732,81,481,1,1,16,13,55,39,28.000,55.000,27.000,220,220,204,575,575,50,0
10733,81,481,1,1,15,12,47,36,24.667,47.000,22.333,220,220,254,575,575,50,0
10734,81,481,1,1,15,12,40,33,22.333,40.000,17.667,220,220,304,575,575,50,0
10735,81,481,1,1,14,12,33,31,19.667,33.000,13.333,220,220,354,575,575,50,0
10736,81,481,1,1,14,11,25,28,16.667,25.000,8.333,220,220,404,575,575,50,0
10737,81,481,1,1,13,11,19,26,14.333,19.000,4.667,220,220,454,575,575,50,0
10738,81,481,1,1,13,10,12,23,11.667,12.000,0.333,220,220,504,575,575,50,0
10739,81,481,1,1,13,10,6,21,9.667,6.000,-3.667,220,220,554,575,575,50,1
10740,81,481,1,1,12,10,0,18,7.333,0.000,-7.333,220,220,604,575,575,50,0
10741,81,481,1,1,12,9,0,16,7.000,0.000,-7.000,220,220,654,575,575,50,0
10742,81,481,1,1,11,9,0,13,6.667,0.000,-6.667,220,220,704,575,575,50,0
10743,81,481,1,1,11,9,0,10,6.667,0.000,-6.667,220,220,754,575,575,50,0
10744,81,481,1,1,10,8,0,7,6.000,0.000,-6.000,220,220,804,575,575,50,0
10745,81,481,1,1,10,8,0,5,6.000,0.000,-6.000,220,220,854,575,575,50,0
10746,81,481,1,1,10,7,0,2,5.667,0.000,-5.667,220,220,904,575,575,50,0
10747,81,481,1,1,9,7,0,0,5.333,0.000,-5.333,220,220,954,575,575,50,0
10748,81,481,1,1,8,7,0,0,5.000,0.000,-5.000,220,220,1004,575,575,50,0
10749,81,481,1,1,11,6,0,0,5.667,0.000,-5.667,220,220,1054,575,575,50,0
10750,81,481,1,1,7,6,0,0,4.333,0.000,-4.333,220,220,1104,575,575,50,0
10751,81,482,2,1,13,0,5,0,6.000,0.000,-6.000,220,220,54,575,575,50,0
10752,81,482,2,1,10,0,4,0,4.667,0.000,-4.667,220,220,104,575,575,50,0
10753,81,482,2,1,10,0,5,0,5.000,0.000,-5.000,220,220,154,575,575,50,0
10754,81,482,2,1,9,0,6,1,5.000,0.000,-5.000,220,220,204,575,575,50,0
10755,81,482,2,1,10,0,6,4,5.333,0.000,-5.333,220,220,254,575,575,50,0
10756,81,482,2,1,10,0,6,7,5.333,0.000,-5.333,220,220,304,575,575,50,0
10757,81,482,2,1,10,0,7,10,5.667,0.000,-5.667,220,220,354,575,575,50,0
10758,81,482,2,1,11,0,7,12,6.000,0.000,-6.000,220,220,404,575,575,50,0
10759,81,482,2,1,12,0,8,15,6.667,0.000,-6.667,220,220,454,575,575,50,0
10760,81,482,2,1,12,0,8,18,6.667,0.000,-6.667,220,220,504,575,575,50,0
10761,81,482,2,1,12,7,8,21,9.000,7.000,-2.000,220,220,554,575,575,50,0
10762,81,482,2,1,13,14,9,23,12.000,14.000,2.000,220,220,604,600,600,50,1
10763,81,482,2,1,13,22,10,26,15.000,22.000,7.000,220,220,654,600,600,50,0
10764,81,482,2,1,14,29,10,28,17.667,29.000,11.333,220,220,704,600,600,50,0
10765,81,482,2,1,14,35,11,31,20.000,35.000,15.000,220,220,754,600,600,50,0
10766,81,482,2,1,15,43,11,34,23.000,43.000,20.000,220,220,804,600,600,50,0
10767,81,482,2,1,18,50,11,37,26.333,50.000,23.667,220,220,854,600,600,50,0
10768,81,482,2,1,15,58,12,39,28.333,58.000,29.667,220,220,904,600,600,50,0
10769,81,482,2,1,16,66,12,42,31.333,66.000,34.667,220,220,954,600,600,50,0
10770,81,482,2,1,16,74,12,46,34.000,74.000,40.000,220,220,1004,600,600,50,0
10771,81,482,2,1,17,81,13,48,37.000,81.000,44.000,220,220,1054,600,600,50,0
10772,81,482,2,1,17,89,13,50,39.667,89.000,49.333,220,220,1104,600,600,50,0
10773,81,482,2,1,17,97,13,53,42.333,97.000,54.667,220,220,1154,600,600,50,0
10774,81,482,2,1,17,104,14,56,45.000,104.000,59.000,220,220,1204,600,600,50,0
10775,81,483,3,1,76,14,12,45,34.000,76.000,42.000,220,220,80,600,600,50,0
10776,81,483,3,1,68,14,12,43,31.333,68.000,36.667,220,220,130,600,600,50,0
10777,81,483,3,1,60,14,12,40,28.667,60.000,31.333,220,220,180,600,600,50,0
10778,81,483,3,1,52,13,11,37,25.333,52.000,26.667,220,220,230,600,600,50,0
10779,81,483,3,1,44,13,11,33,22.667,44.000,21.333,220,220,280,600,600,50,0
10780,81,483,3,1,37,12,11,30,20.000,37.000,17.000,220,220,330,600,600,50,0
10781,81,483,3,1,30,12,10,28,17.333,30.000,12.667,220,220,380,600,600,50,0
10782,81,483,3,1,23,11,9,25,14.333,23.000,8.667,220,220,430,600,600,50,0
10783,81,483,3,1,16,10,9,23,11.667,16.000,4.333,220,220,480,600,600,50,0
10784,81,483,3,1,9,10,9,20,9.333,9.000,-0.333,220,220,530,600,600,50,1
10785,81,483,3,1,2,10,8,18,6.667,2.000,-4.667,220,220,580,600,600,50,0
10786,81,483,3,1,0,10,8,15,6.000,0.000,-6.000,220,220,630,600,600,50,0
10787,81,483,3,1,0,9,8,13,5.667,0.000,-5.667,220,220,680,600,600,50,0
10788,81,483,3,1,0,9,7,10,5.333,0.000,-5.333,220,220,730,600,600,50,0
10789,81,483,3,1,0,8,7,7,5.000,0.000,-5.000,220,220,780,600,600,50,0
10790,81,483,3,1,0,8,6,4,4.667,0.000,-4.667,220,220,830,600,600,50,0
10791,81,483,3,1,0,7,6,1,4.333,0.000,-4.333,220,220,880,600,600,50,0
10792,81,483,3,1,0,7,5,0,4.000,0.000,-4.000,220,220,930,600,600,50,0
10793,81,483,3,1,0,6,5,0,3.667,0.000,-3.667,220,220,980,600,600,50,0
10794,81,483,3,1,0,5,5,0,3.333,0.000,-3.333,220,220,1030,600,600,50,0
10795,81,483,3,1,0,5,4,0,3.000,0.000,-3.000,220,220,1080,600,600,50,0
10796,81,483,3,1,0,5,4,0,3.000,0.000,-3.000,220,220,1130,600,600,50,0
10797,81,483,3,1,0,4,3,0,2.333,0.000,-2.333,220,220,1180,600,600,50,0
10798,81,484,4,1,8,8,0,1,5.333,0.000,-5.333,220,220,80,600,600,50,0
10799,81,484,4,1,9,8,0,4,5.667,0.000,-5.667,220,220,130,600,600,50,0
10800,81,484,4,1,10,8,0,7,6.000,0.000,-6.000,220,220,180,600,600,50,0
10801,81,484,4,1,10,8,0,10,6.000,0.000,-6.000,220,220,230,600,600,50,0
10802,81,484,4,1,11,9,0,12,6.667,0.000,-6.667,220,220,280,600,600,50,0
10803,81,484,4,1,11,9,0,15,6.667,0.000,-6.667,220,220,330,600,600,50,0
10804,81,484,4,1,11,10,0,17,7.000,0.000,-7.000,220,220,380,600,600,50,0
10805,81,484,4,1,12,10,6,20,9.333,6.000,-3.333,220,220,430,600,600,50,0
10806,81,484,4,1,15,11,13,23,13.000,13.000,0.000,220,220,480,600,600,50,1
10807,81,484,4,1,13,11,19,25,14.333,19.000,4.667,220,220,530,575,575,50,0
10808,81,484,4,1,13,11,27,28,17.000,27.000,10.000,220,220,580,575,575,50,0
10809,81,484,4,1,14,12,34,31,20.000,34.000,14.000,220,220,630,575,575,50,0
10810,81,484,4,1,14,12,40,33,22.000,40.000,18.000,220,220,680,575,575,50,0
10811,81,484,4,1,14,12,48,36,24.667,48.000,23.333,220,220,730,575,575,50,0
10812,81,484,4,1,15,13,56,39,28.000,56.000,28.000,220,220,780,575,575,50,0
10813,81,484,4,1,15,13,63,42,30.333,63.000,32.667,220,220,830,575,575,50,0
10814,81,484,4,1,16,14,70,44,33.333,70.000,36.667,220,220,880,575,575,50,0
10815,81,484,4,1,16,14,77,47,35.667,77.000,41.333,220,220,930,575,575,50,0
10816,81,484,4,1,17,14,84,50,38.333,84.000,45.667,220,220,980,575,575,50,0
10817,81,484,4,1,17,14,93,52,41.333,93.000,51.667,220,220,1030,575,575,50,0
10818,81,484,4,1,17,15,99,55,43.667,99.000,55.333,220,220,1080,575,575,50,0
10819,81,485,5,1,12,74,13,44,33.000,74.000,41.000,220,220,54,575,575,50,0
10820,81,485,5,1,15,70,14,44,33.000,70.000,37.000,220,220,104,575,575,50,0
10821,81,485,5,1,15,63,13,41,30.333,63.000,32.667,220,220,154,575,575,50,0
10822,81,485,5,1,15,55,12,38,27.333,55.000,27.667,220,220,204,575,575,50,0
10823,81,485,5,1,15,47,11,36,24.333,47.000,22.667,220,220,254,575,575,50,0
10824,81,485,5,1,17,39,11,33,22.333,39.000,16.667,220,220,304,575,575,50,0
10825,81,485,5,1,14,32,11,30,19.000,32.000,13.000,220,220,354,575,575,50,0
10826,81,485,5,1,13,26,10,28,16.333,26.000,9.667,220,220,404,575,575,50,0
10827,81,485,5,1,13,18,10,25,13.667,18.000,4.333,220,220,454,575,575,50,0
10828,81,485,5,1,12,12,9,22,11.000,12.000,1.000,220,220,504,575,575,50,0
10829,81,485,5,1,12,5,10,20,9.000,5.000,-4.000,220,220,554,575,575,50,1
10830,81,485,5,1,11,0,9,18,6.667,0.000,-6.667,220,220,604,575,575,50,0
10831,81,485,5,1,11,0,8,14,6.333,0.000,-6.333,220,220,654,575,575,50,0
10832,81,485,5,1,10,0,8,12,6.000,0.000,-6.000,220,220,704,575,575,50,0
10833,81,485,5,1,10,0,8,10,6.000,0.000,-6.000,220,220,754,575,575,50,0
10834,81,485,5,1,10,0,7,7,5.667,0.000,-5.667,220,220,804,575,575,50,0
10835,81,485,5,1,10,0,6,3,5.333,0.000,-5.333,220,220,854,575,575,50,0
10836,81,485,5,1,9,0,6,1,5.000,0.000,-5.000,220,220,904,575,575,50,0
10837,81,485,5,1,8,0,6,0,4.667,0.000,-4.667,220,220,954,575,575,50,0
10838,81,485,5,1,8,0,6,0,4.667,0.000,-4.667,220,220,1004,575,575,50,0
10839,81,485,5,1,8,0,4,0,4.000,0.000,-4.000,220,220,1054,575,575,50,0
10840,81,485,5,1,7,0,4,0,3.667,0.000,-3.667,220,220,1104,575,575,50,0
10841,81,486,6,1,0,7,8,0,5.000,0.000,-5.000,220,220,54,575,575,50,0
10842,81,486,6,1,0,5,6,0,3.667,0.000,-3.667,220,220,104,575,575,50,0
10843,81,486,6,1,0,6,6,0,4.000,0.000,-4.000,220,220,154,575,575,50,0
10844,81,486,6,1,0,7,6,4,4.333,0.000,-4.333,220,220,204,575,575,50,0
10845,81,486,6,1,0,8,7,6,5.000,0.000,-5.000,220,220,254,575,575,50,0
10846,81,486,6,1,0,8,7,9,5.000,0.000,-5.000,220,220,304,575,575,50,0
10847,81,486,6,1,0,8,8,12,5.333,0.000,-5.333,220,220,354,575,575,50,0
10848,81,486,6,1,0,9,8,15,5.667,0.000,-5.667,220,220,404,575,575,50,0
10849,81,486,6,1,1,9,8,17,6.000,1.000,-5.000,220,220,454,575,575,50,0
10850,81,486,6,1,8,10,9,20,9.000,8.000,-1.000,220,220,504,575,575,50,0
10851,81,486,6,1,15,10,10,23,11.667,15.000,3.333,220,220,554,575,575,50,1
10852,81,486,6,1,23,11,10,26,14.667,23.000,8.333,220,220,604,575,575,50,0
10853,81,486,6,1,30,11,10,28,17.000,30.000,13.000,220,220,654,575,575,50,0
10854,81,486,6,1,37,11,10,31,19.333,37.000,17.667,220,220,704,575,575,50,0
10855,81,486,6,1,44,12,11,34,22.333,44.000,21.667,220,220,754,575,575,50,0
10856,81,486,6,1,51,12,11,36,24.667,51.000,26.333,220,220,804,575,575,50,0
10857,81,486,6,1,58,13,11,38,27.333,58.000,30.667,220,220,854,575,575,50,0
10858,81,486,6,1,66,13,12,41,30.333,66.000,35.667,220,220,904,575,575,50,0
10859,81,486,6,1,72,14,12,44,32.667,72.000,39.333,220,220,954,575,575,50,0
10860,81,486,6,1,79,14,13,47,35.333,79.000,43.667,220,220,1004,575,575,50,0
10861,81,486,6,1,86,14,13,49,37.667,86.000,48.333,220,220,1054,575,575,50,0
10862,81,486,6,1,93,15,13,52,40.333,93.000,52.667,220,220,1104,575,575,50,0
10863,82,487,1,1,15,11,78,45,34.667,78.000,43.333,220,220,54,575,575,50,0
10864,82,487,1,1,18,13,72,46,34.333,72.000,37.667,220,220,104,575,575,50,0
10865,82,487,1,1,17,14,64,43,31.667,64.000,32.333,220,220,154,575,575,50,0
10866,82,487,1,1,16,13,56,39,28.333,56.000,27.667,220,220,204,575,575,50,0
10867,82,487,1,1,16,12,49,37,25.667,49.000,23.333,220,220,254,575,575,50,0
10868,82,487,1,1,14,12,42,34,22.667,42.000,19.333,220,220,304,575,575,50,0
10869,82,487,1,1,14,11,34,31,19.667,34.000,14.333,220,220,354,575,575,50,0
10870,82,487,1,1,14,11,27,28,17.333,27.000,9.667,220,220,404,575,575,50,0
10871,82,487,1,1,13,11,21,26,15.000,21.000,6.000,220,220,454,575,575,50,0
10872,82,487,1,1,13,10,14,24,12.333,14.000,1.667,220,220,504,575,575,50,0
10873,82,487,1,1,13,10,7,21,10.000,7.000,-3.000,220,220,554,575,575,50,1
10874,82,487,1,1,12,10,0,18,7.333,0.000,-7.333,220,220,604,575,575,50,0
10875,82,487,1,1,12,9,0,16,7.000,0.000,-7.000,220,220,654,575,575,50,0
10876,82,487,1,1,11,9,0,13,6.667,0.000,-6.667,220,220,704,575,575,50,0
10877,82,487,1,1,11,8,0,10,6.333,0.000,-6.333,220,220,754,575,575,50,0
10878,82,487,1,1,11,8,0,8,6.333,0.000,-6.333,220,220,804,575,575,50,0
10879,82,487,1,1,10,8,0,4,6.000,0.000,-6.000,220,220,854,575,575,50,0
10880,82,487,1,1,9,7,0,2,5.333,0.000,-5.333,220,220,904,575,575,50,0
10881,82,487,1,1,9,7,0,0,5.333,0.000,-5.333,220,220,954,575,575,50,0
10882,82,487,1,1,8,7,0,0,5.000,0.000,-5.000,220,220,1004,575,575,50,0
10883,82,487,1,1,11,6,0,0,5.667,0.000,-5.667,220,220,1054,575,575,50,0
10884,82,487,1,1,7,5,0,0,4.000,0.000,-4.000,220,220,1104,575,575,50,0
10885,82,488,2,1,13,0,6,0,6.333,0.000,-6.333,220,220,54,575,575,50,0
10886,82,488,2,1,9,0,4,0,4.333,0.000,-4.333,220,220,104,575,575,50,0
10887,82,488,2,1,9,0,5,0,4.667,0.000,-4.667,220,220,154,575,575,50,0
10888,82,488,2,1,9,0,6,3,5.000,0.000,-5.000,220,220,204,575,575,50,0
10889,82,488,2,1,10,0,6,5,5.333,0.000,-5.333,220,220,254,575,575,50,0
10890,82,488,2,1,10,0,7,8,5.667,0.000,-5.667,220,220,304,575,575,50,0
10891,82,488,2,1,11,0,7,11,6.000,0.000,-6.000,220,220,354,575,575,50,0
10892,82,488,2,1,11,0,7,14,6.000,0.000,-6.000,220,220,404,575,575,50,0
10893,82,488,2,1,12,0,8,16,6.667,0.000,-6.667,220,220,454,575,575,50,0
10894,82,488,2,1,12,3,8,19,7.667,3.000,-4.667,220,220,504,575,575,50,0
10895,82,488,2,1,13,9,9,21,10.333,9.000,-1.333,220,220,554,575,575,50,0
10896,82,488,2,1,13,16,9,24,12.667,16.000,3.333,220,220,604,600,600,50,1
10897,82,488,2,1,14,23,10,26,15.667,23.000,7.333,220,220,654,600,600,50,0
10898,82,488,2,1,14,30,10,29,18.000,30.000,12.000,220,220,704,600,600,50,0
10899,82,488,2,1,14,36,11,32,20.333,36.000,15.667,220,220,754,600,600,50,0
10900,82,488,2,1,15,44,11,34,23.333,44.000,20.667,220,220,804,600,600,50,0
10901,82,488,2,1,18,51,11,37,26.667,51.000,24.333,220,220,854,600,600,50,0
10902,82,488,2,1,16,59,12,40,29.000,59.000,30.000,220,220,904,600,600,50,0
10903,82,488,2,1,16,67,12,42,31.667,67.000,35.333,220,220,954,600,600,50,0
10904,82,488,2,1,16,74,12,45,34.000,74.000,40.000,220,220,1004,600,600,50,0
10905,82,488,2,1,16,81,13,48,36.667,81.000,44.333,220,220,1054,600,600,50,0
10906,82,488,2,1,17,89,13,51,39.667,89.000,49.333,220,220,1104,600,600,50,0
10907,82,488,2,1,17,96,14,53,42.333,96.000,53.667,220,220,1154,600,600,50,0
10908,82,488,2,1,18,104,14,56,45.333,104.000,58.667,220,220,1204,600,600,50,0
10909,82,489,3,1,78,15,12,46,35.000,78.000,43.000,220,220,80,600,600,50,0
10910,82,489,3,1,71,14,12,43,32.333,71.000,38.667,220,220,130,600,600,50,0
10911,82,489,3,1,62,14,12,41,29.333,62.000,32.667,220,220,180,600,600,50,0
10912,82,489,3,1,54,13,11,37,26.000,54.000,28.000,220,220,230,600,600,50,0
10913,82,489,3,1,46,13,11,34,23.333,46.000,22.667,220,220,280,600,600,50,0
10914,82,489,3,1,39,12,10,31,20.333,39.000,18.667,220,220,330,600,600,50,0
10915,82,489,3,1,31,11,10,29,17.333,31.000,13.667,220,220,380,600,600,50,0
10916,82,489,3,1,24,12,9,26,15.000,24.000,9.000,220,220,430,600,600,50,0
10917,82,489,3,1,17,11,9,24,12.333,17.000,4.667,220,220,480,600,600,50,0
10918,82,489,3,1,10,10,9,21,9.667,10.000,0.333,220,220,530,600,600,50,0
10919,82,489,3,1,3,10,8,18,7.000,3.000,-4.000,220,220,580,600,600,50,1
10920,82,489,3,1,0,10,8,16,6.000,0.000,-6.000,220,220,630,600,600,50,0
10921,82,489,3,1,0,9,8,13,5.667,0.000,-5.667,220,220,680,600,600,50,0
10922,82,489,3,1,0,9,7,10,5.333,0.000,-5.333,220,220,730,600,600,50,0
10923,82,489,3,1,0,8,7,7,5.000,0.000,-5.000,220,220,780,600,600,50,0
10924,82,489,3,1,0,8,6,4,4.667,0.000,-4.667,220,220,830,600,600,50,0
10925,82,489,3,1,0,7,6,1,4.333,0.000,-4.333,220,220,880,600,600,50,0
10926,82,489,3,1,0,7,5,0,4.000,0.000,-4.000,220,220,930,600,600,50,0
10927,82,489,3,1,0,6,5,0,3.667,0.000,-3.667,220,220,980,600,600,50,0
10928,82,489,3,1,0,6,5,0,3.667,0.000,-3.667,220,220,1030,600,600,50,0
10929,82,489,3,1,0,5,4,0,3.000,0.000,-3.000,220,220,1080,600,600,50,0
10930,82,489,3,1,0,4,4,0,2.667,0.000,-2.667,220,220,1130,600,600,50,0
10931,82,489,3,1,0,4,3,0,2.333,0.000,-2.333,220,220,1180,600,600,50,0
10932,82,490,4,1,8,8,0,1,5.333,0.000,-5.333,220,220,80,600,600,50,0
10933,82,490,4,1,9,8,0,3,5.667,0.000,-5.667,220,220,130,600,600,50,0
10934,82,490,4,1,10,8,0,6,6.000,0.000,-6.000,220,220,180,600,600,50,0
10935,82,490,4,1,10,8,0,9,6.000,0.000,-6.000,220,220,230,600,600,50,0
10936,82,490,4,1,10,9,0,12,6.333,0.000,-6.333,220,220,280,600,600,50,0
10937,82,490,4,1,11,9,0,14,6.667,0.000,-6.667,220,220,330,600,600,50,0
10938,82,490,4,1,11,10,0,17,7.000,0.000,-7.000,220,220,380,600,600,50,0
10939,82,490,4,1,15,10,4,20,9.667,4.000,-5.667,220,220,430,600,600,50,0
10940,82,490,4,1,12,10,10,23,10.667,10.000,-0.667,220,220,480,600,600,50,0
10941,82,490,4,1,13,11,16,24,13.333,16.000,2.667,220,220,530,575,575,50,1
10942,82,490,4,1,13,11,23,27,15.667,23.000,7.333,220,220,580,575,575,50,0
10943,82,490,4,1,13,12,31,30,18.667,31.000,12.333,220,220,630,575,575,50,0
10944,82,490,4,1,14,12,37,32,21.000,37.000,16.000,220,220,680,575,575,50,0
10945,82,490,4,1,14,12,44,35,23.333,44.000,20.667,220,220,730,575,575,50,0
10946,82,490,4,1,15,13,51,37,26.333,51.000,24.667,220,220,780,575,575,50,0
10947,82,490,4,1,15,13,59,40,29.000,59.000,30.000,220,220,830,575,575,50,0
10948,82,490,4,1,15,14,66,43,31.667,66.000,34.333,220,220,880,575,575,50,0
10949,82,490,4,1,16,13,73,45,34.000,73.000,39.000,220,220,930,575,575,50,0
10950,82,490,4,1,16,14,81,48,37.000,81.000,44.000,220,220,980,575,575,50,0
10951,82,490,4,1,16,14,89,51,39.667,89.000,49.333,220,220,1030,575,575,50,0
10952,82,490,4,1,17,14,96,54,42.333,96.000,53.667,220,220,1080,575,575,50,0
10953,82,491,5,1,11,75,13,43,33.000,75.000,42.000,220,220,54,575,575,50,0
10954,82,491,5,1,15,70,13,45,32.667,70.000,37.333,220,220,104,575,575,50,0
10955,82,491,5,1,15,63,13,41,30.333,63.000,32.667,220,220,154,575,575,50,0
10956,82,491,5,1,15,55,12,39,27.333,55.000,27.667,220,220,204,575,575,50,0
10957,82,491,5,1,15,47,11,35,24.333,47.000,22.667,220,220,254,575,575,50,0
10958,82,491,5,1,14,40,11,33,21.667,40.000,18.333,220,220,304,575,575,50,0
10959,82,491,5,1,17,32,10,30,19.667,32.000,12.333,220,220,354,575,575,50,0
10960,82,491,5,1,13,25,10,27,16.000,25.000,9.000,220,220,404,575,575,50,0
10961,82,491,5,1,13,18,9,25,13.333,18.000,4.667,220,220,454,575,575,50,0
10962,82,491,5,1,13,11,9,23,11.000,11.000,0.000,220,220,504,575,575,50,1
10963,82,491,5,1,12,4,9,20,8.333,4.000,-4.333,220,220,554,575,575,50,0
10964,82,491,5,1,11,0,9,17,6.667,0.000,-6.667,220,220,604,575,575,50,0
10965,82,491,5,1,11,0,8,14,6.333,0.000,-6.333,220,220,654,575,575,50,0
10966,82,491,5,1,11,0,8,12,6.333,0.000,-6.333,220,220,704,575,575,50,0
10967,82,491,5,1,10,0,8,9,6.000,0.000,-6.000,220,220,754,575,575,50,0
10968,82,491,5,1,10,0,7,6,5.667,0.000,-5.667,220,220,804,575,575,50,0
10969,82,491,5,1,9,0,6,3,5.000,0.000,-5.000,220,220,854,575,575,50,0
10970,82,491,5,1,8,0,6,1,4.667,0.000,-4.667,220,220,904,575,575,50,0
10971,82,491,5,1,9,0,6,0,5.000,0.000,-5.000,220,220,954,575,575,50,0
10972,82,491,5,1,8,0,5,0,4.333,0.000,-4.333,220,220,1004,575,575,50,0
10973,82,491,5,1,7,0,4,0,3.667,0.000,-3.667,220,220,1054,575,575,50,0
10974,82,491,5,1,7,0,4,0,3.667,0.000,-3.667,220,220,1104,575,575,50,0
10975,82,492,6,1,0,8,8,0,5.333,0.000,-5.333,220,220,54,575,575,50,0
10976,82,492,6,1,0,6,6,0,4.000,0.000,-4.000,220,220,104,575,575,50,0
10977,82,492,6,1,0,7,7,2,4.667,0.000,-4.667,220,220,154,575,575,50,0
10978,82,492,6,1,0,7,7,4,4.667,0.000,-4.667,220,220,204,575,575,50,0
10979,82,492,6,1,0,8,7,6,5.000,0.000,-5.000,220,220,254,575,575,50,0
10980,82,492,6,1,0,8,8,9,5.333,0.000,-5.333,220,220,304,575,575,50,0
10981,82,492,6,1,0,9,8,12,5.667,0.000,-5.667,220,220,354,575,575,50,0
10982,82,492,6,1,0,9,9,15,6.000,0.000,-6.000,220,220,404,575,575,50,0
10983,82,492,6,1,1,9,8,18,6.000,1.000,-5.000,220,220,454,575,575,50,0
10984,82,492,6,1,8,10,9,21,9.000,8.000,-1.000,220,220,504,575,575,50,0
10985,82,492,6,1,15,10,9,23,11.333,15.000,3.667,220,220,554,575,575,50,1
10986,82,492,6,1,22,11,10,26,14.333,22.000,7.667,220,220,604,575,575,50,0
10987,82,492,6,1,28,11,10,28,16.333,28.000,11.667,220,220,654,575,575,50,0
10988,82,492,6,1,36,11,11,31,19.333,36.000,16.667,220,220,704,575,575,50,0
10989,82,492,6,1,43,12,11,33,22.000,43.000,21.000,220,220,754,575,575,50,0
10990,82,492,6,1,50,12,11,36,24.333,50.000,25.667,220,220,804,575,575,50,0
10991,82,492,6,1,58,13,11,39,27.333,58.000,30.667,220,220,854,575,575,50,0
10992,82,492,6,1,65,14,12,41,30.333,65.000,34.667,220,220,904,575,575,50,0
10993,82,492,6,1,72,14,12,44,32.667,72.000,39.333,220,220,954,575,575,50,0
10994,82,492,6,1,79,14,12,46,35.000,79.000,44.000,220,220,1004,575,575,50,0
10995,82,492,6,1,86,14,13,49,37.667,86.000,48.333,220,220,1054,575,575,50,0
10996,82,492,6,1,93,15,13,51,40.333,93.000,52.667,220,220,1104,575,575,50,0
10997,83,493,1,1,15,11,82,46,36.000,82.000,46.000,220,220,54,575,575,50,0
10998,83,493,1,1,18,14,76,48,36.000,76.000,40.000,220,220,104,575,575,50,0
10999,83,493,1,1,17,14,67,44,32.667,67.000,34.333,220,220,154,575,575,50,0
11000,83,493,1,1,16,13,60,41,29.667,60.000,30.333,220,220,204,575,575,50,0
11001,83,493,1,1,15,13,52,38,26.667,52.000,25.333,220,220,254,575,575,50,0
11002,83,493,1,1,15,12,44,35,23.667,44.000,20.333,220,220,304,575,575,50,0
11003,83,493,1,1,14,12,37,32,21.000,37.000,16.000,220,220,354,575,575,50,0
11004,83,493,1,1,14,12,29,29,18.333,29.000,10.667,220,220,404,575,575,50,0
11005,83,493,1,1,13,11,22,27,15.333,22.000,6.667,220,220,454,575,575,50,0
11006,83,493,1,1,13,11,15,24,13.000,15.000,2.000,220,220,504,575,575,50,0
11007,83,493,1,1,13,10,8,21,10.333,8.000,-2.333,220,220,554,575,575,50,1
11008,83,493,1,1,13,10,1,19,8.000,1.000,-7.000,220,220,604,575,575,50,0
11009,83,493,1,1,12,9,0,16,7.000,0.000,-7.000,220,220,654,575,575,50,0
11010,83,493,1,1,11,9,0,13,6.667,0.000,-6.667,220,220,704,575,575,50,0
11011,83,493,1,1,11,9,0,10,6.667,0.000,-6.667,220,220,754,575,575,50,0
11012,83,493,1,1,11,8,0,8,6.333,0.000,-6.333,220,220,804,575,575,50,0
11013,83,493,1,1,10,7,0,5,5.667,0.000,-5.667,220,220,854,575,575,50,0
11014,83,493,1,1,9,7,0,2,5.333,0.000,-5.333,220,220,904,575,575,50,0
11015,83,493,1,1,9,7,0,0,5.333,0.000,-5.333,220,220,954,575,575,50,0
11016,83,493,1,1,11,7,0,0,6.000,0.000,-6.000,220,220,1004,575,575,50,0
11017,83,493,1,1,8,6,0,0,4.667,0.000,-4.667,220,220,1054,575,575,50,0
11018,83,493,1,1,8,5,0,0,4.333,0.000,-4.333,220,220,1104,575,575,50,0
11019,83,494,2,1,13,0,5,0,6.000,0.000,-6.000,220,220,54,575,575,50,0
11020,83,494,2,1,9,0,4,0,4.333,0.000,-4.333,220,220,104,575,575,50,0
11021,83,494,2,1,9,0,5,0,4.667,0.000,-4.667,220,220,154,575,575,50,0
11022,83,494,2,1,9,0,6,2,5.000,0.000,-5.000,220,220,204,575,575,50,0
11023,83,494,2,1,10,0,6,4,5.333,0.000,-5.333,220,220,254,575,575,50,0
11024,83,494,2,1,10,0,6,7,5.333,0.000,-5.333,220,220,304,575,575,50,0
11025,83,494,2,1,11,0,7,10,6.000,0.000,-6.000,220,220,354,575,575,50,0
11026,83,494,2,1,11,0,7,12,6.000,0.000,-6.000,220,220,404,575,575,50,0
11027,83,494,2,1,12,0,8,15,6.667,0.000,-6.667,220,220,454,575,575,50,0
11028,83,494,2,1,12,0,8,18,6.667,0.000,-6.667,220,220,504,575,575,50,0
11029,83,494,2,1,12,7,8,21,9.000,7.000,-2.000,220,220,554,575,575,50,0
11030,83,494,2,1,13,15,9,23,12.333,15.000,2.667,220,220,604,600,600,50,1
11031,83,494,2,1,13,21,10,26,14.667,21.000,6.333,220,220,654,600,600,50,0
11032,83,494,2,1,13,28,10,28,17.000,28.000,11.000,220,220,704,600,600,50,0
11033,83,494,2,1,14,35,10,31,19.667,35.000,15.333,220,220,754,600,600,50,0
11034,83,494,2,1,14,42,11,34,22.333,42.000,19.667,220,220,804,600,600,50,0
11035,83,494,2,1,18,50,11,37,26.333,50.000,23.667,220,220,854,600,600,50,0
11036,83,494,2,1,15,57,12,39,28.000,57.000,29.000,220,220,904,600,600,50,0
11037,83,494,2,1,16,65,12,42,31.000,65.000,34.000,220,220,954,600,600,50,0
11038,83,494,2,1,16,73,13,45,34.000,73.000,39.000,220,220,1004,600,600,50,0
11039,83,494,2,1,16,81,13,48,36.667,81.000,44.333,220,220,1054,600,600,50,0
11040,83,494,2,1,17,89,13,50,39.667,89.000,49.333,220,220,1104,600,600,50,0
11041,83,494,2,1,16,96,14,53,42.000,96.000,54.000,220,220,1154,600,600,50,0
11042,83,494,2,1,17,105,14,57,45.333,105.000,59.667,220,220,1204,600,600,50,0
11043,83,495,3,1,76,15,12,46,34.333,76.000,41.667,220,220,80,600,600,50,0
11044,83,495,3,1,68,14,12,42,31.333,68.000,36.667,220,220,130,600,600,50,0
11045,83,495,3,1,60,13,12,39,28.333,60.000,31.667,220,220,180,600,600,50,0
11046,83,495,3,1,52,13,11,37,25.333,52.000,26.667,220,220,230,600,600,50,0
11047,83,495,3,1,45,13,11,33,23.000,45.000,22.000,220,220,280,600,600,50,0
11048,83,495,3,1,37,12,10,31,19.667,37.000,17.333,220,220,330,600,600,50,0
11049,83,495,3,1,30,11,10,28,17.000,30.000,13.000,220,220,380,600,600,50,0
11050,83,495,3,1,23,11,9,26,14.333,23.000,8.667,220,220,430,600,600,50,0
11051,83,495,3,1,16,11,9,23,12.000,16.000,4.000,220,220,480,600,600,50,0
11052,83,495,3,1,9,10,8,21,9.000,9.000,0.000,220,220,530,600,600,50,1
11053,83,495,3,1,2,10,8,18,6.667,2.000,-4.667,220,220,580,600,600,50,0
11054,83,495,3,1,0,10,8,15,6.000,0.000,-6.000,220,220,630,600,600,50,0
11055,83,495,3,1,0,9,8,12,5.667,0.000,-5.667,220,220,680,600,600,50,0
11056,83,495,3,1,0,9,7,9,5.333,0.000,-5.333,220,220,730,600,600,50,0
11057,83,495,3,1,0,8,7,7,5.000,0.000,-5.000,220,220,780,600,600,50,0
11058,83,495,3,1,0,8,6,4,4.667,0.000,-4.667,220,220,830,600,600,50,0
11059,83,495,3,1,0,7,6,1,4.333,0.000,-4.333,220,220,880,600,600,50,0
11060,83,495,3,1,0,7,6,0,4.333,0.000,-4.333,220,220,930,600,600,50,0
11061,83,495,3,1,0,6,5,0,3.667,0.000,-3.667,220,220,980,600,600,50,0
11062,83,495,3,1,0,6,5,0,3.667,0.000,-3.667,220,220,1030,600,600,50,0
11063,83,495,3,1,0,5,5,0,3.333,0.000,-3.333,220,220,1080,600,600,50,0
11064,83,495,3,1,0,5,4,0,3.000,0.000,-3.000,220,220,1130,600,600,50,0
11065,83,495,3,1,0,4,3,0,2.333,0.000,-2.333,220,220,1180,600,600,50,0
11066,83,496,4,1,8,8,0,0,5.333,0.000,-5.333,220,220,80,600,600,50,0
11067,83,496,4,1,9,8,0,2,5.667,0.000,-5.667,220,220,130,600,600,50,0
11068,83,496,4,1,9,8,0,5,5.667,0.000,-5.667,220,220,180,600,600,50,0
11069,83,496,4,1,10,8,0,8,6.000,0.000,-6.000,220,220,230,600,600,50,0
11070,83,496,4,1,10,8,0,11,6.000,0.000,-6.000,220,220,280,600,600,50,0
11071,83,496,4,1,10,9,0,13,6.333,0.000,-6.333,220,220,330,600,600,50,0
11072,83,496,4,1,11,10,0,16,7.000,0.000,-7.000,220,220,380,600,600,50,0
11073,83,496,4,1,14,10,2,19,8.667,2.000,-6.667,220,220,430,600,600,50,0
11074,83,496,4,1,12,11,8,21,10.333,8.000,-2.333,220,220,480,600,600,50,0
11075,83,496,4,1,12,10,15,24,12.333,15.000,2.667,220,220,530,575,575,50,1
11076,83,496,4,1,12,11,22,26,15.000,22.000,7.000,220,220,580,575,575,50,0
11077,83,496,4,1,13,12,29,29,18.000,29.000,11.000,220,220,630,575,575,50,0
11078,83,496,4,1,14,12,36,32,20.667,36.000,15.333,220,220,680,575,575,50,0
11079,83,496,4,1,14,12,43,35,23.000,43.000,20.000,220,220,730,575,575,50,0
11080,83,496,4,1,14,13,51,37,26.000,51.000,25.000,220,220,780,575,575,50,0
11081,83,496,4,1,15,13,59,40,29.000,59.000,30.000,220,220,830,575,575,50,0
11082,83,496,4,1,15,13,66,43,31.333,66.000,34.667,220,220,880,575,575,50,0
11083,83,496,4,1,15,14,73,46,34.000,73.000,39.000,220,220,930,575,575,50,0
11084,83,496,4,1,16,14,81,48,37.000,81.000,44.000,220,220,980,575,575,50,0
11085,83,496,4,1,16,14,88,51,39.333,88.000,48.667,220,220,1030,575,575,50,0
11086,83,496,4,1,17,15,96,54,42.667,96.000,53.333,220,220,1080,575,575,50,0
11087,83,497,5,1,12,77,13,44,34.000,77.000,43.000,220,220,54,575,575,50,0
11088,83,497,5,1,15,72,14,45,33.667,72.000,38.333,220,220,104,575,575,50,0
11089,83,497,5,1,16,64,13,42,31.000,64.000,33.000,220,220,154,575,575,50,0
11090,83,497,5,1,15,57,12,39,28.000,57.000,29.000,220,220,204,575,575,50,0
11091,83,497,5,1,15,49,11,36,25.000,49.000,24.000,220,220,254,575,575,50,0
11092,83,497,5,1,17,41,11,34,23.000,41.000,18.000,220,220,304,575,575,50,0
11093,83,497,5,1,13,34,11,31,19.333,34.000,14.667,220,220,354,575,575,50,0
11094,83,497,5,1,13,27,10,28,16.667,27.000,10.333,220,220,404,575,575,50,0
11095,83,497,5,1,13,20,10,26,14.333,20.000,5.667,220,220,454,575,575,50,0
11096,83,497,5,1,12,13,10,23,11.667,13.000,1.333,220,220,504,575,575,50,0
11097,83,497,5,1,12,7,9,21,9.333,7.000,-2.333,220,220,554,575,575,50,1
11098,83,497,5,1,12,0,9,18,7.000,0.000,-7.000,220,220,604,575,575,50,0
11099,83,497,5,1,11,0,8,15,6.333,0.000,-6.333,220,220,654,575,575,50,0
11100,83,497,5,1,10,0,8,12,6.000,0.000,-6.000,220,220,704,575,575,50,0
11101,83,497,5,1,10,0,8,10,6.000,0.000,-6.000,220,220,754,575,575,50,0
11102,83,497,5,1,10,0,7,7,5.667,0.000,-5.667,220,220,804,575,575,50,0
11103,83,497,5,1,9,0,6,4,5.000,0.000,-5.000,220,220,854,575,575,50,0
11104,83,497,5,1,9,0,6,2,5.000,0.000,-5.000,220,220,904,575,575,50,0
11105,83,497,5,1,9,0,6,0,5.000,0.000,-5.000,220,220,954,575,575,50,0
11106,83,497,5,1,8,0,5,0,4.333,0.000,-4.333,220,220,1004,575,575,50,0
11107,83,497,5,1,8,0,4,0,4.000,0.000,-4.000,220,220,1054,575,575,50,0
11108,83,497,5,1,7,0,4,0,3.667,0.000,-3.667,220,220,1104,575,575,50,0
11109,83,498,6,1,0,8,8,0,5.333,0.000,-5.333,220,220,54,575,575,50,0
11110,83,498,6,1,0,6,6,0,4.000,0.000,-4.000,220,220,104,575,575,50,0
11111,83,498,6,1,0,6,6,1,4.000,0.000,-4.000,220,220,154,575,575,50,0
11112,83,498,6,1,0,7,6,3,4.333,0.000,-4.333,220,220,204,575,575,50,0
11113,83,498,6,1,0,8,7,6,5.000,0.000,-5.000,220,220,254,575,575,50,0
11114,83,498,6,1,0,8,7,9,5.000,0.000,-5.000,220,220,304,575,575,50,0
11115,83,498,6,1,0,9,7,12,5.333,0.000,-5.333,220,220,354,575,575,50,0
11116,83,498,6,1,0,9,8,15,5.667,0.000,-5.667,220,220,404,575,575,50,0
11117,83,498,6,1,1,9,9,17,6.333,1.000,-5.333,220,220,454,575,575,50,0
11118,83,498,6,1,8,10,9,20,9.000,8.000,-1.000,220,220,504,575,575,50,0
11119,83,498,6,1,15,10,10,23,11.667,15.000,3.333,220,220,554,575,575,50,1
11120,83,498,6,1,23,11,10,26,14.667,23.000,8.333,220,220,604,575,575,50,0
11121,83,498,6,1,30,11,10,29,17.000,30.000,13.000,220,220,654,575,575,50,0
11122,83,498,6,1,37,11,10,31,19.333,37.000,17.667,220,220,704,575,575,50,0
11123,83,498,6,1,44,12,11,34,22.333,44.000,21.667,220,220,754,575,575,50,0
11124,83,498,6,1,53,13,11,36,25.667,53.000,27.333,220,220,804,575,575,50,0
11125,83,498,6,1,59,13,12,39,28.000,59.000,31.000,220,220,854,575,575,50,0
11126,83,498,6,1,67,13,12,42,30.667,67.000,36.333,220,220,904,575,575,50,0
11127,83,498,6,1,74,14,13,45,33.667,74.000,40.333,220,220,954,575,575,50,0
11128,83,498,6,1,81,14,13,47,36.000,81.000,45.000,220,220,1004,575,575,50,0
11129,83,498,6,1,88,15,13,50,38.667,88.000,49.333,220,220,1054,575,575,50,0
11130,83,498,6,1,95,15,13,52,41.000,95.000,54.000,220,220,1104,575,575,50,0
11131,84,499,1,1,15,11,79,46,35.000,79.000,44.000,220,220,54,575,575,50,0
11132,84,499,1,1,18,13,74,47,35.000,74.000,39.000,220,220,104,575,575,50,0
11133,84,499,1,1,17,14,66,44,32.333,66.000,33.667,220,220,154,575,575,50,0
11134,84,499,1,1,16,13,58,41,29.000,58.000,29.000,220,220,204,575,575,50,0
11135,84,499,1,1,15,13,50,37,26.000,50.000,24.000,220,220,254,575,575,50,0
11136,84,499,1,1,15,12,43,35,23.333,43.000,19.667,220,220,304,575,575,50,0
11137,84,499,1,1,15,12,36,32,21.000,36.000,15.000,220,220,354,575,575,50,0
11138,84,499,1,1,14,11,29,29,18.000,29.000,11.000,220,220,404,575,575,50,0
11139,84,499,1,1,13,11,22,27,15.333,22.000,6.667,220,220,454,575,575,50,0
11140,84,499,1,1,13,10,16,24,13.000,16.000,3.000,220,220,504,575,575,50,0
11141,84,499,1,1,13,10,9,22,10.667,9.000,-1.667,220,220,554,575,575,50,1
11142,84,499,1,1,12,10,2,19,8.000,2.000,-6.000,220,220,604,575,575,50,0
11143,84,499,1,1,12,9,0,17,7.000,0.000,-7.000,220,220,654,575,575,50,0
11144,84,499,1,1,11,9,0,14,6.667,0.000,-6.667,220,220,704,575,575,50,0
11145,84,499,1,1,11,9,0,12,6.667,0.000,-6.667,220,220,754,575,575,50,0
11146,84,499,1,1,11,8,0,9,6.333,0.000,-6.333,220,220,804,575,575,50,0
11147,84,499,1,1,10,8,0,6,6.000,0.000,-6.000,220,220,854,575,575,50,0
11148,84,499,1,1,10,7,0,3,5.667,0.000,-5.667,220,220,904,575,575,50,0
11149,84,499,1,1,9,7,0,0,5.333,0.000,-5.333,220,220,954,575,575,50,0
11150,84,499,1,1,12,7,0,0,6.333,0.000,-6.333,220,220,1004,575,575,50,0
11151,84,499,1,1,8,6,0,0,4.667,0.000,-4.667,220,220,1054,575,575,50,0
11152,84,499,1,1,7,5,0,0,4.000,0.000,-4.000,220,220,1104,575,575,50,0
11153,84,500,2,1,13,0,5,0,6.000,0.000,-6.000,220,220,54,575,575,50,0
11154,84,500,2,1,9,0,4,0,4.333,0.000,-4.333,220,220,104,575,575,50,0
11155,84,500,2,1,9,0,5,0,4.667,0.000,-4.667,220,220,154,575,575,50,0
11156,84,500,2,1,9,0,6,0,5.000,0.000,-5.000,220,220,204,575,575,50,0
11157,84,500,2,1,10,0,6,3,5.333,0.000,-5.333,220,220,254,575,575,50,0
11158,84,500,2,1,10,0,7,6,5.667,0.000,-5.667,220,220,304,575,575,50,0
11159,84,500,2,1,10,0,7,9,5.667,0.000,-5.667,220,220,354,575,575,50,0
11160,84,500,2,1,11,0,7,12,6.000,0.000,-6.000,220,220,404,575,575,50,0
11161,84,500,2,1,11,0,8,15,6.333,0.000,-6.333,220,220,454,575,575,50,0
11162,84,500,2,1,12,0,8,17,6.667,0.000,-6.667,220,220,504,575,575,50,0
11163,84,500,2,1,12,6,8,20,8.667,6.000,-2.667,220,220,554,575,575,50,0
11164,84,500,2,1,13,13,9,23,11.667,13.000,1.333,220,220,604,600,600,50,1
11165,84,500,2,1,13,20,9,25,14.000,20.000,6.000,220,220,654,600,600,50,0
11166,84,500,2,1,14,27,9,28,16.667,27.000,10.333,220,220,704,600,600,50,0
11167,84,500,2,1,14,34,10,30,19.333,34.000,14.667,220,220,754,600,600,50,0
11168,84,500,2,1,15,41,10,33,22.000,41.000,19.000,220,220,804,600,600,50,0
11169,84,500,2,1,18,48,11,36,25.667,48.000,22.333,220,220,854,600,600,50,0
11170,84,500,2,1,15,56,11,38,27.333,56.000,28.667,220,220,904,600,600,50,0
11171,84,500,2,1,16,63,12,41,30.333,63.000,32.667,220,220,954,600,600,50,0
11172,84,500,2,1,16,70,12,44,32.667,70.000,37.333,220,220,1004,600,600,50,0
11173,84,500,2,1,16,78,13,47,35.667,78.000,42.333,220,220,1054,600,600,50,0
11174,84,500,2,1,16,85,13,49,38.000,85.000,47.000,220,220,1104,600,600,50,0
11175,84,500,2,1,17,93,14,52,41.333,93.000,51.667,220,220,1154,600,600,50,0
11176,84,500,2,1,17,100,14,55,43.667,100.000,56.333,220,220,1204,600,600,50,0
11177,84,501,3,1,78,15,12,46,35.000,78.000,43.000,220,220,80,600,600,50,0
11178,84,501,3,1,70,14,12,43,32.000,70.000,38.000,220,220,130,600,600,50,0
11179,84,501,3,1,62,13,12,40,29.000,62.000,33.000,220,220,180,600,600,50,0
11180,84,501,3,1,54,13,11,37,26.000,54.000,28.000,220,220,230,600,600,50,0
11181,84,501,3,1,47,12,11,34,23.333,47.000,23.667,220,220,280,600,600,50,0
11182,84,501,3,1,39,12,10,32,20.333,39.000,18.667,220,220,330,600,600,50,0
11183,84,501,3,1,32,11,10,29,17.667,32.000,14.333,220,220,380,600,600,50,0
11184,84,501,3,1,25,11,10,26,15.333,25.000,9.667,220,220,430,600,600,50,0
11185,84,501,3,1,18,11,9,24,12.667,18.000,5.333,220,220,480,600,600,50,0
11186,84,501,3,1,11,10,9,21,10.000,11.000,1.000,220,220,530,600,600,50,0
11187,84,501,3,1,4,10,8,19,7.333,4.000,-3.333,220,220,580,600,600,50,1
11188,84,501,3,1,0,9,8,16,5.667,0.000,-5.667,220,220,630,600,600,50,0
11189,84,501,3,1,0,9,8,13,5.667,0.000,-5.667,220,220,680,600,600,50,0
11190,84,501,3,1,0,8,7,10,5.000,0.000,-5.000,220,220,730,600,600,50,0
11191,84,501,3,1,0,8,7,7,5.000,0.000,-5.000,220,220,780,600,600,50,0
11192,84,501,3,1,0,8,7,4,5.000,0.000,-5.000,220,220,830,600,600,50,0
11193,84,501,3,1,0,7,6,2,4.333,0.000,-4.333,220,220,880,600,600,50,0
11194,84,501,3,1,0,7,6,0,4.333,0.000,-4.333,220,220,930,600,600,50,0
11195,84,501,3,1,0,6,5,0,3.667,0.000,-3.667,220,220,980,600,600,50,0
11196,84,501,3,1,0,6,5,0,3.667,0.000,-3.667,220,220,1030,600,600,50,0
11197,84,501,3,1,0,5,4,0,3.000,0.000,-3.000,220,220,1080,600,600,50,0
11198,84,501,3,1,0,4,4,0,2.667,0.000,-2.667,220,220,1130,600,600,50,0
11199,84,501,3,1,0,4,3,0,2.333,0.000,-2.333,220,220,1180,600,600,50,0
11200,84,502,4,1,8,8,0,0,5.333,0.000,-5.333,220,220,80,600,600,50,0
11201,84,502,4,1,9,8,0,3,5.667,0.000,-5.667,220,220,130,600,600,50,0
11202,84,502,4,1,10,8,0,6,6.000,0.000,-6.000,220,220,180,600,600,50,0
11203,84,502,4,1,10,8,0,9,6.000,0.000,-6.000,220,220,230,600,600,50,0
11204,84,502,4,1,10,9,0,11,6.333,0.000,-6.333,220,220,280,600,600,50,0
11205,84,502,4,1,11,9,0,14,6.667,0.000,-6.667,220,220,330,600,600,50,0
11206,84,502,4,1,11,10,0,17,7.000,0.000,-7.000,220,220,380,600,600,50,0
11207,84,502,4,1,11,10,4,20,8.333,4.000,-4.333,220,220,430,600,600,50,0
11208,84,502,4,1,15,11,10,22,12.000,10.000,-2.000,220,220,480,600,600,50,0
11209,84,502,4,1,13,11,16,24,13.333,16.000,2.667,220,220,530,575,575,50,1
11210,84,502,4,1,13,11,23,27,15.667,23.000,7.333,220,220,580,575,575,50,0
11211,84,502,4,1,13,12,30,29,18.333,30.000,11.667,220,220,630,575,575,50,0
11212,84,502,4,1,14,12,37,32,21.000,37.000,16.000,220,220,680,575,575,50,0
11213,84,502,4,1,14,12,44,35,23.333,44.000,20.667,220,220,730,575,575,50,0
11214,84,502,4,1,15,13,51,38,26.333,51.000,24.667,220,220,780,575,575,50,0
11215,84,502,4,1,15,13,59,41,29.000,59.000,30.000,220,220,830,575,575,50,0
11216,84,502,4,1,16,14,66,43,32.000,66.000,34.000,220,220,880,575,575,50,0
11217,84,502,4,1,16,14,73,46,34.333,73.000,38.667,220,220,930,575,575,50,0
11218,84,502,4,1,16,14,80,48,36.667,80.000,43.333,220,220,980,575,575,50,0
11219,84,502,4,1,16,15,88,51,39.667,88.000,48.333,220,220,1030,575,575,50,0
11220,84,502,4,1,17,15,95,53,42.333,95.000,52.667,220,220,1080,575,575,50,0
11221,84,503,5,1,12,79,13,45,34.667,79.000,44.333,220,220,54,575,575,50,0
11222,84,503,5,1,16,74,14,46,34.667,74.000,39.333,220,220,104,575,575,50,0
11223,84,503,5,1,16,67,13,43,32.000,67.000,35.000,220,220,154,575,575,50,0
11224,84,503,5,1,15,59,12,40,28.667,59.000,30.333,220,220,204,575,575,50,0
11225,84,503,5,1,15,51,11,37,25.667,51.000,25.333,220,220,254,575,575,50,0
11226,84,503,5,1,17,44,11,35,24.000,44.000,20.000,220,220,304,575,575,50,0
11227,84,503,5,1,14,37,11,32,20.667,37.000,16.333,220,220,354,575,575,50,0
11228,84,503,5,1,14,30,10,29,18.000,30.000,12.000,220,220,404,575,575,50,0
11229,84,503,5,1,13,22,10,26,15.000,22.000,7.000,220,220,454,575,575,50,0
11230,84,503,5,1,12,15,10,23,12.333,15.000,2.667,220,220,504,575,575,50,0
11231,84,503,5,1,12,9,9,22,10.000,9.000,-1.000,220,220,554,575,575,50,1
11232,84,503,5,1,12,1,9,19,7.333,1.000,-6.333,220,220,604,575,575,50,0
11233,84,503,5,1,11,0,9,16,6.667,0.000,-6.667,220,220,654,575,575,50,0
11234,84,503,5,1,11,0,8,13,6.333,0.000,-6.333,220,220,704,575,575,50,0
11235,84,503,5,1,10,0,8,11,6.000,0.000,-6.000,220,220,754,575,575,50,0
11236,84,503,5,1,10,0,7,8,5.667,0.000,-5.667,220,220,804,575,575,50,0
11237,84,503,5,1,9,0,7,5,5.333,0.000,-5.333,220,220,854,575,575,50,0
11238,84,503,5,1,9,0,6,2,5.000,0.000,-5.000,220,220,904,575,575,50,0
11239,84,503,5,1,8,0,6,0,4.667,0.000,-4.667,220,220,954,575,575,50,0
11240,84,503,5,1,8,0,5,0,4.333,0.000,-4.333,220,220,1004,575,575,50,0
11241,84,503,5,1,8,0,5,0,4.333,0.000,-4.333,220,220,1054,575,575,50,0
11242,84,503,5,1,7,0,4,0,3.667,0.000,-3.667,220,220,1104,575,575,50,0
11243,84,504,6,1,0,7,8,0,5.000,0.000,-5.000,220,220,54,575,575,50,0
11244,84,504,6,1,0,6,6,0,4.000,0.000,-4.000,220,220,104,575,575,50,0
11245,84,504,6,1,0,6,6,0,4.000,0.000,-4.000,220,220,154,575,575,50,0
11246,84,504,6,1,0,7,6,3,4.333,0.000,-4.333,220,220,204,575,575,50,0
11247,84,504,6,1,0,8,7,5,5.000,0.000,-5.000,220,220,254,575,575,50,0
11248,84,504,6,1,0,8,7,9,5.000,0.000,-5.000,220,220,304,575,575,50,0
11249,84,504,6,1,0,9,8,11,5.667,0.000,-5.667,220,220,354,575,575,50,0
11250,84,504,6,1,0,9,8,14,5.667,0.000,-5.667,220,220,404,575,575,50,0
11251,84,504,6,1,0,9,9,17,6.000,0.000,-6.000,220,220,454,575,575,50,0
11252,84,504,6,1,6,10,9,20,8.333,6.000,-2.333,220,220,504,575,575,50,0
11253,84,504,6,1,13,10,9,22,10.667,13.000,2.333,220,220,554,575,575,50,1
11254,84,504,6,1,20,10,9,25,13.000,20.000,7.000,220,220,604,575,575,50,0
11255,84,504,6,1,27,11,10,27,16.000,27.000,11.000,220,220,654,575,575,50,0
11256,84,504,6,1,34,11,10,29,18.333,34.000,15.667,220,220,704,575,575,50,0
11257,84,504,6,1,41,12,11,32,21.333,41.000,19.667,220,220,754,575,575,50,0
11258,84,504,6,1,48,12,11,35,23.667,48.000,24.333,220,220,804,575,575,50,0
11259,84,504,6,1,55,13,11,37,26.333,55.000,28.667,220,220,854,575,575,50,0
11260,84,504,6,1,62,13,12,41,29.000,62.000,33.000,220,220,904,575,575,50,0
11261,84,504,6,1,70,14,12,43,32.000,70.000,38.000,220,220,954,575,575,50,0
11262,84,504,6,1,77,14,12,46,34.333,77.000,42.667,220,220,1004,575,575,50,0
11263,84,504,6,1,84,14,13,48,37.000,84.000,47.000,220,220,1054,575,575,50,0
11264,84,504,6,1,91,14,13,51,39.333,91.000,51.667,220,220,1104,575,575,50,0
11265,85,505,1,1,16,11,81,46,36.000,81.000,45.000,220,220,54,575,575,50,0
11266,85,505,1,1,18,13,75,46,35.333,75.000,39.667,220,220,104,575,575,50,0
11267,85,505,1,1,17,13,66,44,32.000,66.000,34.000,220,220,154,575,575,50,0
11268,85,505,1,1,16,13,59,40,29.333,59.000,29.667,220,220,204,575,575,50,0
11269,85,505,1,1,15,12,51,38,26.000,51.000,25.000,220,220,254,575,575,50,0
11270,85,505,1,1,15,12,43,34,23.333,43.000,19.667,220,220,304,575,575,50,0
11271,85,505,1,1,14,12,36,32,20.667,36.000,15.333,220,220,354,575,575,50,0
11272,85,505,1,1,14,12,29,29,18.333,29.000,10.667,220,220,404,575,575,50,0
11273,85,505,1,1,13,11,22,27,15.333,22.000,6.667,220,220,454,575,575,50,0
11274,85,505,1,1,13,11,15,23,13.000,15.000,2.000,220,220,504,575,575,50,0
11275,85,505,1,1,13,10,8,22,10.333,8.000,-2.333,220,220,554,575,575,50,1
11276,85,505,1,1,12,9,1,19,7.333,1.000,-6.333,220,220,604,575,575,50,0
11277,85,505,1,1,12,9,0,16,7.000,0.000,-7.000,220,220,654,575,575,50,0
11278,85,505,1,1,11,9,0,14,6.667,0.000,-6.667,220,220,704,575,575,50,0
11279,85,505,1,1,11,9,0,11,6.667,0.000,-6.667,220,220,754,575,575,50,0
11280,85,505,1,1,11,8,0,8,6.333,0.000,-6.333,220,220,804,575,575,50,0
11281,85,505,1,1,10,8,0,5,6.000,0.000,-6.000,220,220,854,575,575,50,0
11282,85,505,1,1,10,7,0,2,5.667,0.000,-5.667,220,220,904,575,575,50,0
11283,85,505,1,1,9,7,0,0,5.333,0.000,-5.333,220,220,954,575,575,50,0
11284,85,505,1,1,9,6,0,0,5.000,0.000,-5.000,220,220,1004,575,575,50,0
11285,85,505,1,1,11,6,0,0,5.667,0.000,-5.667,220,220,1054,575,575,50,0
11286,85,505,1,1,8,5,0,0,4.333,0.000,-4.333,220,220,1104,575,575,50,0
11287,85,506,2,1,13,0,5,0,6.000,0.000,-6.000,220,220,54,575,575,50,0
11288,85,506,2,1,9,0,4,0,4.333,0.000,-4.333,220,220,104,575,575,50,0
11289,85,506,2,1,9,0,5,0,4.667,0.000,-4.667,220,220,154,575,575,50,0
11290,85,506,2,1,9,0,6,1,5.000,0.000,-5.000,220,220,204,575,575,50,0
11291,85,506,2,1,10,0,6,4,5.333,0.000,-5.333,220,220,254,575,575,50,0
11292,85,506,2,1,10,0,6,6,5.333,0.000,-5.333,220,220,304,575,575,50,0
11293,85,506,2,1,11,0,7,9,6.000,0.000,-6.000,220,220,354,575,575,50,0
11294,85,506,2,1,11,0,7,12,6.000,0.000,-6.000,220,220,404,575,575,50,0
11295,85,506,2,1,11,0,8,15,6.333,0.000,-6.333,220,220,454,575,575,50,0
11296,85,506,2,1,12,0,8,18,6.667,0.000,-6.667,220,220,504,575,575,50,0
11297,85,506,2,1,13,5,8,20,8.667,5.000,-3.667,220,220,554,575,575,50,0
11298,85,506,2,1,13,13,9,23,11.667,13.000,1.333,220,220,604,600,600,50,1
11299,85,506,2,1,13,19,9,25,13.667,19.000,5.333,220,220,654,600,600,50,0
11300,85,506,2,1,14,26,10,28,16.667,26.000,9.333,220,220,704,600,600,50,0
11301,85,506,2,1,14,33,10,30,19.000,33.000,14.000,220,220,754,600,600,50,0
11302,85,506,2,1,15,40,11,33,22.000,40.000,18.000,220,220,804,600,600,50,0
11303,85,506,2,1,18,48,10,36,25.333,48.000,22.667,220,220,854,600,600,50,0
11304,85,506,2,1,16,55,11,38,27.333,55.000,27.667,220,220,904,600,600,50,0
11305,85,506,2,1,15,63,12,41,30.000,63.000,33.000,220,220,954,600,600,50,0
11306,85,506,2,1,16,71,12,44,33.000,71.000,38.000,220,220,1004,600,600,50,0
11307,85,506,2,1,16,78,13,46,35.667,78.000,42.333,220,220,1054,600,600,50,0
11308,85,506,2,1,17,85,13,49,38.333,85.000,46.667,220,220,1104,600,600,50,0
11309,85,506,2,1,17,93,14,52,41.333,93.000,51.667,220,220,1154,600,600,50,0
11310,85,506,2,1,18,101,14,55,44.333,101.000,56.667,220,220,1204,600,600,50,0
11311,85,507,3,1,83,16,12,48,37.000,83.000,46.000,220,220,80,600,600,50,0
11312,85,507,3,1,74,14,12,45,33.333,74.000,40.667,220,220,130,600,600,50,0
11313,85,507,3,1,66,13,12,41,30.333,66.000,35.667,220,220,180,600,600,50,0
11314,85,507,3,1,57,13,12,38,27.333,57.000,29.667,220,220,230,600,600,50,0
11315,85,507,3,1,49,13,11,35,24.333,49.000,24.667,220,220,280,600,600,50,0
11316,85,507,3,1,42,12,10,32,21.333,42.000,20.667,220,220,330,600,600,50,0
11317,85,507,3,1,34,12,10,30,18.667,34.000,15.333,220,220,380,600,600,50,0
11318,85,507,3,1,27,11,10,27,16.000,27.000,11.000,220,220,430,600,600,50,0
11319,85,507,3,1,19,11,9,24,13.000,19.000,6.000,220,220,480,600,600,50,0
11320,85,507,3,1,12,10,9,21,10.333,12.000,1.667,220,220,530,600,600,50,0
11321,85,507,3,1,5,10,8,19,7.667,5.000,-2.667,220,220,580,600,600,50,1
11322,85,507,3,1,0,9,8,16,5.667,0.000,-5.667,220,220,630,600,600,50,0
11323,85,507,3,1,0,9,8,13,5.667,0.000,-5.667,220,220,680,600,600,50,0
11324,85,507,3,1,0,9,7,11,5.333,0.000,-5.333,220,220,730,600,600,50,0
11325,85,507,3,1,0,9,7,8,5.333,0.000,-5.333,220,220,780,600,600,50,0
11326,85,507,3,1,0,8,7,5,5.000,0.000,-5.000,220,220,830,600,600,50,0
11327,85,507,3,1,0,8,6,2,4.667,0.000,-4.667,220,220,880,600,600,50,0
11328,85,507,3,1,0,7,6,0,4.333,0.000,-4.333,220,220,930,600,600,50,0
11329,85,507,3,1,0,6,5,0,3.667,0.000,-3.667,220,220,980,600,600,50,0
11330,85,507,3,1,0,6,5,0,3.667,0.000,-3.667,220,220,1030,600,600,50,0
11331,85,507,3,1,0,6,5,0,3.667,0.000,-3.667,220,220,1080,600,600,50,0
11332,85,507,3,1,0,5,4,0,3.000,0.000,-3.000,220,220,1130,600,600,50,0
11333,85,507,3,1,0,4,4,0,2.667,0.000,-2.667,220,220,1180,600,600,50,0
11334,85,508,4,1,8,7,0,0,5.000,0.000,-5.000,220,220,80,600,600,50,0
11335,85,508,4,1,9,7,0,2,5.333,0.000,-5.333,220,220,130,600,600,50,0
11336,85,508,4,1,10,8,0,5,6.000,0.000,-6.000,220,220,180,600,600,50,0
11337,85,508,4,1,10,8,0,8,6.000,0.000,-6.000,220,220,230,600,600,50,0
11338,85,508,4,1,10,8,0,11,6.000,0.000,-6.000,220,220,280,600,600,50,0
11339,85,508,4,1,11,9,0,13,6.667,0.000,-6.667,220,220,330,600,600,50,0
11340,85,508,4,1,11,9,0,16,6.667,0.000,-6.667,220,220,380,600,600,50,0
11341,85,508,4,1,15,10,1,19,8.667,1.000,-7.667,220,220,430,600,600,50,0
11342,85,508,4,1,12,10,8,21,10.000,8.000,-2.000,220,220,480,600,600,50,0
11343,85,508,4,1,12,10,14,24,12.000,14.000,2.000,220,220,530,575,575,50,1
11344,85,508,4,1,13,11,22,26,15.333,22.000,6.667,220,220,580,575,575,50,0
11345,85,508,4,1,13,11,29,29,17.667,29.000,11.333,220,220,630,575,575,50,0
11346,85,508,4,1,14,12,35,31,20.333,35.000,14.667,220,220,680,575,575,50,0
11347,85,508,4,1,14,12,43,34,23.000,43.000,20.000,220,220,730,575,575,50,0
11348,85,508,4,1,15,13,51,37,26.333,51.000,24.667,220,220,780,575,575,50,0
11349,85,508,4,1,15,13,58,40,28.667,58.000,29.333,220,220,830,575,575,50,0
11350,85,508,4,1,15,13,65,43,31.000,65.000,34.000,220,220,880,575,575,50,0
11351,85,508,4,1,16,14,73,46,34.333,73.000,38.667,220,220,930,575,575,50,0
11352,85,508,4,1,16,14,81,48,37.000,81.000,44.000,220,220,980,575,575,50,0
11353,85,508,4,1,17,14,89,51,40.000,89.000,49.000,220,220,1030,575,575,50,0
11354,85,508,4,1,17,15,96,54,42.667,96.000,53.333,220,220,1080,575,575,50,0
11355,85,509,5,1,12,77,13,44,34.000,77.000,43.000,220,220,54,575,575,50,0
11356,85,509,5,1,15,72,14,45,33.667,72.000,38.333,220,220,104,575,575,50,0
11357,85,509,5,1,16,64,13,42,31.000,64.000,33.000,220,220,154,575,575,50,0
11358,85,509,5,1,15,57,12,39,28.000,57.000,29.000,220,220,204,575,575,50,0
11359,85,509,5,1,15,49,11,36,25.000,49.000,24.000,220,220,254,575,575,50,0
11360,85,509,5,1,14,41,11,33,22.000,41.000,19.000,220,220,304,575,575,50,0
11361,85,509,5,1,16,34,11,31,20.333,34.000,13.667,220,220,354,575,575,50,0
11362,85,509,5,1,13,27,10,28,16.667,27.000,10.333,220,220,404,575,575,50,0
11363,85,509,5,1,13,20,10,25,14.333,20.000,5.667,220,220,454,575,575,50,0
11364,85,509,5,1,12,13,9,23,11.333,13.000,1.667,220,220,504,575,575,50,0
11365,85,509,5,1,12,7,9,21,9.333,7.000,-2.333,220,220,554,575,575,50,1
11366,85,509,5,1,12,0,8,18,6.667,0.000,-6.667,220,220,604,575,575,50,0
11367,85,509,5,1,11,0,8,15,6.333,0.000,-6.333,220,220,654,575,575,50,0
11368,85,509,5,1,11,0,8,12,6.333,0.000,-6.333,220,220,704,575,575,50,0
11369,85,509,5,1,10,0,7,10,5.667,0.000,-5.667,220,220,754,575,575,50,0
11370,85,509,5,1,10,0,7,7,5.667,0.000,-5.667,220,220,804,575,575,50,0
11371,85,509,5,1,9,0,7,4,5.333,0.000,-5.333,220,220,854,575,575,50,0
11372,85,509,5,1,9,0,6,2,5.000,0.000,-5.000,220,220,904,575,575,50,0
11373,85,509,5,1,9,0,6,0,5.000,0.000,-5.000,220,220,954,575,575,50,0
11374,85,509,5,1,8,0,5,0,4.333,0.000,-4.333,220,220,1004,575,575,50,0
11375,85,509,5,1,8,0,5,0,4.333,0.000,-4.333,220,220,1054,575,575,50,0
11376,85,509,5,1,7,0,4,0,3.667,0.000,-3.667,220,220,1104,575,575,50,0
11377,85,510,6,1,0,7,8,0,5.000,0.000,-5.000,220,220,54,575,575,50,0
11378,85,510,6,1,0,5,6,0,3.667,0.000,-3.667,220,220,104,575,575,50,0
11379,85,510,6,1,0,7,6,0,4.333,0.000,-4.333,220,220,154,575,575,50,0
11380,85,510,6,1,0,7,6,3,4.333,0.000,-4.333,220,220,204,575,575,50,0
11381,85,510,6,1,0,7,6,5,4.333,0.000,-4.333,220,220,254,575,575,50,0
11382,85,510,6,1,0,8,7,8,5.000,0.000,-5.000,220,220,304,575,575,50,0
11383,85,510,6,1,0,8,8,11,5.333,0.000,-5.333,220,220,354,575,575,50,0
11384,85,510,6,1,0,9,8,13,5.667,0.000,-5.667,220,220,404,575,575,50,0
11385,85,510,6,1,0,9,8,16,5.667,0.000,-5.667,220,220,454,575,575,50,0
11386,85,510,6,1,4,10,9,19,7.667,4.000,-3.667,220,220,504,575,575,50,0
11387,85,510,6,1,11,10,9,21,10.000,11.000,1.000,220,220,554,575,575,50,1
11388,85,510,6,1,18,11,10,24,13.000,18.000,5.000,220,220,604,575,575,50,0
11389,85,510,6,1,26,11,10,27,15.667,26.000,10.333,220,220,654,575,575,50,0
11390,85,510,6,1,33,11,11,29,18.333,33.000,14.667,220,220,704,575,575,50,0
11391,85,510,6,1,40,12,10,32,20.667,40.000,19.333,220,220,754,575,575,50,0
11392,85,510,6,1,48,12,11,35,23.667,48.000,24.333,220,220,804,575,575,50,0
11393,85,510,6,1,55,13,12,38,26.667,55.000,28.333,220,220,854,575,575,50,0
11394,85,510,6,1,63,13,12,41,29.333,63.000,33.667,220,220,904,575,575,50,0
11395,85,510,6,1,70,13,12,43,31.667,70.000,38.333,220,220,954,575,575,50,0
11396,85,510,6,1,77,14,13,46,34.667,77.000,42.333,220,220,1004,575,575,50,0
11397,85,510,6,1,85,14,13,49,37.333,85.000,47.667,220,220,1054,575,575,50,0
11398,85,510,6,1,92,15,13,51,40.000,92.000,52.000,220,220,1104,575,575,50,0
11399,86,511,1,1,16,11,82,47,36.333,82.000,45.667,220,220,54,575,575,50,0
11400,86,511,1,1,18,13,76,48,35.667,76.000,40.333,220,220,104,575,575,50,0
11401,86,511,1,1,17,13,68,44,32.667,68.000,35.333,220,220,154,575,575,50,0
11402,86,511,1,1,16,13,60,41,29.667,60.000,30.333,220,220,204,575,575,50,0
11403,86,511,1,1,15,13,52,38,26.667,52.000,25.333,220,220,254,575,575,50,0
11404,86,511,1,1,15,12,45,35,24.000,45.000,21.000,220,220,304,575,575,50,0
11405,86,511,1,1,15,12,37,33,21.333,37.000,15.667,220,220,354,575,575,50,0
11406,86,511,1,1,14,11,30,29,18.333,30.000,11.667,220,220,404,575,575,50,0
11407,86,511,1,1,13,11,24,27,16.000,24.000,8.000,220,220,454,575,575,50,0
11408,86,511,1,1,13,10,17,25,13.333,17.000,3.667,220,220,504,575,575,50,0
11409,86,511,1,1,13,10,10,22,11.000,10.000,-1.000,220,220,554,575,575,50,1
11410,86,511,1,1,13,10,3,20,8.667,3.000,-5.667,220,220,604,575,575,50,0
11411,86,511,1,1,11,9,0,17,6.667,0.000,-6.667,220,220,654,575,575,50,0
11412,86,511,1,1,12,9,0,15,7.000,0.000,-7.000,220,220,704,575,575,50,0
11413,86,511,1,1,11,9,0,12,6.667,0.000,-6.667,220,220,754,575,575,50,0
11414,86,511,1,1,11,8,0,9,6.333,0.000,-6.333,220,220,804,575,575,50,0
11415,86,511,1,1,10,8,0,7,6.000,0.000,-6.000,220,220,854,575,575,50,0
11416,86,511,1,1,10,7,0,4,5.667,0.000,-5.667,220,220,904,575,575,50,0
11417,86,511,1,1,9,7,0,1,5.333,0.000,-5.333,220,220,954,575,575,50,0
11418,86,511,1,1,9,6,0,0,5.000,0.000,-5.000,220,220,1004,575,575,50,0
11419,86,511,1,1,11,6,0,0,5.667,0.000,-5.667,220,220,1054,575,575,50,0
11420,86,511,1,1,8,6,0,0,4.667,0.000,-4.667,220,220,1104,575,575,50,0
11421,86,512,2,1,13,0,5,0,6.000,0.000,-6.000,220,220,54,575,575,50,0
11422,86,512,2,1,9,0,4,0,4.333,0.000,-4.333,220,220,104,575,575,50,0
11423,86,512,2,1,9,0,5,0,4.667,0.000,-4.667,220,220,154,575,575,50,0
11424,86,512,2,1,9,0,6,1,5.000,0.000,-5.000,220,220,204,575,575,50,0
11425,86,512,2,1,10,0,6,4,5.333,0.000,-5.333,220,220,254,575,575,50,0
11426,86,512,2,1,10,0,6,7,5.333,0.000,-5.333,220,220,304,575,575,50,0
11427,86,512,2,1,10,0,7,9,5.667,0.000,-5.667,220,220,354,575,575,50,0
11428,86,512,2,1,11,0,7,12,6.000,0.000,-6.000,220,220,404,575,575,50,0
11429,86,512,2,1,11,0,8,15,6.333,0.000,-6.333,220,220,454,575,575,50,0
11430,86,512,2,1,12,0,8,18,6.667,0.000,-6.667,220,220,504,575,575,50,0
11431,86,512,2,1,12,7,9,20,9.333,7.000,-2.333,220,220,554,575,575,50,0
11432,86,512,2,1,13,14,9,23,12.000,14.000,2.000,220,220,604,600,600,50,1
11433,86,512,2,1,13,21,9,25,14.333,21.000,6.667,220,220,654,600,600,50,0
11434,86,512,2,1,14,27,9,28,16.667,27.000,10.333,220,220,704,600,600,50,0
11435,86,512,2,1,14,35,10,30,19.667,35.000,15.333,220,220,754,600,600,50,0
11436,86,512,2,1,15,42,11,34,22.667,42.000,19.333,220,220,804,600,600,50,0
11437,86,512,2,1,18,50,11,36,26.333,50.000,23.667,220,220,854,600,600,50,0
11438,86,512,2,1,15,57,11,39,27.667,57.000,29.333,220,220,904,600,600,50,0
11439,86,512,2,1,16,65,12,42,31.000,65.000,34.000,220,220,954,600,600,50,0
11440,86,512,2,1,16,73,12,45,33.667,73.000,39.333,220,220,1004,600,600,50,0
11441,86,512,2,1,16,80,13,48,36.333,80.000,43.667,220,220,1054,600,600,50,0
11442,86,512,2,1,17,87,13,50,39.000,87.000,48.000,220,220,1104,600,600,50,0
11443,86,512,2,1,17,95,14,52,42.000,95.000,53.000,220,220,1154,600,600,50,0
11444,86,512,2,1,17,103,14,56,44.667,103.000,58.333,220,220,1204,600,600,50,0
11445,86,513,3,1,80,15,12,47,35.667,80.000,44.333,220,220,80,600,600,50,0
11446,86,513,3,1,71,14,12,44,32.333,71.000,38.667,220,220,130,600,600,50,0
11447,86,513,3,1,64,13,12,41,29.667,64.000,34.333,220,220,180,600,600,50,0
11448,86,513,3,1,55,13,11,38,26.333,55.000,28.667,220,220,230,600,600,50,0
11449,86,513,3,1,48,13,11,34,24.000,48.000,24.000,220,220,280,600,600,50,0
11450,86,513,3,1,40,12,11,32,21.000,40.000,19.000,220,220,330,600,600,50,0
11451,86,513,3,1,33,12,10,30,18.333,33.000,14.667,220,220,380,600,600,50,0
11452,86,513,3,1,26,12,9,27,15.667,26.000,10.333,220,220,430,600,600,50,0
11453,86,513,3,1,19,11,9,24,13.000,19.000,6.000,220,220,480,600,600,50,0
11454,86,513,3,1,13,10,9,22,10.667,13.000,2.333,220,220,530,600,600,50,0
11455,86,513,3,1,5,10,8,19,7.667,5.000,-2.667,220,220,580,600,600,50,1
11456,86,513,3,1,1,10,8,17,6.333,1.000,-5.333,220,220,630,600,600,50,0
11457,86,513,3,1,0,10,8,14,6.000,0.000,-6.000,220,220,680,600,600,50,0
11458,86,513,3,1,0,9,7,11,5.333,0.000,-5.333,220,220,730,600,600,50,0
11459,86,513,3,1,0,9,7,8,5.333,0.000,-5.333,220,220,780,600,600,50,0
11460,86,513,3,1,0,8,6,5,4.667,0.000,-4.667,220,220,830,600,600,50,0
11461,86,513,3,1,0,8,6,3,4.667,0.000,-4.667,220,220,880,600,600,50,0
11462,86,513,3,1,0,7,6,0,4.333,0.000,-4.333,220,220,930,600,600,50,0
11463,86,513,3,1,0,7,6,0,4.333,0.000,-4.333,220,220,980,600,600,50,0
11464,86,513,3,1,0,6,5,0,3.667,0.000,-3.667,220,220,1030,600,600,50,0
11465,86,513,3,1,0,5,4,0,3.000,0.000,-3.000,220,220,1080,600,600,50,0
11466,86,513,3,1,0,5,4,0,3.000,0.000,-3.000,220,220,1130,600,600,50,0
11467,86,513,3,1,0,5,4,0,3.000,0.000,-3.000,220,220,1180,600,600,50,0
11468,86,514,4,1,7,7,0,0,4.667,0.000,-4.667,220,220,80,600,600,50,0
11469,86,514,4,1,8,8,0,1,5.333,0.000,-5.333,220,220,130,600,600,50,0
11470,86,514,4,1,10,8,0,4,6.000,0.000,-6.000,220,220,180,600,600,50,0
11471,86,514,4,1,10,8,0,6,6.000,0.000,-6.000,220,220,230,600,600,50,0
11472,86,514,4,1,10,8,0,10,6.000,0.000,-6.000,220,220,280,600,600,50,0
11473,86,514,4,1,11,9,0,13,6.667,0.000,-6.667,220,220,330,600,600,50,0
11474,86,514,4,1,11,9,0,16,6.667,0.000,-6.667,220,220,380,600,600,50,0
11475,86,514,4,1,14,10,0,18,8.000,0.000,-8.000,220,220,430,600,600,50,0
11476,86,514,4,1,12,10,7,21,9.667,7.000,-2.667,220,220,480,600,600,50,0
11477,86,514,4,1,12,11,14,24,12.333,14.000,1.667,220,220,530,575,575,50,1
11478,86,514,4,1,13,11,22,26,15.333,22.000,6.667,220,220,580,575,575,50,0
11479,86,514,4,1,13,11,28,29,17.333,28.000,10.667,220,220,630,575,575,50,0
11480,86,514,4,1,14,12,35,32,20.333,35.000,14.667,220,220,680,575,575,50,0
11481,86,514,4,1,14,12,42,34,22.667,42.000,19.333,220,220,730,575,575,50,0
11482,86,514,4,1,14,13,49,37,25.333,49.000,23.667,220,220,780,575,575,50,0
11483,86,514,4,1,15,13,56,40,28.000,56.000,28.000,220,220,830,575,575,50,0
11484,86,514,4,1,15,13,64,42,30.667,64.000,33.333,220,220,880,575,575,50,0
11485,86,514,4,1,16,14,71,45,33.667,71.000,37.333,220,220,930,575,575,50,0
11486,86,514,4,1,16,14,78,48,36.000,78.000,42.000,220,220,980,575,575,50,0
11487,86,514,4,1,16,14,85,50,38.333,85.000,46.667,220,220,1030,575,575,50,0
11488,86,514,4,1,17,15,92,52,41.333,92.000,50.667,220,220,1080,575,575,50,0
11489,86,515,5,1,12,78,13,45,34.333,78.000,43.667,220,220,54,575,575,50,0
11490,86,515,5,1,16,73,14,45,34.333,73.000,38.667,220,220,104,575,575,50,0
11491,86,515,5,1,15,65,12,43,30.667,65.000,34.333,220,220,154,575,575,50,0
11492,86,515,5,1,15,58,12,40,28.333,58.000,29.667,220,220,204,575,575,50,0
11493,86,515,5,1,15,50,11,37,25.333,50.000,24.667,220,220,254,575,575,50,0
11494,86,515,5,1,17,42,11,34,23.333,42.000,18.667,220,220,304,575,575,50,0
11495,86,515,5,1,14,36,11,31,20.333,36.000,15.667,220,220,354,575,575,50,0
11496,86,515,5,1,13,28,10,29,17.000,28.000,11.000,220,220,404,575,575,50,0
11497,86,515,5,1,13,21,10,26,14.667,21.000,6.333,220,220,454,575,575,50,0
11498,86,515,5,1,13,15,10,23,12.667,15.000,2.333,220,220,504,575,575,50,0
11499,86,515,5,1,12,8,9,21,9.667,8.000,-1.667,220,220,554,575,575,50,1
11500,86,515,5,1,11,1,9,19,7.000,1.000,-6.000,220,220,604,575,575,50,0
11501,86,515,5,1,11,0,9,16,6.667,0.000,-6.667,220,220,654,575,575,50,0
11502,86,515,5,1,11,0,8,13,6.333,0.000,-6.333,220,220,704,575,575,50,0
11503,86,515,5,1,10,0,8,10,6.000,0.000,-6.000,220,220,754,575,575,50,0
11504,86,515,5,1,10,0,7,8,5.667,0.000,-5.667,220,220,804,575,575,50,0
11505,86,515,5,1,9,0,7,4,5.333,0.000,-5.333,220,220,854,575,575,50,0
11506,86,515,5,1,9,0,6,2,5.000,0.000,-5.000,220,220,904,575,575,50,0
11507,86,515,5,1,9,0,6,0,5.000,0.000,-5.000,220,220,954,575,575,50,0
11508,86,515,5,1,8,0,5,0,4.333,0.000,-4.333,220,220,1004,575,575,50,0
11509,86,515,5,1,7,0,5,0,4.000,0.000,-4.000,220,220,1054,575,575,50,0
11510,86,515,5,1,7,0,4,0,3.667,0.000,-3.667,220,220,1104,575,575,50,0
11511,86,516,6,1,0,8,9,0,5.667,0.000,-5.667,220,220,54,575,575,50,0
11512,86,516,6,1,0,6,6,0,4.000,0.000,-4.000,220,220,104,575,575,50,0
11513,86,516,6,1,0,7,7,1,4.667,0.000,-4.667,220,220,154,575,575,50,0
11514,86,516,6,1,0,7,6,3,4.333,0.000,-4.333,220,220,204,575,575,50,0
11515,86,516,6,1,0,8,7,6,5.000,0.000,-5.000,220,220,254,575,575,50,0
11516,86,516,6,1,0,8,7,9,5.000,0.000,-5.000,220,220,304,575,575,50,0
11517,86,516,6,1,0,9,8,11,5.667,0.000,-5.667,220,220,354,575,575,50,0
11518,86,516,6,1,0,9,8,14,5.667,0.000,-5.667,220,220,404,575,575,50,0
11519,86,516,6,1,0,9,8,17,5.667,0.000,-5.667,220,220,454,575,575,50,0
11520,86,516,6,1,7,10,9,20,8.667,7.000,-1.667,220,220,504,575,575,50,0
11521,86,516,6,1,13,10,9,22,10.667,13.000,2.333,220,220,554,575,575,50,1
11522,86,516,6,1,20,11,10,24,13.667,20.000,6.333,220,220,604,575,575,50,0
11523,86,516,6,1,28,11,10,28,16.333,28.000,11.667,220,220,654,575,575,50,0
11524,86,516,6,1,34,11,10,30,18.333,34.000,15.667,220,220,704,575,575,50,0
11525,86,516,6,1,41,12,11,32,21.333,41.000,19.667,220,220,754,575,575,50,0
11526,86,516,6,1,49,12,11,36,24.000,49.000,25.000,220,220,804,575,575,50,0
11527,86,516,6,1,56,13,12,38,27.000,56.000,29.000,220,220,854,575,575,50,0
11528,86,516,6,1,63,13,12,41,29.333,63.000,33.667,220,220,904,575,575,50,0
11529,86,516,6,1,70,14,12,43,32.000,70.000,38.000,220,220,954,575,575,50,0
11530,86,516,6,1,77,14,13,46,34.667,77.000,42.333,220,220,1004,575,575,50,0
11531,86,516,6,1,84,15,13,48,37.333,84.000,46.667,220,220,1054,575,575,50,0
11532,86,516,6,1,91,15,13,51,39.667,91.000,51.333,220,220,1104,575,575,50,0
11533,87,517,1,1,15,11,84,47,36.667,84.000,47.333,220,220,54,575,575,50,0
11534,87,517,1,1,18,13,78,48,36.333,78.000,41.667,220,220,104,575,575,50,0
11535,87,517,1,1,17,14,70,45,33.667,70.000,36.333,220,220,154,575,575,50,0
11536,87,517,1,1,16,13,63,42,30.667,63.000,32.333,220,220,204,575,575,50,0
11537,87,517,1,1,15,13,55,39,27.667,55.000,27.333,220,220,254,575,575,50,0
11538,87,517,1,1,15,12,47,36,24.667,47.000,22.333,220,220,304,575,575,50,0
11539,87,517,1,1,14,12,40,34,22.000,40.000,18.000,220,220,354,575,575,50,0
11540,87,517,1,1,14,11,33,30,19.333,33.000,13.667,220,220,404,575,575,50,0
11541,87,517,1,1,14,11,26,28,17.000,26.000,9.000,220,220,454,575,575,50,0
11542,87,517,1,1,14,11,19,26,14.667,19.000,4.333,220,220,504,575,575,50,0
11543,87,517,1,1,13,10,12,23,11.667,12.000,0.333,220,220,554,575,575,50,0
11544,87,517,1,1,13,10,5,20,9.333,5.000,-4.333,220,220,604,600,600,50,1
11545,87,517,1,1,12,9,0,18,7.000,0.000,-7.000,220,220,654,600,600,50,0
11546,87,517,1,1,12,9,0,15,7.000,0.000,-7.000,220,220,704,600,600,50,0
11547,87,517,1,1,11,9,0,12,6.667,0.000,-6.667,220,220,754,600,600,50,0
11548,87,517,1,1,11,8,0,10,6.333,0.000,-6.333,220,220,804,600,600,50,0
11549,87,517,1,1,10,8,0,6,6.000,0.000,-6.000,220,220,854,600,600,50,0
11550,87,517,1,1,10,7,0,4,5.667,0.000,-5.667,220,220,904,600,600,50,0
11551,87,517,1,1,9,7,0,1,5.333,0.000,-5.333,220,220,954,600,600,50,0
11552,87,517,1,1,12,6,0,0,6.000,0.000,-6.000,220,220,1004,600,600,50,0
11553,87,517,1,1,8,6,0,0,4.667,0.000,-4.667,220,220,1054,600,600,50,0
11554,87,517,1,1,7,6,0,0,4.333,0.000,-4.333,220,220,1104,600,600,50,0
11555,87,517,1,1,7,5,0,0,4.000,0.000,-4.000,220,220,1154,600,600,50,0
11556,87,517,1,1,6,4,0,0,3.333,0.000,-3.333,220,220,1204,600,600,50,0
11557,87,518,2,1,10,0,4,0,4.667,0.000,-4.667,220,220,79,600,600,50,0
11558,87,518,2,1,10,0,6,1,5.333,0.000,-5.333,220,220,129,600,600,50,0
11559,87,518,2,1,10,0,6,3,5.333,0.000,-5.333,220,220,179,600,600,50,0
11560,87,518,2,1,10,0,6,6,5.333,0.000,-5.333,220,220,229,600,600,50,0
11561,87,518,2,1,10,0,7,9,5.667,0.000,-5.667,220,220,279,600,600,50,0
11562,87,518,2,1,12,0,7,11,6.333,0.000,-6.333,220,220,329,600,600,50,0
11563,87,518,2,1,11,0,8,15,6.333,0.000,-6.333,220,220,379,600,600,50,0
11564,87,518,2,1,12,0,8,17,6.667,0.000,-6.667,220,220,429,600,600,50,0
11565,87,518,2,1,12,5,8,19,8.333,5.000,-3.333,220,220,479,600,600,50,0
11566,87,518,2,1,13,11,9,22,11.000,11.000,0.000,220,220,529,600,600,50,1
11567,87,518,2,1,13,18,9,25,13.333,18.000,4.667,220,220,579,600,600,50,0
11568,87,518,2,1,13,25,10,27,16.000,25.000,9.000,220,220,629,600,600,50,0
11569,87,518,2,1,14,32,10,29,18.667,32.000,13.333,220,220,679,600,600,50,0
11570,87,518,2,1,15,39,10,32,21.333,39.000,17.667,220,220,729,600,600,50,0
11571,87,518,2,1,17,46,11,35,24.667,46.000,21.333,220,220,779,600,600,50,0
11572,87,518,2,1,15,54,11,38,26.667,54.000,27.333,220,220,829,600,600,50,0
11573,87,518,2,1,15,61,12,41,29.333,61.000,31.667,220,220,879,600,600,50,0
11574,87,518,2,1,16,68,12,43,32.000,68.000,36.000,220,220,929,600,600,50,0
11575,87,518,2,1,16,76,12,46,34.667,76.000,41.333,220,220,979,600,600,50,0
11576,87,518,2,1,16,83,13,49,37.333,83.000,45.667,220,220,1029,600,600,50,0
11577,87,518,2,1,17,91,14,51,40.667,91.000,50.333,220,220,1079,600,600,50,0
11578,87,518,2,1,17,99,14,54,43.333,99.000,55.667,220,220,1129,600,600,50,0
11579,87,518,2,1,17,107,14,57,46.000,107.000,61.000,220,220,1179,600,600,50,0
11580,87,519,3,1,72,15,12,44,33.000,72.000,39.000,220,220,80,600,600,50,0
11581,87,519,3,1,63,14,12,41,29.667,63.000,33.333,220,220,130,600,600,50,0
11582,87,519,3,1,55,13,11,37,26.333,55.000,28.667,220,220,180,600,600,50,0
11583,87,519,3,1,47,12,11,34,23.333,47.000,23.667,220,220,230,600,600,50,0
11584,87,519,3,1,39,12,10,31,20.333,39.000,18.667,220,220,280,600,600,50,0
11585,87,519,3,1,32,12,10,29,18.000,32.000,14.000,220,220,330,600,600,50,0
11586,87,519,3,1,25,11,9,26,15.000,25.000,10.000,220,220,380,600,600,50,0
11587,87,519,3,1,18,11,9,24,12.667,18.000,5.333,220,220,430,600,600,50,0
11588,87,519,3,1,11,10,9,21,10.000,11.000,1.000,220,220,480,600,600,50,0
11589,87,519,3,1,4,10,8,18,7.333,4.000,-3.333,220,220,530,575,575,50,1
11590,87,519,3,1,0,10,8,16,6.000,0.000,-6.000,220,220,580,575,575,50,0
11591,87,519,3,1,0,9,8,13,5.667,0.000,-5.667,220,220,630,575,575,50,0
11592,87,519,3,1,0,9,7,10,5.333,0.000,-5.333,220,220,680,575,575,50,0
11593,87,519,3,1,0,8,7,7,5.000,0.000,-5.000,220,220,730,575,575,50,0
11594,87,519,3,1,0,8,6,4,4.667,0.000,-4.667,220,220,780,575,575,50,0
11595,87,519,3,1,0,7,6,2,4.333,0.000,-4.333,220,220,830,575,575,50,0
11596,87,519,3,1,0,7,6,0,4.333,0.000,-4.333,220,220,880,575,575,50,0
11597,87,519,3,1,0,7,5,0,4.000,0.000,-4.000,220,220,930,575,575,50,0
11598,87,519,3,1,0,6,5,0,3.667,0.000,-3.667,220,220,980,575,575,50,0
11599,87,519,3,1,0,5,4,0,3.000,0.000,-3.000,220,220,1030,575,575,50,0
11600,87,519,3,1,0,5,4,0,3.000,0.000,-3.000,220,220,1080,575,575,50,0
11601,87,520,4,1,11,10,0,0,7.000,0.000,-7.000,220,220,54,575,575,50,0
11602,87,520,4,1,8,8,0,0,5.333,0.000,-5.333,220,220,104,575,575,50,0
11603,87,520,4,1,9,8,0,2,5.667,0.000,-5.667,220,220,154,575,575,50,0
11604,87,520,4,1,10,8,0,4,6.000,0.000,-6.000,220,220,204,575,575,50,0
11605,87,520,4,1,10,8,0,7,6.000,0.000,-6.000,220,220,254,575,575,50,0
11606,87,520,4,1,10,9,0,10,6.333,0.000,-6.333,220,220,304,575,575,50,0
11607,87,520,4,1,11,9,0,13,6.667,0.000,-6.667,220,220,354,575,575,50,0
11608,87,520,4,1,11,9,0,16,6.667,0.000,-6.667,220,220,404,575,575,50,0
11609,87,520,4,1,14,10,0,18,8.000,0.000,-8.000,220,220,454,575,575,50,0
11610,87,520,4,1,12,11,7,21,10.000,7.000,-3.000,220,220,504,575,575,50,0
11611,87,520,4,1,12,10,13,23,11.667,13.000,1.333,220,220,554,575,575,50,1
11612,87,520,4,1,13,11,20,25,14.667,20.000,5.333,220,220,604,575,575,50,0
11613,87,520,4,1,13,11,27,28,17.000,27.000,10.000,220,220,654,575,575,50,0
11614,87,520,4,1,14,12,34,30,20.000,34.000,14.000,220,220,704,575,575,50,0
11615,87,520,4,1,14,12,40,33,22.000,40.000,18.000,220,220,754,575,575,50,0
11616,87,520,4,1,14,13,48,36,25.000,48.000,23.000,220,220,804,575,575,50,0
11617,87,520,4,1,15,13,55,39,27.667,55.000,27.333,220,220,854,575,575,50,0
11618,87,520,4,1,15,13,62,42,30.000,62.000,32.000,220,220,904,575,575,50,0
11619,87,520,4,1,16,13,70,44,33.000,70.000,37.000,220,220,954,575,575,50,0
11620,87,520,4,1,16,14,77,47,35.667,77.000,41.333,220,220,1004,575,575,50,0
11621,87,520,4,1,17,14,84,50,38.333,84.000,45.667,220,220,1054,575,575,50,0
11622,87,520,4,1,17,15,91,52,41.000,91.000,50.000,220,220,1104,575,575,50,0
11623,87,521,5,1,13,84,13,47,36.667,84.000,47.333,220,220,54,575,575,50,0
11624,87,521,5,1,16,78,14,47,36.000,78.000,42.000,220,220,104,575,575,50,0
11625,87,521,5,1,16,70,13,45,33.000,70.000,37.000,220,220,154,575,575,50,0
11626,87,521,5,1,16,62,13,41,30.333,62.000,31.667,220,220,204,575,575,50,0
11627,87,521,5,1,15,54,12,37,27.000,54.000,27.000,220,220,254,575,575,50,0
11628,87,521,5,1,17,46,12,36,25.000,46.000,21.000,220,220,304,575,575,50,0
11629,87,521,5,1,14,38,11,32,21.000,38.000,17.000,220,220,354,575,575,50,0
11630,87,521,5,1,14,31,11,29,18.667,31.000,12.333,220,220,404,575,575,50,0
11631,87,521,5,1,13,24,10,27,15.667,24.000,8.333,220,220,454,575,575,50,0
11632,87,521,5,1,13,17,10,24,13.333,17.000,3.667,220,220,504,575,575,50,0
11633,87,521,5,1,12,9,9,22,10.000,9.000,-1.000,220,220,554,575,575,50,1
11634,87,521,5,1,12,2,9,19,7.667,2.000,-5.667,220,220,604,575,575,50,0
11635,87,521,5,1,11,0,8,16,6.333,0.000,-6.333,220,220,654,575,575,50,0
11636,87,521,5,1,10,0,8,14,6.000,0.000,-6.000,220,220,704,575,575,50,0
11637,87,521,5,1,10,0,8,11,6.000,0.000,-6.000,220,220,754,575,575,50,0
11638,87,521,5,1,10,0,7,8,5.667,0.000,-5.667,220,220,804,575,575,50,0
11639,87,521,5,1,9,0,7,5,5.333,0.000,-5.333,220,220,854,575,575,50,0
11640,87,521,5,1,9,0,6,2,5.000,0.000,-5.000,220,220,904,575,575,50,0
11641,87,521,5,1,9,0,5,0,4.667,0.000,-4.667,220,220,954,575,575,50,0
11642,87,521,5,1,8,0,5,0,4.333,0.000,-4.333,220,220,1004,575,575,50,0
11643,87,521,5,1,8,0,5,0,4.333,0.000,-4.333,220,220,1054,575,575,50,0
11644,87,521,5,1,7,0,4,0,3.667,0.000,-3.667,220,220,1104,575,575,50,0
11645,87,522,6,1,0,7,8,0,5.000,0.000,-5.000,220,220,54,575,575,50,0
11646,87,522,6,1,0,6,6,0,4.000,0.000,-4.000,220,220,104,575,575,50,0
11647,87,522,6,1,0,7,6,0,4.333,0.000,-4.333,220,220,154,575,575,50,0
11648,87,522,6,1,0,7,6,2,4.333,0.000,-4.333,220,220,204,575,575,50,0
11649,87,522,6,1,0,7,7,5,4.667,0.000,-4.667,220,220,254,575,575,50,0
11650,87,522,6,1,0,8,7,8,5.000,0.000,-5.000,220,220,304,575,575,50,0
11651,87,522,6,1,0,8,8,11,5.333,0.000,-5.333,220,220,354,575,575,50,0
11652,87,522,6,1,0,9,8,14,5.667,0.000,-5.667,220,220,404,575,575,50,0
11653,87,522,6,1,0,9,8,16,5.667,0.000,-5.667,220,220,454,575,575,50,0
11654,87,522,6,1,4,10,9,19,7.667,4.000,-3.667,220,220,504,575,575,50,0
11655,87,522,6,1,11,10,9,22,10.000,11.000,1.000,220,220,554,575,575,50,1
11656,87,522,6,1,18,10,10,24,12.667,18.000,5.333,220,220,604,575,575,50,0
11657,87,522,6,1,26,11,10,27,15.667,26.000,10.333,220,220,654,575,575,50,0
11658,87,522,6,1,33,11,10,29,18.000,33.000,15.000,220,220,704,575,575,50,0
11659,87,522,6,1,40,12,10,32,20.667,40.000,19.333,220,220,754,575,575,50,0
11660,87,522,6,1,47,12,11,35,23.333,47.000,23.667,220,220,804,575,575,50,0
11661,87,522,6,1,55,13,11,37,26.333,55.000,28.667,220,220,854,575,575,50,0
11662,87,522,6,1,62,13,12,40,29.000,62.000,33.000,220,220,904,575,575,50,0
11663,87,522,6,1,69,13,12,43,31.333,69.000,37.667,220,220,954,575,575,50,0
11664,87,522,6,1,77,14,12,46,34.333,77.000,42.667,220,220,1004,575,575,50,0
11665,87,522,6,1,84,14,13,48,37.000,84.000,47.000,220,220,1054,575,575,50,0
11666,87,522,6,1,91,15,13,51,39.667,91.000,51.333,220,220,1104,575,575,50,0
11667,88,523,1,1,15,11,82,46,36.000,82.000,46.000,220,220,54,575,575,50,0
11668,88,523,1,1,18,14,76,47,36.000,76.000,40.000,220,220,104,575,575,50,0
11669,88,523,1,1,17,13,68,44,32.667,68.000,35.333,220,220,154,575,575,50,0
11670,88,523,1,1,16,13,60,41,29.667,60.000,30.333,220,220,204,575,575,50,0
11671,88,523,1,1,15,13,52,38,26.667,52.000,25.333,220,220,254,575,575,50,0
11672,88,523,1,1,15,12,45,35,24.000,45.000,21.000,220,220,304,575,575,50,0
11673,88,523,1,1,15,12,38,33,21.667,38.000,16.333,220,220,354,575,575,50,0
11674,88,523,1,1,14,12,31,30,19.000,31.000,12.000,220,220,404,575,575,50,0
11675,88,523,1,1,14,11,23,27,16.000,23.000,7.000,220,220,454,575,575,50,0
11676,88,523,1,1,13,11,17,24,13.667,17.000,3.333,220,220,504,575,575,50,0
11677,88,523,1,1,13,10,11,22,11.333,11.000,-0.333,220,220,554,575,575,50,1
11678,88,523,1,1,12,10,4,20,8.667,4.000,-4.667,220,220,604,600,600,50,0
11679,88,523,1,1,12,9,0,17,7.000,0.000,-7.000,220,220,654,600,600,50,0
11680,88,523,1,1,11,9,0,15,6.667,0.000,-6.667,220,220,704,600,600,50,0
11681,88,523,1,1,11,9,0,12,6.667,0.000,-6.667,220,220,754,600,600,50,0
11682,88,523,1,1,11,8,0,9,6.333,0.000,-6.333,220,220,804,600,600,50,0
11683,88,523,1,1,10,8,0,6,6.000,0.000,-6.000,220,220,854,600,600,50,0
11684,88,523,1,1,10,7,0,4,5.667,0.000,-5.667,220,220,904,600,600,50,0
11685,88,523,1,1,9,7,0,1,5.333,0.000,-5.333,220,220,954,600,600,50,0
11686,88,523,1,1,9,7,0,0,5.333,0.000,-5.333,220,220,1004,600,600,50,0
11687,88,523,1,1,11,6,0,0,5.667,0.000,-5.667,220,220,1054,600,600,50,0
11688,88,523,1,1,8,6,0,0,4.667,0.000,-4.667,220,220,1104,600,600,50,0
11689,88,523,1,1,7,5,0,0,4.000,0.000,-4.000,220,220,1154,600,600,50,0
11690,88,523,1,1,6,5,0,0,3.667,0.000,-3.667,220,220,1204,600,600,50,0
11691,88,524,2,1,10,0,4,0,4.667,0.000,-4.667,220,220,79,600,600,50,0
11692,88,524,2,1,10,0,5,0,5.000,0.000,-5.000,220,220,129,600,600,50,0
11693,88,524,2,1,10,0,6,2,5.333,0.000,-5.333,220,220,179,600,600,50,0
11694,88,524,2,1,10,0,6,5,5.333,0.000,-5.333,220,220,229,600,600,50,0
11695,88,524,2,1,11,0,7,8,6.000,0.000,-6.000,220,220,279,600,600,50,0
11696,88,524,2,1,11,0,7,10,6.000,0.000,-6.000,220,220,329,600,600,50,0
11697,88,524,2,1,11,0,7,13,6.000,0.000,-6.000,220,220,379,600,600,50,0
11698,88,524,2,1,12,0,8,16,6.667,0.000,-6.667,220,220,429,600,600,50,0
11699,88,524,2,1,12,3,8,18,7.667,3.000,-4.667,220,220,479,600,600,50,0
11700,88,524,2,1,12,9,9,21,10.000,9.000,-1.000,220,220,529,600,600,50,0
11701,88,524,2,1,13,16,9,24,12.667,16.000,3.333,220,220,579,600,600,50,1
11702,88,524,2,1,13,23,10,26,15.333,23.000,7.667,220,220,629,600,600,50,0
11703,88,524,2,1,13,30,10,29,17.667,30.000,12.333,220,220,679,600,600,50,0
11704,88,524,2,1,14,37,10,32,20.333,37.000,16.667,220,220,729,600,600,50,0
11705,88,524,2,1,18,45,10,35,24.333,45.000,20.667,220,220,779,600,600,50,0
11706,88,524,2,1,15,52,11,37,26.000,52.000,26.000,220,220,829,600,600,50,0
11707,88,524,2,1,16,59,12,40,29.000,59.000,30.000,220,220,879,600,600,50,0
11708,88,524,2,1,16,68,12,43,32.000,68.000,36.000,220,220,929,600,600,50,0
11709,88,524,2,1,16,75,13,46,34.667,75.000,40.333,220,220,979,600,600,50,0
11710,88,524,2,1,17,83,13,48,37.667,83.000,45.333,220,220,1029,600,600,50,0
11711,88,524,2,1,17,90,14,51,40.333,90.000,49.667,220,220,1079,600,600,50,0
11712,88,524,2,1,17,97,14,54,42.667,97.000,54.333,220,220,1129,600,600,50,0
11713,88,524,2,1,17,106,14,57,45.667,106.000,60.333,220,220,1179,600,600,50,0
11714,88,525,3,1,75,15,12,45,34.000,75.000,41.000,220,220,80,600,600,50,0
11715,88,525,3,1,67,14,12,42,31.000,67.000,36.000,220,220,130,600,600,50,0
11716,88,525,3,1,58,13,11,39,27.333,58.000,30.667,220,220,180,600,600,50,0
11717,88,525,3,1,50,12,11,36,24.333,50.000,25.667,220,220,230,600,600,50,0
11718,88,525,3,1,43,12,11,33,22.000,43.000,21.000,220,220,280,600,600,50,0
11719,88,525,3,1,36,12,10,30,19.333,36.000,16.667,220,220,330,600,600,50,0
11720,88,525,3,1,28,12,10,27,16.667,28.000,11.333,220,220,380,600,600,50,0
11721,88,525,3,1,21,11,9,24,13.667,21.000,7.333,220,220,430,600,600,50,0
11722,88,525,3,1,15,11,9,22,11.667,15.000,3.333,220,220,480,600,600,50,0
11723,88,525,3,1,8,10,8,20,8.667,8.000,-0.667,220,220,530,600,600,50,1
11724,88,525,3,1,0,10,8,17,6.000,0.000,-6.000,220,220,580,600,600,50,0
11725,88,525,3,1,0,10,8,14,6.000,0.000,-6.000,220,220,630,600,600,50,0
11726,88,525,3,1,0,9,7,12,5.333,0.000,-5.333,220,220,680,600,600,50,0
11727,88,525,3,1,0,8,7,9,5.000,0.000,-5.000,220,220,730,600,600,50,0
11728,88,525,3,1,0,8,7,6,5.000,0.000,-5.000,220,220,780,600,600,50,0
11729,88,525,3,1,0,7,6,3,4.333,0.000,-4.333,220,220,830,600,600,50,0
11730,88,525,3,1,0,7,6,1,4.333,0.000,-4.333,220,220,880,600,600,50,0
11731,88,525,3,1,0,6,6,0,4.000,0.000,-4.000,220,220,930,600,600,50,0
11732,88,525,3,1,0,6,5,0,3.667,0.000,-3.667,220,220,980,600,600,50,0
11733,88,525,3,1,0,6,5,0,3.667,0.000,-3.667,220,220,1030,600,600,50,0
11734,88,525,3,1,0,5,4,0,3.000,0.000,-3.000,220,220,1080,600,600,50,0
11735,88,525,3,1,0,5,4,0,3.000,0.000,-3.000,220,220,1130,600,600,50,0
11736,88,525,3,1,0,4,4,0,2.667,0.000,-2.667,220,220,1180,600,600,50,0
11737,88,526,4,1,8,9,0,2,5.667,0.000,-5.667,220,220,80,600,600,50,0
11738,88,526,4,1,9,8,0,4,5.667,0.000,-5.667,220,220,130,600,600,50,0
11739,88,526,4,1,10,8,0,7,6.000,0.000,-6.000,220,220,180,600,600,50,0
11740,88,526,4,1,9,8,0,10,5.667,0.000,-5.667,220,220,230,600,600,50,0
11741,88,526,4,1,10,9,0,13,6.333,0.000,-6.333,220,220,280,600,600,50,0
11742,88,526,4,1,11,9,0,15,6.667,0.000,-6.667,220,220,330,600,600,50,0
11743,88,526,4,1,10,10,0,18,6.667,0.000,-6.667,220,220,380,600,600,50,0
11744,88,526,4,1,15,10,7,21,10.667,7.000,-3.667,220,220,430,600,600,50,0
11745,88,526,4,1,12,11,14,24,12.333,14.000,1.667,220,220,480,550,550,50,1
11746,88,526,4,1,13,11,21,26,15.000,21.000,6.000,220,220,530,550,550,50,0
11747,88,526,4,1,13,11,28,29,17.333,28.000,10.667,220,220,580,550,550,50,0
11748,88,526,4,1,14,12,35,32,20.333,35.000,14.667,220,220,630,550,550,50,0
11749,88,526,4,1,14,12,42,34,22.667,42.000,19.333,220,220,680,550,550,50,0
11750,88,526,4,1,14,12,49,37,25.000,49.000,24.000,220,220,730,550,550,50,0
11751,88,526,4,1,15,13,57,40,28.333,57.000,28.667,220,220,780,550,550,50,0
11752,88,526,4,1,15,13,64,42,30.667,64.000,33.333,220,220,830,550,550,50,0
11753,88,526,4,1,16,14,70,45,33.333,70.000,36.667,220,220,880,550,550,50,0
11754,88,526,4,1,16,14,79,47,36.333,79.000,42.667,220,220,930,550,550,50,0
11755,88,526,4,1,17,14,85,50,38.667,85.000,46.333,220,220,980,550,550,50,0
11756,88,526,4,1,17,14,93,53,41.333,93.000,51.667,220,220,1030,550,550,50,0
11757,88,527,5,1,17,83,14,49,38.000,83.000,45.000,220,220,79,550,550,50,0
11758,88,527,5,1,16,75,13,46,34.667,75.000,40.333,220,220,129,550,550,50,0
11759,88,527,5,1,16,68,12,43,32.000,68.000,36.000,220,220,179,550,550,50,0
11760,88,527,5,1,15,60,12,40,29.000,60.000,31.000,220,220,229,550,550,50,0
11761,88,527,5,1,15,53,12,38,26.667,53.000,26.333,220,220,279,550,550,50,0
11762,88,527,5,1,18,46,11,35,25.000,46.000,21.000,220,220,329,550,550,50,0
11763,88,527,5,1,14,38,11,32,21.000,38.000,17.000,220,220,379,550,550,50,0
11764,88,527,5,1,13,31,10,30,18.000,31.000,13.000,220,220,429,550,550,50,0
11765,88,527,5,1,13,24,10,27,15.667,24.000,8.333,220,220,479,550,550,50,0
11766,88,527,5,1,13,17,10,25,13.333,17.000,3.667,220,220,529,550,550,50,0
11767,88,527,5,1,12,11,9,22,10.667,11.000,0.333,220,220,579,550,550,50,0
11768,88,527,5,1,12,4,9,20,8.333,4.000,-4.333,220,220,629,600,600,50,1
11769,88,527,5,1,11,0,8,17,6.333,0.000,-6.333,220,220,679,600,600,50,0
11770,88,527,5,1,11,0,8,15,6.333,0.000,-6.333,220,220,729,600,600,50,0
11771,88,527,5,1,11,0,8,12,6.333,0.000,-6.333,220,220,779,600,600,50,0
11772,88,527,5,1,10,0,7,9,5.667,0.000,-5.667,220,220,829,600,600,50,0
11773,88,527,5,1,10,0,7,6,5.667,0.000,-5.667,220,220,879,600,600,50,0
11774,88,527,5,1,10,0,6,3,5.333,0.000,-5.333,220,220,929,600,600,50,0
11775,88,527,5,1,9,0,6,0,5.000,0.000,-5.000,220,220,979,600,600,50,0
11776,88,527,5,1,9,0,6,0,5.000,0.000,-5.000,220,220,1029,600,600,50,0
11777,88,527,5,1,8,0,5,0,4.333,0.000,-4.333,220,220,1079,600,600,50,0
11778,88,527,5,1,7,0,4,0,3.667,0.000,-3.667,220,220,1129,600,600,50,0
11779,88,527,5,1,7,0,4,0,3.667,0.000,-3.667,220,220,1179,600,600,50,0
11780,88,527,5,1,6,0,4,0,3.333,0.000,-3.333,220,220,1229,600,600,50,0
11781,88,528,6,1,0,7,7,0,4.667,0.000,-4.667,220,220,79,600,600,50,0
11782,88,528,6,1,0,6,7,1,4.333,0.000,-4.333,220,220,129,600,600,50,0
11783,88,528,6,1,0,7,7,3,4.667,0.000,-4.667,220,220,179,600,600,50,0
11784,88,528,6,1,0,8,7,6,5.000,0.000,-5.000,220,220,229,600,600,50,0
11785,88,528,6,1,0,8,7,10,5.000,0.000,-5.000,220,220,279,600,600,50,0
11786,88,528,6,1,0,8,8,13,5.333,0.000,-5.333,220,220,329,600,600,50,0
11787,88,528,6,1,0,9,9,15,6.000,0.000,-6.000,220,220,379,600,600,50,0
11788,88,528,6,1,2,10,8,18,6.667,2.000,-4.667,220,220,429,600,600,50,0
11789,88,528,6,1,9,10,9,21,9.333,9.000,-0.333,220,220,479,600,600,50,0
11790,88,528,6,1,17,11,9,24,12.333,17.000,4.667,220,220,529,575,575,50,1
11791,88,528,6,1,24,11,10,26,15.000,24.000,9.000,220,220,579,575,575,50,0
11792,88,528,6,1,31,11,10,28,17.333,31.000,13.667,220,220,629,575,575,50,0
11793,88,528,6,1,38,12,11,31,20.333,38.000,17.667,220,220,679,575,575,50,0
11794,88,528,6,1,45,12,11,34,22.667,45.000,22.333,220,220,729,575,575,50,0
11795,88,528,6,1,52,12,11,37,25.000,52.000,27.000,220,220,779,575,575,50,0
11796,88,528,6,1,60,13,12,39,28.333,60.000,31.667,220,220,829,575,575,50,0
11797,88,528,6,1,67,13,12,42,30.667,67.000,36.333,220,220,879,575,575,50,0
11798,88,528,6,1,74,13,12,44,33.000,74.000,41.000,220,220,929,575,575,50,0
11799,88,528,6,1,80,14,13,47,35.667,80.000,44.333,220,220,979,575,575,50,0
11800,88,528,6,1,87,14,13,50,38.000,87.000,49.000,220,220,1029,575,575,50,0
11801,88,528,6,1,97,15,13,52,41.667,97.000,55.333,220,220,1079,575,575,50,0
11802,89,529,1,1,15,11,76,44,34.000,76.000,42.000,220,220,53,575,575,50,0
11803,89,529,1,1,18,13,71,46,34.000,71.000,37.000,220,220,103,575,575,50,0
11804,89,529,1,1,17,13,63,43,31.000,63.000,32.000,220,220,153,575,575,50,0
11805,89,529,1,1,15,13,55,39,27.667,55.000,27.333,220,220,203,575,575,50,0
11806,89,529,1,1,15,13,48,36,25.333,48.000,22.667,220,220,253,575,575,50,0
11807,89,529,1,1,14,12,41,34,22.333,41.000,18.667,220,220,303,575,575,50,0
11808,89,529,1,1,14,12,34,31,20.000,34.000,14.000,220,220,353,575,575,50,0
11809,89,529,1,1,14,11,26,28,17.000,26.000,9.000,220,220,403,575,575,50,0
11810,89,529,1,1,13,11,20,26,14.667,20.000,5.333,220,220,453,575,575,50,0
11811,89,529,1,1,13,10,13,23,12.000,13.000,1.000,220,220,503,575,575,50,0
11812,89,529,1,1,13,10,6,21,9.667,6.000,-3.667,220,220,553,575,575,50,1
11813,89,529,1,1,12,10,0,18,7.333,0.000,-7.333,220,220,603,575,575,50,0
11814,89,529,1,1,12,10,0,16,7.333,0.000,-7.333,220,220,653,575,575,50,0
11815,89,529,1,1,12,8,0,13,6.667,0.000,-6.667,220,220,703,575,575,50,0
11816,89,529,1,1,11,8,0,10,6.333,0.000,-6.333,220,220,753,575,575,50,0
11817,89,529,1,1,10,8,0,7,6.000,0.000,-6.000,220,220,803,575,575,50,0
11818,89,529,1,1,10,8,0,4,6.000,0.000,-6.000,220,220,853,575,575,50,0
11819,89,529,1,1,9,7,0,2,5.333,0.000,-5.333,220,220,903,575,575,50,0
11820,89,529,1,1,9,6,0,0,5.000,0.000,-5.000,220,220,953,575,575,50,0
11821,89,529,1,1,12,6,0,0,6.000,0.000,-6.000,220,220,1003,575,575,50,0
11822,89,529,1,1,8,6,0,0,4.667,0.000,-4.667,220,220,1053,575,575,50,0
11823,89,529,1,1,8,5,0,0,4.333,0.000,-4.333,220,220,1103,575,575,50,0
11824,89,530,2,1,13,0,5,0,6.000,0.000,-6.000,220,220,54,575,575,50,0
11825,89,530,2,1,10,0,4,0,4.667,0.000,-4.667,220,220,104,575,575,50,0
11826,89,530,2,1,10,0,5,0,5.000,0.000,-5.000,220,220,154,575,575,50,0
11827,89,530,2,1,10,0,6,3,5.333,0.000,-5.333,220,220,204,575,575,50,0
11828,89,530,2,1,10,0,6,5,5.333,0.000,-5.333,220,220,254,575,575,50,0
11829,89,530,2,1,10,0,7,8,5.667,0.000,-5.667,220,220,304,575,575,50,0
11830,89,530,2,1,11,0,7,11,6.000,0.000,-6.000,220,220,354,575,575,50,0
11831,89,530,2,1,11,0,8,14,6.333,0.000,-6.333,220,220,404,575,575,50,0
11832,89,530,2,1,12,0,8,16,6.667,0.000,-6.667,220,220,454,575,575,50,0
11833,89,530,2,1,12,4,8,19,8.000,4.000,-4.000,220,220,504,575,575,50,0
11834,89,530,2,1,13,10,9,22,10.667,10.000,-0.667,220,220,554,575,575,50,0
11835,89,530,2,1,13,17,9,24,13.000,17.000,4.000,220,220,604,600,600,50,1
11836,89,530,2,1,13,24,9,27,15.333,24.000,8.667,220,220,654,600,600,50,0
11837,89,530,2,1,14,31,10,30,18.333,31.000,12.667,220,220,704,600,600,50,0
11838,89,530,2,1,14,37,11,32,20.667,37.000,16.333,220,220,754,600,600,50,0
11839,89,530,2,1,17,45,11,35,24.333,45.000,20.667,220,220,804,600,600,50,0
11840,89,530,2,1,15,52,11,37,26.000,52.000,26.000,220,220,854,600,600,50,0
11841,89,530,2,1,16,59,12,40,29.000,59.000,30.000,220,220,904,600,600,50,0
11842,89,530,2,1,16,67,12,42,31.667,67.000,35.333,220,220,954,600,600,50,0
11843,89,530,2,1,16,75,13,45,34.667,75.000,40.333,220,220,1004,600,600,50,0
11844,89,530,2,1,16,82,13,48,37.000,82.000,45.000,220,220,1054,600,600,50,0
11845,89,530,2,1,17,89,13,51,39.667,89.000,49.333,220,220,1104,600,600,50,0
11846,89,530,2,1,17,97,14,54,42.667,97.000,54.333,220,220,1154,600,600,50,0
11847,89,530,2,1,18,105,14,57,45.667,105.000,59.333,220,220,1204,600,600,50,0
11848,89,531,3,1,77,15,12,46,34.667,77.000,42.333,220,220,80,600,600,50,0
11849,89,531,3,1,70,14,12,43,32.000,70.000,38.000,220,220,130,600,600,50,0
11850,89,531,3,1,62,14,12,40,29.333,62.000,32.667,220,220,180,600,600,50,0
11851,89,531,3,1,53,13,11,37,25.667,53.000,27.333,220,220,230,600,600,50,0
11852,89,531,3,1,46,13,11,34,23.333,46.000,22.667,220,220,280,600,600,50,0
11853,89,531,3,1,39,12,10,31,20.333,39.000,18.667,220,220,330,600,600,50,0
11854,89,531,3,1,31,12,10,29,17.667,31.000,13.333,220,220,380,600,600,50,0
11855,89,531,3,1,23,11,10,26,14.667,23.000,8.333,220,220,430,600,600,50,0
11856,89,531,3,1,17,11,9,23,12.333,17.000,4.667,220,220,480,600,600,50,0
11857,89,531,3,1,10,10,9,21,9.667,10.000,0.333,220,220,530,600,600,50,0
11858,89,531,3,1,2,10,8,18,6.667,2.000,-4.667,220,220,580,600,600,50,1
11859,89,531,3,1,0,10,8,15,6.000,0.000,-6.000,220,220,630,600,600,50,0
11860,89,531,3,1,0,9,8,12,5.667,0.000,-5.667,220,220,680,600,600,50,0
11861,89,531,3,1,0,9,7,10,5.333,0.000,-5.333,220,220,730,600,600,50,0
11862,89,531,3,1,0,8,7,7,5.000,0.000,-5.000,220,220,780,600,600,50,0
11863,89,531,3,1,0,8,6,4,4.667,0.000,-4.667,220,220,830,600,600,50,0
11864,89,531,3,1,0,7,6,1,4.333,0.000,-4.333,220,220,880,600,600,50,0
11865,89,531,3,1,0,6,6,0,4.000,0.000,-4.000,220,220,930,600,600,50,0
11866,89,531,3,1,0,6,5,0,3.667,0.000,-3.667,220,220,980,600,600,50,0
11867,89,531,3,1,0,6,5,0,3.667,0.000,-3.667,220,220,1030,600,600,50,0
11868,89,531,3,1,0,5,4,0,3.000,0.000,-3.000,220,220,1080,600,600,50,0
11869,89,531,3,1,0,4,3,0,2.333,0.000,-2.333,220,220,1130,600,600,50,0
11870,89,531,3,1,0,4,3,0,2.333,0.000,-2.333,220,220,1180,600,600,50,0
11871,89,532,4,1,8,8,0,1,5.333,0.000,-5.333,220,220,80,600,600,50,0
11872,89,532,4,1,9,8,0,3,5.667,0.000,-5.667,220,220,130,600,600,50,0
11873,89,532,4,1,10,8,0,7,6.000,0.000,-6.000,220,220,180,600,600,50,0
11874,89,532,4,1,10,9,0,9,6.333,0.000,-6.333,220,220,230,600,600,50,0
11875,89,532,4,1,10,9,0,12,6.333,0.000,-6.333,220,220,280,600,600,50,0
11876,89,532,4,1,11,9,0,14,6.667,0.000,-6.667,220,220,330,600,600,50,0
11877,89,532,4,1,14,10,0,18,8.000,0.000,-8.000,220,220,380,600,600,50,0
11878,89,532,4,1,12,10,4,20,8.667,4.000,-4.667,220,220,430,600,600,50,0
11879,89,532,4,1,12,11,11,22,11.333,11.000,-0.333,220,220,480,600,600,50,0
11880,89,532,4,1,13,11,17,24,13.667,17.000,3.333,220,220,530,575,575,50,1
11881,89,532,4,1,13,11,25,27,16.333,25.000,8.667,220,220,580,575,575,50,0
11882,89,532,4,1,13,12,31,30,18.667,31.000,12.333,220,220,630,575,575,50,0
11883,89,532,4,1,14,12,38,33,21.333,38.000,16.667,220,220,680,575,575,50,0
11884,89,532,4,1,14,12,45,35,23.667,45.000,21.333,220,220,730,575,575,50,0
11885,89,532,4,1,15,13,52,38,26.667,52.000,25.333,220,220,780,575,575,50,0
11886,89,532,4,1,15,13,60,40,29.333,60.000,30.667,220,220,830,575,575,50,0
11887,89,532,4,1,16,13,67,43,32.000,67.000,35.000,220,220,880,575,575,50,0
11888,89,532,4,1,16,14,73,46,34.333,73.000,38.667,220,220,930,575,575,50,0
11889,89,532,4,1,16,14,81,49,37.000,81.000,44.000,220,220,980,575,575,50,0
11890,89,532,4,1,17,14,89,51,40.000,89.000,49.000,220,220,1030,575,575,50,0
11891,89,532,4,1,17,15,96,54,42.667,96.000,53.333,220,220,1080,575,575,50,0
11892,89,533,5,1,12,74,13,43,33.000,74.000,41.000,220,220,54,575,575,50,0
11893,89,533,5,1,15,69,14,44,32.667,69.000,36.333,220,220,104,575,575,50,0
11894,89,533,5,1,15,62,13,41,30.000,62.000,32.000,220,220,154,575,575,50,0
11895,89,533,5,1,15,54,12,39,27.000,54.000,27.000,220,220,204,575,575,50,0
11896,89,533,5,1,18,46,11,35,25.000,46.000,21.000,220,220,254,575,575,50,0
11897,89,533,5,1,14,39,11,33,21.333,39.000,17.667,220,220,304,575,575,50,0
11898,89,533,5,1,14,32,11,30,19.000,32.000,13.000,220,220,354,575,575,50,0
11899,89,533,5,1,13,25,10,27,16.000,25.000,9.000,220,220,404,575,575,50,0
11900,89,533,5,1,12,17,10,24,13.000,17.000,4.000,220,220,454,575,575,50,0
11901,89,533,5,1,12,10,9,22,10.333,10.000,-0.333,220,220,504,575,575,50,1
11902,89,533,5,1,12,4,9,20,8.333,4.000,-4.333,220,220,554,575,575,50,0
11903,89,533,5,1,12,0,9,17,7.000,0.000,-7.000,220,220,604,575,575,50,0
11904,89,533,5,1,11,0,8,14,6.333,0.000,-6.333,220,220,654,575,575,50,0
11905,89,533,5,1,11,0,8,11,6.333,0.000,-6.333,220,220,704,575,575,50,0
11906,89,533,5,1,10,0,7,8,5.667,0.000,-5.667,220,220,754,575,575,50,0
11907,89,533,5,1,10,0,7,5,5.667,0.000,-5.667,220,220,804,575,575,50,0
11908,89,533,5,1,9,0,6,3,5.000,0.000,-5.000,220,220,854,575,575,50,0
11909,89,533,5,1,9,0,6,0,5.000,0.000,-5.000,220,220,904,575,575,50,0
11910,89,533,5,1,8,0,5,0,4.333,0.000,-4.333,220,220,954,575,575,50,0
11911,89,533,5,1,8,0,5,0,4.333,0.000,-4.333,220,220,1004,575,575,50,0
11912,89,533,5,1,7,0,4,0,3.667,0.000,-3.667,220,220,1054,575,575,50,0
11913,89,533,5,1,7,0,4,0,3.667,0.000,-3.667,220,220,1104,575,575,50,0
11914,89,534,6,1,0,8,9,0,5.667,0.000,-5.667,220,220,54,575,575,50,0
11915,89,534,6,1,0,5,7,0,4.000,0.000,-4.000,220,220,104,575,575,50,0
11916,89,534,6,1,0,7,6,2,4.333,0.000,-4.333,220,220,154,575,575,50,0
11917,89,534,6,1,0,8,7,4,5.000,0.000,-5.000,220,220,204,575,575,50,0
11918,89,534,6,1,0,8,7,7,5.000,0.000,-5.000,220,220,254,575,575,50,0
11919,89,534,6,1,0,8,7,10,5.000,0.000,-5.000,220,220,304,575,575,50,0
11920,89,534,6,1,0,9,8,12,5.667,0.000,-5.667,220,220,354,575,575,50,0
11921,89,534,6,1,0,9,8,15,5.667,0.000,-5.667,220,220,404,575,575,50,0
11922,89,534,6,1,2,9,9,18,6.667,2.000,-4.667,220,220,454,575,575,50,0
11923,89,534,6,1,9,10,9,20,9.333,9.000,-0.333,220,220,504,575,575,50,0
11924,89,534,6,1,15,10,10,23,11.667,15.000,3.333,220,220,554,575,575,50,1
11925,89,534,6,1,22,10,10,25,14.000,22.000,8.000,220,220,604,575,575,50,0
11926,89,534,6,1,29,11,10,28,16.667,29.000,12.333,220,220,654,575,575,50,0
11927,89,534,6,1,36,12,10,31,19.333,36.000,16.667,220,220,704,575,575,50,0
11928,89,534,6,1,43,12,11,33,22.000,43.000,21.000,220,220,754,575,575,50,0
11929,89,534,6,1,51,13,11,36,25.000,51.000,26.000,220,220,804,575,575,50,0
11930,89,534,6,1,58,13,12,39,27.667,58.000,30.333,220,220,854,575,575,50,0
11931,89,534,6,1,66,13,12,42,30.333,66.000,35.667,220,220,904,575,575,50,0
11932,89,534,6,1,73,14,13,44,33.333,73.000,39.667,220,220,954,575,575,50,0
11933,89,534,6,1,80,14,13,47,35.667,80.000,44.333,220,220,1004,575,575,50,0
11934,89,534,6,1,87,15,13,49,38.333,87.000,48.667,220,220,1054,575,575,50,0
11935,89,534,6,1,97,15,13,52,41.667,97.000,55.333,220,220,1104,575,575,50,0
11936,90,535,1,1,15,11,82,47,36.000,82.000,46.000,220,220,54,575,575,50,0
11937,90,535,1,1,18,13,75,47,35.333,75.000,39.667,220,220,104,575,575,50,0
11938,90,535,1,1,16,14,67,44,32.333,67.000,34.667,220,220,154,575,575,50,0
11939,90,535,1,1,16,13,60,41,29.667,60.000,30.333,220,220,204,575,575,50,0
11940,90,535,1,1,16,13,51,38,26.667,51.000,24.333,220,220,254,575,575,50,0
11941,90,535,1,1,15,12,44,35,23.667,44.000,20.333,220,220,304,575,575,50,0
11942,90,535,1,1,15,12,36,32,21.000,36.000,15.000,220,220,354,575,575,50,0
11943,90,535,1,1,14,11,29,29,18.000,29.000,11.000,220,220,404,575,575,50,0
11944,90,535,1,1,14,11,22,27,15.667,22.000,6.333,220,220,454,575,575,50,0
11945,90,535,1,1,13,10,15,24,12.667,15.000,2.333,220,220,504,575,575,50,0
11946,90,535,1,1,13,10,8,21,10.333,8.000,-2.333,220,220,554,575,575,50,1
11947,90,535,1,1,12,10,1,19,7.667,1.000,-6.667,220,220,604,575,575,50,0
11948,90,535,1,1,12,9,0,16,7.000,0.000,-7.000,220,220,654,575,575,50,0
11949,90,535,1,1,11,9,0,13,6.667,0.000,-6.667,220,220,704,575,575,50,0
11950,90,535,1,1,11,9,0,11,6.667,0.000,-6.667,220,220,754,575,575,50,0
11951,90,535,1,1,11,8,0,8,6.333,0.000,-6.333,220,220,804,575,575,50,0
11952,90,535,1,1,10,8,0,5,6.000,0.000,-6.000,220,220,854,575,575,50,0
11953,90,535,1,1,10,7,0,2,5.667,0.000,-5.667,220,220,904,575,575,50,0
11954,90,535,1,1,12,7,0,0,6.333,0.000,-6.333,220,220,954,575,575,50,0
11955,90,535,1,1,9,6,0,0,5.000,0.000,-5.000,220,220,1004,575,575,50,0
11956,90,535,1,1,7,6,0,0,4.333,0.000,-4.333,220,220,1054,575,575,50,0
11957,90,535,1,1,8,6,0,0,4.667,0.000,-4.667,220,220,1104,575,575,50,0
11958,90,536,2,1,13,0,5,0,6.000,0.000,-6.000,220,220,54,575,575,50,0
11959,90,536,2,1,9,0,4,0,4.333,0.000,-4.333,220,220,104,575,575,50,0
11960,90,536,2,1,9,0,5,0,4.667,0.000,-4.667,220,220,154,575,575,50,0
11961,90,536,2,1,9,0,6,2,5.000,0.000,-5.000,220,220,204,575,575,50,0
11962,90,536,2,1,10,0,6,4,5.333,0.000,-5.333,220,220,254,575,575,50,0
11963,90,536,2,1,10,0,7,7,5.667,0.000,-5.667,220,220,304,575,575,50,0
11964,90,536,2,1,10,0,7,10,5.667,0.000,-5.667,220,220,354,575,575,50,0
11965,90,536,2,1,11,0,7,13,6.000,0.000,-6.000,220,220,404,575,575,50,0
11966,90,536,2,1,11,0,8,15,6.333,0.000,-6.333,220,220,454,575,575,50,0
11967,90,536,2,1,12,0,8,18,6.667,0.000,-6.667,220,220,504,575,575,50,0
11968,90,536,2,1,12,8,9,21,9.667,8.000,-1.667,220,220,554,575,575,50,0
11969,90,536,2,1,13,15,9,23,12.333,15.000,2.667,220,220,604,600,600,50,1
11970,90,536,2,1,13,22,9,26,14.667,22.000,7.333,220,220,654,600,600,50,0
11971,90,536,2,1,13,29,10,28,17.333,29.000,11.667,220,220,704,600,600,50,0
11972,90,536,2,1,14,35,11,31,20.000,35.000,15.000,220,220,754,600,600,50,0
11973,90,536,2,1,18,43,11,34,24.000,43.000,19.000,220,220,804,600,600,50,0
11974,90,536,2,1,16,51,11,37,26.000,51.000,25.000,220,220,854,600,600,50,0
11975,90,536,2,1,15,58,12,40,28.333,58.000,29.667,220,220,904,600,600,50,0
11976,90,536,2,1,16,65,12,42,31.000,65.000,34.000,220,220,954,600,600,50,0
11977,90,536,2,1,16,74,12,45,34.000,74.000,40.000,220,220,1004,600,600,50,0
11978,90,536,2,1,16,82,13,48,37.000,82.000,45.000,220,220,1054,600,600,50,0
11979,90,536,2,1,17,89,14,50,40.000,89.000,49.000,220,220,1104,600,600,50,0
11980,90,536,2,1,17,97,14,54,42.667,97.000,54.333,220,220,1154,600,600,50,0
11981,90,536,2,1,17,105,14,57,45.333,105.000,59.667,220,220,1204,600,600,50,0
11982,90,537,3,1,76,15,12,45,34.333,76.000,41.667,220,220,80,600,600,50,0
11983,90,537,3,1,68,14,12,42,31.333,68.000,36.667,220,220,130,600,600,50,0
11984,90,537,3,1,60,14,12,39,28.667,60.000,31.333,220,220,180,600,600,50,0
11985,90,537,3,1,52,13,11,36,25.333,52.000,26.667,220,220,230,600,600,50,0
11986,90,537,3,1,44,12,11,33,22.333,44.000,21.667,220,220,280,600,600,50,0
11987,90,537,3,1,37,12,10,31,19.667,37.000,17.333,220,220,330,600,600,50,0
11988,90,537,3,1,30,11,10,28,17.000,30.000,13.000,220,220,380,600,600,50,0
11989,90,537,3,1,22,11,10,25,14.333,22.000,7.667,220,220,430,600,600,50,0
11990,90,537,3,1,15,10,9,23,11.333,15.000,3.667,220,220,480,600,600,50,0
11991,90,537,3,1,9,10,8,21,9.000,9.000,0.000,220,220,530,600,600,50,1
11992,90,537,3,1,5,10,8,18,7.667,5.000,-2.667,220,220,580,600,600,50,0
11993,90,537,3,1,0,10,8,15,6.000,0.000,-6.000,220,220,630,600,600,50,0
11994,90,537,3,1,0,9,7,12,5.333,0.000,-5.333,220,220,680,600,600,50,0
11995,90,537,3,1,0,8,8,10,5.333,0.000,-5.333,220,220,730,600,600,50,0
11996,90,537,3,1,0,8,6,6,4.667,0.000,-4.667,220,220,780,600,600,50,0
11997,90,537,3,1,0,8,6,3,4.667,0.000,-4.667,220,220,830,600,600,50,0
11998,90,537,3,1,0,7,6,2,4.333,0.000,-4.333,220,220,880,600,600,50,0
11999,90,537,3,1,0,7,5,0,4.000,0.000,-4.000,220,220,930,600,600,50,0
12000,90,537,3,1,0,6,5,0,3.667,0.000,-3.667,220,220,980,600,600,50,0
12001,90,537,3,1,0,6,5,0,3.667,0.000,-3.667,220,220,1030,600,600,50,0
12002,90,537,3,1,0,5,4,0,3.000,0.000,-3.000,220,220,1080,600,600,50,0
12003,90,537,3,1,0,4,4,0,2.667,0.000,-2.667,220,220,1130,600,600,50,0
12004,90,537,3,1,0,4,3,0,2.333,0.000,-2.333,220,220,1180,600,600,50,0
12005,90,538,4,1,8,8,0,0,5.333,0.000,-5.333,220,220,80,600,600,50,0
12006,90,538,4,1,9,8,0,2,5.667,0.000,-5.667,220,220,130,600,600,50,0
12007,90,538,4,1,10,8,0,5,6.000,0.000,-6.000,220,220,180,600,600,50,0
12008,90,538,4,1,10,8,0,8,6.000,0.000,-6.000,220,220,230,600,600,50,0
12009,90,538,4,1,10,9,0,11,6.333,0.000,-6.333,220,220,280,600,600,50,0
12010,90,538,4,1,10,9,0,13,6.333,0.000,-6.333,220,220,330,600,600,50,0
12011,90,538,4,1,14,10,0,17,8.000,0.000,-8.000,220,220,380,600,600,50,0
12012,90,538,4,1,12,10,2,19,8.000,2.000,-6.000,220,220,430,600,600,50,0
12013,90,538,4,1,12,10,9,21,10.333,9.000,-1.333,220,220,480,600,600,50,0
12014,90,538,4,1,13,10,15,24,12.667,15.000,2.333,220,220,530,575,575,50,1
12015,90,538,4,1,13,12,23,27,16.000,23.000,7.000,220,220,580,575,575,50,0
12016,90,538,4,1,13,12,29,29,18.000,29.000,11.000,220,220,630,575,575,50,0
12017,90,538,4,1,13,12,36,32,20.333,36.000,15.667,220,220,680,575,575,50,0
12018,90,538,4,1,14,13,44,35,23.667,44.000,20.333,220,220,730,575,575,50,0
12019,90,538,4,1,14,13,51,37,26.000,51.000,25.000,220,220,780,575,575,50,0
12020,90,538,4,1,15,13,59,40,29.000,59.000,30.000,220,220,830,575,575,50,0
12021,90,538,4,1,15,13,66,43,31.333,66.000,34.667,220,220,880,575,575,50,0
12022,90,538,4,1,16,14,73,46,34.333,73.000,38.667,220,220,930,575,575,50,0
12023,90,538,4,1,16,14,80,48,36.667,80.000,43.333,220,220,980,575,575,50,0
12024,90,538,4,1,17,14,88,51,39.667,88.000,48.333,220,220,1030,575,575,50,0
12025,90,538,4,1,17,15,96,54,42.667,96.000,53.333,220,220,1080,575,575,50,0
12026,90,539,5,1,12,77,13,44,34.000,77.000,43.000,220,220,54,575,575,50,0
12027,90,539,5,1,15,72,14,45,33.667,72.000,38.333,220,220,104,575,575,50,0
12028,90,539,5,1,16,64,13,42,31.000,64.000,33.000,220,220,154,575,575,50,0
12029,90,539,5,1,15,56,12,39,27.667,56.000,28.333,220,220,204,575,575,50,0
12030,90,539,5,1,17,49,12,37,26.000,49.000,23.000,220,220,254,575,575,50,0
12031,90,539,5,1,14,41,11,33,22.000,41.000,19.000,220,220,304,575,575,50,0
12032,90,539,5,1,14,34,10,30,19.333,34.000,14.667,220,220,354,575,575,50,0
12033,90,539,5,1,13,27,10,28,16.667,27.000,10.333,220,220,404,575,575,50,0
12034,90,539,5,1,13,20,10,25,14.333,20.000,5.667,220,220,454,575,575,50,0
12035,90,539,5,1,13,13,9,23,11.667,13.000,1.333,220,220,504,575,575,50,0
12036,90,539,5,1,12,6,9,21,9.000,6.000,-3.000,220,220,554,575,575,50,1
12037,90,539,5,1,11,0,9,18,6.667,0.000,-6.667,220,220,604,575,575,50,0
12038,90,539,5,1,11,0,8,15,6.333,0.000,-6.333,220,220,654,575,575,50,0
12039,90,539,5,1,11,0,8,13,6.333,0.000,-6.333,220,220,704,575,575,50,0
12040,90,539,5,1,11,0,7,10,6.000,0.000,-6.000,220,220,754,575,575,50,0
12041,90,539,5,1,9,0,7,8,5.333,0.000,-5.333,220,220,804,575,575,50,0
12042,90,539,5,1,9,0,6,4,5.000,0.000,-5.000,220,220,854,575,575,50,0
12043,90,539,5,1,9,0,6,2,5.000,0.000,-5.000,220,220,904,575,575,50,0
12044,90,539,5,1,9,0,5,0,4.667,0.000,-4.667,220,220,954,575,575,50,0
12045,90,539,5,1,8,0,5,0,4.333,0.000,-4.333,220,220,1004,575,575,50,0
12046,90,539,5,1,8,0,4,0,4.000,0.000,-4.000,220,220,1054,575,575,50,0
12047,90,539,5,1,7,0,4,0,3.667,0.000,-3.667,220,220,1104,575,575,50,0
12048,90,540,6,1,0,8,8,0,5.333,0.000,-5.333,220,220,54,575,575,50,0
12049,90,540,6,1,0,6,6,0,4.000,0.000,-4.000,220,220,104,575,575,50,0
12050,90,540,6,1,0,7,6,1,4.333,0.000,-4.333,220,220,154,575,575,50,0
12051,90,540,6,1,0,7,7,4,4.667,0.000,-4.667,220,220,204,575,575,50,0
12052,90,540,6,1,0,8,7,6,5.000,0.000,-5.000,220,220,254,575,575,50,0
12053,90,540,6,1,0,8,7,10,5.000,0.000,-5.000,220,220,304,575,575,50,0
12054,90,540,6,1,0,9,8,12,5.667,0.000,-5.667,220,220,354,575,575,50,0
12055,90,540,6,1,0,9,8,15,5.667,0.000,-5.667,220,220,404,575,575,50,0
12056,90,540,6,1,1,10,8,18,6.333,1.000,-5.333,220,220,454,575,575,50,0
12057,90,540,6,1,9,10,9,21,9.333,9.000,-0.333,220,220,504,575,575,50,0
12058,90,540,6,1,15,10,9,23,11.333,15.000,3.667,220,220,554,575,575,50,1
12059,90,540,6,1,23,11,10,26,14.667,23.000,8.333,220,220,604,575,575,50,0
12060,90,540,6,1,30,11,10,28,17.000,30.000,13.000,220,220,654,575,575,50,0
12061,90,540,6,1,37,12,10,30,19.667,37.000,17.333,220,220,704,575,575,50,0
12062,90,540,6,1,44,12,11,34,22.333,44.000,21.667,220,220,754,575,575,50,0
12063,90,540,6,1,52,12,11,37,25.000,52.000,27.000,220,220,804,575,575,50,0
12064,90,540,6,1,59,13,12,40,28.000,59.000,31.000,220,220,854,575,575,50,0
12065,90,540,6,1,66,13,12,42,30.333,66.000,35.667,220,220,904,575,575,50,0
12066,90,540,6,1,74,14,12,45,33.333,74.000,40.667,220,220,954,575,575,50,0
12067,90,540,6,1,81,15,13,47,36.333,81.000,44.667,220,220,1004,575,575,50,0
12068,90,540,6,1,88,14,13,50,38.333,88.000,49.667,220,220,1054,575,575,50,0
12069,90,540,6,1,98,15,14,52,42.333,98.000,55.667,220,220,1104,575,575,50,0
12070,91,541,1,1,15,11,79,46,35.000,79.000,44.000,220,220,54,575,575,50,0
12071,91,541,1,1,18,13,74,47,35.000,74.000,39.000,220,220,104,575,575,50,0
12072,91,541,1,1,16,13,66,44,31.667,66.000,34.333,220,220,154,575,575,50,0
12073,91,541,1,1,16,13,58,41,29.000,58.000,29.000,220,220,204,575,575,50,0
12074,91,541,1,1,15,13,50,37,26.000,50.000,24.000,220,220,254,575,575,50,0
12075,91,541,1,1,14,12,43,35,23.000,43.000,20.000,220,220,304,575,575,50,0
12076,91,541,1,1,14,12,36,32,20.667,36.000,15.333,220,220,354,575,575,50,0
12077,91,541,1,1,14,12,29,29,18.333,29.000,10.667,220,220,404,575,575,50,0
12078,91,541,1,1,14,11,22,27,15.667,22.000,6.333,220,220,454,575,575,50,0
12079,91,541,1,1,13,10,16,24,13.000,16.000,3.000,220,220,504,575,575,50,0
12080,91,541,1,1,13,10,9,22,10.667,9.000,-1.667,220,220,554,575,575,50,1
12081,91,541,1,1,12,10,2,19,8.000,2.000,-6.000,220,220,604,575,575,50,0
12082,91,541,1,1,12,9,0,17,7.000,0.000,-7.000,220,220,654,575,575,50,0
12083,91,541,1,1,12,9,0,14,7.000,0.000,-7.000,220,220,704,575,575,50,0
12084,91,541,1,1,11,8,0,11,6.333,0.000,-6.333,220,220,754,575,575,50,0
12085,91,541,1,1,11,8,0,9,6.333,0.000,-6.333,220,220,804,575,575,50,0
12086,91,541,1,1,11,8,0,6,6.333,0.000,-6.333,220,220,854,575,575,50,0
12087,91,541,1,1,10,7,0,3,5.667,0.000,-5.667,220,220,904,575,575,50,0
12088,91,541,1,1,9,7,0,1,5.333,0.000,-5.333,220,220,954,575,575,50,0
12089,91,541,1,1,12,6,0,0,6.000,0.000,-6.000,220,220,1004,575,575,50,0
12090,91,541,1,1,8,6,0,0,4.667,0.000,-4.667,220,220,1054,575,575,50,0
12091,91,541,1,1,7,6,0,0,4.333,0.000,-4.333,220,220,1104,575,575,50,0
12092,91,542,2,1,13,0,5,0,6.000,0.000,-6.000,220,220,54,575,575,50,0
12093,91,542,2,1,9,0,4,0,4.333,0.000,-4.333,220,220,104,575,575,50,0
12094,91,542,2,1,9,0,5,0,4.667,0.000,-4.667,220,220,154,575,575,50,0
12095,91,542,2,1,9,0,6,0,5.000,0.000,-5.000,220,220,204,575,575,50,0
12096,91,542,2,1,10,0,6,3,5.333,0.000,-5.333,220,220,254,575,575,50,0
12097,91,542,2,1,10,0,6,6,5.333,0.000,-5.333,220,220,304,575,575,50,0
12098,91,542,2,1,10,0,7,9,5.667,0.000,-5.667,220,220,354,575,575,50,0
12099,91,542,2,1,11,0,7,11,6.000,0.000,-6.000,220,220,404,575,575,50,0
12100,91,542,2,1,11,0,8,14,6.333,0.000,-6.333,220,220,454,575,575,50,0
12101,91,542,2,1,12,0,8,17,6.667,0.000,-6.667,220,220,504,575,575,50,0
12102,91,542,2,1,12,6,8,20,8.667,6.000,-2.667,220,220,554,575,575,50,0
12103,91,542,2,1,13,12,9,23,11.333,12.000,0.667,220,220,604,600,600,50,1
12104,91,542,2,1,13,20,10,26,14.333,20.000,5.667,220,220,654,600,600,50,0
12105,91,542,2,1,14,27,10,28,17.000,27.000,10.000,220,220,704,600,600,50,0
12106,91,542,2,1,14,34,10,30,19.333,34.000,14.667,220,220,754,600,600,50,0
12107,91,542,2,1,18,41,11,34,23.333,41.000,17.667,220,220,804,600,600,50,0
12108,91,542,2,1,15,48,11,36,24.667,48.000,23.333,220,220,854,600,600,50,0
12109,91,542,2,1,15,56,11,38,27.333,56.000,28.667,220,220,904,600,600,50,0
12110,91,542,2,1,16,63,12,41,30.333,63.000,32.667,220,220,954,600,600,50,0
12111,91,542,2,1,16,70,12,44,32.667,70.000,37.333,220,220,1004,600,600,50,0
12112,91,542,2,1,17,78,13,47,36.000,78.000,42.000,220,220,1054,600,600,50,0
12113,91,542,2,1,16,85,13,50,38.000,85.000,47.000,220,220,1104,600,600,50,0
12114,91,542,2,1,17,92,14,52,41.000,92.000,51.000,220,220,1154,600,600,50,0
12115,91,542,2,1,17,100,14,54,43.667,100.000,56.333,220,220,1204,600,600,50,0
12116,91,543,3,1,79,15,12,46,35.333,79.000,43.667,220,220,80,600,600,50,0
12117,91,543,3,1,71,14,12,43,32.333,71.000,38.667,220,220,130,600,600,50,0
12118,91,543,3,1,63,14,12,41,29.667,63.000,33.333,220,220,180,600,600,50,0
12119,91,543,3,1,55,13,11,37,26.333,55.000,28.667,220,220,230,600,600,50,0
12120,91,543,3,1,47,12,11,34,23.333,47.000,23.667,220,220,280,600,600,50,0
12121,91,543,3,1,40,12,11,32,21.000,40.000,19.000,220,220,330,600,600,50,0
12122,91,543,3,1,32,12,10,29,18.000,32.000,14.000,220,220,380,600,600,50,0
12123,91,543,3,1,26,11,9,26,15.333,26.000,10.667,220,220,430,600,600,50,0
12124,91,543,3,1,19,11,9,24,13.000,19.000,6.000,220,220,480,600,600,50,0
12125,91,543,3,1,12,10,9,22,10.333,12.000,1.667,220,220,530,600,600,50,0
12126,91,543,3,1,7,10,9,19,8.667,7.000,-1.667,220,220,580,600,600,50,1
12127,91,543,3,1,0,9,8,16,5.667,0.000,-5.667,220,220,630,600,600,50,0
12128,91,543,3,1,0,9,8,13,5.667,0.000,-5.667,220,220,680,600,600,50,0
12129,91,543,3,1,0,9,7,10,5.333,0.000,-5.333,220,220,730,600,600,50,0
12130,91,543,3,1,0,8,7,8,5.000,0.000,-5.000,220,220,780,600,600,50,0
12131,91,543,3,1,0,8,7,4,5.000,0.000,-5.000,220,220,830,600,600,50,0
12132,91,543,3,1,0,8,6,2,4.667,0.000,-4.667,220,220,880,600,600,50,0
12133,91,543,3,1,0,7,6,0,4.333,0.000,-4.333,220,220,930,600,600,50,0
12134,91,543,3,1,0,6,5,0,3.667,0.000,-3.667,220,220,980,600,600,50,0
12135,91,543,3,1,0,6,5,0,3.667,0.000,-3.667,220,220,1030,600,600,50,0
12136,91,543,3,1,0,5,5,0,3.333,0.000,-3.333,220,220,1080,600,600,50,0
12137,91,543,3,1,0,5,4,0,3.000,0.000,-3.000,220,220,1130,600,600,50,0
12138,91,543,3,1,0,4,3,0,2.333,0.000,-2.333,220,220,1180,600,600,50,0
12139,91,544,4,1,8,9,0,0,5.667,0.000,-5.667,220,220,80,600,600,50,0
12140,91,544,4,1,9,8,0,3,5.667,0.000,-5.667,220,220,130,600,600,50,0
12141,91,544,4,1,9,8,0,6,5.667,0.000,-5.667,220,220,180,600,600,50,0
12142,91,544,4,1,10,9,0,9,6.333,0.000,-6.333,220,220,230,600,600,50,0
12143,91,544,4,1,10,9,0,11,6.333,0.000,-6.333,220,220,280,600,600,50,0
12144,91,544,4,1,11,9,0,14,6.667,0.000,-6.667,220,220,330,600,600,50,0
12145,91,544,4,1,14,10,0,17,8.000,0.000,-8.000,220,220,380,600,600,50,0
12146,91,544,4,1,12,10,3,19,8.333,3.000,-5.333,220,220,430,600,600,50,0
12147,91,544,4,1,12,11,9,22,10.667,9.000,-1.667,220,220,480,600,600,50,0
12148,91,544,4,1,12,11,16,24,13.000,16.000,3.000,220,220,530,575,575,50,1
12149,91,544,4,1,13,11,23,26,15.667,23.000,7.333,220,220,580,575,575,50,0
12150,91,544,4,1,13,12,30,29,18.333,30.000,11.667,220,220,630,575,575,50,0
12151,91,544,4,1,13,12,37,32,20.667,37.000,16.333,220,220,680,575,575,50,0
12152,91,544,4,1,14,13,44,34,23.667,44.000,20.333,220,220,730,575,575,50,0
12153,91,544,4,1,15,13,51,37,26.333,51.000,24.667,220,220,780,575,575,50,0
12154,91,544,4,1,15,13,58,40,28.667,58.000,29.333,220,220,830,575,575,50,0
12155,91,544,4,1,15,13,65,43,31.000,65.000,34.000,220,220,880,575,575,50,0
12156,91,544,4,1,16,14,72,45,34.000,72.000,38.000,220,220,930,575,575,50,0
12157,91,544,4,1,16,14,80,48,36.667,80.000,43.333,220,220,980,575,575,50,0
12158,91,544,4,1,17,14,87,50,39.333,87.000,47.667,220,220,1030,575,575,50,0
12159,91,544,4,1,17,14,94,53,41.667,94.000,52.333,220,220,1080,575,575,50,0
12160,91,545,5,1,12,79,13,45,34.667,79.000,44.333,220,220,54,575,575,50,0
12161,91,545,5,1,15,75,14,46,34.667,75.000,40.333,220,220,104,575,575,50,0
12162,91,545,5,1,16,68,13,44,32.333,68.000,35.667,220,220,154,575,575,50,0
12163,91,545,5,1,16,60,13,40,29.667,60.000,30.333,220,220,204,575,575,50,0
12164,91,545,5,1,18,52,12,38,27.333,52.000,24.667,220,220,254,575,575,50,0
12165,91,545,5,1,14,44,11,34,23.000,44.000,21.000,220,220,304,575,575,50,0
12166,91,545,5,1,14,38,11,32,21.000,38.000,17.000,220,220,354,575,575,50,0
12167,91,545,5,1,13,30,11,29,18.000,30.000,12.000,220,220,404,575,575,50,0
12168,91,545,5,1,13,23,10,26,15.333,23.000,7.667,220,220,454,575,575,50,0
12169,91,545,5,1,13,16,10,24,13.000,16.000,3.000,220,220,504,575,575,50,0
12170,91,545,5,1,12,9,9,21,10.000,9.000,-1.000,220,220,554,575,575,50,1
12171,91,545,5,1,11,2,9,19,7.333,2.000,-5.333,220,220,604,575,575,50,0
12172,91,545,5,1,11,0,8,16,6.333,0.000,-6.333,220,220,654,575,575,50,0
12173,91,545,5,1,11,0,8,13,6.333,0.000,-6.333,220,220,704,575,575,50,0
12174,91,545,5,1,10,0,7,11,5.667,0.000,-5.667,220,220,754,575,575,50,0
12175,91,545,5,1,10,0,7,8,5.667,0.000,-5.667,220,220,804,575,575,50,0
12176,91,545,5,1,9,0,6,5,5.000,0.000,-5.000,220,220,854,575,575,50,0
12177,91,545,5,1,9,0,6,2,5.000,0.000,-5.000,220,220,904,575,575,50,0
12178,91,545,5,1,9,0,6,0,5.000,0.000,-5.000,220,220,954,575,575,50,0
12179,91,545,5,1,8,0,5,0,4.333,0.000,-4.333,220,220,1004,575,575,50,0
12180,91,545,5,1,7,0,4,0,3.667,0.000,-3.667,220,220,1054,575,575,50,0
12181,91,545,5,1,7,0,4,0,3.667,0.000,-3.667,220,220,1104,575,575,50,0
12182,91,546,6,1,0,7,8,0,5.000,0.000,-5.000,220,220,54,575,575,50,0
12183,91,546,6,1,0,6,6,0,4.000,0.000,-4.000,220,220,104,575,575,50,0
12184,91,546,6,1,0,6,6,0,4.000,0.000,-4.000,220,220,154,575,575,50,0
12185,91,546,6,1,0,7,6,3,4.333,0.000,-4.333,220,220,204,575,575,50,0
12186,91,546,6,1,0,8,6,5,4.667,0.000,-4.667,220,220,254,575,575,50,0
12187,91,546,6,1,0,8,7,8,5.000,0.000,-5.000,220,220,304,575,575,50,0
12188,91,546,6,1,0,8,8,11,5.333,0.000,-5.333,220,220,354,575,575,50,0
12189,91,546,6,1,0,9,8,14,5.667,0.000,-5.667,220,220,404,575,575,50,0
12190,91,546,6,1,0,9,8,16,5.667,0.000,-5.667,220,220,454,575,575,50,0
12191,91,546,6,1,5,10,9,19,8.000,5.000,-3.000,220,220,504,575,575,50,0
12192,91,546,6,1,12,10,9,22,10.333,12.000,1.667,220,220,554,575,575,50,1
12193,91,546,6,1,19,10,10,24,13.000,19.000,6.000,220,220,604,575,575,50,0
12194,91,546,6,1,26,11,10,27,15.667,26.000,10.333,220,220,654,575,575,50,0
12195,91,546,6,1,33,11,10,29,18.000,33.000,15.000,220,220,704,575,575,50,0
12196,91,546,6,1,40,12,11,32,21.000,40.000,19.000,220,220,754,575,575,50,0
12197,91,546,6,1,47,12,11,35,23.333,47.000,23.667,220,220,804,575,575,50,0
12198,91,546,6,1,54,13,11,37,26.000,54.000,28.000,220,220,854,575,575,50,0
12199,91,546,6,1,62,13,12,40,29.000,62.000,33.000,220,220,904,575,575,50,0
12200,91,546,6,1,69,13,12,43,31.333,69.000,37.667,220,220,954,575,575,50,0
12201,91,546,6,1,76,14,12,45,34.000,76.000,42.000,220,220,1004,575,575,50,0
12202,91,546,6,1,83,14,13,48,36.667,83.000,46.333,220,220,1054,575,575,50,0
12203,91,546,6,1,93,15,13,51,40.333,93.000,52.667,220,220,1104,575,575,50,0
12204,92,547,1,1,15,11,81,46,35.667,81.000,45.333,220,220,54,575,575,50,0
12205,92,547,1,1,18,13,75,47,35.333,75.000,39.667,220,220,104,575,575,50,0
12206,92,547,1,1,17,14,67,44,32.667,67.000,34.333,220,220,154,575,575,50,0
12207,92,547,1,1,16,13,59,41,29.333,59.000,29.667,220,220,204,575,575,50,0
12208,92,547,1,1,15,13,52,38,26.667,52.000,25.333,220,220,254,575,575,50,0
12209,92,547,1,1,15,12,44,35,23.667,44.000,20.333,220,220,304,575,575,50,0
12210,92,547,1,1,14,12,36,32,20.667,36.000,15.333,220,220,354,575,575,50,0
12211,92,547,1,1,14,11,30,29,18.333,30.000,11.667,220,220,404,575,575,50,0
12212,92,547,1,1,14,11,22,26,15.667,22.000,6.333,220,220,454,575,575,50,0
12213,92,547,1,1,13,10,16,24,13.000,16.000,3.000,220,220,504,575,575,50,0
12214,92,547,1,1,13,10,9,22,10.667,9.000,-1.667,220,220,554,575,575,50,1
12215,92,547,1,1,12,10,2,19,8.000,2.000,-6.000,220,220,604,575,575,50,0
12216,92,547,1,1,12,10,0,16,7.333,0.000,-7.333,220,220,654,575,575,50,0
12217,92,547,1,1,11,8,0,14,6.333,0.000,-6.333,220,220,704,575,575,50,0
12218,92,547,1,1,11,8,0,11,6.333,0.000,-6.333,220,220,754,575,575,50,0
12219,92,547,1,1,11,8,0,9,6.333,0.000,-6.333,220,220,804,575,575,50,0
12220,92,547,1,1,10,7,0,5,5.667,0.000,-5.667,220,220,854,575,575,50,0
12221,92,547,1,1,10,7,0,3,5.667,0.000,-5.667,220,220,904,575,575,50,0
12222,92,547,1,1,7,7,0,0,4.667,0.000,-4.667,220,220,954,575,575,50,0
12223,92,547,1,1,12,7,0,0,6.333,0.000,-6.333,220,220,1004,575,575,50,0
12224,92,547,1,1,8,6,0,0,4.667,0.000,-4.667,220,220,1054,575,575,50,0
12225,92,547,1,1,8,6,0,0,4.667,0.000,-4.667,220,220,1104,575,575,50,0
12226,92,548,2,1,13,0,5,0,6.000,0.000,-6.000,220,220,54,575,575,50,0
12227,92,548,2,1,9,0,4,0,4.333,0.000,-4.333,220,220,104,575,575,50,0
12228,92,548,2,1,9,0,5,0,4.667,0.000,-4.667,220,220,154,575,575,50,0
12229,92,548,2,1,10,0,5,1,5.000,0.000,-5.000,220,220,204,575,575,50,0
12230,92,548,2,1,10,0,6,3,5.333,0.000,-5.333,220,220,254,575,575,50,0
12231,92,548,2,1,10,0,7,6,5.667,0.000,-5.667,220,220,304,575,575,50,0
12232,92,548,2,1,11,0,7,9,6.000,0.000,-6.000,220,220,354,575,575,50,0
12233,92,548,2,1,11,0,7,12,6.000,0.000,-6.000,220,220,404,575,575,50,0
12234,92,548,2,1,12,0,8,14,6.667,0.000,-6.667,220,220,454,575,575,50,0
12235,92,548,2,1,12,0,8,17,6.667,0.000,-6.667,220,220,504,575,575,50,0
12236,92,548,2,1,12,5,8,20,8.333,5.000,-3.333,220,220,554,575,575,50,0
12237,92,548,2,1,13,12,9,22,11.333,12.000,0.667,220,220,604,600,600,50,1
12238,92,548,2,1,13,19,9,25,13.667,19.000,5.333,220,220,654,600,600,50,0
12239,92,548,2,1,14,26,10,27,16.667,26.000,9.333,220,220,704,600,600,50,0
12240,92,548,2,1,14,32,10,29,18.667,32.000,13.333,220,220,754,600,600,50,0
12241,92,548,2,1,18,40,11,33,23.000,40.000,17.000,220,220,804,600,600,50,0
12242,92,548,2,1,15,47,11,35,24.333,47.000,22.667,220,220,854,600,600,50,0
12243,92,548,2,1,15,54,11,38,26.667,54.000,27.333,220,220,904,600,600,50,0
12244,92,548,2,1,16,62,12,40,30.000,62.000,32.000,220,220,954,600,600,50,0
12245,92,548,2,1,16,69,12,43,32.333,69.000,36.667,220,220,1004,600,600,50,0
12246,92,548,2,1,16,77,13,46,35.333,77.000,41.667,220,220,1054,600,600,50,0
12247,92,548,2,1,17,84,13,49,38.000,84.000,46.000,220,220,1104,600,600,50,0
12248,92,548,2,1,17,92,14,52,41.000,92.000,51.000,220,220,1154,600,600,50,0
12249,92,548,2,1,17,100,14,55,43.667,100.000,56.333,220,220,1204,600,600,50,0
12250,92,549,3,1,83,16,12,48,37.000,83.000,46.000,220,220,80,600,600,50,0
12251,92,549,3,1,75,15,12,45,34.000,75.000,41.000,220,220,130,600,600,50,0
12252,92,549,3,1,67,13,12,42,30.667,67.000,36.333,220,220,180,600,600,50,0
12253,92,549,3,1,58,14,11,39,27.667,58.000,30.333,220,220,230,600,600,50,0
12254,92,549,3,1,51,12,11,36,24.667,51.000,26.333,220,220,280,600,600,50,0
12255,92,549,3,1,43,12,11,33,22.000,43.000,21.000,220,220,330,600,600,50,0
12256,92,549,3,1,35,12,10,30,19.000,35.000,16.000,220,220,380,600,600,50,0
12257,92,549,3,1,28,11,10,27,16.333,28.000,11.667,220,220,430,600,600,50,0
12258,92,549,3,1,20,11,9,24,13.333,20.000,6.667,220,220,480,600,600,50,0
12259,92,549,3,1,13,11,9,22,11.000,13.000,2.000,220,220,530,600,600,50,0
12260,92,549,3,1,6,10,8,19,8.000,6.000,-2.000,220,220,580,600,600,50,1
12261,92,549,3,1,2,10,8,17,6.667,2.000,-4.667,220,220,630,600,600,50,0
12262,92,549,3,1,0,9,8,14,5.667,0.000,-5.667,220,220,680,600,600,50,0
12263,92,549,3,1,0,9,8,11,5.667,0.000,-5.667,220,220,730,600,600,50,0
12264,92,549,3,1,0,9,7,8,5.333,0.000,-5.333,220,220,780,600,600,50,0
12265,92,549,3,1,0,8,6,5,4.667,0.000,-4.667,220,220,830,600,600,50,0
12266,92,549,3,1,0,7,6,3,4.333,0.000,-4.333,220,220,880,600,600,50,0
12267,92,549,3,1,0,7,6,1,4.333,0.000,-4.333,220,220,930,600,600,50,0
12268,92,549,3,1,0,6,5,0,3.667,0.000,-3.667,220,220,980,600,600,50,0
12269,92,549,3,1,0,6,5,0,3.667,0.000,-3.667,220,220,1030,600,600,50,0
12270,92,549,3,1,0,6,4,0,3.333,0.000,-3.333,220,220,1080,600,600,50,0
12271,92,549,3,1,0,5,4,0,3.000,0.000,-3.000,220,220,1130,600,600,50,0
12272,92,549,3,1,0,4,3,0,2.333,0.000,-2.333,220,220,1180,600,600,50,0
12273,92,550,4,1,8,8,0,0,5.333,0.000,-5.333,220,220,80,600,600,50,0
12274,92,550,4,1,9,8,0,2,5.667,0.000,-5.667,220,220,130,600,600,50,0
12275,92,550,4,1,10,8,0,5,6.000,0.000,-6.000,220,220,180,600,600,50,0
12276,92,550,4,1,10,8,0,7,6.000,0.000,-6.000,220,220,230,600,600,50,0
12277,92,550,4,1,10,9,0,11,6.333,0.000,-6.333,220,220,280,600,600,50,0
12278,92,550,4,1,11,9,0,13,6.667,0.000,-6.667,220,220,330,600,600,50,0
12279,92,550,4,1,14,9,0,16,7.667,0.000,-7.667,220,220,380,600,600,50,0
12280,92,550,4,1,11,9,0,18,6.667,0.000,-6.667,220,220,430,600,600,50,0
12281,92,550,4,1,12,10,7,21,9.667,7.000,-2.667,220,220,480,600,600,50,0
12282,92,550,4,1,12,11,14,23,12.333,14.000,1.667,220,220,530,575,575,50,1
12283,92,550,4,1,13,11,21,26,15.000,21.000,6.000,220,220,580,575,575,50,0
12284,92,550,4,1,13,12,28,29,17.667,28.000,10.333,220,220,630,575,575,50,0
12285,92,550,4,1,14,12,35,31,20.333,35.000,14.667,220,220,680,575,575,50,0
12286,92,550,4,1,14,12,42,34,22.667,42.000,19.333,220,220,730,575,575,50,0
12287,92,550,4,1,15,13,50,37,26.000,50.000,24.000,220,220,780,575,575,50,0
12288,92,550,4,1,15,13,57,40,28.333,57.000,28.667,220,220,830,575,575,50,0
12289,92,550,4,1,16,13,64,42,31.000,64.000,33.000,220,220,880,575,575,50,0
12290,92,550,4,1,15,14,72,45,33.667,72.000,38.333,220,220,930,575,575,50,0
12291,92,550,4,1,16,14,79,48,36.333,79.000,42.667,220,220,980,575,575,50,0
12292,92,550,4,1,17,14,87,51,39.333,87.000,47.667,220,220,1030,575,575,50,0
12293,92,550,4,1,17,14,95,53,42.000,95.000,53.000,220,220,1080,575,575,50,0
12294,92,551,5,1,12,78,13,45,34.333,78.000,43.667,220,220,54,575,575,50,0
12295,92,551,5,1,16,73,14,46,34.333,73.000,38.667,220,220,104,575,575,50,0
12296,92,551,5,1,16,66,13,43,31.667,66.000,34.333,220,220,154,575,575,50,0
12297,92,551,5,1,15,58,12,40,28.333,58.000,29.667,220,220,204,575,575,50,0
12298,92,551,5,1,15,49,11,36,25.000,49.000,24.000,220,220,254,575,575,50,0
12299,92,551,5,1,17,42,11,34,23.333,42.000,18.667,220,220,304,575,575,50,0
12300,92,551,5,1,14,36,11,31,20.333,36.000,15.667,220,220,354,575,575,50,0
12301,92,551,5,1,13,28,10,28,17.000,28.000,11.000,220,220,404,575,575,50,0
12302,92,551,5,1,13,20,10,26,14.333,20.000,5.667,220,220,454,575,575,50,0
12303,92,551,5,1,13,14,9,24,12.000,14.000,2.000,220,220,504,575,575,50,0
12304,92,551,5,1,12,8,9,21,9.667,8.000,-1.667,220,220,554,575,575,50,1
12305,92,551,5,1,12,1,9,19,7.333,1.000,-6.333,220,220,604,575,575,50,0
12306,92,551,5,1,11,0,8,16,6.333,0.000,-6.333,220,220,654,575,575,50,0
12307,92,551,5,1,11,0,8,14,6.333,0.000,-6.333,220,220,704,575,575,50,0
12308,92,551,5,1,10,0,8,10,6.000,0.000,-6.000,220,220,754,575,575,50,0
12309,92,551,5,1,10,0,7,8,5.667,0.000,-5.667,220,220,804,575,575,50,0
12310,92,551,5,1,10,0,7,5,5.667,0.000,-5.667,220,220,854,575,575,50,0
12311,92,551,5,1,9,0,6,2,5.000,0.000,-5.000,220,220,904,575,575,50,0
12312,92,551,5,1,9,0,6,0,5.000,0.000,-5.000,220,220,954,575,575,50,0
12313,92,551,5,1,8,0,5,0,4.333,0.000,-4.333,220,220,1004,575,575,50,0
12314,92,551,5,1,8,0,5,0,4.333,0.000,-4.333,220,220,1054,575,575,50,0
12315,92,551,5,1,7,0,4,0,3.667,0.000,-3.667,220,220,1104,575,575,50,0
12316,92,552,6,1,0,7,8,0,5.000,0.000,-5.000,220,220,54,575,575,50,0
12317,92,552,6,1,0,5,6,0,3.667,0.000,-3.667,220,220,104,575,575,50,0
12318,92,552,6,1,0,6,6,0,4.000,0.000,-4.000,220,220,154,575,575,50,0
12319,92,552,6,1,0,7,6,2,4.333,0.000,-4.333,220,220,204,575,575,50,0
12320,92,552,6,1,0,7,7,4,4.667,0.000,-4.667,220,220,254,575,575,50,0
12321,92,552,6,1,0,8,7,7,5.000,0.000,-5.000,220,220,304,575,575,50,0
12322,92,552,6,1,0,8,7,10,5.000,0.000,-5.000,220,220,354,575,575,50,0
12323,92,552,6,1,0,8,8,13,5.333,0.000,-5.333,220,220,404,575,575,50,0
12324,92,552,6,1,0,9,9,16,6.000,0.000,-6.000,220,220,454,575,575,50,0
12325,92,552,6,1,3,10,9,18,7.333,3.000,-4.333,220,220,504,575,575,50,0
12326,92,552,6,1,10,10,9,21,9.667,10.000,0.333,220,220,554,575,575,50,1
12327,92,552,6,1,17,10,9,23,12.000,17.000,5.000,220,220,604,575,575,50,0
12328,92,552,6,1,24,11,10,27,15.000,24.000,9.000,220,220,654,575,575,50,0
12329,92,552,6,1,32,11,10,29,17.667,32.000,14.333,220,220,704,575,575,50,0
12330,92,552,6,1,39,11,10,32,20.000,39.000,19.000,220,220,754,575,575,50,0
12331,92,552,6,1,46,12,11,34,23.000,46.000,23.000,220,220,804,575,575,50,0
12332,92,552,6,1,54,12,11,38,25.667,54.000,28.333,220,220,854,575,575,50,0
12333,92,552,6,1,61,13,12,40,28.667,61.000,32.333,220,220,904,575,575,50,0
12334,92,552,6,1,69,14,12,43,31.667,69.000,37.333,220,220,954,575,575,50,0
12335,92,552,6,1,76,14,13,45,34.333,76.000,41.667,220,220,1004,575,575,50,0
12336,92,552,6,1,83,15,13,48,37.000,83.000,46.000,220,220,1054,575,575,50,0
12337,92,552,6,1,93,15,13,51,40.333,93.000,52.667,220,220,1104,575,575,50,0
12338,93,553,1,1,16,11,84,47,37.000,84.000,47.000,220,220,54,575,575,50,0
12339,93,553,1,1,18,14,77,48,36.333,77.000,40.667,220,220,104,575,575,50,0
12340,93,553,1,1,17,14,69,45,33.333,69.000,35.667,220,220,154,575,575,50,0
12341,93,553,1,1,16,13,62,42,30.333,62.000,31.667,220,220,204,575,575,50,0
12342,93,553,1,1,16,13,53,39,27.333,53.000,25.667,220,220,254,575,575,50,0
12343,93,553,1,1,15,12,46,35,24.333,46.000,21.667,220,220,304,575,575,50,0
12344,93,553,1,1,14,12,39,33,21.667,39.000,17.333,220,220,354,575,575,50,0
12345,93,553,1,1,14,11,32,30,19.000,32.000,13.000,220,220,404,575,575,50,0
12346,93,553,1,1,14,11,25,27,16.667,25.000,8.333,220,220,454,575,575,50,0
12347,93,553,1,1,13,11,18,25,14.000,18.000,4.000,220,220,504,575,575,50,0
12348,93,553,1,1,13,10,11,23,11.333,11.000,-0.333,220,220,554,575,575,50,1
12349,93,553,1,1,12,10,5,20,9.000,5.000,-4.000,220,220,604,600,600,50,0
12350,93,553,1,1,12,10,0,18,7.333,0.000,-7.333,220,220,654,600,600,50,0
12351,93,553,1,1,12,9,0,15,7.000,0.000,-7.000,220,220,704,600,600,50,0
12352,93,553,1,1,11,9,0,12,6.667,0.000,-6.667,220,220,754,600,600,50,0
12353,93,553,1,1,11,8,0,10,6.333,0.000,-6.333,220,220,804,600,600,50,0
12354,93,553,1,1,10,8,0,7,6.000,0.000,-6.000,220,220,854,600,600,50,0
12355,93,553,1,1,10,7,0,4,5.667,0.000,-5.667,220,220,904,600,600,50,0
12356,93,553,1,1,12,7,0,2,6.333,0.000,-6.333,220,220,954,600,600,50,0
12357,93,553,1,1,9,7,0,0,5.333,0.000,-5.333,220,220,1004,600,600,50,0
12358,93,553,1,1,8,6,0,0,4.667,0.000,-4.667,220,220,1054,600,600,50,0
12359,93,553,1,1,8,6,0,0,4.667,0.000,-4.667,220,220,1104,600,600,50,0
12360,93,553,1,1,7,6,0,0,4.333,0.000,-4.333,220,220,1154,600,600,50,0
12361,93,553,1,1,7,5,0,0,4.000,0.000,-4.000,220,220,1204,600,600,50,0
12362,93,554,2,1,10,0,4,0,4.667,0.000,-4.667,220,220,79,600,600,50,0
12363,93,554,2,1,10,0,6,1,5.333,0.000,-5.333,220,220,129,600,600,50,0
12364,93,554,2,1,10,0,6,3,5.333,0.000,-5.333,220,220,179,600,600,50,0
12365,93,554,2,1,10,0,7,6,5.667,0.000,-5.667,220,220,229,600,600,50,0
12366,93,554,2,1,10,0,7,9,5.667,0.000,-5.667,220,220,279,600,600,50,0
12367,93,554,2,1,11,0,7,12,6.000,0.000,-6.000,220,220,329,600,600,50,0
12368,93,554,2,1,12,0,8,15,6.667,0.000,-6.667,220,220,379,600,600,50,0
12369,93,554,2,1,12,0,8,17,6.667,0.000,-6.667,220,220,429,600,600,50,0
12370,93,554,2,1,12,6,8,20,8.667,6.000,-2.667,220,220,479,600,600,50,0
12371,93,554,2,1,13,13,9,23,11.667,13.000,1.333,220,220,529,575,575,50,1
12372,93,554,2,1,13,19,9,25,13.667,19.000,5.333,220,220,579,575,575,50,0
12373,93,554,2,1,14,26,10,28,16.667,26.000,9.333,220,220,629,575,575,50,0
12374,93,554,2,1,14,33,10,30,19.000,33.000,14.000,220,220,679,575,575,50,0
12375,93,554,2,1,18,40,11,33,23.000,40.000,17.000,220,220,729,575,575,50,0
12376,93,554,2,1,15,48,11,36,24.667,48.000,23.333,220,220,779,575,575,50,0
12377,93,554,2,1,15,56,11,38,27.333,56.000,28.667,220,220,829,575,575,50,0
12378,93,554,2,1,16,63,12,42,30.333,63.000,32.667,220,220,879,575,575,50,0
12379,93,554,2,1,16,71,12,44,33.000,71.000,38.000,220,220,929,575,575,50,0
12380,93,554,2,1,16,78,12,46,35.333,78.000,42.667,220,220,979,575,575,50,0
12381,93,554,2,1,17,86,13,49,38.667,86.000,47.333,220,220,1029,575,575,50,0
12382,93,554,2,1,17,93,14,52,41.333,93.000,51.667,220,220,1079,575,575,50,0
12383,93,555,3,1,84,14,10,46,36.000,84.000,48.000,220,220,54,575,575,50,0
12384,93,555,3,1,81,16,12,47,36.333,81.000,44.667,220,220,104,575,575,50,0
12385,93,555,3,1,74,15,12,44,33.667,74.000,40.333,220,220,154,575,575,50,0
12386,93,555,3,1,65,14,12,41,30.333,65.000,34.667,220,220,204,575,575,50,0
12387,93,555,3,1,57,13,11,38,27.000,57.000,30.000,220,220,254,575,575,50,0
12388,93,555,3,1,49,13,11,35,24.333,49.000,24.667,220,220,304,575,575,50,0
12389,93,555,3,1,43,12,11,33,22.000,43.000,21.000,220,220,354,575,575,50,0
12390,93,555,3,1,35,12,10,30,19.000,35.000,16.000,220,220,404,575,575,50,0
12391,93,555,3,1,27,11,10,27,16.000,27.000,11.000,220,220,454,575,575,50,0
12392,93,555,3,1,20,11,9,25,13.333,20.000,6.667,220,220,504,575,575,50,0
12393,93,555,3,1,14,11,9,22,11.333,14.000,2.667,220,220,554,575,575,50,0
12394,93,555,3,1,10,10,9,20,9.667,10.000,0.333,220,220,604,575,575,50,0
12395,93,555,3,1,0,10,8,17,6.000,0.000,-6.000,220,220,654,625,625,50,1
12396,93,555,3,1,0,9,8,15,5.667,0.000,-5.667,220,220,704,625,625,50,0
12397,93,555,3,1,0,9,7,12,5.333,0.000,-5.333,220,220,754,625,625,50,0
12398,93,555,3,1,0,8,7,9,5.000,0.000,-5.000,220,220,804,625,625,50,0
12399,93,555,3,1,0,8,6,6,4.667,0.000,-4.667,220,220,854,625,625,50,0
12400,93,555,3,1,0,8,6,3,4.667,0.000,-4.667,220,220,904,625,625,50,0
12401,93,555,3,1,0,7,6,1,4.333,0.000,-4.333,220,220,954,625,625,50,0
12402,93,555,3,1,0,7,5,0,4.000,0.000,-4.000,220,220,1004,625,625,50,0
12403,93,555,3,1,0,6,5,0,3.667,0.000,-3.667,220,220,1054,625,625,50,0
12404,93,555,3,1,0,6,4,0,3.333,0.000,-3.333,220,220,1104,625,625,50,0
12405,93,555,3,1,0,5,4,0,3.000,0.000,-3.000,220,220,1154,625,625,50,0
12406,93,555,3,1,0,4,4,0,2.667,0.000,-2.667,220,220,1204,625,625,50,0
12407,93,555,3,1,0,3,3,0,2.000,0.000,-2.000,220,220,1254,625,625,50,0
12408,93,556,4,1,11,11,0,4,7.333,0.000,-7.333,220,220,54,625,625,50,0
12409,93,556,4,1,8,9,0,3,5.667,0.000,-5.667,220,220,104,625,625,50,0
12410,93,556,4,1,9,8,0,7,5.667,0.000,-5.667,220,220,154,625,625,50,0
12411,93,556,4,1,10,9,0,9,6.333,0.000,-6.333,220,220,204,625,625,50,0
12412,93,556,4,1,10,9,0,12,6.333,0.000,-6.333,220,220,254,625,625,50,0
12413,93,556,4,1,14,10,0,15,8.000,0.000,-8.000,220,220,304,625,625,50,0
12414,93,556,4,1,11,10,0,17,7.000,0.000,-7.000,220,220,354,625,625,50,0
12415,93,556,4,1,12,10,6,20,9.333,6.000,-3.333,220,220,404,625,625,50,0
12416,93,556,4,1,12,11,13,23,12.000,13.000,1.000,220,220,454,550,575,50,1
12417,93,556,4,1,12,11,19,26,14.000,19.000,5.000,220,220,504,550,575,50,0
12418,93,556,4,1,13,11,26,28,16.667,26.000,9.333,220,220,554,550,575,50,0
12419,93,556,4,1,14,12,33,31,19.667,33.000,13.333,220,220,604,550,575,50,0
12420,93,556,4,1,14,12,40,33,22.000,40.000,18.000,220,220,654,550,575,50,0
12421,93,556,4,1,14,13,47,36,24.667,47.000,22.333,220,220,704,550,575,50,0
12422,93,556,4,1,15,13,54,38,27.333,54.000,26.667,220,220,754,550,575,50,0
12423,93,556,4,1,15,13,62,42,30.000,62.000,32.000,220,220,804,550,575,50,0
12424,93,556,4,1,15,14,69,44,32.667,69.000,36.333,220,220,854,550,575,50,0
12425,93,556,4,1,16,14,75,47,35.000,75.000,40.000,220,220,904,550,575,50,0
12426,93,556,4,1,16,14,83,49,37.667,83.000,45.333,220,220,954,550,575,50,0
12427,93,556,4,1,17,14,90,52,40.333,90.000,49.667,220,220,1004,550,575,50,0
12428,93,557,5,1,12,80,13,45,35.000,80.000,45.000,220,220,54,550,575,50,0
12429,93,557,5,1,16,75,14,46,35.000,75.000,40.000,220,220,104,550,575,50,0
12430,93,557,5,1,16,67,13,43,32.000,67.000,35.000,220,220,154,550,575,50,0
12431,93,557,5,1,15,60,12,40,29.000,60.000,31.000,220,220,204,550,575,50,0
12432,93,557,5,1,18,52,12,38,27.333,52.000,24.667,220,220,254,550,575,50,0
12433,93,557,5,1,14,45,11,35,23.333,45.000,21.667,220,220,304,550,575,50,0
12434,93,557,5,1,14,38,11,32,21.000,38.000,17.000,220,220,354,550,575,50,0
12435,93,557,5,1,13,31,11,29,18.333,31.000,12.667,220,220,404,550,575,50,0
12436,93,557,5,1,13,23,10,27,15.333,23.000,7.667,220,220,454,550,575,50,0
12437,93,557,5,1,13,17,10,25,13.333,17.000,3.667,220,220,504,550,575,50,0
12438,93,557,5,1,12,10,9,22,10.333,10.000,-0.333,220,220,554,550,575,50,1
12439,93,557,5,1,12,3,9,19,8.000,3.000,-5.000,220,220,604,600,600,50,0
12440,93,557,5,1,11,0,9,16,6.667,0.000,-6.667,220,220,654,600,600,50,0
12441,93,557,5,1,11,0,8,14,6.333,0.000,-6.333,220,220,704,600,600,50,0
12442,93,557,5,1,10,0,7,11,5.667,0.000,-5.667,220,220,754,600,600,50,0
12443,93,557,5,1,10,0,7,9,5.667,0.000,-5.667,220,220,804,600,600,50,0
12444,93,557,5,1,10,0,7,5,5.667,0.000,-5.667,220,220,854,600,600,50,0
12445,93,557,5,1,9,0,6,3,5.000,0.000,-5.000,220,220,904,600,600,50,0
12446,93,557,5,1,9,0,5,0,4.667,0.000,-4.667,220,220,954,600,600,50,0
12447,93,557,5,1,8,0,5,0,4.333,0.000,-4.333,220,220,1004,600,600,50,0
12448,93,557,5,1,8,0,4,0,4.000,0.000,-4.000,220,220,1054,600,600,50,0
12449,93,557,5,1,7,0,4,0,3.667,0.000,-3.667,220,220,1104,600,600,50,0
12450,93,557,5,1,7,0,3,0,3.333,0.000,-3.333,220,220,1154,600,600,50,0
12451,93,557,5,1,6,0,3,0,3.000,0.000,-3.000,220,220,1204,600,600,50,0
12452,93,558,6,1,0,6,7,0,4.333,0.000,-4.333,220,220,79,600,600,50,0
12453,93,558,6,1,0,7,7,2,4.667,0.000,-4.667,220,220,129,600,600,50,0
12454,93,558,6,1,0,8,7,5,5.000,0.000,-5.000,220,220,179,600,600,50,0
12455,93,558,6,1,0,8,7,8,5.000,0.000,-5.000,220,220,229,600,600,50,0
12456,93,558,6,1,0,8,7,10,5.000,0.000,-5.000,220,220,279,600,600,50,0
12457,93,558,6,1,0,9,8,13,5.667,0.000,-5.667,220,220,329,600,600,50,0
12458,93,558,6,1,0,9,8,16,5.667,0.000,-5.667,220,220,379,600,600,50,0
12459,93,558,6,1,4,10,9,19,7.667,4.000,-3.667,220,220,429,600,600,50,0
12460,93,558,6,1,11,10,8,21,9.667,11.000,1.333,220,220,479,550,550,50,1
12461,93,558,6,1,18,11,10,24,13.000,18.000,5.000,220,220,529,550,550,50,0
12462,93,558,6,1,25,10,10,26,15.000,25.000,10.000,220,220,579,550,550,50,0
12463,93,558,6,1,32,11,10,29,17.667,32.000,14.333,220,220,629,550,550,50,0
12464,93,558,6,1,39,12,10,32,20.333,39.000,18.667,220,220,679,550,550,50,0
12465,93,558,6,1,47,12,11,34,23.333,47.000,23.667,220,220,729,550,550,50,0
12466,93,558,6,1,54,13,11,37,26.000,54.000,28.000,220,220,779,550,550,50,0
12467,93,558,6,1,60,13,12,40,28.333,60.000,31.667,220,220,829,550,550,50,0
12468,93,558,6,1,68,14,12,43,31.333,68.000,36.667,220,220,879,550,550,50,0
12469,93,558,6,1,75,13,13,45,33.667,75.000,41.333,220,220,929,550,550,50,0
12470,93,558,6,1,82,14,13,47,36.333,82.000,45.667,220,220,979,550,550,50,0
12471,93,558,6,1,92,15,13,50,40.000,92.000,52.000,220,220,1029,550,550,50,0
12472,94,559,1,1,18,15,87,51,40.000,87.000,47.000,220,220,78,550,550,50,0
12473,94,559,1,1,17,15,79,48,37.000,79.000,42.000,220,220,128,550,550,50,0
12474,94,559,1,1,16,14,72,45,34.000,72.000,38.000,220,220,178,550,550,50,0
12475,94,559,1,1,16,14,65,43,31.667,65.000,33.333,220,220,228,550,550,50,0
12476,94,559,1,1,16,13,58,40,29.000,58.000,29.000,220,220,278,550,550,50,0
12477,94,559,1,1,15,13,50,37,26.000,50.000,24.000,220,220,328,550,550,50,0
12478,94,559,1,1,15,12,42,35,23.000,42.000,19.000,220,220,378,550,550,50,0
12479,94,559,1,1,15,12,35,32,20.667,35.000,14.333,220,220,428,550,550,50,0
12480,94,559,1,1,14,11,28,29,17.667,28.000,10.333,220,220,478,550,550,50,0
12481,94,559,1,1,14,11,21,26,15.333,21.000,5.667,220,220,528,550,550,50,0
12482,94,559,1,1,13,10,14,24,12.333,14.000,1.667,220,220,578,550,550,50,0
12483,94,559,1,1,13,10,7,21,10.000,7.000,-3.000,220,220,628,600,600,50,1
12484,94,559,1,1,12,10,0,18,7.333,0.000,-7.333,220,220,678,600,600,50,0
12485,94,559,1,1,12,9,0,16,7.000,0.000,-7.000,220,220,728,600,600,50,0
12486,94,559,1,1,11,9,0,13,6.667,0.000,-6.667,220,220,778,600,600,50,0
12487,94,559,1,1,11,8,0,10,6.333,0.000,-6.333,220,220,828,600,600,50,0
12488,94,559,1,1,11,8,0,8,6.333,0.000,-6.333,220,220,878,600,600,50,0
12489,94,559,1,1,10,8,0,4,6.000,0.000,-6.000,220,220,928,600,600,50,0
12490,94,559,1,1,12,7,0,2,6.333,0.000,-6.333,220,220,978,600,600,50,0
12491,94,559,1,1,9,7,0,0,5.333,0.000,-5.333,220,220,1028,600,600,50,0
12492,94,559,1,1,8,6,0,0,4.667,0.000,-4.667,220,220,1078,600,600,50,0
12493,94,559,1,1,8,6,0,0,4.667,0.000,-4.667,220,220,1128,600,600,50,0
12494,94,559,1,1,7,5,0,0,4.000,0.000,-4.000,220,220,1178,600,600,50,0
12495,94,559,1,1,7,5,0,0,4.000,0.000,-4.000,220,220,1228,600,600,50,0
12496,94,560,2,1,10,0,4,0,4.667,0.000,-4.667,220,220,79,600,600,50,0
12497,94,560,2,1,9,0,5,0,4.667,0.000,-4.667,220,220,129,600,600,50,0
12498,94,560,2,1,10,0,6,2,5.333,0.000,-5.333,220,220,179,600,600,50,0
12499,94,560,2,1,10,0,6,5,5.333,0.000,-5.333,220,220,229,600,600,50,0
12500,94,560,2,1,10,0,7,8,5.667,0.000,-5.667,220,220,279,600,600,50,0
12501,94,560,2,1,11,0,7,11,6.000,0.000,-6.000,220,220,329,600,600,50,0
12502,94,560,2,1,11,0,8,14,6.333,0.000,-6.333,220,220,379,600,600,50,0
12503,94,560,2,1,12,0,8,16,6.667,0.000,-6.667,220,220,429,600,600,50,0
12504,94,560,2,1,12,3,9,19,8.000,3.000,-5.000,220,220,479,600,600,50,0
12505,94,560,2,1,12,9,9,22,10.000,9.000,-1.000,220,220,529,600,600,50,0
12506,94,560,2,1,13,16,9,24,12.667,16.000,3.333,220,220,579,600,600,50,1
12507,94,560,2,1,13,23,9,26,15.000,23.000,8.000,220,220,629,600,600,50,0
12508,94,560,2,1,14,30,10,29,18.000,30.000,12.000,220,220,679,600,600,50,0
12509,94,560,2,1,17,37,11,32,21.667,37.000,15.333,220,220,729,600,600,50,0
12510,94,560,2,1,15,44,10,34,23.000,44.000,21.000,220,220,779,600,600,50,0
12511,94,560,2,1,15,51,12,37,26.000,51.000,25.000,220,220,829,600,600,50,0
12512,94,560,2,1,15,58,11,40,28.000,58.000,30.000,220,220,879,600,600,50,0
12513,94,560,2,1,16,66,12,42,31.333,66.000,34.667,220,220,929,600,600,50,0
12514,94,560,2,1,16,74,12,45,34.000,74.000,40.000,220,220,979,600,600,50,0
12515,94,560,2,1,16,81,13,48,36.667,81.000,44.333,220,220,1029,600,600,50,0
12516,94,560,2,1,16,88,13,50,39.000,88.000,49.000,220,220,1079,600,600,50,0
12517,94,560,2,1,17,96,14,53,42.333,96.000,53.667,220,220,1129,600,600,50,0
12518,94,560,2,1,17,104,14,56,45.000,104.000,59.000,220,220,1179,600,600,50,0
12519,94,561,3,1,74,15,12,44,33.667,74.000,40.333,220,220,80,600,600,50,0
12520,94,561,3,1,66,14,12,42,30.667,66.000,35.333,220,220,130,600,600,50,0
12521,94,561,3,1,58,13,11,38,27.333,58.000,30.667,220,220,180,600,600,50,0
12522,94,561,3,1,50,12,11,35,24.333,50.000,25.667,220,220,230,600,600,50,0
12523,94,561,3,1,43,12,11,32,22.000,43.000,21.000,220,220,280,600,600,50,0
12524,94,561,3,1,35,12,10,29,19.000,35.000,16.000,220,220,330,600,600,50,0
12525,94,561,3,1,28,11,10,27,16.333,28.000,11.667,220,220,380,600,600,50,0
12526,94,561,3,1,20,11,9,24,13.333,20.000,6.667,220,220,430,600,600,50,0
12527,94,561,3,1,13,10,9,22,10.667,13.000,2.333,220,220,480,600,600,50,0
12528,94,561,3,1,10,10,9,19,9.667,10.000,0.333,220,220,530,600,600,50,0
12529,94,561,3,1,0,10,8,17,6.000,0.000,-6.000,220,220,580,600,600,50,1
12530,94,561,3,1,0,9,8,14,5.667,0.000,-5.667,220,220,630,600,600,50,0
12531,94,561,3,1,0,9,7,11,5.333,0.000,-5.333,220,220,680,600,600,50,0
12532,94,561,3,1,0,8,7,8,5.000,0.000,-5.000,220,220,730,600,600,50,0
12533,94,561,3,1,0,8,7,5,5.000,0.000,-5.000,220,220,780,600,600,50,0
12534,94,561,3,1,0,8,6,3,4.667,0.000,-4.667,220,220,830,600,600,50,0
12535,94,561,3,1,0,7,6,0,4.333,0.000,-4.333,220,220,880,600,600,50,0
12536,94,561,3,1,0,6,5,0,3.667,0.000,-3.667,220,220,930,600,600,50,0
12537,94,561,3,1,0,6,5,0,3.667,0.000,-3.667,220,220,980,600,600,50,0
12538,94,561,3,1,0,5,4,0,3.000,0.000,-3.000,220,220,1030,600,600,50,0
12539,94,561,3,1,0,4,4,0,2.667,0.000,-2.667,220,220,1080,600,600,50,0
12540,94,561,3,1,0,4,4,0,2.667,0.000,-2.667,220,220,1130,600,600,50,0
12541,94,561,3,1,0,4,3,0,2.333,0.000,-2.333,220,220,1180,600,600,50,0
12542,94,562,4,1,8,8,0,1,5.333,0.000,-5.333,220,220,80,600,600,50,0
12543,94,562,4,1,9,8,0,4,5.667,0.000,-5.667,220,220,130,600,600,50,0
12544,94,562,4,1,10,8,0,7,6.000,0.000,-6.000,220,220,180,600,600,50,0
12545,94,562,4,1,10,9,0,9,6.333,0.000,-6.333,220,220,230,600,600,50,0
12546,94,562,4,1,10,9,0,12,6.333,0.000,-6.333,220,220,280,600,600,50,0
12547,94,562,4,1,10,9,0,14,6.333,0.000,-6.333,220,220,330,600,600,50,0
12548,94,562,4,1,14,10,0,18,8.000,0.000,-8.000,220,220,380,600,600,50,0
12549,94,562,4,1,12,10,5,20,9.000,5.000,-4.000,220,220,430,600,600,50,0
12550,94,562,4,1,12,11,11,22,11.333,11.000,-0.333,220,220,480,600,600,50,0
12551,94,562,4,1,12,10,18,25,13.333,18.000,4.667,220,220,530,575,575,50,1
12552,94,562,4,1,13,11,25,27,16.333,25.000,8.667,220,220,580,575,575,50,0
12553,94,562,4,1,13,12,31,30,18.667,31.000,12.333,220,220,630,575,575,50,0
12554,94,562,4,1,14,12,38,32,21.333,38.000,16.667,220,220,680,575,575,50,0
12555,94,562,4,1,14,12,45,35,23.667,45.000,21.333,220,220,730,575,575,50,0
12556,94,562,4,1,15,13,53,38,27.000,53.000,26.000,220,220,780,575,575,50,0
12557,94,562,4,1,15,13,60,41,29.333,60.000,30.667,220,220,830,575,575,50,0
12558,94,562,4,1,16,13,67,44,32.000,67.000,35.000,220,220,880,575,575,50,0
12559,94,562,4,1,16,14,74,46,34.667,74.000,39.333,220,220,930,575,575,50,0
12560,94,562,4,1,16,14,82,49,37.333,82.000,44.667,220,220,980,575,575,50,0
12561,94,562,4,1,17,14,90,52,40.333,90.000,49.667,220,220,1030,575,575,50,0
12562,94,562,4,1,17,15,97,54,43.000,97.000,54.000,220,220,1080,575,575,50,0
12563,94,563,5,1,12,78,13,45,34.333,78.000,43.667,220,220,54,575,575,50,0
12564,94,563,5,1,15,73,14,45,34.000,73.000,39.000,220,220,104,575,575,50,0
12565,94,563,5,1,16,64,13,42,31.000,64.000,33.000,220,220,154,575,575,50,0
12566,94,563,5,1,18,57,12,39,29.000,57.000,28.000,220,220,204,575,575,50,0
12567,94,563,5,1,15,48,12,36,25.000,48.000,23.000,220,220,254,575,575,50,0
12568,94,563,5,1,14,40,11,33,21.667,40.000,18.333,220,220,304,575,575,50,0
12569,94,563,5,1,13,33,11,30,19.000,33.000,14.000,220,220,354,575,575,50,0
12570,94,563,5,1,13,25,10,28,16.000,25.000,9.000,220,220,404,575,575,50,0
12571,94,563,5,1,13,18,10,25,13.667,18.000,4.333,220,220,454,575,575,50,0
12572,94,563,5,1,12,12,9,22,11.000,12.000,1.000,220,220,504,575,575,50,0
12573,94,563,5,1,12,5,9,20,8.667,5.000,-3.667,220,220,554,575,575,50,1
12574,94,563,5,1,12,0,9,17,7.000,0.000,-7.000,220,220,604,575,575,50,0
12575,94,563,5,1,11,0,8,14,6.333,0.000,-6.333,220,220,654,575,575,50,0
12576,94,563,5,1,10,0,8,12,6.000,0.000,-6.000,220,220,704,575,575,50,0
12577,94,563,5,1,10,0,7,9,5.667,0.000,-5.667,220,220,754,575,575,50,0
12578,94,563,5,1,10,0,7,6,5.667,0.000,-5.667,220,220,804,575,575,50,0
12579,94,563,5,1,9,0,7,3,5.333,0.000,-5.333,220,220,854,575,575,50,0
12580,94,563,5,1,9,0,6,1,5.000,0.000,-5.000,220,220,904,575,575,50,0
12581,94,563,5,1,8,0,5,0,4.333,0.000,-4.333,220,220,954,575,575,50,0
12582,94,563,5,1,8,0,5,0,4.333,0.000,-4.333,220,220,1004,575,575,50,0
12583,94,563,5,1,7,0,4,0,3.667,0.000,-3.667,220,220,1054,575,575,50,0
12584,94,563,5,1,7,0,4,0,3.667,0.000,-3.667,220,220,1104,575,575,50,0
12585,94,564,6,1,0,9,9,0,6.000,0.000,-6.000,220,220,54,575,575,50,0
12586,94,564,6,1,0,6,6,0,4.000,0.000,-4.000,220,220,104,575,575,50,0
12587,94,564,6,1,0,7,6,1,4.333,0.000,-4.333,220,220,154,575,575,50,0
12588,94,564,6,1,0,8,6,4,4.667,0.000,-4.667,220,220,204,575,575,50,0
12589,94,564,6,1,0,8,7,7,5.000,0.000,-5.000,220,220,254,575,575,50,0
12590,94,564,6,1,0,8,7,10,5.000,0.000,-5.000,220,220,304,575,575,50,0
12591,94,564,6,1,0,9,8,13,5.667,0.000,-5.667,220,220,354,575,575,50,0
12592,94,564,6,1,0,9,8,15,5.667,0.000,-5.667,220,220,404,575,575,50,0
12593,94,564,6,1,2,9,9,18,6.667,2.000,-4.667,220,220,454,575,575,50,0
12594,94,564,6,1,9,10,9,21,9.333,9.000,-0.333,220,220,504,575,575,50,0
12595,94,564,6,1,16,10,9,23,11.667,16.000,4.333,220,220,554,575,575,50,1
12596,94,564,6,1,23,11,10,26,14.667,23.000,8.333,220,220,604,575,575,50,0
12597,94,564,6,1,30,11,10,29,17.000,30.000,13.000,220,220,654,575,575,50,0
12598,94,564,6,1,37,11,11,31,19.667,37.000,17.333,220,220,704,575,575,50,0
12599,94,564,6,1,45,12,11,34,22.667,45.000,22.333,220,220,754,575,575,50,0
12600,94,564,6,1,53,13,12,37,26.000,53.000,27.000,220,220,804,575,575,50,0
12601,94,564,6,1,60,13,11,40,28.000,60.000,32.000,220,220,854,575,575,50,0
12602,94,564,6,1,67,13,12,42,30.667,67.000,36.333,220,220,904,575,575,50,0
12603,94,564,6,1,74,14,12,45,33.333,74.000,40.667,220,220,954,575,575,50,0
12604,94,564,6,1,82,14,13,48,36.333,82.000,45.667,220,220,1004,575,575,50,0
12605,94,564,6,1,92,15,13,51,40.000,92.000,52.000,220,220,1054,575,575,50,0
12606,94,564,6,1,97,15,13,53,41.667,97.000,55.333,220,220,1104,575,575,50,0
12607,95,565,1,1,15,10,77,45,34.000,77.000,43.000,220,220,54,575,575,50,0
12608,95,565,1,1,18,13,71,45,34.000,71.000,37.000,220,220,104,575,575,50,0
12609,95,565,1,1,17,13,63,43,31.000,63.000,32.000,220,220,154,575,575,50,0
12610,95,565,1,1,15,13,55,39,27.667,55.000,27.333,220,220,204,575,575,50,0
12611,95,565,1,1,15,12,47,36,24.667,47.000,22.333,220,220,254,575,575,50,0
12612,95,565,1,1,15,12,40,34,22.333,40.000,17.667,220,220,304,575,575,50,0
12613,95,565,1,1,14,11,33,30,19.333,33.000,13.667,220,220,354,575,575,50,0
12614,95,565,1,1,14,11,26,28,17.000,26.000,9.000,220,220,404,575,575,50,0
12615,95,565,1,1,14,11,19,25,14.667,19.000,4.333,220,220,454,575,575,50,0
12616,95,565,1,1,13,10,12,23,11.667,12.000,0.333,220,220,504,575,575,50,0
12617,95,565,1,1,13,10,6,21,9.667,6.000,-3.667,220,220,554,575,575,50,1
12618,95,565,1,1,12,10,0,18,7.333,0.000,-7.333,220,220,604,575,575,50,0
12619,95,565,1,1,12,9,0,16,7.000,0.000,-7.000,220,220,654,575,575,50,0
12620,95,565,1,1,12,9,0,13,7.000,0.000,-7.000,220,220,704,575,575,50,0
12621,95,565,1,1,11,9,0,10,6.667,0.000,-6.667,220,220,754,575,575,50,0
12622,95,565,1,1,11,8,0,8,6.333,0.000,-6.333,220,220,804,575,575,50,0
12623,95,565,1,1,10,8,0,4,6.000,0.000,-6.000,220,220,854,575,575,50,0
12624,95,565,1,1,9,7,0,2,5.333,0.000,-5.333,220,220,904,575,575,50,0
12625,95,565,1,1,12,7,0,0,6.333,0.000,-6.333,220,220,954,575,575,50,0
12626,95,565,1,1,8,6,0,0,4.667,0.000,-4.667,220,220,1004,575,575,50,0
12627,95,565,1,1,8,6,0,0,4.667,0.000,-4.667,220,220,1054,575,575,50,0
12628,95,565,1,1,7,6,0,0,4.333,0.000,-4.333,220,220,1104,575,575,50,0
12629,95,566,2,1,13,0,5,0,6.000,0.000,-6.000,220,220,54,575,575,50,0
12630,95,566,2,1,10,0,4,0,4.667,0.000,-4.667,220,220,104,575,575,50,0
12631,95,566,2,1,9,0,5,0,4.667,0.000,-4.667,220,220,154,575,575,50,0
12632,95,566,2,1,9,0,6,2,5.000,0.000,-5.000,220,220,204,575,575,50,0
12633,95,566,2,1,9,0,6,4,5.000,0.000,-5.000,220,220,254,575,575,50,0
12634,95,566,2,1,10,0,7,7,5.667,0.000,-5.667,220,220,304,575,575,50,0
12635,95,566,2,1,10,0,7,9,5.667,0.000,-5.667,220,220,354,575,575,50,0
12636,95,566,2,1,11,0,7,13,6.000,0.000,-6.000,220,220,404,575,575,50,0
12637,95,566,2,1,12,0,8,15,6.667,0.000,-6.667,220,220,454,575,575,50,0
12638,95,566,2,1,12,0,8,18,6.667,0.000,-6.667,220,220,504,575,575,50,0
12639,95,566,2,1,13,7,9,20,9.667,7.000,-2.667,220,220,554,575,575,50,0
12640,95,566,2,1,13,14,9,23,12.000,14.000,2.000,220,220,604,600,600,50,1
12641,95,566,2,1,13,21,9,25,14.333,21.000,6.667,220,220,654,600,600,50,0
12642,95,566,2,1,14,28,10,28,17.333,28.000,10.667,220,220,704,600,600,50,0
12643,95,566,2,1,18,35,10,31,21.000,35.000,14.000,220,220,754,600,600,50,0
12644,95,566,2,1,14,43,11,34,22.667,43.000,20.333,220,220,804,600,600,50,0
12645,95,566,2,1,15,50,11,36,25.333,50.000,24.667,220,220,854,600,600,50,0
12646,95,566,2,1,15,58,12,39,28.333,58.000,29.667,220,220,904,600,600,50,0
12647,95,566,2,1,16,66,12,42,31.333,66.000,34.667,220,220,954,600,600,50,0
12648,95,566,2,1,16,73,13,45,34.000,73.000,39.000,220,220,1004,600,600,50,0
12649,95,566,2,1,16,81,13,47,36.667,81.000,44.333,220,220,1054,600,600,50,0
12650,95,566,2,1,17,88,13,50,39.333,88.000,48.667,220,220,1104,600,600,50,0
12651,95,566,2,1,17,96,14,53,42.333,96.000,53.667,220,220,1154,600,600,50,0
12652,95,566,2,1,17,104,14,55,45.000,104.000,59.000,220,220,1204,600,600,50,0
12653,95,567,3,1,76,15,12,45,34.333,76.000,41.667,220,220,80,600,600,50,0
12654,95,567,3,1,69,14,12,43,31.667,69.000,37.333,220,220,130,600,600,50,0
12655,95,567,3,1,60,14,12,40,28.667,60.000,31.333,220,220,180,600,600,50,0
12656,95,567,3,1,52,13,11,37,25.333,52.000,26.667,220,220,230,600,600,50,0
12657,95,567,3,1,45,13,10,33,22.667,45.000,22.333,220,220,280,600,600,50,0
12658,95,567,3,1,38,12,10,31,20.000,38.000,18.000,220,220,330,600,600,50,0
12659,95,567,3,1,30,12,10,28,17.333,30.000,12.667,220,220,380,600,600,50,0
12660,95,567,3,1,23,11,9,26,14.333,23.000,8.667,220,220,430,600,600,50,0
12661,95,567,3,1,16,11,9,23,12.000,16.000,4.000,220,220,480,600,600,50,0
12662,95,567,3,1,10,11,9,21,10.000,10.000,0.000,220,220,530,600,600,50,1
12663,95,567,3,1,6,10,8,18,8.000,6.000,-2.000,220,220,580,600,600,50,0
12664,95,567,3,1,0,10,8,15,6.000,0.000,-6.000,220,220,630,600,600,50,0
12665,95,567,3,1,0,9,8,12,5.667,0.000,-5.667,220,220,680,600,600,50,0
12666,95,567,3,1,0,9,7,10,5.333,0.000,-5.333,220,220,730,600,600,50,0
12667,95,567,3,1,0,8,7,7,5.000,0.000,-5.000,220,220,780,600,600,50,0
12668,95,567,3,1,0,8,6,4,4.667,0.000,-4.667,220,220,830,600,600,50,0
12669,95,567,3,1,0,7,6,2,4.333,0.000,-4.333,220,220,880,600,600,50,0
12670,95,567,3,1,0,6,6,0,4.000,0.000,-4.000,220,220,930,600,600,50,0
12671,95,567,3,1,0,6,5,0,3.667,0.000,-3.667,220,220,980,600,600,50,0
12672,95,567,3,1,0,6,5,0,3.667,0.000,-3.667,220,220,1030,600,600,50,0
12673,95,567,3,1,0,5,4,0,3.000,0.000,-3.000,220,220,1080,600,600,50,0
12674,95,567,3,1,0,4,4,0,2.667,0.000,-2.667,220,220,1130,600,600,50,0
12675,95,567,3,1,0,4,3,0,2.333,0.000,-2.333,220,220,1180,600,600,50,0
12676,95,568,4,1,8,8,0,1,5.333,0.000,-5.333,220,220,80,600,600,50,0
12677,95,568,4,1,9,8,0,4,5.667,0.000,-5.667,220,220,130,600,600,50,0
12678,95,568,4,1,10,8,0,7,6.000,0.000,-6.000,220,220,180,600,600,50,0
12679,95,568,4,1,10,9,0,9,6.333,0.000,-6.333,220,220,230,600,600,50,0
12680,95,568,4,1,11,9,0,12,6.667,0.000,-6.667,220,220,280,600,600,50,0
12681,95,568,4,1,11,9,0,15,6.667,0.000,-6.667,220,220,330,600,600,50,0
12682,95,568,4,1,14,10,0,18,8.000,0.000,-8.000,220,220,380,600,600,50,0
12683,95,568,4,1,12,10,5,20,9.000,5.000,-4.000,220,220,430,600,600,50,0
12684,95,568,4,1,12,10,12,23,11.333,12.000,0.667,220,220,480,550,550,50,1
12685,95,568,4,1,12,11,18,25,13.667,18.000,4.333,220,220,530,550,550,50,0
12686,95,568,4,1,13,12,26,28,17.000,26.000,9.000,220,220,580,550,550,50,0
12687,95,568,4,1,14,12,33,30,19.667,33.000,13.333,220,220,630,550,550,50,0
12688,95,568,4,1,14,12,40,33,22.000,40.000,18.000,220,220,680,550,550,50,0
12689,95,568,4,1,14,13,47,36,24.667,47.000,22.333,220,220,730,550,550,50,0
12690,95,568,4,1,15,13,54,39,27.333,54.000,26.667,220,220,780,550,550,50,0
12691,95,568,4,1,15,14,62,42,30.333,62.000,31.667,220,220,830,550,550,50,0
12692,95,568,4,1,15,14,69,44,32.667,69.000,36.333,220,220,880,550,550,50,0
12693,95,568,4,1,16,14,76,47,35.333,76.000,40.667,220,220,930,550,550,50,0
12694,95,568,4,1,17,14,83,49,38.000,83.000,45.000,220,220,980,550,550,50,0
12695,95,568,4,1,17,14,91,52,40.667,91.000,50.333,220,220,1030,550,550,50,0
12696,95,569,5,1,17,84,14,50,38.333,84.000,45.667,220,220,79,550,550,50,0
12697,95,569,5,1,16,77,13,47,35.333,77.000,41.667,220,220,129,550,550,50,0
12698,95,569,5,1,16,70,13,44,33.000,70.000,37.000,220,220,179,550,550,50,0
12699,95,569,5,1,15,62,12,41,29.667,62.000,32.333,220,220,229,550,550,50,0
12700,95,569,5,1,18,55,12,39,28.333,55.000,26.667,220,220,279,550,550,50,0
12701,95,569,5,1,14,48,12,36,24.667,48.000,23.333,220,220,329,550,550,50,0
12702,95,569,5,1,14,40,11,33,21.667,40.000,18.333,220,220,379,550,550,50,0
12703,95,569,5,1,14,33,10,30,19.000,33.000,14.000,220,220,429,550,550,50,0
12704,95,569,5,1,13,27,10,28,16.667,27.000,10.333,220,220,479,550,550,50,0
12705,95,569,5,1,13,20,10,25,14.333,20.000,5.667,220,220,529,550,550,50,0
12706,95,569,5,1,13,12,10,23,11.667,12.000,0.333,220,220,579,550,550,50,0
12707,95,569,5,1,12,6,9,20,9.000,6.000,-3.000,220,220,629,600,600,50,1
12708,95,569,5,1,12,0,9,18,7.000,0.000,-7.000,220,220,679,600,600,50,0
12709,95,569,5,1,11,0,9,15,6.667,0.000,-6.667,220,220,729,600,600,50,0
12710,95,569,5,1,11,0,8,13,6.333,0.000,-6.333,220,220,779,600,600,50,0
12711,95,569,5,1,11,0,8,10,6.333,0.000,-6.333,220,220,829,600,600,50,0
12712,95,569,5,1,10,0,7,7,5.667,0.000,-5.667,220,220,879,600,600,50,0
12713,95,569,5,1,9,0,7,4,5.333,0.000,-5.333,220,220,929,600,600,50,0
12714,95,569,5,1,9,0,6,1,5.000,0.000,-5.000,220,220,979,600,600,50,0
12715,95,569,5,1,8,0,6,0,4.667,0.000,-4.667,220,220,1029,600,600,50,0
12716,95,569,5,1,8,0,5,0,4.333,0.000,-4.333,220,220,1079,600,600,50,0
12717,95,569,5,1,7,0,4,0,3.667,0.000,-3.667,220,220,1129,600,600,50,0
12718,95,569,5,1,8,0,4,0,4.000,0.000,-4.000,220,220,1179,600,600,50,0
12719,95,569,5,1,7,0,3,0,3.333,0.000,-3.333,220,220,1229,600,600,50,0
12720,95,570,6,1,0,5,6,0,3.667,0.000,-3.667,220,220,79,600,600,50,0
12721,95,570,6,1,0,6,6,0,4.000,0.000,-4.000,220,220,129,600,600,50,0
12722,95,570,6,1,0,7,6,3,4.333,0.000,-4.333,220,220,179,600,600,50,0
12723,95,570,6,1,0,8,7,5,5.000,0.000,-5.000,220,220,229,600,600,50,0
12724,95,570,6,1,0,8,7,9,5.000,0.000,-5.000,220,220,279,600,600,50,0
12725,95,570,6,1,0,9,8,11,5.667,0.000,-5.667,220,220,329,600,600,50,0
12726,95,570,6,1,0,9,8,15,5.667,0.000,-5.667,220,220,379,600,600,50,0
12727,95,570,6,1,0,10,8,17,6.000,0.000,-6.000,220,220,429,600,600,50,0
12728,95,570,6,1,7,10,9,20,8.667,7.000,-1.667,220,220,479,600,600,50,0
12729,95,570,6,1,15,10,9,23,11.333,15.000,3.667,220,220,529,575,575,50,1
12730,95,570,6,1,21,11,10,25,14.000,21.000,7.000,220,220,579,575,575,50,0
12731,95,570,6,1,29,11,10,28,16.667,29.000,12.333,220,220,629,575,575,50,0
12732,95,570,6,1,36,11,11,31,19.333,36.000,16.667,220,220,679,575,575,50,0
12733,95,570,6,1,43,12,11,33,22.000,43.000,21.000,220,220,729,575,575,50,0
12734,95,570,6,1,50,12,11,36,24.333,50.000,25.667,220,220,779,575,575,50,0
12735,95,570,6,1,58,13,12,39,27.667,58.000,30.333,220,220,829,575,575,50,0
12736,95,570,6,1,65,14,12,41,30.333,65.000,34.667,220,220,879,575,575,50,0
12737,95,570,6,1,71,14,12,44,32.333,71.000,38.667,220,220,929,575,575,50,0
12738,95,570,6,1,78,14,12,46,34.667,78.000,43.333,220,220,979,575,575,50,0
12739,95,570,6,1,88,14,13,49,38.333,88.000,49.667,220,220,1029,575,575,50,0
12740,95,570,6,1,92,14,13,51,39.667,92.000,52.333,220,220,1079,575,575,50,0
12741,96,571,1,1,15,11,78,45,34.667,78.000,43.333,220,220,53,575,575,50,0
12742,96,571,1,1,18,13,73,46,34.667,73.000,38.333,220,220,103,575,575,50,0
12743,96,571,1,1,17,14,65,43,32.000,65.000,33.000,220,220,153,575,575,50,0
12744,96,571,1,1,16,13,58,40,29.000,58.000,29.000,220,220,203,575,575,50,0
12745,96,571,1,1,15,13,49,37,25.667,49.000,23.333,220,220,253,575,575,50,0
12746,96,571,1,1,15,12,43,34,23.333,43.000,19.667,220,220,303,575,575,50,0
12747,96,571,1,1,14,12,36,32,20.667,36.000,15.333,220,220,353,575,575,50,0
12748,96,571,1,1,14,11,29,29,18.000,29.000,11.000,220,220,403,575,575,50,0
12749,96,571,1,1,14,11,21,27,15.333,21.000,5.667,220,220,453,575,575,50,0
12750,96,571,1,1,13,10,15,24,12.667,15.000,2.333,220,220,503,575,575,50,0
12751,96,571,1,1,13,10,8,22,10.333,8.000,-2.333,220,220,553,575,575,50,1
12752,96,571,1,1,12,9,1,19,7.333,1.000,-6.333,220,220,603,575,575,50,0
12753,96,571,1,1,12,9,0,16,7.000,0.000,-7.000,220,220,653,575,575,50,0
12754,96,571,1,1,11,9,0,13,6.667,0.000,-6.667,220,220,703,575,575,50,0
12755,96,571,1,1,11,8,0,11,6.333,0.000,-6.333,220,220,753,575,575,50,0
12756,96,571,1,1,11,8,0,8,6.333,0.000,-6.333,220,220,803,575,575,50,0
12757,96,571,1,1,10,8,0,5,6.000,0.000,-6.000,220,220,853,575,575,50,0
12758,96,571,1,1,10,8,0,2,6.000,0.000,-6.000,220,220,903,575,575,50,0
12759,96,571,1,1,12,7,0,0,6.333,0.000,-6.333,220,220,953,575,575,50,0
12760,96,571,1,1,9,6,0,0,5.000,0.000,-5.000,220,220,1003,575,575,50,0
12761,96,571,1,1,8,6,0,0,4.667,0.000,-4.667,220,220,1053,575,575,50,0
12762,96,571,1,1,8,5,0,0,4.333,0.000,-4.333,220,220,1103,575,575,50,0
12763,96,572,2,1,13,0,5,0,6.000,0.000,-6.000,220,220,54,575,575,50,0
12764,96,572,2,1,10,0,4,0,4.667,0.000,-4.667,220,220,104,575,575,50,0
12765,96,572,2,1,10,0,5,0,5.000,0.000,-5.000,220,220,154,575,575,50,0
12766,96,572,2,1,9,0,6,2,5.000,0.000,-5.000,220,220,204,575,575,50,0
12767,96,572,2,1,10,0,6,4,5.333,0.000,-5.333,220,220,254,575,575,50,0
12768,96,572,2,1,10,0,7,7,5.667,0.000,-5.667,220,220,304,575,575,50,0
12769,96,572,2,1,11,0,7,10,6.000,0.000,-6.000,220,220,354,575,575,50,0
12770,96,572,2,1,11,0,8,13,6.333,0.000,-6.333,220,220,404,575,575,50,0
12771,96,572,2,1,12,0,8,16,6.667,0.000,-6.667,220,220,454,575,575,50,0
12772,96,572,2,1,12,2,8,18,7.333,2.000,-5.333,220,220,504,575,575,50,0
12773,96,572,2,1,12,8,9,21,9.667,8.000,-1.667,220,220,554,575,575,50,0
12774,96,572,2,1,13,15,9,23,12.333,15.000,2.667,220,220,604,600,600,50,1
12775,96,572,2,1,13,22,9,26,14.667,22.000,7.333,220,220,654,600,600,50,0
12776,96,572,2,1,14,28,10,28,17.333,28.000,10.667,220,220,704,600,600,50,0
12777,96,572,2,1,17,35,10,31,20.667,35.000,14.333,220,220,754,600,600,50,0
12778,96,572,2,1,15,43,11,34,23.000,43.000,20.000,220,220,804,600,600,50,0
12779,96,572,2,1,15,50,11,36,25.333,50.000,24.667,220,220,854,600,600,50,0
12780,96,572,2,1,16,58,11,39,28.333,58.000,29.667,220,220,904,600,600,50,0
12781,96,572,2,1,16,65,12,42,31.000,65.000,34.000,220,220,954,600,600,50,0
12782,96,572,2,1,16,72,12,45,33.333,72.000,38.667,220,220,1004,600,600,50,0
12783,96,572,2,1,17,80,13,47,36.667,80.000,43.333,220,220,1054,600,600,50,0
12784,96,572,2,1,17,87,13,50,39.000,87.000,48.000,220,220,1104,600,600,50,0
12785,96,572,2,1,17,95,14,53,42.000,95.000,53.000,220,220,1154,600,600,50,0
12786,96,572,2,1,17,102,14,55,44.333,102.000,57.667,220,220,1204,600,600,50,0
12787,96,573,3,1,79,15,12,47,35.333,79.000,43.667,220,220,80,600,600,50,0
12788,96,573,3,1,72,14,12,44,32.667,72.000,39.333,220,220,130,600,600,50,0
12789,96,573,3,1,64,14,12,41,30.000,64.000,34.000,220,220,180,600,600,50,0
12790,96,573,3,1,56,13,11,38,26.667,56.000,29.333,220,220,230,600,600,50,0
12791,96,573,3,1,49,13,11,35,24.333,49.000,24.667,220,220,280,600,600,50,0
12792,96,573,3,1,41,12,11,32,21.333,41.000,19.667,220,220,330,600,600,50,0
12793,96,573,3,1,33,12,10,29,18.333,33.000,14.667,220,220,380,600,600,50,0
12794,96,573,3,1,26,12,10,27,16.000,26.000,10.000,220,220,430,600,600,50,0
12795,96,573,3,1,19,11,9,24,13.000,19.000,6.000,220,220,480,600,600,50,0
12796,96,573,3,1,15,11,9,22,11.667,15.000,3.333,220,220,530,600,600,50,0
12797,96,573,3,1,4,10,8,19,7.333,4.000,-3.333,220,220,580,600,600,50,1
12798,96,573,3,1,0,10,8,16,6.000,0.000,-6.000,220,220,630,600,600,50,0
12799,96,573,3,1,0,9,8,13,5.667,0.000,-5.667,220,220,680,600,600,50,0
12800,96,573,3,1,0,9,7,11,5.333,0.000,-5.333,220,220,730,600,600,50,0
12801,96,573,3,1,0,9,7,7,5.333,0.000,-5.333,220,220,780,600,600,50,0
12802,96,573,3,1,0,8,6,4,4.667,0.000,-4.667,220,220,830,600,600,50,0
12803,96,573,3,1,0,7,6,2,4.333,0.000,-4.333,220,220,880,600,600,50,0
12804,96,573,3,1,0,7,5,0,4.000,0.000,-4.000,220,220,930,600,600,50,0
12805,96,573,3,1,0,6,5,0,3.667,0.000,-3.667,220,220,980,600,600,50,0
12806,96,573,3,1,0,6,5,0,3.667,0.000,-3.667,220,220,1030,600,600,50,0
12807,96,573,3,1,0,5,4,0,3.000,0.000,-3.000,220,220,1080,600,600,50,0
12808,96,573,3,1,0,5,4,0,3.000,0.000,-3.000,220,220,1130,600,600,50,0
12809,96,573,3,1,0,4,3,0,2.333,0.000,-2.333,220,220,1180,600,600,50,0
12810,96,574,4,1,8,8,0,0,5.333,0.000,-5.333,220,220,80,600,600,50,0
12811,96,574,4,1,9,9,0,3,6.000,0.000,-6.000,220,220,130,600,600,50,0
12812,96,574,4,1,10,8,0,6,6.000,0.000,-6.000,220,220,180,600,600,50,0
12813,96,574,4,1,10,8,0,8,6.000,0.000,-6.000,220,220,230,600,600,50,0
12814,96,574,4,1,11,8,0,11,6.333,0.000,-6.333,220,220,280,600,600,50,0
12815,96,574,4,1,14,9,0,14,7.667,0.000,-7.667,220,220,330,600,600,50,0
12816,96,574,4,1,11,9,0,17,6.667,0.000,-6.667,220,220,380,600,600,50,0
12817,96,574,4,1,11,10,2,19,7.667,2.000,-5.667,220,220,430,600,600,50,0
12818,96,574,4,1,12,10,9,22,10.333,9.000,-1.333,220,220,480,600,600,50,0
12819,96,574,4,1,12,11,16,24,13.000,16.000,3.000,220,220,530,575,575,50,1
12820,96,574,4,1,13,11,22,26,15.333,22.000,6.667,220,220,580,575,575,50,0
12821,96,574,4,1,13,11,29,29,17.667,29.000,11.333,220,220,630,575,575,50,0
12822,96,574,4,1,14,12,36,32,20.667,36.000,15.333,220,220,680,575,575,50,0
12823,96,574,4,1,14,12,43,34,23.000,43.000,20.000,220,220,730,575,575,50,0
12824,96,574,4,1,14,13,50,37,25.667,50.000,24.333,220,220,780,575,575,50,0
12825,96,574,4,1,15,13,57,40,28.333,57.000,28.667,220,220,830,575,575,50,0
12826,96,574,4,1,15,13,65,43,31.000,65.000,34.000,220,220,880,575,575,50,0
12827,96,574,4,1,16,13,71,45,33.333,71.000,37.667,220,220,930,575,575,50,0
12828,96,574,4,1,16,14,79,48,36.333,79.000,42.667,220,220,980,575,575,50,0
12829,96,574,4,1,17,14,86,50,39.000,86.000,47.000,220,220,1030,575,575,50,0
12830,96,574,4,1,17,15,94,53,42.000,94.000,52.000,220,220,1080,575,575,50,0
12831,96,575,5,1,12,76,13,44,33.667,76.000,42.333,220,220,54,575,575,50,0
12832,96,575,5,1,16,72,14,45,34.000,72.000,38.000,220,220,104,575,575,50,0
12833,96,575,5,1,16,64,12,42,30.667,64.000,33.333,220,220,154,575,575,50,0
12834,96,575,5,1,18,56,12,40,28.667,56.000,27.333,220,220,204,575,575,50,0
12835,96,575,5,1,14,48,11,36,24.333,48.000,23.667,220,220,254,575,575,50,0
12836,96,575,5,1,14,41,11,33,22.000,41.000,19.000,220,220,304,575,575,50,0
12837,96,575,5,1,14,34,11,30,19.667,34.000,14.333,220,220,354,575,575,50,0
12838,96,575,5,1,13,27,10,28,16.667,27.000,10.333,220,220,404,575,575,50,0
12839,96,575,5,1,13,19,10,25,14.000,19.000,5.000,220,220,454,575,575,50,0
12840,96,575,5,1,12,13,10,23,11.667,13.000,1.333,220,220,504,575,575,50,0
12841,96,575,5,1,12,6,9,20,9.000,6.000,-3.000,220,220,554,575,575,50,1
12842,96,575,5,1,12,0,8,18,6.667,0.000,-6.667,220,220,604,575,575,50,0
12843,96,575,5,1,11,0,8,15,6.333,0.000,-6.333,220,220,654,575,575,50,0
12844,96,575,5,1,10,0,7,12,5.667,0.000,-5.667,220,220,704,575,575,50,0
12845,96,575,5,1,10,0,7,10,5.667,0.000,-5.667,220,220,754,575,575,50,0
12846,96,575,5,1,10,0,7,6,5.667,0.000,-5.667,220,220,804,575,575,50,0
12847,96,575,5,1,9,0,6,3,5.000,0.000,-5.000,220,220,854,575,575,50,0
12848,96,575,5,1,9,0,6,1,5.000,0.000,-5.000,220,220,904,575,575,50,0
12849,96,575,5,1,8,0,6,0,4.667,0.000,-4.667,220,220,954,575,575,50,0
12850,96,575,5,1,8,0,5,0,4.333,0.000,-4.333,220,220,1004,575,575,50,0
12851,96,575,5,1,8,0,4,0,4.000,0.000,-4.000,220,220,1054,575,575,50,0
12852,96,575,5,1,7,0,4,0,3.667,0.000,-3.667,220,220,1104,575,575,50,0
12853,96,576,6,1,0,7,8,0,5.000,0.000,-5.000,220,220,54,575,575,50,0
12854,96,576,6,1,0,5,6,0,3.667,0.000,-3.667,220,220,104,575,575,50,0
12855,96,576,6,1,0,7,6,1,4.333,0.000,-4.333,220,220,154,575,575,50,0
12856,96,576,6,1,0,7,6,3,4.333,0.000,-4.333,220,220,204,575,575,50,0
12857,96,576,6,1,0,8,7,6,5.000,0.000,-5.000,220,220,254,575,575,50,0
12858,96,576,6,1,0,8,7,9,5.000,0.000,-5.000,220,220,304,575,575,50,0
12859,96,576,6,1,0,9,8,11,5.667,0.000,-5.667,220,220,354,575,575,50,0
12860,96,576,6,1,0,9,8,14,5.667,0.000,-5.667,220,220,404,575,575,50,0
12861,96,576,6,1,0,9,9,17,6.000,0.000,-6.000,220,220,454,575,575,50,0
12862,96,576,6,1,6,10,9,20,8.333,6.000,-2.333,220,220,504,575,575,50,0
12863,96,576,6,1,13,10,9,22,10.667,13.000,2.333,220,220,554,575,575,50,1
12864,96,576,6,1,20,11,9,25,13.333,20.000,6.667,220,220,604,575,575,50,0
12865,96,576,6,1,27,11,10,27,16.000,27.000,11.000,220,220,654,575,575,50,0
12866,96,576,6,1,34,11,10,30,18.333,34.000,15.667,220,220,704,575,575,50,0
12867,96,576,6,1,42,12,10,32,21.333,42.000,20.667,220,220,754,575,575,50,0
12868,96,576,6,1,49,12,12,35,24.333,49.000,24.667,220,220,804,575,575,50,0
12869,96,576,6,1,56,13,11,38,26.667,56.000,29.333,220,220,854,575,575,50,0
12870,96,576,6,1,64,13,12,41,29.667,64.000,34.333,220,220,904,575,575,50,0
12871,96,576,6,1,70,14,12,44,32.000,70.000,38.000,220,220,954,575,575,50,0
12872,96,576,6,1,78,14,13,46,35.000,78.000,43.000,220,220,1004,575,575,50,0
12873,96,576,6,1,88,14,13,49,38.333,88.000,49.667,220,220,1054,575,575,50,0
12874,96,576,6,1,91,15,13,52,39.667,91.000,51.333,220,220,1104,575,575,50,0
12875,97,577,1,1,15,11,84,48,36.667,84.000,47.333,220,220,54,575,575,50,0
12876,97,577,1,1,18,14,78,48,36.667,78.000,41.333,220,220,104,575,575,50,0
12877,97,577,1,1,17,14,70,45,33.667,70.000,36.333,220,220,154,575,575,50,0
12878,97,577,1,1,16,14,61,42,30.333,61.000,30.667,220,220,204,575,575,50,0
12879,97,577,1,1,15,13,53,38,27.000,53.000,26.000,220,220,254,575,575,50,0
12880,97,577,1,1,15,12,46,36,24.333,46.000,21.667,220,220,304,575,575,50,0
12881,97,577,1,1,14,12,39,33,21.667,39.000,17.333,220,220,354,575,575,50,0
12882,97,577,1,1,14,12,31,30,19.000,31.000,12.000,220,220,404,575,575,50,0
12883,97,577,1,1,13,11,24,27,16.000,24.000,8.000,220,220,454,575,575,50,0
12884,97,577,1,1,13,11,17,24,13.667,17.000,3.333,220,220,504,575,575,50,0
12885,97,577,1,1,13,10,10,22,11.000,10.000,-1.000,220,220,554,575,575,50,1
12886,97,577,1,1,12,10,3,19,8.333,3.000,-5.333,220,220,604,575,575,50,0
12887,97,577,1,1,12,9,0,17,7.000,0.000,-7.000,220,220,654,575,575,50,0
12888,97,577,1,1,12,9,0,14,7.000,0.000,-7.000,220,220,704,575,575,50,0
12889,97,577,1,1,11,9,0,12,6.667,0.000,-6.667,220,220,754,575,575,50,0
12890,97,577,1,1,10,8,0,9,6.000,0.000,-6.000,220,220,804,575,575,50,0
12891,97,577,1,1,10,8,0,6,6.000,0.000,-6.000,220,220,854,575,575,50,0
12892,97,577,1,1,13,7,0,3,6.667,0.000,-6.667,220,220,904,575,575,50,0
12893,97,577,1,1,10,7,0,1,5.667,0.000,-5.667,220,220,954,575,575,50,0
12894,97,577,1,1,9,7,0,0,5.333,0.000,-5.333,220,220,1004,575,575,50,0
12895,97,577,1,1,8,6,0,0,4.667,0.000,-4.667,220,220,1054,575,575,50,0
12896,97,577,1,1,8,6,0,0,4.667,0.000,-4.667,220,220,1104,575,575,50,0
12897,97,578,2,1,13,0,5,0,6.000,0.000,-6.000,220,220,54,575,575,50,0
12898,97,578,2,1,9,0,4,0,4.333,0.000,-4.333,220,220,104,575,575,50,0
12899,97,578,2,1,9,0,5,0,4.667,0.000,-4.667,220,220,154,575,575,50,0
12900,97,578,2,1,9,0,6,1,5.000,0.000,-5.000,220,220,204,575,575,50,0
12901,97,578,2,1,10,0,6,4,5.333,0.000,-5.333,220,220,254,575,575,50,0
12902,97,578,2,1,10,0,7,6,5.667,0.000,-5.667,220,220,304,575,575,50,0
12903,97,578,2,1,11,0,7,9,6.000,0.000,-6.000,220,220,354,575,575,50,0
12904,97,578,2,1,11,0,7,12,6.000,0.000,-6.000,220,220,404,575,575,50,0
12905,97,578,2,1,11,0,8,15,6.333,0.000,-6.333,220,220,454,575,575,50,0
12906,97,578,2,1,12,0,8,17,6.667,0.000,-6.667,220,220,504,575,575,50,0
12907,97,578,2,1,12,5,9,20,8.667,5.000,-3.667,220,220,554,575,575,50,0
12908,97,578,2,1,13,12,9,22,11.333,12.000,0.667,220,220,604,600,600,50,1
12909,97,578,2,1,13,20,9,25,14.000,20.000,6.000,220,220,654,600,600,50,0
12910,97,578,2,1,13,26,10,28,16.333,26.000,9.667,220,220,704,600,600,50,0
12911,97,578,2,1,17,33,10,31,20.000,33.000,13.000,220,220,754,600,600,50,0
12912,97,578,2,1,14,41,10,33,21.667,41.000,19.333,220,220,804,600,600,50,0
12913,97,578,2,1,15,48,11,36,24.667,48.000,23.333,220,220,854,600,600,50,0
12914,97,578,2,1,15,55,11,39,27.000,55.000,28.000,220,220,904,600,600,50,0
12915,97,578,2,1,16,64,12,41,30.667,64.000,33.333,220,220,954,600,600,50,0
12916,97,578,2,1,16,71,12,44,33.000,71.000,38.000,220,220,1004,600,600,50,0
12917,97,578,2,1,16,79,13,47,36.000,79.000,43.000,220,220,1054,600,600,50,0
12918,97,578,2,1,17,86,13,50,38.667,86.000,47.333,220,220,1104,600,600,50,0
12919,97,578,2,1,17,94,14,53,41.667,94.000,52.333,220,220,1154,600,600,50,0
12920,97,578,2,1,17,103,14,56,44.667,103.000,58.333,220,220,1204,600,600,50,0
12921,97,579,3,1,78,15,12,46,35.000,78.000,43.000,220,220,80,600,600,50,0
12922,97,579,3,1,70,14,12,43,32.000,70.000,38.000,220,220,130,600,600,50,0
12923,97,579,3,1,62,14,12,40,29.333,62.000,32.667,220,220,180,600,600,50,0
12924,97,579,3,1,54,13,11,37,26.000,54.000,28.000,220,220,230,600,600,50,0
12925,97,579,3,1,46,13,11,34,23.333,46.000,22.667,220,220,280,600,600,50,0
12926,97,579,3,1,39,12,10,31,20.333,39.000,18.667,220,220,330,600,600,50,0
12927,97,579,3,1,32,12,10,29,18.000,32.000,14.000,220,220,380,600,600,50,0
12928,97,579,3,1,25,11,9,26,15.000,25.000,10.000,220,220,430,600,600,50,0
12929,97,579,3,1,17,11,9,23,12.333,17.000,4.667,220,220,480,600,600,50,0
12930,97,579,3,1,14,11,9,21,11.333,14.000,2.667,220,220,530,600,600,50,0
12931,97,579,3,1,4,10,8,19,7.333,4.000,-3.333,220,220,580,600,600,50,1
12932,97,579,3,1,0,9,8,16,5.667,0.000,-5.667,220,220,630,600,600,50,0
12933,97,579,3,1,0,9,7,13,5.333,0.000,-5.333,220,220,680,600,600,50,0
12934,97,579,3,1,0,9,7,10,5.333,0.000,-5.333,220,220,730,600,600,50,0
12935,97,579,3,1,0,8,7,8,5.000,0.000,-5.000,220,220,780,600,600,50,0
12936,97,579,3,1,0,8,6,5,4.667,0.000,-4.667,220,220,830,600,600,50,0
12937,97,579,3,1,0,7,6,2,4.333,0.000,-4.333,220,220,880,600,600,50,0
12938,97,579,3,1,0,7,6,0,4.333,0.000,-4.333,220,220,930,600,600,50,0
12939,97,579,3,1,0,6,5,0,3.667,0.000,-3.667,220,220,980,600,600,50,0
12940,97,579,3,1,0,6,5,0,3.667,0.000,-3.667,220,220,1030,600,600,50,0
12941,97,579,3,1,0,5,4,0,3.000,0.000,-3.000,220,220,1080,600,600,50,0
12942,97,579,3,1,0,5,4,0,3.000,0.000,-3.000,220,220,1130,600,600,50,0
12943,97,579,3,1,0,4,3,0,2.333,0.000,-2.333,220,220,1180,600,600,50,0
12944,97,580,4,1,8,8,0,0,5.333,0.000,-5.333,220,220,80,600,600,50,0
12945,97,580,4,1,9,8,0,2,5.667,0.000,-5.667,220,220,130,600,600,50,0
12946,97,580,4,1,9,8,0,4,5.667,0.000,-5.667,220,220,180,600,600,50,0
12947,97,580,4,1,10,8,0,7,6.000,0.000,-6.000,220,220,230,600,600,50,0
12948,97,580,4,1,10,9,0,10,6.333,0.000,-6.333,220,220,280,600,600,50,0
12949,97,580,4,1,14,9,0,13,7.667,0.000,-7.667,220,220,330,600,600,50,0
12950,97,580,4,1,11,9,0,15,6.667,0.000,-6.667,220,220,380,600,600,50,0
12951,97,580,4,1,11,10,0,18,7.000,0.000,-7.000,220,220,430,600,600,50,0
12952,97,580,4,1,12,10,7,20,9.667,7.000,-2.667,220,220,480,600,600,50,0
12953,97,580,4,1,12,11,13,23,12.000,13.000,1.000,220,220,530,575,575,50,1
12954,97,580,4,1,12,11,21,26,14.667,21.000,6.333,220,220,580,575,575,50,0
12955,97,580,4,1,13,12,28,28,17.667,28.000,10.333,220,220,630,575,575,50,0
12956,97,580,4,1,14,12,34,31,20.000,34.000,14.000,220,220,680,575,575,50,0
12957,97,580,4,1,14,12,42,34,22.667,42.000,19.333,220,220,730,575,575,50,0
12958,97,580,4,1,14,13,49,37,25.333,49.000,23.667,220,220,780,575,575,50,0
12959,97,580,4,1,15,13,56,39,28.000,56.000,28.000,220,220,830,575,575,50,0
12960,97,580,4,1,15,13,64,42,30.667,64.000,33.333,220,220,880,575,575,50,0
12961,97,580,4,1,16,14,71,44,33.667,71.000,37.333,220,220,930,575,575,50,0
12962,97,580,4,1,16,14,78,47,36.000,78.000,42.000,220,220,980,575,575,50,0
12963,97,580,4,1,17,14,86,50,39.000,86.000,47.000,220,220,1030,575,575,50,0
12964,97,580,4,1,17,14,94,53,41.667,94.000,52.333,220,220,1080,575,575,50,0
12965,97,581,5,1,13,80,13,45,35.333,80.000,44.667,220,220,54,575,575,50,0
12966,97,581,5,1,16,74,14,46,34.667,74.000,39.333,220,220,104,575,575,50,0
12967,97,581,5,1,16,66,13,43,31.667,66.000,34.333,220,220,154,575,575,50,0
12968,97,581,5,1,18,58,12,40,29.333,58.000,28.667,220,220,204,575,575,50,0
12969,97,581,5,1,15,50,11,37,25.333,50.000,24.667,220,220,254,575,575,50,0
12970,97,581,5,1,14,43,11,34,22.667,43.000,20.333,220,220,304,575,575,50,0
12971,97,581,5,1,14,36,11,31,20.333,36.000,15.667,220,220,354,575,575,50,0
12972,97,581,5,1,13,29,10,29,17.333,29.000,11.667,220,220,404,575,575,50,0
12973,97,581,5,1,13,22,10,26,15.000,22.000,7.000,220,220,454,575,575,50,0
12974,97,581,5,1,13,15,9,24,12.333,15.000,2.667,220,220,504,575,575,50,0
12975,97,581,5,1,12,8,9,21,9.667,8.000,-1.667,220,220,554,575,575,50,1
12976,97,581,5,1,12,2,9,18,7.667,2.000,-5.667,220,220,604,575,575,50,0
12977,97,581,5,1,12,0,8,16,6.667,0.000,-6.667,220,220,654,575,575,50,0
12978,97,581,5,1,11,0,8,13,6.333,0.000,-6.333,220,220,704,575,575,50,0
12979,97,581,5,1,10,0,8,11,6.000,0.000,-6.000,220,220,754,575,575,50,0
12980,97,581,5,1,10,0,7,8,5.667,0.000,-5.667,220,220,804,575,575,50,0
12981,97,581,5,1,10,0,6,5,5.333,0.000,-5.333,220,220,854,575,575,50,0
12982,97,581,5,1,9,0,6,3,5.000,0.000,-5.000,220,220,904,575,575,50,0
12983,97,581,5,1,9,0,5,0,4.667,0.000,-4.667,220,220,954,575,575,50,0
12984,97,581,5,1,8,0,5,0,4.333,0.000,-4.333,220,220,1004,575,575,50,0
12985,97,581,5,1,8,0,5,0,4.333,0.000,-4.333,220,220,1054,575,575,50,0
12986,97,581,5,1,7,0,4,0,3.667,0.000,-3.667,220,220,1104,575,575,50,0
12987,97,582,6,1,0,8,8,0,5.333,0.000,-5.333,220,220,54,575,575,50,0
12988,97,582,6,1,0,6,6,0,4.000,0.000,-4.000,220,220,104,575,575,50,0
12989,97,582,6,1,0,7,6,0,4.333,0.000,-4.333,220,220,154,575,575,50,0
12990,97,582,6,1,0,7,6,3,4.333,0.000,-4.333,220,220,204,575,575,50,0
12991,97,582,6,1,0,8,7,6,5.000,0.000,-5.000,220,220,254,575,575,50,0
12992,97,582,6,1,0,8,7,8,5.000,0.000,-5.000,220,220,304,575,575,50,0
12993,97,582,6,1,0,8,8,12,5.333,0.000,-5.333,220,220,354,575,575,50,0
12994,97,582,6,1,0,9,8,14,5.667,0.000,-5.667,220,220,404,575,575,50,0
12995,97,582,6,1,0,9,9,17,6.000,0.000,-6.000,220,220,454,575,575,50,0
12996,97,582,6,1,6,10,9,20,8.333,6.000,-2.333,220,220,504,575,575,50,0
12997,97,582,6,1,14,10,9,22,11.000,14.000,3.000,220,220,554,575,575,50,1
12998,97,582,6,1,21,11,9,25,13.667,21.000,7.333,220,220,604,575,575,50,0
12999,97,582,6,1,28,11,10,28,16.333,28.000,11.667,220,220,654,575,575,50,0
13000,97,582,6,1,36,12,11,30,19.667,36.000,16.333,220,220,704,575,575,50,0
13001,97,582,6,1,42,12,11,33,21.667,42.000,20.333,220,220,754,575,575,50,0
13002,97,582,6,1,50,13,11,36,24.667,50.000,25.333,220,220,804,575,575,50,0
13003,97,582,6,1,58,13,11,39,27.333,58.000,30.667,220,220,854,575,575,50,0
13004,97,582,6,1,65,14,12,41,30.333,65.000,34.667,220,220,904,575,575,50,0
13005,97,582,6,1,72,13,13,44,32.667,72.000,39.333,220,220,954,575,575,50,0
13006,97,582,6,1,79,14,13,47,35.333,79.000,43.667,220,220,1004,575,575,50,0
13007,97,582,6,1,89,15,13,50,39.000,89.000,50.000,220,220,1054,575,575,50,0
13008,97,582,6,1,93,15,13,52,40.333,93.000,52.667,220,220,1104,575,575,50,0
13009,98,583,1,1,16,10,82,47,36.000,82.000,46.000,220,220,54,575,575,50,0
13010,98,583,1,1,18,14,76,48,36.000,76.000,40.000,220,220,104,575,575,50,0
13011,98,583,1,1,17,13,68,44,32.667,68.000,35.333,220,220,154,575,575,50,0
13012,98,583,1,1,16,13,60,41,29.667,60.000,30.333,220,220,204,575,575,50,0
13013,98,583,1,1,15,13,52,38,26.667,52.000,25.333,220,220,254,575,575,50,0
13014,98,583,1,1,15,13,46,36,24.667,46.000,21.333,220,220,304,575,575,50,0
13015,98,583,1,1,14,12,38,32,21.333,38.000,16.667,220,220,354,575,575,50,0
13016,98,583,1,1,14,12,31,30,19.000,31.000,12.000,220,220,404,575,575,50,0
13017,98,583,1,1,14,11,24,27,16.333,24.000,7.667,220,220,454,575,575,50,0
13018,98,583,1,1,13,11,18,25,14.000,18.000,4.000,220,220,504,575,575,50,0
13019,98,583,1,1,13,11,11,22,11.667,11.000,-0.667,220,220,554,575,575,50,1
13020,98,583,1,1,12,10,4,20,8.667,4.000,-4.667,220,220,604,600,600,50,0
13021,98,583,1,1,12,9,0,18,7.000,0.000,-7.000,220,220,654,600,600,50,0
13022,98,583,1,1,12,9,0,15,7.000,0.000,-7.000,220,220,704,600,600,50,0
13023,98,583,1,1,11,9,0,12,6.667,0.000,-6.667,220,220,754,600,600,50,0
13024,98,583,1,1,11,9,0,9,6.667,0.000,-6.667,220,220,804,600,600,50,0
13025,98,583,1,1,10,8,0,7,6.000,0.000,-6.000,220,220,854,600,600,50,0
13026,98,583,1,1,10,7,0,4,5.667,0.000,-5.667,220,220,904,600,600,50,0
13027,98,583,1,1,13,7,0,1,6.667,0.000,-6.667,220,220,954,600,600,50,0
13028,98,583,1,1,9,7,0,0,5.333,0.000,-5.333,220,220,1004,600,600,50,0
13029,98,583,1,1,8,6,0,0,4.667,0.000,-4.667,220,220,1054,600,600,50,0
13030,98,583,1,1,8,6,0,0,4.667,0.000,-4.667,220,220,1104,600,600,50,0
13031,98,583,1,1,7,5,0,0,4.000,0.000,-4.000,220,220,1154,600,600,50,0
13032,98,583,1,1,7,5,0,0,4.000,0.000,-4.000,220,220,1204,600,600,50,0
13033,98,584,2,1,10,0,4,0,4.667,0.000,-4.667,220,220,79,600,600,50,0
13034,98,584,2,1,9,0,5,0,4.667,0.000,-4.667,220,220,129,600,600,50,0
13035,98,584,2,1,10,0,6,3,5.333,0.000,-5.333,220,220,179,600,600,50,0
13036,98,584,2,1,9,0,6,5,5.000,0.000,-5.000,220,220,229,600,600,50,0
13037,98,584,2,1,11,0,7,8,6.000,0.000,-6.000,220,220,279,600,600,50,0
13038,98,584,2,1,11,0,7,11,6.000,0.000,-6.000,220,220,329,600,600,50,0
13039,98,584,2,1,11,0,8,14,6.333,0.000,-6.333,220,220,379,600,600,50,0
13040,98,584,2,1,12,0,8,17,6.667,0.000,-6.667,220,220,429,600,600,50,0
13041,98,584,2,1,12,3,8,19,7.667,3.000,-4.667,220,220,479,600,600,50,0
13042,98,584,2,1,13,11,9,22,11.000,11.000,0.000,220,220,529,600,600,50,1
13043,98,584,2,1,13,18,9,25,13.333,18.000,4.667,220,220,579,600,600,50,0
13044,98,584,2,1,13,25,10,27,16.000,25.000,9.000,220,220,629,600,600,50,0
13045,98,584,2,1,17,32,10,30,19.667,32.000,12.333,220,220,679,600,600,50,0
13046,98,584,2,1,14,39,10,32,21.000,39.000,18.000,220,220,729,600,600,50,0
13047,98,584,2,1,15,46,11,35,24.000,46.000,22.000,220,220,779,600,600,50,0
13048,98,584,2,1,15,54,11,37,26.667,54.000,27.333,220,220,829,600,600,50,0
13049,98,584,2,1,15,61,12,40,29.333,61.000,31.667,220,220,879,600,600,50,0
13050,98,584,2,1,16,68,12,43,32.000,68.000,36.000,220,220,929,600,600,50,0
13051,98,584,2,1,16,76,13,46,35.000,76.000,41.000,220,220,979,600,600,50,0
13052,98,584,2,1,16,83,13,49,37.333,83.000,45.667,220,220,1029,600,600,50,0
13053,98,584,2,1,17,90,14,51,40.333,90.000,49.667,220,220,1079,600,600,50,0
13054,98,584,2,1,17,98,14,54,43.000,98.000,55.000,220,220,1129,600,600,50,0
13055,98,584,2,1,17,106,14,57,45.667,106.000,60.333,220,220,1179,600,600,50,0
13056,98,585,3,1,73,15,12,44,33.333,73.000,39.667,220,220,80,600,600,50,0
13057,98,585,3,1,65,14,12,42,30.333,65.000,34.667,220,220,130,600,600,50,0
13058,98,585,3,1,56,13,12,38,27.000,56.000,29.000,220,220,180,600,600,50,0
13059,98,585,3,1,49,13,11,35,24.333,49.000,24.667,220,220,230,600,600,50,0
13060,98,585,3,1,42,12,11,32,21.667,42.000,20.333,220,220,280,600,600,50,0
13061,98,585,3,1,35,12,10,30,19.000,35.000,16.000,220,220,330,600,600,50,0
13062,98,585,3,1,27,11,10,27,16.000,27.000,11.000,220,220,380,600,600,50,0
13063,98,585,3,1,20,11,9,24,13.333,20.000,6.667,220,220,430,600,600,50,0
13064,98,585,3,1,16,10,9,22,11.667,16.000,4.333,220,220,480,600,600,50,0
13065,98,585,3,1,6,10,9,19,8.333,6.000,-2.333,220,220,530,575,575,50,1
13066,98,585,3,1,0,10,8,17,6.000,0.000,-6.000,220,220,580,575,575,50,0
13067,98,585,3,1,0,9,8,14,5.667,0.000,-5.667,220,220,630,575,575,50,0
13068,98,585,3,1,0,9,7,11,5.333,0.000,-5.333,220,220,680,575,575,50,0
13069,98,585,3,1,0,8,7,8,5.000,0.000,-5.000,220,220,730,575,575,50,0
13070,98,585,3,1,0,8,7,5,5.000,0.000,-5.000,220,220,780,575,575,50,0
13071,98,585,3,1,0,8,6,3,4.667,0.000,-4.667,220,220,830,575,575,50,0
13072,98,585,3,1,0,7,6,0,4.333,0.000,-4.333,220,220,880,575,575,50,0
13073,98,585,3,1,0,7,5,0,4.000,0.000,-4.000,220,220,930,575,575,50,0
13074,98,585,3,1,0,6,5,0,3.667,0.000,-3.667,220,220,980,575,575,50,0
13075,98,585,3,1,0,5,4,0,3.000,0.000,-3.000,220,220,1030,575,575,50,0
13076,98,585,3,1,0,5,4,0,3.000,0.000,-3.000,220,220,1080,575,575,50,0
13077,98,586,4,1,11,11,0,0,7.333,0.000,-7.333,220,220,54,575,575,50,0
13078,98,586,4,1,8,8,0,0,5.333,0.000,-5.333,220,220,104,575,575,50,0
13079,98,586,4,1,9,8,0,2,5.667,0.000,-5.667,220,220,154,575,575,50,0
13080,98,586,4,1,10,8,0,5,6.000,0.000,-6.000,220,220,204,575,575,50,0
13081,98,586,4,1,10,8,0,8,6.000,0.000,-6.000,220,220,254,575,575,50,0
13082,98,586,4,1,10,9,0,11,6.333,0.000,-6.333,220,220,304,575,575,50,0
13083,98,586,4,1,9,9,0,13,6.000,0.000,-6.000,220,220,354,575,575,50,0
13084,98,586,4,1,14,9,0,16,7.667,0.000,-7.667,220,220,404,575,575,50,0
13085,98,586,4,1,12,10,1,19,7.667,1.000,-6.667,220,220,454,575,575,50,0
13086,98,586,4,1,12,10,8,21,10.000,8.000,-2.000,220,220,504,575,575,50,0
13087,98,586,4,1,12,10,14,24,12.000,14.000,2.000,220,220,554,575,575,50,1
13088,98,586,4,1,13,11,21,26,15.000,21.000,6.000,220,220,604,575,575,50,0
13089,98,586,4,1,13,12,29,29,18.000,29.000,11.000,220,220,654,575,575,50,0
13090,98,586,4,1,13,12,35,32,20.000,35.000,15.000,220,220,704,575,575,50,0
13091,98,586,4,1,14,12,42,34,22.667,42.000,19.333,220,220,754,575,575,50,0
13092,98,586,4,1,14,12,50,37,25.333,50.000,24.667,220,220,804,575,575,50,0
13093,98,586,4,1,15,13,57,39,28.333,57.000,28.667,220,220,854,575,575,50,0
13094,98,586,4,1,15,14,64,42,31.000,64.000,33.000,220,220,904,575,575,50,0
13095,98,586,4,1,16,14,71,45,33.667,71.000,37.333,220,220,954,575,575,50,0
13096,98,586,4,1,16,14,78,47,36.000,78.000,42.000,220,220,1004,575,575,50,0
13097,98,586,4,1,17,14,85,50,38.667,85.000,46.333,220,220,1054,575,575,50,0
13098,98,586,4,1,17,15,93,53,41.667,93.000,51.333,220,220,1104,575,575,50,0
13099,98,587,5,1,12,81,13,46,35.333,81.000,45.667,220,220,54,575,575,50,0
13100,98,587,5,1,16,76,14,47,35.333,76.000,40.667,220,220,104,575,575,50,0
13101,98,587,5,1,15,69,13,44,32.333,69.000,36.667,220,220,154,575,575,50,0
13102,98,587,5,1,18,61,12,42,30.333,61.000,30.667,220,220,204,575,575,50,0
13103,98,587,5,1,15,53,11,38,26.333,53.000,26.667,220,220,254,575,575,50,0
13104,98,587,5,1,14,46,11,35,23.667,46.000,22.333,220,220,304,575,575,50,0
13105,98,587,5,1,14,39,11,33,21.333,39.000,17.667,220,220,354,575,575,50,0
13106,98,587,5,1,13,31,10,30,18.000,31.000,13.000,220,220,404,575,575,50,0
13107,98,587,5,1,13,25,10,27,16.000,25.000,9.000,220,220,454,575,575,50,0
13108,98,587,5,1,13,17,10,24,13.333,17.000,3.667,220,220,504,575,575,50,0
13109,98,587,5,1,12,10,9,22,10.333,10.000,-0.333,220,220,554,575,575,50,1
13110,98,587,5,1,12,3,9,20,8.000,3.000,-5.000,220,220,604,600,600,50,0
13111,98,587,5,1,11,0,9,17,6.667,0.000,-6.667,220,220,654,600,600,50,0
13112,98,587,5,1,11,0,8,14,6.333,0.000,-6.333,220,220,704,600,600,50,0
13113,98,587,5,1,10,0,7,11,5.667,0.000,-5.667,220,220,754,600,600,50,0
13114,98,587,5,1,10,0,7,8,5.667,0.000,-5.667,220,220,804,600,600,50,0
13115,98,587,5,1,9,0,7,5,5.333,0.000,-5.333,220,220,854,600,600,50,0
13116,98,587,5,1,9,0,6,3,5.000,0.000,-5.000,220,220,904,600,600,50,0
13117,98,587,5,1,9,0,6,0,5.000,0.000,-5.000,220,220,954,600,600,50,0
13118,98,587,5,1,8,0,5,0,4.333,0.000,-4.333,220,220,1004,600,600,50,0
13119,98,587,5,1,8,0,5,0,4.333,0.000,-4.333,220,220,1054,600,600,50,0
13120,98,587,5,1,7,0,4,0,3.667,0.000,-3.667,220,220,1104,600,600,50,0
13121,98,587,5,1,7,0,4,0,3.667,0.000,-3.667,220,220,1154,600,600,50,0
13122,98,587,5,1,5,0,3,0,2.667,0.000,-2.667,220,220,1204,600,600,50,0
13123,98,588,6,1,0,6,7,0,4.333,0.000,-4.333,220,220,79,600,600,50,0
13124,98,588,6,1,0,7,7,2,4.667,0.000,-4.667,220,220,129,600,600,50,0
13125,98,588,6,1,0,7,7,5,4.667,0.000,-4.667,220,220,179,600,600,50,0
13126,98,588,6,1,0,8,8,8,5.333,0.000,-5.333,220,220,229,600,600,50,0
13127,98,588,6,1,0,8,8,10,5.333,0.000,-5.333,220,220,279,600,600,50,0
13128,98,588,6,1,0,9,8,13,5.667,0.000,-5.667,220,220,329,600,600,50,0
13129,98,588,6,1,0,9,8,16,5.667,0.000,-5.667,220,220,379,600,600,50,0
13130,98,588,6,1,4,10,9,19,7.667,4.000,-3.667,220,220,429,600,600,50,0
13131,98,588,6,1,11,10,9,22,10.000,11.000,1.000,220,220,479,550,550,50,1
13132,98,588,6,1,18,11,9,24,12.667,18.000,5.333,220,220,529,550,550,50,0
13133,98,588,6,1,25,11,10,27,15.333,25.000,9.667,220,220,579,550,550,50,0
13134,98,588,6,1,32,12,10,29,18.000,32.000,14.000,220,220,629,550,550,50,0
13135,98,588,6,1,39,12,11,32,20.667,39.000,18.333,220,220,679,550,550,50,0
13136,98,588,6,1,46,12,11,34,23.000,46.000,23.000,220,220,729,550,550,50,0
13137,98,588,6,1,53,13,12,37,26.000,53.000,27.000,220,220,779,550,550,50,0
13138,98,588,6,1,61,13,12,40,28.667,61.000,32.333,220,220,829,550,550,50,0
13139,98,588,6,1,68,13,12,42,31.000,68.000,37.000,220,220,879,550,550,50,0
13140,98,588,6,1,74,14,13,45,33.667,74.000,40.333,220,220,929,550,550,50,0
13141,98,588,6,1,85,14,13,48,37.333,85.000,47.667,220,220,979,550,550,50,0
13142,98,588,6,1,89,14,13,50,38.667,89.000,50.333,220,220,1029,550,550,50,0
13143,99,589,1,1,18,14,83,50,38.333,83.000,44.667,220,220,78,550,550,50,0
13144,99,589,1,1,17,14,76,47,35.667,76.000,40.333,220,220,128,550,550,50,0
13145,99,589,1,1,16,14,68,44,32.667,68.000,35.333,220,220,178,550,550,50,0
13146,99,589,1,1,15,13,61,41,29.667,61.000,31.333,220,220,228,550,550,50,0
13147,99,589,1,1,15,13,53,38,27.000,53.000,26.000,220,220,278,550,550,50,0
13148,99,589,1,1,15,12,45,36,24.000,45.000,21.000,220,220,328,550,550,50,0
13149,99,589,1,1,14,12,39,33,21.667,39.000,17.333,220,220,378,550,550,50,0
13150,99,589,1,1,14,12,31,30,19.000,31.000,12.000,220,220,428,550,550,50,0
13151,99,589,1,1,14,11,24,28,16.333,24.000,7.667,220,220,478,550,550,50,0
13152,99,589,1,1,13,10,17,25,13.333,17.000,3.667,220,220,528,550,550,50,0
13153,99,589,1,1,13,10,10,22,11.000,10.000,-1.000,220,220,578,575,575,50,1
13154,99,589,1,1,13,10,3,20,8.667,3.000,-5.667,220,220,628,575,575,50,0
13155,99,589,1,1,12,10,0,17,7.333,0.000,-7.333,220,220,678,575,575,50,0
13156,99,589,1,1,12,9,0,14,7.000,0.000,-7.000,220,220,728,575,575,50,0
13157,99,589,1,1,11,9,0,11,6.667,0.000,-6.667,220,220,778,575,575,50,0
13158,99,589,1,1,11,8,0,9,6.333,0.000,-6.333,220,220,828,575,575,50,0
13159,99,589,1,1,10,8,0,6,6.000,0.000,-6.000,220,220,878,575,575,50,0
13160,99,589,1,1,10,8,0,3,6.000,0.000,-6.000,220,220,928,575,575,50,0
13161,99,589,1,1,12,7,0,1,6.333,0.000,-6.333,220,220,978,575,575,50,0
13162,99,589,1,1,9,7,0,0,5.333,0.000,-5.333,220,220,1028,575,575,50,0
13163,99,589,1,1,8,6,0,0,4.667,0.000,-4.667,220,220,1078,575,575,50,0
13164,99,589,1,1,7,6,0,0,4.333,0.000,-4.333,220,220,1128,575,575,50,0
13165,99,590,2,1,13,0,5,0,6.000,0.000,-6.000,220,220,54,575,575,50,0
13166,99,590,2,1,10,0,4,0,4.667,0.000,-4.667,220,220,104,575,575,50,0
13167,99,590,2,1,9,0,5,0,4.667,0.000,-4.667,220,220,154,575,575,50,0
13168,99,590,2,1,9,0,6,1,5.000,0.000,-5.000,220,220,204,575,575,50,0
13169,99,590,2,1,10,0,6,4,5.333,0.000,-5.333,220,220,254,575,575,50,0
13170,99,590,2,1,10,0,6,6,5.333,0.000,-5.333,220,220,304,575,575,50,0
13171,99,590,2,1,10,0,7,9,5.667,0.000,-5.667,220,220,354,575,575,50,0
13172,99,590,2,1,10,0,7,11,5.667,0.000,-5.667,220,220,404,575,575,50,0
13173,99,590,2,1,12,0,8,14,6.667,0.000,-6.667,220,220,454,575,575,50,0
13174,99,590,2,1,12,0,8,17,6.667,0.000,-6.667,220,220,504,575,575,50,0
13175,99,590,2,1,12,4,8,19,8.000,4.000,-4.000,220,220,554,575,575,50,0
13176,99,590,2,1,13,11,9,22,11.000,11.000,0.000,220,220,604,575,575,50,1
13177,99,590,2,1,13,18,9,25,13.333,18.000,4.667,220,220,654,625,625,50,0
13178,99,590,2,1,13,25,10,27,16.000,25.000,9.000,220,220,704,625,625,50,0
13179,99,590,2,1,17,31,10,30,19.333,31.000,11.667,220,220,754,625,625,50,0
13180,99,590,2,1,15,38,10,32,21.000,38.000,17.000,220,220,804,625,625,50,0
13181,99,590,2,1,15,46,11,35,24.000,46.000,22.000,220,220,854,625,625,50,0
13182,99,590,2,1,15,53,11,37,26.333,53.000,26.667,220,220,904,625,625,50,0
13183,99,590,2,1,15,60,12,40,29.000,60.000,31.000,220,220,954,625,625,50,0
13184,99,590,2,1,16,69,12,43,32.333,69.000,36.667,220,220,1004,625,625,50,0
13185,99,590,2,1,17,76,12,46,35.000,76.000,41.000,220,220,1054,625,625,50,0
13186,99,590,2,1,17,83,13,48,37.667,83.000,45.333,220,220,1104,625,625,50,0
13187,99,590,2,1,17,91,13,51,40.333,91.000,50.667,220,220,1154,625,625,50,0
13188,99,590,2,1,17,99,14,54,43.333,99.000,55.667,220,220,1204,625,625,50,0
13189,99,590,2,1,17,107,14,57,46.000,107.000,61.000,220,220,1254,625,625,50,0
13190,99,591,3,1,72,13,9,41,31.333,72.000,40.667,220,220,54,625,625,50,0
13191,99,591,3,1,68,15,11,43,31.333,68.000,36.667,220,220,104,625,625,50,0
13192,99,591,3,1,60,14,11,39,28.333,60.000,31.667,220,220,154,625,625,50,0
13193,99,591,3,1,52,13,11,36,25.333,52.000,26.667,220,220,204,625,625,50,0
13194,99,591,3,1,44,13,11,33,22.667,44.000,21.333,220,220,254,625,625,50,0
13195,99,591,3,1,36,12,10,30,19.333,36.000,16.667,220,220,304,625,625,50,0
13196,99,591,3,1,28,12,10,28,16.667,28.000,11.333,220,220,354,625,625,50,0
13197,99,591,3,1,21,11,9,25,13.667,21.000,7.333,220,220,404,625,625,50,0
13198,99,591,3,1,13,11,9,22,11.000,13.000,2.000,220,220,454,625,625,50,0
13199,99,591,3,1,10,10,9,20,9.667,10.000,0.333,220,220,504,625,625,50,0
13200,99,591,3,1,0,10,8,17,6.000,0.000,-6.000,220,220,554,600,600,50,1
13201,99,591,3,1,0,9,8,13,5.667,0.000,-5.667,220,220,604,600,600,50,0
13202,99,591,3,1,0,9,7,12,5.333,0.000,-5.333,220,220,654,600,600,50,0
13203,99,591,3,1,0,9,7,8,5.333,0.000,-5.333,220,220,704,600,600,50,0
13204,99,591,3,1,0,8,7,6,5.000,0.000,-5.000,220,220,754,600,600,50,0
13205,99,591,3,1,0,8,6,3,4.667,0.000,-4.667,220,220,804,600,600,50,0
13206,99,591,3,1,0,7,6,1,4.333,0.000,-4.333,220,220,854,600,600,50,0
13207,99,591,3,1,0,6,5,0,3.667,0.000,-3.667,220,220,904,600,600,50,0
13208,99,591,3,1,0,6,5,0,3.667,0.000,-3.667,220,220,954,600,600,50,0
13209,99,591,3,1,0,6,4,0,3.333,0.000,-3.333,220,220,1004,600,600,50,0
13210,99,591,3,1,0,5,4,0,3.000,0.000,-3.000,220,220,1054,600,600,50,0
13211,99,591,3,1,0,4,4,0,2.667,0.000,-2.667,220,220,1104,600,600,50,0
13212,99,591,3,1,0,4,3,0,2.333,0.000,-2.333,220,220,1154,600,600,50,0
13213,99,592,4,1,8,8,0,2,5.333,0.000,-5.333,220,220,79,600,600,50,0
13214,99,592,4,1,9,8,0,5,5.667,0.000,-5.667,220,220,129,600,600,50,0
13215,99,592,4,1,10,8,0,8,6.000,0.000,-6.000,220,220,179,600,600,50,0
13216,99,592,4,1,10,9,0,10,6.333,0.000,-6.333,220,220,229,600,600,50,0
13217,99,592,4,1,13,9,0,13,7.333,0.000,-7.333,220,220,279,600,600,50,0
13218,99,592,4,1,10,9,0,15,6.333,0.000,-6.333,220,220,329,600,600,50,0
13219,99,592,4,1,11,9,0,18,6.667,0.000,-6.667,220,220,379,600,600,50,0
13220,99,592,4,1,12,10,7,21,9.667,7.000,-2.667,220,220,429,600,600,50,0
13221,99,592,4,1,12,10,13,23,11.667,13.000,1.333,220,220,479,550,550,50,1
13222,99,592,4,1,13,11,20,26,14.667,20.000,5.333,220,220,529,550,550,50,0
13223,99,592,4,1,13,12,27,28,17.333,27.000,9.667,220,220,579,550,550,50,0
13224,99,592,4,1,13,12,34,32,19.667,34.000,14.333,220,220,629,550,550,50,0
13225,99,592,4,1,14,12,41,34,22.333,41.000,18.667,220,220,679,550,550,50,0
13226,99,592,4,1,14,13,49,37,25.333,49.000,23.667,220,220,729,550,550,50,0
13227,99,592,4,1,15,13,56,39,28.000,56.000,28.000,220,220,779,550,550,50,0
13228,99,592,4,1,15,14,64,42,31.000,64.000,33.000,220,220,829,550,550,50,0
13229,99,592,4,1,16,14,71,45,33.667,71.000,37.333,220,220,879,550,550,50,0
13230,99,592,4,1,16,14,79,48,36.333,79.000,42.667,220,220,929,550,550,50,0
13231,99,592,4,1,16,14,87,51,39.000,87.000,48.000,220,220,979,550,550,50,0
13232,99,592,4,1,17,15,95,53,42.333,95.000,52.667,220,220,1029,550,550,50,0
13233,99,593,5,1,17,81,14,48,37.333,81.000,43.667,220,220,79,550,550,50,0
13234,99,593,5,1,16,73,13,45,34.000,73.000,39.000,220,220,129,550,550,50,0
13235,99,593,5,1,15,65,12,42,30.667,65.000,34.333,220,220,179,550,550,50,0
13236,99,593,5,1,18,58,12,40,29.333,58.000,28.667,220,220,229,550,550,50,0
13237,99,593,5,1,15,50,11,36,25.333,50.000,24.667,220,220,279,550,550,50,0
13238,99,593,5,1,14,43,11,34,22.667,43.000,20.333,220,220,329,550,550,50,0
13239,99,593,5,1,14,36,11,31,20.333,36.000,15.667,220,220,379,550,550,50,0
13240,99,593,5,1,13,29,10,29,17.333,29.000,11.667,220,220,429,550,550,50,0
13241,99,593,5,1,13,22,10,26,15.000,22.000,7.000,220,220,479,550,550,50,0
13242,99,593,5,1,13,15,9,24,12.333,15.000,2.667,220,220,529,550,550,50,0
13243,99,593,5,1,12,8,9,21,9.667,8.000,-1.667,220,220,579,575,575,50,1
13244,99,593,5,1,12,1,9,18,7.333,1.000,-6.333,220,220,629,575,575,50,0
13245,99,593,5,1,11,0,9,16,6.667,0.000,-6.667,220,220,679,575,575,50,0
13246,99,593,5,1,11,0,8,14,6.333,0.000,-6.333,220,220,729,575,575,50,0
13247,99,593,5,1,10,0,8,11,6.000,0.000,-6.000,220,220,779,575,575,50,0
13248,99,593,5,1,10,0,7,8,5.667,0.000,-5.667,220,220,829,575,575,50,0
13249,99,593,5,1,10,0,7,5,5.667,0.000,-5.667,220,220,879,575,575,50,0
13250,99,593,5,1,9,0,6,2,5.000,0.000,-5.000,220,220,929,575,575,50,0
13251,99,593,5,1,9,0,6,0,5.000,0.000,-5.000,220,220,979,575,575,50,0
13252,99,593,5,1,9,0,5,0,4.667,0.000,-4.667,220,220,1029,575,575,50,0
13253,99,593,5,1,8,0,4,0,4.000,0.000,-4.000,220,220,1079,575,575,50,0
13254,99,593,5,1,7,0,4,0,3.667,0.000,-3.667,220,220,1129,575,575,50,0
13255,99,594,6,1,0,7,8,0,5.000,0.000,-5.000,220,220,54,575,575,50,0
13256,99,594,6,1,0,5,6,0,3.667,0.000,-3.667,220,220,104,575,575,50,0
13257,99,594,6,1,0,7,6,0,4.333,0.000,-4.333,220,220,154,575,575,50,0
13258,99,594,6,1,0,7,6,2,4.333,0.000,-4.333,220,220,204,575,575,50,0
13259,99,594,6,1,0,7,6,4,4.333,0.000,-4.333,220,220,254,575,575,50,0
13260,99,594,6,1,0,8,7,7,5.000,0.000,-5.000,220,220,304,575,575,50,0
13261,99,594,6,1,0,8,8,10,5.333,0.000,-5.333,220,220,354,575,575,50,0
13262,99,594,6,1,0,9,8,13,5.667,0.000,-5.667,220,220,404,575,575,50,0
13263,99,594,6,1,0,9,8,16,5.667,0.000,-5.667,220,220,454,575,575,50,0
13264,99,594,6,1,3,9,9,18,7.000,3.000,-4.000,220,220,504,575,575,50,0
13265,99,594,6,1,10,10,9,21,9.667,10.000,0.333,220,220,554,575,575,50,1
13266,99,594,6,1,17,11,9,24,12.333,17.000,4.667,220,220,604,575,575,50,0
13267,99,594,6,1,25,11,10,27,15.333,25.000,9.667,220,220,654,575,575,50,0
13268,99,594,6,1,32,11,10,29,17.667,32.000,14.333,220,220,704,575,575,50,0
13269,99,594,6,1,39,12,11,32,20.667,39.000,18.333,220,220,754,575,575,50,0
13270,99,594,6,1,46,12,11,35,23.000,46.000,23.000,220,220,804,575,575,50,0
13271,99,594,6,1,54,13,11,37,26.000,54.000,28.000,220,220,854,575,575,50,0
13272,99,594,6,1,61,13,12,40,28.667,61.000,32.333,220,220,904,575,575,50,0
13273,99,594,6,1,69,13,12,43,31.333,69.000,37.667,220,220,954,575,575,50,0
13274,99,594,6,1,77,14,13,45,34.667,77.000,42.333,220,220,1004,575,575,50,0
13275,99,594,6,1,87,15,13,48,38.333,87.000,48.667,220,220,1054,575,575,50,0
13276,99,594,6,1,90,15,13,51,39.333,90.000,50.667,220,220,1104,575,575,50,0
13277,100,595,1,1,16,11,83,47,36.667,83.000,46.333,220,220,54,575,575,50,0
13278,100,595,1,1,18,13,77,48,36.000,77.000,41.000,220,220,104,575,575,50,0
13279,100,595,1,1,17,14,69,45,33.333,69.000,35.667,220,220,154,575,575,50,0
13280,100,595,1,1,16,13,61,42,30.000,61.000,31.000,220,220,204,575,575,50,0
13281,100,595,1,1,15,13,53,38,27.000,53.000,26.000,220,220,254,575,575,50,0
13282,100,595,1,1,15,12,45,36,24.000,45.000,21.000,220,220,304,575,575,50,0
13283,100,595,1,1,14,12,39,33,21.667,39.000,17.333,220,220,354,575,575,50,0
13284,100,595,1,1,14,11,31,30,18.667,31.000,12.333,220,220,404,575,575,50,0
13285,100,595,1,1,14,11,24,27,16.333,24.000,7.667,220,220,454,575,575,50,0
13286,100,595,1,1,14,11,18,25,14.333,18.000,3.667,220,220,504,575,575,50,0
13287,100,595,1,1,13,11,11,22,11.667,11.000,-0.667,220,220,554,575,575,50,1
13288,100,595,1,1,13,10,4,20,9.000,4.000,-5.000,220,220,604,600,600,50,0
13289,100,595,1,1,12,9,0,17,7.000,0.000,-7.000,220,220,654,600,600,50,0
13290,100,595,1,1,12,9,0,15,7.000,0.000,-7.000,220,220,704,600,600,50,0
13291,100,595,1,1,11,8,0,12,6.333,0.000,-6.333,220,220,754,600,600,50,0
13292,100,595,1,1,11,8,0,10,6.333,0.000,-6.333,220,220,804,600,600,50,0
13293,100,595,1,1,10,8,0,7,6.000,0.000,-6.000,220,220,854,600,600,50,0
13294,100,595,1,1,12,7,0,4,6.333,0.000,-6.333,220,220,904,600,600,50,0
13295,100,595,1,1,9,7,0,1,5.333,0.000,-5.333,220,220,954,600,600,50,0
13296,100,595,1,1,9,7,0,0,5.333,0.000,-5.333,220,220,1004,600,600,50,0
13297,100,595,1,1,8,6,0,0,4.667,0.000,-4.667,220,220,1054,600,600,50,0
13298,100,595,1,1,8,6,0,0,4.667,0.000,-4.667,220,220,1104,600,600,50,0
13299,100,595,1,1,7,5,0,0,4.000,0.000,-4.000,220,220,1154,600,600,50,0
13300,100,595,1,1,6,5,0,0,3.667,0.000,-3.667,220,220,1204,600,600,50,0
13301,100,596,2,1,10,0,4,0,4.667,0.000,-4.667,220,220,79,600,600,50,0
13302,100,596,2,1,10,0,6,1,5.333,0.000,-5.333,220,220,129,600,600,50,0
13303,100,596,2,1,10,0,6,4,5.333,0.000,-5.333,220,220,179,600,600,50,0
13304,100,596,2,1,10,0,6,6,5.333,0.000,-5.333,220,220,229,600,600,50,0
13305,100,596,2,1,10,0,7,9,5.667,0.000,-5.667,220,220,279,600,600,50,0
13306,100,596,2,1,11,0,7,12,6.000,0.000,-6.000,220,220,329,600,600,50,0
13307,100,596,2,1,12,0,8,15,6.667,0.000,-6.667,220,220,379,600,600,50,0
13308,100,596,2,1,12,0,8,18,6.667,0.000,-6.667,220,220,429,600,600,50,0
13309,100,596,2,1,12,6,8,20,8.667,6.000,-2.667,220,220,479,600,600,50,0
13310,100,596,2,1,13,13,9,22,11.667,13.000,1.333,220,220,529,575,575,50,1
13311,100,596,2,1,13,20,9,25,14.000,20.000,6.000,220,220,579,575,575,50,0
13312,100,596,2,1,14,27,10,28,17.000,27.000,10.000,220,220,629,575,575,50,0
13313,100,596,2,1,17,35,10,31,20.667,35.000,14.333,220,220,679,575,575,50,0
13314,100,596,2,1,15,41,11,33,22.333,41.000,18.667,220,220,729,575,575,50,0
13315,100,596,2,1,16,49,11,36,25.333,49.000,23.667,220,220,779,575,575,50,0
13316,100,596,2,1,16,57,12,39,28.333,57.000,28.667,220,220,829,575,575,50,0
13317,100,596,2,1,16,64,12,42,30.667,64.000,33.333,220,220,879,575,575,50,0
13318,100,596,2,1,16,72,13,44,33.667,72.000,38.333,220,220,929,575,575,50,0
13319,100,596,2,1,17,79,13,47,36.333,79.000,42.667,220,220,979,575,575,50,0
13320,100,596,2,1,17,88,13,50,39.333,88.000,48.667,220,220,1029,575,575,50,0
13321,100,596,2,1,17,95,14,53,42.000,95.000,53.000,220,220,1079,575,575,50,0
13322,100,597,3,1,84,14,10,46,36.000,84.000,48.000,220,220,54,575,575,50,0
13323,100,597,3,1,80,15,12,47,35.667,80.000,44.333,220,220,104,575,575,50,0
13324,100,597,3,1,72,15,12,44,33.000,72.000,39.000,220,220,154,575,575,50,0
13325,100,597,3,1,65,14,12,41,30.333,65.000,34.667,220,220,204,575,575,50,0
13326,100,597,3,1,56,13,11,38,26.667,56.000,29.333,220,220,254,575,575,50,0
13327,100,597,3,1,48,13,11,35,24.000,48.000,24.000,220,220,304,575,575,50,0
13328,100,597,3,1,41,12,11,32,21.333,41.000,19.667,220,220,354,575,575,50,0
13329,100,597,3,1,34,11,10,30,18.333,34.000,15.667,220,220,404,575,575,50,0
13330,100,597,3,1,26,11,10,27,15.667,26.000,10.333,220,220,454,575,575,50,0
13331,100,597,3,1,19,11,9,25,13.000,19.000,6.000,220,220,504,575,575,50,0
13332,100,597,3,1,16,10,9,22,11.667,16.000,4.333,220,220,554,575,575,50,0
13333,100,597,3,1,6,10,9,19,8.333,6.000,-2.333,220,220,604,600,600,50,1
13334,100,597,3,1,0,10,8,17,6.000,0.000,-6.000,220,220,654,600,600,50,0
13335,100,597,3,1,0,9,8,14,5.667,0.000,-5.667,220,220,704,600,600,50,0
13336,100,597,3,1,0,9,8,11,5.667,0.000,-5.667,220,220,754,600,600,50,0
13337,100,597,3,1,0,9,7,9,5.333,0.000,-5.333,220,220,804,600,600,50,0
13338,100,597,3,1,0,8,6,6,4.667,0.000,-4.667,220,220,854,600,600,50,0
13339,100,597,3,1,0,7,6,3,4.333,0.000,-4.333,220,220,904,600,600,50,0
13340,100,597,3,1,0,7,6,0,4.333,0.000,-4.333,220,220,954,600,600,50,0
13341,100,597,3,1,0,7,5,0,4.000,0.000,-4.000,220,220,1004,600,600,50,0
13342,100,597,3,1,0,6,5,0,3.667,0.000,-3.667,220,220,1054,600,600,50,0
13343,100,597,3,1,0,6,4,0,3.333,0.000,-3.333,220,220,1104,600,600,50,0
13344,100,597,3,1,0,5,4,0,3.000,0.000,-3.000,220,220,1154,600,600,50,0
13345,100,597,3,1,0,5,4,0,3.000,0.000,-3.000,220,220,1204,600,600,50,0
13346,100,598,4,1,8,8,0,0,5.333,0.000,-5.333,220,220,80,600,600,50,0
13347,100,598,4,1,9,7,0,1,5.333,0.000,-5.333,220,220,130,600,600,50,0
13348,100,598,4,1,10,8,0,4,6.000,0.000,-6.000,220,220,180,600,600,50,0
13349,100,598,4,1,10,8,0,7,6.000,0.000,-6.000,220,220,230,600,600,50,0
13350,100,598,4,1,10,9,0,10,6.333,0.000,-6.333,220,220,280,600,600,50,0
13351,100,598,4,1,14,9,0,13,7.667,0.000,-7.667,220,220,330,600,600,50,0
13352,100,598,4,1,11,9,0,16,6.667,0.000,-6.667,220,220,380,600,600,50,0
13353,100,598,4,1,11,10,0,18,7.000,0.000,-7.000,220,220,430,600,600,50,0
13354,100,598,4,1,12,10,7,21,9.667,7.000,-2.667,220,220,480,600,600,50,0
13355,100,598,4,1,13,11,14,23,12.667,14.000,1.333,220,220,530,575,575,50,1
13356,100,598,4,1,13,11,21,26,15.000,21.000,6.000,220,220,580,575,575,50,0
13357,100,598,4,1,13,12,28,29,17.667,28.000,10.333,220,220,630,575,575,50,0
13358,100,598,4,1,14,12,35,32,20.333,35.000,14.667,220,220,680,575,575,50,0
13359,100,598,4,1,14,12,42,34,22.667,42.000,19.333,220,220,730,575,575,50,0
13360,100,598,4,1,14,12,49,37,25.000,49.000,24.000,220,220,780,575,575,50,0
13361,100,598,4,1,15,13,56,39,28.000,56.000,28.000,220,220,830,575,575,50,0
13362,100,598,4,1,15,13,64,42,30.667,64.000,33.333,220,220,880,575,575,50,0
13363,100,598,4,1,16,14,70,45,33.333,70.000,36.667,220,220,930,575,575,50,0
13364,100,598,4,1,16,14,77,47,35.667,77.000,41.333,220,220,980,575,575,50,0
13365,100,598,4,1,16,14,85,50,38.333,85.000,46.667,220,220,1030,575,575,50,0
13366,100,598,4,1,17,15,92,53,41.333,92.000,50.667,220,220,1080,575,575,50,0
13367,100,599,5,1,12,78,13,45,34.333,78.000,43.667,220,220,54,575,575,50,0
13368,100,599,5,1,16,74,14,46,34.667,74.000,39.333,220,220,104,575,575,50,0
13369,100,599,5,1,16,66,13,43,31.667,66.000,34.333,220,220,154,575,575,50,0
13370,100,599,5,1,18,59,12,40,29.667,59.000,29.333,220,220,204,575,575,50,0
13371,100,599,5,1,14,50,11,37,25.000,50.000,25.000,220,220,254,575,575,50,0
13372,100,599,5,1,14,43,11,34,22.667,43.000,20.333,220,220,304,575,575,50,0
13373,100,599,5,1,14,36,11,32,20.333,36.000,15.667,220,220,354,575,575,50,0
13374,100,599,5,1,14,29,10,29,17.667,29.000,11.333,220,220,404,575,575,50,0
13375,100,599,5,1,13,22,10,26,15.000,22.000,7.000,220,220,454,575,575,50,0
13376,100,599,5,1,12,15,9,24,12.000,15.000,3.000,220,220,504,575,575,50,0
13377,100,599,5,1,12,9,9,21,10.000,9.000,-1.000,220,220,554,575,575,50,1
13378,100,599,5,1,11,2,9,19,7.333,2.000,-5.333,220,220,604,575,575,50,0
13379,100,599,5,1,11,0,8,16,6.333,0.000,-6.333,220,220,654,575,575,50,0
13380,100,599,5,1,11,0,8,13,6.333,0.000,-6.333,220,220,704,575,575,50,0
13381,100,599,5,1,10,0,8,11,6.000,0.000,-6.000,220,220,754,575,575,50,0
13382,100,599,5,1,10,0,7,8,5.667,0.000,-5.667,220,220,804,575,575,50,0
13383,100,599,5,1,10,0,7,4,5.667,0.000,-5.667,220,220,854,575,575,50,0
13384,100,599,5,1,9,0,6,2,5.000,0.000,-5.000,220,220,904,575,575,50,0
13385,100,599,5,1,9,0,6,0,5.000,0.000,-5.000,220,220,954,575,575,50,0
13386,100,599,5,1,8,0,5,0,4.333,0.000,-4.333,220,220,1004,575,575,50,0
13387,100,599,5,1,8,0,4,0,4.000,0.000,-4.000,220,220,1054,575,575,50,0
13388,100,599,5,1,6,0,4,0,3.333,0.000,-3.333,220,220,1104,575,575,50,0
13389,100,600,6,1,0,7,8,0,5.000,0.000,-5.000,220,220,54,575,575,50,0
13390,100,600,6,1,0,6,6,0,4.000,0.000,-4.000,220,220,104,575,575,50,0
13391,100,600,6,1,0,7,6,0,4.333,0.000,-4.333,220,220,154,575,575,50,0
13392,100,600,6,1,0,7,7,3,4.667,0.000,-4.667,220,220,204,575,575,50,0
13393,100,600,6,1,0,8,6,5,4.667,0.000,-4.667,220,220,254,575,575,50,0
13394,100,600,6,1,0,8,7,8,5.000,0.000,-5.000,220,220,304,575,575,50,0
13395,100,600,6,1,0,8,8,11,5.333,0.000,-5.333,220,220,354,575,575,50,0
13396,100,600,6,1,0,9,8,14,5.667,0.000,-5.667,220,220,404,575,575,50,0
13397,100,600,6,1,0,9,8,17,5.667,0.000,-5.667,220,220,454,575,575,50,0
13398,100,600,6,1,6,10,9,19,8.333,6.000,-2.333,220,220,504,575,575,50,0
13399,100,600,6,1,13,10,9,22,10.667,13.000,2.333,220,220,554,575,575,50,1
13400,100,600,6,1,20,10,10,25,13.333,20.000,6.667,220,220,604,575,575,50,0
13401,100,600,6,1,27,11,10,27,16.000,27.000,11.000,220,220,654,575,575,50,0
13402,100,600,6,1,34,12,10,30,18.667,34.000,15.333,220,220,704,575,575,50,0
13403,100,600,6,1,41,11,11,32,21.000,41.000,20.000,220,220,754,575,575,50,0
13404,100,600,6,1,48,12,11,35,23.667,48.000,24.333,220,220,804,575,575,50,0
13405,100,600,6,1,55,12,12,38,26.333,55.000,28.667,220,220,854,575,575,50,0
13406,100,600,6,1,63,13,12,40,29.333,63.000,33.667,220,220,904,575,575,50,0
13407,100,600,6,1,70,13,12,43,31.667,70.000,38.333,220,220,954,575,575,50,0
13408,100,600,6,1,77,14,12,46,34.333,77.000,42.667,220,220,1004,575,575,50,0
13409,100,600,6,1,87,15,13,49,38.333,87.000,48.667,220,220,1054,575,575,50,0
13410,100,600,6,1,90,15,13,51,39.333,90.000,50.667,220,220,1104,575,575,50,0
