step,is_cl,bemf,sw_vcom,flt,vcom_adc,laptime,d_cur,d_tgt,par,ccr,ccr_target
1,False,-2.0,9.0,7,20,43543,876,900,50,220,220
1,False,-1.0,9.0,8,20,43593,876,900,50,220,220
1,False,-1.666666666666666,8.666666666666666,7,20,43643,876,900,50,220,220
1,False,-1.0,9.0,8,19,43693,876,900,50,220,220
1,False,-1.333333333333334,9.333333333333334,8,20,43743,876,900,50,220,220
1,False,-1.0,9.0,8,20,43793,876,900,50,220,220
1,False,-1.666666666666666,8.666666666666666,7,20,43843,876,900,50,220,220
1,False,-2.0,9.0,7,19,43893,876,900,50,220,220
1,False,-1.666666666666666,8.666666666666666,7,19,43943,876,900,50,220,220
1,False,-2.0,9.0,7,20,43993,876,900,50,220,220
1,False,-2.0,9.0,7,20,44043,876,900,50,220,220
1,False,-1.666666666666666,8.666666666666666,7,20,44093,876,900,50,220,220
1,False,-1.666666666666666,8.666666666666666,7,20,44143,876,900,50,220,220
1,False,-1.666666666666666,8.666666666666666,7,20,44193,876,900,50,220,220
1,False,-1.333333333333334,9.333333333333334,8,20,44243,876,900,50,220,220
1,False,-2.0,9.0,7,20,44293,876,900,50,220,220
1,False,-2.0,9.0,7,20,44343,876,900,50,220,220
1,False,-3.0,10.0,7,20,44393,876,900,50,220,220
1,False,-1.666666666666666,8.666666666666666,7,19,44443,876,900,50,220,220
1,False,-2.0,9.0,7,19,44493,876,900,50,220,220
1,False,-2.0,9.0,7,20,8174,876,900,50,220,220
1,False,-1.333333333333334,9.333333333333334,8,20,8224,876,900,50,220,220
1,False,-1.333333333333334,9.333333333333334,8,20,8274,876,900,50,220,220
1,False,-2.0,9.0,7,19,8324,876,900,50,220,220
1,False,-1.0,9.0,8,20,8374,876,900,50,220,220
1,False,-1.0,9.0,8,19,8424,876,900,50,220,220
1,False,-1.666666666666666,8.666666666666666,7,19,8474,876,900,50,220,220
1,False,-1.333333333333334,9.333333333333334,8,20,8524,876,900,50,220,220
1,False,-2.0,9.0,7,20,8574,876,900,50,220,220
1,False,-1.333333333333334,9.333333333333334,8,20,8624,876,900,50,220,220
1,False,-1.333333333333334,9.333333333333334,8,19,8674,876,900,50,220,220
1,False,-1.333333333333334,9.333333333333334,8,19,8724,876,900,50,220,220
1,False,-1.666666666666666,8.666666666666666,7,20,8774,876,900,50,220,220
1,False,-1.0,9.0,8,20,8824,876,900,50,220,220
1,False,-1.0,9.0,8,20,8874,876,900,50,220,220
1,False,-1.0,9.0,8,20,8924,876,900,50,220,220
1,False,-2.333333333333334,10.333333333333334,8,20,8974,876,900,50,220,220
1,False,-1.0,9.0,8,19,9024,876,900,50,220,220
1,False,-1.0,9.0,8,20,9074,876,900,50,220,220
1,False,-1.0,9.0,8,19,9124,876,900,50,220,220
2,False,-5.666666666666667,5.666666666666667,0,13,8167,10000,10000,50,220,220
2,False,-5.666666666666667,5.666666666666667,0,13,8217,10000,10000,50,220,220
2,False,-5.333333333333333,5.333333333333333,0,12,8267,10000,10000,50,220,220
2,False,-5.666666666666667,5.666666666666667,0,11,8317,10000,10000,50,220,220
2,False,-5.333333333333333,5.333333333333333,0,11,8367,10000,10000,50,220,220
2,False,-5.333333333333333,5.333333333333333,0,10,8417,10000,10000,50,220,220
2,False,-5.666666666666667,5.666666666666667,0,10,8467,10000,10000,50,220,220
2,False,-5.0,5.0,0,9,8517,10000,10000,50,220,220
2,False,-5.0,5.0,0,9,8567,10000,10000,50,220,220
2,False,-5.0,5.0,0,8,8617,10000,10000,50,220,220
2,False,-5.0,5.0,0,8,8667,10000,10000,50,220,220
2,False,-5.0,5.0,0,7,8717,10000,10000,50,220,220
2,False,-5.0,5.0,0,7,8767,10000,10000,50,220,220
2,False,-5.0,5.0,0,5,8817,10000,10000,50,220,220
2,False,-5.0,5.0,0,6,8867,10000,10000,50,220,220
2,False,-6.0,6.0,0,5,8917,10000,10000,50,220,220
2,False,-5.0,5.0,0,5,8967,10000,10000,50,220,220
2,False,-5.0,5.0,0,4,9017,10000,10000,50,220,220
2,False,-5.0,5.0,0,3,9067,10000,10000,50,220,220
2,False,-5.0,5.0,0,3,9117,10000,10000,50,220,220
3,False,-3.666666666666667,6.666666666666667,3,17,8160,10000,10000,50,220,220
3,False,-3.0,7.0,4,18,8210,10000,10000,50,220,220
3,False,-2.0,8.0,6,18,8260,10000,10000,50,220,220
3,False,-0.3333333333333339,8.333333333333334,8,19,8310,10000,10000,50,220,220
3,False,0.0,9.0,9,20,8360,10000,10000,50,220,220
3,False,1.333333333333334,9.666666666666666,11,20,8410,10000,10000,50,220,220
3,False,2.0,10.0,12,21,8460,10000,10000,50,220,220
3,False,3.0,11.0,14,22,8510,10000,10000,50,220,220
3,False,4.333333333333334,11.666666666666666,16,22,8560,10000,10000,50,220,220
3,False,5.0,12.0,17,23,8610,10000,10000,50,220,220
3,False,6.666666666666666,12.333333333333334,19,24,8660,10000,10000,50,220,220
3,False,7.666666666666666,13.333333333333334,21,24,8710,10000,10000,50,220,220
3,False,8.333333333333334,13.666666666666666,22,24,8760,10000,10000,50,220,220
3,False,9.333333333333334,13.666666666666666,23,25,8810,10000,10000,50,220,220
3,False,12.0,16.0,28,26,8860,10000,10000,50,220,220
3,False,11.333333333333334,15.666666666666666,27,27,8910,10000,10000,50,220,220
3,False,12.666666666666668,16.333333333333332,29,27,8960,10000,10000,50,220,220
3,False,14.0,17.0,31,28,9010,10000,10000,50,220,220
3,False,15.333333333333332,17.666666666666668,33,28,9060,10000,10000,50,220,220
3,False,15.666666666666668,18.333333333333332,34,29,9110,10000,10000,50,220,220
4,False,2.0,11.0,13,22,8153,10000,10000,50,220,220
4,False,0.3333333333333339,10.666666666666666,11,21,8203,10000,10000,50,220,220
4,False,-0.3333333333333339,10.333333333333334,10,21,8253,10000,10000,50,220,220
4,False,-1.666666666666666,9.666666666666666,8,20,8303,10000,10000,50,220,220
4,False,-2.333333333333334,9.333333333333334,7,19,8353,10000,10000,50,220,220
4,False,-3.333333333333334,8.333333333333334,5,19,8403,10000,10000,50,220,220
4,False,-4.0,8.0,4,18,8453,10000,10000,50,220,220
4,False,-5.0,7.0,2,18,8503,10000,10000,50,220,220
4,False,-6.0,7.0,1,18,8553,10000,10000,50,220,220
4,False,-6.666666666666667,6.666666666666667,0,16,8603,10000,10000,50,220,220
4,False,-6.333333333333333,6.333333333333333,0,16,8653,10000,10000,50,220,220
4,False,-6.333333333333333,6.333333333333333,0,16,8703,10000,10000,50,220,220
4,False,-6.333333333333333,6.333333333333333,0,15,8753,10000,10000,50,220,220
4,False,-7.333333333333333,7.333333333333333,0,15,8803,10000,10000,50,220,220
4,False,-6.333333333333333,6.333333333333333,0,14,8853,10000,10000,50,220,220
4,False,-6.333333333333333,6.333333333333333,0,13,8903,10000,10000,50,220,220
4,False,-6.333333333333333,6.333333333333333,0,12,8953,10000,10000,50,220,220
4,False,-6.0,6.0,0,12,9003,10000,10000,50,220,220
4,False,-6.333333333333333,6.333333333333333,0,12,9053,10000,10000,50,220,220
4,False,-6.0,6.0,0,11,9103,10000,10000,50,220,220
5,False,-6.666666666666667,6.666666666666667,0,16,8137,10000,10000,50,220,220
5,False,-6.666666666666667,6.666666666666667,0,17,8187,10000,10000,50,220,220
5,False,-6.0,7.0,1,17,8237,10000,10000,50,220,220
5,False,-5.333333333333333,7.333333333333333,2,18,8287,10000,10000,50,220,220
5,False,-4.0,8.0,4,18,8337,10000,10000,50,220,220
5,False,-3.333333333333334,8.333333333333334,5,19,8387,10000,10000,50,220,220
5,False,-2.333333333333334,9.333333333333334,7,20,8437,10000,10000,50,220,220
5,False,-1.333333333333334,9.333333333333334,8,20,8487,10000,10000,50,220,220
5,False,0.0,10.0,10,20,8537,10000,10000,50,220,220
5,False,0.6666666666666661,10.333333333333334,11,21,8587,10000,10000,50,220,220
5,False,2.0,11.0,13,21,8637,10000,10000,50,220,220
5,False,2.666666666666666,11.333333333333334,14,22,8687,10000,10000,50,220,220
5,False,2.666666666666666,13.333333333333334,16,23,8737,10000,10000,50,220,220
5,False,4.333333333333334,12.666666666666666,17,23,8787,10000,10000,50,220,220
5,False,5.0,13.0,18,24,8837,10000,10000,50,220,220
5,False,6.666666666666666,13.333333333333334,20,25,8887,10000,10000,50,220,220
5,False,7.0,14.0,21,25,8937,10000,10000,50,220,220
5,False,8.333333333333334,14.666666666666666,23,25,8987,10000,10000,50,220,220
5,False,8.666666666666666,15.333333333333334,24,27,9037,10000,10000,50,220,220
5,False,10.0,16.0,26,27,9087,10000,10000,50,220,220
6,False,2.0,10.0,12,20,8131,10000,10000,50,220,220
6,False,1.333333333333334,9.666666666666666,11,20,8181,10000,10000,50,220,220
6,False,0.6666666666666661,9.333333333333334,10,19,8231,10000,10000,50,220,220
6,False,-0.6666666666666661,8.666666666666666,8,18,8281,10000,10000,50,220,220
6,False,-1.333333333333334,8.333333333333334,7,18,8331,10000,10000,50,220,220
6,False,-2.333333333333333,7.333333333333333,5,18,8381,10000,10000,50,220,220
6,False,-3.0,7.0,4,17,8431,10000,10000,50,220,220
6,False,-4.0,7.0,3,17,8481,10000,10000,50,220,220
6,False,-5.0,6.0,1,16,8531,10000,10000,50,220,220
6,False,-5.666666666666667,5.666666666666667,0,16,8581,10000,10000,50,220,220
6,False,-5.666666666666667,5.666666666666667,0,15,8631,10000,10000,50,220,220
6,False,-5.666666666666667,5.666666666666667,0,15,8681,10000,10000,50,220,220
6,False,-5.666666666666667,5.666666666666667,0,14,8731,10000,10000,50,220,220
6,False,-5.333333333333333,5.333333333333333,0,14,8781,10000,10000,50,220,220
6,False,-5.333333333333333,5.333333333333333,0,13,8831,10000,10000,50,220,220
6,False,-5.333333333333333,5.333333333333333,0,12,8881,10000,10000,50,220,220
6,False,-5.666666666666667,5.666666666666667,0,12,8931,10000,10000,50,220,220
6,False,-5.666666666666667,5.666666666666667,0,12,8981,10000,10000,50,220,220
6,False,-5.666666666666667,5.666666666666667,0,11,9031,10000,10000,50,220,220
6,False,-5.333333333333333,5.333333333333333,0,11,9081,10000,10000,50,220,220
1,False,4.333333333333334,12.666666666666666,17,23,8124,10000,10000,50,220,220
1,False,5.0,13.0,18,24,8174,10000,10000,50,220,220
1,False,6.0,14.0,20,24,8224,10000,10000,50,220,220
1,False,6.666666666666666,14.333333333333334,21,25,8274,10000,10000,50,220,220
1,False,8.0,15.0,23,25,8324,10000,10000,50,220,220
1,False,9.333333333333334,15.666666666666666,25,26,8374,10000,10000,50,220,220
1,False,10.0,16.0,26,27,8424,10000,10000,50,220,220
1,False,11.333333333333332,16.666666666666668,28,27,8474,10000,10000,50,220,220
1,False,12.333333333333332,17.666666666666668,30,28,8524,10000,10000,50,220,220
1,False,12.666666666666668,18.333333333333332,31,28,8574,10000,10000,50,220,220
1,False,13.333333333333332,19.666666666666668,33,30,8624,10000,10000,50,220,220
1,False,15.0,19.0,34,30,8674,10000,10000,50,220,220
1,False,16.0,20.0,36,30,8724,10000,10000,50,220,220
1,False,17.333333333333332,20.666666666666668,38,31,8774,10000,10000,50,220,220
1,False,18.0,21.0,39,32,8824,10000,10000,50,220,220
1,False,19.333333333333332,21.666666666666668,41,32,8874,10000,10000,50,220,220
1,False,20.0,22.0,42,33,8924,10000,10000,50,220,220
1,False,21.333333333333332,22.666666666666668,44,33,8974,10000,10000,50,220,220
1,False,22.666666666666668,23.333333333333332,46,34,9024,10000,10000,50,220,220
1,False,23.0,24.0,47,34,9074,10000,10000,50,220,220
2,False,13.333333333333332,16.666666666666668,30,27,8117,10000,10000,50,220,220
2,False,11.0,16.0,27,27,8167,10000,10000,50,220,220
2,False,11.0,16.0,27,26,8217,10000,10000,50,220,220
2,False,9.666666666666666,15.333333333333334,25,25,8267,10000,10000,50,220,220
2,False,9.333333333333334,14.666666666666666,24,25,8317,10000,10000,50,220,220
2,False,8.0,14.0,22,24,8367,10000,10000,50,220,220
2,False,7.333333333333334,13.666666666666666,21,24,8417,10000,10000,50,220,220
2,False,6.666666666666666,13.333333333333334,20,24,8467,10000,10000,50,220,220
2,False,5.333333333333334,12.666666666666666,18,23,8517,10000,10000,50,220,220
2,False,3.666666666666666,13.333333333333334,17,23,8567,10000,10000,50,220,220
2,False,4.333333333333334,11.666666666666666,16,22,8617,10000,10000,50,220,220
2,False,2.666666666666666,11.333333333333334,14,21,8667,10000,10000,50,220,220
2,False,2.333333333333334,10.666666666666666,13,21,8717,10000,10000,50,220,220
2,False,1.0,10.0,11,20,8767,10000,10000,50,220,220
2,False,0.3333333333333339,9.666666666666666,10,20,8817,10000,10000,50,220,220
2,False,-1.0,9.0,8,20,8867,10000,10000,50,220,220
2,False,-1.666666666666666,8.666666666666666,7,19,8917,10000,10000,50,220,220
2,False,-2.0,8.0,6,18,8967,10000,10000,50,220,220
2,False,-3.666666666666667,7.666666666666667,4,18,9017,10000,10000,50,220,220
2,False,-4.0,7.0,3,17,9067,10000,10000,50,220,220
3,False,-0.6666666666666661,8.666666666666666,8,19,8107,10000,10000,50,220,220
3,False,0.0,9.0,9,19,8157,10000,10000,50,220,220
3,False,1.666666666666666,9.333333333333334,11,21,8207,10000,10000,50,220,220
3,False,2.0,10.0,12,21,8257,10000,10000,50,220,220
3,False,3.666666666666666,10.333333333333334,14,21,8307,10000,10000,50,220,220
3,False,4.0,11.0,15,22,8357,10000,10000,50,220,220
3,False,4.666666666666666,11.333333333333334,16,22,8407,10000,10000,50,220,220
3,False,5.666666666666666,12.333333333333334,18,23,8457,10000,10000,50,220,220
3,False,7.666666666666666,13.333333333333334,21,24,8507,10000,10000,50,220,220
3,False,7.0,13.0,20,24,8557,10000,10000,50,220,220
3,False,7.666666666666666,13.333333333333334,21,24,8607,10000,10000,50,220,220
3,False,9.0,14.0,23,24,8657,10000,10000,50,220,220
3,False,9.666666666666666,14.333333333333334,24,25,8707,10000,10000,50,220,220
3,False,9.666666666666666,14.333333333333334,24,26,8757,10000,10000,50,220,220
3,False,10.666666666666666,15.333333333333334,26,26,8807,10000,10000,50,220,220
3,False,12.0,16.0,28,27,8857,10000,10000,50,220,220
3,False,12.666666666666668,16.333333333333332,29,27,8907,10000,10000,50,220,220
3,False,13.666666666666668,16.333333333333332,30,27,8957,10000,10000,50,220,220
3,False,14.666666666666668,17.333333333333332,32,28,9007,10000,10000,50,220,220
3,False,15.333333333333332,17.666666666666668,33,28,9057,10000,10000,50,220,220
4,False,-6.333333333333333,6.333333333333333,0,16,8088,10000,10000,50,220,220
4,False,-6.333333333333333,6.333333333333333,0,15,8138,10000,10000,50,220,220
4,False,-6.333333333333333,6.333333333333333,0,15,8188,10000,10000,50,220,220
4,False,-6.333333333333333,6.333333333333333,0,14,8238,10000,10000,50,220,220
4,False,-6.0,6.0,0,13,8288,10000,10000,50,220,220
4,False,-6.333333333333333,6.333333333333333,0,13,8338,10000,10000,50,220,220
4,False,-6.0,6.0,0,12,8388,10000,10000,50,220,220
4,False,-7.0,7.0,0,12,8438,10000,10000,50,220,220
4,False,-6.333333333333333,6.333333333333333,0,11,8488,10000,10000,50,220,220
4,False,-6.0,6.0,0,10,8538,10000,10000,50,220,220
4,False,-6.0,6.0,0,10,8588,10000,10000,50,220,220
4,False,-6.0,6.0,0,9,8638,10000,10000,50,220,220
4,False,-6.0,6.0,0,9,8688,10000,10000,50,220,220
4,False,-6.0,6.0,0,8,8738,10000,10000,50,220,220
4,False,-6.0,6.0,0,7,8788,10000,10000,50,220,220
4,False,-6.0,6.0,0,7,8838,10000,10000,50,220,220
4,False,-6.0,6.0,0,6,8888,10000,10000,50,220,220
4,False,-6.0,6.0,0,6,8938,10000,10000,50,220,220
4,False,-5.666666666666667,5.666666666666667,0,5,8988,10000,10000,50,220,220
4,False,-6.0,6.0,0,4,9038,10000,10000,50,220,220
5,False,-6.666666666666667,6.666666666666667,0,15,8080,10000,10000,50,220,220
5,False,-7.0,7.0,0,15,8130,10000,10000,50,220,220
5,False,-6.666666666666667,6.666666666666667,0,16,8180,10000,10000,50,220,220
5,False,-6.666666666666667,6.666666666666667,0,16,8230,10000,10000,50,220,220
5,False,-6.666666666666667,6.666666666666667,0,17,8280,10000,10000,50,220,220
5,False,-6.333333333333333,7.333333333333333,1,17,8330,10000,10000,50,220,220
5,False,-6.666666666666666,8.666666666666666,2,19,8380,10000,10000,50,220,220
5,False,-4.0,8.0,4,19,8430,10000,10000,50,220,220
5,False,-3.666666666666666,8.666666666666666,5,20,8480,10000,10000,50,220,220
5,False,-2.0,9.0,7,20,8530,10000,10000,50,220,220
5,False,-1.333333333333334,9.333333333333334,8,20,8580,10000,10000,50,220,220
5,False,0.0,10.0,10,21,8630,10000,10000,50,220,220
5,False,1.0,11.0,12,21,8680,10000,10000,50,220,220
5,False,1.666666666666666,11.333333333333334,13,22,8730,10000,10000,50,220,220
5,False,2.333333333333334,11.666666666666666,14,22,8780,10000,10000,50,220,220
5,False,4.0,12.0,16,22,8830,10000,10000,50,220,220
5,False,5.0,13.0,18,23,8880,10000,10000,50,220,220
5,False,5.666666666666666,13.333333333333334,19,24,8930,10000,10000,50,220,220
5,False,6.333333333333334,13.666666666666666,20,25,8980,10000,10000,50,220,220
5,False,7.0,14.0,21,25,9030,10000,10000,50,220,220
6,False,7.0,13.0,20,22,8072,10000,10000,50,220,220
6,False,5.666666666666666,12.333333333333334,18,22,8122,10000,10000,50,220,220
6,False,5.333333333333334,11.666666666666666,17,22,8172,10000,10000,50,220,220
6,False,4.0,11.0,15,21,8222,10000,10000,50,220,220
6,False,3.333333333333334,10.666666666666666,14,20,8272,10000,10000,50,220,220
6,False,4.0,11.0,15,21,8322,10000,10000,50,220,220
6,False,1.333333333333334,9.666666666666666,11,20,8372,10000,10000,50,220,220
6,False,0.0,9.0,9,19,8422,10000,10000,50,220,220
6,False,-0.6666666666666661,8.666666666666666,8,18,8472,10000,10000,50,220,220
6,False,-1.0,8.0,7,18,8522,10000,10000,50,220,220
6,False,-2.333333333333333,7.333333333333333,5,17,8572,10000,10000,50,220,220
6,False,-3.0,7.0,4,17,8622,10000,10000,50,220,220
6,False,-3.666666666666667,6.666666666666667,3,16,8672,10000,10000,50,220,220
6,False,-5.0,6.0,1,16,8722,10000,10000,50,220,220
6,False,-5.666666666666667,5.666666666666667,0,15,8772,10000,10000,50,220,220
6,False,-5.666666666666667,5.666666666666667,0,15,8822,10000,10000,50,220,220
6,False,-5.333333333333333,5.333333333333333,0,14,8872,10000,10000,50,220,220
6,False,-5.666666666666667,5.666666666666667,0,14,8922,10000,10000,50,220,220
6,False,-5.666666666666667,5.666666666666667,0,13,8972,10000,10000,50,220,220
6,False,-5.333333333333333,5.333333333333333,0,13,9022,10000,10000,50,220,220
1,False,2.666666666666666,11.333333333333334,14,22,8063,10000,10000,50,220,220
1,False,3.666666666666666,12.333333333333334,16,23,8113,10000,10000,50,220,220
1,False,4.666666666666666,13.333333333333334,18,24,8163,10000,10000,50,220,220
1,False,5.333333333333334,13.666666666666666,19,24,8213,10000,10000,50,220,220
1,False,5.0,15.0,20,25,8263,10000,10000,50,220,220
1,False,7.333333333333334,14.666666666666666,22,25,8313,10000,10000,50,220,220
1,False,8.666666666666666,15.333333333333334,24,26,8363,10000,10000,50,220,220
1,False,9.333333333333334,15.666666666666666,25,27,8413,10000,10000,50,220,220
1,False,10.333333333333332,16.666666666666668,27,27,8463,10000,10000,50,220,220
1,False,12.0,17.0,29,28,8513,10000,10000,50,220,220
1,False,12.0,18.0,30,28,8563,10000,10000,50,220,220
1,False,13.0,18.0,31,29,8613,10000,10000,50,220,220
1,False,14.0,19.0,33,30,8663,10000,10000,50,220,220
1,False,14.666666666666668,19.333333333333332,34,30,8713,10000,10000,50,220,220
1,False,16.0,20.0,36,30,8763,10000,10000,50,220,220
1,False,16.0,20.0,36,31,8813,10000,10000,50,220,220
1,False,17.333333333333332,20.666666666666668,38,32,8863,10000,10000,50,220,220
1,False,18.666666666666668,21.333333333333332,40,32,8913,10000,10000,50,220,220
1,False,19.333333333333332,21.666666666666668,41,32,8963,10000,10000,50,220,220
1,False,20.0,22.0,42,33,9013,10000,10000,50,220,220
2,False,-5.333333333333333,5.333333333333333,0,11,9056,10000,10000,50,220,220
2,False,-5.333333333333333,5.333333333333333,0,11,9106,10000,10000,50,220,220
2,False,-5.666666666666667,5.666666666666667,0,11,9156,10000,10000,50,220,220
2,False,-6.666666666666667,6.666666666666667,0,10,9206,10000,10000,50,220,220
2,False,-5.333333333333333,5.333333333333333,0,10,9256,10000,10000,50,220,220
2,False,-5.333333333333333,5.333333333333333,0,9,9306,10000,10000,50,220,220
2,False,-5.0,5.0,0,8,9356,10000,10000,50,220,220
2,False,-5.0,5.0,0,7,9406,10000,10000,50,220,220
2,False,-5.0,5.0,0,7,9456,10000,10000,50,220,220
2,False,-5.0,5.0,0,7,9506,10000,10000,50,220,220
2,False,-5.0,5.0,0,6,9556,10000,10000,50,220,220
2,False,-5.0,5.0,0,6,9606,10000,10000,50,220,220
2,False,-5.0,5.0,0,5,9656,10000,10000,50,220,220
2,False,-5.0,5.0,0,5,9706,10000,10000,50,220,220
2,False,-5.0,5.0,0,4,9756,10000,10000,50,220,220
2,False,-5.0,5.0,0,4,9806,10000,10000,50,220,220
2,False,-5.0,5.0,0,3,9856,10000,10000,50,220,220
2,False,-5.0,5.0,0,3,9906,10000,10000,50,220,220
2,False,-4.666666666666667,4.666666666666667,0,2,9956,10000,10000,50,220,220
3,False,-4.666666666666667,4.666666666666667,0,2,10006,10000,10000,50,220,220
3,False,6.333333333333334,12.666666666666666,19,23,9037,10000,10000,50,220,220
3,False,7.666666666666666,13.333333333333334,21,24,9087,10000,10000,50,220,220
3,False,11.0,15.0,26,24,9137,10000,10000,50,220,220
3,False,9.666666666666666,14.333333333333334,24,25,9187,10000,10000,50,220,220
3,False,10.0,15.0,25,26,9237,10000,10000,50,220,220
3,False,11.0,15.0,26,26,9287,10000,10000,50,220,220
3,False,12.0,16.0,28,26,9337,10000,10000,50,220,220
3,False,12.666666666666668,16.333333333333332,29,27,9387,10000,10000,50,220,220
3,False,13.333333333333332,16.666666666666668,30,28,9437,10000,10000,50,220,220
3,False,14.0,17.0,31,28,9487,10000,10000,50,220,220
3,False,15.0,18.0,33,29,9537,10000,10000,50,220,220
3,False,16.0,18.0,34,29,9587,10000,10000,50,220,220
3,False,16.333333333333332,18.666666666666668,35,30,9637,10000,10000,50,220,220
3,False,17.333333333333332,18.666666666666668,36,30,9687,10000,10000,50,220,220
3,False,18.333333333333332,19.666666666666668,38,30,9737,10000,10000,50,220,220
3,False,19.333333333333332,19.666666666666668,39,30,9787,10000,10000,50,220,220
3,False,19.666666666666668,20.333333333333332,40,31,9837,10000,10000,50,220,220
3,False,20.666666666666668,21.333333333333332,42,31,9887,10000,10000,50,220,220
3,False,22.0,21.0,43,32,9937,10000,10000,50,220,220
3,False,22.333333333333332,21.666666666666668,44,32,9987,10000,10000,50,220,220
4,False,-6.0,6.0,0,7,9031,10000,10000,50,220,220
4,False,-7.0,7.0,0,7,9081,10000,10000,50,220,220
4,False,-6.0,6.0,0,6,9131,10000,10000,50,220,220
4,False,-6.0,6.0,0,5,9181,10000,10000,50,220,220
4,False,-5.666666666666667,5.666666666666667,0,5,9231,10000,10000,50,220,220
4,False,-6.0,6.0,0,4,9281,10000,10000,50,220,220
4,False,-6.0,6.0,0,4,9331,10000,10000,50,220,220
4,False,-6.0,6.0,0,4,9381,10000,10000,50,220,220
4,False,-6.0,6.0,0,3,9431,10000,10000,50,220,220
4,False,-6.0,6.0,0,3,9481,10000,10000,50,220,220
4,False,-6.0,6.0,0,3,9531,10000,10000,50,220,220
4,False,-6.0,6.0,0,2,9581,10000,10000,50,220,220
4,False,-6.0,6.0,0,2,9631,10000,10000,50,220,220
4,False,-6.0,6.0,0,2,9681,10000,10000,50,220,220
4,False,-6.0,6.0,0,2,9731,10000,10000,50,220,220
4,False,-6.0,6.0,0,1,9781,10000,10000,50,220,220
4,False,-6.0,6.0,0,1,9831,10000,10000,50,220,220
4,False,-6.0,6.0,0,0,9881,10000,10000,50,220,220
4,False,-6.0,6.0,0,0,9931,10000,10000,50,220,220
4,False,-6.0,6.0,0,1,9981,10000,10000,50,220,220
5,False,16.333333333333332,20.666666666666668,37,31,9023,10000,10000,50,220,220
5,False,18.666666666666668,20.333333333333332,39,32,9073,10000,10000,50,220,220
5,False,20.0,21.0,41,32,9123,10000,10000,50,220,220
5,False,20.333333333333332,21.666666666666668,42,33,9173,10000,10000,50,220,220
5,False,21.0,22.0,43,33,9223,10000,10000,50,220,220
5,False,22.333333333333332,22.666666666666668,45,33,9273,10000,10000,50,220,220
5,False,23.333333333333332,23.666666666666668,47,34,9323,10000,10000,50,220,220
5,False,25.0,24.0,49,34,9373,10000,10000,50,220,220
5,False,25.333333333333332,24.666666666666668,50,35,9423,10000,10000,50,220,220
5,False,26.666666666666668,25.333333333333332,52,36,9473,10000,10000,50,220,220
5,False,27.333333333333332,25.666666666666668,53,36,9523,10000,10000,50,220,220
5,False,28.333333333333332,26.666666666666668,55,37,9573,10000,10000,50,220,220
5,False,29.0,27.0,56,37,9623,10000,10000,50,220,220
5,False,29.666666666666668,27.333333333333332,57,38,9673,10000,10000,50,220,220
5,False,31.333333333333332,27.666666666666668,59,38,9723,10000,10000,50,220,220
5,False,31.666666666666668,28.333333333333332,60,39,9773,10000,10000,50,220,220
5,False,32.33333333333333,28.666666666666668,61,40,9823,10000,10000,50,220,220
5,False,33.0,29.0,62,40,9873,10000,10000,50,220,220
5,False,34.33333333333333,29.666666666666668,64,40,9923,10000,10000,50,220,220
5,False,35.0,30.0,65,41,9973,10000,10000,50,220,220
6,False,-5.666666666666667,5.666666666666667,0,15,9016,10000,10000,50,220,220
6,False,-5.666666666666667,5.666666666666667,0,14,9066,10000,10000,50,220,220
6,False,-5.666666666666667,5.666666666666667,0,14,9116,10000,10000,50,220,220
6,False,-5.666666666666667,5.666666666666667,0,13,9166,10000,10000,50,220,220
6,False,-5.666666666666667,5.666666666666667,0,12,9216,10000,10000,50,220,220
6,False,-5.666666666666667,5.666666666666667,0,12,9266,10000,10000,50,220,220
6,False,-5.666666666666667,5.666666666666667,0,11,9316,10000,10000,50,220,220
6,False,-5.333333333333333,5.333333333333333,0,11,9366,10000,10000,50,220,220
6,False,-5.333333333333333,5.333333333333333,0,10,9416,10000,10000,50,220,220
6,False,-5.333333333333333,5.333333333333333,0,10,9466,10000,10000,50,220,220
6,False,-5.333333333333333,5.333333333333333,0,10,9516,10000,10000,50,220,220
6,False,-5.333333333333333,5.333333333333333,0,9,9566,10000,10000,50,220,220
6,False,-5.333333333333333,5.333333333333333,0,8,9616,10000,10000,50,220,220
6,False,-5.0,5.0,0,8,9666,10000,10000,50,220,220
6,False,-5.333333333333333,5.333333333333333,0,8,9716,10000,10000,50,220,220
6,False,-5.333333333333333,5.333333333333333,0,7,9766,10000,10000,50,220,220
6,False,-5.0,5.0,0,6,9816,10000,10000,50,220,220
6,False,-5.333333333333333,5.333333333333333,0,6,9866,10000,10000,50,220,220
6,False,-5.0,5.0,0,5,9916,10000,10000,50,220,220
6,False,-5.0,5.0,0,5,9966,10000,10000,50,220,220
1,False,-2.666666666666666,8.666666666666666,6,19,8009,9750,9750,50,220,220
1,False,-2.333333333333334,9.333333333333334,7,20,8059,9750,9750,50,220,220
1,False,-0.6666666666666661,9.666666666666666,9,21,8109,9750,9750,50,220,220
1,False,0.3333333333333339,10.666666666666666,11,21,8159,9750,9750,50,220,220
1,False,1.666666666666666,11.333333333333334,13,22,8209,9750,9750,50,220,220
1,False,3.0,12.0,15,23,8259,9750,9750,50,220,220
1,False,3.333333333333334,12.666666666666666,16,23,8309,9750,9750,50,220,220
1,False,4.666666666666666,13.333333333333334,18,23,8359,9750,9750,50,220,220
1,False,5.333333333333334,13.666666666666666,19,24,8409,9750,9750,50,220,220
1,False,6.666666666666666,14.333333333333334,21,25,8459,9750,9750,50,220,220
1,False,7.333333333333334,14.666666666666666,22,25,8509,9750,9750,50,220,220
1,False,8.666666666666666,15.333333333333334,24,26,8559,9750,9750,50,220,220
1,False,10.0,16.0,26,26,8609,9750,9750,50,220,220
1,False,10.333333333333332,16.666666666666668,27,27,8659,9750,9750,50,220,220
1,False,12.0,17.0,29,28,8709,9750,9750,50,220,220
1,False,12.333333333333332,17.666666666666668,30,29,8759,9750,9750,50,220,220
1,False,13.333333333333332,18.666666666666668,32,29,8809,9750,9750,50,220,220
1,False,15.0,19.0,34,30,8859,9750,9750,50,220,220
1,False,14.666666666666668,20.333333333333332,35,31,8909,9750,9750,50,220,220
1,False,16.333333333333332,19.666666666666668,36,31,8959,9750,9750,50,220,220
2,False,1.0,10.0,11,21,8253,9750,9750,50,220,220
2,False,-0.3333333333333339,9.333333333333334,9,20,8303,9750,9750,50,220,220
2,False,-0.6666666666666661,8.666666666666666,8,19,8353,9750,9750,50,220,220
2,False,-2.333333333333334,8.333333333333334,6,18,8403,9750,9750,50,220,220
2,False,-2.666666666666667,7.666666666666667,5,18,8453,9750,9750,50,220,220
2,False,-3.333333333333333,7.333333333333333,4,17,8503,9750,9750,50,220,220
2,False,-4.666666666666667,6.666666666666667,2,17,8553,9750,9750,50,220,220
2,False,-6.333333333333333,6.333333333333333,0,17,8603,9750,9750,50,220,220
2,False,-5.666666666666667,5.666666666666667,0,17,8653,9750,9750,50,220,220
2,False,-6.0,6.0,0,16,8703,9750,9750,50,220,220
2,False,-5.666666666666667,5.666666666666667,0,15,8753,9750,9750,50,220,220
2,False,-5.666666666666667,5.666666666666667,0,14,8803,9750,9750,50,220,220
2,False,-5.666666666666667,5.666666666666667,0,14,8853,9750,9750,50,220,220
2,False,-5.666666666666667,5.666666666666667,0,13,8903,9750,9750,50,220,220
2,False,-5.666666666666667,5.666666666666667,0,13,8953,9750,9750,50,220,220
2,False,-5.666666666666667,5.666666666666667,0,13,9003,9750,9750,50,220,220
2,False,-5.666666666666667,5.666666666666667,0,12,9053,9750,9750,50,220,220
2,False,-6.666666666666667,6.666666666666667,0,12,9103,9750,9750,50,220,220
2,False,-5.666666666666667,5.666666666666667,0,11,9153,9750,9750,50,220,220
2,False,-5.333333333333333,5.333333333333333,0,11,9203,9750,9750,50,220,220
3,False,7.0,13.0,20,24,8488,9750,9750,50,220,220
3,False,8.333333333333334,13.666666666666666,22,24,8538,9750,9750,50,220,220
3,False,9.0,14.0,23,25,8588,9750,9750,50,220,220
3,False,10.333333333333334,14.666666666666666,25,25,8638,9750,9750,50,220,220
3,False,11.0,15.0,26,26,8688,9750,9750,50,220,220
3,False,11.666666666666666,15.333333333333334,27,26,8738,9750,9750,50,220,220
3,False,12.666666666666668,16.333333333333332,29,27,8788,9750,9750,50,220,220
3,False,13.333333333333332,16.666666666666668,30,28,8838,9750,9750,50,220,220
3,False,14.666666666666668,17.333333333333332,32,28,8888,9750,9750,50,220,220
3,False,15.333333333333332,17.666666666666668,33,28,8938,9750,9750,50,220,220
3,False,16.0,18.0,34,29,8988,9750,9750,50,220,220
3,False,17.333333333333332,18.666666666666668,36,29,9038,9750,9750,50,220,220
3,False,17.666666666666668,19.333333333333332,37,30,9088,9750,9750,50,220,220
3,False,18.666666666666668,19.333333333333332,38,31,9138,9750,9750,50,220,220
3,False,19.666666666666668,20.333333333333332,40,31,9188,9750,9750,50,220,220
3,False,20.333333333333332,20.666666666666668,41,32,9238,9750,9750,50,220,220
3,False,24.0,22.0,46,33,9288,9750,9750,50,220,220
3,False,22.0,22.0,44,33,9338,9750,9750,50,220,220
3,False,22.666666666666668,22.333333333333332,45,33,9388,9750,9750,50,220,220
3,False,23.333333333333332,22.666666666666668,46,34,9438,9750,9750,50,220,220
4,False,-6.333333333333333,6.333333333333333,0,15,8731,9750,9750,50,220,220
4,False,-6.0,6.0,0,14,8781,9750,9750,50,220,220
4,False,-6.333333333333333,6.333333333333333,0,14,8831,9750,9750,50,220,220
4,False,-6.333333333333333,6.333333333333333,0,13,8881,9750,9750,50,220,220
4,False,-6.0,6.0,0,13,8931,9750,9750,50,220,220
4,False,-6.333333333333333,6.333333333333333,0,12,8981,9750,9750,50,220,220
4,False,-6.333333333333333,6.333333333333333,0,12,9031,9750,9750,50,220,220
4,False,-6.0,6.0,0,11,9081,9750,9750,50,220,220
4,False,-6.0,6.0,0,10,9131,9750,9750,50,220,220
4,False,-6.0,6.0,0,10,9181,9750,9750,50,220,220
4,False,-6.0,6.0,0,10,9231,9750,9750,50,220,220
4,False,-6.0,6.0,0,9,9281,9750,9750,50,220,220
4,False,-6.0,6.0,0,8,9331,9750,9750,50,220,220
4,False,-6.0,6.0,0,8,9381,9750,9750,50,220,220
4,False,-6.0,6.0,0,8,9431,9750,9750,50,220,220
4,False,-7.0,7.0,0,8,9481,9750,9750,50,220,220
4,False,-6.0,6.0,0,7,9531,9750,9750,50,220,220
4,False,-6.0,6.0,0,6,9581,9750,9750,50,220,220
4,False,-6.0,6.0,0,6,9631,9750,9750,50,220,220
4,False,-6.0,6.0,0,5,9681,9750,9750,50,220,220
5,False,-6.666666666666667,6.666666666666667,0,17,7974,9750,9750,50,220,220
5,False,-6.666666666666667,6.666666666666667,0,17,8024,9750,9750,50,220,220
5,False,-5.333333333333333,7.333333333333333,2,18,8074,9750,9750,50,220,220
5,False,-5.0,8.0,3,19,8124,9750,9750,50,220,220
5,False,-4.333333333333334,8.333333333333334,4,19,8174,9750,9750,50,220,220
5,False,-2.666666666666666,8.666666666666666,6,19,8224,9750,9750,50,220,220
5,False,-1.333333333333334,9.333333333333334,8,20,8274,9750,9750,50,220,220
5,False,-0.6666666666666661,9.666666666666666,9,20,8324,9750,9750,50,220,220
5,False,-0.3333333333333339,10.333333333333334,10,21,8374,9750,9750,50,220,220
5,False,1.333333333333334,10.666666666666666,12,21,8424,9750,9750,50,220,220
5,False,2.0,11.0,13,22,8474,9750,9750,50,220,220
5,False,2.333333333333334,11.666666666666666,14,22,8524,9750,9750,50,220,220
5,False,3.666666666666666,12.333333333333334,16,23,8574,9750,9750,50,220,220
5,False,4.333333333333334,12.666666666666666,17,23,8624,9750,9750,50,220,220
5,False,4.666666666666666,14.333333333333334,19,24,8674,9750,9750,50,220,220
5,False,6.333333333333334,13.666666666666666,20,24,8724,9750,9750,50,220,220
5,False,7.0,14.0,21,25,8774,9750,9750,50,220,220
5,False,8.333333333333334,14.666666666666666,23,25,8824,9750,9750,50,220,220
5,False,9.0,15.0,24,26,8874,9750,9750,50,220,220
5,False,10.0,16.0,26,27,8924,9750,9750,50,220,220
6,False,-1.333333333333334,8.333333333333334,7,18,8217,9750,9750,50,220,220
6,False,-2.666666666666667,7.666666666666667,5,18,8267,9750,9750,50,220,220
6,False,-4.0,7.0,3,17,8317,9750,9750,50,220,220
6,False,-4.333333333333333,6.333333333333333,2,16,8367,9750,9750,50,220,220
6,False,-5.0,6.0,1,16,8417,9750,9750,50,220,220
6,False,-5.666666666666667,5.666666666666667,0,16,8467,9750,9750,50,220,220
6,False,-5.666666666666667,5.666666666666667,0,15,8517,9750,9750,50,220,220
6,False,-5.666666666666667,5.666666666666667,0,14,8567,9750,9750,50,220,220
6,False,-5.666666666666667,5.666666666666667,0,14,8617,9750,9750,50,220,220
6,False,-5.666666666666667,5.666666666666667,0,13,8667,9750,9750,50,220,220
6,False,-5.333333333333333,5.333333333333333,0,12,8717,9750,9750,50,220,220
6,False,-5.333333333333333,5.333333333333333,0,12,8767,9750,9750,50,220,220
6,False,-5.333333333333333,5.333333333333333,0,12,8817,9750,9750,50,220,220
6,False,-5.333333333333333,5.333333333333333,0,12,8867,9750,9750,50,220,220
6,False,-5.666666666666667,5.666666666666667,0,11,8917,9750,9750,50,220,220
6,False,-5.333333333333333,5.333333333333333,0,10,8967,9750,9750,50,220,220
6,False,-5.333333333333333,5.333333333333333,0,10,9017,9750,9750,50,220,220
6,False,-5.333333333333333,5.333333333333333,0,9,9067,9750,9750,50,220,220
6,False,-5.333333333333333,5.333333333333333,0,8,9117,9750,9750,50,220,220
6,False,-5.333333333333333,5.333333333333333,0,8,9167,9750,9750,50,220,220
1,False,4.333333333333334,12.666666666666666,17,24,8459,9750,9750,50,220,220
1,False,5.333333333333334,13.666666666666666,19,24,8509,9750,9750,50,220,220
1,False,7.0,14.0,21,24,8559,9750,9750,50,220,220
1,False,7.333333333333334,14.666666666666666,22,25,8609,9750,9750,50,220,220
1,False,8.0,15.0,23,26,8659,9750,9750,50,220,220
1,False,9.333333333333334,15.666666666666666,25,27,8709,9750,9750,50,220,220
1,False,10.666666666666668,16.333333333333332,27,27,8759,9750,9750,50,220,220
1,False,11.333333333333332,16.666666666666668,28,27,8809,9750,9750,50,220,220
1,False,12.666666666666668,17.333333333333332,30,28,8859,9750,9750,50,220,220
1,False,13.0,18.0,31,29,8909,9750,9750,50,220,220
1,False,14.0,19.0,33,29,8959,9750,9750,50,220,220
1,False,14.666666666666668,19.333333333333332,34,29,9009,9750,9750,50,220,220
1,False,14.333333333333332,20.666666666666668,35,31,9059,9750,9750,50,220,220
1,False,16.666666666666668,20.333333333333332,37,31,9109,9750,9750,50,220,220
1,False,18.333333333333332,20.666666666666668,39,31,9159,9750,9750,50,220,220
1,False,18.666666666666668,21.333333333333332,40,32,9209,9750,9750,50,220,220
1,False,20.0,22.0,42,32,9259,9750,9750,50,220,220
1,False,20.666666666666668,22.333333333333332,43,33,9309,9750,9750,50,220,220
1,False,21.333333333333332,22.666666666666668,44,34,9359,9750,9750,50,220,220
1,False,22.0,23.0,45,34,9409,9750,9750,50,220,220
2,False,-3.333333333333333,7.333333333333333,4,18,8703,9750,9750,50,220,220
2,False,-5.0,7.0,2,17,8753,9750,9750,50,220,220
2,False,-6.0,6.0,0,16,8803,9750,9750,50,220,220
2,False,-6.0,6.0,0,16,8853,9750,9750,50,220,220
2,False,-5.666666666666667,5.666666666666667,0,16,8903,9750,9750,50,220,220
2,False,-5.666666666666667,5.666666666666667,0,14,8953,9750,9750,50,220,220
2,False,-5.666666666666667,5.666666666666667,0,14,9003,9750,9750,50,220,220
2,False,-5.666666666666667,5.666666666666667,0,14,9053,9750,9750,50,220,220
2,False,-5.666666666666667,5.666666666666667,0,13,9103,9750,9750,50,220,220
2,False,-5.666666666666667,5.666666666666667,0,13,9153,9750,9750,50,220,220
2,False,-5.666666666666667,5.666666666666667,0,13,9203,9750,9750,50,220,220
2,False,-6.666666666666667,6.666666666666667,0,12,9253,9750,9750,50,220,220
2,False,-5.333333333333333,5.333333333333333,0,11,9303,9750,9750,50,220,220
2,False,-5.666666666666667,5.666666666666667,0,11,9353,9750,9750,50,220,220
2,False,-5.333333333333333,5.333333333333333,0,10,9403,9750,9750,50,220,220
2,False,-5.666666666666667,5.666666666666667,0,10,9453,9750,9750,50,220,220
2,False,-5.333333333333333,5.333333333333333,0,10,9503,9750,9750,50,220,220
2,False,-5.0,5.0,0,9,9553,9750,9750,50,220,220
2,False,-5.0,5.0,0,8,9603,9750,9750,50,220,220
2,False,-5.0,5.0,0,8,9653,9750,9750,50,220,220
3,False,-2.0,8.0,6,18,7938,9750,9750,50,220,220
3,False,-1.333333333333334,8.333333333333334,7,19,7988,9750,9750,50,220,220
3,False,-0.6666666666666661,8.666666666666666,8,20,8038,9750,9750,50,220,220
3,False,0.6666666666666661,9.333333333333334,10,20,8088,9750,9750,50,220,220
3,False,1.333333333333334,9.666666666666666,11,21,8138,9750,9750,50,220,220
3,False,2.0,10.0,12,21,8188,9750,9750,50,220,220
3,False,3.333333333333334,10.666666666666666,14,21,8238,9750,9750,50,220,220
3,False,3.666666666666666,11.333333333333334,15,22,8288,9750,9750,50,220,220
3,False,5.0,12.0,17,22,8338,9750,9750,50,220,220
3,False,5.666666666666666,12.333333333333334,18,23,8388,9750,9750,50,220,220
3,False,8.333333333333334,13.666666666666666,22,24,8438,9750,9750,50,220,220
3,False,7.0,13.0,20,24,8488,9750,9750,50,220,220
3,False,8.333333333333334,13.666666666666666,22,25,8538,9750,9750,50,220,220
3,False,9.0,14.0,23,25,8588,9750,9750,50,220,220
3,False,9.666666666666666,14.333333333333334,24,26,8638,9750,9750,50,220,220
3,False,10.666666666666666,15.333333333333334,26,26,8688,9750,9750,50,220,220
3,False,11.333333333333334,15.666666666666666,27,26,8738,9750,9750,50,220,220
3,False,12.0,16.0,28,27,8788,9750,9750,50,220,220
3,False,12.666666666666668,16.333333333333332,29,27,8838,9750,9750,50,220,220
3,False,14.333333333333332,16.666666666666668,31,28,8888,9750,9750,50,220,220
4,False,-6.333333333333333,6.333333333333333,0,15,8181,9750,9750,50,220,220
4,False,-6.666666666666667,6.666666666666667,0,14,8231,9750,9750,50,220,220
4,False,-6.333333333333333,6.333333333333333,0,14,8281,9750,9750,50,220,220
4,False,-6.333333333333333,6.333333333333333,0,13,8331,9750,9750,50,220,220
4,False,-6.333333333333333,6.333333333333333,0,12,8381,9750,9750,50,220,220
4,False,-6.333333333333333,6.333333333333333,0,12,8431,9750,9750,50,220,220
4,False,-6.333333333333333,6.333333333333333,0,11,8481,9750,9750,50,220,220
4,False,-6.0,6.0,0,11,8531,9750,9750,50,220,220
4,False,-6.333333333333333,6.333333333333333,0,11,8581,9750,9750,50,220,220
4,False,-7.0,7.0,0,10,8631,9750,9750,50,220,220
4,False,-6.0,6.0,0,9,8681,9750,9750,50,220,220
4,False,-6.0,6.0,0,9,8731,9750,9750,50,220,220
4,False,-6.0,6.0,0,8,8781,9750,9750,50,220,220
4,False,-6.0,6.0,0,8,8831,9750,9750,50,220,220
4,False,-6.0,6.0,0,7,8881,9750,9750,50,220,220
4,False,-6.0,6.0,0,6,8931,9750,9750,50,220,220
4,False,-6.0,6.0,0,6,8981,9750,9750,50,220,220
4,False,-6.0,6.0,0,6,9031,9750,9750,50,220,220
4,False,-6.0,6.0,0,5,9081,9750,9750,50,220,220
4,False,-6.0,6.0,0,4,9131,9750,9750,50,220,220
5,False,-6.666666666666667,6.666666666666667,0,17,8424,9750,9750,50,220,220
5,False,-6.666666666666667,6.666666666666667,0,17,8474,9750,9750,50,220,220
5,False,-5.666666666666667,7.666666666666667,2,18,8524,9750,9750,50,220,220
5,False,-4.666666666666667,7.666666666666667,3,18,8574,9750,9750,50,220,220
5,False,-4.0,8.0,4,19,8624,9750,9750,50,220,220
5,False,-2.666666666666666,8.666666666666666,6,19,8674,9750,9750,50,220,220
5,False,-2.0,9.0,7,20,8724,9750,9750,50,220,220
5,False,-1.0,10.0,9,20,8774,9750,9750,50,220,220
5,False,-1.0,11.0,10,21,8824,9750,9750,50,220,220
5,False,0.6666666666666661,10.333333333333334,11,21,8874,9750,9750,50,220,220
5,False,1.666666666666666,11.333333333333334,13,22,8924,9750,9750,50,220,220
5,False,2.333333333333334,11.666666666666666,14,22,8974,9750,9750,50,220,220
5,False,3.333333333333334,11.666666666666666,15,23,9024,9750,9750,50,220,220
5,False,4.666666666666666,12.333333333333334,17,23,9074,9750,9750,50,220,220
5,False,5.0,13.0,18,24,9124,9750,9750,50,220,220
5,False,5.666666666666666,13.333333333333334,19,24,9174,9750,9750,50,220,220
5,False,6.333333333333334,13.666666666666666,20,24,9224,9750,9750,50,220,220
5,False,7.333333333333334,14.666666666666666,22,25,9274,9750,9750,50,220,220
5,False,8.0,15.0,23,26,9324,9750,9750,50,220,220
5,False,9.666666666666666,15.333333333333334,25,26,9374,9750,9750,50,220,220
6,False,-5.666666666666667,5.666666666666667,0,14,8666,9750,9750,50,220,220
6,False,-5.666666666666667,5.666666666666667,0,14,8716,9750,9750,50,220,220
6,False,-5.666666666666667,5.666666666666667,0,13,8766,9750,9750,50,220,220
6,False,-5.666666666666667,5.666666666666667,0,13,8816,9750,9750,50,220,220
6,False,-5.666666666666667,5.666666666666667,0,12,8866,9750,9750,50,220,220
6,False,-5.666666666666667,5.666666666666667,0,11,8916,9750,9750,50,220,220
6,False,-5.666666666666667,5.666666666666667,0,11,8966,9750,9750,50,220,220
6,False,-5.333333333333333,5.333333333333333,0,11,9016,9750,9750,50,220,220
6,False,-5.333333333333333,5.333333333333333,0,10,9066,9750,9750,50,220,220
6,False,-5.333333333333333,5.333333333333333,0,10,9116,9750,9750,50,220,220
6,False,-5.333333333333333,5.333333333333333,0,10,9166,9750,9750,50,220,220
6,False,-5.333333333333333,5.333333333333333,0,9,9216,9750,9750,50,220,220
6,False,-5.333333333333333,5.333333333333333,0,9,9266,9750,9750,50,220,220
6,False,-5.333333333333333,5.333333333333333,0,8,9316,9750,9750,50,220,220
6,False,-5.333333333333333,5.333333333333333,0,8,9366,9750,9750,50,220,220
6,False,-5.333333333333333,5.333333333333333,0,8,9416,9750,9750,50,220,220
6,False,-5.333333333333333,5.333333333333333,0,7,9466,9750,9750,50,220,220
6,False,-5.333333333333333,5.333333333333333,0,6,9516,9750,9750,50,220,220
6,False,-5.333333333333333,5.333333333333333,0,6,9566,9750,9750,50,220,220
6,False,-5.333333333333333,5.333333333333333,0,6,9616,9750,9750,50,220,220
1,False,1.666666666666666,11.333333333333334,13,22,7909,9750,9750,50,220,220
1,False,2.666666666666666,12.333333333333334,15,23,7959,9750,9750,50,220,220
1,False,4.0,13.0,17,24,8009,9750,9750,50,220,220
1,False,5.333333333333334,13.666666666666666,19,24,8059,9750,9750,50,220,220
1,False,6.0,14.0,20,24,8109,9750,9750,50,220,220
1,False,7.333333333333334,14.666666666666666,22,25,8159,9750,9750,50,220,220
1,False,7.666666666666668,16.333333333333332,24,26,8209,9750,9750,50,220,220
1,False,10.0,16.0,26,26,8259,9750,9750,50,220,220
1,False,10.666666666666668,16.333333333333332,27,27,8309,9750,9750,50,220,220
1,False,11.333333333333332,17.666666666666668,29,28,8359,9750,9750,50,220,220
1,False,13.0,18.0,31,28,8409,9750,9750,50,220,220
1,False,13.666666666666668,18.333333333333332,32,29,8459,9750,9750,50,220,220
1,False,14.666666666666668,19.333333333333332,34,29,8509,9750,9750,50,220,220
1,False,16.0,20.0,36,31,8559,9750,9750,50,220,220
1,False,17.333333333333332,20.666666666666668,38,31,8609,9750,9750,50,220,220
1,False,18.0,21.0,39,32,8659,9750,9750,50,220,220
1,False,19.333333333333332,21.666666666666668,41,32,8709,9750,9750,50,220,220
1,False,20.0,22.0,42,33,8759,9750,9750,50,220,220
1,False,21.333333333333332,22.666666666666668,44,34,8809,9750,9750,50,220,220
1,False,22.666666666666668,23.333333333333332,46,34,8859,9750,9750,50,220,220
2,False,8.333333333333334,14.666666666666666,23,25,8152,9750,9750,50,220,220
2,False,7.666666666666666,14.333333333333334,22,25,8202,9750,9750,50,220,220
2,False,7.333333333333334,13.666666666666666,21,24,8252,9750,9750,50,220,220
2,False,6.333333333333334,12.666666666666666,19,23,8302,9750,9750,50,220,220
2,False,5.333333333333334,12.666666666666666,18,23,8352,9750,9750,50,220,220
2,False,3.333333333333334,12.666666666666666,16,23,8402,9750,9750,50,220,220
2,False,3.333333333333334,11.666666666666666,15,22,8452,9750,9750,50,220,220
2,False,2.333333333333334,10.666666666666666,13,21,8502,9750,9750,50,220,220
2,False,1.666666666666666,10.333333333333334,12,21,8552,9750,9750,50,220,220
2,False,1.0,10.0,11,20,8602,9750,9750,50,220,220
2,False,0.0,9.0,9,20,8652,9750,9750,50,220,220
2,False,-1.0,9.0,8,19,8702,9750,9750,50,220,220
2,False,-2.333333333333334,8.333333333333334,6,19,8752,9750,9750,50,220,220
2,False,-3.0,8.0,5,18,8802,9750,9750,50,220,220
2,False,-3.333333333333333,7.333333333333333,4,18,8852,9750,9750,50,220,220
2,False,-4.666666666666667,6.666666666666667,2,17,8902,9750,9750,50,220,220
2,False,-5.333333333333333,6.333333333333333,1,17,8952,9750,9750,50,220,220
2,False,-6.0,6.0,0,16,9002,9750,9750,50,220,220
2,False,-6.0,6.0,0,16,9052,9750,9750,50,220,220
2,False,-5.666666666666667,5.666666666666667,0,15,9102,9750,9750,50,220,220
3,False,2.333333333333334,10.666666666666666,13,21,8387,9750,9750,50,220,220
3,False,3.666666666666666,11.333333333333334,15,22,8437,9750,9750,50,220,220
3,False,4.666666666666666,11.333333333333334,16,23,8487,9750,9750,50,220,220
3,False,5.666666666666666,12.333333333333334,18,23,8537,9750,9750,50,220,220
3,False,8.333333333333334,13.666666666666666,22,24,8587,9750,9750,50,220,220
3,False,7.0,13.0,20,24,8637,9750,9750,50,220,220
3,False,8.333333333333334,13.666666666666666,22,24,8687,9750,9750,50,220,220
3,False,9.0,14.0,23,25,8737,9750,9750,50,220,220
3,False,10.333333333333334,14.666666666666666,25,25,8787,9750,9750,50,220,220
3,False,11.0,15.0,26,26,8837,9750,9750,50,220,220
3,False,11.333333333333334,15.666666666666666,27,26,8887,9750,9750,50,220,220
3,False,12.666666666666668,16.333333333333332,29,27,8937,9750,9750,50,220,220
3,False,13.333333333333332,16.666666666666668,30,27,8987,9750,9750,50,220,220
3,False,14.0,17.0,31,28,9037,9750,9750,50,220,220
3,False,15.333333333333332,17.666666666666668,33,29,9087,9750,9750,50,220,220
3,False,16.0,18.0,34,29,9137,9750,9750,50,220,220
3,False,16.666666666666668,18.333333333333332,35,29,9187,9750,9750,50,220,220
3,False,17.333333333333332,18.666666666666668,36,30,9237,9750,9750,50,220,220
3,False,18.666666666666668,19.333333333333332,38,30,9287,9750,9750,50,220,220
3,False,19.333333333333332,19.666666666666668,39,31,9337,9750,9750,50,220,220
4,False,-6.0,6.0,0,11,8631,9750,9750,50,220,220
4,False,-6.333333333333333,6.333333333333333,0,10,8681,9750,9750,50,220,220
4,False,-6.0,6.0,0,10,8731,9750,9750,50,220,220
4,False,-7.0,7.0,0,10,8781,9750,9750,50,220,220
4,False,-6.0,6.0,0,9,8831,9750,9750,50,220,220
4,False,-6.0,6.0,0,8,8881,9750,9750,50,220,220
4,False,-6.0,6.0,0,8,8931,9750,9750,50,220,220
4,False,-6.333333333333333,6.333333333333333,0,7,8981,9750,9750,50,220,220
4,False,-6.0,6.0,0,7,9031,9750,9750,50,220,220
4,False,-6.0,6.0,0,6,9081,9750,9750,50,220,220
4,False,-6.0,6.0,0,6,9131,9750,9750,50,220,220
4,False,-6.0,6.0,0,6,9181,9750,9750,50,220,220
4,False,-6.0,6.0,0,5,9231,9750,9750,50,220,220
4,False,-6.0,6.0,0,5,9281,9750,9750,50,220,220
4,False,-6.0,6.0,0,4,9331,9750,9750,50,220,220
4,False,-6.0,6.0,0,4,9381,9750,9750,50,220,220
4,False,-6.0,6.0,0,3,9431,9750,9750,50,220,220
4,False,-6.0,6.0,0,3,9481,9750,9750,50,220,220
4,False,-5.666666666666667,5.666666666666667,0,3,9531,9750,9750,50,220,220
4,False,-6.0,6.0,0,3,9581,9750,9750,50,220,220
5,False,-6.666666666666667,6.666666666666667,0,16,7873,9750,9750,50,220,220
5,False,-6.666666666666667,6.666666666666667,0,16,7923,9750,9750,50,220,220
5,False,-8.0,8.0,0,17,7973,9750,9750,50,220,220
5,False,-6.333333333333333,7.333333333333333,1,18,8023,9750,9750,50,220,220
5,False,-5.0,8.0,3,18,8073,9750,9750,50,220,220
5,False,-3.333333333333334,8.333333333333334,5,19,8123,9750,9750,50,220,220
5,False,-3.0,9.0,6,19,8173,9750,9750,50,220,220
5,False,-2.333333333333334,9.333333333333334,7,20,8223,9750,9750,50,220,220
5,False,-0.6666666666666661,9.666666666666666,9,20,8273,9750,9750,50,220,220
5,False,0.3333333333333339,10.666666666666666,11,20,8323,9750,9750,50,220,220
5,False,1.0,11.0,12,21,8373,9750,9750,50,220,220
5,False,2.0,11.0,13,22,8423,9750,9750,50,220,220
5,False,3.0,12.0,15,22,8473,9750,9750,50,220,220
5,False,3.666666666666666,12.333333333333334,16,23,8523,9750,9750,50,220,220
5,False,5.0,13.0,18,24,8573,9750,9750,50,220,220
5,False,6.0,13.0,19,24,8623,9750,9750,50,220,220
5,False,7.0,14.0,21,25,8673,9750,9750,50,220,220
5,False,7.666666666666666,14.333333333333334,22,25,8723,9750,9750,50,220,220
5,False,9.0,15.0,24,26,8773,9750,9750,50,220,220
5,False,9.666666666666666,15.333333333333334,25,27,8823,9750,9750,50,220,220
6,False,9.666666666666666,14.333333333333334,24,25,8116,9750,9750,50,220,220
6,False,11.0,15.0,26,24,8166,9750,9750,50,220,220
6,False,7.666666666666666,13.333333333333334,21,23,8216,9750,9750,50,220,220
6,False,7.666666666666666,13.333333333333334,21,23,8266,9750,9750,50,220,220
6,False,6.333333333333334,12.666666666666666,19,23,8316,9750,9750,50,220,220
6,False,6.0,12.0,18,22,8366,9750,9750,50,220,220
6,False,4.333333333333334,11.666666666666666,16,22,8416,9750,9750,50,220,220
6,False,4.0,11.0,15,21,8466,9750,9750,50,220,220
6,False,3.333333333333334,10.666666666666666,14,21,8516,9750,9750,50,220,220
6,False,2.0,10.0,12,20,8566,9750,9750,50,220,220
6,False,1.333333333333334,9.666666666666666,11,20,8616,9750,9750,50,220,220
6,False,0.6666666666666661,9.333333333333334,10,19,8666,9750,9750,50,220,220
6,False,0.0,9.0,9,19,8716,9750,9750,50,220,220
6,False,-1.333333333333334,8.333333333333334,7,18,8766,9750,9750,50,220,220
6,False,-2.0,8.0,6,18,8816,9750,9750,50,220,220
6,False,-2.666666666666667,7.666666666666667,5,18,8866,9750,9750,50,220,220
6,False,-3.666666666666667,6.666666666666667,3,17,8916,9750,9750,50,220,220
6,False,-4.666666666666667,6.666666666666667,2,16,8966,9750,9750,50,220,220
6,False,-5.0,6.0,1,16,9016,9750,9750,50,220,220
6,False,-5.666666666666667,5.666666666666667,0,15,9066,9750,9750,50,220,220
1,False,9.0,17.0,26,27,8359,9500,9500,50,220,220
1,False,10.333333333333332,16.666666666666668,27,27,8409,9500,9500,50,220,220
1,False,11.666666666666668,17.333333333333332,29,28,8459,9500,9500,50,220,220
1,False,12.0,18.0,30,28,8509,9500,9500,50,220,220
1,False,13.0,18.0,31,29,8559,9500,9500,50,220,220
1,False,13.333333333333332,18.666666666666668,32,29,8609,9500,9500,50,220,220
1,False,15.0,19.0,34,29,8659,9500,9500,50,220,220
1,False,15.333333333333332,19.666666666666668,35,30,8709,9500,9500,50,220,220
1,False,16.0,20.0,36,31,8759,9500,9500,50,220,220
1,False,17.333333333333332,20.666666666666668,38,31,8809,9500,9500,50,220,220
1,False,18.0,21.0,39,32,8859,9500,9500,50,220,220
1,False,18.666666666666668,21.333333333333332,40,32,8909,9500,9500,50,220,220
1,False,20.0,22.0,42,33,8959,9500,9500,50,220,220
1,False,20.666666666666668,22.333333333333332,43,33,9009,9500,9500,50,220,220
1,False,21.333333333333332,22.666666666666668,44,33,9059,9500,9500,50,220,220
1,False,22.0,23.0,45,34,9109,9500,9500,50,220,220
1,False,22.333333333333332,23.666666666666668,46,35,9159,9500,9500,50,220,220
1,False,23.666666666666668,24.333333333333332,48,35,9209,9500,9500,50,220,220
1,False,24.666666666666668,24.333333333333332,49,35,9259,9500,9500,50,220,220
1,False,25.0,25.0,50,35,9309,9500,9500,50,220,220
2,False,6.333333333333334,13.666666666666666,20,24,7852,9500,9500,50,220,220
2,False,5.666666666666666,13.333333333333334,19,23,7902,9500,9500,50,220,220
2,False,5.0,12.0,17,22,7952,9500,9500,50,220,220
2,False,4.0,12.0,16,22,8002,9500,9500,50,220,220
2,False,2.666666666666666,11.333333333333334,14,21,8052,9500,9500,50,220,220
2,False,2.333333333333334,10.666666666666666,13,21,8102,9500,9500,50,220,220
2,False,1.0,10.0,11,21,8152,9500,9500,50,220,220
2,False,-0.3333333333333339,9.333333333333334,9,20,8202,9500,9500,50,220,220
2,False,-1.0,9.0,8,19,8252,9500,9500,50,220,220
2,False,-2.0,8.0,6,19,8302,9500,9500,50,220,220
2,False,-3.0,8.0,5,18,8352,9500,9500,50,220,220
2,False,-4.0,7.0,3,17,8402,9500,9500,50,220,220
2,False,-5.0,7.0,2,17,8452,9500,9500,50,220,220
2,False,-5.666666666666667,5.666666666666667,0,16,8502,9500,9500,50,220,220
2,False,-5.666666666666667,5.666666666666667,0,16,8552,9500,9500,50,220,220
2,False,-5.666666666666667,5.666666666666667,0,15,8602,9500,9500,50,220,220
2,False,-6.0,6.0,0,15,8652,9500,9500,50,220,220
2,False,-5.666666666666667,5.666666666666667,0,14,8702,9500,9500,50,220,220
2,False,-5.666666666666667,5.666666666666667,0,13,8752,9500,9500,50,220,220
2,False,-6.666666666666667,6.666666666666667,0,13,8802,9500,9500,50,220,220
3,False,-1.333333333333334,8.333333333333334,7,19,8337,9500,9500,50,220,220
3,False,-0.6666666666666661,8.666666666666666,8,19,8387,9500,9500,50,220,220
3,False,0.6666666666666661,9.333333333333334,10,20,8437,9500,9500,50,220,220
3,False,1.333333333333334,9.666666666666666,11,20,8487,9500,9500,50,220,220
3,False,2.333333333333334,10.666666666666666,13,21,8537,9500,9500,50,220,220
3,False,2.333333333333334,10.666666666666666,13,21,8587,9500,9500,50,220,220
3,False,4.0,11.0,15,22,8637,9500,9500,50,220,220
3,False,4.333333333333334,11.666666666666666,16,22,8687,9500,9500,50,220,220
3,False,5.0,12.0,17,23,8737,9500,9500,50,220,220
3,False,6.333333333333334,12.666666666666666,19,23,8787,9500,9500,50,220,220
3,False,7.0,13.0,20,24,8837,9500,9500,50,220,220
3,False,7.666666666666666,13.333333333333334,21,25,8887,9500,9500,50,220,220
3,False,8.333333333333334,13.666666666666666,22,25,8937,9500,9500,50,220,220
3,False,9.333333333333334,14.666666666666666,24,26,8987,9500,9500,50,220,220
3,False,10.333333333333334,14.666666666666666,25,25,9037,9500,9500,50,220,220
3,False,11.666666666666666,15.333333333333334,27,26,9087,9500,9500,50,220,220
3,False,12.333333333333334,15.666666666666666,28,27,9137,9500,9500,50,220,220
3,False,13.0,16.0,29,27,9187,9500,9500,50,220,220
3,False,15.333333333333332,17.666666666666668,33,28,9237,9500,9500,50,220,220
3,False,14.0,17.0,31,28,9287,9500,9500,50,220,220
4,False,-1.333333333333334,9.333333333333334,8,19,7831,9500,9500,50,220,220
4,False,-2.666666666666666,8.666666666666666,6,19,7881,9500,9500,50,220,220
4,False,-3.333333333333334,8.333333333333334,5,19,7931,9500,9500,50,220,220
4,False,-4.0,8.0,4,18,7981,9500,9500,50,220,220
4,False,-5.333333333333333,7.333333333333333,2,17,8031,9500,9500,50,220,220
4,False,-5.666666666666667,6.666666666666667,1,17,8081,9500,9500,50,220,220
4,False,-6.333333333333333,6.333333333333333,0,16,8131,9500,9500,50,220,220
4,False,-6.333333333333333,6.333333333333333,0,16,8181,9500,9500,50,220,220
4,False,-6.333333333333333,6.333333333333333,0,15,8231,9500,9500,50,220,220
4,False,-6.333333333333333,6.333333333333333,0,15,8281,9500,9500,50,220,220
4,False,-6.333333333333333,6.333333333333333,0,14,8331,9500,9500,50,220,220
4,False,-6.0,6.0,0,14,8381,9500,9500,50,220,220
4,False,-6.333333333333333,6.333333333333333,0,13,8431,9500,9500,50,220,220
4,False,-6.333333333333333,6.333333333333333,0,13,8481,9500,9500,50,220,220
4,False,-6.333333333333333,6.333333333333333,0,12,8531,9500,9500,50,220,220
4,False,-6.333333333333333,6.333333333333333,0,12,8581,9500,9500,50,220,220
4,False,-6.0,6.0,0,11,8631,9500,9500,50,220,220
4,False,-7.0,7.0,0,11,8681,9500,9500,50,220,220
4,False,-6.0,6.0,0,10,8731,9500,9500,50,220,220
4,False,-6.0,6.0,0,10,8781,9500,9500,50,220,220
5,False,1.666666666666666,11.333333333333334,13,22,8324,9500,9500,50,220,220
5,False,3.0,12.0,15,23,8374,9500,9500,50,220,220
5,False,3.666666666666666,12.333333333333334,16,23,8424,9500,9500,50,220,220
5,False,5.0,13.0,18,23,8474,9500,9500,50,220,220
5,False,5.0,13.0,18,24,8524,9500,9500,50,220,220
5,False,6.666666666666666,13.333333333333334,20,25,8574,9500,9500,50,220,220
5,False,7.666666666666666,14.333333333333334,22,25,8624,9500,9500,50,220,220
5,False,8.333333333333334,14.666666666666666,23,26,8674,9500,9500,50,220,220
5,False,9.666666666666666,15.333333333333334,25,26,8724,9500,9500,50,220,220
5,False,10.333333333333334,15.666666666666666,26,27,8774,9500,9500,50,220,220
5,False,11.0,16.0,27,27,8824,9500,9500,50,220,220
5,False,11.333333333333332,16.666666666666668,28,27,8874,9500,9500,50,220,220
5,False,12.666666666666668,17.333333333333332,30,28,8924,9500,9500,50,220,220
5,False,13.0,18.0,31,28,8974,9500,9500,50,220,220
5,False,13.666666666666668,18.333333333333332,32,29,9024,9500,9500,50,220,220
5,False,15.333333333333332,18.666666666666668,34,29,9074,9500,9500,50,220,220
5,False,14.666666666666668,20.333333333333332,35,30,9124,9500,9500,50,220,220
5,False,16.333333333333332,19.666666666666668,36,31,9174,9500,9500,50,220,220
5,False,17.666666666666668,20.333333333333332,38,31,9224,9500,9500,50,220,220
5,False,18.333333333333332,20.666666666666668,39,31,9274,9500,9500,50,220,220
6,False,6.333333333333334,12.666666666666666,19,23,7817,9500,9500,50,220,220
6,False,5.0,12.0,17,22,7867,9500,9500,50,220,220
6,False,4.333333333333334,11.666666666666666,16,21,7917,9500,9500,50,220,220
6,False,3.333333333333334,10.666666666666666,14,21,7967,9500,9500,50,220,220
6,False,2.333333333333334,10.666666666666666,13,21,8017,9500,9500,50,220,220
6,False,2.0,10.0,12,20,8067,9500,9500,50,220,220
6,False,0.6666666666666661,9.333333333333334,10,20,8117,9500,9500,50,220,220
6,False,0.0,9.0,9,19,8167,9500,9500,50,220,220
6,False,-1.333333333333334,8.333333333333334,7,19,8217,9500,9500,50,220,220
6,False,-2.0,8.0,6,18,8267,9500,9500,50,220,220
6,False,-2.666666666666667,7.666666666666667,5,18,8317,9500,9500,50,220,220
6,False,-3.333333333333333,7.333333333333333,4,17,8367,9500,9500,50,220,220
6,False,-4.333333333333333,6.333333333333333,2,16,8417,9500,9500,50,220,220
6,False,-5.0,6.0,1,16,8467,9500,9500,50,220,220
6,False,-5.666666666666667,5.666666666666667,0,15,8517,9500,9500,50,220,220
6,False,-5.0,6.0,1,15,8567,9500,9500,50,220,220
6,False,-5.666666666666667,5.666666666666667,0,14,8617,9500,9500,50,220,220
6,False,-5.666666666666667,5.666666666666667,0,14,8667,9500,9500,50,220,220
6,False,-5.666666666666667,5.666666666666667,0,14,8717,9500,9500,50,220,220
6,False,-5.666666666666667,5.666666666666667,0,13,8767,9500,9500,50,220,220
1,False,-0.3333333333333339,10.333333333333334,10,21,8308,9500,9500,50,220,220
1,False,1.0,11.0,12,22,8358,9500,9500,50,220,220
1,False,1.666666666666666,11.333333333333334,13,22,8408,9500,9500,50,220,220
1,False,2.0,12.0,14,22,8458,9500,9500,50,220,220
1,False,3.333333333333334,12.666666666666666,16,23,8508,9500,9500,50,220,220
1,False,4.0,13.0,17,24,8558,9500,9500,50,220,220
1,False,5.333333333333334,13.666666666666666,19,24,8608,9500,9500,50,220,220
1,False,5.666666666666666,14.333333333333334,20,25,8658,9500,9500,50,220,220
1,False,6.666666666666666,14.333333333333334,21,25,8708,9500,9500,50,220,220
1,False,8.0,15.0,23,25,8758,9500,9500,50,220,220
1,False,8.666666666666666,15.333333333333334,24,26,8808,9500,9500,50,220,220
1,False,9.666666666666668,16.333333333333332,26,26,8858,9500,9500,50,220,220
1,False,10.666666666666668,16.333333333333332,27,27,8908,9500,9500,50,220,220
1,False,12.0,17.0,29,27,8958,9500,9500,50,220,220
1,False,11.0,19.0,30,28,9008,9500,9500,50,220,220
1,False,12.666666666666668,18.333333333333332,31,28,9058,9500,9500,50,220,220
1,False,13.666666666666668,18.333333333333332,32,29,9108,9500,9500,50,220,220
1,False,15.0,19.0,34,30,9158,9500,9500,50,220,220
1,False,15.333333333333332,19.666666666666668,35,30,9208,9500,9500,50,220,220
1,False,16.0,20.0,36,31,9258,9500,9500,50,220,220
2,False,7.0,14.0,21,24,7790,9500,9500,50,220,220
2,False,6.0,13.0,19,23,7840,9500,9500,50,220,220
2,False,5.0,13.0,18,23,7890,9500,9500,50,220,220
2,False,4.666666666666666,12.333333333333334,17,23,7940,9500,9500,50,220,220
2,False,4.333333333333334,11.666666666666666,16,22,7990,9500,9500,50,220,220
2,False,2.666666666666666,11.333333333333334,14,21,8040,9500,9500,50,220,220
2,False,2.0,11.0,13,21,8090,9500,9500,50,220,220
2,False,1.666666666666666,10.333333333333334,12,20,8140,9500,9500,50,220,220
2,False,0.6666666666666661,10.333333333333334,11,20,8190,9500,9500,50,220,220
2,False,-0.3333333333333339,9.333333333333334,9,19,8240,9500,9500,50,220,220
2,False,-1.0,9.0,8,19,8290,9500,9500,50,220,220
2,False,-1.333333333333334,8.333333333333334,7,19,8340,9500,9500,50,220,220
2,False,-2.0,8.0,6,18,8390,9500,9500,50,220,220
2,False,-4.333333333333334,8.333333333333334,4,18,8440,9500,9500,50,220,220
2,False,-4.0,7.0,3,18,8490,9500,9500,50,220,220
2,False,-4.666666666666667,6.666666666666667,2,17,8540,9500,9500,50,220,220
2,False,-6.0,6.0,0,16,8590,9500,9500,50,220,220
2,False,-5.666666666666667,5.666666666666667,0,16,8640,9500,9500,50,220,220
2,False,-5.666666666666667,5.666666666666667,0,15,8690,9500,9500,50,220,220
2,False,-6.0,6.0,0,15,8740,9500,9500,50,220,220
3,False,6.0,12.0,18,22,8284,9500,9500,50,220,220
3,False,6.333333333333334,12.666666666666666,19,23,8334,9500,9500,50,220,220
3,False,7.666666666666666,13.333333333333334,21,24,8384,9500,9500,50,220,220
3,False,8.333333333333334,13.666666666666666,22,25,8434,9500,9500,50,220,220
3,False,9.0,14.0,23,25,8484,9500,9500,50,220,220
3,False,10.333333333333334,14.666666666666666,25,26,8534,9500,9500,50,220,220
3,False,11.0,15.0,26,26,8584,9500,9500,50,220,220
3,False,11.333333333333334,15.666666666666666,27,26,8634,9500,9500,50,220,220
3,False,13.0,16.0,29,27,8684,9500,9500,50,220,220
3,False,13.666666666666668,16.333333333333332,30,27,8734,9500,9500,50,220,220
3,False,15.0,17.0,32,28,8784,9500,9500,50,220,220
3,False,15.333333333333332,17.666666666666668,33,29,8834,9500,9500,50,220,220
3,False,17.666666666666668,19.333333333333332,37,29,8884,9500,9500,50,220,220
3,False,17.333333333333332,18.666666666666668,36,30,8934,9500,9500,50,220,220
3,False,18.666666666666668,19.333333333333332,38,30,8984,9500,9500,50,220,220
3,False,18.333333333333332,19.666666666666668,38,31,9034,9500,9500,50,220,220
3,False,19.666666666666668,20.333333333333332,40,31,9084,9500,9500,50,220,220
3,False,20.0,21.0,41,32,9134,9500,9500,50,220,220
3,False,21.666666666666668,21.333333333333332,43,32,9184,9500,9500,50,220,220
3,False,22.333333333333332,21.666666666666668,44,33,9234,9500,9500,50,220,220
4,False,3.666666666666666,12.333333333333334,16,23,7778,9500,9500,50,220,220
4,False,3.0,12.0,15,23,7828,9500,9500,50,220,220
4,False,2.0,11.0,13,22,7878,9500,9500,50,220,220
4,False,1.0,11.0,12,21,7928,9500,9500,50,220,220
4,False,0.3333333333333339,10.666666666666666,11,21,7978,9500,9500,50,220,220
4,False,-1.0,10.0,9,20,8028,9500,9500,50,220,220
4,False,-2.0,9.0,7,20,8078,9500,9500,50,220,220
4,False,-2.666666666666666,8.666666666666666,6,19,8128,9500,9500,50,220,220
4,False,-4.0,8.0,4,18,8178,9500,9500,50,220,220
4,False,-4.666666666666667,7.666666666666667,3,18,8228,9500,9500,50,220,220
4,False,-5.333333333333333,7.333333333333333,2,17,8278,9500,9500,50,220,220
4,False,-7.666666666666667,7.666666666666667,0,17,8328,9500,9500,50,220,220
4,False,-6.333333333333333,6.333333333333333,0,16,8378,9500,9500,50,220,220
4,False,-6.333333333333333,6.333333333333333,0,16,8428,9500,9500,50,220,220
4,False,-6.666666666666667,6.666666666666667,0,15,8478,9500,9500,50,220,220
4,False,-6.333333333333333,6.333333333333333,0,14,8528,9500,9500,50,220,220
4,False,-6.333333333333333,6.333333333333333,0,15,8578,9500,9500,50,220,220
4,False,-6.333333333333333,6.333333333333333,0,13,8628,9500,9500,50,220,220
4,False,-6.333333333333333,6.333333333333333,0,13,8678,9500,9500,50,220,220
4,False,-6.333333333333333,6.333333333333333,0,13,8728,9500,9500,50,220,220
5,False,-3.333333333333334,8.333333333333334,5,18,8271,9500,9500,50,220,220
5,False,-2.0,9.0,7,19,8321,9500,9500,50,220,220
5,False,-1.333333333333334,9.333333333333334,8,20,8371,9500,9500,50,220,220
5,False,-0.3333333333333339,10.333333333333334,10,20,8421,9500,9500,50,220,220
5,False,0.6666666666666661,10.333333333333334,11,21,8471,9500,9500,50,220,220
5,False,1.0,11.0,12,22,8521,9500,9500,50,220,220
5,False,2.333333333333334,11.666666666666666,14,22,8571,9500,9500,50,220,220
5,False,3.0,12.0,15,22,8621,9500,9500,50,220,220
5,False,3.666666666666666,12.333333333333334,16,23,8671,9500,9500,50,220,220
5,False,5.333333333333334,12.666666666666666,18,23,8721,9500,9500,50,220,220
5,False,4.666666666666666,14.333333333333334,19,25,8771,9500,9500,50,220,220
5,False,7.0,14.0,21,24,8821,9500,9500,50,220,220
5,False,7.666666666666666,14.333333333333334,22,26,8871,9500,9500,50,220,220
5,False,8.0,15.0,23,26,8921,9500,9500,50,220,220
5,False,9.666666666666666,15.333333333333334,25,26,8971,9500,9500,50,220,220
5,False,10.333333333333334,15.666666666666666,26,27,9021,9500,9500,50,220,220
5,False,11.0,16.0,27,27,9071,9500,9500,50,220,220
5,False,12.333333333333332,16.666666666666668,29,27,9121,9500,9500,50,220,220
5,False,12.333333333333332,17.666666666666668,30,28,9171,9500,9500,50,220,220
5,False,14.333333333333332,17.666666666666668,32,28,9221,9500,9500,50,220,220
6,False,7.666666666666666,13.333333333333334,21,23,7764,9500,9500,50,220,220
6,False,7.0,13.0,20,23,7814,9500,9500,50,220,220
6,False,6.333333333333334,12.666666666666666,19,23,7864,9500,9500,50,220,220
6,False,5.0,12.0,17,21,7914,9500,9500,50,220,220
6,False,4.333333333333334,11.666666666666666,16,21,7964,9500,9500,50,220,220
6,False,3.0,11.0,14,21,8014,9500,9500,50,220,220
6,False,2.666666666666666,10.333333333333334,13,20,8064,9500,9500,50,220,220
6,False,2.0,10.0,12,20,8114,9500,9500,50,220,220
6,False,0.6666666666666661,9.333333333333334,10,20,8164,9500,9500,50,220,220
6,False,2.0,10.0,12,19,8214,9500,9500,50,220,220
6,False,-0.6666666666666661,8.666666666666666,8,18,8264,9500,9500,50,220,220
6,False,-1.666666666666667,7.666666666666667,6,18,8314,9500,9500,50,220,220
6,False,-2.666666666666667,7.666666666666667,5,18,8364,9500,9500,50,220,220
6,False,-3.333333333333333,7.333333333333333,4,17,8414,9500,9500,50,220,220
6,False,-4.0,7.0,3,17,8464,9500,9500,50,220,220
6,False,-4.666666666666667,6.666666666666667,2,16,8514,9500,9500,50,220,220
6,False,-5.666666666666667,5.666666666666667,0,16,8564,9500,9500,50,220,220
6,False,-6.0,6.0,0,15,8614,9500,9500,50,220,220
6,False,-5.666666666666667,5.666666666666667,0,15,8664,9500,9500,50,220,220
6,False,-5.666666666666667,5.666666666666667,0,14,8714,9500,9500,50,220,220
1,False,8.0,15.0,23,25,8256,9500,9500,50,220,220
1,False,9.333333333333334,15.666666666666666,25,26,8306,9500,9500,50,220,220
1,False,9.666666666666668,16.333333333333332,26,27,8356,9500,9500,50,220,220
1,False,10.333333333333332,16.666666666666668,27,27,8406,9500,9500,50,220,220
1,False,12.333333333333332,17.666666666666668,30,28,8456,9500,9500,50,220,220
1,False,12.333333333333332,17.666666666666668,30,28,8506,9500,9500,50,220,220
1,False,13.666666666666668,18.333333333333332,32,29,8556,9500,9500,50,220,220
1,False,14.0,19.0,33,30,8606,9500,9500,50,220,220
1,False,14.666666666666668,20.333333333333332,35,30,8656,9500,9500,50,220,220
1,False,16.0,20.0,36,31,8706,9500,9500,50,220,220
1,False,17.333333333333332,20.666666666666668,38,31,8756,9500,9500,50,220,220
1,False,18.0,21.0,39,32,8806,9500,9500,50,220,220
1,False,18.0,21.0,39,32,8856,9500,9500,50,220,220
1,False,20.0,22.0,42,32,8906,9500,9500,50,220,220
1,False,20.666666666666668,22.333333333333332,43,33,8956,9500,9500,50,220,220
1,False,21.333333333333332,22.666666666666668,44,33,9006,9500,9500,50,220,220
1,False,22.0,23.0,45,34,9056,9500,9500,50,220,220
1,False,23.0,24.0,47,35,9106,9500,9500,50,220,220
1,False,24.0,24.0,48,35,9156,9500,9500,50,220,220
1,False,24.666666666666668,24.333333333333332,49,35,9206,9500,9500,50,220,220
2,False,16.666666666666668,19.333333333333332,36,30,7739,9500,9500,50,220,220
2,False,15.333333333333332,18.666666666666668,34,29,7789,9500,9500,50,220,220
2,False,15.0,18.0,33,28,7839,9500,9500,50,220,220
2,False,14.666666666666668,17.333333333333332,32,28,7889,9500,9500,50,220,220
2,False,13.0,17.0,30,28,7939,9500,9500,50,220,220
2,False,12.333333333333332,16.666666666666668,29,27,7989,9500,9500,50,220,220
2,False,11.666666666666668,16.333333333333332,28,26,8039,9500,9500,50,220,220
2,False,10.0,17.0,27,26,8089,9500,9500,50,220,220
2,False,10.0,15.0,25,25,8139,9500,9500,50,220,220
2,False,8.333333333333334,14.666666666666666,23,25,8189,9500,9500,50,220,220
2,False,8.0,14.0,22,24,8239,9500,9500,50,220,220
2,False,7.333333333333334,13.666666666666666,21,24,8289,9500,9500,50,220,220
2,False,6.666666666666666,13.333333333333334,20,24,8339,9500,9500,50,220,220
2,False,5.333333333333334,12.666666666666666,18,23,8389,9500,9500,50,220,220
2,False,5.0,12.0,17,23,8439,9500,9500,50,220,220
2,False,3.333333333333334,11.666666666666666,15,22,8489,9500,9500,50,220,220
2,False,2.666666666666666,11.333333333333334,14,21,8539,9500,9500,50,220,220
2,False,2.333333333333334,10.666666666666666,13,21,8589,9500,9500,50,220,220
2,False,1.666666666666666,10.333333333333334,12,21,8639,9500,9500,50,220,220
2,False,0.3333333333333339,9.666666666666666,10,21,8689,9500,9500,50,220,220
3,False,4.666666666666666,11.333333333333334,16,22,8233,9500,9500,50,220,220
3,False,5.0,12.0,17,23,8283,9500,9500,50,220,220
3,False,5.666666666666666,12.333333333333334,18,23,8333,9500,9500,50,220,220
3,False,7.333333333333334,12.666666666666666,20,24,8383,9500,9500,50,220,220
3,False,7.666666666666666,13.333333333333334,21,24,8433,9500,9500,50,220,220
3,False,8.333333333333334,13.666666666666666,22,24,8483,9500,9500,50,220,220
3,False,11.0,15.0,26,25,8533,9500,9500,50,220,220
3,False,9.666666666666666,14.333333333333334,24,25,8583,9500,9500,50,220,220
3,False,11.0,15.0,26,25,8633,9500,9500,50,220,220
3,False,11.666666666666666,15.333333333333334,27,26,8683,9500,9500,50,220,220
3,False,12.333333333333334,15.666666666666666,28,26,8733,9500,9500,50,220,220
3,False,12.333333333333334,15.666666666666666,28,27,8783,9500,9500,50,220,220
3,False,13.333333333333332,16.666666666666668,30,27,8833,9500,9500,50,220,220
3,False,14.0,17.0,31,28,8883,9500,9500,50,220,220
3,False,15.0,18.0,33,28,8933,9500,9500,50,220,220
3,False,16.333333333333332,17.666666666666668,34,29,8983,9500,9500,50,220,220
3,False,16.666666666666668,18.333333333333332,35,29,9033,9500,9500,50,220,220
3,False,16.666666666666668,18.333333333333332,35,30,9083,9500,9500,50,220,220
3,False,18.0,19.0,37,29,9133,9500,9500,50,220,220
3,False,17.666666666666668,19.333333333333332,37,30,9183,9500,9500,50,220,220
4,False,-2.666666666666666,8.666666666666666,6,19,7726,9500,9500,50,220,220
4,False,-4.0,8.0,4,18,7776,9500,9500,50,220,220
4,False,-5.333333333333333,7.333333333333333,2,18,7826,9500,9500,50,220,220
4,False,-5.666666666666667,6.666666666666667,1,17,7876,9500,9500,50,220,220
4,False,-6.666666666666667,6.666666666666667,0,17,7926,9500,9500,50,220,220
4,False,-7.333333333333333,7.333333333333333,0,16,7976,9500,9500,50,220,220
4,False,-6.666666666666667,6.666666666666667,0,15,8026,9500,9500,50,220,220
4,False,-6.333333333333333,6.333333333333333,0,15,8076,9500,9500,50,220,220
4,False,-6.333333333333333,6.333333333333333,0,14,8126,9500,9500,50,220,220
4,False,-6.333333333333333,6.333333333333333,0,14,8176,9500,9500,50,220,220
4,False,-6.333333333333333,6.333333333333333,0,13,8226,9500,9500,50,220,220
4,False,-6.333333333333333,6.333333333333333,0,13,8276,9500,9500,50,220,220
4,False,-6.0,6.0,0,12,8326,9500,9500,50,220,220
4,False,-6.0,6.0,0,11,8376,9500,9500,50,220,220
4,False,-6.0,6.0,0,10,8426,9500,9500,50,220,220
4,False,-6.0,6.0,0,10,8476,9500,9500,50,220,220
4,False,-6.0,6.0,0,9,8526,9500,9500,50,220,220
4,False,-6.0,6.0,0,9,8576,9500,9500,50,220,220
4,False,-6.0,6.0,0,8,8626,9500,9500,50,220,220
4,False,-6.0,6.0,0,8,8676,9500,9500,50,220,220
5,False,-6.0,7.0,1,17,8219,9500,9500,50,220,220
5,False,-5.333333333333333,7.333333333333333,2,18,8269,9500,9500,50,220,220
5,False,-4.666666666666667,7.666666666666667,3,18,8319,9500,9500,50,220,220
5,False,-4.333333333333334,8.333333333333334,4,19,8369,9500,9500,50,220,220
5,False,-4.0,10.0,6,20,8419,9500,9500,50,220,220
5,False,-1.333333333333334,9.333333333333334,8,20,8469,9500,9500,50,220,220
5,False,-1.0,10.0,9,20,8519,9500,9500,50,220,220
5,False,0.0,10.0,10,21,8569,9500,9500,50,220,220
5,False,1.333333333333334,10.666666666666666,12,22,8619,9500,9500,50,220,220
5,False,1.666666666666666,11.333333333333334,13,22,8669,9500,9500,50,220,220
5,False,2.333333333333334,11.666666666666666,14,22,8719,9500,9500,50,220,220
5,False,3.666666666666666,12.333333333333334,16,23,8769,9500,9500,50,220,220
5,False,4.333333333333334,12.666666666666666,17,23,8819,9500,9500,50,220,220
5,False,5.666666666666666,13.333333333333334,19,23,8869,9500,9500,50,220,220
5,False,6.333333333333334,13.666666666666666,20,24,8919,9500,9500,50,220,220
5,False,7.0,14.0,21,25,8969,9500,9500,50,220,220
5,False,8.333333333333334,14.666666666666666,23,25,9019,9500,9500,50,220,220
5,False,9.0,15.0,24,26,9069,9500,9500,50,220,220
5,False,9.333333333333334,15.666666666666666,25,26,9119,9500,9500,50,220,220
5,False,11.0,16.0,27,27,9169,9500,9500,50,220,220
6,False,10.0,15.0,25,24,7712,9500,9500,50,220,220
6,False,9.666666666666666,14.333333333333334,24,24,7762,9500,9500,50,220,220
6,False,8.333333333333334,13.666666666666666,22,24,7812,9500,9500,50,220,220
6,False,9.666666666666666,14.333333333333334,24,23,7862,9500,9500,50,220,220
6,False,7.0,13.0,20,23,7912,9500,9500,50,220,220
6,False,5.666666666666666,12.333333333333334,18,23,7962,9500,9500,50,220,220
6,False,5.0,12.0,17,22,8012,9500,9500,50,220,220
6,False,3.666666666666666,11.333333333333334,15,21,8062,9500,9500,50,220,220
6,False,3.0,11.0,14,21,8112,9500,9500,50,220,220
6,False,2.666666666666666,10.333333333333334,13,20,8162,9500,9500,50,220,220
6,False,1.0,10.0,11,20,8212,9500,9500,50,220,220
6,False,0.6666666666666661,9.333333333333334,10,19,8262,9500,9500,50,220,220
6,False,0.0,9.0,9,18,8312,9500,9500,50,220,220
6,False,-0.6666666666666661,8.666666666666666,8,19,8362,9500,9500,50,220,220
6,False,-2.0,8.0,6,18,8412,9500,9500,50,220,220
6,False,-2.666666666666667,7.666666666666667,5,17,8462,9500,9500,50,220,220
6,False,-4.0,7.0,3,17,8512,9500,9500,50,220,220
6,False,-4.666666666666667,6.666666666666667,2,17,8562,9500,9500,50,220,220
6,False,-5.666666666666667,5.666666666666667,0,16,8612,9500,9500,50,220,220
6,False,-5.666666666666667,5.666666666666667,0,15,8662,9500,9500,50,220,220
1,False,4.666666666666666,13.333333333333334,18,24,8205,9250,9250,50,220,220
1,False,6.333333333333334,13.666666666666666,20,24,8255,9250,9250,50,220,220
1,False,5.666666666666666,15.333333333333334,21,25,8305,9250,9250,50,220,220
1,False,7.333333333333334,14.666666666666666,22,25,8355,9250,9250,50,220,220
1,False,8.666666666666666,15.333333333333334,24,26,8405,9250,9250,50,220,220
1,False,9.333333333333334,15.666666666666666,25,26,8455,9250,9250,50,220,220
1,False,10.333333333333332,16.666666666666668,27,27,8505,9250,9250,50,220,220
1,False,11.333333333333332,16.666666666666668,28,28,8555,9250,9250,50,220,220
1,False,12.0,17.0,29,27,8605,9250,9250,50,220,220
1,False,13.0,18.0,31,29,8655,9250,9250,50,220,220
1,False,13.666666666666668,18.333333333333332,32,29,8705,9250,9250,50,220,220
1,False,14.0,19.0,33,30,8755,9250,9250,50,220,220
1,False,15.333333333333332,19.666666666666668,35,30,8805,9250,9250,50,220,220
1,False,16.0,20.0,36,31,8855,9250,9250,50,220,220
1,False,16.666666666666668,20.333333333333332,37,31,8905,9250,9250,50,220,220
1,False,18.0,21.0,39,31,8955,9250,9250,50,220,220
1,False,18.666666666666668,21.333333333333332,40,32,9005,9250,9250,50,220,220
1,False,18.666666666666668,21.333333333333332,40,32,9055,9250,9250,50,220,220
1,False,20.333333333333332,21.666666666666668,42,32,9105,9250,9250,50,220,220
1,False,20.666666666666668,22.333333333333332,43,33,9155,9250,9250,50,220,220
2,False,4.666666666666666,12.333333333333334,17,22,7936,9250,9250,50,220,220
2,False,2.333333333333334,12.666666666666666,15,23,7986,9250,9250,50,220,220
2,False,3.0,11.0,14,21,8036,9250,9250,50,220,220
2,False,1.666666666666666,10.333333333333334,12,21,8086,9250,9250,50,220,220
2,False,1.0,10.0,11,21,8136,9250,9250,50,220,220
2,False,0.3333333333333339,9.666666666666666,10,20,8186,9250,9250,50,220,220
2,False,-1.0,9.0,8,19,8236,9250,9250,50,220,220
2,False,-1.333333333333334,8.333333333333334,7,18,8286,9250,9250,50,220,220
2,False,-2.333333333333334,8.333333333333334,6,19,8336,9250,9250,50,220,220
2,False,-3.333333333333333,7.333333333333333,4,18,8386,9250,9250,50,220,220
2,False,-4.0,7.0,3,17,8436,9250,9250,50,220,220
2,False,-5.333333333333333,6.333333333333333,1,17,8486,9250,9250,50,220,220
2,False,-5.666666666666667,5.666666666666667,0,16,8536,9250,9250,50,220,220
2,False,-6.0,6.0,0,16,8586,9250,9250,50,220,220
2,False,-6.0,6.0,0,15,8636,9250,9250,50,220,220
2,False,-5.666666666666667,5.666666666666667,0,15,8686,9250,9250,50,220,220
2,False,-6.0,6.0,0,15,8736,9250,9250,50,220,220
2,False,-5.666666666666667,5.666666666666667,0,14,8786,9250,9250,50,220,220
2,False,-5.333333333333333,5.333333333333333,0,14,8836,9250,9250,50,220,220
2,False,-5.666666666666667,5.666666666666667,0,13,8886,9250,9250,50,220,220
3,False,-5.666666666666667,5.666666666666667,0,13,7679,9250,9250,50,220,220
3,False,-6.0,6.0,0,13,7729,9250,9250,50,220,220
3,False,-5.666666666666667,5.666666666666667,0,14,7779,9250,9250,50,220,220
3,False,-5.666666666666667,5.666666666666667,0,14,7829,9250,9250,50,220,220
3,False,-5.666666666666667,5.666666666666667,0,14,7879,9250,9250,50,220,220
3,False,-5.666666666666667,5.666666666666667,0,14,7929,9250,9250,50,220,220
3,False,-5.666666666666667,5.666666666666667,0,15,7979,9250,9250,50,220,220
3,False,-6.0,6.0,0,16,8029,9250,9250,50,220,220
3,False,-5.666666666666667,5.666666666666667,0,16,8079,9250,9250,50,220,220
3,False,-5.333333333333333,6.333333333333333,1,16,8129,9250,9250,50,220,220
3,False,-4.333333333333333,6.333333333333333,2,17,8179,9250,9250,50,220,220
3,False,-3.333333333333333,7.333333333333333,4,17,8229,9250,9250,50,220,220
3,False,-3.333333333333333,7.333333333333333,4,18,8279,9250,9250,50,220,220
3,False,-2.666666666666667,7.666666666666667,5,18,8329,9250,9250,50,220,220
3,False,-1.0,8.0,7,19,8379,9250,9250,50,220,220
3,False,-0.6666666666666661,8.666666666666666,8,19,8429,9250,9250,50,220,220
3,False,0.0,9.0,9,20,8479,9250,9250,50,220,220
3,False,1.666666666666666,9.333333333333334,11,20,8529,9250,9250,50,220,220
3,False,2.0,10.0,12,20,8579,9250,9250,50,220,220
3,False,2.666666666666666,10.333333333333334,13,21,8629,9250,9250,50,220,220
4,False,0.6666666666666661,10.333333333333334,11,21,7422,9250,9250,50,220,220
4,False,-0.6666666666666661,9.666666666666666,9,21,7472,9250,9250,50,220,220
4,False,-0.6666666666666661,9.666666666666666,9,20,7522,9250,9250,50,220,220
4,False,-2.0,9.0,7,20,7572,9250,9250,50,220,220
4,False,-2.666666666666666,8.666666666666666,6,19,7622,9250,9250,50,220,220
4,False,-4.0,8.0,4,18,7672,9250,9250,50,220,220
4,False,-4.666666666666667,7.666666666666667,3,17,7722,9250,9250,50,220,220
4,False,-5.333333333333333,7.333333333333333,2,18,7772,9250,9250,50,220,220
4,False,-6.666666666666667,6.666666666666667,0,17,7822,9250,9250,50,220,220
4,False,-6.666666666666667,6.666666666666667,0,16,7872,9250,9250,50,220,220
4,False,-6.666666666666667,6.666666666666667,0,16,7922,9250,9250,50,220,220
4,False,-6.666666666666667,6.666666666666667,0,16,7972,9250,9250,50,220,220
4,False,-6.666666666666667,6.666666666666667,0,15,8022,9250,9250,50,220,220
4,False,-6.666666666666667,6.666666666666667,0,15,8072,9250,9250,50,220,220
4,False,-6.333333333333333,6.333333333333333,0,14,8122,9250,9250,50,220,220
4,False,-6.333333333333333,6.333333333333333,0,14,8172,9250,9250,50,220,220
4,False,-6.333333333333333,6.333333333333333,0,13,8222,9250,9250,50,220,220
4,False,-6.333333333333333,6.333333333333333,0,13,8272,9250,9250,50,220,220
4,False,-6.333333333333333,6.333333333333333,0,13,8322,9250,9250,50,220,220
4,False,-7.333333333333333,7.333333333333333,0,12,8372,9250,9250,50,220,220
5,False,1.666666666666666,11.333333333333334,13,21,8165,9250,9250,50,220,220
5,False,3.0,12.0,15,22,8215,9250,9250,50,220,220
5,False,3.666666666666666,12.333333333333334,16,23,8265,9250,9250,50,220,220
5,False,4.333333333333334,12.666666666666666,17,23,8315,9250,9250,50,220,220
5,False,5.666666666666666,13.333333333333334,19,24,8365,9250,9250,50,220,220
5,False,6.333333333333334,13.666666666666666,20,25,8415,9250,9250,50,220,220
5,False,7.666666666666666,14.333333333333334,22,25,8465,9250,9250,50,220,220
5,False,8.333333333333334,14.666666666666666,23,26,8515,9250,9250,50,220,220
5,False,9.666666666666666,15.333333333333334,25,26,8565,9250,9250,50,220,220
5,False,11.0,16.0,27,27,8615,9250,9250,50,220,220
5,False,11.333333333333332,16.666666666666668,28,28,8665,9250,9250,50,220,220
5,False,12.666666666666668,17.333333333333332,30,28,8715,9250,9250,50,220,220
5,False,13.666666666666668,18.333333333333332,32,29,8765,9250,9250,50,220,220
5,False,14.666666666666668,18.333333333333332,33,29,8815,9250,9250,50,220,220
5,False,15.0,19.0,34,30,8865,9250,9250,50,220,220
5,False,16.333333333333332,19.666666666666668,36,30,8915,9250,9250,50,220,220
5,False,17.0,20.0,37,31,8965,9250,9250,50,220,220
5,False,18.333333333333332,20.666666666666668,39,31,9015,9250,9250,50,220,220
5,False,18.0,22.0,40,32,9065,9250,9250,50,220,220
5,False,19.666666666666668,21.333333333333332,41,32,9115,9250,9250,50,220,220
6,False,10.0,15.0,25,25,7908,9250,9250,50,220,220
6,False,9.333333333333334,14.666666666666666,24,24,7958,9250,9250,50,220,220
6,False,9.0,14.0,23,24,8008,9250,9250,50,220,220
6,False,7.666666666666666,13.333333333333334,21,23,8058,9250,9250,50,220,220
6,False,7.0,13.0,20,23,8108,9250,9250,50,220,220
6,False,6.333333333333334,12.666666666666666,19,23,8158,9250,9250,50,220,220
6,False,5.0,12.0,17,22,8208,9250,9250,50,220,220
6,False,4.333333333333334,11.666666666666666,16,21,8258,9250,9250,50,220,220
6,False,3.666666666666666,11.333333333333334,15,21,8308,9250,9250,50,220,220
6,False,2.333333333333334,10.666666666666666,13,20,8358,9250,9250,50,220,220
6,False,2.0,10.0,12,20,8408,9250,9250,50,220,220
6,False,1.333333333333334,9.666666666666666,11,19,8458,9250,9250,50,220,220
6,False,0.6666666666666661,9.333333333333334,10,19,8508,9250,9250,50,220,220
6,False,-0.6666666666666661,8.666666666666666,8,18,8558,9250,9250,50,220,220
6,False,-1.333333333333334,8.333333333333334,7,18,8608,9250,9250,50,220,220
6,False,-2.0,8.0,6,18,8658,9250,9250,50,220,220
6,False,-3.333333333333333,7.333333333333333,4,18,8708,9250,9250,50,220,220
6,False,-1.666666666666667,7.666666666666667,6,17,8758,9250,9250,50,220,220
6,False,-4.333333333333333,6.333333333333333,2,16,8808,9250,9250,50,220,220
6,False,-5.666666666666667,5.666666666666667,0,16,8858,9250,9250,50,220,220
1,False,-5.333333333333333,7.333333333333333,2,18,7640,9250,9250,50,220,220
1,False,-4.666666666666667,7.666666666666667,3,18,7690,9250,9250,50,220,220
1,False,-3.666666666666666,8.666666666666666,5,19,7740,9250,9250,50,220,220
1,False,-3.0,9.0,6,19,7790,9250,9250,50,220,220
1,False,-1.666666666666666,9.666666666666666,8,20,7840,9250,9250,50,220,220
1,False,-1.0,10.0,9,21,7890,9250,9250,50,220,220
1,False,-0.3333333333333339,10.333333333333334,10,20,7940,9250,9250,50,220,220
1,False,1.333333333333334,10.666666666666666,12,22,7990,9250,9250,50,220,220
1,False,2.333333333333334,11.666666666666666,14,22,8040,9250,9250,50,220,220
1,False,2.333333333333334,11.666666666666666,14,23,8090,9250,9250,50,220,220
1,False,3.333333333333334,12.666666666666666,16,23,8140,9250,9250,50,220,220
1,False,4.666666666666666,13.333333333333334,18,24,8190,9250,9250,50,220,220
1,False,5.666666666666666,13.333333333333334,19,24,8240,9250,9250,50,220,220
1,False,6.333333333333334,13.666666666666666,20,24,8290,9250,9250,50,220,220
1,False,7.0,15.0,22,25,8340,9250,9250,50,220,220
1,False,8.0,15.0,23,26,8390,9250,9250,50,220,220
1,False,8.333333333333332,16.666666666666668,25,27,8440,9250,9250,50,220,220
1,False,10.0,16.0,26,27,8490,9250,9250,50,220,220
1,False,10.666666666666668,16.333333333333332,27,27,8540,9250,9250,50,220,220
1,False,11.0,17.0,28,27,8590,9250,9250,50,220,220
2,False,13.666666666666668,17.333333333333332,31,28,7384,9250,9250,50,220,220
2,False,12.0,17.0,29,27,7434,9250,9250,50,220,220
2,False,12.333333333333332,16.666666666666668,29,27,7484,9250,9250,50,220,220
2,False,11.0,16.0,27,26,7534,9250,9250,50,220,220
2,False,9.666666666666666,15.333333333333334,25,26,7584,9250,9250,50,220,220
2,False,9.333333333333334,14.666666666666666,24,25,7634,9250,9250,50,220,220
2,False,8.666666666666666,14.333333333333334,23,25,7684,9250,9250,50,220,220
2,False,7.0,14.0,21,24,7734,9250,9250,50,220,220
2,False,7.0,13.0,20,24,7784,9250,9250,50,220,220
2,False,6.0,13.0,19,23,7834,9250,9250,50,220,220
2,False,4.666666666666666,12.333333333333334,17,23,7884,9250,9250,50,220,220
2,False,4.333333333333334,11.666666666666666,16,22,7934,9250,9250,50,220,220
2,False,3.333333333333334,11.666666666666666,15,22,7984,9250,9250,50,220,220
2,False,2.333333333333334,10.666666666666666,13,21,8034,9250,9250,50,220,220
2,False,1.666666666666666,10.333333333333334,12,21,8084,9250,9250,50,220,220
2,False,-0.6666666666666661,10.666666666666666,10,21,8134,9250,9250,50,220,220
2,False,-0.3333333333333339,9.333333333333334,9,20,8184,9250,9250,50,220,220
2,False,-0.6666666666666661,8.666666666666666,8,19,8234,9250,9250,50,220,220
2,False,-2.0,8.0,6,19,8284,9250,9250,50,220,220
2,False,-2.666666666666667,7.666666666666667,5,18,8334,9250,9250,50,220,220
3,False,2.666666666666666,10.333333333333334,13,21,8127,9250,9250,50,220,220
3,False,4.0,11.0,15,22,8177,9250,9250,50,220,220
3,False,4.666666666666666,11.333333333333334,16,22,8227,9250,9250,50,220,220
3,False,5.333333333333334,11.666666666666666,17,23,8277,9250,9250,50,220,220
3,False,6.333333333333334,12.666666666666666,19,23,8327,9250,9250,50,220,220
3,False,7.0,13.0,20,24,8377,9250,9250,50,220,220
3,False,7.333333333333334,13.666666666666666,21,24,8427,9250,9250,50,220,220
3,False,9.0,14.0,23,25,8477,9250,9250,50,220,220
3,False,9.666666666666666,14.333333333333334,24,25,8527,9250,9250,50,220,220
3,False,10.333333333333334,14.666666666666666,25,26,8577,9250,9250,50,220,220
3,False,11.666666666666666,15.333333333333334,27,26,8627,9250,9250,50,220,220
3,False,12.333333333333334,15.666666666666666,28,26,8677,9250,9250,50,220,220
3,False,13.0,16.0,29,27,8727,9250,9250,50,220,220
3,False,13.333333333333332,16.666666666666668,30,27,8777,9250,9250,50,220,220
3,False,16.666666666666668,18.333333333333332,35,28,8827,9250,9250,50,220,220
3,False,15.0,18.0,33,28,8877,9250,9250,50,220,220
3,False,16.0,18.0,34,29,8927,9250,9250,50,220,220
3,False,16.666666666666668,18.333333333333332,35,29,8977,9250,9250,50,220,220
3,False,18.0,19.0,37,30,9027,9250,9250,50,220,220
3,False,18.333333333333332,19.666666666666668,38,30,9077,9250,9250,50,220,220
4,False,3.0,12.0,15,23,7871,9250,9250,50,220,220
4,False,2.666666666666666,11.333333333333334,14,22,7921,9250,9250,50,220,220
4,False,1.0,11.0,12,22,7971,9250,9250,50,220,220
4,False,0.3333333333333339,10.666666666666666,11,21,8021,9250,9250,50,220,220
4,False,0.0,10.0,10,21,8071,9250,9250,50,220,220
4,False,-1.333333333333334,9.333333333333334,8,20,8121,9250,9250,50,220,220
4,False,-2.0,9.0,7,20,8171,9250,9250,50,220,220
4,False,-2.666666666666666,8.666666666666666,6,19,8221,9250,9250,50,220,220
4,False,-3.333333333333334,8.333333333333334,5,18,8271,9250,9250,50,220,220
4,False,-4.333333333333333,7.333333333333333,3,18,8321,9250,9250,50,220,220
4,False,-5.333333333333333,7.333333333333333,2,18,8371,9250,9250,50,220,220
4,False,-6.666666666666667,6.666666666666667,0,17,8421,9250,9250,50,220,220
4,False,-6.666666666666667,6.666666666666667,0,17,8471,9250,9250,50,220,220
4,False,-7.666666666666667,7.666666666666667,0,16,8521,9250,9250,50,220,220
4,False,-6.333333333333333,6.333333333333333,0,15,8571,9250,9250,50,220,220
4,False,-6.333333333333333,6.333333333333333,0,15,8621,9250,9250,50,220,220
4,False,-6.333333333333333,6.333333333333333,0,15,8671,9250,9250,50,220,220
4,False,-6.333333333333333,6.333333333333333,0,14,8721,9250,9250,50,220,220
4,False,-6.333333333333333,6.333333333333333,0,13,8771,9250,9250,50,220,220
4,False,-6.0,6.0,0,13,8821,9250,9250,50,220,220
5,False,-6.666666666666667,6.666666666666667,0,15,7614,9250,9250,50,220,220
5,False,-6.666666666666667,6.666666666666667,0,16,7664,9250,9250,50,220,220
5,False,-7.0,7.0,0,16,7714,9250,9250,50,220,220
5,False,-6.666666666666667,6.666666666666667,0,16,7764,9250,9250,50,220,220
5,False,-7.0,7.0,0,17,7814,9250,9250,50,220,220
5,False,-6.333333333333333,7.333333333333333,1,17,7864,9250,9250,50,220,220
5,False,-5.0,8.0,3,18,7914,9250,9250,50,220,220
5,False,-4.333333333333334,8.333333333333334,4,18,7964,9250,9250,50,220,220
5,False,-3.666666666666666,8.666666666666666,5,19,8014,9250,9250,50,220,220
5,False,-2.333333333333334,9.333333333333334,7,20,8064,9250,9250,50,220,220
5,False,-1.333333333333334,9.333333333333334,8,20,8114,9250,9250,50,220,220
5,False,-0.6666666666666661,9.666666666666666,9,20,8164,9250,9250,50,220,220
5,False,-1.333333333333334,11.333333333333334,10,21,8214,9250,9250,50,220,220
5,False,1.0,11.0,12,22,8264,9250,9250,50,220,220
5,False,1.666666666666666,11.333333333333334,13,22,8314,9250,9250,50,220,220
5,False,2.333333333333334,11.666666666666666,14,22,8364,9250,9250,50,220,220
5,False,3.333333333333334,11.666666666666666,15,23,8414,9250,9250,50,220,220
5,False,4.333333333333334,12.666666666666666,17,23,8464,9250,9250,50,220,220
5,False,5.0,13.0,18,23,8514,9250,9250,50,220,220
5,False,5.666666666666666,13.333333333333334,19,24,8564,9250,9250,50,220,220
6,False,12.666666666666668,16.333333333333332,29,26,7357,9250,9250,50,220,220
6,False,11.333333333333334,15.666666666666666,27,25,7407,9250,9250,50,220,220
6,False,10.666666666666666,15.333333333333334,26,25,7457,9250,9250,50,220,220
6,False,10.333333333333334,14.666666666666666,25,25,7507,9250,9250,50,220,220
6,False,9.0,14.0,23,24,7557,9250,9250,50,220,220
6,False,7.666666666666666,13.333333333333334,21,24,7607,9250,9250,50,220,220
6,False,7.0,13.0,20,23,7657,9250,9250,50,220,220
6,False,6.333333333333334,12.666666666666666,19,22,7707,9250,9250,50,220,220
6,False,5.0,12.0,17,22,7757,9250,9250,50,220,220
6,False,4.333333333333334,11.666666666666666,16,21,7807,9250,9250,50,220,220
6,False,3.333333333333334,10.666666666666666,14,21,7857,9250,9250,50,220,220
6,False,4.333333333333334,11.666666666666666,16,21,7907,9250,9250,50,220,220
6,False,2.0,10.0,12,20,7957,9250,9250,50,220,220
6,False,0.6666666666666661,9.333333333333334,10,19,8007,9250,9250,50,220,220
6,False,-0.6666666666666661,8.666666666666666,8,19,8057,9250,9250,50,220,220
6,False,-1.333333333333334,8.333333333333334,7,18,8107,9250,9250,50,220,220
6,False,-2.0,8.0,6,18,8157,9250,9250,50,220,220
6,False,-3.333333333333333,7.333333333333333,4,17,8207,9250,9250,50,220,220
6,False,-4.0,7.0,3,17,8257,9250,9250,50,220,220
6,False,-5.333333333333333,6.333333333333333,1,16,8307,9250,9250,50,220,220
1,False,-1.666666666666666,9.666666666666666,8,20,8089,9250,9250,50,220,220
1,False,-1.0,10.0,9,21,8139,9250,9250,50,220,220
1,False,0.3333333333333339,10.666666666666666,11,21,8189,9250,9250,50,220,220
1,False,1.0,11.0,12,21,8239,9250,9250,50,220,220
1,False,1.666666666666666,11.333333333333334,13,22,8289,9250,9250,50,220,220
1,False,3.0,12.0,15,22,8339,9250,9250,50,220,220
1,False,3.666666666666666,12.333333333333334,16,23,8389,9250,9250,50,220,220
1,False,5.0,13.0,18,23,8439,9250,9250,50,220,220
1,False,5.333333333333334,13.666666666666666,19,24,8489,9250,9250,50,220,220
1,False,6.0,14.0,20,25,8539,9250,9250,50,220,220
1,False,6.666666666666666,15.333333333333334,22,26,8589,9250,9250,50,220,220
1,False,8.0,15.0,23,25,8639,9250,9250,50,220,220
1,False,9.333333333333334,15.666666666666666,25,26,8689,9250,9250,50,220,220
1,False,9.666666666666668,16.333333333333332,26,27,8739,9250,9250,50,220,220
1,False,10.333333333333332,16.666666666666668,27,27,8789,9250,9250,50,220,220
1,False,11.666666666666668,17.333333333333332,29,28,8839,9250,9250,50,220,220
1,False,12.333333333333332,17.666666666666668,30,28,8889,9250,9250,50,220,220
1,False,13.0,18.0,31,29,8939,9250,9250,50,220,220
1,False,13.333333333333332,18.666666666666668,32,29,8989,9250,9250,50,220,220
1,False,15.0,19.0,34,29,9039,9250,9250,50,220,220
2,False,9.666666666666666,15.333333333333334,25,25,7832,9250,9250,50,220,220
2,False,8.333333333333334,14.666666666666666,23,25,7882,9250,9250,50,220,220
2,False,7.666666666666666,14.333333333333334,22,24,7932,9250,9250,50,220,220
2,False,6.666666666666666,13.333333333333334,20,24,7982,9250,9250,50,220,220
2,False,6.333333333333334,12.666666666666666,19,24,8032,9250,9250,50,220,220
2,False,5.333333333333334,12.666666666666666,18,23,8082,9250,9250,50,220,220
2,False,4.0,12.0,16,23,8132,9250,9250,50,220,220
2,False,3.333333333333334,11.666666666666666,15,22,8182,9250,9250,50,220,220
2,False,2.0,11.0,13,21,8232,9250,9250,50,220,220
2,False,0.6666666666666661,11.333333333333334,12,21,8282,9250,9250,50,220,220
2,False,1.0,10.0,11,21,8332,9250,9250,50,220,220
2,False,-0.3333333333333339,9.333333333333334,9,20,8382,9250,9250,50,220,220
2,False,-1.0,9.0,8,19,8432,9250,9250,50,220,220
2,False,-1.333333333333334,8.333333333333334,7,19,8482,9250,9250,50,220,220
2,False,-3.0,8.0,5,19,8532,9250,9250,50,220,220
2,False,-3.666666666666667,7.666666666666667,4,18,8582,9250,9250,50,220,220
2,False,-4.666666666666667,6.666666666666667,2,17,8632,9250,9250,50,220,220
2,False,-5.666666666666667,6.666666666666667,1,16,8682,9250,9250,50,220,220
2,False,-5.333333333333333,6.333333333333333,1,17,8732,9250,9250,50,220,220
2,False,-6.0,6.0,0,16,8782,9250,9250,50,220,220
3,False,-6.0,6.0,0,15,7574,9250,9250,50,220,220
3,False,-6.0,6.0,0,16,7624,9250,9250,50,220,220
3,False,-5.666666666666667,5.666666666666667,0,16,7674,9250,9250,50,220,220
3,False,-4.666666666666667,6.666666666666667,2,16,7724,9250,9250,50,220,220
3,False,-4.0,7.0,3,17,7774,9250,9250,50,220,220
3,False,-3.333333333333333,7.333333333333333,4,18,7824,9250,9250,50,220,220
3,False,-2.333333333333333,7.333333333333333,5,18,7874,9250,9250,50,220,220
3,False,-2.0,8.0,6,19,7924,9250,9250,50,220,220
3,False,0.6666666666666661,9.333333333333334,10,19,7974,9250,9250,50,220,220
3,False,0.0,9.0,9,20,8024,9250,9250,50,220,220
3,False,0.6666666666666661,9.333333333333334,10,20,8074,9250,9250,50,220,220
3,False,1.333333333333334,9.666666666666666,11,21,8124,9250,9250,50,220,220
3,False,2.666666666666666,10.333333333333334,13,21,8174,9250,9250,50,220,220
3,False,3.333333333333334,10.666666666666666,14,21,8224,9250,9250,50,220,220
3,False,4.0,11.0,15,22,8274,9250,9250,50,220,220
3,False,4.333333333333334,11.666666666666666,16,22,8324,9250,9250,50,220,220
3,False,5.666666666666666,12.333333333333334,18,23,8374,9250,9250,50,220,220
3,False,6.333333333333334,12.666666666666666,19,23,8424,9250,9250,50,220,220
3,False,7.0,13.0,20,24,8474,9250,9250,50,220,220
3,False,7.666666666666666,13.333333333333334,21,24,8524,9250,9250,50,220,220
4,False,4.333333333333334,12.666666666666666,17,23,7317,9250,9250,50,220,220
4,False,3.666666666666666,12.333333333333334,16,23,7367,9250,9250,50,220,220
4,False,3.0,12.0,15,22,7417,9250,9250,50,220,220
4,False,1.666666666666666,11.333333333333334,13,22,7467,9250,9250,50,220,220
4,False,1.0,11.0,12,21,7517,9250,9250,50,220,220
4,False,-0.3333333333333339,10.333333333333334,10,21,7567,9250,9250,50,220,220
4,False,-1.0,10.0,9,20,7617,9250,9250,50,220,220
4,False,-3.333333333333334,10.333333333333334,7,20,7667,9250,9250,50,220,220
4,False,-3.0,9.0,6,19,7717,9250,9250,50,220,220
4,False,-3.333333333333334,8.333333333333334,5,18,7767,9250,9250,50,220,220
4,False,-4.666666666666667,7.666666666666667,3,18,7817,9250,9250,50,220,220
4,False,-6.0,7.0,1,18,7867,9250,9250,50,220,220
4,False,-6.666666666666667,6.666666666666667,0,17,7917,9250,9250,50,220,220
4,False,-6.666666666666667,6.666666666666667,0,16,7967,9250,9250,50,220,220
4,False,-6.333333333333333,6.333333333333333,0,16,8017,9250,9250,50,220,220
4,False,-6.333333333333333,6.333333333333333,0,15,8067,9250,9250,50,220,220
4,False,-6.666666666666667,6.666666666666667,0,15,8117,9250,9250,50,220,220
4,False,-6.666666666666667,6.666666666666667,0,14,8167,9250,9250,50,220,220
4,False,-6.333333333333333,6.333333333333333,0,14,8217,9250,9250,50,220,220
4,False,-6.333333333333333,6.333333333333333,0,13,8267,9250,9250,50,220,220
5,False,-6.666666666666667,6.666666666666667,0,14,8059,9250,9250,50,220,220
5,False,-7.0,7.0,0,14,8109,9250,9250,50,220,220
5,False,-6.666666666666667,6.666666666666667,0,15,8159,9250,9250,50,220,220
5,False,-6.666666666666667,6.666666666666667,0,16,8209,9250,9250,50,220,220
5,False,-7.0,7.0,0,16,8259,9250,9250,50,220,220
5,False,-6.666666666666667,6.666666666666667,0,17,8309,9250,9250,50,220,220
5,False,-7.666666666666667,7.666666666666667,0,17,8359,9250,9250,50,220,220
5,False,-6.333333333333333,7.333333333333333,1,17,8409,9250,9250,50,220,220
5,False,-5.333333333333333,7.333333333333333,2,18,8459,9250,9250,50,220,220
5,False,-4.666666666666667,7.666666666666667,3,18,8509,9250,9250,50,220,220
5,False,-3.333333333333334,8.333333333333334,5,19,8559,9250,9250,50,220,220
5,False,-2.666666666666666,8.666666666666666,6,19,8609,9250,9250,50,220,220
5,False,-1.333333333333334,9.333333333333334,8,20,8659,9250,9250,50,220,220
5,False,-0.6666666666666661,9.666666666666666,9,20,8709,9250,9250,50,220,220
5,False,-0.3333333333333339,10.333333333333334,10,21,8759,9250,9250,50,220,220
5,False,0.3333333333333339,10.666666666666666,11,21,8809,9250,9250,50,220,220
5,False,2.0,11.0,13,22,8859,9250,9250,50,220,220
5,False,2.333333333333334,11.666666666666666,14,22,8909,9250,9250,50,220,220
5,False,3.333333333333334,11.666666666666666,15,23,8959,9250,9250,50,220,220
5,False,4.0,12.0,16,23,9009,9250,9250,50,220,220
6,False,2.333333333333334,10.666666666666666,13,20,7802,9250,9250,50,220,220
6,False,2.0,10.0,12,20,7852,9250,9250,50,220,220
6,False,1.333333333333334,9.666666666666666,11,20,7902,9250,9250,50,220,220
6,False,0.6666666666666661,9.333333333333334,10,19,7952,9250,9250,50,220,220
6,False,-0.6666666666666661,8.666666666666666,8,19,8002,9250,9250,50,220,220
6,False,0.6666666666666661,9.333333333333334,10,19,8052,9250,9250,50,220,220
6,False,-2.0,8.0,6,18,8102,9250,9250,50,220,220
6,False,-2.666666666666667,7.666666666666667,5,17,8152,9250,9250,50,220,220
6,False,-3.333333333333333,7.333333333333333,4,17,8202,9250,9250,50,220,220
6,False,-4.666666666666667,6.666666666666667,2,16,8252,9250,9250,50,220,220
6,False,-5.333333333333333,6.333333333333333,1,16,8302,9250,9250,50,220,220
6,False,-5.666666666666667,5.666666666666667,0,16,8352,9250,9250,50,220,220
6,False,-6.0,6.0,0,15,8402,9250,9250,50,220,220
6,False,-6.0,6.0,0,15,8452,9250,9250,50,220,220
6,False,-5.666666666666667,5.666666666666667,0,14,8502,9250,9250,50,220,220
6,False,-5.666666666666667,5.666666666666667,0,14,8552,9250,9250,50,220,220
6,False,-5.666666666666667,5.666666666666667,0,14,8602,9250,9250,50,220,220
6,False,-5.666666666666667,5.666666666666667,0,13,8652,9250,9250,50,220,220
6,False,-5.666666666666667,5.666666666666667,0,13,8702,9250,9250,50,220,220
6,False,-5.666666666666667,5.666666666666667,0,13,8752,9250,9250,50,220,220
1,False,-3.0,9.0,6,19,7537,9000,9000,50,220,220
1,False,-2.333333333333334,9.333333333333334,7,20,7587,9000,9000,50,220,220
1,False,-1.0,10.0,9,20,7637,9000,9000,50,220,220
1,False,0.3333333333333339,10.666666666666666,11,21,7687,9000,9000,50,220,220
1,False,0.0,12.0,12,22,7737,9000,9000,50,220,220
1,False,2.333333333333334,11.666666666666666,14,22,7787,9000,9000,50,220,220
1,False,3.666666666666666,12.333333333333334,16,23,7837,9000,9000,50,220,220
1,False,4.333333333333334,12.666666666666666,17,23,7887,9000,9000,50,220,220
1,False,5.333333333333334,13.666666666666666,19,24,7937,9000,9000,50,220,220
1,False,6.0,14.0,20,24,7987,9000,9000,50,220,220
1,False,7.0,15.0,22,25,8037,9000,9000,50,220,220
1,False,8.0,15.0,23,26,8087,9000,9000,50,220,220
1,False,9.333333333333334,15.666666666666666,25,26,8137,9000,9000,50,220,220
1,False,10.333333333333332,16.666666666666668,27,27,8187,9000,9000,50,220,220
1,False,11.0,17.0,28,28,8237,9000,9000,50,220,220
1,False,12.333333333333332,17.666666666666668,30,28,8287,9000,9000,50,220,220
1,False,13.333333333333332,18.666666666666668,32,28,8337,9000,9000,50,220,220
1,False,14.333333333333332,18.666666666666668,33,30,8387,9000,9000,50,220,220
1,False,15.333333333333332,19.666666666666668,35,30,8437,9000,9000,50,220,220
1,False,16.0,20.0,36,31,8487,9000,9000,50,220,220
2,False,17.333333333333332,19.666666666666668,37,30,7530,9000,9000,50,220,220
2,False,16.666666666666668,19.333333333333332,36,30,7580,9000,9000,50,220,220
2,False,16.0,19.0,35,29,7630,9000,9000,50,220,220
2,False,14.0,19.0,33,29,7680,9000,9000,50,220,220
2,False,14.333333333333332,17.666666666666668,32,28,7730,9000,9000,50,220,220
2,False,12.666666666666668,17.333333333333332,30,27,7780,9000,9000,50,220,220
2,False,12.333333333333332,16.666666666666668,29,27,7830,9000,9000,50,220,220
2,False,11.666666666666668,16.333333333333332,28,26,7880,9000,9000,50,220,220
2,False,11.0,16.0,27,26,7930,9000,9000,50,220,220
2,False,9.666666666666666,15.333333333333334,25,26,7980,9000,9000,50,220,220
2,False,9.0,15.0,24,25,8030,9000,9000,50,220,220
2,False,8.333333333333334,14.666666666666666,23,25,8080,9000,9000,50,220,220
2,False,7.333333333333334,13.666666666666666,21,24,8130,9000,9000,50,220,220
2,False,6.333333333333334,13.666666666666666,20,24,8180,9000,9000,50,220,220
2,False,5.666666666666666,13.333333333333334,19,23,8230,9000,9000,50,220,220
2,False,5.0,12.0,17,23,8280,9000,9000,50,220,220
2,False,4.333333333333334,11.666666666666666,16,22,8330,9000,9000,50,220,220
2,False,3.0,11.0,14,21,8380,9000,9000,50,220,220
2,False,2.333333333333334,10.666666666666666,13,21,8430,9000,9000,50,220,220
2,False,1.666666666666666,10.333333333333334,12,21,8480,9000,9000,50,220,220
3,False,-6.0,6.0,0,16,7523,9000,9000,50,220,220
3,False,-6.0,6.0,0,16,7573,9000,9000,50,220,220
3,False,-4.0,7.0,3,17,7623,9000,9000,50,220,220
3,False,-4.666666666666667,6.666666666666667,2,17,7673,9000,9000,50,220,220
3,False,-4.0,7.0,3,18,7723,9000,9000,50,220,220
3,False,-3.0,7.0,4,18,7773,9000,9000,50,220,220
3,False,-2.666666666666667,7.666666666666667,5,18,7823,9000,9000,50,220,220
3,False,-1.333333333333334,8.333333333333334,7,19,7873,9000,9000,50,220,220
3,False,-0.6666666666666661,8.666666666666666,8,19,7923,9000,9000,50,220,220
3,False,0.3333333333333339,8.666666666666666,9,20,7973,9000,9000,50,220,220
3,False,1.0,9.0,10,20,8023,9000,9000,50,220,220
3,False,2.0,10.0,12,21,8073,9000,9000,50,220,220
3,False,2.666666666666666,10.333333333333334,13,21,8123,9000,9000,50,220,220
3,False,3.333333333333334,10.666666666666666,14,21,8173,9000,9000,50,220,220
3,False,4.0,11.0,15,22,8223,9000,9000,50,220,220
3,False,5.0,12.0,17,22,8273,9000,9000,50,220,220
3,False,5.666666666666666,12.333333333333334,18,23,8323,9000,9000,50,220,220
3,False,6.333333333333334,12.666666666666666,19,23,8373,9000,9000,50,220,220
3,False,7.0,13.0,20,24,8423,9000,9000,50,220,220
3,False,8.666666666666666,13.333333333333334,22,24,8473,9000,9000,50,220,220
4,False,2.333333333333334,11.666666666666666,14,22,7516,9000,9000,50,220,220
4,False,-0.6666666666666661,11.666666666666666,11,22,7566,9000,9000,50,220,220
4,False,0.6666666666666661,10.333333333333334,11,21,7616,9000,9000,50,220,220
4,False,-1.0,10.0,9,20,7666,9000,9000,50,220,220
4,False,-1.333333333333334,9.333333333333334,8,20,7716,9000,9000,50,220,220
4,False,-2.666666666666666,8.666666666666666,6,19,7766,9000,9000,50,220,220
4,False,-3.333333333333334,8.333333333333334,5,19,7816,9000,9000,50,220,220
4,False,-4.0,8.0,4,18,7866,9000,9000,50,220,220
4,False,-5.333333333333333,7.333333333333333,2,17,7916,9000,9000,50,220,220
4,False,-5.666666666666667,6.666666666666667,1,17,7966,9000,9000,50,220,220
4,False,-6.666666666666667,6.666666666666667,0,17,8016,9000,9000,50,220,220
4,False,-6.666666666666667,6.666666666666667,0,16,8066,9000,9000,50,220,220
4,False,-6.666666666666667,6.666666666666667,0,16,8116,9000,9000,50,220,220
4,False,-6.666666666666667,6.666666666666667,0,15,8166,9000,9000,50,220,220
4,False,-6.666666666666667,6.666666666666667,0,15,8216,9000,9000,50,220,220
4,False,-6.333333333333333,6.333333333333333,0,14,8266,9000,9000,50,220,220
4,False,-6.333333333333333,6.333333333333333,0,14,8316,9000,9000,50,220,220
4,False,-6.333333333333333,6.333333333333333,0,13,8366,9000,9000,50,220,220
4,False,-6.333333333333333,6.333333333333333,0,13,8416,9000,9000,50,220,220
4,False,-6.333333333333333,6.333333333333333,0,13,8466,9000,9000,50,220,220
5,False,-7.666666666666667,7.666666666666667,0,15,7509,9000,9000,50,220,220
5,False,-6.666666666666667,6.666666666666667,0,14,7559,9000,9000,50,220,220
5,False,-6.666666666666667,6.666666666666667,0,15,7609,9000,9000,50,220,220
5,False,-6.666666666666667,6.666666666666667,0,16,7659,9000,9000,50,220,220
5,False,-7.0,7.0,0,16,7709,9000,9000,50,220,220
5,False,-7.0,7.0,0,16,7759,9000,9000,50,220,220
5,False,-6.666666666666667,6.666666666666667,0,17,7809,9000,9000,50,220,220
5,False,-6.0,7.0,1,17,7859,9000,9000,50,220,220
5,False,-5.0,8.0,3,18,7909,9000,9000,50,220,220
5,False,-4.0,8.0,4,18,7959,9000,9000,50,220,220
5,False,-3.666666666666666,8.666666666666666,5,18,8009,9000,9000,50,220,220
5,False,-2.666666666666666,8.666666666666666,6,20,8059,9000,9000,50,220,220
5,False,-1.666666666666666,9.666666666666666,8,20,8109,9000,9000,50,220,220
5,False,-1.0,10.0,9,20,8159,9000,9000,50,220,220
5,False,-0.3333333333333339,10.333333333333334,10,21,8209,9000,9000,50,220,220
5,False,0.3333333333333339,10.666666666666666,11,22,8259,9000,9000,50,220,220
5,False,1.666666666666666,11.333333333333334,13,22,8309,9000,9000,50,220,220
5,False,3.0,12.0,15,22,8359,9000,9000,50,220,220
5,False,3.666666666666666,12.333333333333334,16,23,8409,9000,9000,50,220,220
5,False,4.666666666666666,12.333333333333334,17,23,8459,9000,9000,50,220,220
6,False,16.333333333333332,18.666666666666668,35,28,7488,9000,9000,50,220,220
6,False,15.0,18.0,33,28,7538,9000,9000,50,220,220
6,False,14.666666666666668,17.333333333333332,32,27,7588,9000,9000,50,220,220
6,False,13.333333333333332,16.666666666666668,30,27,7638,9000,9000,50,220,220
6,False,13.333333333333332,16.666666666666668,30,27,7688,9000,9000,50,220,220
6,False,12.0,16.0,28,26,7738,9000,9000,50,220,220
6,False,11.333333333333334,15.666666666666666,27,25,7788,9000,9000,50,220,220
6,False,10.666666666666666,15.333333333333334,26,25,7838,9000,9000,50,220,220
6,False,10.333333333333334,14.666666666666666,25,25,7888,9000,9000,50,220,220
6,False,9.0,14.0,23,24,7938,9000,9000,50,220,220
6,False,8.333333333333334,13.666666666666666,22,23,7988,9000,9000,50,220,220
6,False,7.666666666666666,13.333333333333334,21,23,8038,9000,9000,50,220,220
6,False,7.0,13.0,20,23,8088,9000,9000,50,220,220
6,False,6.666666666666666,12.333333333333334,19,23,8138,9000,9000,50,220,220
6,False,5.0,12.0,17,22,8188,9000,9000,50,220,220
6,False,4.333333333333334,11.666666666666666,16,22,8238,9000,9000,50,220,220
6,False,3.666666666666666,11.333333333333334,15,21,8288,9000,9000,50,220,220
6,False,3.333333333333334,10.666666666666666,14,21,8338,9000,9000,50,220,220
6,False,2.666666666666666,10.333333333333334,13,20,8388,9000,9000,50,220,220
6,False,4.0,11.0,15,21,8438,9000,9000,50,220,220
1,False,-1.333333333333334,9.333333333333334,8,20,7481,9000,9000,50,220,220
1,False,0.0,10.0,10,20,7531,9000,9000,50,220,220
1,False,-0.3333333333333339,10.333333333333334,10,21,7581,9000,9000,50,220,220
1,False,1.0,11.0,12,22,7631,9000,9000,50,220,220
1,False,2.333333333333334,11.666666666666666,14,22,7681,9000,9000,50,220,220
1,False,3.0,12.0,15,23,7731,9000,9000,50,220,220
1,False,3.666666666666666,12.333333333333334,16,23,7781,9000,9000,50,220,220
1,False,4.333333333333334,12.666666666666666,17,23,7831,9000,9000,50,220,220
1,False,5.0,13.0,18,24,7881,9000,9000,50,220,220
1,False,6.333333333333334,13.666666666666666,20,24,7931,9000,9000,50,220,220
1,False,7.0,14.0,21,25,7981,9000,9000,50,220,220
1,False,7.0,15.0,22,25,8031,9000,9000,50,220,220
1,False,8.666666666666666,15.333333333333334,24,25,8081,9000,9000,50,220,220
1,False,9.0,16.0,25,26,8131,9000,9000,50,220,220
1,False,9.666666666666668,16.333333333333332,26,27,8181,9000,9000,50,220,220
1,False,10.333333333333332,16.666666666666668,27,27,8231,9000,9000,50,220,220
1,False,11.0,17.0,28,27,8281,9000,9000,50,220,220
1,False,11.666666666666668,17.333333333333332,29,28,8331,9000,9000,50,220,220
1,False,11.333333333333332,18.666666666666668,30,29,8381,9000,9000,50,220,220
1,False,13.666666666666668,18.333333333333332,32,29,8431,9000,9000,50,220,220
2,False,10.666666666666666,15.333333333333334,26,26,7474,9000,9000,50,220,220
2,False,9.666666666666666,15.333333333333334,25,25,7524,9000,9000,50,220,220
2,False,8.333333333333334,14.666666666666666,23,25,7574,9000,9000,50,220,220
2,False,7.666666666666666,13.333333333333334,21,24,7624,9000,9000,50,220,220
2,False,7.333333333333334,13.666666666666666,21,24,7674,9000,9000,50,220,220
2,False,5.333333333333334,12.666666666666666,18,23,7724,9000,9000,50,220,220
2,False,4.333333333333334,11.666666666666666,16,22,7774,9000,9000,50,220,220
2,False,4.0,12.0,16,22,7824,9000,9000,50,220,220
2,False,3.0,11.0,14,22,7874,9000,9000,50,220,220
2,False,1.666666666666666,10.333333333333334,12,21,7924,9000,9000,50,220,220
2,False,1.0,10.0,11,21,7974,9000,9000,50,220,220
2,False,-0.3333333333333339,9.333333333333334,9,20,8024,9000,9000,50,220,220
2,False,-1.0,9.0,8,19,8074,9000,9000,50,220,220
2,False,-1.666666666666666,8.666666666666666,7,18,8124,9000,9000,50,220,220
2,False,-2.666666666666667,7.666666666666667,5,18,8174,9000,9000,50,220,220
2,False,-3.333333333333333,7.333333333333333,4,18,8224,9000,9000,50,220,220
2,False,-4.0,7.0,3,17,8274,9000,9000,50,220,220
2,False,-6.333333333333333,7.333333333333333,1,17,8324,9000,9000,50,220,220
2,False,-6.0,6.0,0,16,8374,9000,9000,50,220,220
2,False,-5.666666666666667,5.666666666666667,0,16,8424,9000,9000,50,220,220
3,False,-5.666666666666667,5.666666666666667,0,12,7467,9000,9000,50,220,220
3,False,-6.0,6.0,0,12,7517,9000,9000,50,220,220
3,False,-6.0,6.0,0,13,7567,9000,9000,50,220,220
3,False,-5.666666666666667,5.666666666666667,0,14,7617,9000,9000,50,220,220
3,False,-6.0,6.0,0,14,7667,9000,9000,50,220,220
3,False,-6.0,6.0,0,14,7717,9000,9000,50,220,220
3,False,-6.0,6.0,0,15,7767,9000,9000,50,220,220
3,False,-6.0,6.0,0,15,7817,9000,9000,50,220,220
3,False,-6.0,6.0,0,15,7867,9000,9000,50,220,220
3,False,-6.0,6.0,0,16,7917,9000,9000,50,220,220
3,False,-5.0,6.0,1,17,7967,9000,9000,50,220,220
3,False,-4.666666666666667,6.666666666666667,2,17,8017,9000,9000,50,220,220
3,False,-4.0,7.0,3,17,8067,9000,9000,50,220,220
3,False,-3.333333333333333,7.333333333333333,4,18,8117,9000,9000,50,220,220
3,False,-2.0,8.0,6,19,8167,9000,9000,50,220,220
3,False,-1.333333333333334,8.333333333333334,7,18,8217,9000,9000,50,220,220
3,False,1.333333333333334,9.666666666666666,11,20,8267,9000,9000,50,220,220
3,False,0.0,9.0,9,20,8317,9000,9000,50,220,220
3,False,0.6666666666666661,9.333333333333334,10,20,8367,9000,9000,50,220,220
3,False,1.333333333333334,9.666666666666666,11,21,8417,9000,9000,50,220,220
4,False,3.0,12.0,15,22,7460,9000,9000,50,220,220
4,False,1.666666666666666,11.333333333333334,13,22,7510,9000,9000,50,220,220
4,False,1.333333333333334,10.666666666666666,12,21,7560,9000,9000,50,220,220
4,False,0.0,10.0,10,21,7610,9000,9000,50,220,220
4,False,-1.0,10.0,9,20,7660,9000,9000,50,220,220
4,False,-2.0,9.0,7,19,7710,9000,9000,50,220,220
4,False,-2.666666666666666,8.666666666666666,6,19,7760,9000,9000,50,220,220
4,False,-3.333333333333334,8.333333333333334,5,18,7810,9000,9000,50,220,220
4,False,-4.666666666666667,7.666666666666667,3,18,7860,9000,9000,50,220,220
4,False,-5.333333333333333,7.333333333333333,2,17,7910,9000,9000,50,220,220
4,False,-6.333333333333333,6.333333333333333,0,17,7960,9000,9000,50,220,220
4,False,-6.666666666666667,6.666666666666667,0,17,8010,9000,9000,50,220,220
4,False,-6.333333333333333,6.333333333333333,0,16,8060,9000,9000,50,220,220
4,False,-6.333333333333333,6.333333333333333,0,15,8110,9000,9000,50,220,220
4,False,-6.666666666666667,6.666666666666667,0,14,8160,9000,9000,50,220,220
4,False,-7.333333333333333,7.333333333333333,0,15,8210,9000,9000,50,220,220
4,False,-6.333333333333333,6.333333333333333,0,14,8260,9000,9000,50,220,220
4,False,-6.333333333333333,6.333333333333333,0,14,8310,9000,9000,50,220,220
4,False,-6.333333333333333,6.333333333333333,0,13,8360,9000,9000,50,220,220
4,False,-6.333333333333333,6.333333333333333,0,12,8410,9000,9000,50,220,220
5,False,-6.666666666666667,6.666666666666667,0,13,7453,9000,9000,50,220,220
5,False,-6.666666666666667,6.666666666666667,0,14,7503,9000,9000,50,220,220
5,False,-7.0,7.0,0,14,7553,9000,9000,50,220,220
5,False,-7.0,7.0,0,15,7603,9000,9000,50,220,220
5,False,-7.0,7.0,0,15,7653,9000,9000,50,220,220
5,False,-7.0,7.0,0,15,7703,9000,9000,50,220,220
5,False,-6.666666666666667,6.666666666666667,0,16,7753,9000,9000,50,220,220
5,False,-6.666666666666667,6.666666666666667,0,17,7803,9000,9000,50,220,220
5,False,-6.333333333333333,7.333333333333333,1,17,7853,9000,9000,50,220,220
5,False,-6.0,7.0,1,18,7903,9000,9000,50,220,220
5,False,-5.0,8.0,3,18,7953,9000,9000,50,220,220
5,False,-3.666666666666666,8.666666666666666,5,18,8003,9000,9000,50,220,220
5,False,-3.0,9.0,6,19,8053,9000,9000,50,220,220
5,False,-1.333333333333334,9.333333333333334,8,19,8103,9000,9000,50,220,220
5,False,-2.0,11.0,9,21,8153,9000,9000,50,220,220
5,False,-0.3333333333333339,10.333333333333334,10,21,8203,9000,9000,50,220,220
5,False,0.3333333333333339,10.666666666666666,11,21,8253,9000,9000,50,220,220
5,False,1.666666666666666,11.333333333333334,13,21,8303,9000,9000,50,220,220
5,False,2.333333333333334,11.666666666666666,14,22,8353,9000,9000,50,220,220
5,False,3.0,12.0,15,23,8403,9000,9000,50,220,220
6,False,10.0,15.0,25,25,7437,9000,9000,50,220,220
6,False,9.333333333333334,14.666666666666666,24,25,7487,9000,9000,50,220,220
6,False,8.0,14.0,22,24,7537,9000,9000,50,220,220
6,False,7.333333333333334,13.666666666666666,21,24,7587,9000,9000,50,220,220
6,False,7.0,13.0,20,23,7637,9000,9000,50,220,220
6,False,5.666666666666666,12.333333333333334,18,22,7687,9000,9000,50,220,220
6,False,5.0,12.0,17,22,7737,9000,9000,50,220,220
6,False,4.333333333333334,11.666666666666666,16,22,7787,9000,9000,50,220,220
6,False,3.0,11.0,14,21,7837,9000,9000,50,220,220
6,False,3.0,11.0,14,21,7887,9000,9000,50,220,220
6,False,2.666666666666666,10.333333333333334,13,20,7937,9000,9000,50,220,220
6,False,1.333333333333334,9.666666666666666,11,20,7987,9000,9000,50,220,220
6,False,0.6666666666666661,9.333333333333334,10,19,8037,9000,9000,50,220,220
6,False,1.333333333333334,9.666666666666666,11,19,8087,9000,9000,50,220,220
6,False,-0.6666666666666661,8.666666666666666,8,19,8137,9000,9000,50,220,220
6,False,-2.0,8.0,6,18,8187,9000,9000,50,220,220
6,False,-2.333333333333333,7.333333333333333,5,17,8237,9000,9000,50,220,220
6,False,-3.333333333333333,7.333333333333333,4,17,8287,9000,9000,50,220,220
6,False,-4.666666666666667,6.666666666666667,2,17,8337,9000,9000,50,220,220
6,False,-4.666666666666667,6.666666666666667,2,16,8387,9000,9000,50,220,220
1,False,-6.0,6.0,0,14,7431,9000,9000,50,220,220
1,False,-6.0,6.0,0,14,7481,9000,9000,50,220,220
1,False,-6.333333333333333,6.333333333333333,0,14,7531,9000,9000,50,220,220
1,False,-6.333333333333333,6.333333333333333,0,15,7581,9000,9000,50,220,220
1,False,-6.0,6.0,0,16,7631,9000,9000,50,220,220
1,False,-6.333333333333333,6.333333333333333,0,16,7681,9000,9000,50,220,220
1,False,-6.666666666666667,6.666666666666667,0,16,7731,9000,9000,50,220,220
1,False,-6.666666666666667,6.666666666666667,0,17,7781,9000,9000,50,220,220
1,False,-6.0,7.0,1,18,7831,9000,9000,50,220,220
1,False,-5.333333333333333,7.333333333333333,2,17,7881,9000,9000,50,220,220
1,False,-4.666666666666667,7.666666666666667,3,18,7931,9000,9000,50,220,220
1,False,-3.666666666666666,8.666666666666666,5,19,7981,9000,9000,50,220,220
1,False,-4.0,10.0,6,20,8031,9000,9000,50,220,220
1,False,-2.333333333333334,9.333333333333334,7,20,8081,9000,9000,50,220,220
1,False,-1.666666666666666,9.666666666666666,8,20,8131,9000,9000,50,220,220
1,False,-0.3333333333333339,10.333333333333334,10,21,8181,9000,9000,50,220,220
1,False,0.3333333333333339,10.666666666666666,11,21,8231,9000,9000,50,220,220
1,False,1.0,11.0,12,22,8281,9000,9000,50,220,220
1,False,2.333333333333334,11.666666666666666,14,22,8331,9000,9000,50,220,220
1,False,3.0,12.0,15,23,8381,9000,9000,50,220,220
2,False,10.0,15.0,25,26,7422,9000,9000,50,220,220
2,False,9.0,15.0,24,25,7472,9000,9000,50,220,220
2,False,8.0,14.0,22,24,7522,9000,9000,50,220,220
2,False,7.333333333333334,13.666666666666666,21,24,7572,9000,9000,50,220,220
2,False,7.0,13.0,20,24,7622,9000,9000,50,220,220
2,False,6.333333333333334,12.666666666666666,19,23,7672,9000,9000,50,220,220
2,False,5.333333333333334,12.666666666666666,18,23,7722,9000,9000,50,220,220
2,False,4.0,12.0,16,22,7772,9000,9000,50,220,220
2,False,3.666666666666666,11.333333333333334,15,22,7822,9000,9000,50,220,220
2,False,2.666666666666666,11.333333333333334,14,22,7872,9000,9000,50,220,220
2,False,1.666666666666666,10.333333333333334,12,21,7922,9000,9000,50,220,220
2,False,0.6666666666666661,11.333333333333334,12,21,7972,9000,9000,50,220,220
2,False,0.3333333333333339,9.666666666666666,10,20,8022,9000,9000,50,220,220
2,False,0.0,9.0,9,19,8072,9000,9000,50,220,220
2,False,-0.6666666666666661,8.666666666666666,8,19,8122,9000,9000,50,220,220
2,False,-1.333333333333334,8.333333333333334,7,19,8172,9000,9000,50,220,220
2,False,-2.0,8.0,6,18,8222,9000,9000,50,220,220
2,False,-3.333333333333333,7.333333333333333,4,18,8272,9000,9000,50,220,220
2,False,-4.0,7.0,3,18,8322,9000,9000,50,220,220
2,False,-4.666666666666667,6.666666666666667,2,17,8372,9000,9000,50,220,220
3,False,-6.0,6.0,0,15,7416,9000,9000,50,220,220
3,False,-5.666666666666667,5.666666666666667,0,15,7466,9000,9000,50,220,220
3,False,-6.0,6.0,0,16,7516,9000,9000,50,220,220
3,False,-5.0,6.0,1,17,7566,9000,9000,50,220,220
3,False,-3.666666666666667,6.666666666666667,3,17,7616,9000,9000,50,220,220
3,False,-3.0,7.0,4,17,7666,9000,9000,50,220,220
3,False,-2.666666666666667,7.666666666666667,5,19,7716,9000,9000,50,220,220
3,False,-1.333333333333334,8.333333333333334,7,19,7766,9000,9000,50,220,220
3,False,0.0,9.0,9,19,7816,9000,9000,50,220,220
3,False,0.6666666666666661,9.333333333333334,10,20,7866,9000,9000,50,220,220
3,False,3.333333333333334,10.666666666666666,14,21,7916,9000,9000,50,220,220
3,False,2.666666666666666,10.333333333333334,13,21,7966,9000,9000,50,220,220
3,False,3.333333333333334,10.666666666666666,14,22,8016,9000,9000,50,220,220
3,False,4.0,11.0,15,22,8066,9000,9000,50,220,220
3,False,5.333333333333334,11.666666666666666,17,22,8116,9000,9000,50,220,220
3,False,5.666666666666666,12.333333333333334,18,23,8166,9000,9000,50,220,220
3,False,6.333333333333334,12.666666666666666,19,23,8216,9000,9000,50,220,220
3,False,7.0,13.0,20,24,8266,9000,9000,50,220,220
3,False,8.333333333333334,13.666666666666666,22,25,8316,9000,9000,50,220,220
3,False,9.0,14.0,23,25,8366,9000,9000,50,220,220
4,False,9.0,15.0,24,26,7409,9000,9000,50,220,220
4,False,8.333333333333334,14.666666666666666,23,25,7459,9000,9000,50,220,220
4,False,7.666666666666666,14.333333333333334,22,25,7509,9000,9000,50,220,220
4,False,6.333333333333334,13.666666666666666,20,24,7559,9000,9000,50,220,220
4,False,5.666666666666666,13.333333333333334,19,24,7609,9000,9000,50,220,220
4,False,5.0,13.0,18,22,7659,9000,9000,50,220,220
4,False,4.333333333333334,12.666666666666666,17,22,7709,9000,9000,50,220,220
4,False,3.0,12.0,15,22,7759,9000,9000,50,220,220
4,False,2.333333333333334,11.666666666666666,14,22,7809,9000,9000,50,220,220
4,False,0.0,12.0,12,22,7859,9000,9000,50,220,220
4,False,0.6666666666666661,10.333333333333334,11,21,7909,9000,9000,50,220,220
4,False,-0.6666666666666661,9.666666666666666,9,20,7959,9000,9000,50,220,220
4,False,-1.333333333333334,9.333333333333334,8,20,8009,9000,9000,50,220,220
4,False,-2.0,9.0,7,19,8059,9000,9000,50,220,220
4,False,-3.333333333333334,8.333333333333334,5,19,8109,9000,9000,50,220,220
4,False,-4.0,8.0,4,18,8159,9000,9000,50,220,220
4,False,-4.666666666666667,7.666666666666667,3,18,8209,9000,9000,50,220,220
4,False,-6.0,7.0,1,17,8259,9000,9000,50,220,220
4,False,-6.666666666666667,6.666666666666667,0,17,8309,9000,9000,50,220,220
4,False,-6.666666666666667,6.666666666666667,0,16,8359,9000,9000,50,220,220
5,False,-7.0,7.0,0,11,7352,9000,9000,50,220,220
5,False,-6.666666666666667,6.666666666666667,0,11,7402,9000,9000,50,220,220
5,False,-6.666666666666667,6.666666666666667,0,12,7452,9000,9000,50,220,220
5,False,-6.666666666666667,6.666666666666667,0,11,7502,9000,9000,50,220,220
5,False,-6.666666666666667,6.666666666666667,0,13,7552,9000,9000,50,220,220
5,False,-6.666666666666667,6.666666666666667,0,13,7602,9000,9000,50,220,220
5,False,-6.666666666666667,6.666666666666667,0,14,7652,9000,9000,50,220,220
5,False,-6.666666666666667,6.666666666666667,0,14,7702,9000,9000,50,220,220
5,False,-6.666666666666667,6.666666666666667,0,15,7752,9000,9000,50,220,220
5,False,-7.666666666666667,7.666666666666667,0,16,7802,9000,9000,50,220,220
5,False,-7.0,7.0,0,16,7852,9000,9000,50,220,220
5,False,-6.666666666666667,6.666666666666667,0,16,7902,9000,9000,50,220,220
5,False,-6.666666666666667,6.666666666666667,0,16,7952,9000,9000,50,220,220
5,False,-7.0,7.0,0,17,8002,9000,9000,50,220,220
5,False,-6.333333333333333,7.333333333333333,1,18,8052,9000,9000,50,220,220
5,False,-5.666666666666667,7.666666666666667,2,18,8102,9000,9000,50,220,220
5,False,-4.0,8.0,4,18,8152,9000,9000,50,220,220
5,False,-3.0,9.0,6,19,8202,9000,9000,50,220,220
5,False,-2.333333333333334,9.333333333333334,7,20,8252,9000,9000,50,220,220
5,False,-1.666666666666666,9.666666666666666,8,20,8302,9000,9000,50,220,220
6,False,13.333333333333332,16.666666666666668,30,26,7334,9000,9000,50,220,220
6,False,12.0,16.0,28,26,7384,9000,9000,50,220,220
6,False,11.333333333333334,15.666666666666666,27,25,7434,9000,9000,50,220,220
6,False,11.0,15.0,26,25,7484,9000,9000,50,220,220
6,False,10.333333333333334,14.666666666666666,25,25,7534,9000,9000,50,220,220
6,False,8.333333333333334,13.666666666666666,22,24,7584,9000,9000,50,220,220
6,False,8.333333333333334,13.666666666666666,22,24,7634,9000,9000,50,220,220
6,False,7.666666666666666,13.333333333333334,21,23,7684,9000,9000,50,220,220
6,False,8.333333333333334,13.666666666666666,22,23,7734,9000,9000,50,220,220
6,False,5.666666666666666,12.333333333333334,18,22,7784,9000,9000,50,220,220
6,False,5.0,12.0,17,22,7834,9000,9000,50,220,220
6,False,4.333333333333334,11.666666666666666,16,21,7884,9000,9000,50,220,220
6,False,3.666666666666666,11.333333333333334,15,21,7934,9000,9000,50,220,220
6,False,2.333333333333334,10.666666666666666,13,21,7984,9000,9000,50,220,220
6,False,1.666666666666666,10.333333333333334,12,20,8034,9000,9000,50,220,220
6,False,1.333333333333334,9.666666666666666,11,20,8084,9000,9000,50,220,220
6,False,0.6666666666666661,9.333333333333334,10,20,8134,9000,9000,50,220,220
6,False,0.0,9.0,9,19,8184,9000,9000,50,220,220
6,False,-0.6666666666666661,8.666666666666666,8,18,8234,9000,9000,50,220,220
6,False,-2.0,8.0,6,18,8284,9000,9000,50,220,220
1,False,-6.333333333333333,6.333333333333333,0,17,7326,8750,8750,50,220,220
1,False,-5.0,7.0,2,18,7376,8750,8750,50,220,220
1,False,-4.666666666666667,7.666666666666667,3,18,7426,8750,8750,50,220,220
1,False,-4.0,8.0,4,19,7476,8750,8750,50,220,220
1,False,-2.333333333333334,8.333333333333334,6,19,7526,8750,8750,50,220,220
1,False,-2.333333333333334,9.333333333333334,7,19,7576,8750,8750,50,220,220
1,False,-0.6666666666666661,9.666666666666666,9,21,7626,8750,8750,50,220,220
1,False,-0.3333333333333339,11.333333333333334,11,21,7676,8750,8750,50,220,220
1,False,0.3333333333333339,10.666666666666666,11,22,7726,8750,8750,50,220,220
1,False,1.666666666666666,11.333333333333334,13,22,7776,8750,8750,50,220,220
1,False,2.333333333333334,11.666666666666666,14,22,7826,8750,8750,50,220,220
1,False,3.666666666666666,12.333333333333334,16,23,7876,8750,8750,50,220,220
1,False,4.333333333333334,12.666666666666666,17,23,7926,8750,8750,50,220,220
1,False,5.0,13.0,18,24,7976,8750,8750,50,220,220
1,False,6.0,14.0,20,24,8026,8750,8750,50,220,220
1,False,7.333333333333334,14.666666666666666,22,24,8076,8750,8750,50,220,220
1,False,7.0,15.0,22,25,8126,8750,8750,50,220,220
1,False,8.666666666666666,15.333333333333334,24,25,8176,8750,8750,50,220,220
1,False,9.333333333333334,15.666666666666666,25,26,8226,8750,8750,50,220,220
1,False,10.333333333333332,16.666666666666668,27,27,8276,8750,8750,50,220,220
2,False,15.666666666666668,18.333333333333332,34,29,7569,8750,8750,50,220,220
2,False,14.666666666666668,18.333333333333332,33,28,7619,8750,8750,50,220,220
2,False,14.333333333333332,17.666666666666668,32,28,7669,8750,8750,50,220,220
2,False,13.333333333333332,17.666666666666668,31,28,7719,8750,8750,50,220,220
2,False,12.333333333333332,16.666666666666668,29,27,7769,8750,8750,50,220,220
2,False,11.333333333333332,16.666666666666668,28,27,7819,8750,8750,50,220,220
2,False,10.0,17.0,27,27,7869,8750,8750,50,220,220
2,False,10.666666666666666,15.333333333333334,26,26,7919,8750,8750,50,220,220
2,False,9.666666666666666,15.333333333333334,25,25,7969,8750,8750,50,220,220
2,False,8.666666666666666,14.333333333333334,23,25,8019,8750,8750,50,220,220
2,False,7.666666666666666,14.333333333333334,22,25,8069,8750,8750,50,220,220
2,False,7.333333333333334,13.666666666666666,21,24,8119,8750,8750,50,220,220
2,False,6.666666666666666,13.333333333333334,20,24,8169,8750,8750,50,220,220
2,False,5.0,13.0,18,23,8219,8750,8750,50,220,220
2,False,4.666666666666666,12.333333333333334,17,23,8269,8750,8750,50,220,220
2,False,4.0,12.0,16,22,8319,8750,8750,50,220,220
2,False,3.333333333333334,11.666666666666666,15,22,8369,8750,8750,50,220,220
2,False,3.0,11.0,14,22,8419,8750,8750,50,220,220
2,False,2.0,11.0,13,21,8469,8750,8750,50,220,220
2,False,1.333333333333334,10.666666666666666,12,21,8519,8750,8750,50,220,220
3,False,-5.666666666666667,5.666666666666667,0,13,6812,8750,8750,50,220,220
3,False,-5.666666666666667,5.666666666666667,0,14,6862,8750,8750,50,220,220
3,False,-5.666666666666667,5.666666666666667,0,14,6912,8750,8750,50,220,220
3,False,-5.666666666666667,5.666666666666667,0,14,6962,8750,8750,50,220,220
3,False,-5.666666666666667,5.666666666666667,0,15,7012,8750,8750,50,220,220
3,False,-6.0,6.0,0,16,7062,8750,8750,50,220,220
3,False,-6.0,6.0,0,16,7112,8750,8750,50,220,220
3,False,-6.0,6.0,0,16,7162,8750,8750,50,220,220
3,False,-6.0,6.0,0,16,7212,8750,8750,50,220,220
3,False,-4.666666666666667,6.666666666666667,2,17,7262,8750,8750,50,220,220
3,False,-4.666666666666667,6.666666666666667,2,18,7312,8750,8750,50,220,220
3,False,-4.0,7.0,3,18,7362,8750,8750,50,220,220
3,False,-3.333333333333333,7.333333333333333,4,18,7412,8750,8750,50,220,220
3,False,-2.0,8.0,6,18,7462,8750,8750,50,220,220
3,False,-1.333333333333334,8.333333333333334,7,19,7512,8750,8750,50,220,220
3,False,-0.6666666666666661,8.666666666666666,8,19,7562,8750,8750,50,220,220
3,False,0.0,9.0,9,20,7612,8750,8750,50,220,220
3,False,0.6666666666666661,9.333333333333334,10,20,7662,8750,8750,50,220,220
3,False,1.333333333333334,9.666666666666666,11,21,7712,8750,8750,50,220,220
3,False,2.666666666666666,10.333333333333334,13,20,7762,8750,8750,50,220,220
4,False,8.333333333333334,14.666666666666666,23,26,7054,8750,8750,50,220,220
4,False,7.0,14.0,21,25,7104,8750,8750,50,220,220
4,False,6.0,14.0,20,24,7154,8750,8750,50,220,220
4,False,5.666666666666666,13.333333333333334,19,24,7204,8750,8750,50,220,220
4,False,2.666666666666666,13.333333333333334,16,23,7254,8750,8750,50,220,220
4,False,3.0,12.0,15,22,7304,8750,8750,50,220,220
4,False,1.666666666666666,11.333333333333334,13,22,7354,8750,8750,50,220,220
4,False,1.0,11.0,12,21,7404,8750,8750,50,220,220
4,False,-0.3333333333333339,10.333333333333334,10,21,7454,8750,8750,50,220,220
4,False,-0.6666666666666661,9.666666666666666,9,20,7504,8750,8750,50,220,220
4,False,-2.0,9.0,7,19,7554,8750,8750,50,220,220
4,False,-3.333333333333334,8.333333333333334,5,19,7604,8750,8750,50,220,220
4,False,-4.0,8.0,4,18,7654,8750,8750,50,220,220
4,False,-5.333333333333333,7.333333333333333,2,18,7704,8750,8750,50,220,220
4,False,-6.666666666666667,6.666666666666667,0,17,7754,8750,8750,50,220,220
4,False,-6.666666666666667,6.666666666666667,0,17,7804,8750,8750,50,220,220
4,False,-6.666666666666667,6.666666666666667,0,16,7854,8750,8750,50,220,220
4,False,-6.333333333333333,6.333333333333333,0,15,7904,8750,8750,50,220,220
4,False,-6.666666666666667,6.666666666666667,0,14,7954,8750,8750,50,220,220
4,False,-6.333333333333333,6.333333333333333,0,14,8004,8750,8750,50,220,220
5,False,-6.333333333333333,6.333333333333333,0,9,7284,8750,8750,50,220,220
5,False,-6.666666666666667,6.666666666666667,0,9,7334,8750,8750,50,220,220
5,False,-6.666666666666667,6.666666666666667,0,10,7384,8750,8750,50,220,220
5,False,-7.666666666666667,7.666666666666667,0,11,7434,8750,8750,50,220,220
5,False,-6.666666666666667,6.666666666666667,0,11,7484,8750,8750,50,220,220
5,False,-6.666666666666667,6.666666666666667,0,11,7534,8750,8750,50,220,220
5,False,-6.666666666666667,6.666666666666667,0,11,7584,8750,8750,50,220,220
5,False,-7.0,7.0,0,12,7634,8750,8750,50,220,220
5,False,-6.666666666666667,6.666666666666667,0,12,7684,8750,8750,50,220,220
5,False,-6.666666666666667,6.666666666666667,0,13,7734,8750,8750,50,220,220
5,False,-7.0,7.0,0,13,7784,8750,8750,50,220,220
5,False,-6.666666666666667,6.666666666666667,0,14,7834,8750,8750,50,220,220
5,False,-7.0,7.0,0,15,7884,8750,8750,50,220,220
5,False,-6.666666666666667,6.666666666666667,0,14,7934,8750,8750,50,220,220
5,False,-6.666666666666667,6.666666666666667,0,15,7984,8750,8750,50,220,220
5,False,-6.666666666666667,6.666666666666667,0,16,8034,8750,8750,50,220,220
5,False,-7.0,7.0,0,17,8084,8750,8750,50,220,220
5,False,-7.0,7.0,0,17,8134,8750,8750,50,220,220
5,False,-6.333333333333333,7.333333333333333,1,17,8184,8750,8750,50,220,220
5,False,-5.666666666666667,7.666666666666667,2,18,8234,8750,8750,50,220,220
6,False,8.333333333333334,13.666666666666666,22,24,7527,8750,8750,50,220,220
6,False,7.0,13.0,20,23,7577,8750,8750,50,220,220
6,False,8.333333333333334,13.666666666666666,22,23,7627,8750,8750,50,220,220
6,False,5.666666666666666,12.333333333333334,18,23,7677,8750,8750,50,220,220
6,False,5.0,12.0,17,22,7727,8750,8750,50,220,220
6,False,4.333333333333334,11.666666666666666,16,21,7777,8750,8750,50,220,220
6,False,3.333333333333334,10.666666666666666,14,21,7827,8750,8750,50,220,220
6,False,2.333333333333334,10.666666666666666,13,21,7877,8750,8750,50,220,220
6,False,1.666666666666666,10.333333333333334,12,20,7927,8750,8750,50,220,220
6,False,1.0,10.0,11,19,7977,8750,8750,50,220,220
6,False,0.3333333333333339,9.666666666666666,10,19,8027,8750,8750,50,220,220
6,False,-0.6666666666666661,8.666666666666666,8,19,8077,8750,8750,50,220,220
6,False,-0.6666666666666661,8.666666666666666,8,19,8127,8750,8750,50,220,220
6,False,-2.0,8.0,6,18,8177,8750,8750,50,220,220
6,False,-2.666666666666667,7.666666666666667,5,17,8227,8750,8750,50,220,220
6,False,-3.333333333333333,7.333333333333333,4,17,8277,8750,8750,50,220,220
6,False,-4.666666666666667,6.666666666666667,2,17,8327,8750,8750,50,220,220
6,False,-4.666666666666667,6.666666666666667,2,16,8377,8750,8750,50,220,220
6,False,-5.666666666666667,5.666666666666667,0,16,8427,8750,8750,50,220,220
6,False,-5.666666666666667,5.666666666666667,0,15,8477,8750,8750,50,220,220
1,False,-1.0,10.0,9,21,7770,8750,8750,50,220,220
1,False,-0.6666666666666661,11.666666666666666,11,22,7820,8750,8750,50,220,220
1,False,1.0,11.0,12,22,7870,8750,8750,50,220,220
1,False,2.333333333333334,11.666666666666666,14,22,7920,8750,8750,50,220,220
1,False,3.0,12.0,15,22,7970,8750,8750,50,220,220
1,False,3.666666666666666,12.333333333333334,16,23,8020,8750,8750,50,220,220
1,False,4.333333333333334,12.666666666666666,17,24,8070,8750,8750,50,220,220
1,False,5.0,13.0,18,24,8120,8750,8750,50,220,220
1,False,6.333333333333334,13.666666666666666,20,25,8170,8750,8750,50,220,220
1,False,6.666666666666666,14.333333333333334,21,25,8220,8750,8750,50,220,220
1,False,7.333333333333334,14.666666666666666,22,25,8270,8750,8750,50,220,220
1,False,8.333333333333334,15.666666666666666,24,26,8320,8750,8750,50,220,220
1,False,8.666666666666666,15.333333333333334,24,26,8370,8750,8750,50,220,220
1,False,10.0,16.0,26,27,8420,8750,8750,50,220,220
1,False,11.0,16.0,27,27,8470,8750,8750,50,220,220
1,False,11.0,17.0,28,27,8520,8750,8750,50,220,220
1,False,11.666666666666668,17.333333333333332,29,28,8570,8750,8750,50,220,220
1,False,13.0,18.0,31,28,8620,8750,8750,50,220,220
1,False,13.0,18.0,31,29,8670,8750,8750,50,220,220
1,False,13.666666666666668,18.333333333333332,32,29,8720,8750,8750,50,220,220
2,False,15.666666666666668,20.333333333333332,36,30,7011,8750,8750,50,220,220
2,False,15.333333333333332,18.666666666666668,34,29,7061,8750,8750,50,220,220
2,False,14.666666666666668,18.333333333333332,33,28,7111,8750,8750,50,220,220
2,False,14.333333333333332,17.666666666666668,32,28,7161,8750,8750,50,220,220
2,False,12.666666666666668,17.333333333333332,30,28,7211,8750,8750,50,220,220
2,False,11.666666666666668,16.333333333333332,28,26,7261,8750,8750,50,220,220
2,False,11.666666666666668,16.333333333333332,28,27,7311,8750,8750,50,220,220
2,False,10.666666666666666,15.333333333333334,26,26,7361,8750,8750,50,220,220
2,False,10.0,15.0,25,26,7411,8750,8750,50,220,220
2,False,8.666666666666666,14.333333333333334,23,25,7461,8750,8750,50,220,220
2,False,8.0,14.0,22,25,7511,8750,8750,50,220,220
2,False,7.333333333333334,13.666666666666666,21,24,7561,8750,8750,50,220,220
2,False,6.666666666666666,13.333333333333334,20,23,7611,8750,8750,50,220,220
2,False,5.333333333333334,12.666666666666666,18,23,7661,8750,8750,50,220,220
2,False,4.666666666666666,12.333333333333334,17,23,7711,8750,8750,50,220,220
2,False,4.333333333333334,11.666666666666666,16,22,7761,8750,8750,50,220,220
2,False,3.0,11.0,14,22,7811,8750,8750,50,220,220
2,False,2.333333333333334,10.666666666666666,13,21,7861,8750,8750,50,220,220
2,False,1.666666666666666,10.333333333333334,12,21,7911,8750,8750,50,220,220
2,False,1.0,10.0,11,21,7961,8750,8750,50,220,220
3,False,-5.666666666666667,5.666666666666667,0,10,7255,8750,8750,50,220,220
3,False,-5.666666666666667,5.666666666666667,0,10,7305,8750,8750,50,220,220
3,False,-5.666666666666667,5.666666666666667,0,12,7355,8750,8750,50,220,220
3,False,-5.666666666666667,5.666666666666667,0,12,7405,8750,8750,50,220,220
3,False,-5.666666666666667,5.666666666666667,0,12,7455,8750,8750,50,220,220
3,False,-5.666666666666667,5.666666666666667,0,13,7505,8750,8750,50,220,220
3,False,-6.0,6.0,0,13,7555,8750,8750,50,220,220
3,False,-5.666666666666667,5.666666666666667,0,14,7605,8750,8750,50,220,220
3,False,-5.666666666666667,5.666666666666667,0,14,7655,8750,8750,50,220,220
3,False,-5.666666666666667,5.666666666666667,0,15,7705,8750,8750,50,220,220
3,False,-5.666666666666667,5.666666666666667,0,15,7755,8750,8750,50,220,220
3,False,-6.0,6.0,0,16,7805,8750,8750,50,220,220
3,False,-5.666666666666667,5.666666666666667,0,16,7855,8750,8750,50,220,220
3,False,-5.666666666666667,5.666666666666667,0,16,7905,8750,8750,50,220,220
3,False,-5.0,6.0,1,16,7955,8750,8750,50,220,220
3,False,-4.666666666666667,6.666666666666667,2,17,8005,8750,8750,50,220,220
3,False,-4.666666666666667,6.666666666666667,2,17,8055,8750,8750,50,220,220
3,False,-3.333333333333333,7.333333333333333,4,18,8105,8750,8750,50,220,220
3,False,-2.666666666666667,7.666666666666667,5,18,8155,8750,8750,50,220,220
3,False,0.6666666666666661,9.333333333333334,10,19,8205,8750,8750,50,220,220
4,False,-2.666666666666666,8.666666666666666,6,19,7488,8750,8750,50,220,220
4,False,-3.666666666666666,8.666666666666666,5,19,7538,8750,8750,50,220,220
4,False,-4.666666666666667,7.666666666666667,3,18,7588,8750,8750,50,220,220
4,False,-5.333333333333333,7.333333333333333,2,17,7638,8750,8750,50,220,220
4,False,-6.0,7.0,1,17,7688,8750,8750,50,220,220
4,False,-6.666666666666667,6.666666666666667,0,17,7738,8750,8750,50,220,220
4,False,-6.666666666666667,6.666666666666667,0,16,7788,8750,8750,50,220,220
4,False,-6.666666666666667,6.666666666666667,0,16,7838,8750,8750,50,220,220
4,False,-6.666666666666667,6.666666666666667,0,15,7888,8750,8750,50,220,220
4,False,-6.333333333333333,6.333333333333333,0,15,7938,8750,8750,50,220,220
4,False,-6.333333333333333,6.333333333333333,0,14,7988,8750,8750,50,220,220
4,False,-6.333333333333333,6.333333333333333,0,14,8038,8750,8750,50,220,220
4,False,-6.333333333333333,6.333333333333333,0,13,8088,8750,8750,50,220,220
4,False,-6.333333333333333,6.333333333333333,0,13,8138,8750,8750,50,220,220
4,False,-6.333333333333333,6.333333333333333,0,13,8188,8750,8750,50,220,220
4,False,-6.333333333333333,6.333333333333333,0,13,8238,8750,8750,50,220,220
4,False,-6.666666666666667,6.666666666666667,0,13,8288,8750,8750,50,220,220
4,False,-6.333333333333333,6.333333333333333,0,12,8338,8750,8750,50,220,220
4,False,-7.333333333333333,7.333333333333333,0,12,8388,8750,8750,50,220,220
4,False,-6.333333333333333,6.333333333333333,0,11,8438,8750,8750,50,220,220
5,False,-5.333333333333333,7.333333333333333,2,17,7732,8750,8750,50,220,220
5,False,-4.666666666666667,7.666666666666667,3,18,7782,8750,8750,50,220,220
5,False,-3.666666666666666,8.666666666666666,5,19,7832,8750,8750,50,220,220
5,False,-3.0,9.0,6,19,7882,8750,8750,50,220,220
5,False,-1.666666666666666,9.666666666666666,8,20,7932,8750,8750,50,220,220
5,False,-1.0,10.0,9,21,7982,8750,8750,50,220,220
5,False,0.3333333333333339,10.666666666666666,11,21,8032,8750,8750,50,220,220
5,False,1.0,11.0,12,21,8082,8750,8750,50,220,220
5,False,1.666666666666666,11.333333333333334,13,22,8132,8750,8750,50,220,220
5,False,3.0,12.0,15,23,8182,8750,8750,50,220,220
5,False,4.333333333333334,12.666666666666666,17,23,8232,8750,8750,50,220,220
5,False,5.0,13.0,18,24,8282,8750,8750,50,220,220
5,False,6.333333333333334,13.666666666666666,20,24,8332,8750,8750,50,220,220
5,False,7.0,14.0,21,25,8382,8750,8750,50,220,220
5,False,7.666666666666666,14.333333333333334,22,25,8432,8750,8750,50,220,220
5,False,9.0,15.0,24,25,8482,8750,8750,50,220,220
5,False,10.333333333333334,15.666666666666666,26,26,8532,8750,8750,50,220,220
5,False,10.0,17.0,27,27,8582,8750,8750,50,220,220
5,False,11.666666666666668,16.333333333333332,28,27,8632,8750,8750,50,220,220
5,False,12.666666666666668,17.333333333333332,30,28,8682,8750,8750,50,220,220
6,False,22.666666666666668,22.333333333333332,45,32,6975,8750,8750,50,220,220
6,False,22.333333333333332,21.666666666666668,44,32,7025,8750,8750,50,220,220
6,False,20.666666666666668,21.333333333333332,42,31,7075,8750,8750,50,220,220
6,False,20.333333333333332,20.666666666666668,41,31,7125,8750,8750,50,220,220
6,False,19.666666666666668,20.333333333333332,40,30,7175,8750,8750,50,220,220
6,False,19.0,20.0,39,30,7225,8750,8750,50,220,220
6,False,17.666666666666668,19.333333333333332,37,29,7275,8750,8750,50,220,220
6,False,17.0,19.0,36,29,7325,8750,8750,50,220,220
6,False,16.666666666666668,18.333333333333332,35,29,7375,8750,8750,50,220,220
6,False,16.0,18.0,34,28,7425,8750,8750,50,220,220
6,False,14.666666666666668,17.333333333333332,32,27,7475,8750,8750,50,220,220
6,False,14.0,17.0,31,27,7525,8750,8750,50,220,220
6,False,13.333333333333332,16.666666666666668,30,26,7575,8750,8750,50,220,220
6,False,12.666666666666668,16.333333333333332,29,26,7625,8750,8750,50,220,220
6,False,11.666666666666666,15.333333333333334,27,25,7675,8750,8750,50,220,220
6,False,10.666666666666666,15.333333333333334,26,25,7725,8750,8750,50,220,220
6,False,12.0,16.0,28,25,7775,8750,8750,50,220,220
6,False,9.333333333333334,14.666666666666666,24,24,7825,8750,8750,50,220,220
6,False,8.333333333333334,13.666666666666666,22,24,7875,8750,8750,50,220,220
6,False,8.333333333333334,13.666666666666666,22,24,7925,8750,8750,50,220,220
1,False,-6.666666666666667,6.666666666666667,0,15,7218,8750,8750,50,220,220
1,False,-6.333333333333333,6.333333333333333,0,16,7268,8750,8750,50,220,220
1,False,-6.333333333333333,6.333333333333333,0,17,7318,8750,8750,50,220,220
1,False,-6.0,7.0,1,17,7368,8750,8750,50,220,220
1,False,-6.0,7.0,1,17,7418,8750,8750,50,220,220
1,False,-4.666666666666667,7.666666666666667,3,18,7468,8750,8750,50,220,220
1,False,-4.0,8.0,4,18,7518,8750,8750,50,220,220
1,False,-2.666666666666666,8.666666666666666,6,19,7568,8750,8750,50,220,220
1,False,-2.333333333333334,9.333333333333334,7,20,7618,8750,8750,50,220,220
1,False,-1.666666666666666,9.666666666666666,8,20,7668,8750,8750,50,220,220
1,False,-0.6666666666666661,9.666666666666666,9,21,7718,8750,8750,50,220,220
1,False,-0.3333333333333339,10.333333333333334,10,22,7768,8750,8750,50,220,220
1,False,1.0,11.0,12,21,7818,8750,8750,50,220,220
1,False,2.666666666666666,11.333333333333334,14,22,7868,8750,8750,50,220,220
1,False,3.0,12.0,15,23,7918,8750,8750,50,220,220
1,False,2.666666666666666,13.333333333333334,16,24,7968,8750,8750,50,220,220
1,False,5.0,13.0,18,24,8018,8750,8750,50,220,220
1,False,5.666666666666666,13.333333333333334,19,24,8068,8750,8750,50,220,220
1,False,6.333333333333334,13.666666666666666,20,24,8118,8750,8750,50,220,220
1,False,6.666666666666666,14.333333333333334,21,25,8168,8750,8750,50,220,220
2,False,11.333333333333332,16.666666666666668,28,27,7461,8750,8750,50,220,220
2,False,11.0,16.0,27,26,7511,8750,8750,50,220,220
2,False,9.666666666666666,15.333333333333334,25,25,7561,8750,8750,50,220,220
2,False,8.666666666666666,14.333333333333334,23,25,7611,8750,8750,50,220,220
2,False,7.666666666666666,14.333333333333334,22,25,7661,8750,8750,50,220,220
2,False,7.0,14.0,21,24,7711,8750,8750,50,220,220
2,False,6.0,13.0,19,23,7761,8750,8750,50,220,220
2,False,5.333333333333334,12.666666666666666,18,23,7811,8750,8750,50,220,220
2,False,4.333333333333334,12.666666666666666,17,23,7861,8750,8750,50,220,220
2,False,4.333333333333334,11.666666666666666,16,22,7911,8750,8750,50,220,220
2,False,3.0,11.0,14,22,7961,8750,8750,50,220,220
2,False,2.0,11.0,13,21,8011,8750,8750,50,220,220
2,False,1.333333333333334,10.666666666666666,12,21,8061,8750,8750,50,220,220
2,False,1.0,10.0,11,20,8111,8750,8750,50,220,220
2,False,-1.0,10.0,9,20,8161,8750,8750,50,220,220
2,False,-1.0,9.0,8,19,8211,8750,8750,50,220,220
2,False,-1.333333333333334,8.333333333333334,7,19,8261,8750,8750,50,220,220
2,False,-2.666666666666667,7.666666666666667,5,19,8311,8750,8750,50,220,220
2,False,-2.666666666666667,7.666666666666667,5,18,8361,8750,8750,50,220,220
2,False,-4.0,7.0,3,18,8411,8750,8750,50,220,220
3,False,-1.666666666666667,7.666666666666667,6,18,7704,8750,8750,50,220,220
3,False,-1.333333333333334,8.333333333333334,7,19,7754,8750,8750,50,220,220
3,False,-0.6666666666666661,8.666666666666666,8,20,7804,8750,8750,50,220,220
3,False,0.6666666666666661,9.333333333333334,10,20,7854,8750,8750,50,220,220
3,False,1.333333333333334,9.666666666666666,11,20,7904,8750,8750,50,220,220
3,False,2.0,10.0,12,21,7954,8750,8750,50,220,220
3,False,2.666666666666666,10.333333333333334,13,21,8004,8750,8750,50,220,220
3,False,4.0,11.0,15,22,8054,8750,8750,50,220,220
3,False,4.666666666666666,11.333333333333334,16,22,8104,8750,8750,50,220,220
3,False,5.333333333333334,11.666666666666666,17,23,8154,8750,8750,50,220,220
3,False,6.0,12.0,18,23,8204,8750,8750,50,220,220
3,False,6.666666666666666,12.333333333333334,19,23,8254,8750,8750,50,220,220
3,False,7.333333333333334,12.666666666666666,20,24,8304,8750,8750,50,220,220
3,False,9.333333333333334,14.666666666666666,24,24,8354,8750,8750,50,220,220
3,False,9.0,14.0,23,25,8404,8750,8750,50,220,220
3,False,9.666666666666666,14.333333333333334,24,25,8454,8750,8750,50,220,220
3,False,10.333333333333334,14.666666666666666,25,25,8504,8750,8750,50,220,220
3,False,11.0,15.0,26,26,8554,8750,8750,50,220,220
3,False,11.666666666666666,15.333333333333334,27,26,8604,8750,8750,50,220,220
3,False,12.333333333333334,15.666666666666666,28,26,8654,8750,8750,50,220,220
4,False,17.0,20.0,37,31,6938,8750,8750,50,220,220
4,False,15.666666666666668,19.333333333333332,35,30,6988,8750,8750,50,220,220
4,False,14.333333333333332,18.666666666666668,33,30,7038,8750,8750,50,220,220
4,False,14.0,18.0,32,29,7088,8750,8750,50,220,220
4,False,13.0,18.0,31,28,7138,8750,8750,50,220,220
4,False,12.0,17.0,29,28,7188,8750,8750,50,220,220
4,False,11.333333333333332,16.666666666666668,28,27,7238,8750,8750,50,220,220
4,False,10.666666666666668,16.333333333333332,27,26,7288,8750,8750,50,220,220
4,False,10.0,16.0,26,26,7338,8750,8750,50,220,220
4,False,9.0,15.0,24,26,7388,8750,8750,50,220,220
4,False,8.0,15.0,23,25,7438,8750,8750,50,220,220
4,False,7.333333333333334,14.666666666666666,22,25,7488,8750,8750,50,220,220
4,False,5.333333333333334,14.666666666666666,20,24,7538,8750,8750,50,220,220
4,False,5.0,13.0,18,23,7588,8750,8750,50,220,220
4,False,4.333333333333334,12.666666666666666,17,23,7638,8750,8750,50,220,220
4,False,4.333333333333334,12.666666666666666,17,23,7688,8750,8750,50,220,220
4,False,3.0,12.0,15,22,7738,8750,8750,50,220,220
4,False,1.666666666666666,11.333333333333334,13,21,7788,8750,8750,50,220,220
4,False,1.333333333333334,10.666666666666666,12,21,7838,8750,8750,50,220,220
4,False,0.6666666666666661,10.333333333333334,11,21,7888,8750,8750,50,220,220
5,False,-7.0,7.0,0,13,7181,8750,8750,50,220,220
5,False,-6.666666666666667,6.666666666666667,0,13,7231,8750,8750,50,220,220
5,False,-6.666666666666667,6.666666666666667,0,14,7281,8750,8750,50,220,220
5,False,-6.666666666666667,6.666666666666667,0,14,7331,8750,8750,50,220,220
5,False,-7.0,7.0,0,14,7381,8750,8750,50,220,220
5,False,-7.0,7.0,0,15,7431,8750,8750,50,220,220
5,False,-7.0,7.0,0,15,7481,8750,8750,50,220,220
5,False,-7.0,7.0,0,16,7531,8750,8750,50,220,220
5,False,-6.666666666666667,6.666666666666667,0,16,7581,8750,8750,50,220,220
5,False,-6.666666666666667,6.666666666666667,0,17,7631,8750,8750,50,220,220
5,False,-6.333333333333333,7.333333333333333,1,17,7681,8750,8750,50,220,220
5,False,-6.666666666666666,8.666666666666666,2,18,7731,8750,8750,50,220,220
5,False,-4.666666666666667,7.666666666666667,3,18,7781,8750,8750,50,220,220
5,False,-4.333333333333334,8.333333333333334,4,18,7831,8750,8750,50,220,220
5,False,-3.666666666666666,8.666666666666666,5,19,7881,8750,8750,50,220,220
5,False,-2.333333333333334,9.333333333333334,7,19,7931,8750,8750,50,220,220
5,False,-1.666666666666666,9.666666666666666,8,20,7981,8750,8750,50,220,220
5,False,-1.0,10.0,9,20,8031,8750,8750,50,220,220
5,False,0.6666666666666661,10.333333333333334,11,21,8081,8750,8750,50,220,220
5,False,0.6666666666666661,10.333333333333334,11,21,8131,8750,8750,50,220,220
6,False,7.0,13.0,20,23,7424,8750,8750,50,220,220
6,False,6.333333333333334,12.666666666666666,19,23,7474,8750,8750,50,220,220
6,False,5.666666666666666,12.333333333333334,18,22,7524,8750,8750,50,220,220
6,False,5.0,12.0,17,22,7574,8750,8750,50,220,220
6,False,3.666666666666666,11.333333333333334,15,21,7624,8750,8750,50,220,220
6,False,3.0,11.0,14,20,7674,8750,8750,50,220,220
6,False,1.666666666666666,10.333333333333334,12,20,7724,8750,8750,50,220,220
6,False,0.3333333333333339,9.666666666666666,10,20,7774,8750,8750,50,220,220
6,False,0.0,9.0,9,19,7824,8750,8750,50,220,220
6,False,-0.6666666666666661,8.666666666666666,8,19,7874,8750,8750,50,220,220
6,False,0.6666666666666661,9.333333333333334,10,19,7924,8750,8750,50,220,220
6,False,-2.666666666666667,7.666666666666667,5,18,7974,8750,8750,50,220,220
6,False,-3.333333333333333,7.333333333333333,4,17,8024,8750,8750,50,220,220
6,False,-4.0,7.0,3,17,8074,8750,8750,50,220,220
6,False,-5.333333333333333,6.333333333333333,1,16,8124,8750,8750,50,220,220
6,False,-6.0,6.0,0,15,8174,8750,8750,50,220,220
6,False,-5.666666666666667,5.666666666666667,0,15,8224,8750,8750,50,220,220
6,False,-5.666666666666667,5.666666666666667,0,15,8274,8750,8750,50,220,220
6,False,-5.666666666666667,5.666666666666667,0,14,8324,8750,8750,50,220,220
6,False,-5.666666666666667,5.666666666666667,0,13,8374,8750,8750,50,220,220
1,False,-6.0,6.0,0,6,6667,8500,8500,50,220,220
1,False,-6.0,6.0,0,7,6717,8500,8500,50,220,220
1,False,-6.333333333333333,6.333333333333333,0,8,6767,8500,8500,50,220,220
1,False,-6.0,6.0,0,8,6817,8500,8500,50,220,220
1,False,-6.333333333333333,6.333333333333333,0,8,6867,8500,8500,50,220,220
1,False,-6.0,6.0,0,9,6917,8500,8500,50,220,220
1,False,-6.0,6.0,0,10,6967,8500,8500,50,220,220
1,False,-6.0,6.0,0,11,7017,8500,8500,50,220,220
1,False,-6.0,6.0,0,11,7067,8500,8500,50,220,220
1,False,-7.0,7.0,0,12,7117,8500,8500,50,220,220
1,False,-6.333333333333333,6.333333333333333,0,12,7167,8500,8500,50,220,220
1,False,-6.333333333333333,6.333333333333333,0,13,7217,8500,8500,50,220,220
1,False,-6.333333333333333,6.333333333333333,0,13,7267,8500,8500,50,220,220
1,False,-6.333333333333333,6.333333333333333,0,13,7317,8500,8500,50,220,220
1,False,-6.333333333333333,6.333333333333333,0,14,7367,8500,8500,50,220,220
1,False,-6.333333333333333,6.333333333333333,0,14,7417,8500,8500,50,220,220
1,False,-6.333333333333333,6.333333333333333,0,15,7467,8500,8500,50,220,220
1,False,-6.333333333333333,6.333333333333333,0,16,7517,8500,8500,50,220,220
1,False,-6.666666666666667,6.666666666666667,0,16,7567,8500,8500,50,220,220
1,False,-6.333333333333333,6.333333333333333,0,16,7617,8500,8500,50,220,220
2,False,17.333333333333332,19.666666666666668,37,31,7161,8500,8500,50,220,220
2,False,16.666666666666668,19.333333333333332,36,30,7211,8500,8500,50,220,220
2,False,16.0,19.0,35,29,7261,8500,8500,50,220,220
2,False,14.666666666666668,18.333333333333332,33,29,7311,8500,8500,50,220,220
2,False,14.0,18.0,32,28,7361,8500,8500,50,220,220
2,False,13.333333333333332,17.666666666666668,31,28,7411,8500,8500,50,220,220
2,False,12.666666666666668,17.333333333333332,30,27,7461,8500,8500,50,220,220
2,False,12.0,16.0,28,27,7511,8500,8500,50,220,220
2,False,10.666666666666668,17.333333333333332,28,27,7561,8500,8500,50,220,220
2,False,10.333333333333334,15.666666666666666,26,25,7611,8500,8500,50,220,220
2,False,9.0,15.0,24,25,7661,8500,8500,50,220,220
2,False,8.333333333333334,14.666666666666666,23,25,7711,8500,8500,50,220,220
2,False,8.0,14.0,22,24,7761,8500,8500,50,220,220
2,False,7.333333333333334,13.666666666666666,21,24,7811,8500,8500,50,220,220
2,False,6.666666666666666,13.333333333333334,20,24,7861,8500,8500,50,220,220
2,False,5.333333333333334,12.666666666666666,18,23,7911,8500,8500,50,220,220
2,False,5.0,12.0,17,23,7961,8500,8500,50,220,220
2,False,4.0,12.0,16,22,8011,8500,8500,50,220,220
2,False,3.666666666666666,11.333333333333334,15,22,8061,8500,8500,50,220,220
2,False,3.0,11.0,14,21,8111,8500,8500,50,220,220
3,False,-5.666666666666667,5.666666666666667,0,10,6653,8500,8500,50,220,220
3,False,-6.0,6.0,0,10,6703,8500,8500,50,220,220
3,False,-6.0,6.0,0,10,6753,8500,8500,50,220,220
3,False,-6.0,6.0,0,11,6803,8500,8500,50,220,220
3,False,-5.666666666666667,5.666666666666667,0,11,6853,8500,8500,50,220,220
3,False,-5.666666666666667,5.666666666666667,0,12,6903,8500,8500,50,220,220
3,False,-5.666666666666667,5.666666666666667,0,12,6953,8500,8500,50,220,220
3,False,-5.666666666666667,5.666666666666667,0,13,7003,8500,8500,50,220,220
3,False,-6.0,6.0,0,13,7053,8500,8500,50,220,220
3,False,-6.0,6.0,0,14,7103,8500,8500,50,220,220
3,False,-6.0,6.0,0,14,7153,8500,8500,50,220,220
3,False,-5.666666666666667,5.666666666666667,0,14,7203,8500,8500,50,220,220
3,False,-6.0,6.0,0,14,7253,8500,8500,50,220,220
3,False,-6.0,6.0,0,15,7303,8500,8500,50,220,220
3,False,-6.0,6.0,0,16,7353,8500,8500,50,220,220
3,False,-6.0,6.0,0,16,7403,8500,8500,50,220,220
3,False,-6.0,6.0,0,16,7453,8500,8500,50,220,220
3,False,-5.333333333333333,6.333333333333333,1,17,7503,8500,8500,50,220,220
3,False,-4.666666666666667,6.666666666666667,2,17,7553,8500,8500,50,220,220
3,False,-4.0,7.0,3,17,7603,8500,8500,50,220,220
4,False,3.666666666666666,12.333333333333334,16,23,7134,8500,8500,50,220,220
4,False,3.0,12.0,15,23,7184,8500,8500,50,220,220
4,False,2.333333333333334,11.666666666666666,14,22,7234,8500,8500,50,220,220
4,False,1.0,11.0,12,21,7284,8500,8500,50,220,220
4,False,0.3333333333333339,10.666666666666666,11,21,7334,8500,8500,50,220,220
4,False,-0.3333333333333339,10.333333333333334,10,20,7384,8500,8500,50,220,220
4,False,-2.0,11.0,9,20,7434,8500,8500,50,220,220
4,False,-2.666666666666666,8.666666666666666,6,20,7484,8500,8500,50,220,220
4,False,-2.666666666666666,8.666666666666666,6,19,7534,8500,8500,50,220,220
4,False,-3.333333333333334,8.333333333333334,5,18,7584,8500,8500,50,220,220
4,False,-4.666666666666667,7.666666666666667,3,18,7634,8500,8500,50,220,220
4,False,-5.333333333333333,7.333333333333333,2,18,7684,8500,8500,50,220,220
4,False,-6.0,7.0,1,17,7734,8500,8500,50,220,220
4,False,-6.666666666666667,6.666666666666667,0,17,7784,8500,8500,50,220,220
4,False,-6.666666666666667,6.666666666666667,0,16,7834,8500,8500,50,220,220
4,False,-6.666666666666667,6.666666666666667,0,16,7884,8500,8500,50,220,220
4,False,-6.666666666666667,6.666666666666667,0,15,7934,8500,8500,50,220,220
4,False,-6.666666666666667,6.666666666666667,0,14,7984,8500,8500,50,220,220
4,False,-6.666666666666667,6.666666666666667,0,14,8034,8500,8500,50,220,220
4,False,-6.333333333333333,6.333333333333333,0,14,8084,8500,8500,50,220,220
5,False,-6.666666666666667,6.666666666666667,0,2,6627,8500,8500,50,220,220
5,False,-6.666666666666667,6.666666666666667,0,3,6677,8500,8500,50,220,220
5,False,-6.666666666666667,6.666666666666667,0,3,6727,8500,8500,50,220,220
5,False,-6.666666666666667,6.666666666666667,0,4,6777,8500,8500,50,220,220
5,False,-6.666666666666667,6.666666666666667,0,4,6827,8500,8500,50,220,220
5,False,-7.666666666666667,7.666666666666667,0,5,6877,8500,8500,50,220,220
5,False,-6.666666666666667,6.666666666666667,0,5,6927,8500,8500,50,220,220
5,False,-6.666666666666667,6.666666666666667,0,6,6977,8500,8500,50,220,220
5,False,-6.666666666666667,6.666666666666667,0,6,7027,8500,8500,50,220,220
5,False,-6.666666666666667,6.666666666666667,0,6,7077,8500,8500,50,220,220
5,False,-6.666666666666667,6.666666666666667,0,7,7127,8500,8500,50,220,220
5,False,-6.666666666666667,6.666666666666667,0,8,7177,8500,8500,50,220,220
5,False,-6.666666666666667,6.666666666666667,0,8,7227,8500,8500,50,220,220
5,False,-6.666666666666667,6.666666666666667,0,8,7277,8500,8500,50,220,220
5,False,-6.666666666666667,6.666666666666667,0,9,7327,8500,8500,50,220,220
5,False,-6.666666666666667,6.666666666666667,0,9,7377,8500,8500,50,220,220
5,False,-6.666666666666667,6.666666666666667,0,10,7427,8500,8500,50,220,220
5,False,-6.666666666666667,6.666666666666667,0,10,7477,8500,8500,50,220,220
5,False,-6.666666666666667,6.666666666666667,0,11,7527,8500,8500,50,220,220
5,False,-6.666666666666667,6.666666666666667,0,11,7577,8500,8500,50,220,220
6,False,6.333333333333334,12.666666666666666,19,22,7120,8500,8500,50,220,220
6,False,6.333333333333334,12.666666666666666,19,22,7170,8500,8500,50,220,220
6,False,5.0,12.0,17,22,7220,8500,8500,50,220,220
6,False,4.333333333333334,11.666666666666666,16,22,7270,8500,8500,50,220,220
6,False,5.666666666666666,12.333333333333334,18,22,7320,8500,8500,50,220,220
6,False,3.0,11.0,14,21,7370,8500,8500,50,220,220
6,False,1.666666666666666,10.333333333333334,12,20,7420,8500,8500,50,220,220
6,False,1.666666666666666,10.333333333333334,12,20,7470,8500,8500,50,220,220
6,False,0.6666666666666661,9.333333333333334,10,19,7520,8500,8500,50,220,220
6,False,0.3333333333333339,9.666666666666666,10,20,7570,8500,8500,50,220,220
6,False,-0.3333333333333339,9.333333333333334,9,19,7620,8500,8500,50,220,220
6,False,-1.0,9.0,8,19,7670,8500,8500,50,220,220
6,False,-1.333333333333334,8.333333333333334,7,18,7720,8500,8500,50,220,220
6,False,-2.0,8.0,6,18,7770,8500,8500,50,220,220
6,False,-2.666666666666667,7.666666666666667,5,18,7820,8500,8500,50,220,220
6,False,-3.333333333333333,7.333333333333333,4,17,7870,8500,8500,50,220,220
6,False,-4.666666666666667,6.666666666666667,2,17,7920,8500,8500,50,220,220
6,False,-4.666666666666667,6.666666666666667,2,17,7970,8500,8500,50,220,220
6,False,-5.333333333333333,6.333333333333333,1,16,8020,8500,8500,50,220,220
6,False,-6.0,6.0,0,16,8070,8500,8500,50,220,220
1,False,-6.0,6.0,0,11,6613,8500,8500,50,220,220
1,False,-6.333333333333333,6.333333333333333,0,11,6663,8500,8500,50,220,220
1,False,-6.333333333333333,6.333333333333333,0,12,6713,8500,8500,50,220,220
1,False,-7.333333333333333,7.333333333333333,0,13,6763,8500,8500,50,220,220
1,False,-6.0,6.0,0,13,6813,8500,8500,50,220,220
1,False,-6.333333333333333,6.333333333333333,0,13,6863,8500,8500,50,220,220
1,False,-6.0,6.0,0,14,6913,8500,8500,50,220,220
1,False,-6.333333333333333,6.333333333333333,0,14,6963,8500,8500,50,220,220
1,False,-6.666666666666667,6.666666666666667,0,15,7013,8500,8500,50,220,220
1,False,-6.666666666666667,6.666666666666667,0,15,7063,8500,8500,50,220,220
1,False,-6.333333333333333,6.333333333333333,0,16,7113,8500,8500,50,220,220
1,False,-6.666666666666667,6.666666666666667,0,17,7163,8500,8500,50,220,220
1,False,-6.0,7.0,1,18,7213,8500,8500,50,220,220
1,False,-4.333333333333333,7.333333333333333,3,18,7263,8500,8500,50,220,220
1,False,-4.0,8.0,4,19,7313,8500,8500,50,220,220
1,False,-3.333333333333334,8.333333333333334,5,19,7363,8500,8500,50,220,220
1,False,-1.666666666666666,9.666666666666666,8,20,7413,8500,8500,50,220,220
1,False,-0.6666666666666661,9.666666666666666,9,21,7463,8500,8500,50,220,220
1,False,0.3333333333333339,10.666666666666666,11,21,7513,8500,8500,50,220,220
1,False,1.0,11.0,12,22,7563,8500,8500,50,220,220
2,False,22.333333333333332,22.666666666666668,45,33,7106,8500,8500,50,220,220
2,False,21.666666666666668,22.333333333333332,44,33,7156,8500,8500,50,220,220
2,False,20.0,23.0,43,33,7206,8500,8500,50,220,220
2,False,20.0,21.0,41,32,7256,8500,8500,50,220,220
2,False,19.0,21.0,40,31,7306,8500,8500,50,220,220
2,False,19.0,20.0,39,31,7356,8500,8500,50,220,220
2,False,18.0,20.0,38,30,7406,8500,8500,50,220,220
2,False,16.666666666666668,19.333333333333332,36,30,7456,8500,8500,50,220,220
2,False,16.0,19.0,35,30,7506,8500,8500,50,220,220
2,False,14.666666666666668,18.333333333333332,33,29,7556,8500,8500,50,220,220
2,False,14.0,18.0,32,28,7606,8500,8500,50,220,220
2,False,13.333333333333332,17.666666666666668,31,28,7656,8500,8500,50,220,220
2,False,13.0,17.0,30,28,7706,8500,8500,50,220,220
2,False,12.666666666666668,16.333333333333332,29,27,7756,8500,8500,50,220,220
2,False,11.0,16.0,27,27,7806,8500,8500,50,220,220
2,False,10.666666666666666,15.333333333333334,26,26,7856,8500,8500,50,220,220
2,False,9.666666666666666,15.333333333333334,25,26,7906,8500,8500,50,220,220
2,False,9.0,15.0,24,25,7956,8500,8500,50,220,220
2,False,7.666666666666666,14.333333333333334,22,25,8006,8500,8500,50,220,220
2,False,7.0,14.0,21,24,8056,8500,8500,50,220,220
3,False,-5.666666666666667,5.666666666666667,0,9,6588,8500,8500,50,220,220
3,False,-5.666666666666667,5.666666666666667,0,10,6638,8500,8500,50,220,220
3,False,-5.666666666666667,5.666666666666667,0,10,6688,8500,8500,50,220,220
3,False,-5.666666666666667,5.666666666666667,0,11,6738,8500,8500,50,220,220
3,False,-5.666666666666667,5.666666666666667,0,11,6788,8500,8500,50,220,220
3,False,-5.666666666666667,5.666666666666667,0,11,6838,8500,8500,50,220,220
3,False,-6.0,6.0,0,12,6888,8500,8500,50,220,220
3,False,-5.666666666666667,5.666666666666667,0,13,6938,8500,8500,50,220,220
3,False,-5.666666666666667,5.666666666666667,0,13,6988,8500,8500,50,220,220
3,False,-6.0,6.0,0,14,7038,8500,8500,50,220,220
3,False,-6.0,6.0,0,14,7088,8500,8500,50,220,220
3,False,-5.666666666666667,5.666666666666667,0,15,7138,8500,8500,50,220,220
3,False,-6.0,6.0,0,15,7188,8500,8500,50,220,220
3,False,-6.0,6.0,0,15,7238,8500,8500,50,220,220
3,False,-6.0,6.0,0,15,7288,8500,8500,50,220,220
3,False,-5.666666666666667,5.666666666666667,0,16,7338,8500,8500,50,220,220
3,False,-5.666666666666667,5.666666666666667,0,16,7388,8500,8500,50,220,220
3,False,-4.666666666666667,6.666666666666667,2,17,7438,8500,8500,50,220,220
3,False,-4.0,7.0,3,17,7488,8500,8500,50,220,220
3,False,-3.0,7.0,4,17,7538,8500,8500,50,220,220
4,False,7.0,16.0,23,26,7080,8500,8500,50,220,220
4,False,6.666666666666666,14.333333333333334,21,25,7130,8500,8500,50,220,220
4,False,6.333333333333334,13.666666666666666,20,24,7180,8500,8500,50,220,220
4,False,5.666666666666666,13.333333333333334,19,24,7230,8500,8500,50,220,220
4,False,4.333333333333334,12.666666666666666,17,23,7280,8500,8500,50,220,220
4,False,3.666666666666666,12.333333333333334,16,23,7330,8500,8500,50,220,220
4,False,2.333333333333334,11.666666666666666,14,22,7380,8500,8500,50,220,220
4,False,1.666666666666666,11.333333333333334,13,21,7430,8500,8500,50,220,220
4,False,1.0,11.0,12,21,7480,8500,8500,50,220,220
4,False,0.6666666666666661,10.333333333333334,11,21,7530,8500,8500,50,220,220
4,False,-1.0,10.0,9,20,7580,8500,8500,50,220,220
4,False,-1.333333333333334,9.333333333333334,8,20,7630,8500,8500,50,220,220
4,False,-2.0,9.0,7,19,7680,8500,8500,50,220,220
4,False,-3.666666666666666,8.666666666666666,5,19,7730,8500,8500,50,220,220
4,False,-4.0,8.0,4,18,7780,8500,8500,50,220,220
4,False,-4.666666666666667,7.666666666666667,3,18,7830,8500,8500,50,220,220
4,False,-5.333333333333333,7.333333333333333,2,18,7880,8500,8500,50,220,220
4,False,-6.666666666666667,6.666666666666667,0,17,7930,8500,8500,50,220,220
4,False,-6.666666666666667,6.666666666666667,0,16,7980,8500,8500,50,220,220
4,False,-6.666666666666667,6.666666666666667,0,16,8030,8500,8500,50,220,220
5,False,-6.666666666666667,6.666666666666667,0,6,6574,8500,8500,50,220,220
5,False,-6.666666666666667,6.666666666666667,0,7,6624,8500,8500,50,220,220
5,False,-6.666666666666667,6.666666666666667,0,8,6674,8500,8500,50,220,220
5,False,-6.666666666666667,6.666666666666667,0,8,6724,8500,8500,50,220,220
5,False,-6.666666666666667,6.666666666666667,0,9,6774,8500,8500,50,220,220
5,False,-6.666666666666667,6.666666666666667,0,9,6824,8500,8500,50,220,220
5,False,-6.666666666666667,6.666666666666667,0,9,6874,8500,8500,50,220,220
5,False,-6.666666666666667,6.666666666666667,0,10,6924,8500,8500,50,220,220
5,False,-6.666666666666667,6.666666666666667,0,10,6974,8500,8500,50,220,220
5,False,-6.666666666666667,6.666666666666667,0,11,7024,8500,8500,50,220,220
5,False,-6.666666666666667,6.666666666666667,0,11,7074,8500,8500,50,220,220
5,False,-6.666666666666667,6.666666666666667,0,12,7124,8500,8500,50,220,220
5,False,-6.666666666666667,6.666666666666667,0,12,7174,8500,8500,50,220,220
5,False,-6.666666666666667,6.666666666666667,0,12,7224,8500,8500,50,220,220
5,False,-6.666666666666667,6.666666666666667,0,13,7274,8500,8500,50,220,220
5,False,-7.0,7.0,0,14,7324,8500,8500,50,220,220
5,False,-7.0,7.0,0,14,7374,8500,8500,50,220,220
5,False,-6.666666666666667,6.666666666666667,0,14,7424,8500,8500,50,220,220
5,False,-7.0,7.0,0,15,7474,8500,8500,50,220,220
5,False,-8.0,8.0,0,16,7524,8500,8500,50,220,220
6,False,19.0,20.0,39,30,7065,8500,8500,50,220,220
6,False,18.333333333333332,19.666666666666668,38,30,7115,8500,8500,50,220,220
6,False,17.666666666666668,19.333333333333332,37,29,7165,8500,8500,50,220,220
6,False,16.333333333333332,18.666666666666668,35,29,7215,8500,8500,50,220,220
6,False,16.0,18.0,34,28,7265,8500,8500,50,220,220
6,False,15.0,18.0,33,28,7315,8500,8500,50,220,220
6,False,14.666666666666668,17.333333333333332,32,28,7365,8500,8500,50,220,220
6,False,13.333333333333332,16.666666666666668,30,27,7415,8500,8500,50,220,220
6,False,13.333333333333332,16.666666666666668,30,27,7465,8500,8500,50,220,220
6,False,12.666666666666668,16.333333333333332,29,26,7515,8500,8500,50,220,220
6,False,11.333333333333334,15.666666666666666,27,25,7565,8500,8500,50,220,220
6,False,10.666666666666666,15.333333333333334,26,25,7615,8500,8500,50,220,220
6,False,10.0,15.0,25,25,7665,8500,8500,50,220,220
6,False,9.666666666666666,14.333333333333334,24,25,7715,8500,8500,50,220,220
6,False,8.333333333333334,13.666666666666666,22,24,7765,8500,8500,50,220,220
6,False,7.666666666666666,13.333333333333334,21,24,7815,8500,8500,50,220,220
6,False,7.666666666666666,13.333333333333334,21,23,7865,8500,8500,50,220,220
6,False,6.333333333333334,12.666666666666666,19,23,7915,8500,8500,50,220,220
6,False,7.666666666666666,13.333333333333334,21,23,7965,8500,8500,50,220,220
6,False,5.0,12.0,17,22,8015,8500,8500,50,220,220
1,False,2.333333333333334,11.666666666666666,14,22,7558,8500,8500,50,220,220
1,False,3.333333333333334,11.666666666666666,15,23,7608,8500,8500,50,220,220
1,False,3.666666666666666,12.333333333333334,16,23,7658,8500,8500,50,220,220
1,False,5.0,13.0,18,24,7708,8500,8500,50,220,220
1,False,5.666666666666666,13.333333333333334,19,24,7758,8500,8500,50,220,220
1,False,6.333333333333334,13.666666666666666,20,24,7808,8500,8500,50,220,220
1,False,6.666666666666666,14.333333333333334,21,25,7858,8500,8500,50,220,220
1,False,7.0,15.0,22,25,7908,8500,8500,50,220,220
1,False,8.333333333333334,14.666666666666666,23,26,7958,8500,8500,50,220,220
1,False,8.333333333333334,15.666666666666666,24,26,8008,8500,8500,50,220,220
1,False,10.0,16.0,26,26,8058,8500,8500,50,220,220
1,False,10.333333333333332,16.666666666666668,27,27,8108,8500,8500,50,220,220
1,False,10.333333333333332,16.666666666666668,27,27,8158,8500,8500,50,220,220
1,False,11.666666666666668,17.333333333333332,29,28,8208,8500,8500,50,220,220
1,False,12.333333333333332,17.666666666666668,30,28,8258,8500,8500,50,220,220
1,False,13.0,18.0,31,28,8308,8500,8500,50,220,220
1,False,13.666666666666668,18.333333333333332,32,29,8358,8500,8500,50,220,220
1,False,13.333333333333332,19.666666666666668,33,30,8408,8500,8500,50,220,220
1,False,15.0,19.0,34,30,8458,8500,8500,50,220,220
2,False,0.6666666666666679,19.333333333333332,20,30,8508,8500,8500,50,220,220
2,False,16.666666666666668,19.333333333333332,36,30,7040,8500,8500,50,220,220
2,False,15.333333333333332,18.666666666666668,34,29,7090,8500,8500,50,220,220
2,False,15.333333333333332,18.666666666666668,34,28,7140,8500,8500,50,220,220
2,False,14.333333333333332,17.666666666666668,32,28,7190,8500,8500,50,220,220
2,False,13.666666666666668,17.333333333333332,31,27,7240,8500,8500,50,220,220
2,False,12.0,17.0,29,27,7290,8500,8500,50,220,220
2,False,11.666666666666668,16.333333333333332,28,27,7340,8500,8500,50,220,220
2,False,11.333333333333334,15.666666666666666,27,26,7390,8500,8500,50,220,220
2,False,10.0,15.0,25,25,7440,8500,8500,50,220,220
2,False,9.333333333333334,14.666666666666666,24,25,7490,8500,8500,50,220,220
2,False,7.666666666666666,14.333333333333334,22,24,7540,8500,8500,50,220,220
2,False,6.666666666666666,13.333333333333334,20,24,7590,8500,8500,50,220,220
2,False,6.0,13.0,19,23,7640,8500,8500,50,220,220
2,False,5.333333333333334,12.666666666666666,18,23,7690,8500,8500,50,220,220
2,False,4.0,12.0,16,22,7740,8500,8500,50,220,220
2,False,3.666666666666666,11.333333333333334,15,21,7790,8500,8500,50,220,220
2,False,1.333333333333334,11.666666666666666,13,22,7840,8500,8500,50,220,220
2,False,1.333333333333334,10.666666666666666,12,21,7890,8500,8500,50,220,220
2,False,0.3333333333333339,9.666666666666666,10,20,7940,8500,8500,50,220,220
2,False,-0.6666666666666661,9.666666666666666,9,19,7990,8500,8500,50,220,220
3,False,-6.0,6.0,0,14,7534,8500,8500,50,220,220
3,False,-5.666666666666667,5.666666666666667,0,15,7584,8500,8500,50,220,220
3,False,-6.0,6.0,0,15,7634,8500,8500,50,220,220
3,False,-6.0,6.0,0,15,7684,8500,8500,50,220,220
3,False,-6.0,6.0,0,16,7734,8500,8500,50,220,220
3,False,-6.0,6.0,0,16,7784,8500,8500,50,220,220
3,False,-5.333333333333333,6.333333333333333,1,16,7834,8500,8500,50,220,220
3,False,-4.666666666666667,6.666666666666667,2,17,7884,8500,8500,50,220,220
3,False,-4.666666666666667,6.666666666666667,2,17,7934,8500,8500,50,220,220
3,False,-3.333333333333333,7.333333333333333,4,18,7984,8500,8500,50,220,220
3,False,-2.666666666666667,7.666666666666667,5,18,8034,8500,8500,50,220,220
3,False,-2.0,8.0,6,18,8084,8500,8500,50,220,220
3,False,-1.333333333333334,8.333333333333334,7,19,8134,8500,8500,50,220,220
3,False,-0.6666666666666661,8.666666666666666,8,19,8184,8500,8500,50,220,220
3,False,0.0,9.0,9,20,8234,8500,8500,50,220,220
3,False,3.333333333333334,10.666666666666666,14,21,8284,8500,8500,50,220,220
3,False,2.0,10.0,12,21,8334,8500,8500,50,220,220
3,False,2.666666666666666,10.333333333333334,13,21,8384,8500,8500,50,220,220
3,False,3.333333333333334,10.666666666666666,14,22,8434,8500,8500,50,220,220
3,False,4.0,11.0,15,22,8484,8500,8500,50,220,220
4,False,6.333333333333334,13.666666666666666,20,25,7028,8500,8500,50,220,220
4,False,5.666666666666666,13.333333333333334,19,24,7078,8500,8500,50,220,220
4,False,5.0,13.0,18,23,7128,8500,8500,50,220,220
4,False,4.333333333333334,12.666666666666666,17,23,7178,8500,8500,50,220,220
4,False,3.0,12.0,15,22,7228,8500,8500,50,220,220
4,False,2.333333333333334,11.666666666666666,14,22,7278,8500,8500,50,220,220
4,False,1.333333333333334,10.666666666666666,12,21,7328,8500,8500,50,220,220
4,False,0.3333333333333339,10.666666666666666,11,21,7378,8500,8500,50,220,220
4,False,0.0,10.0,10,20,7428,8500,8500,50,220,220
4,False,-1.333333333333334,9.333333333333334,8,20,7478,8500,8500,50,220,220
4,False,-2.0,9.0,7,20,7528,8500,8500,50,220,220
4,False,-2.666666666666666,8.666666666666666,6,19,7578,8500,8500,50,220,220
4,False,-4.0,8.0,4,18,7628,8500,8500,50,220,220
4,False,-5.333333333333333,7.333333333333333,2,18,7678,8500,8500,50,220,220
4,False,-7.0,8.0,1,18,7728,8500,8500,50,220,220
4,False,-6.666666666666667,6.666666666666667,0,17,7778,8500,8500,50,220,220
4,False,-6.666666666666667,6.666666666666667,0,16,7828,8500,8500,50,220,220
4,False,-6.666666666666667,6.666666666666667,0,16,7878,8500,8500,50,220,220
4,False,-6.333333333333333,6.333333333333333,0,16,7928,8500,8500,50,220,220
4,False,-6.333333333333333,6.333333333333333,0,15,7978,8500,8500,50,220,220
5,False,-6.666666666666667,6.666666666666667,0,14,7521,8500,8500,50,220,220
5,False,-7.0,7.0,0,15,7571,8500,8500,50,220,220
5,False,-7.0,7.0,0,15,7621,8500,8500,50,220,220
5,False,-6.666666666666667,6.666666666666667,0,16,7671,8500,8500,50,220,220
5,False,-7.0,7.0,0,17,7721,8500,8500,50,220,220
5,False,-6.666666666666667,6.666666666666667,0,17,7771,8500,8500,50,220,220
5,False,-6.333333333333333,7.333333333333333,1,17,7821,8500,8500,50,220,220
5,False,-5.333333333333333,7.333333333333333,2,18,7871,8500,8500,50,220,220
5,False,-5.0,8.0,3,18,7921,8500,8500,50,220,220
5,False,-4.333333333333334,8.333333333333334,4,19,7971,8500,8500,50,220,220
5,False,-3.0,9.0,6,19,8021,8500,8500,50,220,220
5,False,-2.333333333333334,9.333333333333334,7,20,8071,8500,8500,50,220,220
5,False,-1.666666666666666,9.666666666666666,8,20,8121,8500,8500,50,220,220
5,False,-1.333333333333334,11.333333333333334,10,21,8171,8500,8500,50,220,220
5,False,0.3333333333333339,10.666666666666666,11,21,8221,8500,8500,50,220,220
5,False,1.0,11.0,12,21,8271,8500,8500,50,220,220
5,False,1.666666666666666,11.333333333333334,13,22,8321,8500,8500,50,220,220
5,False,3.0,12.0,15,22,8371,8500,8500,50,220,220
5,False,4.0,12.0,16,23,8421,8500,8500,50,220,220
5,False,4.333333333333334,12.666666666666666,17,23,8471,8500,8500,50,220,220
6,False,13.333333333333332,16.666666666666668,30,27,7014,8500,8500,50,220,220
6,False,12.666666666666668,16.333333333333332,29,26,7064,8500,8500,50,220,220
6,False,12.0,16.0,28,26,7114,8500,8500,50,220,220
6,False,10.666666666666666,15.333333333333334,26,25,7164,8500,8500,50,220,220
6,False,10.0,15.0,25,25,7214,8500,8500,50,220,220
6,False,9.0,14.0,23,24,7264,8500,8500,50,220,220
6,False,8.333333333333334,13.666666666666666,22,24,7314,8500,8500,50,220,220
6,False,7.333333333333334,13.666666666666666,21,24,7364,8500,8500,50,220,220
6,False,7.0,13.0,20,23,7414,8500,8500,50,220,220
6,False,6.333333333333334,12.666666666666666,19,23,7464,8500,8500,50,220,220
6,False,5.0,12.0,17,22,7514,8500,8500,50,220,220
6,False,5.0,12.0,17,22,7564,8500,8500,50,220,220
6,False,6.333333333333334,12.666666666666666,19,22,7614,8500,8500,50,220,220
6,False,3.0,11.0,14,21,7664,8500,8500,50,220,220
6,False,2.333333333333334,10.666666666666666,13,21,7714,8500,8500,50,220,220
6,False,1.666666666666666,10.333333333333334,12,20,7764,8500,8500,50,220,220
6,False,1.333333333333334,9.666666666666666,11,20,7814,8500,8500,50,220,220
6,False,0.6666666666666661,9.333333333333334,10,19,7864,8500,8500,50,220,220
6,False,0.0,9.0,9,19,7914,8500,8500,50,220,220
6,False,-0.6666666666666661,8.666666666666666,8,19,7964,8500,8500,50,220,220
1,False,-6.0,6.0,0,6,6506,8250,8250,50,220,220
1,False,-6.0,6.0,0,6,6556,8250,8250,50,220,220
1,False,-6.0,6.0,0,7,6606,8250,8250,50,220,220
1,False,-6.0,6.0,0,8,6656,8250,8250,50,220,220
1,False,-6.0,6.0,0,8,6706,8250,8250,50,220,220
1,False,-6.0,6.0,0,8,6756,8250,8250,50,220,220
1,False,-6.0,6.0,0,9,6806,8250,8250,50,220,220
1,False,-6.0,6.0,0,9,6856,8250,8250,50,220,220
1,False,-6.0,6.0,0,10,6906,8250,8250,50,220,220
1,False,-6.333333333333333,6.333333333333333,0,11,6956,8250,8250,50,220,220
1,False,-6.0,6.0,0,11,7006,8250,8250,50,220,220
1,False,-7.0,7.0,0,12,7056,8250,8250,50,220,220
1,False,-6.333333333333333,6.333333333333333,0,12,7106,8250,8250,50,220,220
1,False,-6.333333333333333,6.333333333333333,0,12,7156,8250,8250,50,220,220
1,False,-6.333333333333333,6.333333333333333,0,13,7206,8250,8250,50,220,220
1,False,-6.0,6.0,0,14,7256,8250,8250,50,220,220
1,False,-6.333333333333333,6.333333333333333,0,13,7306,8250,8250,50,220,220
1,False,-6.0,6.0,0,14,7356,8250,8250,50,220,220
1,False,-6.333333333333333,6.333333333333333,0,15,7406,8250,8250,50,220,220
1,False,-6.0,6.0,0,15,7456,8250,8250,50,220,220
2,False,9.0,15.0,24,25,7238,8250,8250,50,220,220
2,False,8.0,14.0,22,25,7288,8250,8250,50,220,220
2,False,7.333333333333334,13.666666666666666,21,24,7338,8250,8250,50,220,220
2,False,6.666666666666666,13.333333333333334,20,24,7388,8250,8250,50,220,220
2,False,6.333333333333334,12.666666666666666,19,23,7438,8250,8250,50,220,220
2,False,5.333333333333334,12.666666666666666,18,23,7488,8250,8250,50,220,220
2,False,4.666666666666666,12.333333333333334,17,23,7538,8250,8250,50,220,220
2,False,4.333333333333334,11.666666666666666,16,22,7588,8250,8250,50,220,220
2,False,3.666666666666666,11.333333333333334,15,22,7638,8250,8250,50,220,220
2,False,3.0,11.0,14,21,7688,8250,8250,50,220,220
2,False,1.333333333333334,11.666666666666666,13,22,7738,8250,8250,50,220,220
2,False,1.666666666666666,10.333333333333334,12,21,7788,8250,8250,50,220,220
2,False,1.0,10.0,11,20,7838,8250,8250,50,220,220
2,False,0.3333333333333339,9.666666666666666,10,20,7888,8250,8250,50,220,220
2,False,-0.3333333333333339,9.333333333333334,9,20,7938,8250,8250,50,220,220
2,False,-1.666666666666666,8.666666666666666,7,19,7988,8250,8250,50,220,220
2,False,-1.666666666666666,8.666666666666666,7,18,8038,8250,8250,50,220,220
2,False,-3.0,8.0,5,19,8088,8250,8250,50,220,220
2,False,-2.666666666666667,7.666666666666667,5,18,8138,8250,8250,50,220,220
2,False,-4.0,7.0,3,17,8188,8250,8250,50,220,220
3,False,-5.666666666666667,5.666666666666667,0,14,6978,8250,8250,50,220,220
3,False,-6.0,6.0,0,14,7028,8250,8250,50,220,220
3,False,-6.0,6.0,0,14,7078,8250,8250,50,220,220
3,False,-6.0,6.0,0,15,7128,8250,8250,50,220,220
3,False,-6.0,6.0,0,15,7178,8250,8250,50,220,220
3,False,-6.0,6.0,0,16,7228,8250,8250,50,220,220
3,False,-6.0,6.0,0,16,7278,8250,8250,50,220,220
3,False,-4.666666666666667,6.666666666666667,2,17,7328,8250,8250,50,220,220
3,False,-4.0,7.0,3,17,7378,8250,8250,50,220,220
3,False,-0.3333333333333339,8.333333333333334,8,18,7428,8250,8250,50,220,220
3,False,-1.666666666666667,7.666666666666667,6,18,7478,8250,8250,50,220,220
3,False,-1.333333333333334,8.333333333333334,7,19,7528,8250,8250,50,220,220
3,False,-0.6666666666666661,8.666666666666666,8,19,7578,8250,8250,50,220,220
3,False,0.6666666666666661,9.333333333333334,10,20,7628,8250,8250,50,220,220
3,False,1.333333333333334,9.666666666666666,11,21,7678,8250,8250,50,220,220
3,False,2.0,10.0,12,21,7728,8250,8250,50,220,220
3,False,3.333333333333334,10.666666666666666,14,22,7778,8250,8250,50,220,220
3,False,4.0,11.0,15,22,7828,8250,8250,50,220,220
3,False,4.666666666666666,11.333333333333334,16,22,7878,8250,8250,50,220,220
3,False,5.0,12.0,17,23,7928,8250,8250,50,220,220
4,False,16.333333333333332,19.666666666666668,36,30,6722,8250,8250,50,220,220
4,False,15.666666666666668,19.333333333333332,35,30,6772,8250,8250,50,220,220
4,False,14.333333333333332,18.666666666666668,33,30,6822,8250,8250,50,220,220
4,False,14.0,18.0,32,28,6872,8250,8250,50,220,220
4,False,13.333333333333332,17.666666666666668,31,28,6922,8250,8250,50,220,220
4,False,12.333333333333332,17.666666666666668,30,28,6972,8250,8250,50,220,220
4,False,11.333333333333332,16.666666666666668,28,27,7022,8250,8250,50,220,220
4,False,10.0,16.0,26,26,7072,8250,8250,50,220,220
4,False,8.333333333333332,16.666666666666668,25,27,7122,8250,8250,50,220,220
4,False,8.666666666666666,15.333333333333334,24,26,7172,8250,8250,50,220,220
4,False,8.0,15.0,23,25,7222,8250,8250,50,220,220
4,False,6.666666666666666,14.333333333333334,21,25,7272,8250,8250,50,220,220
4,False,6.333333333333334,13.666666666666666,20,24,7322,8250,8250,50,220,220
4,False,5.333333333333334,13.666666666666666,19,24,7372,8250,8250,50,220,220
4,False,4.666666666666666,13.333333333333334,18,24,7422,8250,8250,50,220,220
4,False,3.666666666666666,12.333333333333334,16,23,7472,8250,8250,50,220,220
4,False,3.0,12.0,15,22,7522,8250,8250,50,220,220
4,False,2.333333333333334,11.666666666666666,14,22,7572,8250,8250,50,220,220
4,False,1.666666666666666,11.333333333333334,13,21,7622,8250,8250,50,220,220
4,False,0.3333333333333339,10.666666666666666,11,21,7672,8250,8250,50,220,220
5,False,-6.666666666666667,6.666666666666667,0,5,6465,8250,8250,50,220,220
5,False,-6.666666666666667,6.666666666666667,0,5,6515,8250,8250,50,220,220
5,False,-6.666666666666667,6.666666666666667,0,6,6565,8250,8250,50,220,220
5,False,-6.666666666666667,6.666666666666667,0,6,6615,8250,8250,50,220,220
5,False,-6.666666666666667,6.666666666666667,0,6,6665,8250,8250,50,220,220
5,False,-6.666666666666667,6.666666666666667,0,7,6715,8250,8250,50,220,220
5,False,-6.666666666666667,6.666666666666667,0,8,6765,8250,8250,50,220,220
5,False,-7.666666666666667,7.666666666666667,0,9,6815,8250,8250,50,220,220
5,False,-6.666666666666667,6.666666666666667,0,8,6865,8250,8250,50,220,220
5,False,-7.0,7.0,0,9,6915,8250,8250,50,220,220
5,False,-6.666666666666667,6.666666666666667,0,9,6965,8250,8250,50,220,220
5,False,-6.666666666666667,6.666666666666667,0,10,7015,8250,8250,50,220,220
5,False,-6.666666666666667,6.666666666666667,0,10,7065,8250,8250,50,220,220
5,False,-6.666666666666667,6.666666666666667,0,11,7115,8250,8250,50,220,220
5,False,-6.666666666666667,6.666666666666667,0,11,7165,8250,8250,50,220,220
5,False,-6.666666666666667,6.666666666666667,0,12,7215,8250,8250,50,220,220
5,False,-6.666666666666667,6.666666666666667,0,12,7265,8250,8250,50,220,220
5,False,-7.0,7.0,0,13,7315,8250,8250,50,220,220
5,False,-7.0,7.0,0,13,7365,8250,8250,50,220,220
5,False,-6.666666666666667,6.666666666666667,0,14,7415,8250,8250,50,220,220
6,False,12.0,16.0,28,26,7208,8250,8250,50,220,220
6,False,11.333333333333334,15.666666666666666,27,26,7258,8250,8250,50,220,220
6,False,11.0,15.0,26,25,7308,8250,8250,50,220,220
6,False,9.333333333333334,14.666666666666666,24,25,7358,8250,8250,50,220,220
6,False,8.666666666666666,14.333333333333334,23,24,7408,8250,8250,50,220,220
6,False,8.0,14.0,22,24,7458,8250,8250,50,220,220
6,False,10.333333333333334,14.666666666666666,25,24,7508,8250,8250,50,220,220
6,False,7.0,13.0,20,23,7558,8250,8250,50,220,220
6,False,6.333333333333334,12.666666666666666,19,23,7608,8250,8250,50,220,220
6,False,5.666666666666666,12.333333333333334,18,22,7658,8250,8250,50,220,220
6,False,5.333333333333334,11.666666666666666,17,22,7708,8250,8250,50,220,220
6,False,4.666666666666666,11.333333333333334,16,21,7758,8250,8250,50,220,220
6,False,4.0,11.0,15,21,7808,8250,8250,50,220,220
6,False,3.0,11.0,14,21,7858,8250,8250,50,220,220
6,False,2.333333333333334,10.666666666666666,13,20,7908,8250,8250,50,220,220
6,False,1.333333333333334,9.666666666666666,11,20,7958,8250,8250,50,220,220
6,False,0.6666666666666661,9.333333333333334,10,20,8008,8250,8250,50,220,220
6,False,0.6666666666666661,9.333333333333334,10,19,8058,8250,8250,50,220,220
6,False,0.0,9.0,9,18,8108,8250,8250,50,220,220
6,False,-1.333333333333334,8.333333333333334,7,18,8158,8250,8250,50,220,220
1,False,-6.0,6.0,0,15,6901,8250,8250,50,220,220
1,False,-6.333333333333333,6.333333333333333,0,16,6951,8250,8250,50,220,220
1,False,-6.333333333333333,6.333333333333333,0,16,7001,8250,8250,50,220,220
1,False,-6.666666666666667,6.666666666666667,0,17,7051,8250,8250,50,220,220
1,False,-6.0,7.0,1,17,7101,8250,8250,50,220,220
1,False,-5.333333333333333,7.333333333333333,2,18,7151,8250,8250,50,220,220
1,False,-5.666666666666666,8.666666666666666,3,18,7201,8250,8250,50,220,220
1,False,-3.333333333333334,8.333333333333334,5,19,7251,8250,8250,50,220,220
1,False,-2.666666666666666,8.666666666666666,6,19,7301,8250,8250,50,220,220
1,False,-2.666666666666666,8.666666666666666,6,20,7351,8250,8250,50,220,220
1,False,-1.666666666666666,9.666666666666666,8,20,7401,8250,8250,50,220,220
1,False,-0.6666666666666661,9.666666666666666,9,21,7451,8250,8250,50,220,220
1,False,0.6666666666666661,10.333333333333334,11,21,7501,8250,8250,50,220,220
1,False,1.333333333333334,10.666666666666666,12,22,7551,8250,8250,50,220,220
1,False,1.666666666666666,11.333333333333334,13,22,7601,8250,8250,50,220,220
1,False,2.333333333333334,11.666666666666666,14,22,7651,8250,8250,50,220,220
1,False,3.0,12.0,15,23,7701,8250,8250,50,220,220
1,False,4.333333333333334,12.666666666666666,17,23,7751,8250,8250,50,220,220
1,False,5.0,13.0,18,24,7801,8250,8250,50,220,220
1,False,5.666666666666666,13.333333333333334,19,24,7851,8250,8250,50,220,220
2,False,28.0,26.0,54,36,6634,8250,8250,50,220,220
2,False,27.333333333333332,25.666666666666668,53,36,6684,8250,8250,50,220,220
2,False,27.0,25.0,52,36,6734,8250,8250,50,220,220
2,False,25.333333333333332,24.666666666666668,50,35,6784,8250,8250,50,220,220
2,False,25.0,24.0,49,35,6834,8250,8250,50,220,220
2,False,23.333333333333332,24.666666666666668,48,34,6884,8250,8250,50,220,220
2,False,23.666666666666668,23.333333333333332,47,34,6934,8250,8250,50,220,220
2,False,22.333333333333332,22.666666666666668,45,33,6984,8250,8250,50,220,220
2,False,22.0,22.0,44,32,7034,8250,8250,50,220,220
2,False,21.333333333333332,21.666666666666668,43,32,7084,8250,8250,50,220,220
2,False,20.333333333333332,21.666666666666668,42,32,7134,8250,8250,50,220,220
2,False,19.333333333333332,20.666666666666668,40,31,7184,8250,8250,50,220,220
2,False,18.666666666666668,20.333333333333332,39,31,7234,8250,8250,50,220,220
2,False,18.0,20.0,38,31,7284,8250,8250,50,220,220
2,False,17.333333333333332,19.666666666666668,37,30,7334,8250,8250,50,220,220
2,False,16.0,19.0,35,29,7384,8250,8250,50,220,220
2,False,15.333333333333332,18.666666666666668,34,29,7434,8250,8250,50,220,220
2,False,15.0,18.0,33,29,7484,8250,8250,50,220,220
2,False,14.333333333333332,17.666666666666668,32,28,7534,8250,8250,50,220,220
2,False,12.666666666666668,17.333333333333332,30,27,7584,8250,8250,50,220,220
3,False,-5.666666666666667,5.666666666666667,0,12,6378,8250,8250,50,220,220
3,False,-5.666666666666667,5.666666666666667,0,12,6428,8250,8250,50,220,220
3,False,-5.666666666666667,5.666666666666667,0,12,6478,8250,8250,50,220,220
3,False,-5.666666666666667,5.666666666666667,0,13,6528,8250,8250,50,220,220
3,False,-6.0,6.0,0,14,6578,8250,8250,50,220,220
3,False,-6.0,6.0,0,14,6628,8250,8250,50,220,220
3,False,-6.0,6.0,0,14,6678,8250,8250,50,220,220
3,False,-6.0,6.0,0,15,6728,8250,8250,50,220,220
3,False,-6.0,6.0,0,15,6778,8250,8250,50,220,220
3,False,-6.0,6.0,0,15,6828,8250,8250,50,220,220
3,False,-6.0,6.0,0,15,6878,8250,8250,50,220,220
3,False,-6.0,6.0,0,16,6928,8250,8250,50,220,220
3,False,-6.0,6.0,0,16,6978,8250,8250,50,220,220
3,False,-6.0,6.0,0,16,7028,8250,8250,50,220,220
3,False,-4.666666666666667,6.666666666666667,2,17,7078,8250,8250,50,220,220
3,False,-4.0,7.0,3,17,7128,8250,8250,50,220,220
3,False,-3.333333333333333,7.333333333333333,4,17,7178,8250,8250,50,220,220
3,False,-3.333333333333333,7.333333333333333,4,18,7228,8250,8250,50,220,220
3,False,-2.0,8.0,6,18,7278,8250,8250,50,220,220
3,False,-1.333333333333334,8.333333333333334,7,19,7328,8250,8250,50,220,220
4,False,3.666666666666666,12.333333333333334,16,23,7121,8250,8250,50,220,220
4,False,1.666666666666666,11.333333333333334,13,22,7171,8250,8250,50,220,220
4,False,1.0,11.0,12,21,7221,8250,8250,50,220,220
4,False,-0.6666666666666661,11.666666666666666,11,21,7271,8250,8250,50,220,220
4,False,-0.3333333333333339,10.333333333333334,10,21,7321,8250,8250,50,220,220
4,False,-1.333333333333334,9.333333333333334,8,20,7371,8250,8250,50,220,220
4,False,-2.666666666666666,8.666666666666666,6,19,7421,8250,8250,50,220,220
4,False,-3.333333333333334,8.333333333333334,5,18,7471,8250,8250,50,220,220
4,False,-4.666666666666667,7.666666666666667,3,18,7521,8250,8250,50,220,220
4,False,-5.333333333333333,7.333333333333333,2,17,7571,8250,8250,50,220,220
4,False,-6.666666666666667,6.666666666666667,0,17,7621,8250,8250,50,220,220
4,False,-6.666666666666667,6.666666666666667,0,16,7671,8250,8250,50,220,220
4,False,-6.333333333333333,6.333333333333333,0,16,7721,8250,8250,50,220,220
4,False,-6.666666666666667,6.666666666666667,0,15,7771,8250,8250,50,220,220
4,False,-6.333333333333333,6.333333333333333,0,15,7821,8250,8250,50,220,220
4,False,-6.333333333333333,6.333333333333333,0,14,7871,8250,8250,50,220,220
4,False,-6.333333333333333,6.333333333333333,0,14,7921,8250,8250,50,220,220
4,False,-6.333333333333333,6.333333333333333,0,13,7971,8250,8250,50,220,220
4,False,-6.333333333333333,6.333333333333333,0,13,8021,8250,8250,50,220,220
4,False,-6.333333333333333,6.333333333333333,0,12,8071,8250,8250,50,220,220
5,False,-6.666666666666667,6.666666666666667,0,7,6864,8250,8250,50,220,220
5,False,-6.666666666666667,6.666666666666667,0,7,6914,8250,8250,50,220,220
5,False,-7.666666666666667,7.666666666666667,0,8,6964,8250,8250,50,220,220
5,False,-6.666666666666667,6.666666666666667,0,8,7014,8250,8250,50,220,220
5,False,-6.666666666666667,6.666666666666667,0,8,7064,8250,8250,50,220,220
5,False,-6.666666666666667,6.666666666666667,0,9,7114,8250,8250,50,220,220
5,False,-6.666666666666667,6.666666666666667,0,9,7164,8250,8250,50,220,220
5,False,-6.666666666666667,6.666666666666667,0,9,7214,8250,8250,50,220,220
5,False,-6.666666666666667,6.666666666666667,0,10,7264,8250,8250,50,220,220
5,False,-6.666666666666667,6.666666666666667,0,11,7314,8250,8250,50,220,220
5,False,-6.666666666666667,6.666666666666667,0,11,7364,8250,8250,50,220,220
5,False,-7.0,7.0,0,11,7414,8250,8250,50,220,220
5,False,-6.666666666666667,6.666666666666667,0,12,7464,8250,8250,50,220,220
5,False,-6.666666666666667,6.666666666666667,0,13,7514,8250,8250,50,220,220
5,False,-6.666666666666667,6.666666666666667,0,13,7564,8250,8250,50,220,220
5,False,-6.666666666666667,6.666666666666667,0,14,7614,8250,8250,50,220,220
5,False,-7.0,7.0,0,14,7664,8250,8250,50,220,220
5,False,-6.666666666666667,6.666666666666667,0,14,7714,8250,8250,50,220,220
5,False,-7.0,7.0,0,15,7764,8250,8250,50,220,220
5,False,-7.0,7.0,0,15,7814,8250,8250,50,220,220
6,False,19.0,20.0,39,30,6607,8250,8250,50,220,220
6,False,19.666666666666668,20.333333333333332,40,30,6657,8250,8250,50,220,220
6,False,17.0,19.0,36,29,6707,8250,8250,50,220,220
6,False,16.333333333333332,18.666666666666668,35,28,6757,8250,8250,50,220,220
6,False,15.666666666666668,18.333333333333332,34,28,6807,8250,8250,50,220,220
6,False,14.666666666666668,17.333333333333332,32,27,6857,8250,8250,50,220,220
6,False,14.0,17.0,31,27,6907,8250,8250,50,220,220
6,False,13.333333333333332,16.666666666666668,30,27,6957,8250,8250,50,220,220
6,False,12.666666666666668,16.333333333333332,29,26,7007,8250,8250,50,220,220
6,False,12.0,16.0,28,26,7057,8250,8250,50,220,220
6,False,10.666666666666666,15.333333333333334,26,25,7107,8250,8250,50,220,220
6,False,10.0,15.0,25,25,7157,8250,8250,50,220,220
6,False,9.666666666666666,14.333333333333334,24,25,7207,8250,8250,50,220,220
6,False,8.666666666666666,14.333333333333334,23,24,7257,8250,8250,50,220,220
6,False,8.333333333333334,13.666666666666666,22,24,7307,8250,8250,50,220,220
6,False,7.666666666666666,13.333333333333334,21,24,7357,8250,8250,50,220,220
6,False,6.333333333333334,12.666666666666666,19,23,7407,8250,8250,50,220,220
6,False,5.0,12.0,17,22,7457,8250,8250,50,220,220
6,False,4.333333333333334,11.666666666666666,16,22,7507,8250,8250,50,220,220
6,False,4.333333333333334,11.666666666666666,16,22,7557,8250,8250,50,220,220
1,False,-6.333333333333333,6.333333333333333,0,8,6339,8250,8250,50,220,220
1,False,-6.0,6.0,0,8,6389,8250,8250,50,220,220
1,False,-6.0,6.0,0,8,6439,8250,8250,50,220,220
1,False,-6.0,6.0,0,8,6489,8250,8250,50,220,220
1,False,-6.0,6.0,0,9,6539,8250,8250,50,220,220
1,False,-6.333333333333333,6.333333333333333,0,10,6589,8250,8250,50,220,220
1,False,-6.333333333333333,6.333333333333333,0,10,6639,8250,8250,50,220,220
1,False,-6.0,6.0,0,11,6689,8250,8250,50,220,220
1,False,-6.0,6.0,0,11,6739,8250,8250,50,220,220
1,False,-6.0,6.0,0,12,6789,8250,8250,50,220,220
1,False,-6.0,6.0,0,12,6839,8250,8250,50,220,220
1,False,-6.333333333333333,6.333333333333333,0,13,6889,8250,8250,50,220,220
1,False,-6.333333333333333,6.333333333333333,0,13,6939,8250,8250,50,220,220
1,False,-6.0,6.0,0,14,6989,8250,8250,50,220,220
1,False,-6.333333333333333,6.333333333333333,0,14,7039,8250,8250,50,220,220
1,False,-6.0,6.0,0,15,7089,8250,8250,50,220,220
1,False,-6.666666666666667,6.666666666666667,0,15,7139,8250,8250,50,220,220
1,False,-6.333333333333333,6.333333333333333,0,15,7189,8250,8250,50,220,220
1,False,-6.333333333333333,6.333333333333333,0,16,7239,8250,8250,50,220,220
1,False,-6.666666666666667,6.666666666666667,0,17,7289,8250,8250,50,220,220
2,False,13.0,17.0,30,27,7082,8250,8250,50,220,220
2,False,12.333333333333332,16.666666666666668,29,26,7132,8250,8250,50,220,220
2,False,11.333333333333332,16.666666666666668,28,27,7182,8250,8250,50,220,220
2,False,10.333333333333334,15.666666666666666,26,26,7232,8250,8250,50,220,220
2,False,10.0,15.0,25,26,7282,8250,8250,50,220,220
2,False,9.333333333333334,14.666666666666666,24,25,7332,8250,8250,50,220,220
2,False,8.333333333333334,14.666666666666666,23,25,7382,8250,8250,50,220,220
2,False,7.333333333333334,13.666666666666666,21,25,7432,8250,8250,50,220,220
2,False,6.666666666666666,13.333333333333334,20,24,7482,8250,8250,50,220,220
2,False,6.0,13.0,19,24,7532,8250,8250,50,220,220
2,False,5.333333333333334,12.666666666666666,18,23,7582,8250,8250,50,220,220
2,False,4.333333333333334,11.666666666666666,16,22,7632,8250,8250,50,220,220
2,False,4.333333333333334,11.666666666666666,16,22,7682,8250,8250,50,220,220
2,False,3.0,11.0,14,22,7732,8250,8250,50,220,220
2,False,2.333333333333334,10.666666666666666,13,21,7782,8250,8250,50,220,220
2,False,1.666666666666666,10.333333333333334,12,21,7832,8250,8250,50,220,220
2,False,1.0,10.0,11,20,7882,8250,8250,50,220,220
2,False,0.3333333333333339,9.666666666666666,10,20,7932,8250,8250,50,220,220
2,False,-1.0,9.0,8,19,7982,8250,8250,50,220,220
2,False,-2.0,9.0,7,19,8032,8250,8250,50,220,220
3,False,-5.666666666666667,5.666666666666667,0,9,6825,8250,8250,50,220,220
3,False,-6.0,6.0,0,9,6875,8250,8250,50,220,220
3,False,-5.666666666666667,5.666666666666667,0,10,6925,8250,8250,50,220,220
3,False,-5.666666666666667,5.666666666666667,0,10,6975,8250,8250,50,220,220
3,False,-6.0,6.0,0,11,7025,8250,8250,50,220,220
3,False,-5.666666666666667,5.666666666666667,0,11,7075,8250,8250,50,220,220
3,False,-5.666666666666667,5.666666666666667,0,12,7125,8250,8250,50,220,220
3,False,-5.666666666666667,5.666666666666667,0,12,7175,8250,8250,50,220,220
3,False,-6.0,6.0,0,13,7225,8250,8250,50,220,220
3,False,-5.666666666666667,5.666666666666667,0,13,7275,8250,8250,50,220,220
3,False,-6.0,6.0,0,13,7325,8250,8250,50,220,220
3,False,-6.0,6.0,0,13,7375,8250,8250,50,220,220
3,False,-6.0,6.0,0,14,7425,8250,8250,50,220,220
3,False,-5.666666666666667,5.666666666666667,0,14,7475,8250,8250,50,220,220
3,False,-6.0,6.0,0,15,7525,8250,8250,50,220,220
3,False,-6.0,6.0,0,15,7575,8250,8250,50,220,220
3,False,-6.0,6.0,0,16,7625,8250,8250,50,220,220
3,False,-6.0,6.0,0,16,7675,8250,8250,50,220,220
3,False,-3.666666666666667,6.666666666666667,3,17,7725,8250,8250,50,220,220
3,False,-5.333333333333333,6.333333333333333,1,17,7775,8250,8250,50,220,220
4,False,8.666666666666666,15.333333333333334,24,25,6565,8250,8250,50,220,220
4,False,8.0,15.0,23,25,6615,8250,8250,50,220,220
4,False,6.666666666666666,14.333333333333334,21,25,6665,8250,8250,50,220,220
4,False,6.0,14.0,20,24,6715,8250,8250,50,220,220
4,False,5.333333333333334,13.666666666666666,19,24,6765,8250,8250,50,220,220
4,False,5.0,13.0,18,24,6815,8250,8250,50,220,220
4,False,3.666666666666666,12.333333333333334,16,23,6865,8250,8250,50,220,220
4,False,3.0,12.0,15,23,6915,8250,8250,50,220,220
4,False,2.333333333333334,11.666666666666666,14,22,6965,8250,8250,50,220,220
4,False,1.666666666666666,11.333333333333334,13,22,7015,8250,8250,50,220,220
4,False,0.3333333333333339,10.666666666666666,11,21,7065,8250,8250,50,220,220
4,False,-0.3333333333333339,10.333333333333334,10,21,7115,8250,8250,50,220,220
4,False,-0.3333333333333339,10.333333333333334,10,20,7165,8250,8250,50,220,220
4,False,-1.666666666666666,9.666666666666666,8,19,7215,8250,8250,50,220,220
4,False,-2.0,9.0,7,19,7265,8250,8250,50,220,220
4,False,-3.333333333333334,8.333333333333334,5,19,7315,8250,8250,50,220,220
4,False,-3.333333333333334,8.333333333333334,5,19,7365,8250,8250,50,220,220
4,False,-5.0,9.0,4,18,7415,8250,8250,50,220,220
4,False,-5.333333333333333,7.333333333333333,2,18,7465,8250,8250,50,220,220
4,False,-6.0,7.0,1,17,7515,8250,8250,50,220,220
5,False,-6.666666666666667,6.666666666666667,0,14,7309,8250,8250,50,220,220
5,False,-6.666666666666667,6.666666666666667,0,14,7359,8250,8250,50,220,220
5,False,-6.666666666666667,6.666666666666667,0,15,7409,8250,8250,50,220,220
5,False,-6.666666666666667,6.666666666666667,0,15,7459,8250,8250,50,220,220
5,False,-6.666666666666667,6.666666666666667,0,16,7509,8250,8250,50,220,220
5,False,-7.0,7.0,0,16,7559,8250,8250,50,220,220
5,False,-7.0,7.0,0,17,7609,8250,8250,50,220,220
5,False,-6.333333333333333,7.333333333333333,1,17,7659,8250,8250,50,220,220
5,False,-5.0,8.0,3,18,7709,8250,8250,50,220,220
5,False,-4.333333333333334,8.333333333333334,4,19,7759,8250,8250,50,220,220
5,False,-3.666666666666666,8.666666666666666,5,19,7809,8250,8250,50,220,220
5,False,-2.333333333333334,9.333333333333334,7,19,7859,8250,8250,50,220,220
5,False,-1.666666666666666,9.666666666666666,8,20,7909,8250,8250,50,220,220
5,False,0.0,10.0,10,20,7959,8250,8250,50,220,220
5,False,0.3333333333333339,10.666666666666666,11,21,8009,8250,8250,50,220,220
5,False,1.666666666666666,11.333333333333334,13,22,8059,8250,8250,50,220,220
5,False,1.333333333333334,12.666666666666666,14,23,8109,8250,8250,50,220,220
5,False,3.0,12.0,15,23,8159,8250,8250,50,220,220
5,False,4.333333333333334,12.666666666666666,17,23,8209,8250,8250,50,220,220
6,False,8.0,13.0,21,24,8259,8250,8250,50,220,220
6,False,18.333333333333332,19.666666666666668,38,30,7040,8250,8250,50,220,220
6,False,17.0,19.0,36,29,7090,8250,8250,50,220,220
6,False,16.333333333333332,18.666666666666668,35,28,7140,8250,8250,50,220,220
6,False,15.666666666666668,18.333333333333332,34,29,7190,8250,8250,50,220,220
6,False,14.666666666666668,17.333333333333332,32,28,7240,8250,8250,50,220,220
6,False,14.333333333333332,17.666666666666668,32,27,7290,8250,8250,50,220,220
6,False,14.0,17.0,31,27,7340,8250,8250,50,220,220
6,False,13.333333333333332,16.666666666666668,30,26,7390,8250,8250,50,220,220
6,False,12.0,16.0,28,26,7440,8250,8250,50,220,220
6,False,11.333333333333334,15.666666666666666,27,26,7490,8250,8250,50,220,220
6,False,10.666666666666666,15.333333333333334,26,25,7540,8250,8250,50,220,220
6,False,10.0,15.0,25,25,7590,8250,8250,50,220,220
6,False,9.333333333333334,14.666666666666666,24,24,7640,8250,8250,50,220,220
6,False,9.0,14.0,23,24,7690,8250,8250,50,220,220
6,False,7.666666666666666,13.333333333333334,21,24,7740,8250,8250,50,220,220
6,False,9.0,14.0,23,23,7790,8250,8250,50,220,220
6,False,7.0,13.0,20,23,7840,8250,8250,50,220,220
6,False,5.666666666666666,12.333333333333334,18,22,7890,8250,8250,50,220,220
6,False,5.0,12.0,17,22,7940,8250,8250,50,220,220
6,False,4.333333333333334,11.666666666666666,16,21,7990,8250,8250,50,220,220
1,False,-6.333333333333333,6.333333333333333,0,14,6783,8000,8000,50,220,220
1,False,-6.333333333333333,6.333333333333333,0,14,6833,8000,8000,50,220,220
1,False,-6.0,6.0,0,14,6883,8000,8000,50,220,220
1,False,-6.333333333333333,6.333333333333333,0,15,6933,8000,8000,50,220,220
1,False,-6.333333333333333,6.333333333333333,0,15,6983,8000,8000,50,220,220
1,False,-6.333333333333333,6.333333333333333,0,16,7033,8000,8000,50,220,220
1,False,-6.333333333333333,6.333333333333333,0,16,7083,8000,8000,50,220,220
1,False,-6.666666666666667,6.666666666666667,0,16,7133,8000,8000,50,220,220
1,False,-6.0,7.0,1,17,7183,8000,8000,50,220,220
1,False,-5.333333333333333,7.333333333333333,2,18,7233,8000,8000,50,220,220
1,False,-4.666666666666667,7.666666666666667,3,18,7283,8000,8000,50,220,220
1,False,-4.0,8.0,4,19,7333,8000,8000,50,220,220
1,False,-3.333333333333334,8.333333333333334,5,19,7383,8000,8000,50,220,220
1,False,-2.0,9.0,7,20,7433,8000,8000,50,220,220
1,False,-2.0,11.0,9,21,7483,8000,8000,50,220,220
1,False,-0.6666666666666661,9.666666666666666,9,21,7533,8000,8000,50,220,220
1,False,0.3333333333333339,10.666666666666666,11,21,7583,8000,8000,50,220,220
1,False,1.333333333333334,10.666666666666666,12,22,7633,8000,8000,50,220,220
1,False,2.333333333333334,11.666666666666666,14,21,7683,8000,8000,50,220,220
1,False,3.0,12.0,15,23,7733,8000,8000,50,220,220
2,False,20.333333333333332,21.666666666666668,42,32,6773,8000,8000,50,220,220
2,False,20.0,21.0,41,32,6823,8000,8000,50,220,220
2,False,19.0,21.0,40,31,6873,8000,8000,50,220,220
2,False,18.666666666666668,20.333333333333332,39,31,6923,8000,8000,50,220,220
2,False,17.333333333333332,19.666666666666668,37,30,6973,8000,8000,50,220,220
2,False,16.666666666666668,19.333333333333332,36,30,7023,8000,8000,50,220,220
2,False,16.0,19.0,35,30,7073,8000,8000,50,220,220
2,False,15.333333333333332,18.666666666666668,34,29,7123,8000,8000,50,220,220
2,False,15.0,18.0,33,28,7173,8000,8000,50,220,220
2,False,13.666666666666668,17.333333333333332,31,28,7223,8000,8000,50,220,220
2,False,12.666666666666668,17.333333333333332,30,28,7273,8000,8000,50,220,220
2,False,12.333333333333332,16.666666666666668,29,27,7323,8000,8000,50,220,220
2,False,11.666666666666668,16.333333333333332,28,26,7373,8000,8000,50,220,220
2,False,10.0,17.0,27,26,7423,8000,8000,50,220,220
2,False,10.666666666666666,15.333333333333334,26,26,7473,8000,8000,50,220,220
2,False,9.666666666666666,15.333333333333334,25,26,7523,8000,8000,50,220,220
2,False,8.666666666666666,14.333333333333334,23,25,7573,8000,8000,50,220,220
2,False,7.666666666666666,14.333333333333334,22,25,7623,8000,8000,50,220,220
2,False,7.0,14.0,21,24,7673,8000,8000,50,220,220
2,False,6.666666666666666,13.333333333333334,20,24,7723,8000,8000,50,220,220
3,False,-5.666666666666667,5.666666666666667,0,14,6766,8000,8000,50,220,220
3,False,-5.666666666666667,5.666666666666667,0,15,6816,8000,8000,50,220,220
3,False,-6.0,6.0,0,15,6866,8000,8000,50,220,220
3,False,-6.0,6.0,0,15,6916,8000,8000,50,220,220
3,False,-6.0,6.0,0,15,6966,8000,8000,50,220,220
3,False,-6.0,6.0,0,16,7016,8000,8000,50,220,220
3,False,-6.0,6.0,0,16,7066,8000,8000,50,220,220
3,False,-4.666666666666667,6.666666666666667,2,17,7116,8000,8000,50,220,220
3,False,-4.666666666666667,6.666666666666667,2,17,7166,8000,8000,50,220,220
3,False,-3.333333333333333,7.333333333333333,4,17,7216,8000,8000,50,220,220
3,False,-3.333333333333333,7.333333333333333,4,18,7266,8000,8000,50,220,220
3,False,-2.0,8.0,6,18,7316,8000,8000,50,220,220
3,False,0.6666666666666661,9.333333333333334,10,19,7366,8000,8000,50,220,220
3,False,-1.333333333333334,8.333333333333334,7,19,7416,8000,8000,50,220,220
3,False,0.0,9.0,9,19,7466,8000,8000,50,220,220
3,False,0.0,9.0,9,20,7516,8000,8000,50,220,220
3,False,0.6666666666666661,9.333333333333334,10,20,7566,8000,8000,50,220,220
3,False,2.0,10.0,12,21,7616,8000,8000,50,220,220
3,False,2.666666666666666,10.333333333333334,13,21,7666,8000,8000,50,220,220
3,False,3.333333333333334,10.666666666666666,14,22,7716,8000,8000,50,220,220
4,False,16.333333333333332,19.666666666666668,36,30,6759,8000,8000,50,220,220
4,False,15.0,19.0,34,29,6809,8000,8000,50,220,220
4,False,14.333333333333332,18.666666666666668,33,29,6859,8000,8000,50,220,220
4,False,13.333333333333332,17.666666666666668,31,29,6909,8000,8000,50,220,220
4,False,12.666666666666668,17.333333333333332,30,28,6959,8000,8000,50,220,220
4,False,11.333333333333332,16.666666666666668,28,27,7009,8000,8000,50,220,220
4,False,10.666666666666668,16.333333333333332,27,27,7059,8000,8000,50,220,220
4,False,10.0,16.0,26,26,7109,8000,8000,50,220,220
4,False,9.333333333333334,15.666666666666666,25,26,7159,8000,8000,50,220,220
4,False,8.0,15.0,23,25,7209,8000,8000,50,220,220
4,False,7.333333333333334,14.666666666666666,22,25,7259,8000,8000,50,220,220
4,False,5.666666666666666,15.333333333333334,21,25,7309,8000,8000,50,220,220
4,False,5.666666666666666,13.333333333333334,19,24,7359,8000,8000,50,220,220
4,False,5.0,13.0,18,24,7409,8000,8000,50,220,220
4,False,4.333333333333334,12.666666666666666,17,23,7459,8000,8000,50,220,220
4,False,3.666666666666666,12.333333333333334,16,23,7509,8000,8000,50,220,220
4,False,2.333333333333334,11.666666666666666,14,22,7559,8000,8000,50,220,220
4,False,2.0,11.0,13,22,7609,8000,8000,50,220,220
4,False,1.0,11.0,12,22,7659,8000,8000,50,220,220
4,False,0.3333333333333339,10.666666666666666,11,21,7709,8000,8000,50,220,220
5,False,-6.666666666666667,6.666666666666667,0,11,6752,8000,8000,50,220,220
5,False,-6.666666666666667,6.666666666666667,0,11,6802,8000,8000,50,220,220
5,False,-6.666666666666667,6.666666666666667,0,12,6852,8000,8000,50,220,220
5,False,-6.666666666666667,6.666666666666667,0,12,6902,8000,8000,50,220,220
5,False,-6.666666666666667,6.666666666666667,0,13,6952,8000,8000,50,220,220
5,False,-6.666666666666667,6.666666666666667,0,13,7002,8000,8000,50,220,220
5,False,-6.666666666666667,6.666666666666667,0,13,7052,8000,8000,50,220,220
5,False,-6.666666666666667,6.666666666666667,0,14,7102,8000,8000,50,220,220
5,False,-6.666666666666667,6.666666666666667,0,14,7152,8000,8000,50,220,220
5,False,-6.666666666666667,6.666666666666667,0,15,7202,8000,8000,50,220,220
5,False,-7.666666666666667,7.666666666666667,0,16,7252,8000,8000,50,220,220
5,False,-7.0,7.0,0,15,7302,8000,8000,50,220,220
5,False,-7.0,7.0,0,16,7352,8000,8000,50,220,220
5,False,-6.666666666666667,6.666666666666667,0,16,7402,8000,8000,50,220,220
5,False,-7.0,7.0,0,16,7452,8000,8000,50,220,220
5,False,-6.333333333333333,7.333333333333333,1,17,7502,8000,8000,50,220,220
5,False,-5.666666666666667,7.666666666666667,2,18,7552,8000,8000,50,220,220
5,False,-4.666666666666667,7.666666666666667,3,18,7602,8000,8000,50,220,220
5,False,-4.333333333333334,8.333333333333334,4,18,7652,8000,8000,50,220,220
5,False,-3.666666666666666,8.666666666666666,5,19,7702,8000,8000,50,220,220
6,False,14.666666666666668,17.333333333333332,32,27,6737,8000,8000,50,220,220
6,False,14.0,17.0,31,26,6787,8000,8000,50,220,220
6,False,13.0,16.0,29,26,6837,8000,8000,50,220,220
6,False,11.666666666666666,15.333333333333334,27,26,6887,8000,8000,50,220,220
6,False,10.666666666666666,15.333333333333334,26,25,6937,8000,8000,50,220,220
6,False,10.0,15.0,25,25,6987,8000,8000,50,220,220
6,False,9.0,14.0,23,24,7037,8000,8000,50,220,220
6,False,8.333333333333334,13.666666666666666,22,24,7087,8000,8000,50,220,220
6,False,7.333333333333334,13.666666666666666,21,23,7137,8000,8000,50,220,220
6,False,9.0,14.0,23,23,7187,8000,8000,50,220,220
6,False,5.666666666666666,12.333333333333334,18,22,7237,8000,8000,50,220,220
6,False,5.0,12.0,17,22,7287,8000,8000,50,220,220
6,False,4.333333333333334,11.666666666666666,16,22,7337,8000,8000,50,220,220
6,False,3.333333333333334,10.666666666666666,14,21,7387,8000,8000,50,220,220
6,False,2.666666666666666,10.333333333333334,13,20,7437,8000,8000,50,220,220
6,False,1.666666666666666,10.333333333333334,12,20,7487,8000,8000,50,220,220
6,False,1.333333333333334,9.666666666666666,11,20,7537,8000,8000,50,220,220
6,False,0.0,9.0,9,19,7587,8000,8000,50,220,220
6,False,-0.6666666666666661,8.666666666666666,8,18,7637,8000,8000,50,220,220
6,False,-1.333333333333334,8.333333333333334,7,18,7687,8000,8000,50,220,220
1,False,-6.0,6.0,0,10,6731,8000,8000,50,220,220
1,False,-6.0,6.0,0,10,6781,8000,8000,50,220,220
1,False,-6.333333333333333,6.333333333333333,0,11,6831,8000,8000,50,220,220
1,False,-6.0,6.0,0,11,6881,8000,8000,50,220,220
1,False,-6.0,6.0,0,12,6931,8000,8000,50,220,220
1,False,-6.0,6.0,0,12,6981,8000,8000,50,220,220
1,False,-6.333333333333333,6.333333333333333,0,12,7031,8000,8000,50,220,220
1,False,-6.0,6.0,0,13,7081,8000,8000,50,220,220
1,False,-7.0,7.0,0,14,7131,8000,8000,50,220,220
1,False,-6.666666666666667,6.666666666666667,0,14,7181,8000,8000,50,220,220
1,False,-6.333333333333333,6.333333333333333,0,15,7231,8000,8000,50,220,220
1,False,-6.333333333333333,6.333333333333333,0,15,7281,8000,8000,50,220,220
1,False,-6.333333333333333,6.333333333333333,0,16,7331,8000,8000,50,220,220
1,False,-6.666666666666667,6.666666666666667,0,16,7381,8000,8000,50,220,220
1,False,-6.666666666666667,6.666666666666667,0,16,7431,8000,8000,50,220,220
1,False,-6.666666666666667,6.666666666666667,0,16,7481,8000,8000,50,220,220
1,False,-6.0,7.0,1,17,7531,8000,8000,50,220,220
1,False,-5.333333333333333,7.333333333333333,2,18,7581,8000,8000,50,220,220
1,False,-4.666666666666667,7.666666666666667,3,18,7631,8000,8000,50,220,220
1,False,-4.0,8.0,4,19,7681,8000,8000,50,220,220
2,False,20.333333333333332,21.666666666666668,42,32,6724,8000,8000,50,220,220
2,False,19.666666666666668,21.333333333333332,41,32,6774,8000,8000,50,220,220
2,False,19.0,21.0,40,31,6824,8000,8000,50,220,220
2,False,17.666666666666668,20.333333333333332,38,31,6874,8000,8000,50,220,220
2,False,17.333333333333332,19.666666666666668,37,30,6924,8000,8000,50,220,220
2,False,16.666666666666668,19.333333333333332,36,30,6974,8000,8000,50,220,220
2,False,15.333333333333332,18.666666666666668,34,29,7024,8000,8000,50,220,220
2,False,13.666666666666668,19.333333333333332,33,29,7074,8000,8000,50,220,220
2,False,14.0,18.0,32,28,7124,8000,8000,50,220,220
2,False,13.333333333333332,17.666666666666668,31,27,7174,8000,8000,50,220,220
2,False,12.0,17.0,29,27,7224,8000,8000,50,220,220
2,False,11.666666666666668,16.333333333333332,28,27,7274,8000,8000,50,220,220
2,False,11.0,16.0,27,27,7324,8000,8000,50,220,220
2,False,10.333333333333334,15.666666666666666,26,26,7374,8000,8000,50,220,220
2,False,10.0,15.0,25,25,7424,8000,8000,50,220,220
2,False,8.333333333333334,14.666666666666666,23,25,7474,8000,8000,50,220,220
2,False,8.0,14.0,22,24,7524,8000,8000,50,220,220
2,False,7.0,14.0,21,24,7574,8000,8000,50,220,220
2,False,6.333333333333334,13.666666666666666,20,24,7624,8000,8000,50,220,220
2,False,5.333333333333334,12.666666666666666,18,23,7674,8000,8000,50,220,220
3,False,-5.666666666666667,5.666666666666667,0,11,6716,8000,8000,50,220,220
3,False,-5.666666666666667,5.666666666666667,0,12,6766,8000,8000,50,220,220
3,False,-5.666666666666667,5.666666666666667,0,12,6816,8000,8000,50,220,220
3,False,-5.666666666666667,5.666666666666667,0,13,6866,8000,8000,50,220,220
3,False,-5.666666666666667,5.666666666666667,0,13,6916,8000,8000,50,220,220
3,False,-6.0,6.0,0,13,6966,8000,8000,50,220,220
3,False,-6.0,6.0,0,15,7016,8000,8000,50,220,220
3,False,-6.0,6.0,0,15,7066,8000,8000,50,220,220
3,False,-5.666666666666667,5.666666666666667,0,15,7116,8000,8000,50,220,220
3,False,-6.0,6.0,0,15,7166,8000,8000,50,220,220
3,False,-6.0,6.0,0,15,7216,8000,8000,50,220,220
3,False,-6.0,6.0,0,16,7266,8000,8000,50,220,220
3,False,-6.0,6.0,0,16,7316,8000,8000,50,220,220
3,False,-6.0,6.0,0,16,7366,8000,8000,50,220,220
3,False,-4.333333333333333,6.333333333333333,2,17,7416,8000,8000,50,220,220
3,False,-3.666666666666667,6.666666666666667,3,17,7466,8000,8000,50,220,220
3,False,-4.0,7.0,3,18,7516,8000,8000,50,220,220
3,False,-2.666666666666667,7.666666666666667,5,18,7566,8000,8000,50,220,220
3,False,-2.0,8.0,6,18,7616,8000,8000,50,220,220
3,False,-1.333333333333334,8.333333333333334,7,19,7666,8000,8000,50,220,220
4,False,8.666666666666666,15.333333333333334,24,26,6709,8000,8000,50,220,220
4,False,8.0,15.0,23,26,6759,8000,8000,50,220,220
4,False,6.666666666666666,14.333333333333334,21,25,6809,8000,8000,50,220,220
4,False,6.0,14.0,20,24,6859,8000,8000,50,220,220
4,False,5.666666666666666,13.333333333333334,19,24,6909,8000,8000,50,220,220
4,False,3.666666666666666,14.333333333333334,18,24,6959,8000,8000,50,220,220
4,False,4.0,13.0,17,23,7009,8000,8000,50,220,220
4,False,3.0,12.0,15,22,7059,8000,8000,50,220,220
4,False,2.333333333333334,11.666666666666666,14,22,7109,8000,8000,50,220,220
4,False,1.666666666666666,11.333333333333334,13,22,7159,8000,8000,50,220,220
4,False,1.0,11.0,12,21,7209,8000,8000,50,220,220
4,False,-0.3333333333333339,10.333333333333334,10,20,7259,8000,8000,50,220,220
4,False,-1.0,10.0,9,20,7309,8000,8000,50,220,220
4,False,-1.666666666666666,9.666666666666666,8,19,7359,8000,8000,50,220,220
4,False,-2.0,9.0,7,19,7409,8000,8000,50,220,220
4,False,-3.333333333333334,8.333333333333334,5,19,7459,8000,8000,50,220,220
4,False,-4.333333333333334,8.333333333333334,4,18,7509,8000,8000,50,220,220
4,False,-4.666666666666667,7.666666666666667,3,18,7559,8000,8000,50,220,220
4,False,-6.0,7.0,1,18,7609,8000,8000,50,220,220
4,False,-6.666666666666667,6.666666666666667,0,17,7659,8000,8000,50,220,220
5,False,-6.666666666666667,6.666666666666667,0,5,6702,8000,8000,50,220,220
5,False,-6.666666666666667,6.666666666666667,0,5,6752,8000,8000,50,220,220
5,False,-6.666666666666667,6.666666666666667,0,6,6802,8000,8000,50,220,220
5,False,-6.666666666666667,6.666666666666667,0,6,6852,8000,8000,50,220,220
5,False,-7.666666666666667,7.666666666666667,0,7,6902,8000,8000,50,220,220
5,False,-6.666666666666667,6.666666666666667,0,7,6952,8000,8000,50,220,220
5,False,-6.666666666666667,6.666666666666667,0,8,7002,8000,8000,50,220,220
5,False,-6.666666666666667,6.666666666666667,0,8,7052,8000,8000,50,220,220
5,False,-6.666666666666667,6.666666666666667,0,9,7102,8000,8000,50,220,220
5,False,-6.666666666666667,6.666666666666667,0,8,7152,8000,8000,50,220,220
5,False,-6.666666666666667,6.666666666666667,0,9,7202,8000,8000,50,220,220
5,False,-6.666666666666667,6.666666666666667,0,10,7252,8000,8000,50,220,220
5,False,-6.666666666666667,6.666666666666667,0,10,7302,8000,8000,50,220,220
5,False,-6.666666666666667,6.666666666666667,0,11,7352,8000,8000,50,220,220
5,False,-6.666666666666667,6.666666666666667,0,11,7402,8000,8000,50,220,220
5,False,-6.666666666666667,6.666666666666667,0,12,7452,8000,8000,50,220,220
5,False,-6.666666666666667,6.666666666666667,0,12,7502,8000,8000,50,220,220
5,False,-6.666666666666667,6.666666666666667,0,12,7552,8000,8000,50,220,220
5,False,-6.666666666666667,6.666666666666667,0,13,7602,8000,8000,50,220,220
5,False,-6.666666666666667,6.666666666666667,0,13,7652,8000,8000,50,220,220
6,False,8.666666666666666,14.333333333333334,23,24,6687,8000,8000,50,220,220
6,False,8.333333333333334,13.666666666666666,22,24,6737,8000,8000,50,220,220
6,False,7.333333333333334,13.666666666666666,21,23,6787,8000,8000,50,220,220
6,False,9.0,14.0,23,23,6837,8000,8000,50,220,220
6,False,5.666666666666666,12.333333333333334,18,22,6887,8000,8000,50,220,220
6,False,5.0,12.0,17,22,6937,8000,8000,50,220,220
6,False,5.0,12.0,17,22,6987,8000,8000,50,220,220
6,False,4.333333333333334,11.666666666666666,16,21,7037,8000,8000,50,220,220
6,False,3.0,11.0,14,21,7087,8000,8000,50,220,220
6,False,3.0,11.0,14,21,7137,8000,8000,50,220,220
6,False,2.333333333333334,10.666666666666666,13,20,7187,8000,8000,50,220,220
6,False,1.0,10.0,11,20,7237,8000,8000,50,220,220
6,False,0.3333333333333339,9.666666666666666,10,19,7287,8000,8000,50,220,220
6,False,0.3333333333333339,9.666666666666666,10,19,7337,8000,8000,50,220,220
6,False,-1.0,9.0,8,19,7387,8000,8000,50,220,220
6,False,-1.333333333333334,8.333333333333334,7,19,7437,8000,8000,50,220,220
6,False,-2.0,8.0,6,18,7487,8000,8000,50,220,220
6,False,-2.666666666666667,7.666666666666667,5,18,7537,8000,8000,50,220,220
6,False,-2.666666666666667,7.666666666666667,5,18,7587,8000,8000,50,220,220
6,False,-4.0,7.0,3,17,7637,8000,8000,50,220,220
1,False,-6.333333333333333,6.333333333333333,0,12,6681,8000,8000,50,220,220
1,False,-6.333333333333333,6.333333333333333,0,13,6731,8000,8000,50,220,220
1,False,-7.0,7.0,0,14,6781,8000,8000,50,220,220
1,False,-6.0,6.0,0,14,6831,8000,8000,50,220,220
1,False,-6.333333333333333,6.333333333333333,0,14,6881,8000,8000,50,220,220
1,False,-6.666666666666667,6.666666666666667,0,15,6931,8000,8000,50,220,220
1,False,-6.333333333333333,6.333333333333333,0,16,6981,8000,8000,50,220,220
1,False,-6.666666666666667,6.666666666666667,0,16,7031,8000,8000,50,220,220
1,False,-6.666666666666667,6.666666666666667,0,17,7081,8000,8000,50,220,220
1,False,-6.666666666666667,6.666666666666667,0,17,7131,8000,8000,50,220,220
1,False,-6.0,7.0,1,18,7181,8000,8000,50,220,220
1,False,-4.0,8.0,4,18,7231,8000,8000,50,220,220
1,False,-3.666666666666666,8.666666666666666,5,19,7281,8000,8000,50,220,220
1,False,-2.0,9.0,7,20,7331,8000,8000,50,220,220
1,False,-1.666666666666666,9.666666666666666,8,20,7381,8000,8000,50,220,220
1,False,-0.3333333333333339,10.333333333333334,10,21,7431,8000,8000,50,220,220
1,False,0.3333333333333339,10.666666666666666,11,21,7481,8000,8000,50,220,220
1,False,1.0,11.0,12,21,7531,8000,8000,50,220,220
1,False,2.0,12.0,14,23,7581,8000,8000,50,220,220
1,False,3.666666666666666,12.333333333333334,16,23,7631,8000,8000,50,220,220
2,False,25.333333333333332,24.666666666666668,50,35,6674,8000,8000,50,220,220
2,False,23.333333333333332,24.666666666666668,48,35,6724,8000,8000,50,220,220
2,False,24.333333333333332,23.666666666666668,48,34,6774,8000,8000,50,220,220
2,False,23.666666666666668,23.333333333333332,47,34,6824,8000,8000,50,220,220
2,False,22.333333333333332,22.666666666666668,45,33,6874,8000,8000,50,220,220
2,False,22.0,22.0,44,33,6924,8000,8000,50,220,220
2,False,21.0,22.0,43,32,6974,8000,8000,50,220,220
2,False,20.333333333333332,21.666666666666668,42,32,7024,8000,8000,50,220,220
2,False,19.0,21.0,40,32,7074,8000,8000,50,220,220
2,False,18.666666666666668,20.333333333333332,39,31,7124,8000,8000,50,220,220
2,False,18.666666666666668,20.333333333333332,39,31,7174,8000,8000,50,220,220
2,False,18.333333333333332,19.666666666666668,38,30,7224,8000,8000,50,220,220
2,False,16.666666666666668,19.333333333333332,36,30,7274,8000,8000,50,220,220
2,False,16.0,19.0,35,29,7324,8000,8000,50,220,220
2,False,15.666666666666668,18.333333333333332,34,29,7374,8000,8000,50,220,220
2,False,15.0,18.0,33,28,7424,8000,8000,50,220,220
2,False,14.0,18.0,32,28,7474,8000,8000,50,220,220
2,False,13.333333333333332,17.666666666666668,31,28,7524,8000,8000,50,220,220
2,False,12.666666666666668,17.333333333333332,30,28,7574,8000,8000,50,220,220
2,False,12.0,16.0,28,27,7624,8000,8000,50,220,220
3,False,-5.666666666666667,5.666666666666667,0,13,6667,8000,8000,50,220,220
3,False,-5.666666666666667,5.666666666666667,0,13,6717,8000,8000,50,220,220
3,False,-5.666666666666667,5.666666666666667,0,14,6767,8000,8000,50,220,220
3,False,-5.666666666666667,5.666666666666667,0,14,6817,8000,8000,50,220,220
3,False,-6.0,6.0,0,15,6867,8000,8000,50,220,220
3,False,-6.0,6.0,0,15,6917,8000,8000,50,220,220
3,False,-6.0,6.0,0,16,6967,8000,8000,50,220,220
3,False,-5.666666666666667,5.666666666666667,0,16,7017,8000,8000,50,220,220
3,False,-6.0,6.0,0,16,7067,8000,8000,50,220,220
3,False,-5.333333333333333,6.333333333333333,1,16,7117,8000,8000,50,220,220
3,False,-4.666666666666667,6.666666666666667,2,18,7167,8000,8000,50,220,220
3,False,-4.0,7.0,3,18,7217,8000,8000,50,220,220
3,False,-2.666666666666667,7.666666666666667,5,18,7267,8000,8000,50,220,220
3,False,-2.0,8.0,6,18,7317,8000,8000,50,220,220
3,False,-1.333333333333334,8.333333333333334,7,19,7367,8000,8000,50,220,220
3,False,-0.6666666666666661,8.666666666666666,8,19,7417,8000,8000,50,220,220
3,False,0.6666666666666661,9.333333333333334,10,20,7467,8000,8000,50,220,220
3,False,1.333333333333334,9.666666666666666,11,20,7517,8000,8000,50,220,220
3,False,2.0,10.0,12,21,7567,8000,8000,50,220,220
3,False,2.666666666666666,10.333333333333334,13,21,7617,8000,8000,50,220,220
4,False,15.0,19.0,34,30,6660,8000,8000,50,220,220
4,False,14.333333333333332,18.666666666666668,33,29,6710,8000,8000,50,220,220
4,False,14.0,18.0,32,29,6760,8000,8000,50,220,220
4,False,12.666666666666668,17.333333333333332,30,28,6810,8000,8000,50,220,220
4,False,11.0,17.0,28,27,6860,8000,8000,50,220,220
4,False,10.666666666666668,16.333333333333332,27,27,6910,8000,8000,50,220,220
4,False,10.0,16.0,26,26,6960,8000,8000,50,220,220
4,False,9.333333333333334,15.666666666666666,25,26,7010,8000,8000,50,220,220
4,False,8.0,15.0,23,25,7060,8000,8000,50,220,220
4,False,7.333333333333334,14.666666666666666,22,25,7110,8000,8000,50,220,220
4,False,6.666666666666666,14.333333333333334,21,25,7160,8000,8000,50,220,220
4,False,5.666666666666666,13.333333333333334,19,24,7210,8000,8000,50,220,220
4,False,5.0,13.0,18,24,7260,8000,8000,50,220,220
4,False,4.333333333333334,12.666666666666666,17,24,7310,8000,8000,50,220,220
4,False,3.666666666666666,12.333333333333334,16,22,7360,8000,8000,50,220,220
4,False,2.333333333333334,11.666666666666666,14,22,7410,8000,8000,50,220,220
4,False,1.666666666666666,11.333333333333334,13,22,7460,8000,8000,50,220,220
4,False,1.0,11.0,12,21,7510,8000,8000,50,220,220
4,False,-0.3333333333333339,10.333333333333334,10,21,7560,8000,8000,50,220,220
4,False,-2.0,11.0,9,20,7610,8000,8000,50,220,220
5,False,-6.666666666666667,6.666666666666667,0,9,6653,8000,8000,50,220,220
5,False,-6.666666666666667,6.666666666666667,0,9,6703,8000,8000,50,220,220
5,False,-6.666666666666667,6.666666666666667,0,10,6753,8000,8000,50,220,220
5,False,-6.666666666666667,6.666666666666667,0,11,6803,8000,8000,50,220,220
5,False,-6.666666666666667,6.666666666666667,0,11,6853,8000,8000,50,220,220
5,False,-6.666666666666667,6.666666666666667,0,11,6903,8000,8000,50,220,220
5,False,-7.0,7.0,0,12,6953,8000,8000,50,220,220
5,False,-6.666666666666667,6.666666666666667,0,12,7003,8000,8000,50,220,220
5,False,-6.666666666666667,6.666666666666667,0,12,7053,8000,8000,50,220,220
5,False,-6.666666666666667,6.666666666666667,0,13,7103,8000,8000,50,220,220
5,False,-6.666666666666667,6.666666666666667,0,13,7153,8000,8000,50,220,220
5,False,-7.0,7.0,0,13,7203,8000,8000,50,220,220
5,False,-7.0,7.0,0,14,7253,8000,8000,50,220,220
5,False,-6.666666666666667,6.666666666666667,0,14,7303,8000,8000,50,220,220
5,False,-6.666666666666667,6.666666666666667,0,15,7353,8000,8000,50,220,220
5,False,-6.666666666666667,6.666666666666667,0,16,7403,8000,8000,50,220,220
5,False,-7.0,7.0,0,16,7453,8000,8000,50,220,220
5,False,-7.0,7.0,0,17,7503,8000,8000,50,220,220
5,False,-8.0,8.0,0,17,7553,8000,8000,50,220,220
5,False,-7.0,7.0,0,17,7603,8000,8000,50,220,220
6,False,22.0,22.0,44,32,6637,8000,8000,50,220,220
6,False,20.666666666666668,21.333333333333332,42,31,6687,8000,8000,50,220,220
6,False,21.0,21.0,42,31,6737,8000,8000,50,220,220
6,False,19.666666666666668,20.333333333333332,40,30,6787,8000,8000,50,220,220
6,False,19.0,20.0,39,30,6837,8000,8000,50,220,220
6,False,18.333333333333332,19.666666666666668,38,29,6887,8000,8000,50,220,220
6,False,17.666666666666668,19.333333333333332,37,29,6937,8000,8000,50,220,220
6,False,17.0,19.0,36,29,6987,8000,8000,50,220,220
6,False,16.0,18.0,34,28,7037,8000,8000,50,220,220
6,False,15.0,18.0,33,28,7087,8000,8000,50,220,220
6,False,14.333333333333332,17.666666666666668,32,27,7137,8000,8000,50,220,220
6,False,14.0,17.0,31,27,7187,8000,8000,50,220,220
6,False,12.666666666666668,16.333333333333332,29,26,7237,8000,8000,50,220,220
6,False,12.666666666666668,16.333333333333332,29,26,7287,8000,8000,50,220,220
6,False,12.0,16.0,28,26,7337,8000,8000,50,220,220
6,False,10.666666666666666,15.333333333333334,26,25,7387,8000,8000,50,220,220
6,False,10.333333333333334,14.666666666666666,25,25,7437,8000,8000,50,220,220
6,False,12.0,16.0,28,25,7487,8000,8000,50,220,220
6,False,9.0,14.0,23,24,7537,8000,8000,50,220,220
6,False,8.333333333333334,13.666666666666666,22,24,7587,8000,8000,50,220,220
1,False,-6.333333333333333,6.333333333333333,0,15,6626,7750,7750,50,220,220
1,False,-6.333333333333333,6.333333333333333,0,16,6676,7750,7750,50,220,220
1,False,-6.666666666666667,6.666666666666667,0,16,6726,7750,7750,50,220,220
1,False,-6.666666666666667,6.666666666666667,0,16,6776,7750,7750,50,220,220
1,False,-6.666666666666667,6.666666666666667,0,17,6826,7750,7750,50,220,220
1,False,-6.0,7.0,1,18,6876,7750,7750,50,220,220
1,False,-5.333333333333333,7.333333333333333,2,18,6926,7750,7750,50,220,220
1,False,-4.0,8.0,4,18,6976,7750,7750,50,220,220
1,False,-4.0,8.0,4,19,7026,7750,7750,50,220,220
1,False,-3.0,9.0,6,19,7076,7750,7750,50,220,220
1,False,-1.666666666666666,9.666666666666666,8,20,7126,7750,7750,50,220,220
1,False,-1.0,10.0,9,20,7176,7750,7750,50,220,220
1,False,-1.0,10.0,9,20,7226,7750,7750,50,220,220
1,False,0.3333333333333339,10.666666666666666,11,22,7276,7750,7750,50,220,220
1,False,1.0,11.0,12,22,7326,7750,7750,50,220,220
1,False,1.666666666666666,11.333333333333334,13,22,7376,7750,7750,50,220,220
1,False,1.333333333333334,12.666666666666666,14,23,7426,7750,7750,50,220,220
1,False,3.333333333333334,12.666666666666666,16,22,7476,7750,7750,50,220,220
1,False,4.333333333333334,12.666666666666666,17,24,7526,7750,7750,50,220,220
1,False,4.666666666666666,13.333333333333334,18,24,7576,7750,7750,50,220,220
2,False,33.0,29.0,62,40,5870,7750,7750,50,220,220
2,False,32.66666666666667,28.333333333333332,61,39,5920,7750,7750,50,220,220
2,False,32.0,28.0,60,39,5970,7750,7750,50,220,220
2,False,31.333333333333332,27.666666666666668,59,38,6020,7750,7750,50,220,220
2,False,30.0,27.0,57,38,6070,7750,7750,50,220,220
2,False,29.333333333333332,26.666666666666668,56,37,6120,7750,7750,50,220,220
2,False,28.666666666666668,26.333333333333332,55,37,6170,7750,7750,50,220,220
2,False,27.666666666666668,25.333333333333332,53,36,6220,7750,7750,50,220,220
2,False,27.0,25.0,52,36,6270,7750,7750,50,220,220
2,False,26.333333333333332,24.666666666666668,51,35,6320,7750,7750,50,220,220
2,False,25.666666666666668,24.333333333333332,50,35,6370,7750,7750,50,220,220
2,False,24.333333333333332,23.666666666666668,48,34,6420,7750,7750,50,220,220
2,False,24.0,23.0,47,34,6470,7750,7750,50,220,220
2,False,23.0,23.0,46,34,6520,7750,7750,50,220,220
2,False,22.333333333333332,22.666666666666668,45,33,6570,7750,7750,50,220,220
2,False,20.0,23.0,43,33,6620,7750,7750,50,220,220
2,False,20.0,21.0,41,32,6670,7750,7750,50,220,220
2,False,19.0,21.0,40,31,6720,7750,7750,50,220,220
2,False,18.666666666666668,20.333333333333332,39,31,6770,7750,7750,50,220,220
2,False,17.333333333333332,19.666666666666668,37,30,6820,7750,7750,50,220,220
3,False,-5.666666666666667,5.666666666666667,0,6,6113,7750,7750,50,220,220
3,False,-5.666666666666667,5.666666666666667,0,7,6163,7750,7750,50,220,220
3,False,-5.666666666666667,5.666666666666667,0,7,6213,7750,7750,50,220,220
3,False,-5.666666666666667,5.666666666666667,0,8,6263,7750,7750,50,220,220
3,False,-5.666666666666667,5.666666666666667,0,8,6313,7750,7750,50,220,220
3,False,-5.666666666666667,5.666666666666667,0,9,6363,7750,7750,50,220,220
3,False,-5.666666666666667,5.666666666666667,0,9,6413,7750,7750,50,220,220
3,False,-6.0,6.0,0,9,6463,7750,7750,50,220,220
3,False,-5.666666666666667,5.666666666666667,0,9,6513,7750,7750,50,220,220
3,False,-5.666666666666667,5.666666666666667,0,9,6563,7750,7750,50,220,220
3,False,-5.666666666666667,5.666666666666667,0,10,6613,7750,7750,50,220,220
3,False,-5.666666666666667,5.666666666666667,0,10,6663,7750,7750,50,220,220
3,False,-5.666666666666667,5.666666666666667,0,11,6713,7750,7750,50,220,220
3,False,-5.666666666666667,5.666666666666667,0,11,6763,7750,7750,50,220,220
3,False,-5.666666666666667,5.666666666666667,0,12,6813,7750,7750,50,220,220
3,False,-5.666666666666667,5.666666666666667,0,13,6863,7750,7750,50,220,220
3,False,-6.0,6.0,0,13,6913,7750,7750,50,220,220
3,False,-6.0,6.0,0,13,6963,7750,7750,50,220,220
3,False,-5.666666666666667,5.666666666666667,0,13,7013,7750,7750,50,220,220
3,False,-6.0,6.0,0,13,7063,7750,7750,50,220,220
4,False,14.333333333333332,18.666666666666668,33,30,6356,7750,7750,50,220,220
4,False,14.0,18.0,32,30,6406,7750,7750,50,220,220
4,False,13.333333333333332,17.666666666666668,31,28,6456,7750,7750,50,220,220
4,False,12.0,17.0,29,27,6506,7750,7750,50,220,220
4,False,11.333333333333332,16.666666666666668,28,27,6556,7750,7750,50,220,220
4,False,10.666666666666668,16.333333333333332,27,26,6606,7750,7750,50,220,220
4,False,9.333333333333334,15.666666666666666,25,26,6656,7750,7750,50,220,220
4,False,8.0,15.0,23,25,6706,7750,7750,50,220,220
4,False,7.666666666666666,14.333333333333334,22,25,6756,7750,7750,50,220,220
4,False,7.0,14.0,21,24,6806,7750,7750,50,220,220
4,False,5.666666666666666,13.333333333333334,19,24,6856,7750,7750,50,220,220
4,False,5.0,13.0,18,24,6906,7750,7750,50,220,220
4,False,3.666666666666666,12.333333333333334,16,23,6956,7750,7750,50,220,220
4,False,2.666666666666666,13.333333333333334,16,23,7006,7750,7750,50,220,220
4,False,2.333333333333334,11.666666666666666,14,22,7056,7750,7750,50,220,220
4,False,1.0,11.0,12,21,7106,7750,7750,50,220,220
4,False,0.3333333333333339,10.666666666666666,11,21,7156,7750,7750,50,220,220
4,False,0.0,10.0,10,20,7206,7750,7750,50,220,220
4,False,-1.333333333333334,9.333333333333334,8,20,7256,7750,7750,50,220,220
4,False,-2.0,9.0,7,19,7306,7750,7750,50,220,220
5,False,-6.666666666666667,6.666666666666667,0,6,6588,7750,7750,50,220,220
5,False,-6.666666666666667,6.666666666666667,0,7,6638,7750,7750,50,220,220
5,False,-6.666666666666667,6.666666666666667,0,7,6688,7750,7750,50,220,220
5,False,-6.666666666666667,6.666666666666667,0,8,6738,7750,7750,50,220,220
5,False,-6.666666666666667,6.666666666666667,0,8,6788,7750,7750,50,220,220
5,False,-6.666666666666667,6.666666666666667,0,8,6838,7750,7750,50,220,220
5,False,-6.666666666666667,6.666666666666667,0,9,6888,7750,7750,50,220,220
5,False,-7.0,7.0,0,9,6938,7750,7750,50,220,220
5,False,-6.666666666666667,6.666666666666667,0,10,6988,7750,7750,50,220,220
5,False,-6.666666666666667,6.666666666666667,0,10,7038,7750,7750,50,220,220
5,False,-6.666666666666667,6.666666666666667,0,11,7088,7750,7750,50,220,220
5,False,-6.666666666666667,6.666666666666667,0,11,7138,7750,7750,50,220,220
5,False,-8.0,8.0,0,12,7188,7750,7750,50,220,220
5,False,-6.666666666666667,6.666666666666667,0,12,7238,7750,7750,50,220,220
5,False,-6.666666666666667,6.666666666666667,0,13,7288,7750,7750,50,220,220
5,False,-6.666666666666667,6.666666666666667,0,12,7338,7750,7750,50,220,220
5,False,-6.666666666666667,6.666666666666667,0,13,7388,7750,7750,50,220,220
5,False,-7.0,7.0,0,14,7438,7750,7750,50,220,220
5,False,-6.666666666666667,6.666666666666667,0,14,7488,7750,7750,50,220,220
5,False,-7.0,7.0,0,14,7538,7750,7750,50,220,220
6,False,22.333333333333332,21.666666666666668,44,32,5832,7750,7750,50,220,220
6,False,21.666666666666668,21.333333333333332,43,32,5882,7750,7750,50,220,220
6,False,20.333333333333332,20.666666666666668,41,31,5932,7750,7750,50,220,220
6,False,20.333333333333332,20.666666666666668,41,30,5982,7750,7750,50,220,220
6,False,20.333333333333332,20.666666666666668,41,31,6032,7750,7750,50,220,220
6,False,19.0,20.0,39,30,6082,7750,7750,50,220,220
6,False,17.666666666666668,19.333333333333332,37,29,6132,7750,7750,50,220,220
6,False,17.666666666666668,19.333333333333332,37,29,6182,7750,7750,50,220,220
6,False,17.333333333333332,18.666666666666668,36,29,6232,7750,7750,50,220,220
6,False,16.666666666666668,18.333333333333332,35,28,6282,7750,7750,50,220,220
6,False,16.0,18.0,34,28,6332,7750,7750,50,220,220
6,False,17.333333333333332,18.666666666666668,36,28,6382,7750,7750,50,220,220
6,False,14.666666666666668,17.333333333333332,32,27,6432,7750,7750,50,220,220
6,False,13.333333333333332,16.666666666666668,30,27,6482,7750,7750,50,220,220
6,False,12.666666666666668,16.333333333333332,29,26,6532,7750,7750,50,220,220
6,False,12.666666666666668,16.333333333333332,29,26,6582,7750,7750,50,220,220
6,False,12.0,16.0,28,26,6632,7750,7750,50,220,220
6,False,10.666666666666666,15.333333333333334,26,25,6682,7750,7750,50,220,220
6,False,10.0,15.0,25,25,6732,7750,7750,50,220,220
6,False,10.0,15.0,25,25,6782,7750,7750,50,220,220
1,False,-6.0,6.0,0,4,6075,7750,7750,50,220,220
1,False,-6.0,6.0,0,4,6125,7750,7750,50,220,220
1,False,-6.0,6.0,0,5,6175,7750,7750,50,220,220
1,False,-6.0,6.0,0,5,6225,7750,7750,50,220,220
1,False,-6.0,6.0,0,6,6275,7750,7750,50,220,220
1,False,-6.0,6.0,0,6,6325,7750,7750,50,220,220
1,False,-6.0,6.0,0,7,6375,7750,7750,50,220,220
1,False,-6.0,6.0,0,7,6425,7750,7750,50,220,220
1,False,-6.333333333333333,6.333333333333333,0,8,6475,7750,7750,50,220,220
1,False,-6.0,6.0,0,8,6525,7750,7750,50,220,220
1,False,-6.666666666666667,6.666666666666667,0,9,6575,7750,7750,50,220,220
1,False,-6.0,6.0,0,9,6625,7750,7750,50,220,220
1,False,-6.0,6.0,0,10,6675,7750,7750,50,220,220
1,False,-6.333333333333333,6.333333333333333,0,10,6725,7750,7750,50,220,220
1,False,-6.0,6.0,0,11,6775,7750,7750,50,220,220
1,False,-6.333333333333333,6.333333333333333,0,11,6825,7750,7750,50,220,220
1,False,-6.0,6.0,0,12,6875,7750,7750,50,220,220
1,False,-6.0,6.0,0,12,6925,7750,7750,50,220,220
1,False,-6.333333333333333,6.333333333333333,0,13,6975,7750,7750,50,220,220
1,False,-6.0,6.0,0,13,7025,7750,7750,50,220,220
2,False,18.666666666666668,20.333333333333332,39,31,6318,7750,7750,50,220,220
2,False,18.333333333333332,19.666666666666668,38,31,6368,7750,7750,50,220,220
2,False,17.333333333333332,19.666666666666668,37,30,6418,7750,7750,50,220,220
2,False,16.666666666666668,19.333333333333332,36,30,6468,7750,7750,50,220,220
2,False,16.333333333333332,18.666666666666668,35,30,6518,7750,7750,50,220,220
2,False,15.333333333333332,18.666666666666668,34,29,6568,7750,7750,50,220,220
2,False,14.666666666666668,18.333333333333332,33,28,6618,7750,7750,50,220,220
2,False,14.0,18.0,32,28,6668,7750,7750,50,220,220
2,False,13.666666666666668,17.333333333333332,31,28,6718,7750,7750,50,220,220
2,False,11.333333333333332,17.666666666666668,29,28,6768,7750,7750,50,220,220
2,False,12.333333333333332,16.666666666666668,29,27,6818,7750,7750,50,220,220
2,False,11.666666666666668,16.333333333333332,28,26,6868,7750,7750,50,220,220
2,False,10.0,16.0,26,27,6918,7750,7750,50,220,220
2,False,10.666666666666666,15.333333333333334,26,26,6968,7750,7750,50,220,220
2,False,9.0,15.0,24,26,7018,7750,7750,50,220,220
2,False,8.333333333333334,14.666666666666666,23,25,7068,7750,7750,50,220,220
2,False,8.0,14.0,22,24,7118,7750,7750,50,220,220
2,False,7.666666666666666,13.333333333333334,21,24,7168,7750,7750,50,220,220
2,False,7.0,14.0,21,24,7218,7750,7750,50,220,220
2,False,6.0,13.0,19,23,7268,7750,7750,50,220,220
3,False,-5.666666666666667,5.666666666666667,0,11,6561,7750,7750,50,220,220
3,False,-5.666666666666667,5.666666666666667,0,12,6611,7750,7750,50,220,220
3,False,-6.0,6.0,0,13,6661,7750,7750,50,220,220
3,False,-6.0,6.0,0,13,6711,7750,7750,50,220,220
3,False,-6.0,6.0,0,13,6761,7750,7750,50,220,220
3,False,-6.0,6.0,0,13,6811,7750,7750,50,220,220
3,False,-6.0,6.0,0,15,6861,7750,7750,50,220,220
3,False,-5.666666666666667,5.666666666666667,0,15,6911,7750,7750,50,220,220
3,False,-6.0,6.0,0,16,6961,7750,7750,50,220,220
3,False,-6.0,6.0,0,16,7011,7750,7750,50,220,220
3,False,-6.0,6.0,0,16,7061,7750,7750,50,220,220
3,False,-5.333333333333333,6.333333333333333,1,16,7111,7750,7750,50,220,220
3,False,-5.333333333333333,6.333333333333333,1,17,7161,7750,7750,50,220,220
3,False,-4.0,7.0,3,17,7211,7750,7750,50,220,220
3,False,-2.666666666666667,7.666666666666667,5,18,7261,7750,7750,50,220,220
3,False,-1.666666666666667,7.666666666666667,6,18,7311,7750,7750,50,220,220
3,False,-1.333333333333334,8.333333333333334,7,19,7361,7750,7750,50,220,220
3,False,-0.6666666666666661,8.666666666666666,8,20,7411,7750,7750,50,220,220
3,False,0.6666666666666661,9.333333333333334,10,20,7461,7750,7750,50,220,220
3,False,1.333333333333334,9.666666666666666,11,20,7511,7750,7750,50,220,220
4,False,12.333333333333332,17.666666666666668,30,28,6804,7750,7750,50,220,220
4,False,11.666666666666668,17.333333333333332,29,28,6854,7750,7750,50,220,220
4,False,11.333333333333332,16.666666666666668,28,27,6904,7750,7750,50,220,220
4,False,10.666666666666668,16.333333333333332,27,27,6954,7750,7750,50,220,220
4,False,9.333333333333334,15.666666666666666,25,26,7004,7750,7750,50,220,220
4,False,8.666666666666666,15.333333333333334,24,25,7054,7750,7750,50,220,220
4,False,8.0,15.0,23,25,7104,7750,7750,50,220,220
4,False,5.666666666666666,15.333333333333334,21,25,7154,7750,7750,50,220,220
4,False,6.333333333333334,13.666666666666666,20,25,7204,7750,7750,50,220,220
4,False,5.333333333333334,13.666666666666666,19,24,7254,7750,7750,50,220,220
4,False,5.0,13.0,18,24,7304,7750,7750,50,220,220
4,False,4.0,13.0,17,23,7354,7750,7750,50,220,220
4,False,3.0,12.0,15,22,7404,7750,7750,50,220,220
4,False,3.0,12.0,15,22,7454,7750,7750,50,220,220
4,False,1.666666666666666,11.333333333333334,13,21,7504,7750,7750,50,220,220
4,False,1.0,11.0,12,21,7554,7750,7750,50,220,220
4,False,0.6666666666666661,10.333333333333334,11,21,7604,7750,7750,50,220,220
4,False,-0.3333333333333339,10.333333333333334,10,21,7654,7750,7750,50,220,220
4,False,-1.666666666666666,9.666666666666666,8,20,7704,7750,7750,50,220,220
4,False,-2.333333333333334,9.333333333333334,7,20,7754,7750,7750,50,220,220
5,False,-6.666666666666667,6.666666666666667,0,3,6036,7750,7750,50,220,220
5,False,-6.666666666666667,6.666666666666667,0,3,6086,7750,7750,50,220,220
5,False,-6.666666666666667,6.666666666666667,0,4,6136,7750,7750,50,220,220
5,False,-6.666666666666667,6.666666666666667,0,4,6186,7750,7750,50,220,220
5,False,-6.666666666666667,6.666666666666667,0,4,6236,7750,7750,50,220,220
5,False,-6.666666666666667,6.666666666666667,0,5,6286,7750,7750,50,220,220
5,False,-7.666666666666667,7.666666666666667,0,6,6336,7750,7750,50,220,220
5,False,-6.666666666666667,6.666666666666667,0,6,6386,7750,7750,50,220,220
5,False,-6.666666666666667,6.666666666666667,0,7,6436,7750,7750,50,220,220
5,False,-6.666666666666667,6.666666666666667,0,7,6486,7750,7750,50,220,220
5,False,-6.666666666666667,6.666666666666667,0,7,6536,7750,7750,50,220,220
5,False,-6.666666666666667,6.666666666666667,0,8,6586,7750,7750,50,220,220
5,False,-6.666666666666667,6.666666666666667,0,8,6636,7750,7750,50,220,220
5,False,-6.666666666666667,6.666666666666667,0,8,6686,7750,7750,50,220,220
5,False,-6.666666666666667,6.666666666666667,0,9,6736,7750,7750,50,220,220
5,False,-6.666666666666667,6.666666666666667,0,9,6786,7750,7750,50,220,220
5,False,-6.666666666666667,6.666666666666667,0,10,6836,7750,7750,50,220,220
5,False,-6.666666666666667,6.666666666666667,0,11,6886,7750,7750,50,220,220
5,False,-7.0,7.0,0,11,6936,7750,7750,50,220,220
5,False,-6.666666666666667,6.666666666666667,0,11,6986,7750,7750,50,220,220
6,False,21.666666666666668,21.333333333333332,43,31,6279,7750,7750,50,220,220
6,False,21.0,21.0,42,31,6329,7750,7750,50,220,220
6,False,20.333333333333332,20.666666666666668,41,31,6379,7750,7750,50,220,220
6,False,19.666666666666668,20.333333333333332,40,30,6429,7750,7750,50,220,220
6,False,19.0,20.0,39,30,6479,7750,7750,50,220,220
6,False,20.333333333333332,20.666666666666668,41,30,6529,7750,7750,50,220,220
6,False,17.666666666666668,19.333333333333332,37,29,6579,7750,7750,50,220,220
6,False,17.0,19.0,36,29,6629,7750,7750,50,220,220
6,False,16.0,18.0,34,28,6679,7750,7750,50,220,220
6,False,15.666666666666668,18.333333333333332,34,28,6729,7750,7750,50,220,220
6,False,15.0,18.0,33,28,6779,7750,7750,50,220,220
6,False,13.0,17.0,30,27,6829,7750,7750,50,220,220
6,False,13.333333333333332,16.666666666666668,30,27,6879,7750,7750,50,220,220
6,False,12.666666666666668,16.333333333333332,29,26,6929,7750,7750,50,220,220
6,False,12.0,16.0,28,26,6979,7750,7750,50,220,220
6,False,11.333333333333334,15.666666666666666,27,25,7029,7750,7750,50,220,220
6,False,10.666666666666666,15.333333333333334,26,25,7079,7750,7750,50,220,220
6,False,10.0,15.0,25,25,7129,7750,7750,50,220,220
6,False,8.666666666666666,14.333333333333334,23,24,7179,7750,7750,50,220,220
6,False,8.333333333333334,13.666666666666666,22,24,7229,7750,7750,50,220,220
1,False,-6.333333333333333,6.333333333333333,0,13,6522,7750,7750,50,220,220
1,False,-6.333333333333333,6.333333333333333,0,14,6572,7750,7750,50,220,220
1,False,-6.333333333333333,6.333333333333333,0,14,6622,7750,7750,50,220,220
1,False,-6.333333333333333,6.333333333333333,0,14,6672,7750,7750,50,220,220
1,False,-7.333333333333333,7.333333333333333,0,16,6722,7750,7750,50,220,220
1,False,-6.666666666666667,6.666666666666667,0,16,6772,7750,7750,50,220,220
1,False,-6.333333333333333,6.333333333333333,0,16,6822,7750,7750,50,220,220
1,False,-6.666666666666667,6.666666666666667,0,17,6872,7750,7750,50,220,220
1,False,-6.666666666666667,6.666666666666667,0,17,6922,7750,7750,50,220,220
1,False,-5.666666666666667,6.666666666666667,1,17,6972,7750,7750,50,220,220
1,False,-5.333333333333333,7.333333333333333,2,18,7022,7750,7750,50,220,220
1,False,-4.666666666666667,7.666666666666667,3,18,7072,7750,7750,50,220,220
1,False,-3.333333333333334,8.333333333333334,5,19,7122,7750,7750,50,220,220
1,False,-2.666666666666666,8.666666666666666,6,19,7172,7750,7750,50,220,220
1,False,-2.0,9.0,7,20,7222,7750,7750,50,220,220
1,False,-1.333333333333334,9.333333333333334,8,20,7272,7750,7750,50,220,220
1,False,-0.3333333333333339,10.333333333333334,10,21,7322,7750,7750,50,220,220
1,False,0.3333333333333339,10.666666666666666,11,21,7372,7750,7750,50,220,220
1,False,0.6666666666666661,11.333333333333334,12,21,7422,7750,7750,50,220,220
1,False,1.666666666666666,11.333333333333334,13,22,7472,7750,7750,50,220,220
2,False,24.0,23.0,47,34,6765,7750,7750,50,220,220
2,False,22.333333333333332,22.666666666666668,45,33,6815,7750,7750,50,220,220
2,False,21.666666666666668,22.333333333333332,44,33,6865,7750,7750,50,220,220
2,False,20.0,23.0,43,33,6915,7750,7750,50,220,220
2,False,20.333333333333332,21.666666666666668,42,32,6965,7750,7750,50,220,220
2,False,19.333333333333332,20.666666666666668,40,31,7015,7750,7750,50,220,220
2,False,19.333333333333332,20.666666666666668,40,31,7065,7750,7750,50,220,220
2,False,19.0,20.0,39,30,7115,7750,7750,50,220,220
2,False,17.333333333333332,19.666666666666668,37,30,7165,7750,7750,50,220,220
2,False,16.666666666666668,19.333333333333332,36,30,7215,7750,7750,50,220,220
2,False,16.0,19.0,35,29,7265,7750,7750,50,220,220
2,False,15.333333333333332,18.666666666666668,34,29,7315,7750,7750,50,220,220
2,False,14.0,18.0,32,28,7365,7750,7750,50,220,220
2,False,13.333333333333332,17.666666666666668,31,27,7415,7750,7750,50,220,220
2,False,12.666666666666668,17.333333333333332,30,28,7465,7750,7750,50,220,220
2,False,12.333333333333332,16.666666666666668,29,27,7515,7750,7750,50,220,220
2,False,10.666666666666668,16.333333333333332,27,26,7565,7750,7750,50,220,220
2,False,10.666666666666666,15.333333333333334,26,26,7615,7750,7750,50,220,220
2,False,10.666666666666666,15.333333333333334,26,26,7665,7750,7750,50,220,220
2,False,9.666666666666666,15.333333333333334,25,25,7715,7750,7750,50,220,220
3,False,-5.666666666666667,5.666666666666667,0,11,6008,7750,7750,50,220,220
3,False,-5.666666666666667,5.666666666666667,0,11,6058,7750,7750,50,220,220
3,False,-5.666666666666667,5.666666666666667,0,12,6108,7750,7750,50,220,220
3,False,-5.666666666666667,5.666666666666667,0,12,6158,7750,7750,50,220,220
3,False,-5.666666666666667,5.666666666666667,0,12,6208,7750,7750,50,220,220
3,False,-6.0,6.0,0,13,6258,7750,7750,50,220,220
3,False,-5.666666666666667,5.666666666666667,0,13,6308,7750,7750,50,220,220
3,False,-6.0,6.0,0,14,6358,7750,7750,50,220,220
3,False,-6.0,6.0,0,14,6408,7750,7750,50,220,220
3,False,-6.0,6.0,0,14,6458,7750,7750,50,220,220
3,False,-6.0,6.0,0,14,6508,7750,7750,50,220,220
3,False,-6.0,6.0,0,15,6558,7750,7750,50,220,220
3,False,-5.666666666666667,5.666666666666667,0,15,6608,7750,7750,50,220,220
3,False,-6.0,6.0,0,16,6658,7750,7750,50,220,220
3,False,-5.666666666666667,5.666666666666667,0,16,6708,7750,7750,50,220,220
3,False,-5.333333333333333,6.333333333333333,1,16,6758,7750,7750,50,220,220
3,False,-5.333333333333333,6.333333333333333,1,17,6808,7750,7750,50,220,220
3,False,-4.0,7.0,3,17,6858,7750,7750,50,220,220
3,False,-3.333333333333333,7.333333333333333,4,18,6908,7750,7750,50,220,220
3,False,-2.333333333333333,7.333333333333333,5,18,6958,7750,7750,50,220,220
4,False,19.666666666666668,21.333333333333332,41,32,6252,7750,7750,50,220,220
4,False,17.333333333333332,21.666666666666668,39,32,6302,7750,7750,50,220,220
4,False,17.0,20.0,37,31,6352,7750,7750,50,220,220
4,False,16.666666666666668,19.333333333333332,36,31,6402,7750,7750,50,220,220
4,False,15.0,19.0,34,30,6452,7750,7750,50,220,220
4,False,14.333333333333332,18.666666666666668,33,29,6502,7750,7750,50,220,220
4,False,14.0,18.0,32,28,6552,7750,7750,50,220,220
4,False,12.666666666666668,17.333333333333332,30,28,6602,7750,7750,50,220,220
4,False,11.333333333333332,16.666666666666668,28,27,6652,7750,7750,50,220,220
4,False,10.0,16.0,26,27,6702,7750,7750,50,220,220
4,False,9.333333333333334,15.666666666666666,25,26,6752,7750,7750,50,220,220
4,False,8.666666666666666,15.333333333333334,24,26,6802,7750,7750,50,220,220
4,False,7.333333333333334,14.666666666666666,22,25,6852,7750,7750,50,220,220
4,False,6.666666666666666,14.333333333333334,21,25,6902,7750,7750,50,220,220
4,False,5.666666666666666,13.333333333333334,19,24,6952,7750,7750,50,220,220
4,False,4.666666666666666,13.333333333333334,18,23,7002,7750,7750,50,220,220
4,False,3.666666666666666,12.333333333333334,16,23,7052,7750,7750,50,220,220
4,False,3.0,12.0,15,22,7102,7750,7750,50,220,220
4,False,1.666666666666666,11.333333333333334,13,22,7152,7750,7750,50,220,220
4,False,1.0,11.0,12,21,7202,7750,7750,50,220,220
5,False,-7.666666666666667,7.666666666666667,0,5,6487,7750,7750,50,220,220
5,False,-6.666666666666667,6.666666666666667,0,6,6537,7750,7750,50,220,220
5,False,-6.666666666666667,6.666666666666667,0,6,6587,7750,7750,50,220,220
5,False,-6.666666666666667,6.666666666666667,0,6,6637,7750,7750,50,220,220
5,False,-6.666666666666667,6.666666666666667,0,6,6687,7750,7750,50,220,220
5,False,-6.666666666666667,6.666666666666667,0,7,6737,7750,7750,50,220,220
5,False,-6.666666666666667,6.666666666666667,0,7,6787,7750,7750,50,220,220
5,False,-6.666666666666667,6.666666666666667,0,7,6837,7750,7750,50,220,220
5,False,-6.666666666666667,6.666666666666667,0,8,6887,7750,7750,50,220,220
5,False,-6.666666666666667,6.666666666666667,0,8,6937,7750,7750,50,220,220
5,False,-6.666666666666667,6.666666666666667,0,9,6987,7750,7750,50,220,220
5,False,-6.666666666666667,6.666666666666667,0,10,7037,7750,7750,50,220,220
5,False,-6.666666666666667,6.666666666666667,0,9,7087,7750,7750,50,220,220
5,False,-7.0,7.0,0,10,7137,7750,7750,50,220,220
5,False,-6.666666666666667,6.666666666666667,0,10,7187,7750,7750,50,220,220
5,False,-6.666666666666667,6.666666666666667,0,11,7237,7750,7750,50,220,220
5,False,-6.666666666666667,6.666666666666667,0,11,7287,7750,7750,50,220,220
5,False,-6.666666666666667,6.666666666666667,0,12,7337,7750,7750,50,220,220
5,False,-6.666666666666667,6.666666666666667,0,12,7387,7750,7750,50,220,220
5,False,-6.666666666666667,6.666666666666667,0,13,7437,7750,7750,50,220,220
6,False,11.333333333333334,15.666666666666666,27,26,6730,7750,7750,50,220,220
6,False,11.333333333333334,15.666666666666666,27,25,6780,7750,7750,50,220,220
6,False,10.0,15.0,25,25,6830,7750,7750,50,220,220
6,False,8.666666666666666,14.333333333333334,23,24,6880,7750,7750,50,220,220
6,False,8.333333333333334,13.666666666666666,22,24,6930,7750,7750,50,220,220
6,False,7.666666666666666,13.333333333333334,21,24,6980,7750,7750,50,220,220
6,False,7.0,13.0,20,23,7030,7750,7750,50,220,220
6,False,6.333333333333334,12.666666666666666,19,22,7080,7750,7750,50,220,220
6,False,5.666666666666666,12.333333333333334,18,22,7130,7750,7750,50,220,220
6,False,5.0,12.0,17,22,7180,7750,7750,50,220,220
6,False,3.666666666666666,11.333333333333334,15,21,7230,7750,7750,50,220,220
6,False,3.0,11.0,14,21,7280,7750,7750,50,220,220
6,False,2.333333333333334,10.666666666666666,13,20,7330,7750,7750,50,220,220
6,False,2.0,10.0,12,20,7380,7750,7750,50,220,220
6,False,0.6666666666666661,9.333333333333334,10,20,7430,7750,7750,50,220,220
6,False,0.0,9.0,9,19,7480,7750,7750,50,220,220
6,False,-0.6666666666666661,8.666666666666666,8,19,7530,7750,7750,50,220,220
6,False,-0.6666666666666661,8.666666666666666,8,18,7580,7750,7750,50,220,220
6,False,-2.0,8.0,6,18,7630,7750,7750,50,220,220
6,False,-0.6666666666666661,8.666666666666666,8,18,7680,7750,7750,50,220,220
1,False,-6.0,6.0,0,4,5972,7500,7500,50,220,220
1,False,-6.0,6.0,0,5,6022,7500,7500,50,220,220
1,False,-6.0,6.0,0,5,6072,7500,7500,50,220,220
1,False,-6.0,6.0,0,6,6122,7500,7500,50,220,220
1,False,-6.333333333333333,6.333333333333333,0,7,6172,7500,7500,50,220,220
1,False,-6.0,6.0,0,7,6222,7500,7500,50,220,220
1,False,-6.0,6.0,0,7,6272,7500,7500,50,220,220
1,False,-6.0,6.0,0,8,6322,7500,7500,50,220,220
1,False,-6.0,6.0,0,8,6372,7500,7500,50,220,220
1,False,-6.0,6.0,0,8,6422,7500,7500,50,220,220
1,False,-6.0,6.0,0,9,6472,7500,7500,50,220,220
1,False,-6.0,6.0,0,10,6522,7500,7500,50,220,220
1,False,-6.0,6.0,0,10,6572,7500,7500,50,220,220
1,False,-6.0,6.0,0,10,6622,7500,7500,50,220,220
1,False,-6.0,6.0,0,11,6672,7500,7500,50,220,220
1,False,-6.0,6.0,0,11,6722,7500,7500,50,220,220
1,False,-6.333333333333333,6.333333333333333,0,12,6772,7500,7500,50,220,220
1,False,-6.333333333333333,6.333333333333333,0,12,6822,7500,7500,50,220,220
1,False,-7.0,7.0,0,14,6872,7500,7500,50,220,220
1,False,-6.333333333333333,6.333333333333333,0,14,6922,7500,7500,50,220,220
2,False,16.666666666666668,19.333333333333332,36,30,6465,7500,7500,50,220,220
2,False,16.0,19.0,35,29,6515,7500,7500,50,220,220
2,False,15.333333333333332,18.666666666666668,34,29,6565,7500,7500,50,220,220
2,False,14.0,18.0,32,28,6615,7500,7500,50,220,220
2,False,14.0,18.0,32,28,6665,7500,7500,50,220,220
2,False,13.0,17.0,30,28,6715,7500,7500,50,220,220
2,False,12.666666666666668,17.333333333333332,30,27,6765,7500,7500,50,220,220
2,False,12.0,17.0,29,27,6815,7500,7500,50,220,220
2,False,11.666666666666668,16.333333333333332,28,26,6865,7500,7500,50,220,220
2,False,10.666666666666666,15.333333333333334,26,26,6915,7500,7500,50,220,220
2,False,10.666666666666666,15.333333333333334,26,26,6965,7500,7500,50,220,220
2,False,9.666666666666666,15.333333333333334,25,25,7015,7500,7500,50,220,220
2,False,9.333333333333334,14.666666666666666,24,25,7065,7500,7500,50,220,220
2,False,8.0,14.0,22,25,7115,7500,7500,50,220,220
2,False,7.666666666666666,14.333333333333334,22,24,7165,7500,7500,50,220,220
2,False,7.333333333333334,13.666666666666666,21,24,7215,7500,7500,50,220,220
2,False,6.0,13.0,19,23,7265,7500,7500,50,220,220
2,False,5.0,14.0,19,24,7315,7500,7500,50,220,220
2,False,5.333333333333334,12.666666666666666,18,23,7365,7500,7500,50,220,220
2,False,4.666666666666666,12.333333333333334,17,23,7415,7500,7500,50,220,220
3,False,-5.666666666666667,5.666666666666667,0,4,5958,7500,7500,50,220,220
3,False,-5.666666666666667,5.666666666666667,0,4,6008,7500,7500,50,220,220
3,False,-5.666666666666667,5.666666666666667,0,5,6058,7500,7500,50,220,220
3,False,-5.666666666666667,5.666666666666667,0,5,6108,7500,7500,50,220,220
3,False,-5.666666666666667,5.666666666666667,0,6,6158,7500,7500,50,220,220
3,False,-5.666666666666667,5.666666666666667,0,6,6208,7500,7500,50,220,220
3,False,-5.666666666666667,5.666666666666667,0,6,6258,7500,7500,50,220,220
3,False,-5.666666666666667,5.666666666666667,0,7,6308,7500,7500,50,220,220
3,False,-5.666666666666667,5.666666666666667,0,7,6358,7500,7500,50,220,220
3,False,-5.666666666666667,5.666666666666667,0,8,6408,7500,7500,50,220,220
3,False,-5.666666666666667,5.666666666666667,0,8,6458,7500,7500,50,220,220
3,False,-5.666666666666667,5.666666666666667,0,9,6508,7500,7500,50,220,220
3,False,-5.666666666666667,5.666666666666667,0,9,6558,7500,7500,50,220,220
3,False,-5.666666666666667,5.666666666666667,0,9,6608,7500,7500,50,220,220
3,False,-5.666666666666667,5.666666666666667,0,10,6658,7500,7500,50,220,220
3,False,-5.666666666666667,5.666666666666667,0,10,6708,7500,7500,50,220,220
3,False,-6.0,6.0,0,11,6758,7500,7500,50,220,220
3,False,-6.0,6.0,0,12,6808,7500,7500,50,220,220
3,False,-6.0,6.0,0,12,6858,7500,7500,50,220,220
3,False,-6.0,6.0,0,12,6908,7500,7500,50,220,220
4,False,6.0,14.0,20,24,6452,7500,7500,50,220,220
4,False,5.666666666666666,13.333333333333334,19,24,6502,7500,7500,50,220,220
4,False,5.0,13.0,18,24,6552,7500,7500,50,220,220
4,False,4.333333333333334,12.666666666666666,17,23,6602,7500,7500,50,220,220
4,False,3.666666666666666,12.333333333333334,16,22,6652,7500,7500,50,220,220
4,False,3.0,12.0,15,22,6702,7500,7500,50,220,220
4,False,2.333333333333334,11.666666666666666,14,22,6752,7500,7500,50,220,220
4,False,1.666666666666666,11.333333333333334,13,21,6802,7500,7500,50,220,220
4,False,0.3333333333333339,10.666666666666666,11,21,6852,7500,7500,50,220,220
4,False,-0.3333333333333339,10.333333333333334,10,21,6902,7500,7500,50,220,220
4,False,-1.0,10.0,9,20,6952,7500,7500,50,220,220
4,False,-1.333333333333334,9.333333333333334,8,20,7002,7500,7500,50,220,220
4,False,-2.0,9.0,7,19,7052,7500,7500,50,220,220
4,False,-3.0,9.0,6,19,7102,7500,7500,50,220,220
4,False,-3.333333333333334,8.333333333333334,5,18,7152,7500,7500,50,220,220
4,False,-5.0,9.0,4,19,7202,7500,7500,50,220,220
4,False,-4.666666666666667,7.666666666666667,3,18,7252,7500,7500,50,220,220
4,False,-6.0,7.0,1,18,7302,7500,7500,50,220,220
4,False,-6.666666666666667,6.666666666666667,0,17,7352,7500,7500,50,220,220
4,False,-6.666666666666667,6.666666666666667,0,17,7402,7500,7500,50,220,220
5,False,-6.333333333333333,6.333333333333333,0,2,5937,7500,7500,50,220,220
5,False,-6.666666666666667,6.666666666666667,0,2,5987,7500,7500,50,220,220
5,False,-6.666666666666667,6.666666666666667,0,3,6037,7500,7500,50,220,220
5,False,-6.666666666666667,6.666666666666667,0,4,6087,7500,7500,50,220,220
5,False,-6.666666666666667,6.666666666666667,0,4,6137,7500,7500,50,220,220
5,False,-6.666666666666667,6.666666666666667,0,4,6187,7500,7500,50,220,220
5,False,-6.333333333333333,6.333333333333333,0,5,6237,7500,7500,50,220,220
5,False,-6.666666666666667,6.666666666666667,0,5,6287,7500,7500,50,220,220
5,False,-6.666666666666667,6.666666666666667,0,6,6337,7500,7500,50,220,220
5,False,-6.666666666666667,6.666666666666667,0,6,6387,7500,7500,50,220,220
5,False,-6.666666666666667,6.666666666666667,0,7,6437,7500,7500,50,220,220
5,False,-6.666666666666667,6.666666666666667,0,8,6487,7500,7500,50,220,220
5,False,-6.666666666666667,6.666666666666667,0,8,6537,7500,7500,50,220,220
5,False,-7.0,7.0,0,8,6587,7500,7500,50,220,220
5,False,-7.666666666666667,7.666666666666667,0,9,6637,7500,7500,50,220,220
5,False,-6.666666666666667,6.666666666666667,0,9,6687,7500,7500,50,220,220
5,False,-6.666666666666667,6.666666666666667,0,10,6737,7500,7500,50,220,220
5,False,-6.666666666666667,6.666666666666667,0,10,6787,7500,7500,50,220,220
5,False,-6.666666666666667,6.666666666666667,0,11,6837,7500,7500,50,220,220
5,False,-6.666666666666667,6.666666666666667,0,12,6887,7500,7500,50,220,220
6,False,19.0,20.0,39,30,6430,7500,7500,50,220,220
6,False,18.333333333333332,19.666666666666668,38,30,6480,7500,7500,50,220,220
6,False,18.333333333333332,19.666666666666668,38,30,6530,7500,7500,50,220,220
6,False,17.666666666666668,19.333333333333332,37,29,6580,7500,7500,50,220,220
6,False,16.333333333333332,18.666666666666668,35,29,6630,7500,7500,50,220,220
6,False,15.666666666666668,18.333333333333332,34,28,6680,7500,7500,50,220,220
6,False,15.333333333333332,17.666666666666668,33,28,6730,7500,7500,50,220,220
6,False,14.333333333333332,17.666666666666668,32,27,6780,7500,7500,50,220,220
6,False,14.0,17.0,31,27,6830,7500,7500,50,220,220
6,False,13.666666666666668,17.333333333333332,31,26,6880,7500,7500,50,220,220
6,False,13.333333333333332,16.666666666666668,30,26,6930,7500,7500,50,220,220
6,False,12.666666666666668,16.333333333333332,29,26,6980,7500,7500,50,220,220
6,False,11.333333333333334,15.666666666666666,27,26,7030,7500,7500,50,220,220
6,False,12.666666666666668,16.333333333333332,29,26,7080,7500,7500,50,220,220
6,False,10.666666666666666,15.333333333333334,26,25,7130,7500,7500,50,220,220
6,False,9.666666666666666,14.333333333333334,24,25,7180,7500,7500,50,220,220
6,False,9.0,14.0,23,24,7230,7500,7500,50,220,220
6,False,8.0,14.0,22,24,7280,7500,7500,50,220,220
6,False,8.0,14.0,22,23,7330,7500,7500,50,220,220
6,False,7.0,13.0,20,23,7380,7500,7500,50,220,220
1,False,-6.0,6.0,0,7,5924,7500,7500,50,220,220
1,False,-6.0,6.0,0,8,5974,7500,7500,50,220,220
1,False,-6.0,6.0,0,8,6024,7500,7500,50,220,220
1,False,-6.0,6.0,0,8,6074,7500,7500,50,220,220
1,False,-6.0,6.0,0,9,6124,7500,7500,50,220,220
1,False,-6.333333333333333,6.333333333333333,0,9,6174,7500,7500,50,220,220
1,False,-6.0,6.0,0,10,6224,7500,7500,50,220,220
1,False,-6.0,6.0,0,11,6274,7500,7500,50,220,220
1,False,-6.0,6.0,0,11,6324,7500,7500,50,220,220
1,False,-6.333333333333333,6.333333333333333,0,12,6374,7500,7500,50,220,220
1,False,-6.0,6.0,0,12,6424,7500,7500,50,220,220
1,False,-6.0,6.0,0,13,6474,7500,7500,50,220,220
1,False,-7.0,7.0,0,14,6524,7500,7500,50,220,220
1,False,-6.333333333333333,6.333333333333333,0,14,6574,7500,7500,50,220,220
1,False,-6.0,6.0,0,14,6624,7500,7500,50,220,220
1,False,-6.666666666666667,6.666666666666667,0,14,6674,7500,7500,50,220,220
1,False,-6.0,6.0,0,15,6724,7500,7500,50,220,220
1,False,-6.666666666666667,6.666666666666667,0,16,6774,7500,7500,50,220,220
1,False,-6.666666666666667,6.666666666666667,0,16,6824,7500,7500,50,220,220
1,False,-6.333333333333333,6.333333333333333,0,17,6874,7500,7500,50,220,220
2,False,24.333333333333332,23.666666666666668,48,34,6417,7500,7500,50,220,220
2,False,23.666666666666668,23.333333333333332,47,34,6467,7500,7500,50,220,220
2,False,23.666666666666668,23.333333333333332,47,34,6517,7500,7500,50,220,220
2,False,22.333333333333332,22.666666666666668,45,33,6567,7500,7500,50,220,220
2,False,21.666666666666668,22.333333333333332,44,33,6617,7500,7500,50,220,220
2,False,21.333333333333332,21.666666666666668,43,32,6667,7500,7500,50,220,220
2,False,20.333333333333332,21.666666666666668,42,32,6717,7500,7500,50,220,220
2,False,20.0,21.0,41,32,6767,7500,7500,50,220,220
2,False,18.666666666666668,20.333333333333332,39,31,6817,7500,7500,50,220,220
2,False,18.666666666666668,20.333333333333332,39,31,6867,7500,7500,50,220,220
2,False,18.0,20.0,38,31,6917,7500,7500,50,220,220
2,False,16.333333333333332,20.666666666666668,37,30,6967,7500,7500,50,220,220
2,False,16.0,19.0,35,29,7017,7500,7500,50,220,220
2,False,15.333333333333332,18.666666666666668,34,29,7067,7500,7500,50,220,220
2,False,14.666666666666668,18.333333333333332,33,28,7117,7500,7500,50,220,220
2,False,14.0,18.0,32,28,7167,7500,7500,50,220,220
2,False,13.333333333333332,17.666666666666668,31,28,7217,7500,7500,50,220,220
2,False,12.666666666666668,17.333333333333332,30,27,7267,7500,7500,50,220,220
2,False,12.333333333333332,16.666666666666668,29,27,7317,7500,7500,50,220,220
2,False,11.666666666666668,16.333333333333332,28,26,7367,7500,7500,50,220,220
3,False,-5.666666666666667,5.666666666666667,0,10,5907,7500,7500,50,220,220
3,False,-5.666666666666667,5.666666666666667,0,10,5957,7500,7500,50,220,220
3,False,-5.666666666666667,5.666666666666667,0,10,6007,7500,7500,50,220,220
3,False,-5.666666666666667,5.666666666666667,0,11,6057,7500,7500,50,220,220
3,False,-5.666666666666667,5.666666666666667,0,12,6107,7500,7500,50,220,220
3,False,-5.666666666666667,5.666666666666667,0,12,6157,7500,7500,50,220,220
3,False,-5.666666666666667,5.666666666666667,0,12,6207,7500,7500,50,220,220
3,False,-5.666666666666667,5.666666666666667,0,13,6257,7500,7500,50,220,220
3,False,-6.0,6.0,0,13,6307,7500,7500,50,220,220
3,False,-5.666666666666667,5.666666666666667,0,13,6357,7500,7500,50,220,220
3,False,-6.0,6.0,0,14,6407,7500,7500,50,220,220
3,False,-6.0,6.0,0,14,6457,7500,7500,50,220,220
3,False,-6.0,6.0,0,15,6507,7500,7500,50,220,220
3,False,-6.0,6.0,0,15,6557,7500,7500,50,220,220
3,False,-6.0,6.0,0,15,6607,7500,7500,50,220,220
3,False,-6.0,6.0,0,15,6657,7500,7500,50,220,220
3,False,-6.0,6.0,0,16,6707,7500,7500,50,220,220
3,False,-6.0,6.0,0,16,6757,7500,7500,50,220,220
3,False,-5.333333333333333,6.333333333333333,1,16,6807,7500,7500,50,220,220
3,False,-5.333333333333333,6.333333333333333,1,17,6857,7500,7500,50,220,220
4,False,19.666666666666668,21.333333333333332,41,32,6390,7500,7500,50,220,220
4,False,19.0,21.0,40,32,6440,7500,7500,50,220,220
4,False,18.333333333333332,20.666666666666668,39,32,6490,7500,7500,50,220,220
4,False,17.666666666666668,20.333333333333332,38,31,6540,7500,7500,50,220,220
4,False,16.333333333333332,19.666666666666668,36,30,6590,7500,7500,50,220,220
4,False,15.666666666666668,19.333333333333332,35,30,6640,7500,7500,50,220,220
4,False,14.666666666666668,18.333333333333332,33,29,6690,7500,7500,50,220,220
4,False,14.0,18.0,32,29,6740,7500,7500,50,220,220
4,False,12.666666666666668,17.333333333333332,30,28,6790,7500,7500,50,220,220
4,False,11.0,18.0,29,28,6840,7500,7500,50,220,220
4,False,12.0,17.0,29,27,6890,7500,7500,50,220,220
4,False,10.666666666666668,16.333333333333332,27,27,6940,7500,7500,50,220,220
4,False,10.0,16.0,26,26,6990,7500,7500,50,220,220
4,False,8.666666666666666,15.333333333333334,24,26,7040,7500,7500,50,220,220
4,False,8.0,15.0,23,26,7090,7500,7500,50,220,220
4,False,7.333333333333334,14.666666666666666,22,25,7140,7500,7500,50,220,220
4,False,6.333333333333334,13.666666666666666,20,24,7190,7500,7500,50,220,220
4,False,5.666666666666666,13.333333333333334,19,24,7240,7500,7500,50,220,220
4,False,5.0,13.0,18,23,7290,7500,7500,50,220,220
4,False,4.333333333333334,12.666666666666666,17,23,7340,7500,7500,50,220,220
5,False,-6.666666666666667,6.666666666666667,0,6,5883,7500,7500,50,220,220
5,False,-6.666666666666667,6.666666666666667,0,7,5933,7500,7500,50,220,220
5,False,-6.666666666666667,6.666666666666667,0,7,5983,7500,7500,50,220,220
5,False,-6.666666666666667,6.666666666666667,0,7,6033,7500,7500,50,220,220
5,False,-6.666666666666667,6.666666666666667,0,8,6083,7500,7500,50,220,220
5,False,-6.666666666666667,6.666666666666667,0,8,6133,7500,7500,50,220,220
5,False,-6.666666666666667,6.666666666666667,0,8,6183,7500,7500,50,220,220
5,False,-6.666666666666667,6.666666666666667,0,9,6233,7500,7500,50,220,220
5,False,-7.666666666666667,7.666666666666667,0,10,6283,7500,7500,50,220,220
5,False,-6.666666666666667,6.666666666666667,0,10,6333,7500,7500,50,220,220
5,False,-6.666666666666667,6.666666666666667,0,10,6383,7500,7500,50,220,220
5,False,-6.666666666666667,6.666666666666667,0,11,6433,7500,7500,50,220,220
5,False,-6.666666666666667,6.666666666666667,0,11,6483,7500,7500,50,220,220
5,False,-7.0,7.0,0,11,6533,7500,7500,50,220,220
5,False,-6.666666666666667,6.666666666666667,0,12,6583,7500,7500,50,220,220
5,False,-7.0,7.0,0,12,6633,7500,7500,50,220,220
5,False,-6.666666666666667,6.666666666666667,0,12,6683,7500,7500,50,220,220
5,False,-6.666666666666667,6.666666666666667,0,12,6733,7500,7500,50,220,220
5,False,-6.666666666666667,6.666666666666667,0,13,6783,7500,7500,50,220,220
5,False,-7.0,7.0,0,13,6833,7500,7500,50,220,220
6,False,17.0,19.0,36,29,6376,7500,7500,50,220,220
6,False,15.666666666666668,18.333333333333332,34,28,6426,7500,7500,50,220,220
6,False,15.0,18.0,33,28,6476,7500,7500,50,220,220
6,False,14.666666666666668,17.333333333333332,32,27,6526,7500,7500,50,220,220
6,False,13.333333333333332,16.666666666666668,30,27,6576,7500,7500,50,220,220
6,False,12.666666666666668,16.333333333333332,29,26,6626,7500,7500,50,220,220
6,False,12.0,16.0,28,26,6676,7500,7500,50,220,220
6,False,12.666666666666668,16.333333333333332,29,25,6726,7500,7500,50,220,220
6,False,10.0,15.0,25,25,6776,7500,7500,50,220,220
6,False,8.666666666666666,14.333333333333334,23,24,6826,7500,7500,50,220,220
6,False,8.0,14.0,22,24,6876,7500,7500,50,220,220
6,False,7.666666666666666,13.333333333333334,21,23,6926,7500,7500,50,220,220
6,False,6.0,13.0,19,23,6976,7500,7500,50,220,220
6,False,5.666666666666666,12.333333333333334,18,22,7026,7500,7500,50,220,220
6,False,5.0,12.0,17,22,7076,7500,7500,50,220,220
6,False,4.666666666666666,11.333333333333334,16,22,7126,7500,7500,50,220,220
6,False,3.333333333333334,10.666666666666666,14,21,7176,7500,7500,50,220,220
6,False,2.666666666666666,10.333333333333334,13,21,7226,7500,7500,50,220,220
6,False,1.666666666666666,10.333333333333334,12,20,7276,7500,7500,50,220,220
6,False,1.333333333333334,9.666666666666666,11,20,7326,7500,7500,50,220,220
1,False,-6.0,6.0,0,4,5869,7500,7500,50,220,220
1,False,-6.0,6.0,0,4,5919,7500,7500,50,220,220
1,False,-6.0,6.0,0,5,5969,7500,7500,50,220,220
1,False,-6.0,6.0,0,6,6019,7500,7500,50,220,220
1,False,-6.0,6.0,0,6,6069,7500,7500,50,220,220
1,False,-6.0,6.0,0,5,6119,7500,7500,50,220,220
1,False,-6.333333333333333,6.333333333333333,0,7,6169,7500,7500,50,220,220
1,False,-6.0,6.0,0,7,6219,7500,7500,50,220,220
1,False,-6.0,6.0,0,7,6269,7500,7500,50,220,220
1,False,-6.0,6.0,0,8,6319,7500,7500,50,220,220
1,False,-6.0,6.0,0,8,6369,7500,7500,50,220,220
1,False,-6.0,6.0,0,9,6419,7500,7500,50,220,220
1,False,-6.333333333333333,6.333333333333333,0,9,6469,7500,7500,50,220,220
1,False,-6.0,6.0,0,10,6519,7500,7500,50,220,220
1,False,-6.0,6.0,0,10,6569,7500,7500,50,220,220
1,False,-6.0,6.0,0,10,6619,7500,7500,50,220,220
1,False,-6.0,6.0,0,11,6669,7500,7500,50,220,220
1,False,-6.333333333333333,6.333333333333333,0,11,6719,7500,7500,50,220,220
1,False,-6.0,6.0,0,12,6769,7500,7500,50,220,220
1,False,-6.0,6.0,0,12,6819,7500,7500,50,220,220
2,False,22.333333333333332,22.666666666666668,45,34,6362,7500,7500,50,220,220
2,False,21.0,22.0,43,33,6412,7500,7500,50,220,220
2,False,20.333333333333332,21.666666666666668,42,32,6462,7500,7500,50,220,220
2,False,20.333333333333332,20.666666666666668,41,32,6512,7500,7500,50,220,220
2,False,19.666666666666668,21.333333333333332,41,31,6562,7500,7500,50,220,220
2,False,17.666666666666668,21.333333333333332,39,31,6612,7500,7500,50,220,220
2,False,18.0,20.0,38,31,6662,7500,7500,50,220,220
2,False,17.333333333333332,19.666666666666668,37,30,6712,7500,7500,50,220,220
2,False,16.0,19.0,35,30,6762,7500,7500,50,220,220
2,False,15.333333333333332,18.666666666666668,34,29,6812,7500,7500,50,220,220
2,False,14.666666666666668,18.333333333333332,33,29,6862,7500,7500,50,220,220
2,False,13.333333333333332,17.666666666666668,31,28,6912,7500,7500,50,220,220
2,False,13.333333333333332,17.666666666666668,31,28,6962,7500,7500,50,220,220
2,False,12.333333333333332,16.666666666666668,29,27,7012,7500,7500,50,220,220
2,False,11.333333333333332,16.666666666666668,28,27,7062,7500,7500,50,220,220
2,False,11.0,16.0,27,26,7112,7500,7500,50,220,220
2,False,10.333333333333334,15.666666666666666,26,26,7162,7500,7500,50,220,220
2,False,10.0,15.0,25,25,7212,7500,7500,50,220,220
2,False,8.333333333333334,14.666666666666666,23,25,7262,7500,7500,50,220,220
2,False,8.0,14.0,22,24,7312,7500,7500,50,220,220
3,False,-5.666666666666667,5.666666666666667,0,6,5855,7500,7500,50,220,220
3,False,-5.666666666666667,5.666666666666667,0,7,5905,7500,7500,50,220,220
3,False,-5.666666666666667,5.666666666666667,0,7,5955,7500,7500,50,220,220
3,False,-5.666666666666667,5.666666666666667,0,7,6005,7500,7500,50,220,220
3,False,-5.666666666666667,5.666666666666667,0,8,6055,7500,7500,50,220,220
3,False,-5.666666666666667,5.666666666666667,0,8,6105,7500,7500,50,220,220
3,False,-5.666666666666667,5.666666666666667,0,9,6155,7500,7500,50,220,220
3,False,-5.666666666666667,5.666666666666667,0,9,6205,7500,7500,50,220,220
3,False,-5.666666666666667,5.666666666666667,0,9,6255,7500,7500,50,220,220
3,False,-5.666666666666667,5.666666666666667,0,9,6305,7500,7500,50,220,220
3,False,-5.666666666666667,5.666666666666667,0,10,6355,7500,7500,50,220,220
3,False,-5.666666666666667,5.666666666666667,0,10,6405,7500,7500,50,220,220
3,False,-5.666666666666667,5.666666666666667,0,11,6455,7500,7500,50,220,220
3,False,-5.666666666666667,5.666666666666667,0,11,6505,7500,7500,50,220,220
3,False,-5.666666666666667,5.666666666666667,0,12,6555,7500,7500,50,220,220
3,False,-6.0,6.0,0,12,6605,7500,7500,50,220,220
3,False,-5.666666666666667,5.666666666666667,0,12,6655,7500,7500,50,220,220
3,False,-6.0,6.0,0,13,6705,7500,7500,50,220,220
3,False,-6.0,6.0,0,13,6755,7500,7500,50,220,220
3,False,-5.666666666666667,5.666666666666667,0,14,6805,7500,7500,50,220,220
4,False,10.666666666666668,16.333333333333332,27,27,6338,7500,7500,50,220,220
4,False,10.0,16.0,26,27,6388,7500,7500,50,220,220
4,False,9.333333333333334,15.666666666666666,25,26,6438,7500,7500,50,220,220
4,False,7.666666666666668,16.333333333333332,24,26,6488,7500,7500,50,220,220
4,False,8.0,15.0,23,25,6538,7500,7500,50,220,220
4,False,7.333333333333334,14.666666666666666,22,25,6588,7500,7500,50,220,220
4,False,6.666666666666666,14.333333333333334,21,25,6638,7500,7500,50,220,220
4,False,5.666666666666666,13.333333333333334,19,23,6688,7500,7500,50,220,220
4,False,5.0,13.0,18,23,6738,7500,7500,50,220,220
4,False,5.0,13.0,18,23,6788,7500,7500,50,220,220
4,False,3.666666666666666,12.333333333333334,16,23,6838,7500,7500,50,220,220
4,False,2.333333333333334,11.666666666666666,14,22,6888,7500,7500,50,220,220
4,False,1.666666666666666,11.333333333333334,13,22,6938,7500,7500,50,220,220
4,False,1.0,11.0,12,21,6988,7500,7500,50,220,220
4,False,0.3333333333333339,10.666666666666666,11,21,7038,7500,7500,50,220,220
4,False,-0.3333333333333339,10.333333333333334,10,20,7088,7500,7500,50,220,220
4,False,-1.666666666666666,9.666666666666666,8,20,7138,7500,7500,50,220,220
4,False,-1.333333333333334,9.333333333333334,8,20,7188,7500,7500,50,220,220
4,False,-3.0,9.0,6,19,7238,7500,7500,50,220,220
4,False,-3.666666666666666,8.666666666666666,5,19,7288,7500,7500,50,220,220
5,False,-6.333333333333333,6.333333333333333,0,0,5831,7500,7500,50,220,220
5,False,-6.333333333333333,6.333333333333333,0,0,5881,7500,7500,50,220,220
5,False,-7.666666666666667,7.666666666666667,0,0,5931,7500,7500,50,220,220
5,False,-6.666666666666667,6.666666666666667,0,0,5981,7500,7500,50,220,220
5,False,-6.333333333333333,6.333333333333333,0,1,6031,7500,7500,50,220,220
5,False,-6.333333333333333,6.333333333333333,0,1,6081,7500,7500,50,220,220
5,False,-6.666666666666667,6.666666666666667,0,1,6131,7500,7500,50,220,220
5,False,-6.333333333333333,6.333333333333333,0,2,6181,7500,7500,50,220,220
5,False,-6.666666666666667,6.666666666666667,0,2,6231,7500,7500,50,220,220
5,False,-6.666666666666667,6.666666666666667,0,2,6281,7500,7500,50,220,220
5,False,-6.666666666666667,6.666666666666667,0,3,6331,7500,7500,50,220,220
5,False,-6.666666666666667,6.666666666666667,0,3,6381,7500,7500,50,220,220
5,False,-6.666666666666667,6.666666666666667,0,4,6431,7500,7500,50,220,220
5,False,-6.666666666666667,6.666666666666667,0,5,6481,7500,7500,50,220,220
5,False,-6.666666666666667,6.666666666666667,0,5,6531,7500,7500,50,220,220
5,False,-6.666666666666667,6.666666666666667,0,5,6581,7500,7500,50,220,220
5,False,-6.666666666666667,6.666666666666667,0,6,6631,7500,7500,50,220,220
5,False,-6.666666666666667,6.666666666666667,0,6,6681,7500,7500,50,220,220
5,False,-6.666666666666667,6.666666666666667,0,6,6731,7500,7500,50,220,220
5,False,-6.666666666666667,6.666666666666667,0,7,6781,7500,7500,50,220,220
6,False,9.333333333333334,14.666666666666666,24,25,6324,7500,7500,50,220,220
6,False,11.0,15.0,26,24,6374,7500,7500,50,220,220
6,False,8.0,14.0,22,24,6424,7500,7500,50,220,220
6,False,7.666666666666666,13.333333333333334,21,23,6474,7500,7500,50,220,220
6,False,7.0,13.0,20,23,6524,7500,7500,50,220,220
6,False,6.333333333333334,12.666666666666666,19,22,6574,7500,7500,50,220,220
6,False,5.666666666666666,12.333333333333334,18,22,6624,7500,7500,50,220,220
6,False,5.0,12.0,17,22,6674,7500,7500,50,220,220
6,False,4.333333333333334,11.666666666666666,16,21,6724,7500,7500,50,220,220
6,False,3.666666666666666,11.333333333333334,15,21,6774,7500,7500,50,220,220
6,False,3.0,11.0,14,21,6824,7500,7500,50,220,220
6,False,2.333333333333334,10.666666666666666,13,20,6874,7500,7500,50,220,220
6,False,1.666666666666666,10.333333333333334,12,20,6924,7500,7500,50,220,220
6,False,1.0,10.0,11,20,6974,7500,7500,50,220,220
6,False,0.3333333333333339,9.666666666666666,10,19,7024,7500,7500,50,220,220
6,False,-0.3333333333333339,9.333333333333334,9,19,7074,7500,7500,50,220,220
6,False,-1.0,9.0,8,19,7124,7500,7500,50,220,220
6,False,-1.333333333333334,8.333333333333334,7,18,7174,7500,7500,50,220,220
6,False,-2.0,8.0,6,18,7224,7500,7500,50,220,220
6,False,-2.666666666666667,7.666666666666667,5,18,7274,7500,7500,50,220,220
1,False,-6.333333333333333,6.333333333333333,0,4,5817,7250,7250,50,220,220
1,False,-6.0,6.0,0,4,5867,7250,7250,50,220,220
1,False,-6.0,6.0,0,4,5917,7250,7250,50,220,220
1,False,-6.0,6.0,0,5,5967,7250,7250,50,220,220
1,False,-6.0,6.0,0,6,6017,7250,7250,50,220,220
1,False,-6.0,6.0,0,6,6067,7250,7250,50,220,220
1,False,-6.0,6.0,0,7,6117,7250,7250,50,220,220
1,False,-6.0,6.0,0,7,6167,7250,7250,50,220,220
1,False,-6.0,6.0,0,8,6217,7250,7250,50,220,220
1,False,-6.0,6.0,0,9,6267,7250,7250,50,220,220
1,False,-6.333333333333333,6.333333333333333,0,9,6317,7250,7250,50,220,220
1,False,-6.0,6.0,0,10,6367,7250,7250,50,220,220
1,False,-6.0,6.0,0,10,6417,7250,7250,50,220,220
1,False,-6.333333333333333,6.333333333333333,0,11,6467,7250,7250,50,220,220
1,False,-6.0,6.0,0,12,6517,7250,7250,50,220,220
1,False,-6.333333333333333,6.333333333333333,0,12,6567,7250,7250,50,220,220
1,False,-6.0,6.0,0,13,6617,7250,7250,50,220,220
1,False,-6.0,6.0,0,13,6667,7250,7250,50,220,220
1,False,-6.333333333333333,6.333333333333333,0,14,6717,7250,7250,50,220,220
1,False,-6.0,6.0,0,14,6767,7250,7250,50,220,220
2,False,30.0,27.0,57,38,5561,7250,7250,50,220,220
2,False,29.666666666666668,27.333333333333332,57,38,5611,7250,7250,50,220,220
2,False,29.333333333333332,26.666666666666668,56,38,5661,7250,7250,50,220,220
2,False,28.333333333333332,26.666666666666668,55,37,5711,7250,7250,50,220,220
2,False,28.666666666666668,26.333333333333332,55,37,5761,7250,7250,50,220,220
2,False,28.0,26.0,54,37,5811,7250,7250,50,220,220
2,False,27.333333333333332,25.666666666666668,53,36,5861,7250,7250,50,220,220
2,False,26.666666666666668,25.333333333333332,52,36,5911,7250,7250,50,220,220
2,False,27.0,25.0,52,36,5961,7250,7250,50,220,220
2,False,27.0,25.0,52,35,6011,7250,7250,50,220,220
2,False,25.666666666666668,24.333333333333332,50,35,6061,7250,7250,50,220,220
2,False,25.0,24.0,49,35,6111,7250,7250,50,220,220
2,False,24.0,24.0,48,35,6161,7250,7250,50,220,220
2,False,24.333333333333332,23.666666666666668,48,34,6211,7250,7250,50,220,220
2,False,23.666666666666668,23.333333333333332,47,33,6261,7250,7250,50,220,220
2,False,23.333333333333332,22.666666666666668,46,33,6311,7250,7250,50,220,220
2,False,22.333333333333332,22.666666666666668,45,34,6361,7250,7250,50,220,220
2,False,21.666666666666668,22.333333333333332,44,33,6411,7250,7250,50,220,220
2,False,21.666666666666668,22.333333333333332,44,33,6461,7250,7250,50,220,220
2,False,20.0,23.0,43,33,6511,7250,7250,50,220,220
3,False,-6.0,6.0,0,12,6305,7250,7250,50,220,220
3,False,-5.666666666666667,5.666666666666667,0,12,6355,7250,7250,50,220,220
3,False,-6.0,6.0,0,13,6405,7250,7250,50,220,220
3,False,-6.0,6.0,0,13,6455,7250,7250,50,220,220
3,False,-5.666666666666667,5.666666666666667,0,14,6505,7250,7250,50,220,220
3,False,-6.0,6.0,0,15,6555,7250,7250,50,220,220
3,False,-6.0,6.0,0,14,6605,7250,7250,50,220,220
3,False,-6.0,6.0,0,15,6655,7250,7250,50,220,220
3,False,-6.0,6.0,0,16,6705,7250,7250,50,220,220
3,False,-6.0,6.0,0,16,6755,7250,7250,50,220,220
3,False,-5.666666666666667,5.666666666666667,0,16,6805,7250,7250,50,220,220
3,False,-4.666666666666667,6.666666666666667,2,17,6855,7250,7250,50,220,220
3,False,-4.0,7.0,3,17,6905,7250,7250,50,220,220
3,False,-3.333333333333333,7.333333333333333,4,18,6955,7250,7250,50,220,220
3,False,-2.666666666666667,7.666666666666667,5,18,7005,7250,7250,50,220,220
3,False,-1.666666666666667,7.666666666666667,6,18,7055,7250,7250,50,220,220
3,False,-0.6666666666666661,8.666666666666666,8,19,7105,7250,7250,50,220,220
3,False,0.0,9.0,9,20,7155,7250,7250,50,220,220
3,False,2.666666666666666,10.333333333333334,13,20,7205,7250,7250,50,220,220
3,False,1.333333333333334,9.666666666666666,11,21,7255,7250,7250,50,220,220
4,False,21.333333333333332,22.666666666666668,44,34,6037,7250,7250,50,220,220
4,False,20.666666666666668,22.333333333333332,43,33,6087,7250,7250,50,220,220
4,False,20.333333333333332,21.666666666666668,42,33,6137,7250,7250,50,220,220
4,False,19.666666666666668,21.333333333333332,41,32,6187,7250,7250,50,220,220
4,False,19.0,21.0,40,32,6237,7250,7250,50,220,220
4,False,17.666666666666668,20.333333333333332,38,32,6287,7250,7250,50,220,220
4,False,17.666666666666668,20.333333333333332,38,31,6337,7250,7250,50,220,220
4,False,16.333333333333332,19.666666666666668,36,30,6387,7250,7250,50,220,220
4,False,15.666666666666668,19.333333333333332,35,30,6437,7250,7250,50,220,220
4,False,15.0,19.0,34,29,6487,7250,7250,50,220,220
4,False,13.666666666666668,18.333333333333332,32,29,6537,7250,7250,50,220,220
4,False,13.0,18.0,31,29,6587,7250,7250,50,220,220
4,False,12.666666666666668,17.333333333333332,30,28,6637,7250,7250,50,220,220
4,False,12.0,17.0,29,28,6687,7250,7250,50,220,220
4,False,11.333333333333332,16.666666666666668,28,27,6737,7250,7250,50,220,220
4,False,10.666666666666668,16.333333333333332,27,27,6787,7250,7250,50,220,220
4,False,9.333333333333334,15.666666666666666,25,26,6837,7250,7250,50,220,220
4,False,8.333333333333332,16.666666666666668,25,26,6887,7250,7250,50,220,220
4,False,8.666666666666666,15.333333333333334,24,25,6937,7250,7250,50,220,220
4,False,7.333333333333334,14.666666666666666,22,25,6987,7250,7250,50,220,220
5,False,-6.666666666666667,6.666666666666667,0,6,5781,7250,7250,50,220,220
5,False,-6.666666666666667,6.666666666666667,0,7,5831,7250,7250,50,220,220
5,False,-6.666666666666667,6.666666666666667,0,7,5881,7250,7250,50,220,220
5,False,-6.666666666666667,6.666666666666667,0,8,5931,7250,7250,50,220,220
5,False,-6.666666666666667,6.666666666666667,0,8,5981,7250,7250,50,220,220
5,False,-6.666666666666667,6.666666666666667,0,8,6031,7250,7250,50,220,220
5,False,-6.666666666666667,6.666666666666667,0,8,6081,7250,7250,50,220,220
5,False,-6.666666666666667,6.666666666666667,0,8,6131,7250,7250,50,220,220
5,False,-6.666666666666667,6.666666666666667,0,9,6181,7250,7250,50,220,220
5,False,-6.666666666666667,6.666666666666667,0,9,6231,7250,7250,50,220,220
5,False,-6.666666666666667,6.666666666666667,0,9,6281,7250,7250,50,220,220
5,False,-6.666666666666667,6.666666666666667,0,10,6331,7250,7250,50,220,220
5,False,-6.666666666666667,6.666666666666667,0,10,6381,7250,7250,50,220,220
5,False,-6.666666666666667,6.666666666666667,0,11,6431,7250,7250,50,220,220
5,False,-6.666666666666667,6.666666666666667,0,11,6481,7250,7250,50,220,220
5,False,-6.666666666666667,6.666666666666667,0,12,6531,7250,7250,50,220,220
5,False,-7.666666666666667,7.666666666666667,0,13,6581,7250,7250,50,220,220
5,False,-7.0,7.0,0,12,6631,7250,7250,50,220,220
5,False,-6.666666666666667,6.666666666666667,0,13,6681,7250,7250,50,220,220
5,False,-6.666666666666667,6.666666666666667,0,13,6731,7250,7250,50,220,220
6,False,33.66666666666667,28.333333333333332,62,39,5524,7250,7250,50,220,220
6,False,33.0,28.0,61,38,5574,7250,7250,50,220,220
6,False,32.33333333333333,27.666666666666668,60,38,5624,7250,7250,50,220,220
6,False,31.0,27.0,58,38,5674,7250,7250,50,220,220
6,False,30.333333333333332,26.666666666666668,57,37,5724,7250,7250,50,220,220
6,False,30.666666666666668,26.333333333333332,57,37,5774,7250,7250,50,220,220
6,False,29.333333333333332,25.666666666666668,55,36,5824,7250,7250,50,220,220
6,False,28.666666666666668,25.333333333333332,54,36,5874,7250,7250,50,220,220
6,False,28.0,25.0,53,36,5924,7250,7250,50,220,220
6,False,27.333333333333332,24.666666666666668,52,35,5974,7250,7250,50,220,220
6,False,26.666666666666668,24.333333333333332,51,35,6024,7250,7250,50,220,220
6,False,26.0,24.0,50,34,6074,7250,7250,50,220,220
6,False,25.333333333333332,23.666666666666668,49,34,6124,7250,7250,50,220,220
6,False,24.666666666666668,23.333333333333332,48,33,6174,7250,7250,50,220,220
6,False,24.0,23.0,47,33,6224,7250,7250,50,220,220
6,False,24.666666666666668,23.333333333333332,48,33,6274,7250,7250,50,220,220
6,False,23.0,22.0,45,32,6324,7250,7250,50,220,220
6,False,21.666666666666668,21.333333333333332,43,32,6374,7250,7250,50,220,220
6,False,21.0,21.0,42,31,6424,7250,7250,50,220,220
6,False,20.333333333333332,20.666666666666668,41,30,6474,7250,7250,50,220,220
1,False,-6.666666666666667,6.666666666666667,0,15,6266,7250,7250,50,220,220
1,False,-6.666666666666667,6.666666666666667,0,16,6316,7250,7250,50,220,220
1,False,-6.666666666666667,6.666666666666667,0,16,6366,7250,7250,50,220,220
1,False,-6.333333333333333,6.333333333333333,0,16,6416,7250,7250,50,220,220
1,False,-6.333333333333333,6.333333333333333,0,16,6466,7250,7250,50,220,220
1,False,-6.666666666666667,6.666666666666667,0,17,6516,7250,7250,50,220,220
1,False,-6.0,7.0,1,17,6566,7250,7250,50,220,220
1,False,-5.333333333333333,7.333333333333333,2,18,6616,7250,7250,50,220,220
1,False,-4.666666666666667,7.666666666666667,3,18,6666,7250,7250,50,220,220
1,False,-3.333333333333334,8.333333333333334,5,19,6716,7250,7250,50,220,220
1,False,-3.333333333333334,8.333333333333334,5,19,6766,7250,7250,50,220,220
1,False,-3.0,9.0,6,20,6816,7250,7250,50,220,220
1,False,-2.0,9.0,7,20,6866,7250,7250,50,220,220
1,False,-0.6666666666666661,9.666666666666666,9,20,6916,7250,7250,50,220,220
1,False,-1.333333333333334,11.333333333333334,10,21,6966,7250,7250,50,220,220
1,False,0.3333333333333339,10.666666666666666,11,21,7016,7250,7250,50,220,220
1,False,1.333333333333334,10.666666666666666,12,21,7066,7250,7250,50,220,220
1,False,1.666666666666666,11.333333333333334,13,22,7116,7250,7250,50,220,220
1,False,2.333333333333334,11.666666666666666,14,22,7166,7250,7250,50,220,220
1,False,3.0,12.0,15,23,7216,7250,7250,50,220,220
2,False,30.0,27.0,57,37,6010,7250,7250,50,220,220
2,False,28.666666666666668,26.333333333333332,55,37,6060,7250,7250,50,220,220
2,False,27.666666666666668,25.333333333333332,53,36,6110,7250,7250,50,220,220
2,False,27.666666666666668,25.333333333333332,53,36,6160,7250,7250,50,220,220
2,False,26.0,25.0,51,36,6210,7250,7250,50,220,220
2,False,25.666666666666668,24.333333333333332,50,35,6260,7250,7250,50,220,220
2,False,25.0,24.0,49,34,6310,7250,7250,50,220,220
2,False,23.666666666666668,23.333333333333332,47,34,6360,7250,7250,50,220,220
2,False,23.0,23.0,46,33,6410,7250,7250,50,220,220
2,False,21.666666666666668,22.333333333333332,44,33,6460,7250,7250,50,220,220
2,False,21.0,22.0,43,33,6510,7250,7250,50,220,220
2,False,20.333333333333332,21.666666666666668,42,33,6560,7250,7250,50,220,220
2,False,19.666666666666668,21.333333333333332,41,32,6610,7250,7250,50,220,220
2,False,17.333333333333332,21.666666666666668,39,31,6660,7250,7250,50,220,220
2,False,18.0,20.0,38,30,6710,7250,7250,50,220,220
2,False,17.0,20.0,37,30,6760,7250,7250,50,220,220
2,False,16.0,19.0,35,29,6810,7250,7250,50,220,220
2,False,15.333333333333332,18.666666666666668,34,29,6860,7250,7250,50,220,220
2,False,14.666666666666668,18.333333333333332,33,29,6910,7250,7250,50,220,220
2,False,14.0,18.0,32,28,6960,7250,7250,50,220,220
3,False,-5.666666666666667,5.666666666666667,0,7,5753,7250,7250,50,220,220
3,False,-5.666666666666667,5.666666666666667,0,7,5803,7250,7250,50,220,220
3,False,-5.666666666666667,5.666666666666667,0,8,5853,7250,7250,50,220,220
3,False,-5.666666666666667,5.666666666666667,0,8,5903,7250,7250,50,220,220
3,False,-5.666666666666667,5.666666666666667,0,9,5953,7250,7250,50,220,220
3,False,-5.666666666666667,5.666666666666667,0,9,6003,7250,7250,50,220,220
3,False,-5.666666666666667,5.666666666666667,0,9,6053,7250,7250,50,220,220
3,False,-5.666666666666667,5.666666666666667,0,9,6103,7250,7250,50,220,220
3,False,-5.666666666666667,5.666666666666667,0,9,6153,7250,7250,50,220,220
3,False,-5.666666666666667,5.666666666666667,0,10,6203,7250,7250,50,220,220
3,False,-5.666666666666667,5.666666666666667,0,11,6253,7250,7250,50,220,220
3,False,-5.666666666666667,5.666666666666667,0,11,6303,7250,7250,50,220,220
3,False,-5.666666666666667,5.666666666666667,0,12,6353,7250,7250,50,220,220
3,False,-5.666666666666667,5.666666666666667,0,11,6403,7250,7250,50,220,220
3,False,-6.0,6.0,0,12,6453,7250,7250,50,220,220
3,False,-6.0,6.0,0,12,6503,7250,7250,50,220,220
3,False,-5.666666666666667,5.666666666666667,0,12,6553,7250,7250,50,220,220
3,False,-5.666666666666667,5.666666666666667,0,13,6603,7250,7250,50,220,220
3,False,-6.0,6.0,0,13,6653,7250,7250,50,220,220
3,False,-5.666666666666667,5.666666666666667,0,14,6703,7250,7250,50,220,220
4,False,27.666666666666668,26.333333333333332,54,37,5487,7250,7250,50,220,220
4,False,26.333333333333332,25.666666666666668,52,36,5537,7250,7250,50,220,220
4,False,26.0,25.0,51,36,5587,7250,7250,50,220,220
4,False,25.333333333333332,24.666666666666668,50,36,5637,7250,7250,50,220,220
4,False,24.0,24.0,48,35,5687,7250,7250,50,220,220
4,False,23.333333333333332,23.666666666666668,47,34,5737,7250,7250,50,220,220
4,False,22.666666666666668,23.333333333333332,46,34,5787,7250,7250,50,220,220
4,False,21.333333333333332,22.666666666666668,44,33,5837,7250,7250,50,220,220
4,False,20.0,22.0,42,33,5887,7250,7250,50,220,220
4,False,19.333333333333332,21.666666666666668,41,32,5937,7250,7250,50,220,220
4,False,19.0,21.0,40,32,5987,7250,7250,50,220,220
4,False,16.666666666666668,21.333333333333332,38,31,6037,7250,7250,50,220,220
4,False,16.333333333333332,19.666666666666668,36,30,6087,7250,7250,50,220,220
4,False,15.666666666666668,19.333333333333332,35,30,6137,7250,7250,50,220,220
4,False,15.0,19.0,34,29,6187,7250,7250,50,220,220
4,False,13.666666666666668,18.333333333333332,32,29,6237,7250,7250,50,220,220
4,False,13.0,18.0,31,28,6287,7250,7250,50,220,220
4,False,12.0,17.0,29,28,6337,7250,7250,50,220,220
4,False,11.0,17.0,28,27,6387,7250,7250,50,220,220
4,False,10.0,16.0,26,27,6437,7250,7250,50,220,220
5,False,-6.666666666666667,6.666666666666667,0,5,6231,7250,7250,50,220,220
5,False,-6.666666666666667,6.666666666666667,0,6,6281,7250,7250,50,220,220
5,False,-6.333333333333333,6.333333333333333,0,6,6331,7250,7250,50,220,220
5,False,-6.666666666666667,6.666666666666667,0,6,6381,7250,7250,50,220,220
5,False,-6.666666666666667,6.666666666666667,0,6,6431,7250,7250,50,220,220
5,False,-6.666666666666667,6.666666666666667,0,7,6481,7250,7250,50,220,220
5,False,-6.666666666666667,6.666666666666667,0,7,6531,7250,7250,50,220,220
5,False,-6.666666666666667,6.666666666666667,0,7,6581,7250,7250,50,220,220
5,False,-6.666666666666667,6.666666666666667,0,8,6631,7250,7250,50,220,220
5,False,-6.666666666666667,6.666666666666667,0,8,6681,7250,7250,50,220,220
5,False,-7.666666666666667,7.666666666666667,0,9,6731,7250,7250,50,220,220
5,False,-6.666666666666667,6.666666666666667,0,9,6781,7250,7250,50,220,220
5,False,-6.666666666666667,6.666666666666667,0,10,6831,7250,7250,50,220,220
5,False,-6.666666666666667,6.666666666666667,0,10,6881,7250,7250,50,220,220
5,False,-6.666666666666667,6.666666666666667,0,10,6931,7250,7250,50,220,220
5,False,-6.666666666666667,6.666666666666667,0,10,6981,7250,7250,50,220,220
5,False,-6.666666666666667,6.666666666666667,0,11,7031,7250,7250,50,220,220
5,False,-6.666666666666667,6.666666666666667,0,11,7081,7250,7250,50,220,220
5,False,-6.666666666666667,6.666666666666667,0,12,7131,7250,7250,50,220,220
5,False,-6.666666666666667,6.666666666666667,0,12,7181,7250,7250,50,220,220
6,False,15.666666666666668,18.333333333333332,34,28,5970,7250,7250,50,220,220
6,False,15.666666666666668,18.333333333333332,34,28,6020,7250,7250,50,220,220
6,False,14.333333333333332,17.666666666666668,32,27,6070,7250,7250,50,220,220
6,False,13.333333333333332,16.666666666666668,30,27,6120,7250,7250,50,220,220
6,False,13.333333333333332,16.666666666666668,30,27,6170,7250,7250,50,220,220
6,False,12.666666666666668,16.333333333333332,29,26,6220,7250,7250,50,220,220
6,False,12.0,16.0,28,26,6270,7250,7250,50,220,220
6,False,11.333333333333334,15.666666666666666,27,26,6320,7250,7250,50,220,220
6,False,10.666666666666666,15.333333333333334,26,25,6370,7250,7250,50,220,220
6,False,12.0,16.0,28,25,6420,7250,7250,50,220,220
6,False,9.666666666666666,14.333333333333334,24,25,6470,7250,7250,50,220,220
6,False,8.333333333333334,13.666666666666666,22,24,6520,7250,7250,50,220,220
6,False,8.333333333333334,13.666666666666666,22,24,6570,7250,7250,50,220,220
6,False,7.333333333333334,13.666666666666666,21,23,6620,7250,7250,50,220,220
6,False,6.666666666666666,13.333333333333334,20,23,6670,7250,7250,50,220,220
6,False,6.333333333333334,12.666666666666666,19,23,6720,7250,7250,50,220,220
6,False,5.333333333333334,12.666666666666666,18,22,6770,7250,7250,50,220,220
6,False,5.0,12.0,17,22,6820,7250,7250,50,220,220
6,False,4.333333333333334,11.666666666666666,16,21,6870,7250,7250,50,220,220
6,False,3.666666666666666,11.333333333333334,15,21,6920,7250,7250,50,220,220
1,False,-5.666666666666667,5.666666666666667,0,2,5714,7250,7250,50,220,220
1,False,-6.0,6.0,0,2,5764,7250,7250,50,220,220
1,False,-6.0,6.0,0,2,5814,7250,7250,50,220,220
1,False,-6.0,6.0,0,3,5864,7250,7250,50,220,220
1,False,-6.0,6.0,0,3,5914,7250,7250,50,220,220
1,False,-6.0,6.0,0,4,5964,7250,7250,50,220,220
1,False,-6.0,6.0,0,4,6014,7250,7250,50,220,220
1,False,-6.0,6.0,0,5,6064,7250,7250,50,220,220
1,False,-6.333333333333333,6.333333333333333,0,6,6114,7250,7250,50,220,220
1,False,-6.0,6.0,0,6,6164,7250,7250,50,220,220
1,False,-6.0,6.0,0,6,6214,7250,7250,50,220,220
1,False,-6.333333333333333,6.333333333333333,0,7,6264,7250,7250,50,220,220
1,False,-6.0,6.0,0,7,6314,7250,7250,50,220,220
1,False,-6.0,6.0,0,8,6364,7250,7250,50,220,220
1,False,-6.0,6.0,0,8,6414,7250,7250,50,220,220
1,False,-6.0,6.0,0,8,6464,7250,7250,50,220,220
1,False,-6.333333333333333,6.333333333333333,0,9,6514,7250,7250,50,220,220
1,False,-6.0,6.0,0,10,6564,7250,7250,50,220,220
1,False,-6.0,6.0,0,10,6614,7250,7250,50,220,220
1,False,-6.0,6.0,0,11,6664,7250,7250,50,220,220
2,False,25.666666666666668,24.333333333333332,50,35,5457,7250,7250,50,220,220
2,False,25.0,24.0,49,35,5507,7250,7250,50,220,220
2,False,24.333333333333332,23.666666666666668,48,34,5557,7250,7250,50,220,220
2,False,23.666666666666668,23.333333333333332,47,34,5607,7250,7250,50,220,220
2,False,23.666666666666668,23.333333333333332,47,34,5657,7250,7250,50,220,220
2,False,22.333333333333332,22.666666666666668,45,33,5707,7250,7250,50,220,220
2,False,21.666666666666668,22.333333333333332,44,33,5757,7250,7250,50,220,220
2,False,21.333333333333332,22.666666666666668,44,33,5807,7250,7250,50,220,220
2,False,21.333333333333332,21.666666666666668,43,33,5857,7250,7250,50,220,220
2,False,20.0,21.0,41,32,5907,7250,7250,50,220,220
2,False,20.0,21.0,41,32,5957,7250,7250,50,220,220
2,False,19.333333333333332,20.666666666666668,40,32,6007,7250,7250,50,220,220
2,False,18.666666666666668,20.333333333333332,39,31,6057,7250,7250,50,220,220
2,False,17.333333333333332,19.666666666666668,37,30,6107,7250,7250,50,220,220
2,False,17.333333333333332,19.666666666666668,37,30,6157,7250,7250,50,220,220
2,False,17.333333333333332,19.666666666666668,37,29,6207,7250,7250,50,220,220
2,False,16.0,19.0,35,30,6257,7250,7250,50,220,220
2,False,15.666666666666668,18.333333333333332,34,29,6307,7250,7250,50,220,220
2,False,15.0,18.0,33,28,6357,7250,7250,50,220,220
2,False,14.0,18.0,32,28,6407,7250,7250,50,220,220
3,False,-5.666666666666667,5.666666666666667,0,10,6190,7250,7250,50,220,220
3,False,-5.666666666666667,5.666666666666667,0,10,6240,7250,7250,50,220,220
3,False,-6.0,6.0,0,10,6290,7250,7250,50,220,220
3,False,-5.666666666666667,5.666666666666667,0,11,6340,7250,7250,50,220,220
3,False,-5.666666666666667,5.666666666666667,0,12,6390,7250,7250,50,220,220
3,False,-5.666666666666667,5.666666666666667,0,12,6440,7250,7250,50,220,220
3,False,-5.666666666666667,5.666666666666667,0,13,6490,7250,7250,50,220,220
3,False,-5.666666666666667,5.666666666666667,0,13,6540,7250,7250,50,220,220
3,False,-6.0,6.0,0,13,6590,7250,7250,50,220,220
3,False,-6.0,6.0,0,14,6640,7250,7250,50,220,220
3,False,-5.666666666666667,5.666666666666667,0,14,6690,7250,7250,50,220,220
3,False,-6.0,6.0,0,15,6740,7250,7250,50,220,220
3,False,-6.0,6.0,0,15,6790,7250,7250,50,220,220
3,False,-5.666666666666667,5.666666666666667,0,16,6840,7250,7250,50,220,220
3,False,-5.666666666666667,5.666666666666667,0,16,6890,7250,7250,50,220,220
3,False,-5.333333333333333,6.333333333333333,1,17,6940,7250,7250,50,220,220
3,False,-4.666666666666667,6.666666666666667,2,17,6990,7250,7250,50,220,220
3,False,-4.0,7.0,3,18,7040,7250,7250,50,220,220
3,False,-3.0,7.0,4,18,7090,7250,7250,50,220,220
3,False,-2.666666666666667,7.666666666666667,5,18,7140,7250,7250,50,220,220
4,False,21.666666666666668,22.333333333333332,44,33,5933,7250,7250,50,220,220
4,False,21.0,22.0,43,33,5983,7250,7250,50,220,220
4,False,20.333333333333332,21.666666666666668,42,33,6033,7250,7250,50,220,220
4,False,19.666666666666668,21.333333333333332,41,32,6083,7250,7250,50,220,220
4,False,19.0,21.0,40,32,6133,7250,7250,50,220,220
4,False,16.666666666666668,21.333333333333332,38,31,6183,7250,7250,50,220,220
4,False,17.666666666666668,20.333333333333332,38,31,6233,7250,7250,50,220,220
4,False,16.333333333333332,19.666666666666668,36,31,6283,7250,7250,50,220,220
4,False,15.666666666666668,19.333333333333332,35,29,6333,7250,7250,50,220,220
4,False,15.333333333333332,18.666666666666668,34,30,6383,7250,7250,50,220,220
4,False,14.666666666666668,18.333333333333332,33,29,6433,7250,7250,50,220,220
4,False,13.666666666666668,18.333333333333332,32,29,6483,7250,7250,50,220,220
4,False,13.0,18.0,31,28,6533,7250,7250,50,220,220
4,False,12.333333333333332,17.666666666666668,30,28,6583,7250,7250,50,220,220
4,False,11.333333333333332,16.666666666666668,28,27,6633,7250,7250,50,220,220
4,False,10.666666666666668,16.333333333333332,27,27,6683,7250,7250,50,220,220
4,False,10.0,16.0,26,27,6733,7250,7250,50,220,220
4,False,9.333333333333334,15.666666666666666,25,26,6783,7250,7250,50,220,220
4,False,8.0,15.0,23,26,6833,7250,7250,50,220,220
4,False,7.333333333333334,14.666666666666666,22,24,6883,7250,7250,50,220,220
5,False,-6.333333333333333,6.333333333333333,0,1,5677,7250,7250,50,220,220
5,False,-6.666666666666667,6.666666666666667,0,2,5727,7250,7250,50,220,220
5,False,-6.666666666666667,6.666666666666667,0,2,5777,7250,7250,50,220,220
5,False,-6.666666666666667,6.666666666666667,0,3,5827,7250,7250,50,220,220
5,False,-7.666666666666667,7.666666666666667,0,4,5877,7250,7250,50,220,220
5,False,-6.666666666666667,6.666666666666667,0,4,5927,7250,7250,50,220,220
5,False,-6.666666666666667,6.666666666666667,0,4,5977,7250,7250,50,220,220
5,False,-6.666666666666667,6.666666666666667,0,5,6027,7250,7250,50,220,220
5,False,-6.666666666666667,6.666666666666667,0,5,6077,7250,7250,50,220,220
5,False,-6.666666666666667,6.666666666666667,0,5,6127,7250,7250,50,220,220
5,False,-6.666666666666667,6.666666666666667,0,6,6177,7250,7250,50,220,220
5,False,-6.666666666666667,6.666666666666667,0,6,6227,7250,7250,50,220,220
5,False,-6.666666666666667,6.666666666666667,0,7,6277,7250,7250,50,220,220
5,False,-6.666666666666667,6.666666666666667,0,8,6327,7250,7250,50,220,220
5,False,-6.666666666666667,6.666666666666667,0,8,6377,7250,7250,50,220,220
5,False,-6.666666666666667,6.666666666666667,0,8,6427,7250,7250,50,220,220
5,False,-6.666666666666667,6.666666666666667,0,9,6477,7250,7250,50,220,220
5,False,-6.666666666666667,6.666666666666667,0,9,6527,7250,7250,50,220,220
5,False,-6.666666666666667,6.666666666666667,0,9,6577,7250,7250,50,220,220
5,False,-6.666666666666667,6.666666666666667,0,10,6627,7250,7250,50,220,220
6,False,28.666666666666668,25.333333333333332,54,35,5420,7250,7250,50,220,220
6,False,28.0,25.0,53,35,5470,7250,7250,50,220,220
6,False,27.333333333333332,24.666666666666668,52,35,5520,7250,7250,50,220,220
6,False,28.666666666666668,25.333333333333332,54,35,5570,7250,7250,50,220,220
6,False,26.0,24.0,50,34,5620,7250,7250,50,220,220
6,False,25.333333333333332,23.666666666666668,49,34,5670,7250,7250,50,220,220
6,False,25.0,23.0,48,33,5720,7250,7250,50,220,220
6,False,24.666666666666668,23.333333333333332,48,33,5770,7250,7250,50,220,220
6,False,24.0,23.0,47,33,5820,7250,7250,50,220,220
6,False,23.333333333333332,22.666666666666668,46,33,5870,7250,7250,50,220,220
6,False,23.0,22.0,45,32,5920,7250,7250,50,220,220
6,False,22.333333333333332,21.666666666666668,44,32,5970,7250,7250,50,220,220
6,False,21.333333333333332,21.666666666666668,43,32,6020,7250,7250,50,220,220
6,False,20.666666666666668,21.333333333333332,42,31,6070,7250,7250,50,220,220
6,False,20.333333333333332,20.666666666666668,41,31,6120,7250,7250,50,220,220
6,False,19.666666666666668,20.333333333333332,40,31,6170,7250,7250,50,220,220
6,False,19.0,20.0,39,30,6220,7250,7250,50,220,220
6,False,18.333333333333332,19.666666666666668,38,30,6270,7250,7250,50,220,220
6,False,17.666666666666668,19.333333333333332,37,29,6320,7250,7250,50,220,220
6,False,17.0,19.0,36,29,6370,7250,7250,50,220,220
1,False,-6.0,6.0,0,3,5163,7000,7000,50,220,220
1,False,-5.666666666666667,5.666666666666667,0,4,5213,7000,7000,50,220,220
1,False,-6.333333333333333,6.333333333333333,0,4,5263,7000,7000,50,220,220
1,False,-6.0,6.0,0,4,5313,7000,7000,50,220,220
1,False,-6.0,6.0,0,5,5363,7000,7000,50,220,220
1,False,-6.0,6.0,0,5,5413,7000,7000,50,220,220
1,False,-6.0,6.0,0,5,5463,7000,7000,50,220,220
1,False,-6.0,6.0,0,6,5513,7000,7000,50,220,220
1,False,-6.0,6.0,0,6,5563,7000,7000,50,220,220
1,False,-6.0,6.0,0,7,5613,7000,7000,50,220,220
1,False,-6.0,6.0,0,7,5663,7000,7000,50,220,220
1,False,-6.0,6.0,0,8,5713,7000,7000,50,220,220
1,False,-6.0,6.0,0,8,5763,7000,7000,50,220,220
1,False,-6.0,6.0,0,9,5813,7000,7000,50,220,220
1,False,-6.333333333333333,6.333333333333333,0,9,5863,7000,7000,50,220,220
1,False,-6.0,6.0,0,9,5913,7000,7000,50,220,220
1,False,-6.0,6.0,0,10,5963,7000,7000,50,220,220
1,False,-6.0,6.0,0,11,6013,7000,7000,50,220,220
1,False,-6.0,6.0,0,11,6063,7000,7000,50,220,220
1,False,-6.0,6.0,0,12,6113,7000,7000,50,220,220
2,False,38.33333333333333,31.666666666666668,70,42,5157,7000,7000,50,220,220
2,False,36.666666666666664,32.333333333333336,69,42,5207,7000,7000,50,220,220
2,False,37.0,31.0,68,42,5257,7000,7000,50,220,220
2,False,36.33333333333333,30.666666666666668,67,41,5307,7000,7000,50,220,220
2,False,36.33333333333333,30.666666666666668,67,42,5357,7000,7000,50,220,220
2,False,35.66666666666667,30.333333333333332,66,41,5407,7000,7000,50,220,220
2,False,35.0,30.0,65,41,5457,7000,7000,50,220,220
2,False,34.33333333333333,29.666666666666668,64,40,5507,7000,7000,50,220,220
2,False,34.66666666666667,29.333333333333332,64,40,5557,7000,7000,50,220,220
2,False,33.66666666666667,29.333333333333332,63,40,5607,7000,7000,50,220,220
2,False,32.66666666666667,28.333333333333332,61,40,5657,7000,7000,50,220,220
2,False,32.66666666666667,28.333333333333332,61,39,5707,7000,7000,50,220,220
2,False,32.0,28.0,60,39,5757,7000,7000,50,220,220
2,False,31.333333333333332,27.666666666666668,59,38,5807,7000,7000,50,220,220
2,False,30.666666666666668,27.333333333333332,58,38,5857,7000,7000,50,220,220
2,False,30.0,27.0,57,38,5907,7000,7000,50,220,220
2,False,29.333333333333332,26.666666666666668,56,37,5957,7000,7000,50,220,220
2,False,29.0,26.0,55,37,6007,7000,7000,50,220,220
2,False,28.333333333333332,25.666666666666668,54,36,6057,7000,7000,50,220,220
2,False,27.666666666666668,25.333333333333332,53,36,6107,7000,7000,50,220,220
3,False,-5.666666666666667,5.666666666666667,0,7,5140,7000,7000,50,220,220
3,False,-5.666666666666667,5.666666666666667,0,7,5190,7000,7000,50,220,220
3,False,-5.666666666666667,5.666666666666667,0,8,5240,7000,7000,50,220,220
3,False,-5.666666666666667,5.666666666666667,0,8,5290,7000,7000,50,220,220
3,False,-5.666666666666667,5.666666666666667,0,8,5340,7000,7000,50,220,220
3,False,-5.666666666666667,5.666666666666667,0,9,5390,7000,7000,50,220,220
3,False,-5.666666666666667,5.666666666666667,0,9,5440,7000,7000,50,220,220
3,False,-5.666666666666667,5.666666666666667,0,9,5490,7000,7000,50,220,220
3,False,-5.666666666666667,5.666666666666667,0,10,5540,7000,7000,50,220,220
3,False,-5.666666666666667,5.666666666666667,0,10,5590,7000,7000,50,220,220
3,False,-6.0,6.0,0,11,5640,7000,7000,50,220,220
3,False,-6.0,6.0,0,11,5690,7000,7000,50,220,220
3,False,-5.666666666666667,5.666666666666667,0,11,5740,7000,7000,50,220,220
3,False,-5.666666666666667,5.666666666666667,0,12,5790,7000,7000,50,220,220
3,False,-5.666666666666667,5.666666666666667,0,12,5840,7000,7000,50,220,220
3,False,-5.666666666666667,5.666666666666667,0,13,5890,7000,7000,50,220,220
3,False,-6.0,6.0,0,13,5940,7000,7000,50,220,220
3,False,-6.0,6.0,0,14,5990,7000,7000,50,220,220
3,False,-6.0,6.0,0,14,6040,7000,7000,50,220,220
3,False,-6.0,6.0,0,14,6090,7000,7000,50,220,220
4,False,34.66666666666667,30.333333333333332,65,42,5133,7000,7000,50,220,220
4,False,33.66666666666667,30.333333333333332,64,40,5183,7000,7000,50,220,220
4,False,33.66666666666667,29.333333333333332,63,40,5233,7000,7000,50,220,220
4,False,32.33333333333333,28.666666666666668,61,40,5283,7000,7000,50,220,220
4,False,30.666666666666668,28.333333333333332,59,39,5333,7000,7000,50,220,220
4,False,31.0,28.0,59,39,5383,7000,7000,50,220,220
4,False,29.333333333333332,27.666666666666668,57,39,5433,7000,7000,50,220,220
4,False,29.333333333333332,26.666666666666668,56,38,5483,7000,7000,50,220,220
4,False,28.333333333333332,26.666666666666668,55,37,5533,7000,7000,50,220,220
4,False,27.0,26.0,53,36,5583,7000,7000,50,220,220
4,False,26.666666666666668,25.333333333333332,52,36,5633,7000,7000,50,220,220
4,False,25.333333333333332,24.666666666666668,50,36,5683,7000,7000,50,220,220
4,False,24.666666666666668,24.333333333333332,49,35,5733,7000,7000,50,220,220
4,False,24.0,24.0,48,35,5783,7000,7000,50,220,220
4,False,22.666666666666668,23.333333333333332,46,34,5833,7000,7000,50,220,220
4,False,22.0,23.0,45,34,5883,7000,7000,50,220,220
4,False,20.666666666666668,22.333333333333332,43,33,5933,7000,7000,50,220,220
4,False,20.0,22.0,42,32,5983,7000,7000,50,220,220
4,False,19.666666666666668,21.333333333333332,41,32,6033,7000,7000,50,220,220
4,False,17.333333333333332,21.666666666666668,39,32,6083,7000,7000,50,220,220
5,False,-6.333333333333333,6.333333333333333,0,0,5126,7000,7000,50,220,220
5,False,-6.333333333333333,6.333333333333333,0,1,5176,7000,7000,50,220,220
5,False,-6.333333333333333,6.333333333333333,0,1,5226,7000,7000,50,220,220
5,False,-6.333333333333333,6.333333333333333,0,1,5276,7000,7000,50,220,220
5,False,-6.333333333333333,6.333333333333333,0,2,5326,7000,7000,50,220,220
5,False,-6.333333333333333,6.333333333333333,0,2,5376,7000,7000,50,220,220
5,False,-6.333333333333333,6.333333333333333,0,2,5426,7000,7000,50,220,220
5,False,-6.333333333333333,6.333333333333333,0,2,5476,7000,7000,50,220,220
5,False,-6.333333333333333,6.333333333333333,0,2,5526,7000,7000,50,220,220
5,False,-6.666666666666667,6.666666666666667,0,3,5576,7000,7000,50,220,220
5,False,-6.666666666666667,6.666666666666667,0,3,5626,7000,7000,50,220,220
5,False,-6.666666666666667,6.666666666666667,0,4,5676,7000,7000,50,220,220
5,False,-6.666666666666667,6.666666666666667,0,4,5726,7000,7000,50,220,220
5,False,-6.333333333333333,6.333333333333333,0,4,5776,7000,7000,50,220,220
5,False,-6.666666666666667,6.666666666666667,0,4,5826,7000,7000,50,220,220
5,False,-6.333333333333333,6.333333333333333,0,4,5876,7000,7000,50,220,220
5,False,-6.666666666666667,6.666666666666667,0,5,5926,7000,7000,50,220,220
5,False,-6.666666666666667,6.666666666666667,0,5,5976,7000,7000,50,220,220
5,False,-7.666666666666667,7.666666666666667,0,6,6026,7000,7000,50,220,220
5,False,-6.666666666666667,6.666666666666667,0,6,6076,7000,7000,50,220,220
6,False,33.66666666666667,28.333333333333332,62,38,5118,7000,7000,50,220,220
6,False,32.33333333333333,27.666666666666668,60,38,5168,7000,7000,50,220,220
6,False,32.33333333333333,27.666666666666668,60,38,5218,7000,7000,50,220,220
6,False,31.0,27.0,58,37,5268,7000,7000,50,220,220
6,False,30.333333333333332,26.666666666666668,57,37,5318,7000,7000,50,220,220
6,False,29.333333333333332,25.666666666666668,55,36,5368,7000,7000,50,220,220
6,False,28.666666666666668,25.333333333333332,54,36,5418,7000,7000,50,220,220
6,False,28.0,25.0,53,35,5468,7000,7000,50,220,220
6,False,27.333333333333332,24.666666666666668,52,35,5518,7000,7000,50,220,220
6,False,26.0,24.0,50,34,5568,7000,7000,50,220,220
6,False,26.0,24.0,50,34,5618,7000,7000,50,220,220
6,False,24.666666666666668,23.333333333333332,48,33,5668,7000,7000,50,220,220
6,False,23.333333333333332,22.666666666666668,46,33,5718,7000,7000,50,220,220
6,False,23.333333333333332,22.666666666666668,46,33,5768,7000,7000,50,220,220
6,False,22.666666666666668,22.333333333333332,45,32,5818,7000,7000,50,220,220
6,False,21.666666666666668,21.333333333333332,43,32,5868,7000,7000,50,220,220
6,False,21.0,21.0,42,31,5918,7000,7000,50,220,220
6,False,21.666666666666668,21.333333333333332,43,31,5968,7000,7000,50,220,220
6,False,19.666666666666668,20.333333333333332,40,30,6018,7000,7000,50,220,220
6,False,18.666666666666668,19.333333333333332,38,29,6068,7000,7000,50,220,220
1,False,-5.666666666666667,5.666666666666667,0,1,5111,7000,7000,50,220,220
1,False,-5.666666666666667,5.666666666666667,0,1,5161,7000,7000,50,220,220
1,False,-5.666666666666667,5.666666666666667,0,2,5211,7000,7000,50,220,220
1,False,-6.0,6.0,0,2,5261,7000,7000,50,220,220
1,False,-6.0,6.0,0,2,5311,7000,7000,50,220,220
1,False,-6.0,6.0,0,2,5361,7000,7000,50,220,220
1,False,-6.0,6.0,0,3,5411,7000,7000,50,220,220
1,False,-6.0,6.0,0,3,5461,7000,7000,50,220,220
1,False,-6.0,6.0,0,3,5511,7000,7000,50,220,220
1,False,-6.0,6.0,0,4,5561,7000,7000,50,220,220
1,False,-6.0,6.0,0,4,5611,7000,7000,50,220,220
1,False,-6.0,6.0,0,5,5661,7000,7000,50,220,220
1,False,-5.666666666666667,5.666666666666667,0,5,5711,7000,7000,50,220,220
1,False,-6.0,6.0,0,5,5761,7000,7000,50,220,220
1,False,-6.0,6.0,0,5,5811,7000,7000,50,220,220
1,False,-6.0,6.0,0,6,5861,7000,7000,50,220,220
1,False,-6.333333333333333,6.333333333333333,0,7,5911,7000,7000,50,220,220
1,False,-6.0,6.0,0,7,5961,7000,7000,50,220,220
1,False,-6.0,6.0,0,7,6011,7000,7000,50,220,220
1,False,-6.0,6.0,0,8,6061,7000,7000,50,220,220
2,False,29.333333333333332,26.666666666666668,56,37,5105,7000,7000,50,220,220
2,False,28.0,26.0,54,37,5155,7000,7000,50,220,220
2,False,28.0,26.0,54,37,5205,7000,7000,50,220,220
2,False,28.0,26.0,54,36,5255,7000,7000,50,220,220
2,False,26.666666666666668,25.333333333333332,52,36,5305,7000,7000,50,220,220
2,False,26.0,25.0,51,36,5355,7000,7000,50,220,220
2,False,26.333333333333332,24.666666666666668,51,36,5405,7000,7000,50,220,220
2,False,25.666666666666668,24.333333333333332,50,35,5455,7000,7000,50,220,220
2,False,25.0,24.0,49,35,5505,7000,7000,50,220,220
2,False,24.333333333333332,23.666666666666668,48,34,5555,7000,7000,50,220,220
2,False,23.666666666666668,23.333333333333332,47,34,5605,7000,7000,50,220,220
2,False,23.666666666666668,23.333333333333332,47,33,5655,7000,7000,50,220,220
2,False,23.0,23.0,46,34,5705,7000,7000,50,220,220
2,False,21.666666666666668,22.333333333333332,44,32,5755,7000,7000,50,220,220
2,False,21.666666666666668,22.333333333333332,44,33,5805,7000,7000,50,220,220
2,False,20.333333333333332,22.666666666666668,43,33,5855,7000,7000,50,220,220
2,False,20.666666666666668,21.333333333333332,42,32,5905,7000,7000,50,220,220
2,False,19.666666666666668,21.333333333333332,41,32,5955,7000,7000,50,220,220
2,False,19.333333333333332,20.666666666666668,40,32,6005,7000,7000,50,220,220
2,False,18.666666666666668,20.333333333333332,39,31,6055,7000,7000,50,220,220
3,False,-5.333333333333333,5.333333333333333,0,0,5086,7000,7000,50,220,220
3,False,-5.333333333333333,5.333333333333333,0,0,5136,7000,7000,50,220,220
3,False,-5.333333333333333,5.333333333333333,0,0,5186,7000,7000,50,220,220
3,False,-5.333333333333333,5.333333333333333,0,0,5236,7000,7000,50,220,220
3,False,-5.333333333333333,5.333333333333333,0,1,5286,7000,7000,50,220,220
3,False,-5.333333333333333,5.333333333333333,0,1,5336,7000,7000,50,220,220
3,False,-5.666666666666667,5.666666666666667,0,1,5386,7000,7000,50,220,220
3,False,-5.666666666666667,5.666666666666667,0,2,5436,7000,7000,50,220,220
3,False,-5.333333333333333,5.333333333333333,0,2,5486,7000,7000,50,220,220
3,False,-5.666666666666667,5.666666666666667,0,2,5536,7000,7000,50,220,220
3,False,-5.666666666666667,5.666666666666667,0,2,5586,7000,7000,50,220,220
3,False,-5.666666666666667,5.666666666666667,0,3,5636,7000,7000,50,220,220
3,False,-5.666666666666667,5.666666666666667,0,4,5686,7000,7000,50,220,220
3,False,-5.666666666666667,5.666666666666667,0,4,5736,7000,7000,50,220,220
3,False,-5.666666666666667,5.666666666666667,0,5,5786,7000,7000,50,220,220
3,False,-5.666666666666667,5.666666666666667,0,5,5836,7000,7000,50,220,220
3,False,-5.666666666666667,5.666666666666667,0,5,5886,7000,7000,50,220,220
3,False,-5.666666666666667,5.666666666666667,0,5,5936,7000,7000,50,220,220
3,False,-5.666666666666667,5.666666666666667,0,6,5986,7000,7000,50,220,220
3,False,-5.666666666666667,5.666666666666667,0,6,6036,7000,7000,50,220,220
4,False,22.666666666666668,23.333333333333332,46,34,5078,7000,7000,50,220,220
4,False,21.666666666666668,22.333333333333332,44,34,5128,7000,7000,50,220,220
4,False,20.666666666666668,22.333333333333332,43,33,5178,7000,7000,50,220,220
4,False,20.333333333333332,21.666666666666668,42,33,5228,7000,7000,50,220,220
4,False,19.666666666666668,21.333333333333332,41,32,5278,7000,7000,50,220,220
4,False,19.0,21.0,40,32,5328,7000,7000,50,220,220
4,False,17.666666666666668,20.333333333333332,38,32,5378,7000,7000,50,220,220
4,False,17.0,20.0,37,31,5428,7000,7000,50,220,220
4,False,16.333333333333332,19.666666666666668,36,31,5478,7000,7000,50,220,220
4,False,15.666666666666668,19.333333333333332,35,31,5528,7000,7000,50,220,220
4,False,15.0,19.0,34,30,5578,7000,7000,50,220,220
4,False,14.333333333333332,18.666666666666668,33,29,5628,7000,7000,50,220,220
4,False,13.666666666666668,18.333333333333332,32,29,5678,7000,7000,50,220,220
4,False,12.0,19.0,31,28,5728,7000,7000,50,220,220
4,False,12.666666666666668,17.333333333333332,30,28,5778,7000,7000,50,220,220
4,False,12.0,17.0,29,27,5828,7000,7000,50,220,220
4,False,11.333333333333332,16.666666666666668,28,27,5878,7000,7000,50,220,220
4,False,10.0,16.0,26,26,5928,7000,7000,50,220,220
4,False,9.333333333333334,15.666666666666666,25,26,5978,7000,7000,50,220,220
4,False,8.666666666666666,15.333333333333334,24,26,6028,7000,7000,50,220,220
5,False,-6.333333333333333,6.333333333333333,0,0,5071,7000,7000,50,220,220
5,False,-6.0,6.0,0,0,5121,7000,7000,50,220,220
5,False,-6.333333333333333,6.333333333333333,0,0,5171,7000,7000,50,220,220
5,False,-6.333333333333333,6.333333333333333,0,0,5221,7000,7000,50,220,220
5,False,-6.333333333333333,6.333333333333333,0,0,5271,7000,7000,50,220,220
5,False,-6.333333333333333,6.333333333333333,0,0,5321,7000,7000,50,220,220
5,False,-6.333333333333333,6.333333333333333,0,0,5371,7000,7000,50,220,220
5,False,-6.333333333333333,6.333333333333333,0,0,5421,7000,7000,50,220,220
5,False,-6.333333333333333,6.333333333333333,0,0,5471,7000,7000,50,220,220
5,False,-6.333333333333333,6.333333333333333,0,0,5521,7000,7000,50,220,220
5,False,-6.333333333333333,6.333333333333333,0,0,5571,7000,7000,50,220,220
5,False,-6.333333333333333,6.333333333333333,0,0,5621,7000,7000,50,220,220
5,False,-7.333333333333333,7.333333333333333,0,1,5671,7000,7000,50,220,220
5,False,-6.333333333333333,6.333333333333333,0,1,5721,7000,7000,50,220,220
5,False,-6.666666666666667,6.666666666666667,0,1,5771,7000,7000,50,220,220
5,False,-6.333333333333333,6.333333333333333,0,2,5821,7000,7000,50,220,220
5,False,-6.333333333333333,6.333333333333333,0,3,5871,7000,7000,50,220,220
5,False,-6.666666666666667,6.666666666666667,0,3,5921,7000,7000,50,220,220
5,False,-6.666666666666667,6.666666666666667,0,3,5971,7000,7000,50,220,220
5,False,-6.666666666666667,6.666666666666667,0,4,6021,7000,7000,50,220,220
6,False,27.333333333333332,24.666666666666668,52,35,5063,7000,7000,50,220,220
6,False,27.333333333333332,24.666666666666668,52,35,5113,7000,7000,50,220,220
6,False,27.0,24.0,51,35,5163,7000,7000,50,220,220
6,False,26.333333333333332,23.666666666666668,50,34,5213,7000,7000,50,220,220
6,False,26.0,24.0,50,35,5263,7000,7000,50,220,220
6,False,25.333333333333332,23.666666666666668,49,34,5313,7000,7000,50,220,220
6,False,24.666666666666668,23.333333333333332,48,34,5363,7000,7000,50,220,220
6,False,25.0,23.0,48,33,5413,7000,7000,50,220,220
6,False,24.333333333333332,22.666666666666668,47,33,5463,7000,7000,50,220,220
6,False,23.333333333333332,22.666666666666668,46,33,5513,7000,7000,50,220,220
6,False,23.666666666666668,22.333333333333332,46,32,5563,7000,7000,50,220,220
6,False,24.666666666666668,23.333333333333332,48,33,5613,7000,7000,50,220,220
6,False,22.333333333333332,21.666666666666668,44,32,5663,7000,7000,50,220,220
6,False,21.666666666666668,21.333333333333332,43,31,5713,7000,7000,50,220,220
6,False,21.0,21.0,42,31,5763,7000,7000,50,220,220
6,False,21.0,21.0,42,31,5813,7000,7000,50,220,220
6,False,20.333333333333332,20.666666666666668,41,30,5863,7000,7000,50,220,220
6,False,19.666666666666668,20.333333333333332,40,30,5913,7000,7000,50,220,220
6,False,18.333333333333332,19.666666666666668,38,30,5963,7000,7000,50,220,220
6,False,18.333333333333332,19.666666666666668,38,30,6013,7000,7000,50,220,220
1,False,-6.0,6.0,0,9,6054,7000,7000,50,220,220
1,False,-6.0,6.0,0,10,6104,7000,7000,50,220,220
1,False,-6.0,6.0,0,10,6154,7000,7000,50,220,220
1,False,-6.333333333333333,6.333333333333333,0,10,6204,7000,7000,50,220,220
1,False,-6.0,6.0,0,11,6254,7000,7000,50,220,220
1,False,-6.333333333333333,6.333333333333333,0,12,6304,7000,7000,50,220,220
1,False,-6.0,6.0,0,12,6354,7000,7000,50,220,220
1,False,-6.0,6.0,0,13,6404,7000,7000,50,220,220
1,False,-6.0,6.0,0,13,6454,7000,7000,50,220,220
1,False,-6.0,6.0,0,14,6504,7000,7000,50,220,220
1,False,-7.333333333333333,7.333333333333333,0,14,6554,7000,7000,50,220,220
1,False,-6.333333333333333,6.333333333333333,0,14,6604,7000,7000,50,220,220
1,False,-6.666666666666667,6.666666666666667,0,15,6654,7000,7000,50,220,220
1,False,-6.666666666666667,6.666666666666667,0,15,6704,7000,7000,50,220,220
1,False,-6.666666666666667,6.666666666666667,0,16,6754,7000,7000,50,220,220
1,False,-6.666666666666667,6.666666666666667,0,16,6804,7000,7000,50,220,220
1,False,-6.333333333333333,6.333333333333333,0,17,6854,7000,7000,50,220,220
1,False,-5.666666666666667,6.666666666666667,1,18,6904,7000,7000,50,220,220
1,False,-5.333333333333333,7.333333333333333,2,18,6954,7000,7000,50,220,220
1,False,-3.666666666666667,7.666666666666667,4,19,7004,7000,7000,50,220,220
2,False,25.666666666666668,24.333333333333332,50,35,6036,7000,7000,50,220,220
2,False,25.0,24.0,49,35,6086,7000,7000,50,220,220
2,False,24.666666666666668,24.333333333333332,49,35,6136,7000,7000,50,220,220
2,False,24.333333333333332,23.666666666666668,48,34,6186,7000,7000,50,220,220
2,False,23.666666666666668,23.333333333333332,47,34,6236,7000,7000,50,220,220
2,False,23.0,23.0,46,33,6286,7000,7000,50,220,220
2,False,22.333333333333332,22.666666666666668,45,33,6336,7000,7000,50,220,220
2,False,21.666666666666668,22.333333333333332,44,33,6386,7000,7000,50,220,220
2,False,21.0,22.0,43,32,6436,7000,7000,50,220,220
2,False,20.0,23.0,43,33,6486,7000,7000,50,220,220
2,False,20.333333333333332,21.666666666666668,42,32,6536,7000,7000,50,220,220
2,False,20.0,21.0,41,31,6586,7000,7000,50,220,220
2,False,19.333333333333332,20.666666666666668,40,31,6636,7000,7000,50,220,220
2,False,18.666666666666668,20.333333333333332,39,31,6686,7000,7000,50,220,220
2,False,18.0,20.0,38,31,6736,7000,7000,50,220,220
2,False,17.333333333333332,19.666666666666668,37,30,6786,7000,7000,50,220,220
2,False,16.666666666666668,19.333333333333332,36,30,6836,7000,7000,50,220,220
2,False,16.0,19.0,35,30,6886,7000,7000,50,220,220
2,False,15.333333333333332,18.666666666666668,34,29,6936,7000,7000,50,220,220
2,False,14.666666666666668,18.333333333333332,33,28,6986,7000,7000,50,220,220
3,False,-6.0,6.0,0,13,6029,7000,7000,50,220,220
3,False,-5.666666666666667,5.666666666666667,0,13,6079,7000,7000,50,220,220
3,False,-6.0,6.0,0,14,6129,7000,7000,50,220,220
3,False,-5.666666666666667,5.666666666666667,0,14,6179,7000,7000,50,220,220
3,False,-5.666666666666667,5.666666666666667,0,14,6229,7000,7000,50,220,220
3,False,-5.666666666666667,5.666666666666667,0,14,6279,7000,7000,50,220,220
3,False,-6.0,6.0,0,15,6329,7000,7000,50,220,220
3,False,-6.0,6.0,0,15,6379,7000,7000,50,220,220
3,False,-5.333333333333333,6.333333333333333,1,16,6429,7000,7000,50,220,220
3,False,-6.0,6.0,0,16,6479,7000,7000,50,220,220
3,False,-6.0,6.0,0,16,6529,7000,7000,50,220,220
3,False,-5.333333333333333,6.333333333333333,1,17,6579,7000,7000,50,220,220
3,False,-4.666666666666667,6.666666666666667,2,17,6629,7000,7000,50,220,220
3,False,-4.0,7.0,3,18,6679,7000,7000,50,220,220
3,False,-3.333333333333333,7.333333333333333,4,18,6729,7000,7000,50,220,220
3,False,-2.666666666666667,7.666666666666667,5,18,6779,7000,7000,50,220,220
3,False,-2.0,8.0,6,19,6829,7000,7000,50,220,220
3,False,-1.333333333333334,8.333333333333334,7,19,6879,7000,7000,50,220,220
3,False,-0.6666666666666661,8.666666666666666,8,19,6929,7000,7000,50,220,220
3,False,0.0,9.0,9,19,6979,7000,7000,50,220,220
4,False,24.0,24.0,48,35,6018,7000,7000,50,220,220
4,False,22.666666666666668,23.333333333333332,46,34,6068,7000,7000,50,220,220
4,False,22.333333333333332,22.666666666666668,45,34,6118,7000,7000,50,220,220
4,False,21.666666666666668,22.333333333333332,44,33,6168,7000,7000,50,220,220
4,False,20.666666666666668,22.333333333333332,43,33,6218,7000,7000,50,220,220
4,False,19.666666666666668,21.333333333333332,41,32,6268,7000,7000,50,220,220
4,False,19.0,21.0,40,31,6318,7000,7000,50,220,220
4,False,17.333333333333332,21.666666666666668,39,32,6368,7000,7000,50,220,220
4,False,17.0,20.0,37,31,6418,7000,7000,50,220,220
4,False,16.333333333333332,19.666666666666668,36,30,6468,7000,7000,50,220,220
4,False,15.666666666666668,19.333333333333332,35,30,6518,7000,7000,50,220,220
4,False,15.0,19.0,34,29,6568,7000,7000,50,220,220
4,False,14.0,18.0,32,29,6618,7000,7000,50,220,220
4,False,13.0,18.0,31,28,6668,7000,7000,50,220,220
4,False,13.333333333333332,17.666666666666668,31,28,6718,7000,7000,50,220,220
4,False,12.0,17.0,29,28,6768,7000,7000,50,220,220
4,False,11.333333333333332,16.666666666666668,28,26,6818,7000,7000,50,220,220
4,False,10.0,16.0,26,27,6868,7000,7000,50,220,220
4,False,10.333333333333334,15.666666666666666,26,26,6918,7000,7000,50,220,220
4,False,8.666666666666666,15.333333333333334,24,26,6968,7000,7000,50,220,220
5,False,-6.666666666666667,6.666666666666667,0,10,6011,7000,7000,50,220,220
5,False,-6.666666666666667,6.666666666666667,0,10,6061,7000,7000,50,220,220
5,False,-6.666666666666667,6.666666666666667,0,10,6111,7000,7000,50,220,220
5,False,-6.666666666666667,6.666666666666667,0,11,6161,7000,7000,50,220,220
5,False,-6.666666666666667,6.666666666666667,0,11,6211,7000,7000,50,220,220
5,False,-6.666666666666667,6.666666666666667,0,11,6261,7000,7000,50,220,220
5,False,-7.666666666666667,7.666666666666667,0,12,6311,7000,7000,50,220,220
5,False,-6.666666666666667,6.666666666666667,0,12,6361,7000,7000,50,220,220
5,False,-6.666666666666667,6.666666666666667,0,12,6411,7000,7000,50,220,220
5,False,-6.666666666666667,6.666666666666667,0,13,6461,7000,7000,50,220,220
5,False,-7.0,7.0,0,13,6511,7000,7000,50,220,220
5,False,-6.666666666666667,6.666666666666667,0,14,6561,7000,7000,50,220,220
5,False,-6.666666666666667,6.666666666666667,0,14,6611,7000,7000,50,220,220
5,False,-6.666666666666667,6.666666666666667,0,14,6661,7000,7000,50,220,220
5,False,-6.666666666666667,6.666666666666667,0,14,6711,7000,7000,50,220,220
5,False,-7.0,7.0,0,15,6761,7000,7000,50,220,220
5,False,-7.0,7.0,0,15,6811,7000,7000,50,220,220
5,False,-6.666666666666667,6.666666666666667,0,15,6861,7000,7000,50,220,220
5,False,-7.0,7.0,0,16,6911,7000,7000,50,220,220
5,False,-6.666666666666667,6.666666666666667,0,17,6961,7000,7000,50,220,220
6,False,21.666666666666668,21.333333333333332,43,32,6004,7000,7000,50,220,220
6,False,20.333333333333332,20.666666666666668,41,31,6054,7000,7000,50,220,220
6,False,19.666666666666668,20.333333333333332,40,30,6104,7000,7000,50,220,220
6,False,19.0,20.0,39,30,6154,7000,7000,50,220,220
6,False,18.333333333333332,19.666666666666668,38,29,6204,7000,7000,50,220,220
6,False,19.0,20.0,39,29,6254,7000,7000,50,220,220
6,False,15.666666666666668,18.333333333333332,34,29,6304,7000,7000,50,220,220
6,False,15.0,18.0,33,27,6354,7000,7000,50,220,220
6,False,14.333333333333332,17.666666666666668,32,27,6404,7000,7000,50,220,220
6,False,13.0,17.0,30,27,6454,7000,7000,50,220,220
6,False,12.666666666666668,16.333333333333332,29,26,6504,7000,7000,50,220,220
6,False,12.0,16.0,28,26,6554,7000,7000,50,220,220
6,False,11.333333333333334,15.666666666666666,27,25,6604,7000,7000,50,220,220
6,False,10.333333333333334,14.666666666666666,25,25,6654,7000,7000,50,220,220
6,False,9.333333333333334,14.666666666666666,24,25,6704,7000,7000,50,220,220
6,False,8.666666666666666,14.333333333333334,23,24,6754,7000,7000,50,220,220
6,False,7.666666666666666,13.333333333333334,21,24,6804,7000,7000,50,220,220
6,False,7.0,13.0,20,23,6854,7000,7000,50,220,220
6,False,6.333333333333334,12.666666666666666,19,23,6904,7000,7000,50,220,220
6,False,5.666666666666666,12.333333333333334,18,22,6954,7000,7000,50,220,220
1,False,-6.0,6.0,0,8,5987,7000,7000,50,220,220
1,False,-6.0,6.0,0,8,6037,7000,7000,50,220,220
1,False,-6.0,6.0,0,9,6087,7000,7000,50,220,220
1,False,-6.0,6.0,0,9,6137,7000,7000,50,220,220
1,False,-6.666666666666667,6.666666666666667,0,10,6187,7000,7000,50,220,220
1,False,-6.333333333333333,6.333333333333333,0,10,6237,7000,7000,50,220,220
1,False,-6.0,6.0,0,10,6287,7000,7000,50,220,220
1,False,-6.0,6.0,0,11,6337,7000,7000,50,220,220
1,False,-6.0,6.0,0,11,6387,7000,7000,50,220,220
1,False,-6.0,6.0,0,11,6437,7000,7000,50,220,220
1,False,-6.0,6.0,0,11,6487,7000,7000,50,220,220
1,False,-6.333333333333333,6.333333333333333,0,12,6537,7000,7000,50,220,220
1,False,-6.0,6.0,0,13,6587,7000,7000,50,220,220
1,False,-6.333333333333333,6.333333333333333,0,13,6637,7000,7000,50,220,220
1,False,-6.0,6.0,0,13,6687,7000,7000,50,220,220
1,False,-6.333333333333333,6.333333333333333,0,14,6737,7000,7000,50,220,220
1,False,-6.333333333333333,6.333333333333333,0,14,6787,7000,7000,50,220,220
1,False,-6.0,6.0,0,14,6837,7000,7000,50,220,220
1,False,-6.333333333333333,6.333333333333333,0,15,6887,7000,7000,50,220,220
1,False,-6.333333333333333,6.333333333333333,0,16,6937,7000,7000,50,220,220
2,False,25.0,24.0,49,34,5980,7000,7000,50,220,220
2,False,24.333333333333332,23.666666666666668,48,34,6030,7000,7000,50,220,220
2,False,23.666666666666668,23.333333333333332,47,34,6080,7000,7000,50,220,220
2,False,22.0,24.0,46,34,6130,7000,7000,50,220,220
2,False,22.333333333333332,22.666666666666668,45,33,6180,7000,7000,50,220,220
2,False,21.666666666666668,22.333333333333332,44,32,6230,7000,7000,50,220,220
2,False,20.666666666666668,21.333333333333332,42,32,6280,7000,7000,50,220,220
2,False,20.0,21.0,41,32,6330,7000,7000,50,220,220
2,False,19.666666666666668,20.333333333333332,40,32,6380,7000,7000,50,220,220
2,False,18.666666666666668,20.333333333333332,39,31,6430,7000,7000,50,220,220
2,False,17.333333333333332,19.666666666666668,37,30,6480,7000,7000,50,220,220
2,False,16.666666666666668,19.333333333333332,36,30,6530,7000,7000,50,220,220
2,False,16.0,19.0,35,30,6580,7000,7000,50,220,220
2,False,15.333333333333332,18.666666666666668,34,28,6630,7000,7000,50,220,220
2,False,14.666666666666668,18.333333333333332,33,28,6680,7000,7000,50,220,220
2,False,14.666666666666668,17.333333333333332,32,28,6730,7000,7000,50,220,220
2,False,13.333333333333332,16.666666666666668,30,27,6780,7000,7000,50,220,220
2,False,12.333333333333332,16.666666666666668,29,27,6830,7000,7000,50,220,220
2,False,11.666666666666668,16.333333333333332,28,26,6880,7000,7000,50,220,220
2,False,11.333333333333334,15.666666666666666,27,26,6930,7000,7000,50,220,220
3,False,-6.0,6.0,0,9,5973,7000,7000,50,220,220
3,False,-5.666666666666667,5.666666666666667,0,9,6023,7000,7000,50,220,220
3,False,-5.666666666666667,5.666666666666667,0,10,6073,7000,7000,50,220,220
3,False,-5.666666666666667,5.666666666666667,0,10,6123,7000,7000,50,220,220
3,False,-6.0,6.0,0,10,6173,7000,7000,50,220,220
3,False,-5.666666666666667,5.666666666666667,0,11,6223,7000,7000,50,220,220
3,False,-5.666666666666667,5.666666666666667,0,11,6273,7000,7000,50,220,220
3,False,-6.0,6.0,0,12,6323,7000,7000,50,220,220
3,False,-5.666666666666667,5.666666666666667,0,12,6373,7000,7000,50,220,220
3,False,-5.666666666666667,5.666666666666667,0,13,6423,7000,7000,50,220,220
3,False,-5.666666666666667,5.666666666666667,0,13,6473,7000,7000,50,220,220
3,False,-5.666666666666667,5.666666666666667,0,13,6523,7000,7000,50,220,220
3,False,-5.666666666666667,5.666666666666667,0,13,6573,7000,7000,50,220,220
3,False,-6.0,6.0,0,13,6623,7000,7000,50,220,220
3,False,-6.0,6.0,0,14,6673,7000,7000,50,220,220
3,False,-5.666666666666667,5.666666666666667,0,14,6723,7000,7000,50,220,220
3,False,-6.0,6.0,0,14,6773,7000,7000,50,220,220
3,False,-6.0,6.0,0,15,6823,7000,7000,50,220,220
3,False,-5.666666666666667,5.666666666666667,0,15,6873,7000,7000,50,220,220
3,False,-6.0,6.0,0,16,6923,7000,7000,50,220,220
4,False,13.666666666666668,18.333333333333332,32,28,5965,7000,7000,50,220,220
4,False,12.0,19.0,31,29,6015,7000,7000,50,220,220
4,False,12.0,17.0,29,28,6065,7000,7000,50,220,220
4,False,11.0,17.0,28,27,6115,7000,7000,50,220,220
4,False,10.666666666666668,16.333333333333332,27,27,6165,7000,7000,50,220,220
4,False,10.0,16.0,26,26,6215,7000,7000,50,220,220
4,False,9.333333333333334,15.666666666666666,25,26,6265,7000,7000,50,220,220
4,False,8.666666666666666,15.333333333333334,24,26,6315,7000,7000,50,220,220
4,False,7.333333333333334,14.666666666666666,22,25,6365,7000,7000,50,220,220
4,False,7.0,14.0,21,25,6415,7000,7000,50,220,220
4,False,6.0,14.0,20,24,6465,7000,7000,50,220,220
4,False,5.0,13.0,18,24,6515,7000,7000,50,220,220
4,False,5.0,13.0,18,23,6565,7000,7000,50,220,220
4,False,4.0,13.0,17,23,6615,7000,7000,50,220,220
4,False,3.0,12.0,15,23,6665,7000,7000,50,220,220
4,False,2.333333333333334,11.666666666666666,14,22,6715,7000,7000,50,220,220
4,False,1.666666666666666,11.333333333333334,13,22,6765,7000,7000,50,220,220
4,False,1.0,11.0,12,21,6815,7000,7000,50,220,220
4,False,-0.3333333333333339,10.333333333333334,10,20,6865,7000,7000,50,220,220
4,False,-1.0,10.0,9,20,6915,7000,7000,50,220,220
5,False,-7.333333333333333,7.333333333333333,0,2,5958,7000,7000,50,220,220
5,False,-6.666666666666667,6.666666666666667,0,2,6008,7000,7000,50,220,220
5,False,-6.333333333333333,6.333333333333333,0,2,6058,7000,7000,50,220,220
5,False,-6.666666666666667,6.666666666666667,0,2,6108,7000,7000,50,220,220
5,False,-6.666666666666667,6.666666666666667,0,3,6158,7000,7000,50,220,220
5,False,-6.333333333333333,6.333333333333333,0,3,6208,7000,7000,50,220,220
5,False,-6.666666666666667,6.666666666666667,0,4,6258,7000,7000,50,220,220
5,False,-6.666666666666667,6.666666666666667,0,5,6308,7000,7000,50,220,220
5,False,-6.666666666666667,6.666666666666667,0,5,6358,7000,7000,50,220,220
5,False,-6.666666666666667,6.666666666666667,0,6,6408,7000,7000,50,220,220
5,False,-6.666666666666667,6.666666666666667,0,5,6458,7000,7000,50,220,220
5,False,-6.666666666666667,6.666666666666667,0,6,6508,7000,7000,50,220,220
5,False,-6.666666666666667,6.666666666666667,0,7,6558,7000,7000,50,220,220
5,False,-6.666666666666667,6.666666666666667,0,7,6608,7000,7000,50,220,220
5,False,-6.666666666666667,6.666666666666667,0,7,6658,7000,7000,50,220,220
5,False,-6.666666666666667,6.666666666666667,0,8,6708,7000,7000,50,220,220
5,False,-6.666666666666667,6.666666666666667,0,8,6758,7000,7000,50,220,220
5,False,-6.666666666666667,6.666666666666667,0,8,6808,7000,7000,50,220,220
5,False,-7.0,7.0,0,9,6858,7000,7000,50,220,220
5,False,-6.666666666666667,6.666666666666667,0,8,6908,7000,7000,50,220,220
6,False,12.0,16.0,28,26,5941,7000,7000,50,220,220
6,False,11.333333333333334,15.666666666666666,27,26,5991,7000,7000,50,220,220
6,False,10.666666666666666,15.333333333333334,26,25,6041,7000,7000,50,220,220
6,False,10.0,15.0,25,24,6091,7000,7000,50,220,220
6,False,9.0,14.0,23,24,6141,7000,7000,50,220,220
6,False,8.666666666666666,14.333333333333334,23,24,6191,7000,7000,50,220,220
6,False,8.333333333333334,13.666666666666666,22,24,6241,7000,7000,50,220,220
6,False,7.333333333333334,13.666666666666666,21,23,6291,7000,7000,50,220,220
6,False,6.333333333333334,12.666666666666666,19,23,6341,7000,7000,50,220,220
6,False,6.333333333333334,12.666666666666666,19,23,6391,7000,7000,50,220,220
6,False,5.666666666666666,12.333333333333334,18,22,6441,7000,7000,50,220,220
6,False,4.333333333333334,11.666666666666666,16,22,6491,7000,7000,50,220,220
6,False,3.666666666666666,11.333333333333334,15,21,6541,7000,7000,50,220,220
6,False,3.666666666666666,11.333333333333334,15,21,6591,7000,7000,50,220,220
6,False,3.0,11.0,14,21,6641,7000,7000,50,220,220
6,False,1.666666666666666,10.333333333333334,12,20,6691,7000,7000,50,220,220
6,False,1.666666666666666,10.333333333333334,12,20,6741,7000,7000,50,220,220
6,False,1.333333333333334,9.666666666666666,11,20,6791,7000,7000,50,220,220
6,False,0.6666666666666661,9.333333333333334,10,19,6841,7000,7000,50,220,220
6,False,2.0,10.0,12,19,6891,7000,7000,50,220,220
1,False,-6.0,6.0,0,6,5933,6900,6900,50,220,220
1,False,-6.0,6.0,0,6,5983,6900,6900,50,220,220
1,False,-6.0,6.0,0,7,6033,6900,6900,50,220,220
1,False,-6.0,6.0,0,7,6083,6900,6900,50,220,220
1,False,-6.0,6.0,0,8,6133,6900,6900,50,220,220
1,False,-6.0,6.0,0,9,6183,6900,6900,50,220,220
1,False,-6.333333333333333,6.333333333333333,0,9,6233,6900,6900,50,220,220
1,False,-6.0,6.0,0,10,6283,6900,6900,50,220,220
1,False,-6.0,6.0,0,10,6333,6900,6900,50,220,220
1,False,-6.0,6.0,0,11,6383,6900,6900,50,220,220
1,False,-6.0,6.0,0,12,6433,6900,6900,50,220,220
1,False,-6.333333333333333,6.333333333333333,0,12,6483,6900,6900,50,220,220
1,False,-6.333333333333333,6.333333333333333,0,12,6533,6900,6900,50,220,220
1,False,-6.0,6.0,0,13,6583,6900,6900,50,220,220
1,False,-6.0,6.0,0,14,6633,6900,6900,50,220,220
1,False,-6.0,6.0,0,14,6683,6900,6900,50,220,220
1,False,-6.0,6.0,0,14,6733,6900,6900,50,220,220
1,False,-6.0,6.0,0,15,6783,6900,6900,50,220,220
1,False,-7.666666666666667,7.666666666666667,0,16,6833,6900,6900,50,220,220
1,False,-6.666666666666667,6.666666666666667,0,16,6883,6900,6900,50,220,220
2,False,30.666666666666668,27.333333333333332,58,38,5027,6900,6900,50,220,220
2,False,30.0,27.0,57,38,5077,6900,6900,50,220,220
2,False,29.333333333333332,26.666666666666668,56,38,5127,6900,6900,50,220,220
2,False,29.666666666666668,26.333333333333332,56,37,5177,6900,6900,50,220,220
2,False,29.333333333333332,26.666666666666668,56,37,5227,6900,6900,50,220,220
2,False,28.666666666666668,26.333333333333332,55,37,5277,6900,6900,50,220,220
2,False,28.0,26.0,54,37,5327,6900,6900,50,220,220
2,False,27.333333333333332,25.666666666666668,53,36,5377,6900,6900,50,220,220
2,False,27.0,26.0,53,36,5427,6900,6900,50,220,220
2,False,26.666666666666668,25.333333333333332,52,36,5477,6900,6900,50,220,220
2,False,26.666666666666668,25.333333333333332,52,36,5527,6900,6900,50,220,220
2,False,26.0,25.0,51,35,5577,6900,6900,50,220,220
2,False,25.333333333333332,24.666666666666668,50,35,5627,6900,6900,50,220,220
2,False,25.666666666666668,24.333333333333332,50,35,5677,6900,6900,50,220,220
2,False,25.0,24.0,49,35,5727,6900,6900,50,220,220
2,False,24.666666666666668,24.333333333333332,49,35,5777,6900,6900,50,220,220
2,False,24.333333333333332,23.666666666666668,48,35,5827,6900,6900,50,220,220
2,False,22.666666666666668,24.333333333333332,47,35,5877,6900,6900,50,220,220
2,False,23.0,23.0,46,34,5927,6900,6900,50,220,220
2,False,23.0,23.0,46,33,5977,6900,6900,50,220,220
3,False,-5.333333333333333,5.333333333333333,0,1,5120,6900,6900,50,220,220
3,False,-5.666666666666667,5.666666666666667,0,1,5170,6900,6900,50,220,220
3,False,-5.666666666666667,5.666666666666667,0,2,5220,6900,6900,50,220,220
3,False,-5.666666666666667,5.666666666666667,0,2,5270,6900,6900,50,220,220
3,False,-5.333333333333333,5.333333333333333,0,3,5320,6900,6900,50,220,220
3,False,-5.666666666666667,5.666666666666667,0,3,5370,6900,6900,50,220,220
3,False,-5.666666666666667,5.666666666666667,0,4,5420,6900,6900,50,220,220
3,False,-5.666666666666667,5.666666666666667,0,4,5470,6900,6900,50,220,220
3,False,-5.666666666666667,5.666666666666667,0,5,5520,6900,6900,50,220,220
3,False,-5.666666666666667,5.666666666666667,0,5,5570,6900,6900,50,220,220
3,False,-5.666666666666667,5.666666666666667,0,5,5620,6900,6900,50,220,220
3,False,-5.666666666666667,5.666666666666667,0,6,5670,6900,6900,50,220,220
3,False,-5.666666666666667,5.666666666666667,0,7,5720,6900,6900,50,220,220
3,False,-5.666666666666667,5.666666666666667,0,7,5770,6900,6900,50,220,220
3,False,-5.666666666666667,5.666666666666667,0,7,5820,6900,6900,50,220,220
3,False,-6.0,6.0,0,8,5870,6900,6900,50,220,220
3,False,-5.666666666666667,5.666666666666667,0,9,5920,6900,6900,50,220,220
3,False,-5.666666666666667,5.666666666666667,0,9,5970,6900,6900,50,220,220
3,False,-5.666666666666667,5.666666666666667,0,9,6020,6900,6900,50,220,220
3,False,-5.666666666666667,5.666666666666667,0,10,6070,6900,6900,50,220,220
4,False,28.0,26.0,54,37,5214,6900,6900,50,220,220
4,False,27.333333333333332,25.666666666666668,53,37,5264,6900,6900,50,220,220
4,False,26.666666666666668,25.333333333333332,52,36,5314,6900,6900,50,220,220
4,False,25.666666666666668,25.333333333333332,51,36,5364,6900,6900,50,220,220
4,False,26.0,25.0,51,36,5414,6900,6900,50,220,220
4,False,25.333333333333332,24.666666666666668,50,35,5464,6900,6900,50,220,220
4,False,24.666666666666668,24.333333333333332,49,35,5514,6900,6900,50,220,220
4,False,24.333333333333332,23.666666666666668,48,35,5564,6900,6900,50,220,220
4,False,23.0,24.0,47,34,5614,6900,6900,50,220,220
4,False,22.666666666666668,23.333333333333332,46,34,5664,6900,6900,50,220,220
4,False,22.0,23.0,45,33,5714,6900,6900,50,220,220
4,False,21.666666666666668,22.333333333333332,44,34,5764,6900,6900,50,220,220
4,False,20.666666666666668,22.333333333333332,43,33,5814,6900,6900,50,220,220
4,False,20.333333333333332,21.666666666666668,42,33,5864,6900,6900,50,220,220
4,False,19.666666666666668,21.333333333333332,41,32,5914,6900,6900,50,220,220
4,False,18.666666666666668,22.333333333333332,41,32,5964,6900,6900,50,220,220
4,False,19.0,21.0,40,32,6014,6900,6900,50,220,220
4,False,17.666666666666668,20.333333333333332,38,31,6064,6900,6900,50,220,220
4,False,17.0,20.0,37,30,6114,6900,6900,50,220,220
4,False,17.0,20.0,37,30,6164,6900,6900,50,220,220
5,False,-6.666666666666667,6.666666666666667,0,4,5305,6900,6900,50,220,220
5,False,-6.333333333333333,6.333333333333333,0,4,5355,6900,6900,50,220,220
5,False,-6.666666666666667,6.666666666666667,0,5,5405,6900,6900,50,220,220
5,False,-6.333333333333333,6.333333333333333,0,5,5455,6900,6900,50,220,220
5,False,-6.666666666666667,6.666666666666667,0,5,5505,6900,6900,50,220,220
5,False,-6.666666666666667,6.666666666666667,0,5,5555,6900,6900,50,220,220
5,False,-6.666666666666667,6.666666666666667,0,6,5605,6900,6900,50,220,220
5,False,-6.333333333333333,6.333333333333333,0,6,5655,6900,6900,50,220,220
5,False,-6.666666666666667,6.666666666666667,0,6,5705,6900,6900,50,220,220
5,False,-6.666666666666667,6.666666666666667,0,7,5755,6900,6900,50,220,220
5,False,-6.666666666666667,6.666666666666667,0,8,5805,6900,6900,50,220,220
5,False,-6.666666666666667,6.666666666666667,0,8,5855,6900,6900,50,220,220
5,False,-6.666666666666667,6.666666666666667,0,8,5905,6900,6900,50,220,220
5,False,-6.666666666666667,6.666666666666667,0,8,5955,6900,6900,50,220,220
5,False,-7.666666666666667,7.666666666666667,0,9,6005,6900,6900,50,220,220
5,False,-6.666666666666667,6.666666666666667,0,9,6055,6900,6900,50,220,220
5,False,-6.666666666666667,6.666666666666667,0,9,6105,6900,6900,50,220,220
5,False,-6.666666666666667,6.666666666666667,0,10,6155,6900,6900,50,220,220
5,False,-6.666666666666667,6.666666666666667,0,10,6205,6900,6900,50,220,220
5,False,-6.666666666666667,6.666666666666667,0,11,6255,6900,6900,50,220,220
6,False,33.0,28.0,61,39,5388,6900,6900,50,220,220
6,False,33.0,28.0,61,38,5438,6900,6900,50,220,220
6,False,32.0,27.0,59,37,5488,6900,6900,50,220,220
6,False,31.0,27.0,58,37,5538,6900,6900,50,220,220
6,False,31.0,27.0,58,37,5588,6900,6900,50,220,220
6,False,30.333333333333332,26.666666666666668,57,37,5638,6900,6900,50,220,220
6,False,29.0,26.0,55,36,5688,6900,6900,50,220,220
6,False,28.666666666666668,25.333333333333332,54,36,5738,6900,6900,50,220,220
6,False,28.666666666666668,25.333333333333332,54,36,5788,6900,6900,50,220,220
6,False,27.333333333333332,24.666666666666668,52,35,5838,6900,6900,50,220,220
6,False,26.666666666666668,24.333333333333332,51,35,5888,6900,6900,50,220,220
6,False,26.0,24.0,50,34,5938,6900,6900,50,220,220
6,False,26.0,24.0,50,34,5988,6900,6900,50,220,220
6,False,27.0,24.0,51,34,6038,6900,6900,50,220,220
6,False,24.0,23.0,47,33,6088,6900,6900,50,220,220
6,False,24.0,23.0,47,33,6138,6900,6900,50,220,220
6,False,22.666666666666668,22.333333333333332,45,32,6188,6900,6900,50,220,220
6,False,22.333333333333332,21.666666666666668,44,32,6238,6900,6900,50,220,220
6,False,21.666666666666668,21.333333333333332,43,31,6288,6900,6900,50,220,220
6,False,21.0,21.0,42,31,6338,6900,6900,50,220,220
1,False,-6.0,6.0,0,10,5481,6900,6900,50,220,220
1,False,-6.0,6.0,0,10,5531,6900,6900,50,220,220
1,False,-6.0,6.0,0,11,5581,6900,6900,50,220,220
1,False,-6.0,6.0,0,11,5631,6900,6900,50,220,220
1,False,-6.0,6.0,0,12,5681,6900,6900,50,220,220
1,False,-6.0,6.0,0,11,5731,6900,6900,50,220,220
1,False,-6.0,6.0,0,12,5781,6900,6900,50,220,220
1,False,-6.333333333333333,6.333333333333333,0,13,5831,6900,6900,50,220,220
1,False,-6.333333333333333,6.333333333333333,0,13,5881,6900,6900,50,220,220
1,False,-6.0,6.0,0,13,5931,6900,6900,50,220,220
1,False,-6.333333333333333,6.333333333333333,0,14,5981,6900,6900,50,220,220
1,False,-6.333333333333333,6.333333333333333,0,14,6031,6900,6900,50,220,220
1,False,-7.333333333333333,7.333333333333333,0,15,6081,6900,6900,50,220,220
1,False,-6.333333333333333,6.333333333333333,0,15,6131,6900,6900,50,220,220
1,False,-6.333333333333333,6.333333333333333,0,16,6181,6900,6900,50,220,220
1,False,-6.333333333333333,6.333333333333333,0,16,6231,6900,6900,50,220,220
1,False,-6.666666666666667,6.666666666666667,0,16,6281,6900,6900,50,220,220
1,False,-6.666666666666667,6.666666666666667,0,16,6331,6900,6900,50,220,220
1,False,-6.666666666666667,6.666666666666667,0,17,6381,6900,6900,50,220,220
1,False,-6.0,7.0,1,18,6431,6900,6900,50,220,220
2,False,33.66666666666667,29.333333333333332,63,40,5574,6900,6900,50,220,220
2,False,32.66666666666667,28.333333333333332,61,39,5624,6900,6900,50,220,220
2,False,31.666666666666668,28.333333333333332,60,39,5674,6900,6900,50,220,220
2,False,31.333333333333332,27.666666666666668,59,38,5724,6900,6900,50,220,220
2,False,30.666666666666668,27.333333333333332,58,38,5774,6900,6900,50,220,220
2,False,30.0,27.0,57,38,5824,6900,6900,50,220,220
2,False,28.666666666666668,26.333333333333332,55,37,5874,6900,6900,50,220,220
2,False,28.0,26.0,54,36,5924,6900,6900,50,220,220
2,False,27.666666666666668,25.333333333333332,53,36,5974,6900,6900,50,220,220
2,False,27.0,25.0,52,35,6024,6900,6900,50,220,220
2,False,25.666666666666668,24.333333333333332,50,35,6074,6900,6900,50,220,220
2,False,24.666666666666668,25.333333333333332,50,35,6124,6900,6900,50,220,220
2,False,24.333333333333332,23.666666666666668,48,35,6174,6900,6900,50,220,220
2,False,23.666666666666668,23.333333333333332,47,34,6224,6900,6900,50,220,220
2,False,22.333333333333332,22.666666666666668,45,33,6274,6900,6900,50,220,220
2,False,22.0,22.0,44,33,6324,6900,6900,50,220,220
2,False,21.666666666666668,22.333333333333332,44,33,6374,6900,6900,50,220,220
2,False,20.333333333333332,21.666666666666668,42,32,6424,6900,6900,50,220,220
2,False,20.0,21.0,41,32,6474,6900,6900,50,220,220
2,False,18.666666666666668,20.333333333333332,39,31,6524,6900,6900,50,220,220
3,False,-5.666666666666667,5.666666666666667,0,8,5667,6900,6900,50,220,220
3,False,-5.666666666666667,5.666666666666667,0,9,5717,6900,6900,50,220,220
3,False,-5.666666666666667,5.666666666666667,0,9,5767,6900,6900,50,220,220
3,False,-5.666666666666667,5.666666666666667,0,9,5817,6900,6900,50,220,220
3,False,-5.666666666666667,5.666666666666667,0,9,5867,6900,6900,50,220,220
3,False,-5.666666666666667,5.666666666666667,0,10,5917,6900,6900,50,220,220
3,False,-5.666666666666667,5.666666666666667,0,10,5967,6900,6900,50,220,220
3,False,-5.666666666666667,5.666666666666667,0,10,6017,6900,6900,50,220,220
3,False,-5.666666666666667,5.666666666666667,0,11,6067,6900,6900,50,220,220
3,False,-5.666666666666667,5.666666666666667,0,11,6117,6900,6900,50,220,220
3,False,-5.666666666666667,5.666666666666667,0,12,6167,6900,6900,50,220,220
3,False,-6.0,6.0,0,12,6217,6900,6900,50,220,220
3,False,-5.666666666666667,5.666666666666667,0,12,6267,6900,6900,50,220,220
3,False,-5.666666666666667,5.666666666666667,0,12,6317,6900,6900,50,220,220
3,False,-5.666666666666667,5.666666666666667,0,13,6367,6900,6900,50,220,220
3,False,-5.666666666666667,5.666666666666667,0,13,6417,6900,6900,50,220,220
3,False,-6.0,6.0,0,13,6467,6900,6900,50,220,220
3,False,-5.666666666666667,5.666666666666667,0,14,6517,6900,6900,50,220,220
3,False,-6.0,6.0,0,14,6567,6900,6900,50,220,220
3,False,-5.666666666666667,5.666666666666667,0,14,6617,6900,6900,50,220,220
4,False,21.333333333333332,22.666666666666668,44,33,5760,6900,6900,50,220,220
4,False,20.0,22.0,42,33,5810,6900,6900,50,220,220
4,False,19.0,21.0,40,32,5860,6900,6900,50,220,220
4,False,18.333333333333332,20.666666666666668,39,31,5910,6900,6900,50,220,220
4,False,17.666666666666668,20.333333333333332,38,31,5960,6900,6900,50,220,220
4,False,17.0,20.0,37,30,6010,6900,6900,50,220,220
4,False,15.666666666666668,19.333333333333332,35,30,6060,6900,6900,50,220,220
4,False,14.333333333333332,18.666666666666668,33,29,6110,6900,6900,50,220,220
4,False,14.0,18.0,32,29,6160,6900,6900,50,220,220
4,False,12.0,19.0,31,28,6210,6900,6900,50,220,220
4,False,12.0,17.0,29,28,6260,6900,6900,50,220,220
4,False,11.333333333333332,16.666666666666668,28,27,6310,6900,6900,50,220,220
4,False,10.0,16.0,26,26,6360,6900,6900,50,220,220
4,False,9.333333333333334,15.666666666666666,25,26,6410,6900,6900,50,220,220
4,False,8.0,15.0,23,26,6460,6900,6900,50,220,220
4,False,7.333333333333334,14.666666666666666,22,25,6510,6900,6900,50,220,220
4,False,7.0,14.0,21,24,6560,6900,6900,50,220,220
4,False,5.666666666666666,13.333333333333334,19,24,6610,6900,6900,50,220,220
4,False,5.0,13.0,18,24,6660,6900,6900,50,220,220
4,False,4.333333333333334,12.666666666666666,17,23,6710,6900,6900,50,220,220
5,False,-6.666666666666667,6.666666666666667,0,4,5853,6900,6900,50,220,220
5,False,-6.666666666666667,6.666666666666667,0,4,5903,6900,6900,50,220,220
5,False,-6.666666666666667,6.666666666666667,0,5,5953,6900,6900,50,220,220
5,False,-6.333333333333333,6.333333333333333,0,4,6003,6900,6900,50,220,220
5,False,-6.666666666666667,6.666666666666667,0,5,6053,6900,6900,50,220,220
5,False,-6.666666666666667,6.666666666666667,0,5,6103,6900,6900,50,220,220
5,False,-6.666666666666667,6.666666666666667,0,6,6153,6900,6900,50,220,220
5,False,-6.666666666666667,6.666666666666667,0,6,6203,6900,6900,50,220,220
5,False,-7.333333333333333,7.333333333333333,0,7,6253,6900,6900,50,220,220
5,False,-6.666666666666667,6.666666666666667,0,7,6303,6900,6900,50,220,220
5,False,-6.666666666666667,6.666666666666667,0,7,6353,6900,6900,50,220,220
5,False,-6.666666666666667,6.666666666666667,0,7,6403,6900,6900,50,220,220
5,False,-6.666666666666667,6.666666666666667,0,8,6453,6900,6900,50,220,220
5,False,-6.666666666666667,6.666666666666667,0,8,6503,6900,6900,50,220,220
5,False,-6.666666666666667,6.666666666666667,0,8,6553,6900,6900,50,220,220
5,False,-6.666666666666667,6.666666666666667,0,9,6603,6900,6900,50,220,220
5,False,-6.666666666666667,6.666666666666667,0,9,6653,6900,6900,50,220,220
5,False,-6.666666666666667,6.666666666666667,0,10,6703,6900,6900,50,220,220
5,False,-6.666666666666667,6.666666666666667,0,10,6753,6900,6900,50,220,220
5,False,-6.666666666666667,6.666666666666667,0,10,6803,6900,6900,50,220,220
6,False,15.0,18.0,33,28,5937,6900,6900,50,220,220
6,False,14.666666666666668,17.333333333333332,32,28,5987,6900,6900,50,220,220
6,False,13.666666666666668,17.333333333333332,31,27,6037,6900,6900,50,220,220
6,False,13.333333333333332,16.666666666666668,30,27,6087,6900,6900,50,220,220
6,False,12.666666666666668,16.333333333333332,29,26,6137,6900,6900,50,220,220
6,False,12.0,16.0,28,26,6187,6900,6900,50,220,220
6,False,11.333333333333334,15.666666666666666,27,26,6237,6900,6900,50,220,220
6,False,12.666666666666668,16.333333333333332,29,25,6287,6900,6900,50,220,220
6,False,10.0,15.0,25,25,6337,6900,6900,50,220,220
6,False,9.333333333333334,14.666666666666666,24,24,6387,6900,6900,50,220,220
6,False,9.0,14.0,23,24,6437,6900,6900,50,220,220
6,False,7.666666666666666,13.333333333333334,21,24,6487,6900,6900,50,220,220
6,False,7.0,13.0,20,23,6537,6900,6900,50,220,220
6,False,6.666666666666666,13.333333333333334,20,23,6587,6900,6900,50,220,220
6,False,5.666666666666666,12.333333333333334,18,22,6637,6900,6900,50,220,220
6,False,5.0,12.0,17,22,6687,6900,6900,50,220,220
6,False,4.333333333333334,11.666666666666666,16,22,6737,6900,6900,50,220,220
6,False,4.666666666666666,11.333333333333334,16,22,6787,6900,6900,50,220,220
6,False,3.0,11.0,14,21,6837,6900,6900,50,220,220
6,False,2.333333333333334,10.666666666666666,13,21,6887,6900,6900,50,220,220
1,False,-5.666666666666667,5.666666666666667,0,0,5031,6900,6900,50,220,220
1,False,-5.666666666666667,5.666666666666667,0,0,5081,6900,6900,50,220,220
1,False,-5.666666666666667,5.666666666666667,0,0,5131,6900,6900,50,220,220
1,False,-5.666666666666667,5.666666666666667,0,0,5181,6900,6900,50,220,220
1,False,-5.666666666666667,5.666666666666667,0,0,5231,6900,6900,50,220,220
1,False,-6.0,6.0,0,0,5281,6900,6900,50,220,220
1,False,-5.666666666666667,5.666666666666667,0,0,5331,6900,6900,50,220,220
1,False,-6.0,6.0,0,0,5381,6900,6900,50,220,220
1,False,-5.666666666666667,5.666666666666667,0,0,5431,6900,6900,50,220,220
1,False,-5.666666666666667,5.666666666666667,0,1,5481,6900,6900,50,220,220
1,False,-6.0,6.0,0,1,5531,6900,6900,50,220,220
1,False,-6.0,6.0,0,2,5581,6900,6900,50,220,220
1,False,-6.0,6.0,0,2,5631,6900,6900,50,220,220
1,False,-6.0,6.0,0,2,5681,6900,6900,50,220,220
1,False,-6.0,6.0,0,3,5731,6900,6900,50,220,220
1,False,-6.0,6.0,0,3,5781,6900,6900,50,220,220
1,False,-6.0,6.0,0,4,5831,6900,6900,50,220,220
1,False,-6.0,6.0,0,4,5881,6900,6900,50,220,220
1,False,-6.0,6.0,0,5,5931,6900,6900,50,220,220
1,False,-6.0,6.0,0,5,5981,6900,6900,50,220,220
2,False,26.333333333333332,24.666666666666668,51,35,5120,6900,6900,50,220,220
2,False,25.0,24.0,49,35,5170,6900,6900,50,220,220
2,False,25.0,24.0,49,35,5220,6900,6900,50,220,220
2,False,24.333333333333332,23.666666666666668,48,34,5270,6900,6900,50,220,220
2,False,23.666666666666668,23.333333333333332,47,34,5320,6900,6900,50,220,220
2,False,22.0,24.0,46,34,5370,6900,6900,50,220,220
2,False,23.0,23.0,46,34,5420,6900,6900,50,220,220
2,False,22.333333333333332,22.666666666666668,45,33,5470,6900,6900,50,220,220
2,False,22.0,22.0,44,32,5520,6900,6900,50,220,220
2,False,20.666666666666668,21.333333333333332,42,32,5570,6900,6900,50,220,220
2,False,20.666666666666668,21.333333333333332,42,32,5620,6900,6900,50,220,220
2,False,20.0,21.0,41,32,5670,6900,6900,50,220,220
2,False,19.333333333333332,20.666666666666668,40,31,5720,6900,6900,50,220,220
2,False,18.666666666666668,20.333333333333332,39,31,5770,6900,6900,50,220,220
2,False,18.0,20.0,38,31,5820,6900,6900,50,220,220
2,False,17.333333333333332,19.666666666666668,37,30,5870,6900,6900,50,220,220
2,False,16.666666666666668,19.333333333333332,36,30,5920,6900,6900,50,220,220
2,False,16.0,19.0,35,30,5970,6900,6900,50,220,220
2,False,15.333333333333332,18.666666666666668,34,29,6020,6900,6900,50,220,220
2,False,15.333333333333332,18.666666666666668,34,28,6070,6900,6900,50,220,220
3,False,-5.333333333333333,5.333333333333333,0,1,5211,6900,6900,50,220,220
3,False,-5.666666666666667,5.666666666666667,0,2,5261,6900,6900,50,220,220
3,False,-5.333333333333333,5.333333333333333,0,2,5311,6900,6900,50,220,220
3,False,-5.333333333333333,5.333333333333333,0,2,5361,6900,6900,50,220,220
3,False,-5.666666666666667,5.666666666666667,0,3,5411,6900,6900,50,220,220
3,False,-5.666666666666667,5.666666666666667,0,4,5461,6900,6900,50,220,220
3,False,-5.666666666666667,5.666666666666667,0,4,5511,6900,6900,50,220,220
3,False,-5.666666666666667,5.666666666666667,0,5,5561,6900,6900,50,220,220
3,False,-5.666666666666667,5.666666666666667,0,5,5611,6900,6900,50,220,220
3,False,-5.666666666666667,5.666666666666667,0,6,5661,6900,6900,50,220,220
3,False,-5.666666666666667,5.666666666666667,0,6,5711,6900,6900,50,220,220
3,False,-5.666666666666667,5.666666666666667,0,6,5761,6900,6900,50,220,220
3,False,-5.666666666666667,5.666666666666667,0,7,5811,6900,6900,50,220,220
3,False,-5.666666666666667,5.666666666666667,0,7,5861,6900,6900,50,220,220
3,False,-5.666666666666667,5.666666666666667,0,8,5911,6900,6900,50,220,220
3,False,-5.666666666666667,5.666666666666667,0,8,5961,6900,6900,50,220,220
3,False,-5.666666666666667,5.666666666666667,0,9,6011,6900,6900,50,220,220
3,False,-5.666666666666667,5.666666666666667,0,9,6061,6900,6900,50,220,220
3,False,-6.0,6.0,0,10,6111,6900,6900,50,220,220
3,False,-5.666666666666667,5.666666666666667,0,10,6161,6900,6900,50,220,220
4,False,26.666666666666668,25.333333333333332,52,36,5304,6900,6900,50,220,220
4,False,25.333333333333332,24.666666666666668,50,36,5354,6900,6900,50,220,220
4,False,25.333333333333332,24.666666666666668,50,36,5404,6900,6900,50,220,220
4,False,23.333333333333332,25.666666666666668,49,36,5454,6900,6900,50,220,220
4,False,24.0,24.0,48,35,5504,6900,6900,50,220,220
4,False,23.333333333333332,23.666666666666668,47,35,5554,6900,6900,50,220,220
4,False,22.333333333333332,23.666666666666668,46,34,5604,6900,6900,50,220,220
4,False,22.0,23.0,45,34,5654,6900,6900,50,220,220
4,False,21.666666666666668,22.333333333333332,44,34,5704,6900,6900,50,220,220
4,False,20.666666666666668,22.333333333333332,43,33,5754,6900,6900,50,220,220
4,False,20.333333333333332,21.666666666666668,42,33,5804,6900,6900,50,220,220
4,False,19.333333333333332,21.666666666666668,41,33,5854,6900,6900,50,220,220
4,False,19.0,21.0,40,32,5904,6900,6900,50,220,220
4,False,18.333333333333332,20.666666666666668,39,32,5954,6900,6900,50,220,220
4,False,17.666666666666668,20.333333333333332,38,31,6004,6900,6900,50,220,220
4,False,17.0,20.0,37,31,6054,6900,6900,50,220,220
4,False,16.333333333333332,19.666666666666668,36,30,6104,6900,6900,50,220,220
4,False,15.666666666666668,19.333333333333332,35,30,6154,6900,6900,50,220,220
4,False,15.0,19.0,34,30,6204,6900,6900,50,220,220
4,False,14.333333333333332,18.666666666666668,33,29,6254,6900,6900,50,220,220
5,False,-6.333333333333333,6.333333333333333,0,0,5387,6900,6900,50,220,220
5,False,-6.333333333333333,6.333333333333333,0,1,5437,6900,6900,50,220,220
5,False,-7.666666666666667,7.666666666666667,0,2,5487,6900,6900,50,220,220
5,False,-6.333333333333333,6.333333333333333,0,2,5537,6900,6900,50,220,220
5,False,-6.333333333333333,6.333333333333333,0,2,5587,6900,6900,50,220,220
5,False,-6.333333333333333,6.333333333333333,0,2,5637,6900,6900,50,220,220
5,False,-6.666666666666667,6.666666666666667,0,3,5687,6900,6900,50,220,220
5,False,-6.666666666666667,6.666666666666667,0,3,5737,6900,6900,50,220,220
5,False,-6.666666666666667,6.666666666666667,0,4,5787,6900,6900,50,220,220
5,False,-6.333333333333333,6.333333333333333,0,4,5837,6900,6900,50,220,220
5,False,-6.666666666666667,6.666666666666667,0,5,5887,6900,6900,50,220,220
5,False,-6.666666666666667,6.666666666666667,0,5,5937,6900,6900,50,220,220
5,False,-6.666666666666667,6.666666666666667,0,6,5987,6900,6900,50,220,220
5,False,-6.666666666666667,6.666666666666667,0,5,6037,6900,6900,50,220,220
5,False,-6.666666666666667,6.666666666666667,0,6,6087,6900,6900,50,220,220
5,False,-6.666666666666667,6.666666666666667,0,7,6137,6900,6900,50,220,220
5,False,-6.666666666666667,6.666666666666667,0,7,6187,6900,6900,50,220,220
5,False,-7.0,7.0,0,7,6237,6900,6900,50,220,220
5,False,-6.666666666666667,6.666666666666667,0,8,6287,6900,6900,50,220,220
5,False,-6.666666666666667,6.666666666666667,0,8,6337,6900,6900,50,220,220
6,False,25.333333333333332,23.666666666666668,49,34,5481,6900,6900,50,220,220
6,False,27.0,24.0,51,34,5531,6900,6900,50,220,220
6,False,24.666666666666668,23.333333333333332,48,33,5581,6900,6900,50,220,220
6,False,23.666666666666668,22.333333333333332,46,33,5631,6900,6900,50,220,220
6,False,23.666666666666668,22.333333333333332,46,32,5681,6900,6900,50,220,220
6,False,23.0,22.0,45,32,5731,6900,6900,50,220,220
6,False,22.333333333333332,21.666666666666668,44,32,5781,6900,6900,50,220,220
6,False,21.666666666666668,21.333333333333332,43,32,5831,6900,6900,50,220,220
6,False,21.0,21.0,42,31,5881,6900,6900,50,220,220
6,False,20.0,21.0,41,31,5931,6900,6900,50,220,220
6,False,20.333333333333332,20.666666666666668,41,30,5981,6900,6900,50,220,220
6,False,19.666666666666668,20.333333333333332,40,30,6031,6900,6900,50,220,220
6,False,18.333333333333332,19.666666666666668,38,30,6081,6900,6900,50,220,220
6,False,18.333333333333332,19.666666666666668,38,29,6131,6900,6900,50,220,220
6,False,18.0,19.0,37,29,6181,6900,6900,50,220,220
6,False,17.0,19.0,36,29,6231,6900,6900,50,220,220
6,False,16.333333333333332,18.666666666666668,35,28,6281,6900,6900,50,220,220
6,False,15.666666666666668,18.333333333333332,34,28,6331,6900,6900,50,220,220
6,False,15.333333333333332,17.666666666666668,33,28,6381,6900,6900,50,220,220
6,False,14.666666666666668,17.333333333333332,32,27,6431,6900,6900,50,220,220
1,False,-6.666666666666667,6.666666666666667,0,8,5574,6900,6900,50,220,220
1,False,-6.0,6.0,0,8,5624,6900,6900,50,220,220
1,False,-6.0,6.0,0,9,5674,6900,6900,50,220,220
1,False,-6.0,6.0,0,9,5724,6900,6900,50,220,220
1,False,-6.0,6.0,0,10,5774,6900,6900,50,220,220
1,False,-6.333333333333333,6.333333333333333,0,10,5824,6900,6900,50,220,220
1,False,-6.0,6.0,0,10,5874,6900,6900,50,220,220
1,False,-6.333333333333333,6.333333333333333,0,11,5924,6900,6900,50,220,220
1,False,-6.0,6.0,0,11,5974,6900,6900,50,220,220
1,False,-6.333333333333333,6.333333333333333,0,11,6024,6900,6900,50,220,220
1,False,-6.333333333333333,6.333333333333333,0,12,6074,6900,6900,50,220,220
1,False,-6.0,6.0,0,13,6124,6900,6900,50,220,220
1,False,-6.0,6.0,0,13,6174,6900,6900,50,220,220
1,False,-6.333333333333333,6.333333333333333,0,13,6224,6900,6900,50,220,220
1,False,-6.333333333333333,6.333333333333333,0,14,6274,6900,6900,50,220,220
1,False,-6.333333333333333,6.333333333333333,0,14,6324,6900,6900,50,220,220
1,False,-6.333333333333333,6.333333333333333,0,15,6374,6900,6900,50,220,220
1,False,-6.666666666666667,6.666666666666667,0,15,6424,6900,6900,50,220,220
1,False,-6.333333333333333,6.333333333333333,0,15,6474,6900,6900,50,220,220
1,False,-6.666666666666667,6.666666666666667,0,16,6524,6900,6900,50,220,220
2,False,32.0,28.0,60,39,5667,6900,6900,50,220,220
2,False,31.333333333333332,27.666666666666668,59,38,5717,6900,6900,50,220,220
2,False,31.333333333333332,27.666666666666668,59,38,5767,6900,6900,50,220,220
2,False,31.0,27.0,58,38,5817,6900,6900,50,220,220
2,False,29.666666666666668,27.333333333333332,57,37,5867,6900,6900,50,220,220
2,False,29.666666666666668,26.333333333333332,56,37,5917,6900,6900,50,220,220
2,False,28.333333333333332,26.666666666666668,55,37,5967,6900,6900,50,220,220
2,False,28.0,26.0,54,37,6017,6900,6900,50,220,220
2,False,27.0,25.0,52,36,6067,6900,6900,50,220,220
2,False,26.333333333333332,25.666666666666668,52,35,6117,6900,6900,50,220,220
2,False,26.666666666666668,25.333333333333332,52,36,6167,6900,6900,50,220,220
2,False,25.333333333333332,24.666666666666668,50,36,6217,6900,6900,50,220,220
2,False,25.0,24.0,49,34,6267,6900,6900,50,220,220
2,False,25.0,24.0,49,35,6317,6900,6900,50,220,220
2,False,24.333333333333332,23.666666666666668,48,34,6367,6900,6900,50,220,220
2,False,23.333333333333332,22.666666666666668,46,34,6417,6900,6900,50,220,220
2,False,22.333333333333332,22.666666666666668,45,33,6467,6900,6900,50,220,220
2,False,22.0,22.0,44,33,6517,6900,6900,50,220,220
2,False,21.666666666666668,22.333333333333332,44,33,6567,6900,6900,50,220,220
2,False,20.0,23.0,43,33,6617,6900,6900,50,220,220
3,False,-5.666666666666667,5.666666666666667,0,12,5760,6900,6900,50,220,220
3,False,-6.0,6.0,0,12,5810,6900,6900,50,220,220
3,False,-6.0,6.0,0,13,5860,6900,6900,50,220,220
3,False,-5.666666666666667,5.666666666666667,0,13,5910,6900,6900,50,220,220
3,False,-5.666666666666667,5.666666666666667,0,13,5960,6900,6900,50,220,220
3,False,-6.0,6.0,0,14,6010,6900,6900,50,220,220
3,False,-5.666666666666667,5.666666666666667,0,14,6060,6900,6900,50,220,220
3,False,-6.0,6.0,0,14,6110,6900,6900,50,220,220
3,False,-6.0,6.0,0,15,6160,6900,6900,50,220,220
3,False,-6.0,6.0,0,15,6210,6900,6900,50,220,220
3,False,-5.666666666666667,5.666666666666667,0,15,6260,6900,6900,50,220,220
3,False,-6.0,6.0,0,16,6310,6900,6900,50,220,220
3,False,-6.0,6.0,0,16,6360,6900,6900,50,220,220
3,False,-5.333333333333333,6.333333333333333,1,16,6410,6900,6900,50,220,220
3,False,-4.666666666666667,6.666666666666667,2,17,6460,6900,6900,50,220,220
3,False,-4.0,7.0,3,17,6510,6900,6900,50,220,220
3,False,-3.333333333333333,7.333333333333333,4,18,6560,6900,6900,50,220,220
3,False,-2.666666666666667,7.666666666666667,5,18,6610,6900,6900,50,220,220
3,False,0.0,9.0,9,19,6660,6900,6900,50,220,220
3,False,-1.333333333333334,8.333333333333334,7,19,6710,6900,6900,50,220,220
4,False,22.0,23.0,45,34,5853,6900,6900,50,220,220
4,False,21.0,22.0,43,33,5903,6900,6900,50,220,220
4,False,20.333333333333332,21.666666666666668,42,33,5953,6900,6900,50,220,220
4,False,19.666666666666668,21.333333333333332,41,32,6003,6900,6900,50,220,220
4,False,18.333333333333332,20.666666666666668,39,31,6053,6900,6900,50,220,220
4,False,17.0,20.0,37,31,6103,6900,6900,50,220,220
4,False,17.0,20.0,37,30,6153,6900,6900,50,220,220
4,False,15.666666666666668,19.333333333333332,35,30,6203,6900,6900,50,220,220
4,False,14.333333333333332,18.666666666666668,33,29,6253,6900,6900,50,220,220
4,False,13.666666666666668,18.333333333333332,32,29,6303,6900,6900,50,220,220
4,False,13.333333333333332,17.666666666666668,31,28,6353,6900,6900,50,220,220
4,False,12.0,17.0,29,28,6403,6900,6900,50,220,220
4,False,10.333333333333332,16.666666666666668,27,27,6453,6900,6900,50,220,220
4,False,10.0,16.0,26,27,6503,6900,6900,50,220,220
4,False,9.333333333333334,15.666666666666666,25,26,6553,6900,6900,50,220,220
4,False,8.0,15.0,23,26,6603,6900,6900,50,220,220
4,False,7.333333333333334,14.666666666666666,22,25,6653,6900,6900,50,220,220
4,False,5.666666666666666,15.333333333333334,21,25,6703,6900,6900,50,220,220
4,False,5.333333333333334,13.666666666666666,19,24,6753,6900,6900,50,220,220
4,False,5.0,13.0,18,24,6803,6900,6900,50,220,220
5,False,-6.666666666666667,6.666666666666667,0,5,5937,6900,6900,50,220,220
5,False,-6.666666666666667,6.666666666666667,0,6,5987,6900,6900,50,220,220
5,False,-6.666666666666667,6.666666666666667,0,6,6037,6900,6900,50,220,220
5,False,-6.666666666666667,6.666666666666667,0,7,6087,6900,6900,50,220,220
5,False,-6.666666666666667,6.666666666666667,0,7,6137,6900,6900,50,220,220
5,False,-6.666666666666667,6.666666666666667,0,7,6187,6900,6900,50,220,220
5,False,-6.666666666666667,6.666666666666667,0,8,6237,6900,6900,50,220,220
5,False,-6.666666666666667,6.666666666666667,0,7,6287,6900,6900,50,220,220
5,False,-6.666666666666667,6.666666666666667,0,8,6337,6900,6900,50,220,220
5,False,-6.666666666666667,6.666666666666667,0,8,6387,6900,6900,50,220,220
5,False,-6.666666666666667,6.666666666666667,0,9,6437,6900,6900,50,220,220
5,False,-6.666666666666667,6.666666666666667,0,8,6487,6900,6900,50,220,220
5,False,-6.666666666666667,6.666666666666667,0,9,6537,6900,6900,50,220,220
5,False,-6.666666666666667,6.666666666666667,0,9,6587,6900,6900,50,220,220
5,False,-6.666666666666667,6.666666666666667,0,10,6637,6900,6900,50,220,220
5,False,-6.666666666666667,6.666666666666667,0,10,6687,6900,6900,50,220,220
5,False,-7.666666666666667,7.666666666666667,0,11,6737,6900,6900,50,220,220
5,False,-6.666666666666667,6.666666666666667,0,11,6787,6900,6900,50,220,220
5,False,-6.666666666666667,6.666666666666667,0,12,6837,6900,6900,50,220,220
5,False,-6.666666666666667,6.666666666666667,0,12,6887,6900,6900,50,220,220
6,False,35.0,29.0,64,39,5030,6900,6900,50,220,220
6,False,34.33333333333333,28.666666666666668,63,39,5080,6900,6900,50,220,220
6,False,33.0,28.0,61,38,5130,6900,6900,50,220,220
6,False,32.33333333333333,27.666666666666668,60,38,5180,6900,6900,50,220,220
6,False,31.666666666666668,27.333333333333332,59,38,5230,6900,6900,50,220,220
6,False,31.333333333333332,26.666666666666668,58,37,5280,6900,6900,50,220,220
6,False,30.666666666666668,26.333333333333332,57,36,5330,6900,6900,50,220,220
6,False,29.333333333333332,25.666666666666668,55,36,5380,6900,6900,50,220,220
6,False,29.333333333333332,25.666666666666668,55,36,5430,6900,6900,50,220,220
6,False,28.0,25.0,53,35,5480,6900,6900,50,220,220
6,False,27.333333333333332,24.666666666666668,52,35,5530,6900,6900,50,220,220
6,False,26.666666666666668,24.333333333333332,51,35,5580,6900,6900,50,220,220
6,False,25.333333333333332,23.666666666666668,49,34,5630,6900,6900,50,220,220
6,False,24.666666666666668,23.333333333333332,48,34,5680,6900,6900,50,220,220
6,False,24.0,23.0,47,33,5730,6900,6900,50,220,220
6,False,25.0,23.0,48,33,5780,6900,6900,50,220,220
6,False,23.0,22.0,45,32,5830,6900,6900,50,220,220
6,False,21.666666666666668,21.333333333333332,43,32,5880,6900,6900,50,220,220
6,False,21.0,21.0,42,31,5930,6900,6900,50,220,220
6,False,20.333333333333332,20.666666666666668,41,31,5980,6900,6900,50,220,220
1,False,-5.666666666666667,5.666666666666667,0,2,5122,6800,6800,50,220,220
1,False,-5.666666666666667,5.666666666666667,0,2,5172,6800,6800,50,220,220
1,False,-5.666666666666667,5.666666666666667,0,3,5222,6800,6800,50,220,220
1,False,-6.0,6.0,0,2,5272,6800,6800,50,220,220
1,False,-6.0,6.0,0,3,5322,6800,6800,50,220,220
1,False,-6.0,6.0,0,4,5372,6800,6800,50,220,220
1,False,-6.0,6.0,0,4,5422,6800,6800,50,220,220
1,False,-6.0,6.0,0,4,5472,6800,6800,50,220,220
1,False,-5.666666666666667,5.666666666666667,0,4,5522,6800,6800,50,220,220
1,False,-6.0,6.0,0,5,5572,6800,6800,50,220,220
1,False,-6.0,6.0,0,5,5622,6800,6800,50,220,220
1,False,-6.0,6.0,0,5,5672,6800,6800,50,220,220
1,False,-6.0,6.0,0,5,5722,6800,6800,50,220,220
1,False,-6.0,6.0,0,6,5772,6800,6800,50,220,220
1,False,-6.333333333333333,6.333333333333333,0,7,5822,6800,6800,50,220,220
1,False,-6.0,6.0,0,6,5872,6800,6800,50,220,220
1,False,-6.0,6.0,0,8,5922,6800,6800,50,220,220
1,False,-6.0,6.0,0,8,5972,6800,6800,50,220,220
1,False,-6.0,6.0,0,8,6022,6800,6800,50,220,220
1,False,-6.0,6.0,0,9,6072,6800,6800,50,220,220
2,False,25.0,24.0,49,35,5316,6800,6800,50,220,220
2,False,24.333333333333332,23.666666666666668,48,34,5366,6800,6800,50,220,220
2,False,24.333333333333332,23.666666666666668,48,34,5416,6800,6800,50,220,220
2,False,23.666666666666668,23.333333333333332,47,34,5466,6800,6800,50,220,220
2,False,23.0,23.0,46,33,5516,6800,6800,50,220,220
2,False,22.333333333333332,22.666666666666668,45,33,5566,6800,6800,50,220,220
2,False,21.666666666666668,22.333333333333332,44,33,5616,6800,6800,50,220,220
2,False,21.0,22.0,43,32,5666,6800,6800,50,220,220
2,False,20.666666666666668,21.333333333333332,42,32,5716,6800,6800,50,220,220
2,False,20.0,21.0,41,32,5766,6800,6800,50,220,220
2,False,20.0,21.0,41,31,5816,6800,6800,50,220,220
2,False,18.333333333333332,20.666666666666668,39,31,5866,6800,6800,50,220,220
2,False,17.333333333333332,19.666666666666668,37,31,5916,6800,6800,50,220,220
2,False,16.333333333333332,20.666666666666668,37,31,5966,6800,6800,50,220,220
2,False,17.333333333333332,19.666666666666668,37,30,6016,6800,6800,50,220,220
2,False,16.666666666666668,19.333333333333332,36,30,6066,6800,6800,50,220,220
2,False,15.333333333333332,18.666666666666668,34,29,6116,6800,6800,50,220,220
2,False,14.666666666666668,18.333333333333332,33,29,6166,6800,6800,50,220,220
2,False,14.666666666666668,18.333333333333332,33,29,6216,6800,6800,50,220,220
2,False,14.0,18.0,32,28,6266,6800,6800,50,220,220
3,False,-5.333333333333333,5.333333333333333,0,2,5509,6800,6800,50,220,220
3,False,-5.666666666666667,5.666666666666667,0,3,5559,6800,6800,50,220,220
3,False,-5.666666666666667,5.666666666666667,0,3,5609,6800,6800,50,220,220
3,False,-5.666666666666667,5.666666666666667,0,4,5659,6800,6800,50,220,220
3,False,-5.666666666666667,5.666666666666667,0,4,5709,6800,6800,50,220,220
3,False,-5.666666666666667,5.666666666666667,0,4,5759,6800,6800,50,220,220
3,False,-5.666666666666667,5.666666666666667,0,4,5809,6800,6800,50,220,220
3,False,-5.666666666666667,5.666666666666667,0,5,5859,6800,6800,50,220,220
3,False,-5.666666666666667,5.666666666666667,0,5,5909,6800,6800,50,220,220
3,False,-6.0,6.0,0,6,5959,6800,6800,50,220,220
3,False,-5.666666666666667,5.666666666666667,0,6,6009,6800,6800,50,220,220
3,False,-5.666666666666667,5.666666666666667,0,6,6059,6800,6800,50,220,220
3,False,-5.666666666666667,5.666666666666667,0,7,6109,6800,6800,50,220,220
3,False,-5.666666666666667,5.666666666666667,0,7,6159,6800,6800,50,220,220
3,False,-6.0,6.0,0,8,6209,6800,6800,50,220,220
3,False,-5.666666666666667,5.666666666666667,0,8,6259,6800,6800,50,220,220
3,False,-5.666666666666667,5.666666666666667,0,8,6309,6800,6800,50,220,220
3,False,-5.666666666666667,5.666666666666667,0,9,6359,6800,6800,50,220,220
3,False,-5.666666666666667,5.666666666666667,0,9,6409,6800,6800,50,220,220
3,False,-5.666666666666667,5.666666666666667,0,10,6459,6800,6800,50,220,220
4,False,12.0,17.0,29,28,5702,6800,6800,50,220,220
4,False,11.333333333333332,16.666666666666668,28,27,5752,6800,6800,50,220,220
4,False,10.666666666666668,16.333333333333332,27,27,5802,6800,6800,50,220,220
4,False,10.666666666666668,16.333333333333332,27,27,5852,6800,6800,50,220,220
4,False,9.333333333333334,15.666666666666666,25,26,5902,6800,6800,50,220,220
4,False,9.0,15.0,24,26,5952,6800,6800,50,220,220
4,False,8.0,15.0,23,26,6002,6800,6800,50,220,220
4,False,7.333333333333334,14.666666666666666,22,25,6052,6800,6800,50,220,220
4,False,6.333333333333334,13.666666666666666,20,24,6102,6800,6800,50,220,220
4,False,5.666666666666666,13.333333333333334,19,25,6152,6800,6800,50,220,220
4,False,5.0,13.0,18,24,6202,6800,6800,50,220,220
4,False,3.333333333333334,13.666666666666666,17,23,6252,6800,6800,50,220,220
4,False,3.666666666666666,12.333333333333334,16,23,6302,6800,6800,50,220,220
4,False,3.0,12.0,15,22,6352,6800,6800,50,220,220
4,False,2.333333333333334,11.666666666666666,14,22,6402,6800,6800,50,220,220
4,False,1.666666666666666,11.333333333333334,13,22,6452,6800,6800,50,220,220
4,False,1.0,11.0,12,22,6502,6800,6800,50,220,220
4,False,-0.3333333333333339,10.333333333333334,10,21,6552,6800,6800,50,220,220
4,False,0.0,10.0,10,20,6602,6800,6800,50,220,220
4,False,-1.0,10.0,9,20,6652,6800,6800,50,220,220
5,False,-6.0,6.0,0,0,4884,6800,6800,50,220,220
5,False,-6.0,6.0,0,0,4934,6800,6800,50,220,220
5,False,-6.0,6.0,0,0,4984,6800,6800,50,220,220
5,False,-6.0,6.0,0,0,5034,6800,6800,50,220,220
5,False,-6.333333333333333,6.333333333333333,0,0,5084,6800,6800,50,220,220
5,False,-6.333333333333333,6.333333333333333,0,0,5134,6800,6800,50,220,220
5,False,-6.333333333333333,6.333333333333333,0,0,5184,6800,6800,50,220,220
5,False,-6.333333333333333,6.333333333333333,0,0,5234,6800,6800,50,220,220
5,False,-6.333333333333333,6.333333333333333,0,0,5284,6800,6800,50,220,220
5,False,-6.333333333333333,6.333333333333333,0,0,5334,6800,6800,50,220,220
5,False,-7.333333333333333,7.333333333333333,0,0,5384,6800,6800,50,220,220
5,False,-6.333333333333333,6.333333333333333,0,0,5434,6800,6800,50,220,220
5,False,-6.333333333333333,6.333333333333333,0,0,5484,6800,6800,50,220,220
5,False,-6.333333333333333,6.333333333333333,0,0,5534,6800,6800,50,220,220
5,False,-6.333333333333333,6.333333333333333,0,0,5584,6800,6800,50,220,220
5,False,-6.666666666666667,6.666666666666667,0,1,5634,6800,6800,50,220,220
5,False,-6.333333333333333,6.333333333333333,0,1,5684,6800,6800,50,220,220
5,False,-6.666666666666667,6.666666666666667,0,1,5734,6800,6800,50,220,220
5,False,-6.666666666666667,6.666666666666667,0,2,5784,6800,6800,50,220,220
5,False,-6.666666666666667,6.666666666666667,0,3,5834,6800,6800,50,220,220
6,False,26.0,24.0,50,35,5076,6800,6800,50,220,220
6,False,26.333333333333332,23.666666666666668,50,34,5126,6800,6800,50,220,220
6,False,25.333333333333332,23.666666666666668,49,34,5176,6800,6800,50,220,220
6,False,25.0,23.0,48,34,5226,6800,6800,50,220,220
6,False,24.666666666666668,23.333333333333332,48,34,5276,6800,6800,50,220,220
6,False,24.0,23.0,47,33,5326,6800,6800,50,220,220
6,False,23.333333333333332,22.666666666666668,46,33,5376,6800,6800,50,220,220
6,False,22.666666666666668,22.333333333333332,45,33,5426,6800,6800,50,220,220
6,False,23.0,22.0,45,33,5476,6800,6800,50,220,220
6,False,24.333333333333332,22.666666666666668,47,32,5526,6800,6800,50,220,220
6,False,21.333333333333332,21.666666666666668,43,32,5576,6800,6800,50,220,220
6,False,21.0,21.0,42,31,5626,6800,6800,50,220,220
6,False,20.0,21.0,41,31,5676,6800,6800,50,220,220
6,False,20.333333333333332,20.666666666666668,41,31,5726,6800,6800,50,220,220
6,False,20.0,20.0,40,31,5776,6800,6800,50,220,220
6,False,19.0,20.0,39,30,5826,6800,6800,50,220,220
6,False,18.666666666666668,19.333333333333332,38,30,5876,6800,6800,50,220,220
6,False,17.666666666666668,19.333333333333332,37,29,5926,6800,6800,50,220,220
6,False,17.333333333333332,18.666666666666668,36,29,5976,6800,6800,50,220,220
6,False,17.0,19.0,36,29,6026,6800,6800,50,220,220
1,False,-6.0,6.0,0,1,5268,6800,6800,50,220,220
1,False,-6.0,6.0,0,2,5318,6800,6800,50,220,220
1,False,-6.0,6.0,0,2,5368,6800,6800,50,220,220
1,False,-6.0,6.0,0,2,5418,6800,6800,50,220,220
1,False,-6.0,6.0,0,3,5468,6800,6800,50,220,220
1,False,-6.0,6.0,0,4,5518,6800,6800,50,220,220
1,False,-6.0,6.0,0,4,5568,6800,6800,50,220,220
1,False,-6.0,6.0,0,5,5618,6800,6800,50,220,220
1,False,-6.333333333333333,6.333333333333333,0,6,5668,6800,6800,50,220,220
1,False,-6.0,6.0,0,6,5718,6800,6800,50,220,220
1,False,-6.0,6.0,0,7,5768,6800,6800,50,220,220
1,False,-6.0,6.0,0,7,5818,6800,6800,50,220,220
1,False,-6.0,6.0,0,7,5868,6800,6800,50,220,220
1,False,-6.333333333333333,6.333333333333333,0,8,5918,6800,6800,50,220,220
1,False,-6.0,6.0,0,9,5968,6800,6800,50,220,220
1,False,-6.0,6.0,0,9,6018,6800,6800,50,220,220
1,False,-6.0,6.0,0,10,6068,6800,6800,50,220,220
1,False,-6.0,6.0,0,10,6118,6800,6800,50,220,220
1,False,-6.0,6.0,0,10,6168,6800,6800,50,220,220
1,False,-6.333333333333333,6.333333333333333,0,11,6218,6800,6800,50,220,220
2,False,28.666666666666668,26.333333333333332,55,37,5462,6800,6800,50,220,220
2,False,28.0,26.0,54,37,5512,6800,6800,50,220,220
2,False,28.0,26.0,54,37,5562,6800,6800,50,220,220
2,False,27.666666666666668,25.333333333333332,53,36,5612,6800,6800,50,220,220
2,False,27.333333333333332,25.666666666666668,53,36,5662,6800,6800,50,220,220
2,False,27.0,25.0,52,36,5712,6800,6800,50,220,220
2,False,27.0,25.0,52,36,5762,6800,6800,50,220,220
2,False,25.333333333333332,25.666666666666668,51,36,5812,6800,6800,50,220,220
2,False,25.0,24.0,49,35,5862,6800,6800,50,220,220
2,False,25.0,24.0,49,34,5912,6800,6800,50,220,220
2,False,24.333333333333332,23.666666666666668,48,34,5962,6800,6800,50,220,220
2,False,24.0,23.0,47,34,6012,6800,6800,50,220,220
2,False,23.0,23.0,46,34,6062,6800,6800,50,220,220
2,False,23.0,23.0,46,34,6112,6800,6800,50,220,220
2,False,22.333333333333332,22.666666666666668,45,33,6162,6800,6800,50,220,220
2,False,21.666666666666668,22.333333333333332,44,33,6212,6800,6800,50,220,220
2,False,21.0,22.0,43,32,6262,6800,6800,50,220,220
2,False,21.333333333333332,21.666666666666668,43,32,6312,6800,6800,50,220,220
2,False,20.333333333333332,21.666666666666668,42,32,6362,6800,6800,50,220,220
2,False,19.666666666666668,21.333333333333332,41,32,6412,6800,6800,50,220,220
3,False,-5.666666666666667,5.666666666666667,0,10,5655,6800,6800,50,220,220
3,False,-5.666666666666667,5.666666666666667,0,10,5705,6800,6800,50,220,220
3,False,-5.666666666666667,5.666666666666667,0,11,5755,6800,6800,50,220,220
3,False,-6.0,6.0,0,11,5805,6800,6800,50,220,220
3,False,-5.666666666666667,5.666666666666667,0,11,5855,6800,6800,50,220,220
3,False,-5.666666666666667,5.666666666666667,0,12,5905,6800,6800,50,220,220
3,False,-6.0,6.0,0,13,5955,6800,6800,50,220,220
3,False,-5.666666666666667,5.666666666666667,0,12,6005,6800,6800,50,220,220
3,False,-5.666666666666667,5.666666666666667,0,13,6055,6800,6800,50,220,220
3,False,-5.666666666666667,5.666666666666667,0,14,6105,6800,6800,50,220,220
3,False,-6.0,6.0,0,14,6155,6800,6800,50,220,220
3,False,-5.666666666666667,5.666666666666667,0,15,6205,6800,6800,50,220,220
3,False,-5.666666666666667,5.666666666666667,0,15,6255,6800,6800,50,220,220
3,False,-6.0,6.0,0,15,6305,6800,6800,50,220,220
3,False,-6.0,6.0,0,15,6355,6800,6800,50,220,220
3,False,-6.0,6.0,0,16,6405,6800,6800,50,220,220
3,False,-5.666666666666667,5.666666666666667,0,16,6455,6800,6800,50,220,220
3,False,-6.0,6.0,0,16,6505,6800,6800,50,220,220
3,False,-4.666666666666667,6.666666666666667,2,17,6555,6800,6800,50,220,220
3,False,-4.666666666666667,6.666666666666667,2,17,6605,6800,6800,50,220,220
4,False,25.333333333333332,24.666666666666668,50,36,5837,6800,6800,50,220,220
4,False,24.0,24.0,48,35,5887,6800,6800,50,220,220
4,False,24.0,24.0,48,35,5937,6800,6800,50,220,220
4,False,23.333333333333332,23.666666666666668,47,34,5987,6800,6800,50,220,220
4,False,22.333333333333332,22.666666666666668,45,33,6037,6800,6800,50,220,220
4,False,20.333333333333332,23.666666666666668,44,33,6087,6800,6800,50,220,220
4,False,20.666666666666668,22.333333333333332,43,33,6137,6800,6800,50,220,220
4,False,19.333333333333332,21.666666666666668,41,32,6187,6800,6800,50,220,220
4,False,19.0,21.0,40,31,6237,6800,6800,50,220,220
4,False,18.333333333333332,20.666666666666668,39,32,6287,6800,6800,50,220,220
4,False,17.666666666666668,20.333333333333332,38,31,6337,6800,6800,50,220,220
4,False,17.0,20.0,37,30,6387,6800,6800,50,220,220
4,False,15.666666666666668,19.333333333333332,35,30,6437,6800,6800,50,220,220
4,False,15.0,19.0,34,29,6487,6800,6800,50,220,220
4,False,14.666666666666668,18.333333333333332,33,29,6537,6800,6800,50,220,220
4,False,13.666666666666668,18.333333333333332,32,29,6587,6800,6800,50,220,220
4,False,12.666666666666668,17.333333333333332,30,28,6637,6800,6800,50,220,220
4,False,12.666666666666668,17.333333333333332,30,28,6687,6800,6800,50,220,220
4,False,11.333333333333332,16.666666666666668,28,27,6737,6800,6800,50,220,220
4,False,10.666666666666668,16.333333333333332,27,27,6787,6800,6800,50,220,220
5,False,-6.666666666666667,6.666666666666667,0,4,5030,6800,6800,50,220,220
5,False,-6.666666666666667,6.666666666666667,0,4,5080,6800,6800,50,220,220
5,False,-6.666666666666667,6.666666666666667,0,5,5130,6800,6800,50,220,220
5,False,-6.333333333333333,6.333333333333333,0,5,5180,6800,6800,50,220,220
5,False,-7.666666666666667,7.666666666666667,0,6,5230,6800,6800,50,220,220
5,False,-6.666666666666667,6.666666666666667,0,5,5280,6800,6800,50,220,220
5,False,-6.666666666666667,6.666666666666667,0,6,5330,6800,6800,50,220,220
5,False,-6.333333333333333,6.333333333333333,0,6,5380,6800,6800,50,220,220
5,False,-6.666666666666667,6.666666666666667,0,7,5430,6800,6800,50,220,220
5,False,-6.666666666666667,6.666666666666667,0,7,5480,6800,6800,50,220,220
5,False,-6.666666666666667,6.666666666666667,0,7,5530,6800,6800,50,220,220
5,False,-6.666666666666667,6.666666666666667,0,8,5580,6800,6800,50,220,220
5,False,-6.666666666666667,6.666666666666667,0,8,5630,6800,6800,50,220,220
5,False,-6.666666666666667,6.666666666666667,0,8,5680,6800,6800,50,220,220
5,False,-6.666666666666667,6.666666666666667,0,8,5730,6800,6800,50,220,220
5,False,-6.666666666666667,6.666666666666667,0,8,5780,6800,6800,50,220,220
5,False,-6.666666666666667,6.666666666666667,0,9,5830,6800,6800,50,220,220
5,False,-6.666666666666667,6.666666666666667,0,9,5880,6800,6800,50,220,220
5,False,-6.666666666666667,6.666666666666667,0,9,5930,6800,6800,50,220,220
5,False,-6.666666666666667,6.666666666666667,0,10,5980,6800,6800,50,220,220
6,False,31.666666666666668,27.333333333333332,59,37,5219,6800,6800,50,220,220
6,False,31.0,27.0,58,37,5269,6800,6800,50,220,220
6,False,30.0,26.0,56,37,5319,6800,6800,50,220,220
6,False,31.333333333333332,26.666666666666668,58,36,5369,6800,6800,50,220,220
6,False,29.333333333333332,25.666666666666668,55,36,5419,6800,6800,50,220,220
6,False,28.0,25.0,53,35,5469,6800,6800,50,220,220
6,False,27.333333333333332,24.666666666666668,52,35,5519,6800,6800,50,220,220
6,False,26.666666666666668,24.333333333333332,51,34,5569,6800,6800,50,220,220
6,False,25.333333333333332,23.666666666666668,49,34,5619,6800,6800,50,220,220
6,False,24.666666666666668,23.333333333333332,48,33,5669,6800,6800,50,220,220
6,False,24.0,23.0,47,33,5719,6800,6800,50,220,220
6,False,23.666666666666668,22.333333333333332,46,33,5769,6800,6800,50,220,220
6,False,23.0,22.0,45,32,5819,6800,6800,50,220,220
6,False,21.666666666666668,21.333333333333332,43,32,5869,6800,6800,50,220,220
6,False,21.0,21.0,42,31,5919,6800,6800,50,220,220
6,False,20.333333333333332,20.666666666666668,41,31,5969,6800,6800,50,220,220
6,False,19.666666666666668,20.333333333333332,40,30,6019,6800,6800,50,220,220
6,False,18.333333333333332,19.666666666666668,38,30,6069,6800,6800,50,220,220
6,False,17.666666666666668,19.333333333333332,37,29,6119,6800,6800,50,220,220
6,False,16.333333333333332,18.666666666666668,35,29,6169,6800,6800,50,220,220
1,False,-6.0,6.0,0,4,5412,6800,6800,50,220,220
1,False,-6.0,6.0,0,5,5462,6800,6800,50,220,220
1,False,-6.333333333333333,6.333333333333333,0,5,5512,6800,6800,50,220,220
1,False,-6.0,6.0,0,5,5562,6800,6800,50,220,220
1,False,-6.0,6.0,0,6,5612,6800,6800,50,220,220
1,False,-6.0,6.0,0,6,5662,6800,6800,50,220,220
1,False,-6.0,6.0,0,6,5712,6800,6800,50,220,220
1,False,-6.0,6.0,0,7,5762,6800,6800,50,220,220
1,False,-6.0,6.0,0,7,5812,6800,6800,50,220,220
1,False,-6.0,6.0,0,8,5862,6800,6800,50,220,220
1,False,-6.0,6.0,0,8,5912,6800,6800,50,220,220
1,False,-6.0,6.0,0,8,5962,6800,6800,50,220,220
1,False,-6.0,6.0,0,8,6012,6800,6800,50,220,220
1,False,-6.0,6.0,0,9,6062,6800,6800,50,220,220
1,False,-6.0,6.0,0,10,6112,6800,6800,50,220,220
1,False,-6.0,6.0,0,10,6162,6800,6800,50,220,220
1,False,-6.0,6.0,0,10,6212,6800,6800,50,220,220
1,False,-6.333333333333333,6.333333333333333,0,11,6262,6800,6800,50,220,220
1,False,-6.0,6.0,0,12,6312,6800,6800,50,220,220
1,False,-6.0,6.0,0,12,6362,6800,6800,50,220,220
2,False,30.0,27.0,57,37,5606,6800,6800,50,220,220
2,False,28.333333333333332,27.666666666666668,56,37,5656,6800,6800,50,220,220
2,False,28.0,26.0,54,37,5706,6800,6800,50,220,220
2,False,27.666666666666668,25.333333333333332,53,36,5756,6800,6800,50,220,220
2,False,27.666666666666668,25.333333333333332,53,36,5806,6800,6800,50,220,220
2,False,26.333333333333332,24.666666666666668,51,36,5856,6800,6800,50,220,220
2,False,25.666666666666668,24.333333333333332,50,35,5906,6800,6800,50,220,220
2,False,25.0,24.0,49,35,5956,6800,6800,50,220,220
2,False,24.333333333333332,23.666666666666668,48,34,6006,6800,6800,50,220,220
2,False,23.333333333333332,23.666666666666668,47,34,6056,6800,6800,50,220,220
2,False,22.333333333333332,22.666666666666668,45,33,6106,6800,6800,50,220,220
2,False,21.666666666666668,22.333333333333332,44,32,6156,6800,6800,50,220,220
2,False,21.666666666666668,22.333333333333332,44,32,6206,6800,6800,50,220,220
2,False,21.0,22.0,43,32,6256,6800,6800,50,220,220
2,False,19.333333333333332,20.666666666666668,40,31,6306,6800,6800,50,220,220
2,False,19.333333333333332,20.666666666666668,40,30,6356,6800,6800,50,220,220
2,False,18.333333333333332,20.666666666666668,39,31,6406,6800,6800,50,220,220
2,False,18.0,20.0,38,30,6456,6800,6800,50,220,220
2,False,16.666666666666668,19.333333333333332,36,30,6506,6800,6800,50,220,220
2,False,16.0,19.0,35,30,6556,6800,6800,50,220,220
3,False,-5.666666666666667,5.666666666666667,0,9,5789,6800,6800,50,220,220
3,False,-5.666666666666667,5.666666666666667,0,9,5839,6800,6800,50,220,220
3,False,-5.666666666666667,5.666666666666667,0,9,5889,6800,6800,50,220,220
3,False,-5.666666666666667,5.666666666666667,0,9,5939,6800,6800,50,220,220
3,False,-5.666666666666667,5.666666666666667,0,10,5989,6800,6800,50,220,220
3,False,-5.666666666666667,5.666666666666667,0,10,6039,6800,6800,50,220,220
3,False,-5.666666666666667,5.666666666666667,0,11,6089,6800,6800,50,220,220
3,False,-5.666666666666667,5.666666666666667,0,11,6139,6800,6800,50,220,220
3,False,-5.666666666666667,5.666666666666667,0,11,6189,6800,6800,50,220,220
3,False,-5.666666666666667,5.666666666666667,0,11,6239,6800,6800,50,220,220
3,False,-6.0,6.0,0,12,6289,6800,6800,50,220,220
3,False,-5.666666666666667,5.666666666666667,0,12,6339,6800,6800,50,220,220
3,False,-6.0,6.0,0,13,6389,6800,6800,50,220,220
3,False,-5.666666666666667,5.666666666666667,0,13,6439,6800,6800,50,220,220
3,False,-6.0,6.0,0,13,6489,6800,6800,50,220,220
3,False,-6.0,6.0,0,14,6539,6800,6800,50,220,220
3,False,-6.0,6.0,0,14,6589,6800,6800,50,220,220
3,False,-6.0,6.0,0,14,6639,6800,6800,50,220,220
3,False,-6.0,6.0,0,14,6689,6800,6800,50,220,220
3,False,-6.0,6.0,0,15,6739,6800,6800,50,220,220
4,False,26.333333333333332,25.666666666666668,52,36,4982,6800,6800,50,220,220
4,False,27.0,25.0,52,36,5032,6800,6800,50,220,220
4,False,26.0,25.0,51,36,5082,6800,6800,50,220,220
4,False,24.333333333333332,24.666666666666668,49,35,5132,6800,6800,50,220,220
4,False,24.0,24.0,48,35,5182,6800,6800,50,220,220
4,False,23.333333333333332,23.666666666666668,47,34,5232,6800,6800,50,220,220
4,False,23.0,23.0,46,34,5282,6800,6800,50,220,220
4,False,22.0,23.0,45,34,5332,6800,6800,50,220,220
4,False,21.333333333333332,22.666666666666668,44,33,5382,6800,6800,50,220,220
4,False,20.666666666666668,22.333333333333332,43,33,5432,6800,6800,50,220,220
4,False,20.333333333333332,21.666666666666668,42,33,5482,6800,6800,50,220,220
4,False,19.0,21.0,40,32,5532,6800,6800,50,220,220
4,False,18.333333333333332,20.666666666666668,39,31,5582,6800,6800,50,220,220
4,False,18.333333333333332,20.666666666666668,39,31,5632,6800,6800,50,220,220
4,False,17.666666666666668,20.333333333333332,38,31,5682,6800,6800,50,220,220
4,False,16.333333333333332,19.666666666666668,36,31,5732,6800,6800,50,220,220
4,False,16.0,19.0,35,30,5782,6800,6800,50,220,220
4,False,15.0,19.0,34,29,5832,6800,6800,50,220,220
4,False,14.333333333333332,18.666666666666668,33,29,5882,6800,6800,50,220,220
4,False,12.0,19.0,31,29,5932,6800,6800,50,220,220
5,False,-6.0,6.0,0,0,5175,6800,6800,50,220,220
5,False,-6.0,6.0,0,0,5225,6800,6800,50,220,220
5,False,-6.0,6.0,0,0,5275,6800,6800,50,220,220
5,False,-6.333333333333333,6.333333333333333,0,0,5325,6800,6800,50,220,220
5,False,-6.333333333333333,6.333333333333333,0,0,5375,6800,6800,50,220,220
5,False,-6.333333333333333,6.333333333333333,0,0,5425,6800,6800,50,220,220
5,False,-6.333333333333333,6.333333333333333,0,0,5475,6800,6800,50,220,220
5,False,-6.333333333333333,6.333333333333333,0,0,5525,6800,6800,50,220,220
5,False,-6.333333333333333,6.333333333333333,0,0,5575,6800,6800,50,220,220
5,False,-6.333333333333333,6.333333333333333,0,0,5625,6800,6800,50,220,220
5,False,-6.333333333333333,6.333333333333333,0,1,5675,6800,6800,50,220,220
5,False,-6.333333333333333,6.333333333333333,0,1,5725,6800,6800,50,220,220
5,False,-6.333333333333333,6.333333333333333,0,2,5775,6800,6800,50,220,220
5,False,-6.333333333333333,6.333333333333333,0,2,5825,6800,6800,50,220,220
5,False,-6.333333333333333,6.333333333333333,0,2,5875,6800,6800,50,220,220
5,False,-6.666666666666667,6.666666666666667,0,2,5925,6800,6800,50,220,220
5,False,-6.666666666666667,6.666666666666667,0,3,5975,6800,6800,50,220,220
5,False,-6.666666666666667,6.666666666666667,0,4,6025,6800,6800,50,220,220
5,False,-7.666666666666667,7.666666666666667,0,5,6075,6800,6800,50,220,220
5,False,-6.666666666666667,6.666666666666667,0,4,6125,6800,6800,50,220,220
6,False,18.333333333333332,19.666666666666668,38,30,5368,6800,6800,50,220,220
6,False,17.666666666666668,19.333333333333332,37,29,5418,6800,6800,50,220,220
6,False,17.666666666666668,19.333333333333332,37,29,5468,6800,6800,50,220,220
6,False,16.333333333333332,18.666666666666668,35,28,5518,6800,6800,50,220,220
6,False,15.666666666666668,18.333333333333332,34,28,5568,6800,6800,50,220,220
6,False,15.0,18.0,33,27,5618,6800,6800,50,220,220
6,False,15.0,18.0,33,27,5668,6800,6800,50,220,220
6,False,14.0,17.0,31,27,5718,6800,6800,50,220,220
6,False,13.333333333333332,16.666666666666668,30,26,5768,6800,6800,50,220,220
6,False,12.666666666666668,16.333333333333332,29,26,5818,6800,6800,50,220,220
6,False,12.0,16.0,28,26,5868,6800,6800,50,220,220
6,False,11.333333333333334,15.666666666666666,27,25,5918,6800,6800,50,220,220
6,False,10.666666666666666,15.333333333333334,26,25,5968,6800,6800,50,220,220
6,False,9.333333333333334,14.666666666666666,24,24,6018,6800,6800,50,220,220
6,False,9.666666666666666,14.333333333333334,24,24,6068,6800,6800,50,220,220
6,False,8.666666666666666,14.333333333333334,23,23,6118,6800,6800,50,220,220
6,False,8.333333333333334,13.666666666666666,22,24,6168,6800,6800,50,220,220
6,False,9.666666666666666,14.333333333333334,24,24,6218,6800,6800,50,220,220
6,False,7.0,13.0,20,23,6268,6800,6800,50,220,220
6,False,5.666666666666666,12.333333333333334,18,22,6318,6800,6800,50,220,220
1,False,-6.0,6.0,0,3,5557,6800,6800,50,220,220
1,False,-6.0,6.0,0,3,5607,6800,6800,50,220,220
1,False,-6.0,6.0,0,4,5657,6800,6800,50,220,220
1,False,-6.0,6.0,0,5,5707,6800,6800,50,220,220
1,False,-6.0,6.0,0,5,5757,6800,6800,50,220,220
1,False,-6.0,6.0,0,5,5807,6800,6800,50,220,220
1,False,-6.0,6.0,0,6,5857,6800,6800,50,220,220
1,False,-6.0,6.0,0,7,5907,6800,6800,50,220,220
1,False,-6.0,6.0,0,7,5957,6800,6800,50,220,220
1,False,-6.0,6.0,0,7,6007,6800,6800,50,220,220
1,False,-6.0,6.0,0,8,6057,6800,6800,50,220,220
1,False,-6.333333333333333,6.333333333333333,0,9,6107,6800,6800,50,220,220
1,False,-6.0,6.0,0,9,6157,6800,6800,50,220,220
1,False,-6.0,6.0,0,10,6207,6800,6800,50,220,220
1,False,-6.0,6.0,0,10,6257,6800,6800,50,220,220
1,False,-6.0,6.0,0,11,6307,6800,6800,50,220,220
1,False,-7.0,7.0,0,12,6357,6800,6800,50,220,220
1,False,-6.333333333333333,6.333333333333333,0,12,6407,6800,6800,50,220,220
1,False,-6.333333333333333,6.333333333333333,0,12,6457,6800,6800,50,220,220
1,False,-6.0,6.0,0,13,6507,6800,6800,50,220,220
2,False,25.0,24.0,49,35,5739,6800,6800,50,220,220
2,False,24.333333333333332,23.666666666666668,48,35,5789,6800,6800,50,220,220
2,False,23.666666666666668,23.333333333333332,47,34,5839,6800,6800,50,220,220
2,False,23.666666666666668,23.333333333333332,47,34,5889,6800,6800,50,220,220
2,False,23.0,23.0,46,33,5939,6800,6800,50,220,220
2,False,22.333333333333332,22.666666666666668,45,33,5989,6800,6800,50,220,220
2,False,21.666666666666668,22.333333333333332,44,33,6039,6800,6800,50,220,220
2,False,22.0,22.0,44,32,6089,6800,6800,50,220,220
2,False,21.0,22.0,43,32,6139,6800,6800,50,220,220
2,False,20.333333333333332,21.666666666666668,42,32,6189,6800,6800,50,220,220
2,False,19.666666666666668,21.333333333333332,41,32,6239,6800,6800,50,220,220
2,False,20.0,21.0,41,31,6289,6800,6800,50,220,220
2,False,19.333333333333332,20.666666666666668,40,31,6339,6800,6800,50,220,220
2,False,18.666666666666668,20.333333333333332,39,31,6389,6800,6800,50,220,220
2,False,18.0,20.0,38,31,6439,6800,6800,50,220,220
2,False,16.333333333333332,20.666666666666668,37,30,6489,6800,6800,50,220,220
2,False,17.333333333333332,19.666666666666668,37,30,6539,6800,6800,50,220,220
2,False,16.333333333333332,18.666666666666668,35,30,6589,6800,6800,50,220,220
2,False,15.333333333333332,18.666666666666668,34,29,6639,6800,6800,50,220,220
2,False,15.333333333333332,18.666666666666668,34,29,6689,6800,6800,50,220,220
3,False,-5.333333333333333,5.333333333333333,0,0,4933,6800,6800,50,220,220
3,False,-5.666666666666667,5.666666666666667,0,0,4983,6800,6800,50,220,220
3,False,-5.666666666666667,5.666666666666667,0,0,5033,6800,6800,50,220,220
3,False,-5.333333333333333,5.333333333333333,0,1,5083,6800,6800,50,220,220
3,False,-5.666666666666667,5.666666666666667,0,1,5133,6800,6800,50,220,220
3,False,-5.666666666666667,5.666666666666667,0,2,5183,6800,6800,50,220,220
3,False,-5.666666666666667,5.666666666666667,0,2,5233,6800,6800,50,220,220
3,False,-5.666666666666667,5.666666666666667,0,2,5283,6800,6800,50,220,220
3,False,-5.666666666666667,5.666666666666667,0,3,5333,6800,6800,50,220,220
3,False,-5.666666666666667,5.666666666666667,0,4,5383,6800,6800,50,220,220
3,False,-5.666666666666667,5.666666666666667,0,4,5433,6800,6800,50,220,220
3,False,-5.666666666666667,5.666666666666667,0,5,5483,6800,6800,50,220,220
3,False,-5.666666666666667,5.666666666666667,0,5,5533,6800,6800,50,220,220
3,False,-5.666666666666667,5.666666666666667,0,5,5583,6800,6800,50,220,220
3,False,-5.666666666666667,5.666666666666667,0,6,5633,6800,6800,50,220,220
3,False,-5.666666666666667,5.666666666666667,0,6,5683,6800,6800,50,220,220
3,False,-5.666666666666667,5.666666666666667,0,7,5733,6800,6800,50,220,220
3,False,-5.666666666666667,5.666666666666667,0,7,5783,6800,6800,50,220,220
3,False,-5.666666666666667,5.666666666666667,0,8,5833,6800,6800,50,220,220
3,False,-5.666666666666667,5.666666666666667,0,8,5883,6800,6800,50,220,220
4,False,27.0,26.0,53,37,5126,6800,6800,50,220,220
4,False,26.666666666666668,26.333333333333332,53,37,5176,6800,6800,50,220,220
4,False,26.0,26.0,52,36,5226,6800,6800,50,220,220
4,False,25.666666666666668,25.333333333333332,51,36,5276,6800,6800,50,220,220
4,False,25.333333333333332,24.666666666666668,50,35,5326,6800,6800,50,220,220
4,False,25.333333333333332,24.666666666666668,50,35,5376,6800,6800,50,220,220
4,False,24.666666666666668,24.333333333333332,49,36,5426,6800,6800,50,220,220
4,False,23.333333333333332,23.666666666666668,47,34,5476,6800,6800,50,220,220
4,False,23.0,23.0,46,34,5526,6800,6800,50,220,220
4,False,22.666666666666668,23.333333333333332,46,34,5576,6800,6800,50,220,220
4,False,22.0,23.0,45,34,5626,6800,6800,50,220,220
4,False,21.666666666666668,22.333333333333332,44,33,5676,6800,6800,50,220,220
4,False,20.666666666666668,22.333333333333332,43,33,5726,6800,6800,50,220,220
4,False,19.333333333333332,22.666666666666668,42,33,5776,6800,6800,50,220,220
4,False,20.333333333333332,21.666666666666668,42,33,5826,6800,6800,50,220,220
4,False,19.666666666666668,21.333333333333332,41,32,5876,6800,6800,50,220,220
4,False,19.0,21.0,40,32,5926,6800,6800,50,220,220
4,False,18.333333333333332,20.666666666666668,39,31,5976,6800,6800,50,220,220
4,False,17.666666666666668,20.333333333333332,38,31,6026,6800,6800,50,220,220
4,False,16.333333333333332,19.666666666666668,36,31,6076,6800,6800,50,220,220
5,False,-6.333333333333333,6.333333333333333,0,5,5319,6800,6800,50,220,220
5,False,-6.666666666666667,6.666666666666667,0,5,5369,6800,6800,50,220,220
5,False,-6.666666666666667,6.666666666666667,0,5,5419,6800,6800,50,220,220
5,False,-6.333333333333333,6.333333333333333,0,6,5469,6800,6800,50,220,220
5,False,-6.666666666666667,6.666666666666667,0,6,5519,6800,6800,50,220,220
5,False,-6.666666666666667,6.666666666666667,0,6,5569,6800,6800,50,220,220
5,False,-6.666666666666667,6.666666666666667,0,7,5619,6800,6800,50,220,220
5,False,-6.666666666666667,6.666666666666667,0,7,5669,6800,6800,50,220,220
5,False,-6.666666666666667,6.666666666666667,0,7,5719,6800,6800,50,220,220
5,False,-6.333333333333333,6.333333333333333,0,8,5769,6800,6800,50,220,220
5,False,-6.666666666666667,6.666666666666667,0,8,5819,6800,6800,50,220,220
5,False,-6.666666666666667,6.666666666666667,0,8,5869,6800,6800,50,220,220
5,False,-7.666666666666667,7.666666666666667,0,9,5919,6800,6800,50,220,220
5,False,-6.666666666666667,6.666666666666667,0,9,5969,6800,6800,50,220,220
5,False,-6.666666666666667,6.666666666666667,0,9,6019,6800,6800,50,220,220
5,False,-6.666666666666667,6.666666666666667,0,10,6069,6800,6800,50,220,220
5,False,-6.666666666666667,6.666666666666667,0,10,6119,6800,6800,50,220,220
5,False,-6.666666666666667,6.666666666666667,0,10,6169,6800,6800,50,220,220
5,False,-6.666666666666667,6.666666666666667,0,11,6219,6800,6800,50,220,220
5,False,-6.666666666666667,6.666666666666667,0,11,6269,6800,6800,50,220,220
6,False,30.333333333333332,26.666666666666668,57,37,5512,6800,6800,50,220,220
6,False,30.666666666666668,26.333333333333332,57,37,5562,6800,6800,50,220,220
6,False,30.0,26.0,56,36,5612,6800,6800,50,220,220
6,False,28.666666666666668,25.333333333333332,54,36,5662,6800,6800,50,220,220
6,False,28.0,25.0,53,35,5712,6800,6800,50,220,220
6,False,28.0,25.0,53,35,5762,6800,6800,50,220,220
6,False,27.333333333333332,24.666666666666668,52,35,5812,6800,6800,50,220,220
6,False,26.0,24.0,50,34,5862,6800,6800,50,220,220
6,False,25.333333333333332,23.666666666666668,49,34,5912,6800,6800,50,220,220
6,False,25.333333333333332,23.666666666666668,49,34,5962,6800,6800,50,220,220
6,False,24.666666666666668,23.333333333333332,48,33,6012,6800,6800,50,220,220
6,False,25.666666666666668,23.333333333333332,49,33,6062,6800,6800,50,220,220
6,False,23.0,22.0,45,33,6112,6800,6800,50,220,220
6,False,22.666666666666668,22.333333333333332,45,32,6162,6800,6800,50,220,220
6,False,21.666666666666668,21.333333333333332,43,31,6212,6800,6800,50,220,220
6,False,20.333333333333332,20.666666666666668,41,31,6262,6800,6800,50,220,220
6,False,20.333333333333332,20.666666666666668,41,31,6312,6800,6800,50,220,220
6,False,19.666666666666668,20.333333333333332,40,30,6362,6800,6800,50,220,220
6,False,19.0,20.0,39,30,6412,6800,6800,50,220,220
6,False,18.333333333333332,19.666666666666668,38,29,6462,6800,6800,50,220,220
1,False,-6.333333333333333,6.333333333333333,0,11,5705,6700,6700,50,220,220
1,False,-6.0,6.0,0,12,5755,6700,6700,50,220,220
1,False,-6.0,6.0,0,13,5805,6700,6700,50,220,220
1,False,-6.333333333333333,6.333333333333333,0,13,5855,6700,6700,50,220,220
1,False,-6.0,6.0,0,13,5905,6700,6700,50,220,220
1,False,-6.0,6.0,0,13,5955,6700,6700,50,220,220
1,False,-6.333333333333333,6.333333333333333,0,14,6005,6700,6700,50,220,220
1,False,-6.0,6.0,0,14,6055,6700,6700,50,220,220
1,False,-6.0,6.0,0,15,6105,6700,6700,50,220,220
1,False,-6.333333333333333,6.333333333333333,0,16,6155,6700,6700,50,220,220
1,False,-7.333333333333333,7.333333333333333,0,16,6205,6700,6700,50,220,220
1,False,-6.0,6.0,0,16,6255,6700,6700,50,220,220
1,False,-6.666666666666667,6.666666666666667,0,16,6305,6700,6700,50,220,220
1,False,-6.333333333333333,6.333333333333333,0,17,6355,6700,6700,50,220,220
1,False,-6.666666666666667,6.666666666666667,0,17,6405,6700,6700,50,220,220
1,False,-6.0,7.0,1,17,6455,6700,6700,50,220,220
1,False,-4.666666666666667,7.666666666666667,3,18,6505,6700,6700,50,220,220
1,False,-4.666666666666667,7.666666666666667,3,19,6555,6700,6700,50,220,220
1,False,-3.333333333333334,8.333333333333334,5,19,6605,6700,6700,50,220,220
1,False,-2.666666666666666,8.666666666666666,6,19,6655,6700,6700,50,220,220
2,False,39.0,32.0,71,42,4987,6700,6700,50,220,220
2,False,38.33333333333333,31.666666666666668,70,42,5037,6700,6700,50,220,220
2,False,37.66666666666667,31.333333333333332,69,42,5087,6700,6700,50,220,220
2,False,36.66666666666667,31.333333333333332,68,42,5137,6700,6700,50,220,220
2,False,36.33333333333333,30.666666666666668,67,41,5187,6700,6700,50,220,220
2,False,36.33333333333333,30.666666666666668,67,41,5237,6700,6700,50,220,220
2,False,35.66666666666667,30.333333333333332,66,41,5287,6700,6700,50,220,220
2,False,34.66666666666667,29.333333333333332,64,40,5337,6700,6700,50,220,220
2,False,34.66666666666667,29.333333333333332,64,40,5387,6700,6700,50,220,220
2,False,32.66666666666667,30.333333333333332,63,40,5437,6700,6700,50,220,220
2,False,32.33333333333333,28.666666666666668,61,39,5487,6700,6700,50,220,220
2,False,32.0,28.0,60,39,5537,6700,6700,50,220,220
2,False,31.0,28.0,59,39,5587,6700,6700,50,220,220
2,False,30.333333333333332,27.666666666666668,58,38,5637,6700,6700,50,220,220
2,False,30.0,27.0,57,37,5687,6700,6700,50,220,220
2,False,29.333333333333332,26.666666666666668,56,36,5737,6700,6700,50,220,220
2,False,28.666666666666668,26.333333333333332,55,37,5787,6700,6700,50,220,220
2,False,27.666666666666668,25.333333333333332,53,36,5837,6700,6700,50,220,220
2,False,27.0,25.0,52,36,5887,6700,6700,50,220,220
2,False,26.333333333333332,24.666666666666668,51,36,5937,6700,6700,50,220,220
3,False,-5.666666666666667,5.666666666666667,0,6,5281,6700,6700,50,220,220
3,False,-5.666666666666667,5.666666666666667,0,7,5331,6700,6700,50,220,220
3,False,-5.666666666666667,5.666666666666667,0,7,5381,6700,6700,50,220,220
3,False,-5.666666666666667,5.666666666666667,0,7,5431,6700,6700,50,220,220
3,False,-5.666666666666667,5.666666666666667,0,7,5481,6700,6700,50,220,220
3,False,-5.666666666666667,5.666666666666667,0,8,5531,6700,6700,50,220,220
3,False,-5.666666666666667,5.666666666666667,0,8,5581,6700,6700,50,220,220
3,False,-5.666666666666667,5.666666666666667,0,8,5631,6700,6700,50,220,220
3,False,-5.666666666666667,5.666666666666667,0,9,5681,6700,6700,50,220,220
3,False,-5.666666666666667,5.666666666666667,0,9,5731,6700,6700,50,220,220
3,False,-5.666666666666667,5.666666666666667,0,9,5781,6700,6700,50,220,220
3,False,-5.666666666666667,5.666666666666667,0,10,5831,6700,6700,50,220,220
3,False,-6.0,6.0,0,10,5881,6700,6700,50,220,220
3,False,-5.666666666666667,5.666666666666667,0,10,5931,6700,6700,50,220,220
3,False,-5.666666666666667,5.666666666666667,0,10,5981,6700,6700,50,220,220
3,False,-5.666666666666667,5.666666666666667,0,11,6031,6700,6700,50,220,220
3,False,-5.666666666666667,5.666666666666667,0,11,6081,6700,6700,50,220,220
3,False,-5.666666666666667,5.666666666666667,0,11,6131,6700,6700,50,220,220
3,False,-6.0,6.0,0,12,6181,6700,6700,50,220,220
3,False,-5.666666666666667,5.666666666666667,0,12,6231,6700,6700,50,220,220
4,False,23.333333333333332,23.666666666666668,47,34,5574,6700,6700,50,220,220
4,False,22.666666666666668,23.333333333333332,46,34,5624,6700,6700,50,220,220
4,False,21.666666666666668,22.333333333333332,44,33,5674,6700,6700,50,220,220
4,False,21.0,22.0,43,33,5724,6700,6700,50,220,220
4,False,20.0,22.0,42,32,5774,6700,6700,50,220,220
4,False,19.666666666666668,21.333333333333332,41,32,5824,6700,6700,50,220,220
4,False,18.333333333333332,20.666666666666668,39,31,5874,6700,6700,50,220,220
4,False,16.0,21.0,37,31,5924,6700,6700,50,220,220
4,False,16.333333333333332,19.666666666666668,36,30,5974,6700,6700,50,220,220
4,False,15.0,19.0,34,30,6024,6700,6700,50,220,220
4,False,14.333333333333332,18.666666666666668,33,29,6074,6700,6700,50,220,220
4,False,13.0,18.0,31,28,6124,6700,6700,50,220,220
4,False,12.666666666666668,17.333333333333332,30,28,6174,6700,6700,50,220,220
4,False,12.0,17.0,29,27,6224,6700,6700,50,220,220
4,False,11.333333333333332,16.666666666666668,28,27,6274,6700,6700,50,220,220
4,False,10.0,16.0,26,26,6324,6700,6700,50,220,220
4,False,9.333333333333334,15.666666666666666,25,26,6374,6700,6700,50,220,220
4,False,8.0,15.0,23,25,6424,6700,6700,50,220,220
4,False,7.666666666666666,14.333333333333334,22,25,6474,6700,6700,50,220,220
4,False,6.333333333333334,13.666666666666666,20,25,6524,6700,6700,50,220,220
5,False,-6.333333333333333,6.333333333333333,0,0,4867,6700,6700,50,220,220
5,False,-6.333333333333333,6.333333333333333,0,0,4917,6700,6700,50,220,220
5,False,-6.333333333333333,6.333333333333333,0,1,4967,6700,6700,50,220,220
5,False,-6.333333333333333,6.333333333333333,0,1,5017,6700,6700,50,220,220
5,False,-6.333333333333333,6.333333333333333,0,2,5067,6700,6700,50,220,220
5,False,-6.333333333333333,6.333333333333333,0,2,5117,6700,6700,50,220,220
5,False,-7.333333333333333,7.333333333333333,0,2,5167,6700,6700,50,220,220
5,False,-6.333333333333333,6.333333333333333,0,2,5217,6700,6700,50,220,220
5,False,-6.333333333333333,6.333333333333333,0,2,5267,6700,6700,50,220,220
5,False,-6.333333333333333,6.333333333333333,0,3,5317,6700,6700,50,220,220
5,False,-6.333333333333333,6.333333333333333,0,3,5367,6700,6700,50,220,220
5,False,-6.333333333333333,6.333333333333333,0,3,5417,6700,6700,50,220,220
5,False,-6.333333333333333,6.333333333333333,0,3,5467,6700,6700,50,220,220
5,False,-6.333333333333333,6.333333333333333,0,3,5517,6700,6700,50,220,220
5,False,-6.333333333333333,6.333333333333333,0,4,5567,6700,6700,50,220,220
5,False,-6.333333333333333,6.333333333333333,0,4,5617,6700,6700,50,220,220
5,False,-6.333333333333333,6.333333333333333,0,4,5667,6700,6700,50,220,220
5,False,-6.333333333333333,6.333333333333333,0,4,5717,6700,6700,50,220,220
5,False,-6.666666666666667,6.666666666666667,0,5,5767,6700,6700,50,220,220
5,False,-6.333333333333333,6.333333333333333,0,5,5817,6700,6700,50,220,220
6,False,25.333333333333332,23.666666666666668,49,33,5160,6700,6700,50,220,220
6,False,24.666666666666668,23.333333333333332,48,34,5210,6700,6700,50,220,220
6,False,24.0,23.0,47,33,5260,6700,6700,50,220,220
6,False,23.666666666666668,22.333333333333332,46,33,5310,6700,6700,50,220,220
6,False,22.666666666666668,22.333333333333332,45,32,5360,6700,6700,50,220,220
6,False,24.333333333333332,22.666666666666668,47,32,5410,6700,6700,50,220,220
6,False,21.666666666666668,21.333333333333332,43,32,5460,6700,6700,50,220,220
6,False,21.0,21.0,42,31,5510,6700,6700,50,220,220
6,False,20.333333333333332,20.666666666666668,41,31,5560,6700,6700,50,220,220
6,False,19.666666666666668,20.333333333333332,40,30,5610,6700,6700,50,220,220
6,False,19.0,20.0,39,30,5660,6700,6700,50,220,220
6,False,17.666666666666668,19.333333333333332,37,30,5710,6700,6700,50,220,220
6,False,17.0,19.0,36,29,5760,6700,6700,50,220,220
6,False,17.0,19.0,36,29,5810,6700,6700,50,220,220
6,False,16.333333333333332,18.666666666666668,35,29,5860,6700,6700,50,220,220
6,False,15.666666666666668,18.333333333333332,34,28,5910,6700,6700,50,220,220
6,False,14.666666666666668,17.333333333333332,32,28,5960,6700,6700,50,220,220
6,False,13.666666666666668,17.333333333333332,31,27,6010,6700,6700,50,220,220
6,False,13.333333333333332,16.666666666666668,30,27,6060,6700,6700,50,220,220
6,False,12.666666666666668,16.333333333333332,29,26,6110,6700,6700,50,220,220
1,False,-6.0,6.0,0,2,5453,6700,6700,50,220,220
1,False,-6.0,6.0,0,2,5503,6700,6700,50,220,220
1,False,-5.666666666666667,5.666666666666667,0,2,5553,6700,6700,50,220,220
1,False,-6.0,6.0,0,3,5603,6700,6700,50,220,220
1,False,-6.333333333333333,6.333333333333333,0,4,5653,6700,6700,50,220,220
1,False,-6.0,6.0,0,4,5703,6700,6700,50,220,220
1,False,-6.0,6.0,0,4,5753,6700,6700,50,220,220
1,False,-6.0,6.0,0,4,5803,6700,6700,50,220,220
1,False,-6.0,6.0,0,5,5853,6700,6700,50,220,220
1,False,-6.0,6.0,0,5,5903,6700,6700,50,220,220
1,False,-6.0,6.0,0,6,5953,6700,6700,50,220,220
1,False,-6.0,6.0,0,6,6003,6700,6700,50,220,220
1,False,-6.0,6.0,0,6,6053,6700,6700,50,220,220
1,False,-6.0,6.0,0,7,6103,6700,6700,50,220,220
1,False,-6.0,6.0,0,7,6153,6700,6700,50,220,220
1,False,-6.0,6.0,0,8,6203,6700,6700,50,220,220
1,False,-6.0,6.0,0,8,6253,6700,6700,50,220,220
1,False,-6.333333333333333,6.333333333333333,0,9,6303,6700,6700,50,220,220
1,False,-6.0,6.0,0,9,6353,6700,6700,50,220,220
1,False,-6.0,6.0,0,10,6403,6700,6700,50,220,220
2,False,18.0,20.0,38,31,5737,6700,6700,50,220,220
2,False,17.333333333333332,19.666666666666668,37,30,5787,6700,6700,50,220,220
2,False,17.333333333333332,19.666666666666668,37,30,5837,6700,6700,50,220,220
2,False,15.666666666666668,20.333333333333332,36,30,5887,6700,6700,50,220,220
2,False,15.333333333333332,18.666666666666668,34,29,5937,6700,6700,50,220,220
2,False,14.666666666666668,18.333333333333332,33,29,5987,6700,6700,50,220,220
2,False,14.0,18.0,32,28,6037,6700,6700,50,220,220
2,False,14.0,18.0,32,28,6087,6700,6700,50,220,220
2,False,13.333333333333332,17.666666666666668,31,28,6137,6700,6700,50,220,220
2,False,13.0,17.0,30,27,6187,6700,6700,50,220,220
2,False,13.0,17.0,30,27,6237,6700,6700,50,220,220
2,False,11.666666666666668,16.333333333333332,28,27,6287,6700,6700,50,220,220
2,False,11.0,16.0,27,26,6337,6700,6700,50,220,220
2,False,10.333333333333334,15.666666666666666,26,26,6387,6700,6700,50,220,220
2,False,10.333333333333334,15.666666666666666,26,26,6437,6700,6700,50,220,220
2,False,9.333333333333334,14.666666666666666,24,26,6487,6700,6700,50,220,220
2,False,8.666666666666666,14.333333333333334,23,25,6537,6700,6700,50,220,220
2,False,8.0,14.0,22,25,6587,6700,6700,50,220,220
2,False,8.0,14.0,22,24,6637,6700,6700,50,220,220
2,False,6.666666666666666,13.333333333333334,20,24,6687,6700,6700,50,220,220
3,False,-5.333333333333333,5.333333333333333,0,0,5031,6700,6700,50,220,220
3,False,-5.333333333333333,5.333333333333333,0,1,5081,6700,6700,50,220,220
3,False,-5.333333333333333,5.333333333333333,0,2,5131,6700,6700,50,220,220
3,False,-5.333333333333333,5.333333333333333,0,2,5181,6700,6700,50,220,220
3,False,-5.333333333333333,5.333333333333333,0,2,5231,6700,6700,50,220,220
3,False,-5.666666666666667,5.666666666666667,0,2,5281,6700,6700,50,220,220
3,False,-5.333333333333333,5.333333333333333,0,3,5331,6700,6700,50,220,220
3,False,-5.666666666666667,5.666666666666667,0,3,5381,6700,6700,50,220,220
3,False,-5.666666666666667,5.666666666666667,0,4,5431,6700,6700,50,220,220
3,False,-5.666666666666667,5.666666666666667,0,4,5481,6700,6700,50,220,220
3,False,-5.666666666666667,5.666666666666667,0,5,5531,6700,6700,50,220,220
3,False,-5.666666666666667,5.666666666666667,0,5,5581,6700,6700,50,220,220
3,False,-5.666666666666667,5.666666666666667,0,5,5631,6700,6700,50,220,220
3,False,-5.666666666666667,5.666666666666667,0,6,5681,6700,6700,50,220,220
3,False,-5.666666666666667,5.666666666666667,0,6,5731,6700,6700,50,220,220
3,False,-5.666666666666667,5.666666666666667,0,7,5781,6700,6700,50,220,220
3,False,-5.666666666666667,5.666666666666667,0,8,5831,6700,6700,50,220,220
3,False,-5.666666666666667,5.666666666666667,0,8,5881,6700,6700,50,220,220
3,False,-5.666666666666667,5.666666666666667,0,8,5931,6700,6700,50,220,220
3,False,-5.666666666666667,5.666666666666667,0,8,5981,6700,6700,50,220,220
4,False,23.666666666666668,23.333333333333332,47,35,5321,6700,6700,50,220,220
4,False,22.333333333333332,24.666666666666668,47,35,5371,6700,6700,50,220,220
4,False,22.666666666666668,23.333333333333332,46,34,5421,6700,6700,50,220,220
4,False,22.0,23.0,45,34,5471,6700,6700,50,220,220
4,False,21.333333333333332,22.666666666666668,44,33,5521,6700,6700,50,220,220
4,False,21.0,22.0,43,33,5571,6700,6700,50,220,220
4,False,20.0,22.0,42,33,5621,6700,6700,50,220,220
4,False,19.666666666666668,21.333333333333332,41,32,5671,6700,6700,50,220,220
4,False,19.0,21.0,40,32,5721,6700,6700,50,220,220
4,False,18.333333333333332,20.666666666666668,39,32,5771,6700,6700,50,220,220
4,False,17.666666666666668,20.333333333333332,38,31,5821,6700,6700,50,220,220
4,False,17.0,20.0,37,30,5871,6700,6700,50,220,220
4,False,15.666666666666668,19.333333333333332,35,30,5921,6700,6700,50,220,220
4,False,15.0,19.0,34,30,5971,6700,6700,50,220,220
4,False,15.0,19.0,34,30,6021,6700,6700,50,220,220
4,False,13.666666666666668,18.333333333333332,32,29,6071,6700,6700,50,220,220
4,False,13.0,18.0,31,29,6121,6700,6700,50,220,220
4,False,13.333333333333332,17.666666666666668,31,28,6171,6700,6700,50,220,220
4,False,12.666666666666668,17.333333333333332,30,28,6221,6700,6700,50,220,220
4,False,11.333333333333332,16.666666666666668,28,27,6271,6700,6700,50,220,220
5,False,-7.666666666666667,7.666666666666667,0,3,5615,6700,6700,50,220,220
5,False,-6.666666666666667,6.666666666666667,0,3,5665,6700,6700,50,220,220
5,False,-6.333333333333333,6.333333333333333,0,3,5715,6700,6700,50,220,220
5,False,-6.666666666666667,6.666666666666667,0,4,5765,6700,6700,50,220,220
5,False,-6.666666666666667,6.666666666666667,0,4,5815,6700,6700,50,220,220
5,False,-6.666666666666667,6.666666666666667,0,5,5865,6700,6700,50,220,220
5,False,-6.666666666666667,6.666666666666667,0,5,5915,6700,6700,50,220,220
5,False,-6.666666666666667,6.666666666666667,0,6,5965,6700,6700,50,220,220
5,False,-6.666666666666667,6.666666666666667,0,6,6015,6700,6700,50,220,220
5,False,-6.666666666666667,6.666666666666667,0,6,6065,6700,6700,50,220,220
5,False,-6.666666666666667,6.666666666666667,0,7,6115,6700,6700,50,220,220
5,False,-6.666666666666667,6.666666666666667,0,7,6165,6700,6700,50,220,220
5,False,-6.666666666666667,6.666666666666667,0,8,6215,6700,6700,50,220,220
5,False,-6.666666666666667,6.666666666666667,0,8,6265,6700,6700,50,220,220
5,False,-6.666666666666667,6.666666666666667,0,9,6315,6700,6700,50,220,220
5,False,-6.666666666666667,6.666666666666667,0,9,6365,6700,6700,50,220,220
5,False,-6.666666666666667,6.666666666666667,0,9,6415,6700,6700,50,220,220
5,False,-6.666666666666667,6.666666666666667,0,10,6465,6700,6700,50,220,220
5,False,-6.666666666666667,6.666666666666667,0,10,6515,6700,6700,50,220,220
5,False,-6.666666666666667,6.666666666666667,0,11,6565,6700,6700,50,220,220
6,False,29.333333333333332,25.666666666666668,55,36,4908,6700,6700,50,220,220
6,False,29.0,25.0,54,36,4958,6700,6700,50,220,220
6,False,28.666666666666668,25.333333333333332,54,36,5008,6700,6700,50,220,220
6,False,28.0,25.0,53,35,5058,6700,6700,50,220,220
6,False,27.666666666666668,24.333333333333332,52,35,5108,6700,6700,50,220,220
6,False,27.333333333333332,24.666666666666668,52,35,5158,6700,6700,50,220,220
6,False,27.333333333333332,24.666666666666668,52,35,5208,6700,6700,50,220,220
6,False,26.666666666666668,24.333333333333332,51,35,5258,6700,6700,50,220,220
6,False,25.333333333333332,23.666666666666668,49,34,5308,6700,6700,50,220,220
6,False,25.333333333333332,23.666666666666668,49,34,5358,6700,6700,50,220,220
6,False,25.333333333333332,23.666666666666668,49,34,5408,6700,6700,50,220,220
6,False,24.666666666666668,23.333333333333332,48,33,5458,6700,6700,50,220,220
6,False,24.0,23.0,47,32,5508,6700,6700,50,220,220
6,False,23.666666666666668,22.333333333333332,46,33,5558,6700,6700,50,220,220
6,False,23.0,22.0,45,33,5608,6700,6700,50,220,220
6,False,22.333333333333332,21.666666666666668,44,32,5658,6700,6700,50,220,220
6,False,21.666666666666668,21.333333333333332,43,32,5708,6700,6700,50,220,220
6,False,21.666666666666668,21.333333333333332,43,31,5758,6700,6700,50,220,220
6,False,21.0,21.0,42,31,5808,6700,6700,50,220,220
6,False,22.333333333333332,21.666666666666668,44,31,5858,6700,6700,50,220,220
1,False,-6.0,6.0,0,5,5190,6700,6700,50,220,220
1,False,-6.0,6.0,0,5,5240,6700,6700,50,220,220
1,False,-6.0,6.0,0,5,5290,6700,6700,50,220,220
1,False,-6.0,6.0,0,6,5340,6700,6700,50,220,220
1,False,-6.0,6.0,0,6,5390,6700,6700,50,220,220
1,False,-6.0,6.0,0,7,5440,6700,6700,50,220,220
1,False,-6.0,6.0,0,7,5490,6700,6700,50,220,220
1,False,-6.0,6.0,0,8,5540,6700,6700,50,220,220
1,False,-6.0,6.0,0,9,5590,6700,6700,50,220,220
1,False,-6.0,6.0,0,8,5640,6700,6700,50,220,220
1,False,-6.0,6.0,0,9,5690,6700,6700,50,220,220
1,False,-6.0,6.0,0,10,5740,6700,6700,50,220,220
1,False,-6.333333333333333,6.333333333333333,0,10,5790,6700,6700,50,220,220
1,False,-6.0,6.0,0,10,5840,6700,6700,50,220,220
1,False,-6.0,6.0,0,11,5890,6700,6700,50,220,220
1,False,-6.0,6.0,0,12,5940,6700,6700,50,220,220
1,False,-6.0,6.0,0,12,5990,6700,6700,50,220,220
1,False,-6.0,6.0,0,12,6040,6700,6700,50,220,220
1,False,-6.666666666666667,6.666666666666667,0,13,6090,6700,6700,50,220,220
1,False,-6.333333333333333,6.333333333333333,0,13,6140,6700,6700,50,220,220
2,False,33.0,29.0,62,39,5483,6700,6700,50,220,220
2,False,31.666666666666668,28.333333333333332,60,39,5533,6700,6700,50,220,220
2,False,31.666666666666668,28.333333333333332,60,39,5583,6700,6700,50,220,220
2,False,31.0,28.0,59,38,5633,6700,6700,50,220,220
2,False,30.666666666666668,27.333333333333332,58,38,5683,6700,6700,50,220,220
2,False,30.0,27.0,57,38,5733,6700,6700,50,220,220
2,False,30.0,27.0,57,38,5783,6700,6700,50,220,220
2,False,29.666666666666668,26.333333333333332,56,37,5833,6700,6700,50,220,220
2,False,28.666666666666668,26.333333333333332,55,37,5883,6700,6700,50,220,220
2,False,28.0,26.0,54,36,5933,6700,6700,50,220,220
2,False,27.333333333333332,25.666666666666668,53,36,5983,6700,6700,50,220,220
2,False,27.0,25.0,52,36,6033,6700,6700,50,220,220
2,False,26.333333333333332,24.666666666666668,51,35,6083,6700,6700,50,220,220
2,False,25.666666666666668,24.333333333333332,50,35,6133,6700,6700,50,220,220
2,False,25.0,24.0,49,34,6183,6700,6700,50,220,220
2,False,24.333333333333332,23.666666666666668,48,34,6233,6700,6700,50,220,220
2,False,23.333333333333332,23.666666666666668,47,34,6283,6700,6700,50,220,220
2,False,22.666666666666668,24.333333333333332,47,34,6333,6700,6700,50,220,220
2,False,23.0,23.0,46,33,6383,6700,6700,50,220,220
2,False,21.666666666666668,22.333333333333332,44,33,6433,6700,6700,50,220,220
3,False,-5.333333333333333,5.333333333333333,0,5,4776,6700,6700,50,220,220
3,False,-5.333333333333333,5.333333333333333,0,5,4826,6700,6700,50,220,220
3,False,-5.666666666666667,5.666666666666667,0,5,4876,6700,6700,50,220,220
3,False,-5.666666666666667,5.666666666666667,0,6,4926,6700,6700,50,220,220
3,False,-5.666666666666667,5.666666666666667,0,6,4976,6700,6700,50,220,220
3,False,-5.666666666666667,5.666666666666667,0,6,5026,6700,6700,50,220,220
3,False,-5.666666666666667,5.666666666666667,0,7,5076,6700,6700,50,220,220
3,False,-5.666666666666667,5.666666666666667,0,7,5126,6700,6700,50,220,220
3,False,-5.666666666666667,5.666666666666667,0,8,5176,6700,6700,50,220,220
3,False,-5.666666666666667,5.666666666666667,0,8,5226,6700,6700,50,220,220
3,False,-5.666666666666667,5.666666666666667,0,9,5276,6700,6700,50,220,220
3,False,-5.666666666666667,5.666666666666667,0,9,5326,6700,6700,50,220,220
3,False,-5.666666666666667,5.666666666666667,0,10,5376,6700,6700,50,220,220
3,False,-5.666666666666667,5.666666666666667,0,10,5426,6700,6700,50,220,220
3,False,-5.666666666666667,5.666666666666667,0,10,5476,6700,6700,50,220,220
3,False,-5.666666666666667,5.666666666666667,0,11,5526,6700,6700,50,220,220
3,False,-6.0,6.0,0,11,5576,6700,6700,50,220,220
3,False,-6.0,6.0,0,11,5626,6700,6700,50,220,220
3,False,-5.666666666666667,5.666666666666667,0,12,5676,6700,6700,50,220,220
3,False,-6.0,6.0,0,12,5726,6700,6700,50,220,220
4,False,32.0,29.0,61,40,5067,6700,6700,50,220,220
4,False,31.333333333333332,28.666666666666668,60,39,5117,6700,6700,50,220,220
4,False,30.666666666666668,28.333333333333332,59,39,5167,6700,6700,50,220,220
4,False,30.333333333333332,27.666666666666668,58,39,5217,6700,6700,50,220,220
4,False,29.0,27.0,56,38,5267,6700,6700,50,220,220
4,False,28.666666666666668,26.333333333333332,55,37,5317,6700,6700,50,220,220
4,False,27.666666666666668,26.333333333333332,54,37,5367,6700,6700,50,220,220
4,False,27.0,26.0,53,37,5417,6700,6700,50,220,220
4,False,26.0,25.0,51,36,5467,6700,6700,50,220,220
4,False,25.333333333333332,24.666666666666668,50,36,5517,6700,6700,50,220,220
4,False,24.666666666666668,24.333333333333332,49,35,5567,6700,6700,50,220,220
4,False,23.333333333333332,23.666666666666668,47,35,5617,6700,6700,50,220,220
4,False,22.666666666666668,23.333333333333332,46,34,5667,6700,6700,50,220,220
4,False,22.0,23.0,45,33,5717,6700,6700,50,220,220
4,False,21.333333333333332,22.666666666666668,44,33,5767,6700,6700,50,220,220
4,False,19.333333333333332,22.666666666666668,42,33,5817,6700,6700,50,220,220
4,False,19.333333333333332,21.666666666666668,41,32,5867,6700,6700,50,220,220
4,False,18.333333333333332,20.666666666666668,39,32,5917,6700,6700,50,220,220
4,False,17.666666666666668,20.333333333333332,38,31,5967,6700,6700,50,220,220
4,False,17.0,20.0,37,31,6017,6700,6700,50,220,220
5,False,-6.333333333333333,6.333333333333333,0,3,5361,6700,6700,50,220,220
5,False,-6.333333333333333,6.333333333333333,0,3,5411,6700,6700,50,220,220
5,False,-6.333333333333333,6.333333333333333,0,3,5461,6700,6700,50,220,220
5,False,-6.666666666666667,6.666666666666667,0,4,5511,6700,6700,50,220,220
5,False,-6.333333333333333,6.333333333333333,0,4,5561,6700,6700,50,220,220
5,False,-6.333333333333333,6.333333333333333,0,3,5611,6700,6700,50,220,220
5,False,-6.666666666666667,6.666666666666667,0,4,5661,6700,6700,50,220,220
5,False,-6.333333333333333,6.333333333333333,0,5,5711,6700,6700,50,220,220
5,False,-6.666666666666667,6.666666666666667,0,5,5761,6700,6700,50,220,220
5,False,-6.666666666666667,6.666666666666667,0,5,5811,6700,6700,50,220,220
5,False,-6.333333333333333,6.333333333333333,0,5,5861,6700,6700,50,220,220
5,False,-6.666666666666667,6.666666666666667,0,5,5911,6700,6700,50,220,220
5,False,-6.666666666666667,6.666666666666667,0,6,5961,6700,6700,50,220,220
5,False,-6.666666666666667,6.666666666666667,0,6,6011,6700,6700,50,220,220
5,False,-7.666666666666667,7.666666666666667,0,8,6061,6700,6700,50,220,220
5,False,-6.666666666666667,6.666666666666667,0,7,6111,6700,6700,50,220,220
5,False,-6.666666666666667,6.666666666666667,0,7,6161,6700,6700,50,220,220
5,False,-6.666666666666667,6.666666666666667,0,7,6211,6700,6700,50,220,220
5,False,-6.666666666666667,6.666666666666667,0,8,6261,6700,6700,50,220,220
5,False,-6.666666666666667,6.666666666666667,0,8,6311,6700,6700,50,220,220
6,False,24.666666666666668,23.333333333333332,48,33,5654,6700,6700,50,220,220
6,False,24.0,23.0,47,33,5704,6700,6700,50,220,220
6,False,22.666666666666668,22.333333333333332,45,32,5754,6700,6700,50,220,220
6,False,22.0,22.0,44,32,5804,6700,6700,50,220,220
6,False,21.666666666666668,21.333333333333332,43,31,5854,6700,6700,50,220,220
6,False,21.0,21.0,42,31,5904,6700,6700,50,220,220
6,False,19.666666666666668,20.333333333333332,40,30,5954,6700,6700,50,220,220
6,False,19.0,20.0,39,30,6004,6700,6700,50,220,220
6,False,18.333333333333332,19.666666666666668,38,30,6054,6700,6700,50,220,220
6,False,17.666666666666668,19.333333333333332,37,29,6104,6700,6700,50,220,220
6,False,16.333333333333332,18.666666666666668,35,28,6154,6700,6700,50,220,220
6,False,15.666666666666668,18.333333333333332,34,28,6204,6700,6700,50,220,220
6,False,15.333333333333332,17.666666666666668,33,28,6254,6700,6700,50,220,220
6,False,16.666666666666668,18.333333333333332,35,28,6304,6700,6700,50,220,220
6,False,13.333333333333332,16.666666666666668,30,27,6354,6700,6700,50,220,220
6,False,12.666666666666668,16.333333333333332,29,26,6404,6700,6700,50,220,220
6,False,12.0,16.0,28,26,6454,6700,6700,50,220,220
6,False,10.666666666666666,15.333333333333334,26,25,6504,6700,6700,50,220,220
6,False,10.333333333333334,14.666666666666666,25,25,6554,6700,6700,50,220,220
6,False,10.0,15.0,25,24,6604,6700,6700,50,220,220
1,False,-5.666666666666667,5.666666666666667,0,2,4937,6700,6700,50,220,220
1,False,-5.666666666666667,5.666666666666667,0,2,4987,6700,6700,50,220,220
1,False,-6.0,6.0,0,2,5037,6700,6700,50,220,220
1,False,-6.0,6.0,0,3,5087,6700,6700,50,220,220
1,False,-6.0,6.0,0,3,5137,6700,6700,50,220,220
1,False,-5.666666666666667,5.666666666666667,0,3,5187,6700,6700,50,220,220
1,False,-6.0,6.0,0,4,5237,6700,6700,50,220,220
1,False,-6.0,6.0,0,4,5287,6700,6700,50,220,220
1,False,-6.0,6.0,0,4,5337,6700,6700,50,220,220
1,False,-6.0,6.0,0,4,5387,6700,6700,50,220,220
1,False,-6.0,6.0,0,4,5437,6700,6700,50,220,220
1,False,-6.0,6.0,0,6,5487,6700,6700,50,220,220
1,False,-6.333333333333333,6.333333333333333,0,6,5537,6700,6700,50,220,220
1,False,-6.0,6.0,0,6,5587,6700,6700,50,220,220
1,False,-6.0,6.0,0,6,5637,6700,6700,50,220,220
1,False,-6.0,6.0,0,6,5687,6700,6700,50,220,220
1,False,-6.0,6.0,0,7,5737,6700,6700,50,220,220
1,False,-6.0,6.0,0,7,5787,6700,6700,50,220,220
1,False,-6.0,6.0,0,7,5837,6700,6700,50,220,220
1,False,-6.0,6.0,0,8,5887,6700,6700,50,220,220
2,False,27.0,25.0,52,36,5231,6700,6700,50,220,220
2,False,26.0,25.0,51,35,5281,6700,6700,50,220,220
2,False,25.0,24.0,49,35,5331,6700,6700,50,220,220
2,False,24.333333333333332,23.666666666666668,48,34,5381,6700,6700,50,220,220
2,False,24.0,24.0,48,35,5431,6700,6700,50,220,220
2,False,23.666666666666668,23.333333333333332,47,34,5481,6700,6700,50,220,220
2,False,23.0,23.0,46,33,5531,6700,6700,50,220,220
2,False,22.333333333333332,22.666666666666668,45,33,5581,6700,6700,50,220,220
2,False,22.333333333333332,22.666666666666668,45,33,5631,6700,6700,50,220,220
2,False,22.0,22.0,44,33,5681,6700,6700,50,220,220
2,False,21.0,22.0,43,32,5731,6700,6700,50,220,220
2,False,19.666666666666668,22.333333333333332,42,32,5781,6700,6700,50,220,220
2,False,20.0,21.0,41,32,5831,6700,6700,50,220,220
2,False,19.333333333333332,20.666666666666668,40,31,5881,6700,6700,50,220,220
2,False,18.666666666666668,20.333333333333332,39,31,5931,6700,6700,50,220,220
2,False,18.0,20.0,38,31,5981,6700,6700,50,220,220
2,False,17.333333333333332,19.666666666666668,37,30,6031,6700,6700,50,220,220
2,False,16.666666666666668,19.333333333333332,36,30,6081,6700,6700,50,220,220
2,False,16.0,19.0,35,29,6131,6700,6700,50,220,220
2,False,15.333333333333332,18.666666666666668,34,29,6181,6700,6700,50,220,220
3,False,-5.666666666666667,5.666666666666667,0,3,5523,6700,6700,50,220,220
3,False,-5.333333333333333,5.333333333333333,0,4,5573,6700,6700,50,220,220
3,False,-5.666666666666667,5.666666666666667,0,4,5623,6700,6700,50,220,220
3,False,-5.333333333333333,5.333333333333333,0,4,5673,6700,6700,50,220,220
3,False,-5.666666666666667,5.666666666666667,0,5,5723,6700,6700,50,220,220
3,False,-6.0,6.0,0,5,5773,6700,6700,50,220,220
3,False,-5.666666666666667,5.666666666666667,0,5,5823,6700,6700,50,220,220
3,False,-5.666666666666667,5.666666666666667,0,6,5873,6700,6700,50,220,220
3,False,-5.666666666666667,5.666666666666667,0,6,5923,6700,6700,50,220,220
3,False,-5.666666666666667,5.666666666666667,0,7,5973,6700,6700,50,220,220
3,False,-5.666666666666667,5.666666666666667,0,7,6023,6700,6700,50,220,220
3,False,-5.666666666666667,5.666666666666667,0,8,6073,6700,6700,50,220,220
3,False,-5.666666666666667,5.666666666666667,0,8,6123,6700,6700,50,220,220
3,False,-5.666666666666667,5.666666666666667,0,8,6173,6700,6700,50,220,220
3,False,-5.666666666666667,5.666666666666667,0,8,6223,6700,6700,50,220,220
3,False,-5.666666666666667,5.666666666666667,0,9,6273,6700,6700,50,220,220
3,False,-5.666666666666667,5.666666666666667,0,10,6323,6700,6700,50,220,220
3,False,-5.666666666666667,5.666666666666667,0,10,6373,6700,6700,50,220,220
3,False,-5.666666666666667,5.666666666666667,0,10,6423,6700,6700,50,220,220
3,False,-5.666666666666667,5.666666666666667,0,11,6473,6700,6700,50,220,220
4,False,24.0,24.0,48,35,4816,6700,6700,50,220,220
4,False,23.0,24.0,47,35,4866,6700,6700,50,220,220
4,False,22.666666666666668,23.333333333333332,46,34,4916,6700,6700,50,220,220
4,False,22.333333333333332,22.666666666666668,45,33,4966,6700,6700,50,220,220
4,False,21.333333333333332,22.666666666666668,44,33,5016,6700,6700,50,220,220
4,False,21.0,22.0,43,33,5066,6700,6700,50,220,220
4,False,20.0,22.0,42,33,5116,6700,6700,50,220,220
4,False,19.0,21.0,40,31,5166,6700,6700,50,220,220
4,False,18.333333333333332,20.666666666666668,39,31,5216,6700,6700,50,220,220
4,False,16.666666666666668,21.333333333333332,38,32,5266,6700,6700,50,220,220
4,False,17.0,20.0,37,31,5316,6700,6700,50,220,220
4,False,16.333333333333332,19.666666666666668,36,30,5366,6700,6700,50,220,220
4,False,15.666666666666668,19.333333333333332,35,30,5416,6700,6700,50,220,220
4,False,15.0,19.0,34,29,5466,6700,6700,50,220,220
4,False,14.333333333333332,18.666666666666668,33,30,5516,6700,6700,50,220,220
4,False,13.333333333333332,17.666666666666668,31,28,5566,6700,6700,50,220,220
4,False,12.333333333333332,17.666666666666668,30,28,5616,6700,6700,50,220,220
4,False,12.333333333333332,17.666666666666668,30,28,5666,6700,6700,50,220,220
4,False,11.333333333333332,16.666666666666668,28,27,5716,6700,6700,50,220,220
4,False,10.666666666666668,16.333333333333332,27,27,5766,6700,6700,50,220,220
5,False,-6.333333333333333,6.333333333333333,0,0,5109,6700,6700,50,220,220
5,False,-6.333333333333333,6.333333333333333,0,0,5159,6700,6700,50,220,220
5,False,-6.333333333333333,6.333333333333333,0,0,5209,6700,6700,50,220,220
5,False,-6.333333333333333,6.333333333333333,0,0,5259,6700,6700,50,220,220
5,False,-6.333333333333333,6.333333333333333,0,0,5309,6700,6700,50,220,220
5,False,-6.333333333333333,6.333333333333333,0,0,5359,6700,6700,50,220,220
5,False,-6.333333333333333,6.333333333333333,0,0,5409,6700,6700,50,220,220
5,False,-6.333333333333333,6.333333333333333,0,0,5459,6700,6700,50,220,220
5,False,-7.333333333333333,7.333333333333333,0,0,5509,6700,6700,50,220,220
5,False,-6.333333333333333,6.333333333333333,0,1,5559,6700,6700,50,220,220
5,False,-6.333333333333333,6.333333333333333,0,1,5609,6700,6700,50,220,220
5,False,-6.333333333333333,6.333333333333333,0,1,5659,6700,6700,50,220,220
5,False,-6.666666666666667,6.666666666666667,0,2,5709,6700,6700,50,220,220
5,False,-6.666666666666667,6.666666666666667,0,2,5759,6700,6700,50,220,220
5,False,-6.333333333333333,6.333333333333333,0,3,5809,6700,6700,50,220,220
5,False,-6.666666666666667,6.666666666666667,0,3,5859,6700,6700,50,220,220
5,False,-6.666666666666667,6.666666666666667,0,3,5909,6700,6700,50,220,220
5,False,-6.666666666666667,6.666666666666667,0,4,5959,6700,6700,50,220,220
5,False,-6.666666666666667,6.666666666666667,0,5,6009,6700,6700,50,220,220
5,False,-6.666666666666667,6.666666666666667,0,5,6059,6700,6700,50,220,220
6,False,23.0,22.0,45,33,5402,6700,6700,50,220,220
6,False,22.0,22.0,44,32,5452,6700,6700,50,220,220
6,False,21.666666666666668,21.333333333333332,43,32,5502,6700,6700,50,220,220
6,False,21.0,21.0,42,31,5552,6700,6700,50,220,220
6,False,21.0,21.0,42,31,5602,6700,6700,50,220,220
6,False,20.333333333333332,20.666666666666668,41,31,5652,6700,6700,50,220,220
6,False,19.666666666666668,20.333333333333332,40,31,5702,6700,6700,50,220,220
6,False,21.0,21.0,42,31,5752,6700,6700,50,220,220
6,False,19.0,20.0,39,30,5802,6700,6700,50,220,220
6,False,17.666666666666668,19.333333333333332,37,29,5852,6700,6700,50,220,220
6,False,17.666666666666668,19.333333333333332,37,29,5902,6700,6700,50,220,220
6,False,17.333333333333332,18.666666666666668,36,29,5952,6700,6700,50,220,220
6,False,16.666666666666668,18.333333333333332,35,29,6002,6700,6700,50,220,220
6,False,15.666666666666668,18.333333333333332,34,28,6052,6700,6700,50,220,220
6,False,15.0,18.0,33,28,6102,6700,6700,50,220,220
6,False,14.666666666666668,17.333333333333332,32,28,6152,6700,6700,50,220,220
6,False,14.333333333333332,17.666666666666668,32,28,6202,6700,6700,50,220,220
6,False,14.0,17.0,31,27,6252,6700,6700,50,220,220
6,False,13.333333333333332,16.666666666666668,30,26,6302,6700,6700,50,220,220
6,False,12.666666666666668,16.333333333333332,29,26,6352,6700,6700,50,220,220
1,False,-5.666666666666667,5.666666666666667,0,0,4685,6600,6600,50,220,220
1,False,-5.666666666666667,5.666666666666667,0,0,4735,6600,6600,50,220,220
1,False,-5.666666666666667,5.666666666666667,0,0,4785,6600,6600,50,220,220
1,False,-5.666666666666667,5.666666666666667,0,0,4835,6600,6600,50,220,220
1,False,-5.666666666666667,5.666666666666667,0,0,4885,6600,6600,50,220,220
1,False,-5.666666666666667,5.666666666666667,0,0,4935,6600,6600,50,220,220
1,False,-5.666666666666667,5.666666666666667,0,0,4985,6600,6600,50,220,220
1,False,-6.0,6.0,0,0,5035,6600,6600,50,220,220
1,False,-6.0,6.0,0,0,5085,6600,6600,50,220,220
1,False,-6.0,6.0,0,0,5135,6600,6600,50,220,220
1,False,-6.0,6.0,0,1,5185,6600,6600,50,220,220
1,False,-6.0,6.0,0,1,5235,6600,6600,50,220,220
1,False,-6.0,6.0,0,2,5285,6600,6600,50,220,220
1,False,-6.0,6.0,0,2,5335,6600,6600,50,220,220
1,False,-6.0,6.0,0,2,5385,6600,6600,50,220,220
1,False,-6.0,6.0,0,3,5435,6600,6600,50,220,220
1,False,-6.333333333333333,6.333333333333333,0,4,5485,6600,6600,50,220,220
1,False,-6.0,6.0,0,4,5535,6600,6600,50,220,220
1,False,-6.0,6.0,0,4,5585,6600,6600,50,220,220
1,False,-6.0,6.0,0,5,5635,6600,6600,50,220,220
2,False,29.333333333333332,26.666666666666668,56,37,5076,6600,6600,50,220,220
2,False,28.666666666666668,26.333333333333332,55,37,5126,6600,6600,50,220,220
2,False,28.666666666666668,26.333333333333332,55,37,5176,6600,6600,50,220,220
2,False,28.666666666666668,26.333333333333332,55,37,5226,6600,6600,50,220,220
2,False,28.0,26.0,54,37,5276,6600,6600,50,220,220
2,False,27.0,27.0,54,37,5326,6600,6600,50,220,220
2,False,27.666666666666668,25.333333333333332,53,36,5376,6600,6600,50,220,220
2,False,27.333333333333332,25.666666666666668,53,36,5426,6600,6600,50,220,220
2,False,27.0,25.0,52,35,5476,6600,6600,50,220,220
2,False,26.333333333333332,24.666666666666668,51,36,5526,6600,6600,50,220,220
2,False,26.333333333333332,24.666666666666668,51,36,5576,6600,6600,50,220,220
2,False,26.333333333333332,24.666666666666668,51,36,5626,6600,6600,50,220,220
2,False,25.0,24.0,49,35,5676,6600,6600,50,220,220
2,False,24.666666666666668,24.333333333333332,49,35,5726,6600,6600,50,220,220
2,False,24.0,24.0,48,34,5776,6600,6600,50,220,220
2,False,23.666666666666668,23.333333333333332,47,34,5826,6600,6600,50,220,220
2,False,23.666666666666668,23.333333333333332,47,34,5876,6600,6600,50,220,220
2,False,23.0,23.0,46,33,5926,6600,6600,50,220,220
2,False,23.0,23.0,46,33,5976,6600,6600,50,220,220
2,False,22.333333333333332,22.666666666666668,45,33,6026,6600,6600,50,220,220
3,False,-5.666666666666667,5.666666666666667,0,9,5470,6600,6600,50,220,220
3,False,-5.666666666666667,5.666666666666667,0,9,5520,6600,6600,50,220,220
3,False,-5.666666666666667,5.666666666666667,0,10,5570,6600,6600,50,220,220
3,False,-6.0,6.0,0,10,5620,6600,6600,50,220,220
3,False,-5.666666666666667,5.666666666666667,0,11,5670,6600,6600,50,220,220
3,False,-5.666666666666667,5.666666666666667,0,11,5720,6600,6600,50,220,220
3,False,-5.666666666666667,5.666666666666667,0,11,5770,6600,6600,50,220,220
3,False,-5.666666666666667,5.666666666666667,0,12,5820,6600,6600,50,220,220
3,False,-5.666666666666667,5.666666666666667,0,12,5870,6600,6600,50,220,220
3,False,-6.0,6.0,0,12,5920,6600,6600,50,220,220
3,False,-6.0,6.0,0,13,5970,6600,6600,50,220,220
3,False,-5.666666666666667,5.666666666666667,0,13,6020,6600,6600,50,220,220
3,False,-6.0,6.0,0,14,6070,6600,6600,50,220,220
3,False,-5.666666666666667,5.666666666666667,0,14,6120,6600,6600,50,220,220
3,False,-6.0,6.0,0,14,6170,6600,6600,50,220,220
3,False,-6.0,6.0,0,14,6220,6600,6600,50,220,220
3,False,-6.0,6.0,0,15,6270,6600,6600,50,220,220
3,False,-5.666666666666667,5.666666666666667,0,16,6320,6600,6600,50,220,220
3,False,-6.0,6.0,0,16,6370,6600,6600,50,220,220
3,False,-6.0,6.0,0,16,6420,6600,6600,50,220,220
4,False,36.0,31.0,67,42,4863,6600,6600,50,220,220
4,False,35.33333333333333,30.666666666666668,66,42,4913,6600,6600,50,220,220
4,False,34.66666666666667,30.333333333333332,65,41,4963,6600,6600,50,220,220
4,False,33.66666666666667,31.333333333333332,65,42,5013,6600,6600,50,220,220
4,False,34.0,30.0,64,41,5063,6600,6600,50,220,220
4,False,32.66666666666667,29.333333333333332,62,40,5113,6600,6600,50,220,220
4,False,32.66666666666667,29.333333333333332,62,40,5163,6600,6600,50,220,220
4,False,32.0,29.0,61,40,5213,6600,6600,50,220,220
4,False,31.0,28.0,59,39,5263,6600,6600,50,220,220
4,False,30.333333333333332,27.666666666666668,58,38,5313,6600,6600,50,220,220
4,False,30.0,28.0,58,38,5363,6600,6600,50,220,220
4,False,29.333333333333332,27.666666666666668,57,38,5413,6600,6600,50,220,220
4,False,28.0,27.0,55,37,5463,6600,6600,50,220,220
4,False,28.0,26.0,54,37,5513,6600,6600,50,220,220
4,False,27.333333333333332,25.666666666666668,53,36,5563,6600,6600,50,220,220
4,False,27.333333333333332,25.666666666666668,53,37,5613,6600,6600,50,220,220
4,False,25.333333333333332,24.666666666666668,50,36,5663,6600,6600,50,220,220
4,False,25.333333333333332,24.666666666666668,50,35,5713,6600,6600,50,220,220
4,False,24.666666666666668,24.333333333333332,49,36,5763,6600,6600,50,220,220
4,False,24.0,24.0,48,35,5813,6600,6600,50,220,220
5,False,-6.333333333333333,6.333333333333333,0,6,5252,6600,6600,50,220,220
5,False,-6.666666666666667,6.666666666666667,0,6,5302,6600,6600,50,220,220
5,False,-7.666666666666667,7.666666666666667,0,7,5352,6600,6600,50,220,220
5,False,-6.666666666666667,6.666666666666667,0,7,5402,6600,6600,50,220,220
5,False,-6.666666666666667,6.666666666666667,0,7,5452,6600,6600,50,220,220
5,False,-6.666666666666667,6.666666666666667,0,7,5502,6600,6600,50,220,220
5,False,-6.666666666666667,6.666666666666667,0,8,5552,6600,6600,50,220,220
5,False,-6.666666666666667,6.666666666666667,0,8,5602,6600,6600,50,220,220
5,False,-7.0,7.0,0,8,5652,6600,6600,50,220,220
5,False,-6.666666666666667,6.666666666666667,0,9,5702,6600,6600,50,220,220
5,False,-6.666666666666667,6.666666666666667,0,9,5752,6600,6600,50,220,220
5,False,-6.666666666666667,6.666666666666667,0,9,5802,6600,6600,50,220,220
5,False,-6.666666666666667,6.666666666666667,0,10,5852,6600,6600,50,220,220
5,False,-6.666666666666667,6.666666666666667,0,10,5902,6600,6600,50,220,220
5,False,-6.666666666666667,6.666666666666667,0,10,5952,6600,6600,50,220,220
5,False,-6.666666666666667,6.666666666666667,0,11,6002,6600,6600,50,220,220
5,False,-6.666666666666667,6.666666666666667,0,11,6052,6600,6600,50,220,220
5,False,-6.666666666666667,6.666666666666667,0,11,6102,6600,6600,50,220,220
5,False,-6.666666666666667,6.666666666666667,0,12,6152,6600,6600,50,220,220
5,False,-6.666666666666667,6.666666666666667,0,12,6202,6600,6600,50,220,220
6,False,24.666666666666668,23.333333333333332,48,33,5637,6600,6600,50,220,220
6,False,25.333333333333332,23.666666666666668,49,33,5687,6600,6600,50,220,220
6,False,23.0,22.0,45,33,5737,6600,6600,50,220,220
6,False,22.333333333333332,21.666666666666668,44,32,5787,6600,6600,50,220,220
6,False,21.666666666666668,21.333333333333332,43,32,5837,6600,6600,50,220,220
6,False,20.333333333333332,20.666666666666668,41,31,5887,6600,6600,50,220,220
6,False,19.666666666666668,20.333333333333332,40,30,5937,6600,6600,50,220,220
6,False,19.0,20.0,39,30,5987,6600,6600,50,220,220
6,False,18.333333333333332,19.666666666666668,38,30,6037,6600,6600,50,220,220
6,False,17.666666666666668,19.333333333333332,37,29,6087,6600,6600,50,220,220
6,False,16.333333333333332,18.666666666666668,35,29,6137,6600,6600,50,220,220
6,False,15.666666666666668,18.333333333333332,34,28,6187,6600,6600,50,220,220
6,False,15.0,18.0,33,28,6237,6600,6600,50,220,220
6,False,14.666666666666668,17.333333333333332,32,27,6287,6600,6600,50,220,220
6,False,13.333333333333332,16.666666666666668,30,27,6337,6600,6600,50,220,220
6,False,12.666666666666668,16.333333333333332,29,26,6387,6600,6600,50,220,220
6,False,12.0,16.0,28,26,6437,6600,6600,50,220,220
6,False,10.666666666666666,15.333333333333334,26,25,6487,6600,6600,50,220,220
6,False,10.666666666666666,15.333333333333334,26,25,6537,6600,6600,50,220,220
6,False,9.333333333333334,14.666666666666666,24,25,6587,6600,6600,50,220,220
1,False,-5.666666666666667,5.666666666666667,0,3,5030,6600,6600,50,220,220
1,False,-6.0,6.0,0,3,5080,6600,6600,50,220,220
1,False,-6.0,6.0,0,3,5130,6600,6600,50,220,220
1,False,-6.0,6.0,0,4,5180,6600,6600,50,220,220
1,False,-6.0,6.0,0,4,5230,6600,6600,50,220,220
1,False,-5.666666666666667,5.666666666666667,0,4,5280,6600,6600,50,220,220
1,False,-6.0,6.0,0,4,5330,6600,6600,50,220,220
1,False,-6.0,6.0,0,5,5380,6600,6600,50,220,220
1,False,-6.0,6.0,0,6,5430,6600,6600,50,220,220
1,False,-6.0,6.0,0,6,5480,6600,6600,50,220,220
1,False,-6.0,6.0,0,6,5530,6600,6600,50,220,220
1,False,-6.0,6.0,0,6,5580,6600,6600,50,220,220
1,False,-6.0,6.0,0,7,5630,6600,6600,50,220,220
1,False,-6.0,6.0,0,7,5680,6600,6600,50,220,220
1,False,-6.0,6.0,0,8,5730,6600,6600,50,220,220
1,False,-6.0,6.0,0,8,5780,6600,6600,50,220,220
1,False,-6.0,6.0,0,8,5830,6600,6600,50,220,220
1,False,-6.0,6.0,0,9,5880,6600,6600,50,220,220
1,False,-6.0,6.0,0,9,5930,6600,6600,50,220,220
1,False,-6.0,6.0,0,10,5980,6600,6600,50,220,220
2,False,31.333333333333332,27.666666666666668,59,38,5421,6600,6600,50,220,220
2,False,30.666666666666668,27.333333333333332,58,38,5471,6600,6600,50,220,220
2,False,29.333333333333332,26.666666666666668,56,37,5521,6600,6600,50,220,220
2,False,28.666666666666668,26.333333333333332,55,37,5571,6600,6600,50,220,220
2,False,28.333333333333332,25.666666666666668,54,36,5621,6600,6600,50,220,220
2,False,27.666666666666668,25.333333333333332,53,36,5671,6600,6600,50,220,220
2,False,27.0,25.0,52,36,5721,6600,6600,50,220,220
2,False,26.333333333333332,24.666666666666668,51,35,5771,6600,6600,50,220,220
2,False,25.666666666666668,24.333333333333332,50,35,5821,6600,6600,50,220,220
2,False,24.333333333333332,23.666666666666668,48,35,5871,6600,6600,50,220,220
2,False,23.666666666666668,23.333333333333332,47,34,5921,6600,6600,50,220,220
2,False,23.0,23.0,46,34,5971,6600,6600,50,220,220
2,False,23.0,23.0,46,33,6021,6600,6600,50,220,220
2,False,21.666666666666668,22.333333333333332,44,33,6071,6600,6600,50,220,220
2,False,20.666666666666668,21.333333333333332,42,32,6121,6600,6600,50,220,220
2,False,19.666666666666668,21.333333333333332,41,32,6171,6600,6600,50,220,220
2,False,20.0,21.0,41,32,6221,6600,6600,50,220,220
2,False,18.666666666666668,20.333333333333332,39,31,6271,6600,6600,50,220,220
2,False,18.0,20.0,38,30,6321,6600,6600,50,220,220
2,False,16.666666666666668,20.333333333333332,37,30,6371,6600,6600,50,220,220
3,False,-5.666666666666667,5.666666666666667,0,4,4814,6600,6600,50,220,220
3,False,-5.333333333333333,5.333333333333333,0,4,4864,6600,6600,50,220,220
3,False,-5.666666666666667,5.666666666666667,0,4,4914,6600,6600,50,220,220
3,False,-5.666666666666667,5.666666666666667,0,4,4964,6600,6600,50,220,220
3,False,-5.666666666666667,5.666666666666667,0,4,5014,6600,6600,50,220,220
3,False,-5.666666666666667,5.666666666666667,0,5,5064,6600,6600,50,220,220
3,False,-5.333333333333333,5.333333333333333,0,5,5114,6600,6600,50,220,220
3,False,-5.666666666666667,5.666666666666667,0,6,5164,6600,6600,50,220,220
3,False,-5.666666666666667,5.666666666666667,0,6,5214,6600,6600,50,220,220
3,False,-5.666666666666667,5.666666666666667,0,6,5264,6600,6600,50,220,220
3,False,-5.666666666666667,5.666666666666667,0,6,5314,6600,6600,50,220,220
3,False,-5.333333333333333,5.333333333333333,0,6,5364,6600,6600,50,220,220
3,False,-5.666666666666667,5.666666666666667,0,7,5414,6600,6600,50,220,220
3,False,-5.666666666666667,5.666666666666667,0,7,5464,6600,6600,50,220,220
3,False,-5.666666666666667,5.666666666666667,0,7,5514,6600,6600,50,220,220
3,False,-5.666666666666667,5.666666666666667,0,8,5564,6600,6600,50,220,220
3,False,-5.666666666666667,5.666666666666667,0,8,5614,6600,6600,50,220,220
3,False,-5.666666666666667,5.666666666666667,0,8,5664,6600,6600,50,220,220
3,False,-5.666666666666667,5.666666666666667,0,9,5714,6600,6600,50,220,220
3,False,-5.666666666666667,5.666666666666667,0,9,5764,6600,6600,50,220,220
4,False,23.333333333333332,23.666666666666668,47,35,5207,6600,6600,50,220,220
4,False,23.333333333333332,23.666666666666668,47,34,5257,6600,6600,50,220,220
4,False,22.0,23.0,45,34,5307,6600,6600,50,220,220
4,False,21.666666666666668,22.333333333333332,44,33,5357,6600,6600,50,220,220
4,False,20.666666666666668,22.333333333333332,43,33,5407,6600,6600,50,220,220
4,False,20.0,22.0,42,33,5457,6600,6600,50,220,220
4,False,19.666666666666668,21.333333333333332,41,32,5507,6600,6600,50,220,220
4,False,18.333333333333332,20.666666666666668,39,32,5557,6600,6600,50,220,220
4,False,17.666666666666668,20.333333333333332,38,32,5607,6600,6600,50,220,220
4,False,17.666666666666668,20.333333333333332,38,31,5657,6600,6600,50,220,220
4,False,16.333333333333332,19.666666666666668,36,30,5707,6600,6600,50,220,220
4,False,16.0,19.0,35,30,5757,6600,6600,50,220,220
4,False,15.0,19.0,34,30,5807,6600,6600,50,220,220
4,False,14.333333333333332,18.666666666666668,33,29,5857,6600,6600,50,220,220
4,False,13.0,18.0,31,28,5907,6600,6600,50,220,220
4,False,12.666666666666668,17.333333333333332,30,28,5957,6600,6600,50,220,220
4,False,12.0,17.0,29,28,6007,6600,6600,50,220,220
4,False,11.0,18.0,29,27,6057,6600,6600,50,220,220
4,False,10.666666666666668,16.333333333333332,27,26,6107,6600,6600,50,220,220
4,False,9.333333333333334,15.666666666666666,25,26,6157,6600,6600,50,220,220
5,False,-6.333333333333333,6.333333333333333,0,1,5590,6600,6600,50,220,220
5,False,-6.666666666666667,6.666666666666667,0,2,5640,6600,6600,50,220,220
5,False,-6.333333333333333,6.333333333333333,0,2,5690,6600,6600,50,220,220
5,False,-6.333333333333333,6.333333333333333,0,3,5740,6600,6600,50,220,220
5,False,-6.666666666666667,6.666666666666667,0,3,5790,6600,6600,50,220,220
5,False,-6.666666666666667,6.666666666666667,0,3,5840,6600,6600,50,220,220
5,False,-6.666666666666667,6.666666666666667,0,3,5890,6600,6600,50,220,220
5,False,-6.666666666666667,6.666666666666667,0,3,5940,6600,6600,50,220,220
5,False,-6.666666666666667,6.666666666666667,0,4,5990,6600,6600,50,220,220
5,False,-6.666666666666667,6.666666666666667,0,5,6040,6600,6600,50,220,220
5,False,-6.333333333333333,6.333333333333333,0,5,6090,6600,6600,50,220,220
5,False,-6.666666666666667,6.666666666666667,0,5,6140,6600,6600,50,220,220
5,False,-6.666666666666667,6.666666666666667,0,5,6190,6600,6600,50,220,220
5,False,-6.333333333333333,6.333333333333333,0,5,6240,6600,6600,50,220,220
5,False,-6.666666666666667,6.666666666666667,0,6,6290,6600,6600,50,220,220
5,False,-6.666666666666667,6.666666666666667,0,6,6340,6600,6600,50,220,220
5,False,-7.666666666666667,7.666666666666667,0,7,6390,6600,6600,50,220,220
5,False,-6.666666666666667,6.666666666666667,0,7,6440,6600,6600,50,220,220
5,False,-6.666666666666667,6.666666666666667,0,8,6490,6600,6600,50,220,220
5,False,-6.333333333333333,6.333333333333333,0,8,6540,6600,6600,50,220,220
6,False,23.333333333333332,22.666666666666668,46,33,4983,6600,6600,50,220,220
6,False,23.0,22.0,45,33,5033,6600,6600,50,220,220
6,False,23.0,22.0,45,32,5083,6600,6600,50,220,220
6,False,21.666666666666668,21.333333333333332,43,31,5133,6600,6600,50,220,220
6,False,21.0,21.0,42,31,5183,6600,6600,50,220,220
6,False,20.333333333333332,20.666666666666668,41,30,5233,6600,6600,50,220,220
6,False,19.666666666666668,20.333333333333332,40,30,5283,6600,6600,50,220,220
6,False,19.0,20.0,39,30,5333,6600,6600,50,220,220
6,False,18.333333333333332,19.666666666666668,38,30,5383,6600,6600,50,220,220
6,False,17.666666666666668,19.333333333333332,37,29,5433,6600,6600,50,220,220
6,False,17.0,19.0,36,29,5483,6600,6600,50,220,220
6,False,16.333333333333332,18.666666666666668,35,28,5533,6600,6600,50,220,220
6,False,15.666666666666668,18.333333333333332,34,28,5583,6600,6600,50,220,220
6,False,15.333333333333332,17.666666666666668,33,28,5633,6600,6600,50,220,220
6,False,14.666666666666668,17.333333333333332,32,27,5683,6600,6600,50,220,220
6,False,16.0,18.0,34,27,5733,6600,6600,50,220,220
6,False,12.666666666666668,16.333333333333332,29,26,5783,6600,6600,50,220,220
6,False,12.666666666666668,16.333333333333332,29,26,5833,6600,6600,50,220,220
6,False,11.333333333333334,15.666666666666666,27,25,5883,6600,6600,50,220,220
6,False,10.666666666666666,15.333333333333334,26,25,5933,6600,6600,50,220,220
1,False,-6.0,6.0,0,2,5376,6600,6600,50,220,220
1,False,-6.0,6.0,0,3,5426,6600,6600,50,220,220
1,False,-6.0,6.0,0,4,5476,6600,6600,50,220,220
1,False,-6.0,6.0,0,4,5526,6600,6600,50,220,220
1,False,-6.0,6.0,0,4,5576,6600,6600,50,220,220
1,False,-6.0,6.0,0,5,5626,6600,6600,50,220,220
1,False,-6.0,6.0,0,5,5676,6600,6600,50,220,220
1,False,-6.0,6.0,0,6,5726,6600,6600,50,220,220
1,False,-5.666666666666667,5.666666666666667,0,6,5776,6600,6600,50,220,220
1,False,-6.0,6.0,0,7,5826,6600,6600,50,220,220
1,False,-6.0,6.0,0,7,5876,6600,6600,50,220,220
1,False,-6.0,6.0,0,8,5926,6600,6600,50,220,220
1,False,-6.0,6.0,0,8,5976,6600,6600,50,220,220
1,False,-6.0,6.0,0,9,6026,6600,6600,50,220,220
1,False,-6.666666666666667,6.666666666666667,0,10,6076,6600,6600,50,220,220
1,False,-6.0,6.0,0,10,6126,6600,6600,50,220,220
1,False,-6.0,6.0,0,10,6176,6600,6600,50,220,220
1,False,-6.333333333333333,6.333333333333333,0,11,6226,6600,6600,50,220,220
1,False,-6.0,6.0,0,11,6276,6600,6600,50,220,220
1,False,-6.0,6.0,0,12,6326,6600,6600,50,220,220
2,False,30.666666666666668,27.333333333333332,58,38,4769,6600,6600,50,220,220
2,False,30.333333333333332,27.666666666666668,58,38,4819,6600,6600,50,220,220
2,False,30.333333333333332,27.666666666666668,58,38,4869,6600,6600,50,220,220
2,False,30.0,27.0,57,38,4919,6600,6600,50,220,220
2,False,30.0,27.0,57,37,4969,6600,6600,50,220,220
2,False,29.333333333333332,26.666666666666668,56,38,5019,6600,6600,50,220,220
2,False,29.0,26.0,55,37,5069,6600,6600,50,220,220
2,False,28.666666666666668,26.333333333333332,55,37,5119,6600,6600,50,220,220
2,False,28.333333333333332,25.666666666666668,54,37,5169,6600,6600,50,220,220
2,False,27.666666666666668,26.333333333333332,54,37,5219,6600,6600,50,220,220
2,False,27.333333333333332,25.666666666666668,53,36,5269,6600,6600,50,220,220
2,False,26.666666666666668,25.333333333333332,52,36,5319,6600,6600,50,220,220
2,False,26.333333333333332,24.666666666666668,51,36,5369,6600,6600,50,220,220
2,False,25.333333333333332,25.666666666666668,51,36,5419,6600,6600,50,220,220
2,False,26.333333333333332,24.666666666666668,51,35,5469,6600,6600,50,220,220
2,False,25.333333333333332,24.666666666666668,50,35,5519,6600,6600,50,220,220
2,False,25.0,24.0,49,35,5569,6600,6600,50,220,220
2,False,25.0,24.0,49,35,5619,6600,6600,50,220,220
2,False,24.333333333333332,23.666666666666668,48,34,5669,6600,6600,50,220,220
2,False,23.666666666666668,23.333333333333332,47,34,5719,6600,6600,50,220,220
3,False,-5.333333333333333,5.333333333333333,0,2,5163,6600,6600,50,220,220
3,False,-5.666666666666667,5.666666666666667,0,2,5213,6600,6600,50,220,220
3,False,-5.666666666666667,5.666666666666667,0,3,5263,6600,6600,50,220,220
3,False,-5.666666666666667,5.666666666666667,0,3,5313,6600,6600,50,220,220
3,False,-5.666666666666667,5.666666666666667,0,4,5363,6600,6600,50,220,220
3,False,-5.666666666666667,5.666666666666667,0,4,5413,6600,6600,50,220,220
3,False,-5.666666666666667,5.666666666666667,0,5,5463,6600,6600,50,220,220
3,False,-5.666666666666667,5.666666666666667,0,5,5513,6600,6600,50,220,220
3,False,-5.666666666666667,5.666666666666667,0,6,5563,6600,6600,50,220,220
3,False,-5.666666666666667,5.666666666666667,0,6,5613,6600,6600,50,220,220
3,False,-5.666666666666667,5.666666666666667,0,7,5663,6600,6600,50,220,220
3,False,-5.666666666666667,5.666666666666667,0,7,5713,6600,6600,50,220,220
3,False,-5.666666666666667,5.666666666666667,0,8,5763,6600,6600,50,220,220
3,False,-6.0,6.0,0,8,5813,6600,6600,50,220,220
3,False,-5.666666666666667,5.666666666666667,0,8,5863,6600,6600,50,220,220
3,False,-5.666666666666667,5.666666666666667,0,9,5913,6600,6600,50,220,220
3,False,-5.666666666666667,5.666666666666667,0,10,5963,6600,6600,50,220,220
3,False,-5.666666666666667,5.666666666666667,0,10,6013,6600,6600,50,220,220
3,False,-5.666666666666667,5.666666666666667,0,11,6063,6600,6600,50,220,220
3,False,-5.666666666666667,5.666666666666667,0,11,6113,6600,6600,50,220,220
4,False,22.0,23.0,45,34,5557,6600,6600,50,220,220
4,False,21.666666666666668,22.333333333333332,44,33,5607,6600,6600,50,220,220
4,False,21.0,22.0,43,33,5657,6600,6600,50,220,220
4,False,20.333333333333332,21.666666666666668,42,33,5707,6600,6600,50,220,220
4,False,20.333333333333332,21.666666666666668,42,33,5757,6600,6600,50,220,220
4,False,19.333333333333332,21.666666666666668,41,32,5807,6600,6600,50,220,220
4,False,18.333333333333332,20.666666666666668,39,31,5857,6600,6600,50,220,220
4,False,18.333333333333332,20.666666666666668,39,31,5907,6600,6600,50,220,220
4,False,17.666666666666668,20.333333333333332,38,31,5957,6600,6600,50,220,220
4,False,17.0,20.0,37,31,6007,6600,6600,50,220,220
4,False,15.666666666666668,19.333333333333332,35,30,6057,6600,6600,50,220,220
4,False,14.666666666666668,20.333333333333332,35,30,6107,6600,6600,50,220,220
4,False,15.0,19.0,34,30,6157,6600,6600,50,220,220
4,False,14.333333333333332,18.666666666666668,33,29,6207,6600,6600,50,220,220
4,False,13.0,18.0,31,28,6257,6600,6600,50,220,220
4,False,13.333333333333332,17.666666666666668,31,28,6307,6600,6600,50,220,220
4,False,12.666666666666668,17.333333333333332,30,28,6357,6600,6600,50,220,220
4,False,12.0,17.0,29,28,6407,6600,6600,50,220,220
4,False,11.333333333333332,16.666666666666668,28,27,6457,6600,6600,50,220,220
4,False,10.666666666666668,16.333333333333332,27,27,6507,6600,6600,50,220,220
5,False,-6.333333333333333,6.333333333333333,0,2,4940,6600,6600,50,220,220
5,False,-6.333333333333333,6.333333333333333,0,3,4990,6600,6600,50,220,220
5,False,-6.333333333333333,6.333333333333333,0,3,5040,6600,6600,50,220,220
5,False,-6.333333333333333,6.333333333333333,0,4,5090,6600,6600,50,220,220
5,False,-6.333333333333333,6.333333333333333,0,4,5140,6600,6600,50,220,220
5,False,-6.666666666666667,6.666666666666667,0,4,5190,6600,6600,50,220,220
5,False,-6.666666666666667,6.666666666666667,0,5,5240,6600,6600,50,220,220
5,False,-6.333333333333333,6.333333333333333,0,4,5290,6600,6600,50,220,220
5,False,-6.666666666666667,6.666666666666667,0,5,5340,6600,6600,50,220,220
5,False,-6.666666666666667,6.666666666666667,0,5,5390,6600,6600,50,220,220
5,False,-7.666666666666667,7.666666666666667,0,6,5440,6600,6600,50,220,220
5,False,-6.666666666666667,6.666666666666667,0,6,5490,6600,6600,50,220,220
5,False,-6.666666666666667,6.666666666666667,0,6,5540,6600,6600,50,220,220
5,False,-6.666666666666667,6.666666666666667,0,6,5590,6600,6600,50,220,220
5,False,-6.666666666666667,6.666666666666667,0,7,5640,6600,6600,50,220,220
5,False,-6.666666666666667,6.666666666666667,0,8,5690,6600,6600,50,220,220
5,False,-6.666666666666667,6.666666666666667,0,8,5740,6600,6600,50,220,220
5,False,-6.666666666666667,6.666666666666667,0,8,5790,6600,6600,50,220,220
5,False,-6.666666666666667,6.666666666666667,0,8,5840,6600,6600,50,220,220
5,False,-6.666666666666667,6.666666666666667,0,9,5890,6600,6600,50,220,220
6,False,31.666666666666668,27.333333333333332,59,38,5333,6600,6600,50,220,220
6,False,32.0,27.0,59,37,5383,6600,6600,50,220,220
6,False,31.333333333333332,26.666666666666668,58,37,5433,6600,6600,50,220,220
6,False,30.0,26.0,56,37,5483,6600,6600,50,220,220
6,False,29.333333333333332,25.666666666666668,55,36,5533,6600,6600,50,220,220
6,False,29.333333333333332,25.666666666666668,55,36,5583,6600,6600,50,220,220
6,False,28.666666666666668,25.333333333333332,54,35,5633,6600,6600,50,220,220
6,False,27.333333333333332,24.666666666666668,52,35,5683,6600,6600,50,220,220
6,False,27.333333333333332,24.666666666666668,52,35,5733,6600,6600,50,220,220
6,False,28.666666666666668,25.333333333333332,54,35,5783,6600,6600,50,220,220
6,False,26.0,24.0,50,34,5833,6600,6600,50,220,220
6,False,25.333333333333332,23.666666666666668,49,33,5883,6600,6600,50,220,220
6,False,24.666666666666668,23.333333333333332,48,33,5933,6600,6600,50,220,220
6,False,24.0,23.0,47,33,5983,6600,6600,50,220,220
6,False,22.666666666666668,22.333333333333332,45,32,6033,6600,6600,50,220,220
6,False,22.0,22.0,44,32,6083,6600,6600,50,220,220
6,False,22.333333333333332,21.666666666666668,44,32,6133,6600,6600,50,220,220
6,False,21.0,21.0,42,31,6183,6600,6600,50,220,220
6,False,20.333333333333332,20.666666666666668,41,31,6233,6600,6600,50,220,220
6,False,19.666666666666668,20.333333333333332,40,31,6283,6600,6600,50,220,220
1,False,-6.0,6.0,0,4,4726,6600,6600,50,220,220
1,False,-6.0,6.0,0,5,4776,6600,6600,50,220,220
1,False,-6.0,6.0,0,5,4826,6600,6600,50,220,220
1,False,-6.0,6.0,0,5,4876,6600,6600,50,220,220
1,False,-6.0,6.0,0,6,4926,6600,6600,50,220,220
1,False,-6.0,6.0,0,6,4976,6600,6600,50,220,220
1,False,-6.0,6.0,0,7,5026,6600,6600,50,220,220
1,False,-6.0,6.0,0,7,5076,6600,6600,50,220,220
1,False,-6.333333333333333,6.333333333333333,0,8,5126,6600,6600,50,220,220
1,False,-6.0,6.0,0,8,5176,6600,6600,50,220,220
1,False,-6.0,6.0,0,8,5226,6600,6600,50,220,220
1,False,-6.0,6.0,0,9,5276,6600,6600,50,220,220
1,False,-6.333333333333333,6.333333333333333,0,9,5326,6600,6600,50,220,220
1,False,-6.0,6.0,0,9,5376,6600,6600,50,220,220
1,False,-6.0,6.0,0,10,5426,6600,6600,50,220,220
1,False,-6.0,6.0,0,11,5476,6600,6600,50,220,220
1,False,-6.0,6.0,0,11,5526,6600,6600,50,220,220
1,False,-6.0,6.0,0,11,5576,6600,6600,50,220,220
1,False,-6.0,6.0,0,12,5626,6600,6600,50,220,220
1,False,-6.0,6.0,0,12,5676,6600,6600,50,220,220
2,False,37.0,31.0,68,42,5119,6600,6600,50,220,220
2,False,36.0,31.0,67,41,5169,6600,6600,50,220,220
2,False,35.66666666666667,30.333333333333332,66,41,5219,6600,6600,50,220,220
2,False,35.0,30.0,65,41,5269,6600,6600,50,220,220
2,False,34.33333333333333,29.666666666666668,64,40,5319,6600,6600,50,220,220
2,False,33.66666666666667,29.333333333333332,63,40,5369,6600,6600,50,220,220
2,False,33.66666666666667,29.333333333333332,63,40,5419,6600,6600,50,220,220
2,False,31.333333333333332,29.666666666666668,61,40,5469,6600,6600,50,220,220
2,False,31.666666666666668,28.333333333333332,60,39,5519,6600,6600,50,220,220
2,False,31.0,28.0,59,38,5569,6600,6600,50,220,220
2,False,30.666666666666668,27.333333333333332,58,37,5619,6600,6600,50,220,220
2,False,30.0,27.0,57,37,5669,6600,6600,50,220,220
2,False,29.333333333333332,26.666666666666668,56,37,5719,6600,6600,50,220,220
2,False,28.0,26.0,54,37,5769,6600,6600,50,220,220
2,False,27.333333333333332,25.666666666666668,53,36,5819,6600,6600,50,220,220
2,False,26.666666666666668,25.333333333333332,52,35,5869,6600,6600,50,220,220
2,False,26.333333333333332,24.666666666666668,51,35,5919,6600,6600,50,220,220
2,False,25.666666666666668,24.333333333333332,50,34,5969,6600,6600,50,220,220
2,False,25.0,24.0,49,35,6019,6600,6600,50,220,220
2,False,23.666666666666668,23.333333333333332,47,34,6069,6600,6600,50,220,220
3,False,-5.666666666666667,5.666666666666667,0,8,5512,6600,6600,50,220,220
3,False,-5.666666666666667,5.666666666666667,0,8,5562,6600,6600,50,220,220
3,False,-5.666666666666667,5.666666666666667,0,9,5612,6600,6600,50,220,220
3,False,-5.666666666666667,5.666666666666667,0,9,5662,6600,6600,50,220,220
3,False,-5.666666666666667,5.666666666666667,0,9,5712,6600,6600,50,220,220
3,False,-5.666666666666667,5.666666666666667,0,10,5762,6600,6600,50,220,220
3,False,-5.666666666666667,5.666666666666667,0,11,5812,6600,6600,50,220,220
3,False,-5.666666666666667,5.666666666666667,0,11,5862,6600,6600,50,220,220
3,False,-5.666666666666667,5.666666666666667,0,11,5912,6600,6600,50,220,220
3,False,-5.666666666666667,5.666666666666667,0,11,5962,6600,6600,50,220,220
3,False,-5.666666666666667,5.666666666666667,0,11,6012,6600,6600,50,220,220
3,False,-5.666666666666667,5.666666666666667,0,12,6062,6600,6600,50,220,220
3,False,-5.666666666666667,5.666666666666667,0,12,6112,6600,6600,50,220,220
3,False,-5.666666666666667,5.666666666666667,0,13,6162,6600,6600,50,220,220
3,False,-5.666666666666667,5.666666666666667,0,13,6212,6600,6600,50,220,220
3,False,-6.0,6.0,0,13,6262,6600,6600,50,220,220
3,False,-6.0,6.0,0,13,6312,6600,6600,50,220,220
3,False,-6.0,6.0,0,14,6362,6600,6600,50,220,220
3,False,-6.0,6.0,0,14,6412,6600,6600,50,220,220
3,False,-6.0,6.0,0,15,6462,6600,6600,50,220,220
4,False,36.33333333333333,30.666666666666668,67,42,4906,6600,6600,50,220,220
4,False,34.0,30.0,64,41,4956,6600,6600,50,220,220
4,False,34.33333333333333,29.666666666666668,64,41,5006,6600,6600,50,220,220
4,False,33.66666666666667,29.333333333333332,63,40,5056,6600,6600,50,220,220
4,False,32.33333333333333,28.666666666666668,61,39,5106,6600,6600,50,220,220
4,False,30.0,29.0,59,40,5156,6600,6600,50,220,220
4,False,30.333333333333332,27.666666666666668,58,39,5206,6600,6600,50,220,220
4,False,29.666666666666668,27.333333333333332,57,38,5256,6600,6600,50,220,220
4,False,28.333333333333332,26.666666666666668,55,38,5306,6600,6600,50,220,220
4,False,27.0,26.0,53,37,5356,6600,6600,50,220,220
4,False,27.333333333333332,25.666666666666668,53,36,5406,6600,6600,50,220,220
4,False,26.666666666666668,25.333333333333332,52,36,5456,6600,6600,50,220,220
4,False,24.666666666666668,24.333333333333332,49,36,5506,6600,6600,50,220,220
4,False,24.666666666666668,24.333333333333332,49,35,5556,6600,6600,50,220,220
4,False,23.333333333333332,23.666666666666668,47,34,5606,6600,6600,50,220,220
4,False,22.666666666666668,23.333333333333332,46,33,5656,6600,6600,50,220,220
4,False,22.333333333333332,22.666666666666668,45,33,5706,6600,6600,50,220,220
4,False,21.0,22.0,43,33,5756,6600,6600,50,220,220
4,False,20.333333333333332,21.666666666666668,42,32,5806,6600,6600,50,220,220
4,False,19.0,21.0,40,32,5856,6600,6600,50,220,220
5,False,-6.333333333333333,6.333333333333333,0,3,5288,6600,6600,50,220,220
5,False,-6.333333333333333,6.333333333333333,0,3,5338,6600,6600,50,220,220
5,False,-6.666666666666667,6.666666666666667,0,3,5388,6600,6600,50,220,220
5,False,-6.333333333333333,6.333333333333333,0,3,5438,6600,6600,50,220,220
5,False,-7.333333333333333,7.333333333333333,0,4,5488,6600,6600,50,220,220
5,False,-6.333333333333333,6.333333333333333,0,4,5538,6600,6600,50,220,220
5,False,-6.666666666666667,6.666666666666667,0,5,5588,6600,6600,50,220,220
5,False,-6.333333333333333,6.333333333333333,0,4,5638,6600,6600,50,220,220
5,False,-6.333333333333333,6.333333333333333,0,5,5688,6600,6600,50,220,220
5,False,-6.666666666666667,6.666666666666667,0,5,5738,6600,6600,50,220,220
5,False,-6.666666666666667,6.666666666666667,0,5,5788,6600,6600,50,220,220
5,False,-6.666666666666667,6.666666666666667,0,6,5838,6600,6600,50,220,220
5,False,-6.666666666666667,6.666666666666667,0,6,5888,6600,6600,50,220,220
5,False,-6.666666666666667,6.666666666666667,0,6,5938,6600,6600,50,220,220
5,False,-6.666666666666667,6.666666666666667,0,6,5988,6600,6600,50,220,220
5,False,-6.666666666666667,6.666666666666667,0,6,6038,6600,6600,50,220,220
5,False,-6.333333333333333,6.333333333333333,0,7,6088,6600,6600,50,220,220
5,False,-6.666666666666667,6.666666666666667,0,7,6138,6600,6600,50,220,220
5,False,-6.666666666666667,6.666666666666667,0,8,6188,6600,6600,50,220,220
5,False,-6.666666666666667,6.666666666666667,0,8,6238,6600,6600,50,220,220
6,False,31.333333333333332,26.666666666666668,58,37,4682,6600,6600,50,220,220
6,False,30.0,26.0,56,37,4732,6600,6600,50,220,220
6,False,29.333333333333332,25.666666666666668,55,36,4782,6600,6600,50,220,220
6,False,31.333333333333332,26.666666666666668,58,36,4832,6600,6600,50,220,220
6,False,28.666666666666668,25.333333333333332,54,36,4882,6600,6600,50,220,220
6,False,28.0,25.0,53,35,4932,6600,6600,50,220,220
6,False,27.333333333333332,24.666666666666668,52,35,4982,6600,6600,50,220,220
6,False,26.666666666666668,24.333333333333332,51,35,5032,6600,6600,50,220,220
6,False,26.0,24.0,50,34,5082,6600,6600,50,220,220
6,False,25.333333333333332,23.666666666666668,49,34,5132,6600,6600,50,220,220
6,False,24.666666666666668,23.333333333333332,48,33,5182,6600,6600,50,220,220
6,False,24.0,23.0,47,33,5232,6600,6600,50,220,220
6,False,24.0,23.0,47,33,5282,6600,6600,50,220,220
6,False,23.0,22.0,45,32,5332,6600,6600,50,220,220
6,False,21.666666666666668,21.333333333333332,43,32,5382,6600,6600,50,220,220
6,False,21.333333333333332,21.666666666666668,43,32,5432,6600,6600,50,220,220
6,False,21.666666666666668,21.333333333333332,43,31,5482,6600,6600,50,220,220
6,False,20.333333333333332,20.666666666666668,41,31,5532,6600,6600,50,220,220
6,False,19.666666666666668,20.333333333333332,40,30,5582,6600,6600,50,220,220
6,False,19.0,20.0,39,30,5632,6600,6600,50,220,220
1,False,-5.666666666666667,5.666666666666667,0,0,5073,6500,6500,50,220,220
1,False,-6.0,6.0,0,0,5123,6500,6500,50,220,220
1,False,-5.666666666666667,5.666666666666667,0,0,5173,6500,6500,50,220,220
1,False,-6.0,6.0,0,0,5223,6500,6500,50,220,220
1,False,-5.666666666666667,5.666666666666667,0,1,5273,6500,6500,50,220,220
1,False,-6.0,6.0,0,1,5323,6500,6500,50,220,220
1,False,-6.0,6.0,0,2,5373,6500,6500,50,220,220
1,False,-6.0,6.0,0,2,5423,6500,6500,50,220,220
1,False,-6.0,6.0,0,2,5473,6500,6500,50,220,220
1,False,-6.0,6.0,0,3,5523,6500,6500,50,220,220
1,False,-6.0,6.0,0,3,5573,6500,6500,50,220,220
1,False,-6.0,6.0,0,3,5623,6500,6500,50,220,220
1,False,-6.0,6.0,0,3,5673,6500,6500,50,220,220
1,False,-6.0,6.0,0,4,5723,6500,6500,50,220,220
1,False,-6.0,6.0,0,4,5773,6500,6500,50,220,220
1,False,-6.0,6.0,0,5,5823,6500,6500,50,220,220
1,False,-6.0,6.0,0,5,5873,6500,6500,50,220,220
1,False,-6.0,6.0,0,6,5923,6500,6500,50,220,220
1,False,-6.0,6.0,0,7,5973,6500,6500,50,220,220
1,False,-6.0,6.0,0,7,6023,6500,6500,50,220,220
2,False,29.666666666666668,26.333333333333332,56,37,4566,6500,6500,50,220,220
2,False,27.333333333333332,27.666666666666668,55,37,4616,6500,6500,50,220,220
2,False,28.666666666666668,26.333333333333332,55,37,4666,6500,6500,50,220,220
2,False,28.333333333333332,25.666666666666668,54,37,4716,6500,6500,50,220,220
2,False,26.666666666666668,25.333333333333332,52,36,4766,6500,6500,50,220,220
2,False,27.0,25.0,52,36,4816,6500,6500,50,220,220
2,False,26.666666666666668,25.333333333333332,52,35,4866,6500,6500,50,220,220
2,False,25.666666666666668,24.333333333333332,50,35,4916,6500,6500,50,220,220
2,False,25.0,24.0,49,35,4966,6500,6500,50,220,220
2,False,25.0,24.0,49,34,5016,6500,6500,50,220,220
2,False,24.333333333333332,23.666666666666668,48,34,5066,6500,6500,50,220,220
2,False,23.666666666666668,23.333333333333332,47,34,5116,6500,6500,50,220,220
2,False,23.0,23.0,46,34,5166,6500,6500,50,220,220
2,False,22.333333333333332,22.666666666666668,45,33,5216,6500,6500,50,220,220
2,False,22.333333333333332,22.666666666666668,45,33,5266,6500,6500,50,220,220
2,False,21.666666666666668,22.333333333333332,44,33,5316,6500,6500,50,220,220
2,False,20.666666666666668,21.333333333333332,42,32,5366,6500,6500,50,220,220
2,False,20.666666666666668,21.333333333333332,42,32,5416,6500,6500,50,220,220
2,False,19.666666666666668,21.333333333333332,41,32,5466,6500,6500,50,220,220
2,False,19.333333333333332,20.666666666666668,40,31,5516,6500,6500,50,220,220
3,False,-5.333333333333333,5.333333333333333,0,1,5058,6500,6500,50,220,220
3,False,-5.666666666666667,5.666666666666667,0,1,5108,6500,6500,50,220,220
3,False,-5.666666666666667,5.666666666666667,0,1,5158,6500,6500,50,220,220
3,False,-5.666666666666667,5.666666666666667,0,2,5208,6500,6500,50,220,220
3,False,-5.333333333333333,5.333333333333333,0,2,5258,6500,6500,50,220,220
3,False,-5.666666666666667,5.666666666666667,0,3,5308,6500,6500,50,220,220
3,False,-5.333333333333333,5.333333333333333,0,4,5358,6500,6500,50,220,220
3,False,-5.666666666666667,5.666666666666667,0,4,5408,6500,6500,50,220,220
3,False,-5.666666666666667,5.666666666666667,0,4,5458,6500,6500,50,220,220
3,False,-5.666666666666667,5.666666666666667,0,4,5508,6500,6500,50,220,220
3,False,-5.666666666666667,5.666666666666667,0,5,5558,6500,6500,50,220,220
3,False,-5.666666666666667,5.666666666666667,0,5,5608,6500,6500,50,220,220
3,False,-5.666666666666667,5.666666666666667,0,6,5658,6500,6500,50,220,220
3,False,-5.666666666666667,5.666666666666667,0,6,5708,6500,6500,50,220,220
3,False,-5.666666666666667,5.666666666666667,0,7,5758,6500,6500,50,220,220
3,False,-5.666666666666667,5.666666666666667,0,7,5808,6500,6500,50,220,220
3,False,-5.666666666666667,5.666666666666667,0,8,5858,6500,6500,50,220,220
3,False,-5.666666666666667,5.666666666666667,0,8,5908,6500,6500,50,220,220
3,False,-5.666666666666667,5.666666666666667,0,8,5958,6500,6500,50,220,220
3,False,-5.666666666666667,5.666666666666667,0,9,6008,6500,6500,50,220,220
4,False,19.0,21.0,40,32,5540,6500,6500,50,220,220
4,False,19.0,21.0,40,32,5590,6500,6500,50,220,220
4,False,18.333333333333332,20.666666666666668,39,31,5640,6500,6500,50,220,220
4,False,17.0,20.0,37,31,5690,6500,6500,50,220,220
4,False,16.333333333333332,19.666666666666668,36,30,5740,6500,6500,50,220,220
4,False,16.333333333333332,19.666666666666668,36,30,5790,6500,6500,50,220,220
4,False,15.666666666666668,19.333333333333332,35,30,5840,6500,6500,50,220,220
4,False,14.333333333333332,18.666666666666668,33,30,5890,6500,6500,50,220,220
4,False,14.333333333333332,18.666666666666668,33,29,5940,6500,6500,50,220,220
4,False,14.0,18.0,32,29,5990,6500,6500,50,220,220
4,False,13.333333333333332,17.666666666666668,31,28,6040,6500,6500,50,220,220
4,False,12.0,17.0,29,28,6090,6500,6500,50,220,220
4,False,12.0,17.0,29,27,6140,6500,6500,50,220,220
4,False,11.333333333333332,16.666666666666668,28,27,6190,6500,6500,50,220,220
4,False,10.0,16.0,26,27,6240,6500,6500,50,220,220
4,False,9.333333333333334,15.666666666666666,25,26,6290,6500,6500,50,220,220
4,False,8.666666666666666,15.333333333333334,24,26,6340,6500,6500,50,220,220
4,False,8.0,15.0,23,25,6390,6500,6500,50,220,220
4,False,7.333333333333334,14.666666666666666,22,25,6440,6500,6500,50,220,220
4,False,5.666666666666666,15.333333333333334,21,25,6490,6500,6500,50,220,220
5,False,-6.333333333333333,6.333333333333333,0,0,5034,6500,6500,50,220,220
5,False,-6.333333333333333,6.333333333333333,0,0,5084,6500,6500,50,220,220
5,False,-6.333333333333333,6.333333333333333,0,0,5134,6500,6500,50,220,220
5,False,-6.333333333333333,6.333333333333333,0,0,5184,6500,6500,50,220,220
5,False,-6.333333333333333,6.333333333333333,0,0,5234,6500,6500,50,220,220
5,False,-6.333333333333333,6.333333333333333,0,0,5284,6500,6500,50,220,220
5,False,-6.666666666666667,6.666666666666667,0,0,5334,6500,6500,50,220,220
5,False,-6.333333333333333,6.333333333333333,0,1,5384,6500,6500,50,220,220
5,False,-6.666666666666667,6.666666666666667,0,1,5434,6500,6500,50,220,220
5,False,-6.666666666666667,6.666666666666667,0,1,5484,6500,6500,50,220,220
5,False,-6.666666666666667,6.666666666666667,0,2,5534,6500,6500,50,220,220
5,False,-6.666666666666667,6.666666666666667,0,2,5584,6500,6500,50,220,220
5,False,-6.666666666666667,6.666666666666667,0,3,5634,6500,6500,50,220,220
5,False,-6.666666666666667,6.666666666666667,0,2,5684,6500,6500,50,220,220
5,False,-6.666666666666667,6.666666666666667,0,4,5734,6500,6500,50,220,220
5,False,-6.333333333333333,6.333333333333333,0,4,5784,6500,6500,50,220,220
5,False,-6.666666666666667,6.666666666666667,0,5,5834,6500,6500,50,220,220
5,False,-6.666666666666667,6.666666666666667,0,5,5884,6500,6500,50,220,220
5,False,-7.666666666666667,7.666666666666667,0,6,5934,6500,6500,50,220,220
5,False,-6.666666666666667,6.666666666666667,0,6,5984,6500,6500,50,220,220
6,False,21.666666666666668,21.333333333333332,43,32,5527,6500,6500,50,220,220
6,False,21.666666666666668,21.333333333333332,43,31,5577,6500,6500,50,220,220
6,False,21.0,21.0,42,31,5627,6500,6500,50,220,220
6,False,20.333333333333332,20.666666666666668,41,30,5677,6500,6500,50,220,220
6,False,19.666666666666668,20.333333333333332,40,30,5727,6500,6500,50,220,220
6,False,19.666666666666668,20.333333333333332,40,30,5777,6500,6500,50,220,220
6,False,18.333333333333332,19.666666666666668,38,30,5827,6500,6500,50,220,220
6,False,17.666666666666668,19.333333333333332,37,30,5877,6500,6500,50,220,220
6,False,17.666666666666668,19.333333333333332,37,29,5927,6500,6500,50,220,220
6,False,17.333333333333332,18.666666666666668,36,29,5977,6500,6500,50,220,220
6,False,16.666666666666668,18.333333333333332,35,28,6027,6500,6500,50,220,220
6,False,15.666666666666668,18.333333333333332,34,28,6077,6500,6500,50,220,220
6,False,15.0,18.0,33,28,6127,6500,6500,50,220,220
6,False,14.666666666666668,17.333333333333332,32,27,6177,6500,6500,50,220,220
6,False,14.0,17.0,31,27,6227,6500,6500,50,220,220
6,False,13.0,17.0,30,26,6277,6500,6500,50,220,220
6,False,13.333333333333332,16.666666666666668,30,27,6327,6500,6500,50,220,220
6,False,14.666666666666668,17.333333333333332,32,27,6377,6500,6500,50,220,220
6,False,12.0,16.0,28,26,6427,6500,6500,50,220,220
6,False,11.333333333333334,15.666666666666666,27,25,6477,6500,6500,50,220,220
1,False,-6.0,6.0,0,4,5016,6500,6500,50,220,220
1,False,-6.0,6.0,0,4,5066,6500,6500,50,220,220
1,False,-6.0,6.0,0,5,5116,6500,6500,50,220,220
1,False,-6.0,6.0,0,5,5166,6500,6500,50,220,220
1,False,-6.0,6.0,0,5,5216,6500,6500,50,220,220
1,False,-6.0,6.0,0,6,5266,6500,6500,50,220,220
1,False,-6.0,6.0,0,6,5316,6500,6500,50,220,220
1,False,-6.0,6.0,0,7,5366,6500,6500,50,220,220
1,False,-6.0,6.0,0,7,5416,6500,6500,50,220,220
1,False,-6.0,6.0,0,7,5466,6500,6500,50,220,220
1,False,-6.0,6.0,0,7,5516,6500,6500,50,220,220
1,False,-6.0,6.0,0,8,5566,6500,6500,50,220,220
1,False,-6.0,6.0,0,9,5616,6500,6500,50,220,220
1,False,-6.0,6.0,0,9,5666,6500,6500,50,220,220
1,False,-6.0,6.0,0,9,5716,6500,6500,50,220,220
1,False,-6.333333333333333,6.333333333333333,0,10,5766,6500,6500,50,220,220
1,False,-6.666666666666667,6.666666666666667,0,11,5816,6500,6500,50,220,220
1,False,-6.0,6.0,0,11,5866,6500,6500,50,220,220
1,False,-6.0,6.0,0,11,5916,6500,6500,50,220,220
1,False,-6.0,6.0,0,11,5966,6500,6500,50,220,220
2,False,31.0,28.0,59,38,5510,6500,6500,50,220,220
2,False,30.333333333333332,27.666666666666668,58,38,5560,6500,6500,50,220,220
2,False,30.666666666666668,27.333333333333332,58,38,5610,6500,6500,50,220,220
2,False,30.0,27.0,57,38,5660,6500,6500,50,220,220
2,False,29.0,27.0,56,37,5710,6500,6500,50,220,220
2,False,28.666666666666668,26.333333333333332,55,37,5760,6500,6500,50,220,220
2,False,28.666666666666668,26.333333333333332,55,36,5810,6500,6500,50,220,220
2,False,27.0,26.0,53,36,5860,6500,6500,50,220,220
2,False,27.0,25.0,52,36,5910,6500,6500,50,220,220
2,False,27.0,25.0,52,36,5960,6500,6500,50,220,220
2,False,26.333333333333332,24.666666666666668,51,35,6010,6500,6500,50,220,220
2,False,25.666666666666668,24.333333333333332,50,35,6060,6500,6500,50,220,220
2,False,25.0,24.0,49,35,6110,6500,6500,50,220,220
2,False,24.333333333333332,23.666666666666668,48,35,6160,6500,6500,50,220,220
2,False,23.666666666666668,23.333333333333332,47,34,6210,6500,6500,50,220,220
2,False,22.0,24.0,46,34,6260,6500,6500,50,220,220
2,False,22.333333333333332,22.666666666666668,45,34,6310,6500,6500,50,220,220
2,False,22.666666666666668,22.333333333333332,45,33,6360,6500,6500,50,220,220
2,False,21.0,22.0,43,33,6410,6500,6500,50,220,220
2,False,20.333333333333332,21.666666666666668,42,32,6460,6500,6500,50,220,220
3,False,-5.666666666666667,5.666666666666667,0,6,5003,6500,6500,50,220,220
3,False,-5.666666666666667,5.666666666666667,0,7,5053,6500,6500,50,220,220
3,False,-5.666666666666667,5.666666666666667,0,7,5103,6500,6500,50,220,220
3,False,-5.666666666666667,5.666666666666667,0,8,5153,6500,6500,50,220,220
3,False,-5.666666666666667,5.666666666666667,0,8,5203,6500,6500,50,220,220
3,False,-5.666666666666667,5.666666666666667,0,8,5253,6500,6500,50,220,220
3,False,-5.666666666666667,5.666666666666667,0,9,5303,6500,6500,50,220,220
3,False,-5.666666666666667,5.666666666666667,0,9,5353,6500,6500,50,220,220
3,False,-5.666666666666667,5.666666666666667,0,10,5403,6500,6500,50,220,220
3,False,-5.666666666666667,5.666666666666667,0,10,5453,6500,6500,50,220,220
3,False,-5.666666666666667,5.666666666666667,0,11,5503,6500,6500,50,220,220
3,False,-5.666666666666667,5.666666666666667,0,11,5553,6500,6500,50,220,220
3,False,-5.666666666666667,5.666666666666667,0,11,5603,6500,6500,50,220,220
3,False,-6.0,6.0,0,12,5653,6500,6500,50,220,220
3,False,-6.0,6.0,0,13,5703,6500,6500,50,220,220
3,False,-5.666666666666667,5.666666666666667,0,13,5753,6500,6500,50,220,220
3,False,-5.666666666666667,5.666666666666667,0,13,5803,6500,6500,50,220,220
3,False,-5.666666666666667,5.666666666666667,0,13,5853,6500,6500,50,220,220
3,False,-6.0,6.0,0,13,5903,6500,6500,50,220,220
3,False,-5.666666666666667,5.666666666666667,0,14,5953,6500,6500,50,220,220
4,False,24.0,24.0,48,35,5487,6500,6500,50,220,220
4,False,23.333333333333332,23.666666666666668,47,35,5537,6500,6500,50,220,220
4,False,23.333333333333332,23.666666666666668,47,34,5587,6500,6500,50,220,220
4,False,22.0,23.0,45,34,5637,6500,6500,50,220,220
4,False,20.666666666666668,22.333333333333332,43,33,5687,6500,6500,50,220,220
4,False,20.0,22.0,42,32,5737,6500,6500,50,220,220
4,False,19.666666666666668,21.333333333333332,41,32,5787,6500,6500,50,220,220
4,False,18.333333333333332,20.666666666666668,39,32,5837,6500,6500,50,220,220
4,False,17.666666666666668,20.333333333333332,38,31,5887,6500,6500,50,220,220
4,False,17.0,20.0,37,31,5937,6500,6500,50,220,220
4,False,15.666666666666668,19.333333333333332,35,30,5987,6500,6500,50,220,220
4,False,15.0,19.0,34,30,6037,6500,6500,50,220,220
4,False,14.333333333333332,18.666666666666668,33,29,6087,6500,6500,50,220,220
4,False,12.666666666666668,19.333333333333332,32,29,6137,6500,6500,50,220,220
4,False,12.333333333333332,17.666666666666668,30,28,6187,6500,6500,50,220,220
4,False,12.0,17.0,29,27,6237,6500,6500,50,220,220
4,False,10.666666666666668,16.333333333333332,27,27,6287,6500,6500,50,220,220
4,False,10.0,16.0,26,27,6337,6500,6500,50,220,220
4,False,9.333333333333334,15.666666666666666,25,26,6387,6500,6500,50,220,220
4,False,8.333333333333334,14.666666666666666,23,26,6437,6500,6500,50,220,220
5,False,-6.0,6.0,0,2,4980,6500,6500,50,220,220
5,False,-6.333333333333333,6.333333333333333,0,2,5030,6500,6500,50,220,220
5,False,-6.333333333333333,6.333333333333333,0,2,5080,6500,6500,50,220,220
5,False,-6.333333333333333,6.333333333333333,0,2,5130,6500,6500,50,220,220
5,False,-6.333333333333333,6.333333333333333,0,2,5180,6500,6500,50,220,220
5,False,-6.333333333333333,6.333333333333333,0,3,5230,6500,6500,50,220,220
5,False,-6.333333333333333,6.333333333333333,0,3,5280,6500,6500,50,220,220
5,False,-6.333333333333333,6.333333333333333,0,3,5330,6500,6500,50,220,220
5,False,-6.333333333333333,6.333333333333333,0,4,5380,6500,6500,50,220,220
5,False,-6.666666666666667,6.666666666666667,0,3,5430,6500,6500,50,220,220
5,False,-6.333333333333333,6.333333333333333,0,4,5480,6500,6500,50,220,220
5,False,-6.333333333333333,6.333333333333333,0,4,5530,6500,6500,50,220,220
5,False,-7.333333333333333,7.333333333333333,0,5,5580,6500,6500,50,220,220
5,False,-6.666666666666667,6.666666666666667,0,5,5630,6500,6500,50,220,220
5,False,-6.666666666666667,6.666666666666667,0,5,5680,6500,6500,50,220,220
5,False,-6.666666666666667,6.666666666666667,0,5,5730,6500,6500,50,220,220
5,False,-6.666666666666667,6.666666666666667,0,6,5780,6500,6500,50,220,220
5,False,-6.333333333333333,6.333333333333333,0,6,5830,6500,6500,50,220,220
5,False,-6.666666666666667,6.666666666666667,0,6,5880,6500,6500,50,220,220
5,False,-6.666666666666667,6.666666666666667,0,7,5930,6500,6500,50,220,220
6,False,26.666666666666668,24.333333333333332,51,34,5472,6500,6500,50,220,220
6,False,25.333333333333332,23.666666666666668,49,34,5522,6500,6500,50,220,220
6,False,24.666666666666668,23.333333333333332,48,33,5572,6500,6500,50,220,220
6,False,24.0,23.0,47,33,5622,6500,6500,50,220,220
6,False,22.666666666666668,22.333333333333332,45,32,5672,6500,6500,50,220,220
6,False,22.333333333333332,21.666666666666668,44,32,5722,6500,6500,50,220,220
6,False,21.666666666666668,21.333333333333332,43,31,5772,6500,6500,50,220,220
6,False,21.0,21.0,42,31,5822,6500,6500,50,220,220
6,False,19.666666666666668,20.333333333333332,40,30,5872,6500,6500,50,220,220
6,False,19.0,20.0,39,30,5922,6500,6500,50,220,220
6,False,18.333333333333332,19.666666666666668,38,29,5972,6500,6500,50,220,220
6,False,19.666666666666668,20.333333333333332,40,30,6022,6500,6500,50,220,220
6,False,16.333333333333332,18.666666666666668,35,29,6072,6500,6500,50,220,220
6,False,16.0,18.0,34,28,6122,6500,6500,50,220,220
6,False,15.333333333333332,17.666666666666668,33,27,6172,6500,6500,50,220,220
6,False,14.666666666666668,17.333333333333332,32,27,6222,6500,6500,50,220,220
6,False,13.333333333333332,16.666666666666668,30,27,6272,6500,6500,50,220,220
6,False,12.666666666666668,16.333333333333332,29,26,6322,6500,6500,50,220,220
6,False,12.0,16.0,28,26,6372,6500,6500,50,220,220
6,False,11.666666666666666,15.333333333333334,27,25,6422,6500,6500,50,220,220
1,False,-6.0,6.0,0,3,4965,6500,6500,50,220,220
1,False,-6.0,6.0,0,3,5015,6500,6500,50,220,220
1,False,-5.666666666666667,5.666666666666667,0,4,5065,6500,6500,50,220,220
1,False,-5.666666666666667,5.666666666666667,0,4,5115,6500,6500,50,220,220
1,False,-6.0,6.0,0,4,5165,6500,6500,50,220,220
1,False,-6.0,6.0,0,4,5215,6500,6500,50,220,220
1,False,-6.0,6.0,0,4,5265,6500,6500,50,220,220
1,False,-6.0,6.0,0,5,5315,6500,6500,50,220,220
1,False,-6.0,6.0,0,5,5365,6500,6500,50,220,220
1,False,-6.0,6.0,0,6,5415,6500,6500,50,220,220
1,False,-6.333333333333333,6.333333333333333,0,6,5465,6500,6500,50,220,220
1,False,-6.0,6.0,0,6,5515,6500,6500,50,220,220
1,False,-6.0,6.0,0,7,5565,6500,6500,50,220,220
1,False,-6.0,6.0,0,6,5615,6500,6500,50,220,220
1,False,-6.0,6.0,0,7,5665,6500,6500,50,220,220
1,False,-6.0,6.0,0,8,5715,6500,6500,50,220,220
1,False,-6.0,6.0,0,7,5765,6500,6500,50,220,220
1,False,-6.0,6.0,0,8,5815,6500,6500,50,220,220
1,False,-6.0,6.0,0,8,5865,6500,6500,50,220,220
1,False,-6.0,6.0,0,9,5915,6500,6500,50,220,220
2,False,23.666666666666668,23.333333333333332,47,34,5458,6500,6500,50,220,220
2,False,23.333333333333332,22.666666666666668,46,34,5508,6500,6500,50,220,220
2,False,22.333333333333332,22.666666666666668,45,33,5558,6500,6500,50,220,220
2,False,22.333333333333332,22.666666666666668,45,33,5608,6500,6500,50,220,220
2,False,21.666666666666668,22.333333333333332,44,32,5658,6500,6500,50,220,220
2,False,20.666666666666668,21.333333333333332,42,32,5708,6500,6500,50,220,220
2,False,20.0,21.0,41,32,5758,6500,6500,50,220,220
2,False,20.0,21.0,41,32,5808,6500,6500,50,220,220
2,False,19.333333333333332,20.666666666666668,40,31,5858,6500,6500,50,220,220
2,False,17.666666666666668,21.333333333333332,39,31,5908,6500,6500,50,220,220
2,False,17.333333333333332,19.666666666666668,37,30,5958,6500,6500,50,220,220
2,False,17.333333333333332,19.666666666666668,37,30,6008,6500,6500,50,220,220
2,False,16.666666666666668,19.333333333333332,36,30,6058,6500,6500,50,220,220
2,False,15.333333333333332,18.666666666666668,34,29,6108,6500,6500,50,220,220
2,False,15.333333333333332,18.666666666666668,34,29,6158,6500,6500,50,220,220
2,False,14.666666666666668,18.333333333333332,33,29,6208,6500,6500,50,220,220
2,False,14.0,18.0,32,28,6258,6500,6500,50,220,220
2,False,13.0,17.0,30,28,6308,6500,6500,50,220,220
2,False,13.0,17.0,30,27,6358,6500,6500,50,220,220
2,False,12.0,17.0,29,27,6408,6500,6500,50,220,220
3,False,-5.333333333333333,5.333333333333333,0,0,4937,6500,6500,50,220,220
3,False,-5.333333333333333,5.333333333333333,0,0,4987,6500,6500,50,220,220
3,False,-5.333333333333333,5.333333333333333,0,0,5037,6500,6500,50,220,220
3,False,-5.333333333333333,5.333333333333333,0,1,5087,6500,6500,50,220,220
3,False,-5.333333333333333,5.333333333333333,0,1,5137,6500,6500,50,220,220
3,False,-5.333333333333333,5.333333333333333,0,2,5187,6500,6500,50,220,220
3,False,-5.666666666666667,5.666666666666667,0,2,5237,6500,6500,50,220,220
3,False,-5.333333333333333,5.333333333333333,0,2,5287,6500,6500,50,220,220
3,False,-5.333333333333333,5.333333333333333,0,3,5337,6500,6500,50,220,220
3,False,-5.666666666666667,5.666666666666667,0,3,5387,6500,6500,50,220,220
3,False,-5.666666666666667,5.666666666666667,0,3,5437,6500,6500,50,220,220
3,False,-5.666666666666667,5.666666666666667,0,4,5487,6500,6500,50,220,220
3,False,-5.333333333333333,5.333333333333333,0,4,5537,6500,6500,50,220,220
3,False,-5.666666666666667,5.666666666666667,0,4,5587,6500,6500,50,220,220
3,False,-5.666666666666667,5.666666666666667,0,5,5637,6500,6500,50,220,220
3,False,-5.333333333333333,5.333333333333333,0,5,5687,6500,6500,50,220,220
3,False,-5.666666666666667,5.666666666666667,0,6,5737,6500,6500,50,220,220
3,False,-5.666666666666667,5.666666666666667,0,6,5787,6500,6500,50,220,220
3,False,-5.666666666666667,5.666666666666667,0,6,5837,6500,6500,50,220,220
3,False,-5.666666666666667,5.666666666666667,0,6,5887,6500,6500,50,220,220
4,False,15.333333333333332,18.666666666666668,34,30,5431,6500,6500,50,220,220
4,False,14.0,18.0,32,29,5481,6500,6500,50,220,220
4,False,13.333333333333332,17.666666666666668,31,28,5531,6500,6500,50,220,220
4,False,12.333333333333332,17.666666666666668,30,28,5581,6500,6500,50,220,220
4,False,12.0,17.0,29,28,5631,6500,6500,50,220,220
4,False,11.333333333333332,16.666666666666668,28,27,5681,6500,6500,50,220,220
4,False,10.0,16.0,26,27,5731,6500,6500,50,220,220
4,False,9.0,17.0,26,27,5781,6500,6500,50,220,220
4,False,9.333333333333334,15.666666666666666,25,26,5831,6500,6500,50,220,220
4,False,8.0,15.0,23,25,5881,6500,6500,50,220,220
4,False,7.666666666666666,14.333333333333334,22,25,5931,6500,6500,50,220,220
4,False,6.666666666666666,14.333333333333334,21,25,5981,6500,6500,50,220,220
4,False,6.333333333333334,13.666666666666666,20,25,6031,6500,6500,50,220,220
4,False,5.666666666666666,13.333333333333334,19,24,6081,6500,6500,50,220,220
4,False,4.0,13.0,17,23,6131,6500,6500,50,220,220
4,False,4.333333333333334,12.666666666666666,17,23,6181,6500,6500,50,220,220
4,False,3.666666666666666,12.333333333333334,16,22,6231,6500,6500,50,220,220
4,False,3.0,12.0,15,22,6281,6500,6500,50,220,220
4,False,1.666666666666666,11.333333333333334,13,22,6331,6500,6500,50,220,220
4,False,1.0,11.0,12,22,6381,6500,6500,50,220,220
5,False,-6.0,6.0,0,0,4924,6500,6500,50,220,220
5,False,-6.333333333333333,6.333333333333333,0,0,4974,6500,6500,50,220,220
5,False,-6.333333333333333,6.333333333333333,0,0,5024,6500,6500,50,220,220
5,False,-6.0,6.0,0,0,5074,6500,6500,50,220,220
5,False,-6.333333333333333,6.333333333333333,0,0,5124,6500,6500,50,220,220
5,False,-6.333333333333333,6.333333333333333,0,0,5174,6500,6500,50,220,220
5,False,-7.333333333333333,7.333333333333333,0,0,5224,6500,6500,50,220,220
5,False,-6.333333333333333,6.333333333333333,0,0,5274,6500,6500,50,220,220
5,False,-6.333333333333333,6.333333333333333,0,0,5324,6500,6500,50,220,220
5,False,-6.333333333333333,6.333333333333333,0,0,5374,6500,6500,50,220,220
5,False,-6.333333333333333,6.333333333333333,0,0,5424,6500,6500,50,220,220
5,False,-6.333333333333333,6.333333333333333,0,0,5474,6500,6500,50,220,220
5,False,-6.333333333333333,6.333333333333333,0,1,5524,6500,6500,50,220,220
5,False,-6.666666666666667,6.666666666666667,0,2,5574,6500,6500,50,220,220
5,False,-6.666666666666667,6.666666666666667,0,2,5624,6500,6500,50,220,220
5,False,-6.666666666666667,6.666666666666667,0,3,5674,6500,6500,50,220,220
5,False,-6.333333333333333,6.333333333333333,0,3,5724,6500,6500,50,220,220
5,False,-6.666666666666667,6.666666666666667,0,3,5774,6500,6500,50,220,220
5,False,-6.666666666666667,6.666666666666667,0,4,5824,6500,6500,50,220,220
5,False,-6.666666666666667,6.666666666666667,0,4,5874,6500,6500,50,220,220
6,False,21.666666666666668,21.333333333333332,43,32,5417,6500,6500,50,220,220
6,False,21.666666666666668,21.333333333333332,43,32,5467,6500,6500,50,220,220
6,False,21.0,21.0,42,31,5517,6500,6500,50,220,220
6,False,20.333333333333332,20.666666666666668,41,31,5567,6500,6500,50,220,220
6,False,19.666666666666668,20.333333333333332,40,30,5617,6500,6500,50,220,220
6,False,20.666666666666668,21.333333333333332,42,30,5667,6500,6500,50,220,220
6,False,18.333333333333332,19.666666666666668,38,30,5717,6500,6500,50,220,220
6,False,18.333333333333332,19.666666666666668,38,29,5767,6500,6500,50,220,220
6,False,17.0,19.0,36,29,5817,6500,6500,50,220,220
6,False,17.0,19.0,36,29,5867,6500,6500,50,220,220
6,False,16.333333333333332,18.666666666666668,35,28,5917,6500,6500,50,220,220
6,False,15.666666666666668,18.333333333333332,34,28,5967,6500,6500,50,220,220
6,False,15.0,18.0,33,28,6017,6500,6500,50,220,220
6,False,14.333333333333332,17.666666666666668,32,28,6067,6500,6500,50,220,220
6,False,14.333333333333332,17.666666666666668,32,27,6117,6500,6500,50,220,220
6,False,13.333333333333332,16.666666666666668,30,27,6167,6500,6500,50,220,220
6,False,12.666666666666668,16.333333333333332,29,26,6217,6500,6500,50,220,220
6,False,12.0,16.0,28,26,6267,6500,6500,50,220,220
6,False,11.333333333333334,15.666666666666666,27,26,6317,6500,6500,50,220,220
6,False,10.666666666666666,15.333333333333334,26,26,6367,6500,6500,50,220,220
1,False,-6.0,6.0,0,0,4910,6500,6500,50,220,220
1,False,-5.666666666666667,5.666666666666667,0,0,4960,6500,6500,50,220,220
1,False,-5.666666666666667,5.666666666666667,0,0,5010,6500,6500,50,220,220
1,False,-5.666666666666667,5.666666666666667,0,0,5060,6500,6500,50,220,220
1,False,-6.0,6.0,0,0,5110,6500,6500,50,220,220
1,False,-6.0,6.0,0,1,5160,6500,6500,50,220,220
1,False,-6.0,6.0,0,1,5210,6500,6500,50,220,220
1,False,-6.0,6.0,0,1,5260,6500,6500,50,220,220
1,False,-6.0,6.0,0,2,5310,6500,6500,50,220,220
1,False,-6.0,6.0,0,3,5360,6500,6500,50,220,220
1,False,-6.0,6.0,0,3,5410,6500,6500,50,220,220
1,False,-6.0,6.0,0,4,5460,6500,6500,50,220,220
1,False,-6.0,6.0,0,4,5510,6500,6500,50,220,220
1,False,-6.0,6.0,0,4,5560,6500,6500,50,220,220
1,False,-6.0,6.0,0,5,5610,6500,6500,50,220,220
1,False,-6.0,6.0,0,5,5660,6500,6500,50,220,220
1,False,-6.0,6.0,0,6,5710,6500,6500,50,220,220
1,False,-6.0,6.0,0,7,5760,6500,6500,50,220,220
1,False,-6.0,6.0,0,7,5810,6500,6500,50,220,220
1,False,-6.333333333333333,6.333333333333333,0,7,5860,6500,6500,50,220,220
2,False,27.333333333333332,25.666666666666668,53,36,5403,6500,6500,50,220,220
2,False,27.0,25.0,52,36,5453,6500,6500,50,220,220
2,False,26.333333333333332,24.666666666666668,51,35,5503,6500,6500,50,220,220
2,False,24.666666666666668,25.333333333333332,50,36,5553,6500,6500,50,220,220
2,False,25.666666666666668,24.333333333333332,50,35,5603,6500,6500,50,220,220
2,False,25.666666666666668,24.333333333333332,50,35,5653,6500,6500,50,220,220
2,False,24.333333333333332,23.666666666666668,48,34,5703,6500,6500,50,220,220
2,False,24.333333333333332,23.666666666666668,48,34,5753,6500,6500,50,220,220
2,False,24.333333333333332,23.666666666666668,48,34,5803,6500,6500,50,220,220
2,False,23.666666666666668,23.333333333333332,47,34,5853,6500,6500,50,220,220
2,False,23.0,23.0,46,33,5903,6500,6500,50,220,220
2,False,22.333333333333332,22.666666666666668,45,34,5953,6500,6500,50,220,220
2,False,22.0,23.0,45,33,6003,6500,6500,50,220,220
2,False,22.0,22.0,44,32,6053,6500,6500,50,220,220
2,False,21.0,22.0,43,33,6103,6500,6500,50,220,220
2,False,21.0,22.0,43,32,6153,6500,6500,50,220,220
2,False,20.666666666666668,21.333333333333332,42,32,6203,6500,6500,50,220,220
2,False,20.0,21.0,41,31,6253,6500,6500,50,220,220
2,False,19.333333333333332,20.666666666666668,40,32,6303,6500,6500,50,220,220
2,False,19.0,20.0,39,31,6353,6500,6500,50,220,220
3,False,-5.666666666666667,5.666666666666667,0,4,4886,6500,6500,50,220,220
3,False,-5.666666666666667,5.666666666666667,0,5,4936,6500,6500,50,220,220
3,False,-5.666666666666667,5.666666666666667,0,6,4986,6500,6500,50,220,220
3,False,-5.666666666666667,5.666666666666667,0,6,5036,6500,6500,50,220,220
3,False,-5.333333333333333,5.333333333333333,0,6,5086,6500,6500,50,220,220
3,False,-5.666666666666667,5.666666666666667,0,6,5136,6500,6500,50,220,220
3,False,-5.333333333333333,5.333333333333333,0,7,5186,6500,6500,50,220,220
3,False,-5.666666666666667,5.666666666666667,0,7,5236,6500,6500,50,220,220
3,False,-5.666666666666667,5.666666666666667,0,8,5286,6500,6500,50,220,220
3,False,-5.666666666666667,5.666666666666667,0,8,5336,6500,6500,50,220,220
3,False,-5.666666666666667,5.666666666666667,0,9,5386,6500,6500,50,220,220
3,False,-5.666666666666667,5.666666666666667,0,9,5436,6500,6500,50,220,220
3,False,-5.666666666666667,5.666666666666667,0,9,5486,6500,6500,50,220,220
3,False,-5.666666666666667,5.666666666666667,0,9,5536,6500,6500,50,220,220
3,False,-5.666666666666667,5.666666666666667,0,10,5586,6500,6500,50,220,220
3,False,-6.0,6.0,0,10,5636,6500,6500,50,220,220
3,False,-5.666666666666667,5.666666666666667,0,11,5686,6500,6500,50,220,220
3,False,-6.0,6.0,0,11,5736,6500,6500,50,220,220
3,False,-5.666666666666667,5.666666666666667,0,12,5786,6500,6500,50,220,220
3,False,-5.666666666666667,5.666666666666667,0,12,5836,6500,6500,50,220,220
4,False,29.333333333333332,27.666666666666668,57,38,5379,6500,6500,50,220,220
4,False,27.666666666666668,27.333333333333332,55,38,5429,6500,6500,50,220,220
4,False,28.0,26.0,54,37,5479,6500,6500,50,220,220
4,False,27.333333333333332,25.666666666666668,53,37,5529,6500,6500,50,220,220
4,False,26.666666666666668,25.333333333333332,52,36,5579,6500,6500,50,220,220
4,False,26.0,25.0,51,36,5629,6500,6500,50,220,220
4,False,25.333333333333332,24.666666666666668,50,36,5679,6500,6500,50,220,220
4,False,24.666666666666668,24.333333333333332,49,35,5729,6500,6500,50,220,220
4,False,24.0,24.0,48,35,5779,6500,6500,50,220,220
4,False,23.333333333333332,23.666666666666668,47,34,5829,6500,6500,50,220,220
4,False,22.666666666666668,23.333333333333332,46,34,5879,6500,6500,50,220,220
4,False,22.0,23.0,45,33,5929,6500,6500,50,220,220
4,False,20.666666666666668,22.333333333333332,43,33,5979,6500,6500,50,220,220
4,False,20.0,22.0,42,33,6029,6500,6500,50,220,220
4,False,19.666666666666668,21.333333333333332,41,32,6079,6500,6500,50,220,220
4,False,19.0,21.0,40,32,6129,6500,6500,50,220,220
4,False,18.333333333333332,20.666666666666668,39,31,6179,6500,6500,50,220,220
4,False,17.0,20.0,37,31,6229,6500,6500,50,220,220
4,False,16.333333333333332,19.666666666666668,36,30,6279,6500,6500,50,220,220
4,False,15.666666666666668,19.333333333333332,35,30,6329,6500,6500,50,220,220
5,False,-7.333333333333333,7.333333333333333,0,4,4872,6500,6500,50,220,220
5,False,-6.333333333333333,6.333333333333333,0,4,4922,6500,6500,50,220,220
5,False,-6.666666666666667,6.666666666666667,0,4,4972,6500,6500,50,220,220
5,False,-6.666666666666667,6.666666666666667,0,5,5022,6500,6500,50,220,220
5,False,-6.666666666666667,6.666666666666667,0,5,5072,6500,6500,50,220,220
5,False,-6.666666666666667,6.666666666666667,0,5,5122,6500,6500,50,220,220
5,False,-6.666666666666667,6.666666666666667,0,6,5172,6500,6500,50,220,220
5,False,-6.666666666666667,6.666666666666667,0,6,5222,6500,6500,50,220,220
5,False,-6.333333333333333,6.333333333333333,0,6,5272,6500,6500,50,220,220
5,False,-6.666666666666667,6.666666666666667,0,7,5322,6500,6500,50,220,220
5,False,-6.666666666666667,6.666666666666667,0,7,5372,6500,6500,50,220,220
5,False,-6.666666666666667,6.666666666666667,0,8,5422,6500,6500,50,220,220
5,False,-6.666666666666667,6.666666666666667,0,8,5472,6500,6500,50,220,220
5,False,-6.333333333333333,6.333333333333333,0,8,5522,6500,6500,50,220,220
5,False,-6.666666666666667,6.666666666666667,0,8,5572,6500,6500,50,220,220
5,False,-6.666666666666667,6.666666666666667,0,9,5622,6500,6500,50,220,220
5,False,-6.666666666666667,6.666666666666667,0,9,5672,6500,6500,50,220,220
5,False,-6.666666666666667,6.666666666666667,0,9,5722,6500,6500,50,220,220
5,False,-6.666666666666667,6.666666666666667,0,10,5772,6500,6500,50,220,220
5,False,-6.666666666666667,6.666666666666667,0,10,5822,6500,6500,50,220,220
6,False,28.0,25.0,53,35,5362,6500,6500,50,220,220
6,False,27.333333333333332,24.666666666666668,52,35,5412,6500,6500,50,220,220
6,False,26.666666666666668,24.333333333333332,51,34,5462,6500,6500,50,220,220
6,False,25.333333333333332,23.666666666666668,49,34,5512,6500,6500,50,220,220
6,False,25.0,23.0,48,34,5562,6500,6500,50,220,220
6,False,24.0,23.0,47,33,5612,6500,6500,50,220,220
6,False,23.333333333333332,22.666666666666668,46,33,5662,6500,6500,50,220,220
6,False,22.333333333333332,21.666666666666668,44,32,5712,6500,6500,50,220,220
6,False,22.333333333333332,21.666666666666668,44,32,5762,6500,6500,50,220,220
6,False,21.0,21.0,42,31,5812,6500,6500,50,220,220
6,False,20.333333333333332,20.666666666666668,41,31,5862,6500,6500,50,220,220
6,False,19.666666666666668,20.333333333333332,40,30,5912,6500,6500,50,220,220
6,False,19.0,20.0,39,30,5962,6500,6500,50,220,220
6,False,17.666666666666668,19.333333333333332,37,30,6012,6500,6500,50,220,220
6,False,17.0,19.0,36,29,6062,6500,6500,50,220,220
6,False,16.333333333333332,18.666666666666668,35,29,6112,6500,6500,50,220,220
6,False,15.666666666666668,18.333333333333332,34,28,6162,6500,6500,50,220,220
6,False,14.333333333333332,17.666666666666668,32,27,6212,6500,6500,50,220,220
6,False,14.0,17.0,31,27,6262,6500,6500,50,220,220
6,False,15.333333333333332,17.666666666666668,33,27,6312,6500,6500,50,220,220
1,False,-6.0,6.0,0,2,4854,6400,6400,50,220,220
1,False,-5.666666666666667,5.666666666666667,0,2,4904,6400,6400,50,220,220
1,False,-6.0,6.0,0,2,4954,6400,6400,50,220,220
1,False,-5.666666666666667,5.666666666666667,0,3,5004,6400,6400,50,220,220
1,False,-6.0,6.0,0,2,5054,6400,6400,50,220,220
1,False,-6.0,6.0,0,3,5104,6400,6400,50,220,220
1,False,-6.0,6.0,0,4,5154,6400,6400,50,220,220
1,False,-6.0,6.0,0,4,5204,6400,6400,50,220,220
1,False,-6.0,6.0,0,4,5254,6400,6400,50,220,220
1,False,-6.0,6.0,0,5,5304,6400,6400,50,220,220
1,False,-6.0,6.0,0,5,5354,6400,6400,50,220,220
1,False,-5.666666666666667,5.666666666666667,0,5,5404,6400,6400,50,220,220
1,False,-6.0,6.0,0,5,5454,6400,6400,50,220,220
1,False,-6.0,6.0,0,6,5504,6400,6400,50,220,220
1,False,-6.0,6.0,0,7,5554,6400,6400,50,220,220
1,False,-6.0,6.0,0,7,5604,6400,6400,50,220,220
1,False,-6.0,6.0,0,7,5654,6400,6400,50,220,220
1,False,-6.0,6.0,0,8,5704,6400,6400,50,220,220
1,False,-6.666666666666667,6.666666666666667,0,8,5754,6400,6400,50,220,220
1,False,-6.0,6.0,0,8,5804,6400,6400,50,220,220
2,False,29.333333333333332,26.666666666666668,56,37,5437,6400,6400,50,220,220
2,False,28.666666666666668,26.333333333333332,55,36,5487,6400,6400,50,220,220
2,False,28.0,26.0,54,36,5537,6400,6400,50,220,220
2,False,27.666666666666668,25.333333333333332,53,36,5587,6400,6400,50,220,220
2,False,26.666666666666668,25.333333333333332,52,36,5637,6400,6400,50,220,220
2,False,26.333333333333332,24.666666666666668,51,35,5687,6400,6400,50,220,220
2,False,25.0,24.0,49,35,5737,6400,6400,50,220,220
2,False,24.333333333333332,23.666666666666668,48,35,5787,6400,6400,50,220,220
2,False,24.0,23.0,47,34,5837,6400,6400,50,220,220
2,False,23.0,23.0,46,33,5887,6400,6400,50,220,220
2,False,22.333333333333332,22.666666666666668,45,33,5937,6400,6400,50,220,220
2,False,21.666666666666668,22.333333333333332,44,33,5987,6400,6400,50,220,220
2,False,21.333333333333332,21.666666666666668,43,32,6037,6400,6400,50,220,220
2,False,20.333333333333332,21.666666666666668,42,32,6087,6400,6400,50,220,220
2,False,19.666666666666668,20.333333333333332,40,31,6137,6400,6400,50,220,220
2,False,18.666666666666668,20.333333333333332,39,31,6187,6400,6400,50,220,220
2,False,18.0,20.0,38,30,6237,6400,6400,50,220,220
2,False,16.333333333333332,20.666666666666668,37,31,6287,6400,6400,50,220,220
2,False,16.666666666666668,19.333333333333332,36,30,6337,6400,6400,50,220,220
2,False,16.0,19.0,35,29,6387,6400,6400,50,220,220
3,False,-5.333333333333333,5.333333333333333,0,5,5030,6400,6400,50,220,220
3,False,-5.666666666666667,5.666666666666667,0,5,5080,6400,6400,50,220,220
3,False,-5.666666666666667,5.666666666666667,0,6,5130,6400,6400,50,220,220
3,False,-5.666666666666667,5.666666666666667,0,5,5180,6400,6400,50,220,220
3,False,-5.666666666666667,5.666666666666667,0,6,5230,6400,6400,50,220,220
3,False,-5.666666666666667,5.666666666666667,0,6,5280,6400,6400,50,220,220
3,False,-5.666666666666667,5.666666666666667,0,6,5330,6400,6400,50,220,220
3,False,-5.666666666666667,5.666666666666667,0,7,5380,6400,6400,50,220,220
3,False,-5.666666666666667,5.666666666666667,0,7,5430,6400,6400,50,220,220
3,False,-5.666666666666667,5.666666666666667,0,8,5480,6400,6400,50,220,220
3,False,-5.666666666666667,5.666666666666667,0,8,5530,6400,6400,50,220,220
3,False,-5.666666666666667,5.666666666666667,0,8,5580,6400,6400,50,220,220
3,False,-5.666666666666667,5.666666666666667,0,9,5630,6400,6400,50,220,220
3,False,-5.666666666666667,5.666666666666667,0,8,5680,6400,6400,50,220,220
3,False,-5.666666666666667,5.666666666666667,0,9,5730,6400,6400,50,220,220
3,False,-5.666666666666667,5.666666666666667,0,9,5780,6400,6400,50,220,220
3,False,-5.666666666666667,5.666666666666667,0,10,5830,6400,6400,50,220,220
3,False,-5.666666666666667,5.666666666666667,0,10,5880,6400,6400,50,220,220
3,False,-5.666666666666667,5.666666666666667,0,10,5930,6400,6400,50,220,220
3,False,-5.666666666666667,5.666666666666667,0,11,5980,6400,6400,50,220,220
4,False,29.0,27.0,56,38,4623,6400,6400,50,220,220
4,False,29.333333333333332,26.666666666666668,56,38,4673,6400,6400,50,220,220
4,False,28.333333333333332,26.666666666666668,55,37,4723,6400,6400,50,220,220
4,False,27.333333333333332,25.666666666666668,53,37,4773,6400,6400,50,220,220
4,False,26.666666666666668,25.333333333333332,52,37,4823,6400,6400,50,220,220
4,False,25.666666666666668,25.333333333333332,51,36,4873,6400,6400,50,220,220
4,False,25.666666666666668,25.333333333333332,51,36,4923,6400,6400,50,220,220
4,False,24.666666666666668,24.333333333333332,49,35,4973,6400,6400,50,220,220
4,False,24.0,24.0,48,35,5023,6400,6400,50,220,220
4,False,24.0,24.0,48,35,5073,6400,6400,50,220,220
4,False,23.333333333333332,23.666666666666668,47,34,5123,6400,6400,50,220,220
4,False,22.333333333333332,22.666666666666668,45,34,5173,6400,6400,50,220,220
4,False,21.666666666666668,22.333333333333332,44,33,5223,6400,6400,50,220,220
4,False,21.666666666666668,22.333333333333332,44,33,5273,6400,6400,50,220,220
4,False,20.333333333333332,21.666666666666668,42,33,5323,6400,6400,50,220,220
4,False,18.333333333333332,22.666666666666668,41,33,5373,6400,6400,50,220,220
4,False,19.0,21.0,40,32,5423,6400,6400,50,220,220
4,False,18.333333333333332,20.666666666666668,39,31,5473,6400,6400,50,220,220
4,False,17.666666666666668,20.333333333333332,38,32,5523,6400,6400,50,220,220
4,False,16.333333333333332,19.666666666666668,36,31,5573,6400,6400,50,220,220
5,False,-6.333333333333333,6.333333333333333,0,0,5216,6400,6400,50,220,220
5,False,-6.333333333333333,6.333333333333333,0,0,5266,6400,6400,50,220,220
5,False,-6.333333333333333,6.333333333333333,0,0,5316,6400,6400,50,220,220
5,False,-6.333333333333333,6.333333333333333,0,1,5366,6400,6400,50,220,220
5,False,-6.333333333333333,6.333333333333333,0,1,5416,6400,6400,50,220,220
5,False,-6.333333333333333,6.333333333333333,0,1,5466,6400,6400,50,220,220
5,False,-6.333333333333333,6.333333333333333,0,2,5516,6400,6400,50,220,220
5,False,-6.333333333333333,6.333333333333333,0,1,5566,6400,6400,50,220,220
5,False,-6.333333333333333,6.333333333333333,0,2,5616,6400,6400,50,220,220
5,False,-6.333333333333333,6.333333333333333,0,2,5666,6400,6400,50,220,220
5,False,-6.333333333333333,6.333333333333333,0,2,5716,6400,6400,50,220,220
5,False,-6.666666666666667,6.666666666666667,0,3,5766,6400,6400,50,220,220
5,False,-6.666666666666667,6.666666666666667,0,4,5816,6400,6400,50,220,220
5,False,-6.666666666666667,6.666666666666667,0,4,5866,6400,6400,50,220,220
5,False,-7.666666666666667,7.666666666666667,0,5,5916,6400,6400,50,220,220
5,False,-6.666666666666667,6.666666666666667,0,4,5966,6400,6400,50,220,220
5,False,-6.333333333333333,6.333333333333333,0,5,6016,6400,6400,50,220,220
5,False,-6.666666666666667,6.666666666666667,0,5,6066,6400,6400,50,220,220
5,False,-6.666666666666667,6.666666666666667,0,6,6116,6400,6400,50,220,220
5,False,-6.666666666666667,6.666666666666667,0,6,6166,6400,6400,50,220,220
6,False,25.333333333333332,23.666666666666668,49,34,4809,6400,6400,50,220,220
6,False,25.333333333333332,23.666666666666668,49,34,4859,6400,6400,50,220,220
6,False,24.666666666666668,23.333333333333332,48,33,4909,6400,6400,50,220,220
6,False,23.333333333333332,22.666666666666668,46,33,4959,6400,6400,50,220,220
6,False,22.666666666666668,22.333333333333332,45,33,5009,6400,6400,50,220,220
6,False,23.0,22.0,45,32,5059,6400,6400,50,220,220
6,False,22.333333333333332,21.666666666666668,44,32,5109,6400,6400,50,220,220
6,False,21.0,21.0,42,32,5159,6400,6400,50,220,220
6,False,20.333333333333332,20.666666666666668,41,31,5209,6400,6400,50,220,220
6,False,20.333333333333332,20.666666666666668,41,31,5259,6400,6400,50,220,220
6,False,19.0,20.0,39,30,5309,6400,6400,50,220,220
6,False,18.333333333333332,19.666666666666668,38,30,5359,6400,6400,50,220,220
6,False,17.666666666666668,19.333333333333332,37,29,5409,6400,6400,50,220,220
6,False,19.0,20.0,39,30,5459,6400,6400,50,220,220
6,False,16.333333333333332,18.666666666666668,35,29,5509,6400,6400,50,220,220
6,False,15.666666666666668,18.333333333333332,34,28,5559,6400,6400,50,220,220
6,False,15.333333333333332,17.666666666666668,33,28,5609,6400,6400,50,220,220
6,False,14.666666666666668,17.333333333333332,32,27,5659,6400,6400,50,220,220
6,False,14.0,17.0,31,27,5709,6400,6400,50,220,220
6,False,13.333333333333332,16.666666666666668,30,26,5759,6400,6400,50,220,220
1,False,-5.666666666666667,5.666666666666667,0,4,5352,6400,6400,50,220,220
1,False,-6.0,6.0,0,4,5402,6400,6400,50,220,220
1,False,-6.0,6.0,0,4,5452,6400,6400,50,220,220
1,False,-6.0,6.0,0,5,5502,6400,6400,50,220,220
1,False,-6.0,6.0,0,5,5552,6400,6400,50,220,220
1,False,-6.0,6.0,0,5,5602,6400,6400,50,220,220
1,False,-6.0,6.0,0,6,5652,6400,6400,50,220,220
1,False,-6.0,6.0,0,7,5702,6400,6400,50,220,220
1,False,-6.0,6.0,0,7,5752,6400,6400,50,220,220
1,False,-6.0,6.0,0,7,5802,6400,6400,50,220,220
1,False,-6.0,6.0,0,8,5852,6400,6400,50,220,220
1,False,-6.0,6.0,0,9,5902,6400,6400,50,220,220
1,False,-6.0,6.0,0,9,5952,6400,6400,50,220,220
1,False,-6.666666666666667,6.666666666666667,0,10,6002,6400,6400,50,220,220
1,False,-6.0,6.0,0,10,6052,6400,6400,50,220,220
1,False,-6.333333333333333,6.333333333333333,0,11,6102,6400,6400,50,220,220
1,False,-6.333333333333333,6.333333333333333,0,11,6152,6400,6400,50,220,220
1,False,-6.0,6.0,0,11,6202,6400,6400,50,220,220
1,False,-6.0,6.0,0,12,6252,6400,6400,50,220,220
1,False,-6.333333333333333,6.333333333333333,0,12,6302,6400,6400,50,220,220
2,False,30.0,27.0,57,37,4934,6400,6400,50,220,220
2,False,29.333333333333332,26.666666666666668,56,37,4984,6400,6400,50,220,220
2,False,28.666666666666668,26.333333333333332,55,37,5034,6400,6400,50,220,220
2,False,28.666666666666668,26.333333333333332,55,37,5084,6400,6400,50,220,220
2,False,27.666666666666668,26.333333333333332,54,37,5134,6400,6400,50,220,220
2,False,28.333333333333332,25.666666666666668,54,36,5184,6400,6400,50,220,220
2,False,28.0,26.0,54,36,5234,6400,6400,50,220,220
2,False,27.0,25.0,52,36,5284,6400,6400,50,220,220
2,False,27.0,25.0,52,35,5334,6400,6400,50,220,220
2,False,26.333333333333332,24.666666666666668,51,35,5384,6400,6400,50,220,220
2,False,26.0,25.0,51,35,5434,6400,6400,50,220,220
2,False,25.666666666666668,24.333333333333332,50,35,5484,6400,6400,50,220,220
2,False,24.0,25.0,49,35,5534,6400,6400,50,220,220
2,False,24.333333333333332,23.666666666666668,48,34,5584,6400,6400,50,220,220
2,False,23.666666666666668,23.333333333333332,47,34,5634,6400,6400,50,220,220
2,False,23.666666666666668,23.333333333333332,47,34,5684,6400,6400,50,220,220
2,False,23.0,23.0,46,33,5734,6400,6400,50,220,220
2,False,22.666666666666668,22.333333333333332,45,33,5784,6400,6400,50,220,220
2,False,21.666666666666668,22.333333333333332,44,33,5834,6400,6400,50,220,220
2,False,21.666666666666668,22.333333333333332,44,33,5884,6400,6400,50,220,220
3,False,-5.333333333333333,5.333333333333333,0,0,4528,6400,6400,50,220,220
3,False,-5.333333333333333,5.333333333333333,0,0,4578,6400,6400,50,220,220
3,False,-5.333333333333333,5.333333333333333,0,0,4628,6400,6400,50,220,220
3,False,-5.333333333333333,5.333333333333333,0,0,4678,6400,6400,50,220,220
3,False,-5.333333333333333,5.333333333333333,0,0,4728,6400,6400,50,220,220
3,False,-5.333333333333333,5.333333333333333,0,0,4778,6400,6400,50,220,220
3,False,-5.333333333333333,5.333333333333333,0,0,4828,6400,6400,50,220,220
3,False,-5.333333333333333,5.333333333333333,0,0,4878,6400,6400,50,220,220
3,False,-5.333333333333333,5.333333333333333,0,0,4928,6400,6400,50,220,220
3,False,-5.333333333333333,5.333333333333333,0,1,4978,6400,6400,50,220,220
3,False,-5.666666666666667,5.666666666666667,0,1,5028,6400,6400,50,220,220
3,False,-5.333333333333333,5.333333333333333,0,2,5078,6400,6400,50,220,220
3,False,-5.666666666666667,5.666666666666667,0,2,5128,6400,6400,50,220,220
3,False,-5.666666666666667,5.666666666666667,0,2,5178,6400,6400,50,220,220
3,False,-5.666666666666667,5.666666666666667,0,3,5228,6400,6400,50,220,220
3,False,-5.666666666666667,5.666666666666667,0,4,5278,6400,6400,50,220,220
3,False,-5.666666666666667,5.666666666666667,0,4,5328,6400,6400,50,220,220
3,False,-5.666666666666667,5.666666666666667,0,4,5378,6400,6400,50,220,220
3,False,-5.666666666666667,5.666666666666667,0,5,5428,6400,6400,50,220,220
3,False,-5.666666666666667,5.666666666666667,0,5,5478,6400,6400,50,220,220
4,False,23.666666666666668,24.333333333333332,48,35,5122,6400,6400,50,220,220
4,False,23.666666666666668,24.333333333333332,48,35,5172,6400,6400,50,220,220
4,False,24.0,24.0,48,34,5222,6400,6400,50,220,220
4,False,23.0,24.0,47,34,5272,6400,6400,50,220,220
4,False,22.333333333333332,22.666666666666668,45,34,5322,6400,6400,50,220,220
4,False,21.666666666666668,22.333333333333332,44,34,5372,6400,6400,50,220,220
4,False,21.333333333333332,22.666666666666668,44,34,5422,6400,6400,50,220,220
4,False,20.666666666666668,22.333333333333332,43,33,5472,6400,6400,50,220,220
4,False,20.333333333333332,21.666666666666668,42,32,5522,6400,6400,50,220,220
4,False,19.333333333333332,21.666666666666668,41,32,5572,6400,6400,50,220,220
4,False,18.333333333333332,22.666666666666668,41,33,5622,6400,6400,50,220,220
4,False,18.0,21.0,39,32,5672,6400,6400,50,220,220
4,False,18.333333333333332,20.666666666666668,39,31,5722,6400,6400,50,220,220
4,False,17.666666666666668,20.333333333333332,38,31,5772,6400,6400,50,220,220
4,False,16.333333333333332,19.666666666666668,36,30,5822,6400,6400,50,220,220
4,False,15.666666666666668,19.333333333333332,35,30,5872,6400,6400,50,220,220
4,False,15.666666666666668,19.333333333333332,35,30,5922,6400,6400,50,220,220
4,False,15.0,19.0,34,29,5972,6400,6400,50,220,220
4,False,14.333333333333332,18.666666666666668,33,29,6022,6400,6400,50,220,220
4,False,14.0,18.0,32,29,6072,6400,6400,50,220,220
5,False,-6.333333333333333,6.333333333333333,0,1,4715,6400,6400,50,220,220
5,False,-6.333333333333333,6.333333333333333,0,2,4765,6400,6400,50,220,220
5,False,-6.333333333333333,6.333333333333333,0,2,4815,6400,6400,50,220,220
5,False,-6.333333333333333,6.333333333333333,0,2,4865,6400,6400,50,220,220
5,False,-6.333333333333333,6.333333333333333,0,2,4915,6400,6400,50,220,220
5,False,-6.333333333333333,6.333333333333333,0,3,4965,6400,6400,50,220,220
5,False,-6.333333333333333,6.333333333333333,0,3,5015,6400,6400,50,220,220
5,False,-6.333333333333333,6.333333333333333,0,3,5065,6400,6400,50,220,220
5,False,-6.333333333333333,6.333333333333333,0,4,5115,6400,6400,50,220,220
5,False,-7.666666666666667,7.666666666666667,0,5,5165,6400,6400,50,220,220
5,False,-6.333333333333333,6.333333333333333,0,4,5215,6400,6400,50,220,220
5,False,-6.666666666666667,6.666666666666667,0,5,5265,6400,6400,50,220,220
5,False,-6.666666666666667,6.666666666666667,0,5,5315,6400,6400,50,220,220
5,False,-6.666666666666667,6.666666666666667,0,5,5365,6400,6400,50,220,220
5,False,-6.666666666666667,6.666666666666667,0,6,5415,6400,6400,50,220,220
5,False,-6.333333333333333,6.333333333333333,0,6,5465,6400,6400,50,220,220
5,False,-6.333333333333333,6.333333333333333,0,6,5515,6400,6400,50,220,220
5,False,-6.666666666666667,6.666666666666667,0,7,5565,6400,6400,50,220,220
5,False,-6.666666666666667,6.666666666666667,0,7,5615,6400,6400,50,220,220
5,False,-6.666666666666667,6.666666666666667,0,7,5665,6400,6400,50,220,220
6,False,31.0,27.0,58,37,5308,6400,6400,50,220,220
6,False,30.333333333333332,26.666666666666668,57,37,5358,6400,6400,50,220,220
6,False,30.333333333333332,26.666666666666668,57,37,5408,6400,6400,50,220,220
6,False,29.333333333333332,25.666666666666668,55,36,5458,6400,6400,50,220,220
6,False,28.666666666666668,25.333333333333332,54,36,5508,6400,6400,50,220,220
6,False,28.666666666666668,25.333333333333332,54,36,5558,6400,6400,50,220,220
6,False,28.0,25.0,53,35,5608,6400,6400,50,220,220
6,False,27.333333333333332,24.666666666666668,52,35,5658,6400,6400,50,220,220
6,False,28.666666666666668,25.333333333333332,54,35,5708,6400,6400,50,220,220
6,False,25.333333333333332,23.666666666666668,49,34,5758,6400,6400,50,220,220
6,False,25.333333333333332,23.666666666666668,49,34,5808,6400,6400,50,220,220
6,False,24.333333333333332,22.666666666666668,47,33,5858,6400,6400,50,220,220
6,False,23.666666666666668,22.333333333333332,46,33,5908,6400,6400,50,220,220
6,False,23.333333333333332,22.666666666666668,46,33,5958,6400,6400,50,220,220
6,False,23.0,22.0,45,32,6008,6400,6400,50,220,220
6,False,21.333333333333332,21.666666666666668,43,31,6058,6400,6400,50,220,220
6,False,20.666666666666668,21.333333333333332,42,31,6108,6400,6400,50,220,220
6,False,21.0,21.0,42,31,6158,6400,6400,50,220,220
6,False,19.666666666666668,20.333333333333332,40,31,6208,6400,6400,50,220,220
6,False,18.333333333333332,19.666666666666668,38,30,6258,6400,6400,50,220,220
1,False,-6.0,6.0,0,6,4890,6400,6400,50,220,220
1,False,-6.0,6.0,0,7,4940,6400,6400,50,220,220
1,False,-6.0,6.0,0,7,4990,6400,6400,50,220,220
1,False,-6.0,6.0,0,8,5040,6400,6400,50,220,220
1,False,-6.0,6.0,0,8,5090,6400,6400,50,220,220
1,False,-6.0,6.0,0,8,5140,6400,6400,50,220,220
1,False,-6.0,6.0,0,9,5190,6400,6400,50,220,220
1,False,-6.666666666666667,6.666666666666667,0,10,5240,6400,6400,50,220,220
1,False,-6.333333333333333,6.333333333333333,0,9,5290,6400,6400,50,220,220
1,False,-6.0,6.0,0,10,5340,6400,6400,50,220,220
1,False,-6.0,6.0,0,11,5390,6400,6400,50,220,220
1,False,-6.0,6.0,0,11,5440,6400,6400,50,220,220
1,False,-6.0,6.0,0,11,5490,6400,6400,50,220,220
1,False,-6.0,6.0,0,12,5540,6400,6400,50,220,220
1,False,-6.333333333333333,6.333333333333333,0,12,5590,6400,6400,50,220,220
1,False,-6.333333333333333,6.333333333333333,0,12,5640,6400,6400,50,220,220
1,False,-6.333333333333333,6.333333333333333,0,13,5690,6400,6400,50,220,220
1,False,-6.333333333333333,6.333333333333333,0,13,5740,6400,6400,50,220,220
1,False,-6.333333333333333,6.333333333333333,0,14,5790,6400,6400,50,220,220
1,False,-6.0,6.0,0,13,5840,6400,6400,50,220,220
2,False,41.333333333333336,33.666666666666664,75,44,4484,6400,6400,50,220,220
2,False,40.666666666666664,33.333333333333336,74,44,4534,6400,6400,50,220,220
2,False,40.666666666666664,33.333333333333336,74,44,4584,6400,6400,50,220,220
2,False,40.666666666666664,33.333333333333336,74,44,4634,6400,6400,50,220,220
2,False,40.0,33.0,73,43,4684,6400,6400,50,220,220
2,False,39.333333333333336,32.666666666666664,72,43,4734,6400,6400,50,220,220
2,False,38.333333333333336,33.666666666666664,72,44,4784,6400,6400,50,220,220
2,False,39.0,32.0,71,43,4834,6400,6400,50,220,220
2,False,38.0,32.0,70,43,4884,6400,6400,50,220,220
2,False,37.66666666666667,31.333333333333332,69,42,4934,6400,6400,50,220,220
2,False,37.66666666666667,31.333333333333332,69,42,4984,6400,6400,50,220,220
2,False,37.0,31.0,68,42,5034,6400,6400,50,220,220
2,False,36.33333333333333,30.666666666666668,67,42,5084,6400,6400,50,220,220
2,False,35.33333333333333,30.666666666666668,66,41,5134,6400,6400,50,220,220
2,False,35.0,30.0,65,41,5184,6400,6400,50,220,220
2,False,35.0,30.0,65,40,5234,6400,6400,50,220,220
2,False,34.33333333333333,29.666666666666668,64,40,5284,6400,6400,50,220,220
2,False,33.0,29.0,62,39,5334,6400,6400,50,220,220
2,False,33.0,29.0,62,39,5384,6400,6400,50,220,220
2,False,32.33333333333333,28.666666666666668,61,39,5434,6400,6400,50,220,220
3,False,-5.666666666666667,5.666666666666667,0,6,5072,6400,6400,50,220,220
3,False,-5.666666666666667,5.666666666666667,0,6,5122,6400,6400,50,220,220
3,False,-5.666666666666667,5.666666666666667,0,7,5172,6400,6400,50,220,220
3,False,-5.666666666666667,5.666666666666667,0,7,5222,6400,6400,50,220,220
3,False,-5.666666666666667,5.666666666666667,0,7,5272,6400,6400,50,220,220
3,False,-5.666666666666667,5.666666666666667,0,8,5322,6400,6400,50,220,220
3,False,-5.666666666666667,5.666666666666667,0,8,5372,6400,6400,50,220,220
3,False,-5.666666666666667,5.666666666666667,0,8,5422,6400,6400,50,220,220
3,False,-5.666666666666667,5.666666666666667,0,8,5472,6400,6400,50,220,220
3,False,-5.666666666666667,5.666666666666667,0,8,5522,6400,6400,50,220,220
3,False,-5.666666666666667,5.666666666666667,0,9,5572,6400,6400,50,220,220
3,False,-5.666666666666667,5.666666666666667,0,9,5622,6400,6400,50,220,220
3,False,-5.666666666666667,5.666666666666667,0,10,5672,6400,6400,50,220,220
3,False,-5.666666666666667,5.666666666666667,0,10,5722,6400,6400,50,220,220
3,False,-5.666666666666667,5.666666666666667,0,10,5772,6400,6400,50,220,220
3,False,-5.666666666666667,5.666666666666667,0,11,5822,6400,6400,50,220,220
3,False,-5.666666666666667,5.666666666666667,0,11,5872,6400,6400,50,220,220
3,False,-5.666666666666667,5.666666666666667,0,11,5922,6400,6400,50,220,220
3,False,-5.666666666666667,5.666666666666667,0,12,5972,6400,6400,50,220,220
3,False,-5.666666666666667,5.666666666666667,0,12,6022,6400,6400,50,220,220
4,False,37.33333333333333,31.666666666666668,69,42,4665,6400,6400,50,220,220
4,False,36.66666666666667,31.333333333333332,68,42,4715,6400,6400,50,220,220
4,False,35.66666666666667,30.333333333333332,66,41,4765,6400,6400,50,220,220
4,False,35.33333333333333,30.666666666666668,66,41,4815,6400,6400,50,220,220
4,False,33.66666666666667,31.333333333333332,65,42,4865,6400,6400,50,220,220
4,False,33.0,30.0,63,40,4915,6400,6400,50,220,220
4,False,32.33333333333333,28.666666666666668,61,40,4965,6400,6400,50,220,220
4,False,31.666666666666668,28.333333333333332,60,39,5015,6400,6400,50,220,220
4,False,31.0,28.0,59,39,5065,6400,6400,50,220,220
4,False,30.333333333333332,27.666666666666668,58,38,5115,6400,6400,50,220,220
4,False,29.0,27.0,56,37,5165,6400,6400,50,220,220
4,False,28.666666666666668,26.333333333333332,55,37,5215,6400,6400,50,220,220
4,False,27.666666666666668,26.333333333333332,54,37,5265,6400,6400,50,220,220
4,False,26.333333333333332,25.666666666666668,52,37,5315,6400,6400,50,220,220
4,False,26.0,25.0,51,36,5365,6400,6400,50,220,220
4,False,25.333333333333332,24.666666666666668,50,35,5415,6400,6400,50,220,220
4,False,24.0,24.0,48,35,5465,6400,6400,50,220,220
4,False,23.333333333333332,23.666666666666668,47,34,5515,6400,6400,50,220,220
4,False,22.0,23.0,45,34,5565,6400,6400,50,220,220
4,False,21.333333333333332,22.666666666666668,44,33,5615,6400,6400,50,220,220
5,False,-6.666666666666667,6.666666666666667,0,3,5258,6400,6400,50,220,220
5,False,-6.333333333333333,6.333333333333333,0,4,5308,6400,6400,50,220,220
5,False,-6.333333333333333,6.333333333333333,0,4,5358,6400,6400,50,220,220
5,False,-7.666666666666667,7.666666666666667,0,4,5408,6400,6400,50,220,220
5,False,-6.666666666666667,6.666666666666667,0,4,5458,6400,6400,50,220,220
5,False,-6.333333333333333,6.333333333333333,0,4,5508,6400,6400,50,220,220
5,False,-6.333333333333333,6.333333333333333,0,4,5558,6400,6400,50,220,220
5,False,-6.666666666666667,6.666666666666667,0,5,5608,6400,6400,50,220,220
5,False,-6.333333333333333,6.333333333333333,0,5,5658,6400,6400,50,220,220
5,False,-6.666666666666667,6.666666666666667,0,5,5708,6400,6400,50,220,220
5,False,-6.666666666666667,6.666666666666667,0,5,5758,6400,6400,50,220,220
5,False,-6.666666666666667,6.666666666666667,0,6,5808,6400,6400,50,220,220
5,False,-6.666666666666667,6.666666666666667,0,6,5858,6400,6400,50,220,220
5,False,-6.666666666666667,6.666666666666667,0,6,5908,6400,6400,50,220,220
5,False,-6.666666666666667,6.666666666666667,0,7,5958,6400,6400,50,220,220
5,False,-6.666666666666667,6.666666666666667,0,7,6008,6400,6400,50,220,220
5,False,-6.666666666666667,6.666666666666667,0,7,6058,6400,6400,50,220,220
5,False,-6.666666666666667,6.666666666666667,0,7,6108,6400,6400,50,220,220
5,False,-6.666666666666667,6.666666666666667,0,8,6158,6400,6400,50,220,220
5,False,-6.666666666666667,6.666666666666667,0,8,6208,6400,6400,50,220,220
6,False,28.666666666666668,25.333333333333332,54,35,4841,6400,6400,50,220,220
6,False,28.666666666666668,25.333333333333332,54,36,4891,6400,6400,50,220,220
6,False,30.0,26.0,56,36,4941,6400,6400,50,220,220
6,False,26.666666666666668,24.333333333333332,51,35,4991,6400,6400,50,220,220
6,False,26.666666666666668,24.333333333333332,51,35,5041,6400,6400,50,220,220
6,False,26.333333333333332,23.666666666666668,50,34,5091,6400,6400,50,220,220
6,False,25.0,23.0,48,34,5141,6400,6400,50,220,220
6,False,24.0,23.0,47,33,5191,6400,6400,50,220,220
6,False,24.0,23.0,47,33,5241,6400,6400,50,220,220
6,False,23.333333333333332,22.666666666666668,46,33,5291,6400,6400,50,220,220
6,False,22.666666666666668,22.333333333333332,45,32,5341,6400,6400,50,220,220
6,False,21.666666666666668,21.333333333333332,43,32,5391,6400,6400,50,220,220
6,False,21.666666666666668,21.333333333333332,43,31,5441,6400,6400,50,220,220
6,False,20.666666666666668,21.333333333333332,42,31,5491,6400,6400,50,220,220
6,False,19.666666666666668,20.333333333333332,40,30,5541,6400,6400,50,220,220
6,False,19.0,20.0,39,30,5591,6400,6400,50,220,220
6,False,18.333333333333332,19.666666666666668,38,30,5641,6400,6400,50,220,220
6,False,17.666666666666668,19.333333333333332,37,29,5691,6400,6400,50,220,220
6,False,17.0,19.0,36,29,5741,6400,6400,50,220,220
6,False,16.333333333333332,18.666666666666668,35,28,5791,6400,6400,50,220,220
1,False,-6.0,6.0,0,2,5433,6400,6400,50,220,220
1,False,-6.333333333333333,6.333333333333333,0,3,5483,6400,6400,50,220,220
1,False,-6.0,6.0,0,3,5533,6400,6400,50,220,220
1,False,-5.666666666666667,5.666666666666667,0,4,5583,6400,6400,50,220,220
1,False,-6.0,6.0,0,4,5633,6400,6400,50,220,220
1,False,-6.0,6.0,0,4,5683,6400,6400,50,220,220
1,False,-6.0,6.0,0,5,5733,6400,6400,50,220,220
1,False,-6.0,6.0,0,5,5783,6400,6400,50,220,220
1,False,-6.0,6.0,0,5,5833,6400,6400,50,220,220
1,False,-6.0,6.0,0,6,5883,6400,6400,50,220,220
1,False,-6.0,6.0,0,7,5933,6400,6400,50,220,220
1,False,-6.0,6.0,0,7,5983,6400,6400,50,220,220
1,False,-6.0,6.0,0,8,6033,6400,6400,50,220,220
1,False,-6.0,6.0,0,8,6083,6400,6400,50,220,220
1,False,-6.0,6.0,0,9,6133,6400,6400,50,220,220
1,False,-6.0,6.0,0,8,6183,6400,6400,50,220,220
1,False,-6.0,6.0,0,9,6233,6400,6400,50,220,220
1,False,-6.0,6.0,0,9,6283,6400,6400,50,220,220
1,False,-6.0,6.0,0,10,6333,6400,6400,50,220,220
1,False,-6.0,6.0,0,10,6383,6400,6400,50,220,220
2,False,23.666666666666668,25.333333333333332,49,35,5027,6400,6400,50,220,220
2,False,24.333333333333332,23.666666666666668,48,35,5077,6400,6400,50,220,220
2,False,23.666666666666668,23.333333333333332,47,34,5127,6400,6400,50,220,220
2,False,23.0,23.0,46,33,5177,6400,6400,50,220,220
2,False,22.333333333333332,22.666666666666668,45,33,5227,6400,6400,50,220,220
2,False,22.333333333333332,22.666666666666668,45,33,5277,6400,6400,50,220,220
2,False,21.0,22.0,43,33,5327,6400,6400,50,220,220
2,False,21.0,22.0,43,32,5377,6400,6400,50,220,220
2,False,20.333333333333332,21.666666666666668,42,32,5427,6400,6400,50,220,220
2,False,20.0,21.0,41,31,5477,6400,6400,50,220,220
2,False,19.333333333333332,20.666666666666668,40,31,5527,6400,6400,50,220,220
2,False,18.666666666666668,20.333333333333332,39,31,5577,6400,6400,50,220,220
2,False,18.0,20.0,38,31,5627,6400,6400,50,220,220
2,False,17.333333333333332,19.666666666666668,37,30,5677,6400,6400,50,220,220
2,False,16.666666666666668,19.333333333333332,36,30,5727,6400,6400,50,220,220
2,False,16.0,19.0,35,29,5777,6400,6400,50,220,220
2,False,15.666666666666668,18.333333333333332,34,29,5827,6400,6400,50,220,220
2,False,14.666666666666668,18.333333333333332,33,29,5877,6400,6400,50,220,220
2,False,14.0,18.0,32,28,5927,6400,6400,50,220,220
2,False,13.666666666666668,17.333333333333332,31,28,5977,6400,6400,50,220,220
3,False,-5.333333333333333,5.333333333333333,0,0,4619,6400,6400,50,220,220
3,False,-5.333333333333333,5.333333333333333,0,0,4669,6400,6400,50,220,220
3,False,-5.333333333333333,5.333333333333333,0,0,4719,6400,6400,50,220,220
3,False,-5.333333333333333,5.333333333333333,0,0,4769,6400,6400,50,220,220
3,False,-5.333333333333333,5.333333333333333,0,0,4819,6400,6400,50,220,220
3,False,-5.333333333333333,5.333333333333333,0,0,4869,6400,6400,50,220,220
3,False,-5.333333333333333,5.333333333333333,0,1,4919,6400,6400,50,220,220
3,False,-5.333333333333333,5.333333333333333,0,1,4969,6400,6400,50,220,220
3,False,-5.333333333333333,5.333333333333333,0,1,5019,6400,6400,50,220,220
3,False,-5.333333333333333,5.333333333333333,0,1,5069,6400,6400,50,220,220
3,False,-5.333333333333333,5.333333333333333,0,2,5119,6400,6400,50,220,220
3,False,-5.666666666666667,5.666666666666667,0,3,5169,6400,6400,50,220,220
3,False,-5.666666666666667,5.666666666666667,0,3,5219,6400,6400,50,220,220
3,False,-5.666666666666667,5.666666666666667,0,3,5269,6400,6400,50,220,220
3,False,-5.666666666666667,5.666666666666667,0,4,5319,6400,6400,50,220,220
3,False,-5.666666666666667,5.666666666666667,0,4,5369,6400,6400,50,220,220
3,False,-5.666666666666667,5.666666666666667,0,5,5419,6400,6400,50,220,220
3,False,-5.666666666666667,5.666666666666667,0,5,5469,6400,6400,50,220,220
3,False,-5.666666666666667,5.666666666666667,0,5,5519,6400,6400,50,220,220
3,False,-5.666666666666667,5.666666666666667,0,6,5569,6400,6400,50,220,220
4,False,23.333333333333332,23.666666666666668,47,34,5212,6400,6400,50,220,220
4,False,22.0,23.0,45,34,5262,6400,6400,50,220,220
4,False,21.333333333333332,22.666666666666668,44,34,5312,6400,6400,50,220,220
4,False,21.333333333333332,22.666666666666668,44,33,5362,6400,6400,50,220,220
4,False,20.0,22.0,42,33,5412,6400,6400,50,220,220
4,False,20.333333333333332,21.666666666666668,42,32,5462,6400,6400,50,220,220
4,False,19.0,21.0,40,32,5512,6400,6400,50,220,220
4,False,18.333333333333332,20.666666666666668,39,32,5562,6400,6400,50,220,220
4,False,17.666666666666668,20.333333333333332,38,31,5612,6400,6400,50,220,220
4,False,17.0,20.0,37,31,5662,6400,6400,50,220,220
4,False,16.333333333333332,19.666666666666668,36,31,5712,6400,6400,50,220,220
4,False,15.666666666666668,19.333333333333332,35,30,5762,6400,6400,50,220,220
4,False,15.0,19.0,34,30,5812,6400,6400,50,220,220
4,False,14.333333333333332,18.666666666666668,33,30,5862,6400,6400,50,220,220
4,False,14.0,18.0,32,28,5912,6400,6400,50,220,220
4,False,13.0,18.0,31,28,5962,6400,6400,50,220,220
4,False,12.666666666666668,17.333333333333332,30,28,6012,6400,6400,50,220,220
4,False,12.0,17.0,29,28,6062,6400,6400,50,220,220
4,False,10.333333333333332,17.666666666666668,28,28,6112,6400,6400,50,220,220
4,False,11.0,16.0,27,26,6162,6400,6400,50,220,220
5,False,-6.333333333333333,6.333333333333333,0,0,4805,6400,6400,50,220,220
5,False,-6.0,6.0,0,0,4855,6400,6400,50,220,220
5,False,-6.0,6.0,0,0,4905,6400,6400,50,220,220
5,False,-6.333333333333333,6.333333333333333,0,0,4955,6400,6400,50,220,220
5,False,-6.333333333333333,6.333333333333333,0,0,5005,6400,6400,50,220,220
5,False,-6.333333333333333,6.333333333333333,0,0,5055,6400,6400,50,220,220
5,False,-6.333333333333333,6.333333333333333,0,0,5105,6400,6400,50,220,220
5,False,-6.333333333333333,6.333333333333333,0,0,5155,6400,6400,50,220,220
5,False,-6.333333333333333,6.333333333333333,0,0,5205,6400,6400,50,220,220
5,False,-6.666666666666667,6.666666666666667,0,0,5255,6400,6400,50,220,220
5,False,-6.333333333333333,6.333333333333333,0,0,5305,6400,6400,50,220,220
5,False,-6.333333333333333,6.333333333333333,0,1,5355,6400,6400,50,220,220
5,False,-6.666666666666667,6.666666666666667,0,1,5405,6400,6400,50,220,220
5,False,-6.666666666666667,6.666666666666667,0,1,5455,6400,6400,50,220,220
5,False,-6.666666666666667,6.666666666666667,0,2,5505,6400,6400,50,220,220
5,False,-6.333333333333333,6.333333333333333,0,2,5555,6400,6400,50,220,220
5,False,-6.333333333333333,6.333333333333333,0,3,5605,6400,6400,50,220,220
5,False,-7.666666666666667,7.666666666666667,0,3,5655,6400,6400,50,220,220
5,False,-6.666666666666667,6.666666666666667,0,4,5705,6400,6400,50,220,220
5,False,-6.666666666666667,6.666666666666667,0,4,5755,6400,6400,50,220,220
6,False,22.666666666666668,22.333333333333332,45,33,5387,6400,6400,50,220,220
6,False,22.333333333333332,21.666666666666668,44,32,5437,6400,6400,50,220,220
6,False,21.666666666666668,21.333333333333332,43,32,5487,6400,6400,50,220,220
6,False,21.666666666666668,21.333333333333332,43,31,5537,6400,6400,50,220,220
6,False,21.0,21.0,42,31,5587,6400,6400,50,220,220
6,False,20.333333333333332,20.666666666666668,41,31,5637,6400,6400,50,220,220
6,False,19.666666666666668,20.333333333333332,40,30,5687,6400,6400,50,220,220
6,False,19.0,20.0,39,30,5737,6400,6400,50,220,220
6,False,18.333333333333332,19.666666666666668,38,30,5787,6400,6400,50,220,220
6,False,18.333333333333332,19.666666666666668,38,29,5837,6400,6400,50,220,220
6,False,17.0,19.0,36,29,5887,6400,6400,50,220,220
6,False,17.333333333333332,18.666666666666668,36,29,5937,6400,6400,50,220,220
6,False,16.333333333333332,18.666666666666668,35,29,5987,6400,6400,50,220,220
6,False,16.0,18.0,34,28,6037,6400,6400,50,220,220
6,False,14.666666666666668,17.333333333333332,32,28,6087,6400,6400,50,220,220
6,False,14.333333333333332,17.666666666666668,32,27,6137,6400,6400,50,220,220
6,False,16.0,18.0,34,27,6187,6400,6400,50,220,220
6,False,13.333333333333332,16.666666666666668,30,26,6237,6400,6400,50,220,220
6,False,12.666666666666668,16.333333333333332,29,26,6287,6400,6400,50,220,220
6,False,12.666666666666668,16.333333333333332,29,26,6337,6400,6400,50,220,220
1,False,-6.0,6.0,0,3,4980,6300,6300,50,220,220
1,False,-5.666666666666667,5.666666666666667,0,4,5030,6300,6300,50,220,220
1,False,-6.0,6.0,0,4,5080,6300,6300,50,220,220
1,False,-6.0,6.0,0,5,5130,6300,6300,50,220,220
1,False,-6.0,6.0,0,5,5180,6300,6300,50,220,220
1,False,-6.0,6.0,0,5,5230,6300,6300,50,220,220
1,False,-6.0,6.0,0,6,5280,6300,6300,50,220,220
1,False,-6.0,6.0,0,6,5330,6300,6300,50,220,220
1,False,-6.0,6.0,0,7,5380,6300,6300,50,220,220
1,False,-6.0,6.0,0,7,5430,6300,6300,50,220,220
1,False,-6.0,6.0,0,8,5480,6300,6300,50,220,220
1,False,-6.0,6.0,0,8,5530,6300,6300,50,220,220
1,False,-6.0,6.0,0,8,5580,6300,6300,50,220,220
1,False,-6.0,6.0,0,9,5630,6300,6300,50,220,220
1,False,-6.0,6.0,0,9,5680,6300,6300,50,220,220
1,False,-6.666666666666667,6.666666666666667,0,10,5730,6300,6300,50,220,220
1,False,-6.0,6.0,0,10,5780,6300,6300,50,220,220
1,False,-6.333333333333333,6.333333333333333,0,11,5830,6300,6300,50,220,220
1,False,-6.333333333333333,6.333333333333333,0,11,5880,6300,6300,50,220,220
1,False,-6.0,6.0,0,12,5930,6300,6300,50,220,220
2,False,36.33333333333333,30.666666666666668,67,41,4674,6300,6300,50,220,220
2,False,35.66666666666667,30.333333333333332,66,41,4724,6300,6300,50,220,220
2,False,35.66666666666667,30.333333333333332,66,41,4774,6300,6300,50,220,220
2,False,36.0,30.0,66,41,4824,6300,6300,50,220,220
2,False,35.0,30.0,65,40,4874,6300,6300,50,220,220
2,False,34.66666666666667,29.333333333333332,64,40,4924,6300,6300,50,220,220
2,False,33.66666666666667,29.333333333333332,63,40,4974,6300,6300,50,220,220
2,False,33.66666666666667,29.333333333333332,63,40,5024,6300,6300,50,220,220
2,False,33.0,29.0,62,39,5074,6300,6300,50,220,220
2,False,32.33333333333333,28.666666666666668,61,38,5124,6300,6300,50,220,220
2,False,32.33333333333333,28.666666666666668,61,39,5174,6300,6300,50,220,220
2,False,31.666666666666668,28.333333333333332,60,39,5224,6300,6300,50,220,220
2,False,31.0,28.0,59,38,5274,6300,6300,50,220,220
2,False,30.666666666666668,27.333333333333332,58,38,5324,6300,6300,50,220,220
2,False,29.666666666666668,28.333333333333332,58,39,5374,6300,6300,50,220,220
2,False,29.333333333333332,26.666666666666668,56,38,5424,6300,6300,50,220,220
2,False,28.333333333333332,26.666666666666668,55,37,5474,6300,6300,50,220,220
2,False,29.0,26.0,55,37,5524,6300,6300,50,220,220
2,False,28.666666666666668,26.333333333333332,55,37,5574,6300,6300,50,220,220
2,False,28.0,26.0,54,36,5624,6300,6300,50,220,220
3,False,-5.333333333333333,5.333333333333333,0,2,4365,6300,6300,50,220,220
3,False,-5.333333333333333,5.333333333333333,0,2,4415,6300,6300,50,220,220
3,False,-5.333333333333333,5.333333333333333,0,2,4465,6300,6300,50,220,220
3,False,-5.333333333333333,5.333333333333333,0,3,4515,6300,6300,50,220,220
3,False,-5.333333333333333,5.333333333333333,0,3,4565,6300,6300,50,220,220
3,False,-5.666666666666667,5.666666666666667,0,4,4615,6300,6300,50,220,220
3,False,-5.666666666666667,5.666666666666667,0,4,4665,6300,6300,50,220,220
3,False,-5.666666666666667,5.666666666666667,0,4,4715,6300,6300,50,220,220
3,False,-5.666666666666667,5.666666666666667,0,4,4765,6300,6300,50,220,220
3,False,-5.666666666666667,5.666666666666667,0,5,4815,6300,6300,50,220,220
3,False,-5.666666666666667,5.666666666666667,0,5,4865,6300,6300,50,220,220
3,False,-5.666666666666667,5.666666666666667,0,5,4915,6300,6300,50,220,220
3,False,-5.666666666666667,5.666666666666667,0,6,4965,6300,6300,50,220,220
3,False,-5.666666666666667,5.666666666666667,0,7,5015,6300,6300,50,220,220
3,False,-5.666666666666667,5.666666666666667,0,7,5065,6300,6300,50,220,220
3,False,-5.666666666666667,5.666666666666667,0,7,5115,6300,6300,50,220,220
3,False,-5.666666666666667,5.666666666666667,0,8,5165,6300,6300,50,220,220
3,False,-5.666666666666667,5.666666666666667,0,8,5215,6300,6300,50,220,220
3,False,-5.666666666666667,5.666666666666667,0,9,5265,6300,6300,50,220,220
3,False,-5.666666666666667,5.666666666666667,0,9,5315,6300,6300,50,220,220
4,False,29.333333333333332,26.666666666666668,56,38,5058,6300,6300,50,220,220
4,False,28.0,26.0,54,37,5108,6300,6300,50,220,220
4,False,27.333333333333332,25.666666666666668,53,37,5158,6300,6300,50,220,220
4,False,27.0,26.0,53,37,5208,6300,6300,50,220,220
4,False,26.0,25.0,51,36,5258,6300,6300,50,220,220
4,False,24.666666666666668,24.333333333333332,49,36,5308,6300,6300,50,220,220
4,False,24.666666666666668,24.333333333333332,49,35,5358,6300,6300,50,220,220
4,False,24.0,24.0,48,35,5408,6300,6300,50,220,220
4,False,22.666666666666668,23.333333333333332,46,35,5458,6300,6300,50,220,220
4,False,22.0,23.0,45,34,5508,6300,6300,50,220,220
4,False,21.333333333333332,22.666666666666668,44,33,5558,6300,6300,50,220,220
4,False,21.0,22.0,43,33,5608,6300,6300,50,220,220
4,False,18.666666666666668,22.333333333333332,41,33,5658,6300,6300,50,220,220
4,False,19.0,21.0,40,32,5708,6300,6300,50,220,220
4,False,18.333333333333332,20.666666666666668,39,31,5758,6300,6300,50,220,220
4,False,17.666666666666668,20.333333333333332,38,30,5808,6300,6300,50,220,220
4,False,16.333333333333332,19.666666666666668,36,30,5858,6300,6300,50,220,220
4,False,15.666666666666668,19.333333333333332,35,30,5908,6300,6300,50,220,220
4,False,14.333333333333332,18.666666666666668,33,29,5958,6300,6300,50,220,220
4,False,14.333333333333332,18.666666666666668,33,29,6008,6300,6300,50,220,220
5,False,-6.333333333333333,6.333333333333333,0,1,4737,6300,6300,50,220,220
5,False,-6.333333333333333,6.333333333333333,0,1,4787,6300,6300,50,220,220
5,False,-6.0,6.0,0,1,4837,6300,6300,50,220,220
5,False,-6.333333333333333,6.333333333333333,0,1,4887,6300,6300,50,220,220
5,False,-6.333333333333333,6.333333333333333,0,2,4937,6300,6300,50,220,220
5,False,-6.666666666666667,6.666666666666667,0,2,4987,6300,6300,50,220,220
5,False,-6.333333333333333,6.333333333333333,0,2,5037,6300,6300,50,220,220
5,False,-6.333333333333333,6.333333333333333,0,2,5087,6300,6300,50,220,220
5,False,-6.333333333333333,6.333333333333333,0,3,5137,6300,6300,50,220,220
5,False,-6.333333333333333,6.333333333333333,0,3,5187,6300,6300,50,220,220
5,False,-6.333333333333333,6.333333333333333,0,3,5237,6300,6300,50,220,220
5,False,-7.333333333333333,7.333333333333333,0,4,5287,6300,6300,50,220,220
5,False,-6.666666666666667,6.666666666666667,0,4,5337,6300,6300,50,220,220
5,False,-6.333333333333333,6.333333333333333,0,4,5387,6300,6300,50,220,220
5,False,-6.333333333333333,6.333333333333333,0,4,5437,6300,6300,50,220,220
5,False,-6.333333333333333,6.333333333333333,0,5,5487,6300,6300,50,220,220
5,False,-6.666666666666667,6.666666666666667,0,5,5537,6300,6300,50,220,220
5,False,-6.333333333333333,6.333333333333333,0,5,5587,6300,6300,50,220,220
5,False,-6.333333333333333,6.333333333333333,0,6,5637,6300,6300,50,220,220
5,False,-6.666666666666667,6.666666666666667,0,6,5687,6300,6300,50,220,220
6,False,40.33333333333333,31.666666666666668,72,42,4430,6300,6300,50,220,220
6,False,40.33333333333333,31.666666666666668,72,42,4480,6300,6300,50,220,220
6,False,39.66666666666667,31.333333333333332,71,42,4530,6300,6300,50,220,220
6,False,39.0,31.0,70,41,4580,6300,6300,50,220,220
6,False,38.33333333333333,30.666666666666668,69,41,4630,6300,6300,50,220,220
6,False,37.66666666666667,30.333333333333332,68,41,4680,6300,6300,50,220,220
6,False,37.0,30.0,67,40,4730,6300,6300,50,220,220
6,False,35.66666666666667,29.333333333333332,65,40,4780,6300,6300,50,220,220
6,False,35.0,29.0,64,40,4830,6300,6300,50,220,220
6,False,35.0,29.0,64,39,4880,6300,6300,50,220,220
6,False,36.33333333333333,29.666666666666668,66,39,4930,6300,6300,50,220,220
6,False,33.0,28.0,61,38,4980,6300,6300,50,220,220
6,False,33.33333333333333,27.666666666666668,61,38,5030,6300,6300,50,220,220
6,False,32.0,27.0,59,37,5080,6300,6300,50,220,220
6,False,31.333333333333332,26.666666666666668,58,37,5130,6300,6300,50,220,220
6,False,30.0,26.0,56,37,5180,6300,6300,50,220,220
6,False,29.333333333333332,25.666666666666668,55,36,5230,6300,6300,50,220,220
6,False,28.666666666666668,25.333333333333332,54,36,5280,6300,6300,50,220,220
6,False,28.0,25.0,53,35,5330,6300,6300,50,220,220
6,False,27.333333333333332,24.666666666666668,52,35,5380,6300,6300,50,220,220
1,False,-6.0,6.0,0,5,5123,6300,6300,50,220,220
1,False,-6.0,6.0,0,5,5173,6300,6300,50,220,220
1,False,-6.0,6.0,0,5,5223,6300,6300,50,220,220
1,False,-6.0,6.0,0,6,5273,6300,6300,50,220,220
1,False,-6.0,6.0,0,6,5323,6300,6300,50,220,220
1,False,-5.666666666666667,5.666666666666667,0,6,5373,6300,6300,50,220,220
1,False,-6.0,6.0,0,6,5423,6300,6300,50,220,220
1,False,-6.0,6.0,0,7,5473,6300,6300,50,220,220
1,False,-6.0,6.0,0,7,5523,6300,6300,50,220,220
1,False,-6.333333333333333,6.333333333333333,0,8,5573,6300,6300,50,220,220
1,False,-6.0,6.0,0,8,5623,6300,6300,50,220,220
1,False,-6.0,6.0,0,8,5673,6300,6300,50,220,220
1,False,-6.0,6.0,0,9,5723,6300,6300,50,220,220
1,False,-6.0,6.0,0,9,5773,6300,6300,50,220,220
1,False,-6.0,6.0,0,9,5823,6300,6300,50,220,220
1,False,-6.0,6.0,0,9,5873,6300,6300,50,220,220
1,False,-6.0,6.0,0,10,5923,6300,6300,50,220,220
1,False,-6.0,6.0,0,10,5973,6300,6300,50,220,220
1,False,-6.0,6.0,0,10,6023,6300,6300,50,220,220
1,False,-6.0,6.0,0,11,6073,6300,6300,50,220,220
2,False,29.0,27.0,56,37,4817,6300,6300,50,220,220
2,False,28.666666666666668,26.333333333333332,55,37,4867,6300,6300,50,220,220
2,False,28.0,26.0,54,37,4917,6300,6300,50,220,220
2,False,27.333333333333332,25.666666666666668,53,36,4967,6300,6300,50,220,220
2,False,27.666666666666668,25.333333333333332,53,36,5017,6300,6300,50,220,220
2,False,27.333333333333332,25.666666666666668,53,36,5067,6300,6300,50,220,220
2,False,26.333333333333332,24.666666666666668,51,35,5117,6300,6300,50,220,220
2,False,25.666666666666668,24.333333333333332,50,35,5167,6300,6300,50,220,220
2,False,24.666666666666668,25.333333333333332,50,35,5217,6300,6300,50,220,220
2,False,25.0,24.0,49,35,5267,6300,6300,50,220,220
2,False,24.333333333333332,23.666666666666668,48,34,5317,6300,6300,50,220,220
2,False,23.666666666666668,23.333333333333332,47,34,5367,6300,6300,50,220,220
2,False,23.333333333333332,22.666666666666668,46,34,5417,6300,6300,50,220,220
2,False,22.666666666666668,22.333333333333332,45,33,5467,6300,6300,50,220,220
2,False,21.666666666666668,22.333333333333332,44,33,5517,6300,6300,50,220,220
2,False,21.0,22.0,43,33,5567,6300,6300,50,220,220
2,False,21.0,22.0,43,33,5617,6300,6300,50,220,220
2,False,19.666666666666668,21.333333333333332,41,32,5667,6300,6300,50,220,220
2,False,19.0,21.0,40,32,5717,6300,6300,50,220,220
2,False,18.666666666666668,20.333333333333332,39,31,5767,6300,6300,50,220,220
3,False,-5.333333333333333,5.333333333333333,0,0,4510,6300,6300,50,220,220
3,False,-5.0,5.0,0,0,4560,6300,6300,50,220,220
3,False,-5.333333333333333,5.333333333333333,0,0,4610,6300,6300,50,220,220
3,False,-5.333333333333333,5.333333333333333,0,0,4660,6300,6300,50,220,220
3,False,-5.333333333333333,5.333333333333333,0,0,4710,6300,6300,50,220,220
3,False,-5.333333333333333,5.333333333333333,0,0,4760,6300,6300,50,220,220
3,False,-5.333333333333333,5.333333333333333,0,0,4810,6300,6300,50,220,220
3,False,-5.333333333333333,5.333333333333333,0,0,4860,6300,6300,50,220,220
3,False,-5.666666666666667,5.666666666666667,0,0,4910,6300,6300,50,220,220
3,False,-5.333333333333333,5.333333333333333,0,0,4960,6300,6300,50,220,220
3,False,-5.333333333333333,5.333333333333333,0,1,5010,6300,6300,50,220,220
3,False,-5.333333333333333,5.333333333333333,0,0,5060,6300,6300,50,220,220
3,False,-5.333333333333333,5.333333333333333,0,1,5110,6300,6300,50,220,220
3,False,-5.333333333333333,5.333333333333333,0,1,5160,6300,6300,50,220,220
3,False,-5.666666666666667,5.666666666666667,0,2,5210,6300,6300,50,220,220
3,False,-5.666666666666667,5.666666666666667,0,2,5260,6300,6300,50,220,220
3,False,-5.333333333333333,5.333333333333333,0,2,5310,6300,6300,50,220,220
3,False,-5.666666666666667,5.666666666666667,0,2,5360,6300,6300,50,220,220
3,False,-5.666666666666667,5.666666666666667,0,3,5410,6300,6300,50,220,220
3,False,-5.666666666666667,5.666666666666667,0,4,5460,6300,6300,50,220,220
4,False,17.0,20.0,37,31,5204,6300,6300,50,220,220
4,False,16.333333333333332,19.666666666666668,36,31,5254,6300,6300,50,220,220
4,False,15.666666666666668,19.333333333333332,35,30,5304,6300,6300,50,220,220
4,False,15.0,19.0,34,30,5354,6300,6300,50,220,220
4,False,14.333333333333332,18.666666666666668,33,29,5404,6300,6300,50,220,220
4,False,13.666666666666668,18.333333333333332,32,29,5454,6300,6300,50,220,220
4,False,12.0,19.0,31,29,5504,6300,6300,50,220,220
4,False,12.0,17.0,29,28,5554,6300,6300,50,220,220
4,False,11.333333333333332,16.666666666666668,28,27,5604,6300,6300,50,220,220
4,False,10.666666666666668,16.333333333333332,27,27,5654,6300,6300,50,220,220
4,False,10.0,16.0,26,27,5704,6300,6300,50,220,220
4,False,9.333333333333334,15.666666666666666,25,26,5754,6300,6300,50,220,220
4,False,8.666666666666666,15.333333333333334,24,25,5804,6300,6300,50,220,220
4,False,8.333333333333334,14.666666666666666,23,25,5854,6300,6300,50,220,220
4,False,6.666666666666666,14.333333333333334,21,25,5904,6300,6300,50,220,220
4,False,6.0,14.0,20,24,5954,6300,6300,50,220,220
4,False,5.333333333333334,13.666666666666666,19,24,6004,6300,6300,50,220,220
4,False,5.0,13.0,18,23,6054,6300,6300,50,220,220
4,False,4.333333333333334,12.666666666666666,17,23,6104,6300,6300,50,220,220
4,False,3.666666666666666,12.333333333333334,16,23,6154,6300,6300,50,220,220
5,False,-6.0,6.0,0,0,4887,6300,6300,50,220,220
5,False,-6.0,6.0,0,0,4937,6300,6300,50,220,220
5,False,-6.333333333333333,6.333333333333333,0,0,4987,6300,6300,50,220,220
5,False,-6.333333333333333,6.333333333333333,0,0,5037,6300,6300,50,220,220
5,False,-6.0,6.0,0,0,5087,6300,6300,50,220,220
5,False,-7.333333333333333,7.333333333333333,0,0,5137,6300,6300,50,220,220
5,False,-6.333333333333333,6.333333333333333,0,0,5187,6300,6300,50,220,220
5,False,-6.333333333333333,6.333333333333333,0,0,5237,6300,6300,50,220,220
5,False,-6.333333333333333,6.333333333333333,0,0,5287,6300,6300,50,220,220
5,False,-6.333333333333333,6.333333333333333,0,0,5337,6300,6300,50,220,220
5,False,-6.333333333333333,6.333333333333333,0,1,5387,6300,6300,50,220,220
5,False,-6.333333333333333,6.333333333333333,0,1,5437,6300,6300,50,220,220
5,False,-6.333333333333333,6.333333333333333,0,1,5487,6300,6300,50,220,220
5,False,-6.333333333333333,6.333333333333333,0,2,5537,6300,6300,50,220,220
5,False,-6.333333333333333,6.333333333333333,0,2,5587,6300,6300,50,220,220
5,False,-6.666666666666667,6.666666666666667,0,2,5637,6300,6300,50,220,220
5,False,-6.333333333333333,6.333333333333333,0,3,5687,6300,6300,50,220,220
5,False,-6.333333333333333,6.333333333333333,0,3,5737,6300,6300,50,220,220
5,False,-6.333333333333333,6.333333333333333,0,4,5787,6300,6300,50,220,220
5,False,-6.666666666666667,6.666666666666667,0,4,5837,6300,6300,50,220,220
6,False,28.666666666666668,25.333333333333332,54,36,4581,6300,6300,50,220,220
6,False,28.666666666666668,25.333333333333332,54,35,4631,6300,6300,50,220,220
6,False,28.666666666666668,25.333333333333332,54,36,4681,6300,6300,50,220,220
6,False,28.0,25.0,53,35,4731,6300,6300,50,220,220
6,False,29.333333333333332,25.666666666666668,55,35,4781,6300,6300,50,220,220
6,False,26.666666666666668,24.333333333333332,51,35,4831,6300,6300,50,220,220
6,False,26.666666666666668,24.333333333333332,51,35,4881,6300,6300,50,220,220
6,False,26.333333333333332,23.666666666666668,50,34,4931,6300,6300,50,220,220
6,False,25.666666666666668,23.333333333333332,49,34,4981,6300,6300,50,220,220
6,False,25.333333333333332,23.666666666666668,49,34,5031,6300,6300,50,220,220
6,False,24.666666666666668,23.333333333333332,48,33,5081,6300,6300,50,220,220
6,False,24.0,23.0,47,33,5131,6300,6300,50,220,220
6,False,23.333333333333332,22.666666666666668,46,33,5181,6300,6300,50,220,220
6,False,23.0,22.0,45,33,5231,6300,6300,50,220,220
6,False,22.666666666666668,22.333333333333332,45,32,5281,6300,6300,50,220,220
6,False,22.333333333333332,21.666666666666668,44,32,5331,6300,6300,50,220,220
6,False,21.666666666666668,21.333333333333332,43,31,5381,6300,6300,50,220,220
6,False,21.0,21.0,42,31,5431,6300,6300,50,220,220
6,False,20.333333333333332,20.666666666666668,41,30,5481,6300,6300,50,220,220
6,False,19.666666666666668,20.333333333333332,40,30,5531,6300,6300,50,220,220
1,False,-6.0,6.0,0,3,5275,6300,6300,50,220,220
1,False,-6.0,6.0,0,3,5325,6300,6300,50,220,220
1,False,-6.0,6.0,0,4,5375,6300,6300,50,220,220
1,False,-6.0,6.0,0,4,5425,6300,6300,50,220,220
1,False,-6.0,6.0,0,5,5475,6300,6300,50,220,220
1,False,-6.0,6.0,0,5,5525,6300,6300,50,220,220
1,False,-6.0,6.0,0,6,5575,6300,6300,50,220,220
1,False,-6.0,6.0,0,6,5625,6300,6300,50,220,220
1,False,-6.0,6.0,0,6,5675,6300,6300,50,220,220
1,False,-6.0,6.0,0,8,5725,6300,6300,50,220,220
1,False,-6.333333333333333,6.333333333333333,0,8,5775,6300,6300,50,220,220
1,False,-6.333333333333333,6.333333333333333,0,8,5825,6300,6300,50,220,220
1,False,-6.0,6.0,0,9,5875,6300,6300,50,220,220
1,False,-6.0,6.0,0,9,5925,6300,6300,50,220,220
1,False,-6.333333333333333,6.333333333333333,0,10,5975,6300,6300,50,220,220
1,False,-6.333333333333333,6.333333333333333,0,10,6025,6300,6300,50,220,220
1,False,-6.333333333333333,6.333333333333333,0,11,6075,6300,6300,50,220,220
1,False,-6.0,6.0,0,11,6125,6300,6300,50,220,220
1,False,-6.0,6.0,0,11,6175,6300,6300,50,220,220
1,False,-6.0,6.0,0,12,6225,6300,6300,50,220,220
2,False,28.666666666666668,26.333333333333332,55,37,4968,6300,6300,50,220,220
2,False,28.666666666666668,26.333333333333332,55,37,5018,6300,6300,50,220,220
2,False,28.0,27.0,55,37,5068,6300,6300,50,220,220
2,False,27.666666666666668,25.333333333333332,53,36,5118,6300,6300,50,220,220
2,False,27.666666666666668,25.333333333333332,53,36,5168,6300,6300,50,220,220
2,False,27.666666666666668,25.333333333333332,53,36,5218,6300,6300,50,220,220
2,False,26.666666666666668,25.333333333333332,52,36,5268,6300,6300,50,220,220
2,False,26.333333333333332,24.666666666666668,51,36,5318,6300,6300,50,220,220
2,False,26.0,25.0,51,35,5368,6300,6300,50,220,220
2,False,25.333333333333332,24.666666666666668,50,36,5418,6300,6300,50,220,220
2,False,25.666666666666668,24.333333333333332,50,35,5468,6300,6300,50,220,220
2,False,25.0,24.0,49,34,5518,6300,6300,50,220,220
2,False,25.0,24.0,49,34,5568,6300,6300,50,220,220
2,False,24.333333333333332,23.666666666666668,48,34,5618,6300,6300,50,220,220
2,False,23.666666666666668,23.333333333333332,47,34,5668,6300,6300,50,220,220
2,False,23.0,23.0,46,33,5718,6300,6300,50,220,220
2,False,23.0,23.0,46,34,5768,6300,6300,50,220,220
2,False,22.333333333333332,22.666666666666668,45,33,5818,6300,6300,50,220,220
2,False,21.666666666666668,22.333333333333332,44,33,5868,6300,6300,50,220,220
2,False,22.0,22.0,44,32,5918,6300,6300,50,220,220
3,False,-5.666666666666667,5.666666666666667,0,3,4661,6300,6300,50,220,220
3,False,-5.333333333333333,5.333333333333333,0,4,4711,6300,6300,50,220,220
3,False,-5.666666666666667,5.666666666666667,0,4,4761,6300,6300,50,220,220
3,False,-5.666666666666667,5.666666666666667,0,5,4811,6300,6300,50,220,220
3,False,-5.666666666666667,5.666666666666667,0,5,4861,6300,6300,50,220,220
3,False,-5.666666666666667,5.666666666666667,0,5,4911,6300,6300,50,220,220
3,False,-5.666666666666667,5.666666666666667,0,5,4961,6300,6300,50,220,220
3,False,-5.666666666666667,5.666666666666667,0,6,5011,6300,6300,50,220,220
3,False,-5.666666666666667,5.666666666666667,0,7,5061,6300,6300,50,220,220
3,False,-5.666666666666667,5.666666666666667,0,7,5111,6300,6300,50,220,220
3,False,-5.666666666666667,5.666666666666667,0,7,5161,6300,6300,50,220,220
3,False,-5.666666666666667,5.666666666666667,0,7,5211,6300,6300,50,220,220
3,False,-5.666666666666667,5.666666666666667,0,8,5261,6300,6300,50,220,220
3,False,-5.666666666666667,5.666666666666667,0,8,5311,6300,6300,50,220,220
3,False,-5.666666666666667,5.666666666666667,0,8,5361,6300,6300,50,220,220
3,False,-5.666666666666667,5.666666666666667,0,9,5411,6300,6300,50,220,220
3,False,-5.666666666666667,5.666666666666667,0,9,5461,6300,6300,50,220,220
3,False,-5.666666666666667,5.666666666666667,0,10,5511,6300,6300,50,220,220
3,False,-5.666666666666667,5.666666666666667,0,10,5561,6300,6300,50,220,220
3,False,-5.666666666666667,5.666666666666667,0,10,5611,6300,6300,50,220,220
4,False,27.333333333333332,27.666666666666668,55,38,5354,6300,6300,50,220,220
4,False,27.333333333333332,26.666666666666668,54,37,5404,6300,6300,50,220,220
4,False,27.333333333333332,25.666666666666668,53,37,5454,6300,6300,50,220,220
4,False,26.666666666666668,25.333333333333332,52,36,5504,6300,6300,50,220,220
4,False,26.0,25.0,51,36,5554,6300,6300,50,220,220
4,False,25.333333333333332,24.666666666666668,50,36,5604,6300,6300,50,220,220
4,False,24.666666666666668,24.333333333333332,49,35,5654,6300,6300,50,220,220
4,False,24.0,24.0,48,35,5704,6300,6300,50,220,220
4,False,23.333333333333332,23.666666666666668,47,34,5754,6300,6300,50,220,220
4,False,22.666666666666668,23.333333333333332,46,34,5804,6300,6300,50,220,220
4,False,22.333333333333332,22.666666666666668,45,34,5854,6300,6300,50,220,220
4,False,21.0,22.0,43,33,5904,6300,6300,50,220,220
4,False,21.0,22.0,43,33,5954,6300,6300,50,220,220
4,False,20.0,22.0,42,33,6004,6300,6300,50,220,220
4,False,18.333333333333332,20.666666666666668,39,32,6054,6300,6300,50,220,220
4,False,18.333333333333332,20.666666666666668,39,31,6104,6300,6300,50,220,220
4,False,17.666666666666668,20.333333333333332,38,31,6154,6300,6300,50,220,220
4,False,17.0,20.0,37,31,6204,6300,6300,50,220,220
4,False,15.666666666666668,19.333333333333332,35,30,6254,6300,6300,50,220,220
4,False,15.666666666666668,19.333333333333332,35,30,6304,6300,6300,50,220,220
5,False,-6.666666666666667,6.666666666666667,0,5,5035,6300,6300,50,220,220
5,False,-6.333333333333333,6.333333333333333,0,6,5085,6300,6300,50,220,220
5,False,-6.666666666666667,6.666666666666667,0,6,5135,6300,6300,50,220,220
5,False,-6.666666666666667,6.666666666666667,0,6,5185,6300,6300,50,220,220
5,False,-6.666666666666667,6.666666666666667,0,6,5235,6300,6300,50,220,220
5,False,-6.666666666666667,6.666666666666667,0,7,5285,6300,6300,50,220,220
5,False,-6.666666666666667,6.666666666666667,0,7,5335,6300,6300,50,220,220
5,False,-6.666666666666667,6.666666666666667,0,7,5385,6300,6300,50,220,220
5,False,-6.666666666666667,6.666666666666667,0,8,5435,6300,6300,50,220,220
5,False,-6.666666666666667,6.666666666666667,0,8,5485,6300,6300,50,220,220
5,False,-6.666666666666667,6.666666666666667,0,8,5535,6300,6300,50,220,220
5,False,-6.666666666666667,6.666666666666667,0,9,5585,6300,6300,50,220,220
5,False,-6.666666666666667,6.666666666666667,0,9,5635,6300,6300,50,220,220
5,False,-6.666666666666667,6.666666666666667,0,9,5685,6300,6300,50,220,220
5,False,-7.0,7.0,0,10,5735,6300,6300,50,220,220
5,False,-6.666666666666667,6.666666666666667,0,10,5785,6300,6300,50,220,220
5,False,-6.666666666666667,6.666666666666667,0,11,5835,6300,6300,50,220,220
5,False,-6.666666666666667,6.666666666666667,0,11,5885,6300,6300,50,220,220
5,False,-6.666666666666667,6.666666666666667,0,11,5935,6300,6300,50,220,220
5,False,-7.666666666666667,7.666666666666667,0,12,5985,6300,6300,50,220,220
6,False,35.66666666666667,29.333333333333332,65,39,4728,6300,6300,50,220,220
6,False,35.0,29.0,64,39,4778,6300,6300,50,220,220
6,False,35.0,29.0,64,39,4828,6300,6300,50,220,220
6,False,33.66666666666667,28.333333333333332,62,38,4878,6300,6300,50,220,220
6,False,33.0,28.0,61,38,4928,6300,6300,50,220,220
6,False,32.33333333333333,27.666666666666668,60,38,4978,6300,6300,50,220,220
6,False,32.0,27.0,59,37,5028,6300,6300,50,220,220
6,False,31.333333333333332,26.666666666666668,58,36,5078,6300,6300,50,220,220
6,False,30.666666666666668,26.333333333333332,57,37,5128,6300,6300,50,220,220
6,False,30.0,26.0,56,36,5178,6300,6300,50,220,220
6,False,29.333333333333332,25.666666666666668,55,36,5228,6300,6300,50,220,220
6,False,28.0,25.0,53,35,5278,6300,6300,50,220,220
6,False,27.333333333333332,24.666666666666668,52,35,5328,6300,6300,50,220,220
6,False,27.333333333333332,24.666666666666668,52,35,5378,6300,6300,50,220,220
6,False,26.0,24.0,50,34,5428,6300,6300,50,220,220
6,False,25.0,23.0,48,33,5478,6300,6300,50,220,220
6,False,24.333333333333332,22.666666666666668,47,33,5528,6300,6300,50,220,220
6,False,24.0,23.0,47,33,5578,6300,6300,50,220,220
6,False,25.666666666666668,23.333333333333332,49,33,5628,6300,6300,50,220,220
6,False,22.333333333333332,21.666666666666668,44,32,5678,6300,6300,50,220,220
1,False,-5.666666666666667,5.666666666666667,0,1,4421,6300,6300,50,220,220
1,False,-5.666666666666667,5.666666666666667,0,1,4471,6300,6300,50,220,220
1,False,-5.666666666666667,5.666666666666667,0,1,4521,6300,6300,50,220,220
1,False,-5.666666666666667,5.666666666666667,0,1,4571,6300,6300,50,220,220
1,False,-5.666666666666667,5.666666666666667,0,1,4621,6300,6300,50,220,220
1,False,-5.666666666666667,5.666666666666667,0,2,4671,6300,6300,50,220,220
1,False,-6.0,6.0,0,2,4721,6300,6300,50,220,220
1,False,-6.0,6.0,0,2,4771,6300,6300,50,220,220
1,False,-6.0,6.0,0,3,4821,6300,6300,50,220,220
1,False,-6.0,6.0,0,3,4871,6300,6300,50,220,220
1,False,-6.0,6.0,0,3,4921,6300,6300,50,220,220
1,False,-6.0,6.0,0,4,4971,6300,6300,50,220,220
1,False,-6.0,6.0,0,4,5021,6300,6300,50,220,220
1,False,-5.666666666666667,5.666666666666667,0,4,5071,6300,6300,50,220,220
1,False,-6.0,6.0,0,4,5121,6300,6300,50,220,220
1,False,-6.0,6.0,0,5,5171,6300,6300,50,220,220
1,False,-6.0,6.0,0,5,5221,6300,6300,50,220,220
1,False,-6.333333333333333,6.333333333333333,0,6,5271,6300,6300,50,220,220
1,False,-6.0,6.0,0,6,5321,6300,6300,50,220,220
1,False,-6.0,6.0,0,6,5371,6300,6300,50,220,220
2,False,33.66666666666667,29.333333333333332,63,40,5114,6300,6300,50,220,220
2,False,33.0,29.0,62,39,5164,6300,6300,50,220,220
2,False,32.33333333333333,28.666666666666668,61,39,5214,6300,6300,50,220,220
2,False,32.0,28.0,60,39,5264,6300,6300,50,220,220
2,False,30.666666666666668,27.333333333333332,58,38,5314,6300,6300,50,220,220
2,False,29.666666666666668,27.333333333333332,57,38,5364,6300,6300,50,220,220
2,False,30.0,27.0,57,37,5414,6300,6300,50,220,220
2,False,29.666666666666668,26.333333333333332,56,37,5464,6300,6300,50,220,220
2,False,28.0,26.0,54,37,5514,6300,6300,50,220,220
2,False,27.333333333333332,25.666666666666668,53,36,5564,6300,6300,50,220,220
2,False,27.0,25.0,52,36,5614,6300,6300,50,220,220
2,False,26.333333333333332,24.666666666666668,51,36,5664,6300,6300,50,220,220
2,False,25.666666666666668,24.333333333333332,50,35,5714,6300,6300,50,220,220
2,False,25.0,24.0,49,34,5764,6300,6300,50,220,220
2,False,24.333333333333332,23.666666666666668,48,34,5814,6300,6300,50,220,220
2,False,23.0,23.0,46,34,5864,6300,6300,50,220,220
2,False,22.0,24.0,46,34,5914,6300,6300,50,220,220
2,False,21.666666666666668,22.333333333333332,44,33,5964,6300,6300,50,220,220
2,False,21.0,22.0,43,33,6014,6300,6300,50,220,220
2,False,20.666666666666668,21.333333333333332,42,32,6064,6300,6300,50,220,220
3,False,-5.666666666666667,5.666666666666667,0,5,4807,6300,6300,50,220,220
3,False,-5.666666666666667,5.666666666666667,0,5,4857,6300,6300,50,220,220
3,False,-5.666666666666667,5.666666666666667,0,4,4907,6300,6300,50,220,220
3,False,-5.666666666666667,5.666666666666667,0,5,4957,6300,6300,50,220,220
3,False,-5.333333333333333,5.333333333333333,0,5,5007,6300,6300,50,220,220
3,False,-5.666666666666667,5.666666666666667,0,5,5057,6300,6300,50,220,220
3,False,-5.666666666666667,5.666666666666667,0,6,5107,6300,6300,50,220,220
3,False,-5.666666666666667,5.666666666666667,0,6,5157,6300,6300,50,220,220
3,False,-5.666666666666667,5.666666666666667,0,6,5207,6300,6300,50,220,220
3,False,-5.666666666666667,5.666666666666667,0,7,5257,6300,6300,50,220,220
3,False,-5.666666666666667,5.666666666666667,0,7,5307,6300,6300,50,220,220
3,False,-5.666666666666667,5.666666666666667,0,7,5357,6300,6300,50,220,220
3,False,-5.666666666666667,5.666666666666667,0,8,5407,6300,6300,50,220,220
3,False,-5.666666666666667,5.666666666666667,0,8,5457,6300,6300,50,220,220
3,False,-5.666666666666667,5.666666666666667,0,8,5507,6300,6300,50,220,220
3,False,-5.666666666666667,5.666666666666667,0,9,5557,6300,6300,50,220,220
3,False,-5.666666666666667,5.666666666666667,0,9,5607,6300,6300,50,220,220
3,False,-5.666666666666667,5.666666666666667,0,9,5657,6300,6300,50,220,220
3,False,-5.666666666666667,5.666666666666667,0,10,5707,6300,6300,50,220,220
3,False,-5.666666666666667,5.666666666666667,0,10,5757,6300,6300,50,220,220
4,False,30.666666666666668,28.333333333333332,59,39,4489,6300,6300,50,220,220
4,False,30.0,28.0,58,38,4539,6300,6300,50,220,220
4,False,29.333333333333332,27.666666666666668,57,38,4589,6300,6300,50,220,220
4,False,28.666666666666668,27.333333333333332,56,37,4639,6300,6300,50,220,220
4,False,29.0,27.0,56,37,4689,6300,6300,50,220,220
4,False,27.666666666666668,26.333333333333332,54,37,4739,6300,6300,50,220,220
4,False,27.0,26.0,53,36,4789,6300,6300,50,220,220
4,False,26.666666666666668,25.333333333333332,52,36,4839,6300,6300,50,220,220
4,False,26.666666666666668,25.333333333333332,52,36,4889,6300,6300,50,220,220
4,False,25.333333333333332,24.666666666666668,50,36,4939,6300,6300,50,220,220
4,False,24.333333333333332,24.666666666666668,49,35,4989,6300,6300,50,220,220
4,False,24.666666666666668,24.333333333333332,49,35,5039,6300,6300,50,220,220
4,False,24.0,24.0,48,34,5089,6300,6300,50,220,220
4,False,22.666666666666668,23.333333333333332,46,34,5139,6300,6300,50,220,220
4,False,21.0,24.0,45,34,5189,6300,6300,50,220,220
4,False,22.333333333333332,22.666666666666668,45,33,5239,6300,6300,50,220,220
4,False,21.0,22.0,43,33,5289,6300,6300,50,220,220
4,False,20.333333333333332,21.666666666666668,42,32,5339,6300,6300,50,220,220
4,False,19.666666666666668,21.333333333333332,41,32,5389,6300,6300,50,220,220
4,False,19.0,21.0,40,32,5439,6300,6300,50,220,220
5,False,-6.333333333333333,6.333333333333333,0,0,5182,6300,6300,50,220,220
5,False,-6.333333333333333,6.333333333333333,0,0,5232,6300,6300,50,220,220
5,False,-6.333333333333333,6.333333333333333,0,1,5282,6300,6300,50,220,220
5,False,-6.333333333333333,6.333333333333333,0,1,5332,6300,6300,50,220,220
5,False,-6.333333333333333,6.333333333333333,0,1,5382,6300,6300,50,220,220
5,False,-6.333333333333333,6.333333333333333,0,1,5432,6300,6300,50,220,220
5,False,-6.666666666666667,6.666666666666667,0,2,5482,6300,6300,50,220,220
5,False,-6.333333333333333,6.333333333333333,0,2,5532,6300,6300,50,220,220
5,False,-6.333333333333333,6.333333333333333,0,2,5582,6300,6300,50,220,220
5,False,-6.666666666666667,6.666666666666667,0,2,5632,6300,6300,50,220,220
5,False,-6.333333333333333,6.333333333333333,0,3,5682,6300,6300,50,220,220
5,False,-6.666666666666667,6.666666666666667,0,4,5732,6300,6300,50,220,220
5,False,-6.666666666666667,6.666666666666667,0,4,5782,6300,6300,50,220,220
5,False,-7.666666666666667,7.666666666666667,0,4,5832,6300,6300,50,220,220
5,False,-6.666666666666667,6.666666666666667,0,4,5882,6300,6300,50,220,220
5,False,-6.666666666666667,6.666666666666667,0,5,5932,6300,6300,50,220,220
5,False,-6.666666666666667,6.666666666666667,0,5,5982,6300,6300,50,220,220
5,False,-6.666666666666667,6.666666666666667,0,5,6032,6300,6300,50,220,220
5,False,-6.666666666666667,6.666666666666667,0,6,6082,6300,6300,50,220,220
5,False,-6.666666666666667,6.666666666666667,0,6,6132,6300,6300,50,220,220
6,False,25.333333333333332,23.666666666666668,49,33,4876,6300,6300,50,220,220
6,False,24.333333333333332,22.666666666666668,47,33,4926,6300,6300,50,220,220
6,False,23.333333333333332,22.666666666666668,46,33,4976,6300,6300,50,220,220
6,False,23.0,22.0,45,32,5026,6300,6300,50,220,220
6,False,22.333333333333332,21.666666666666668,44,32,5076,6300,6300,50,220,220
6,False,21.666666666666668,21.333333333333332,43,31,5126,6300,6300,50,220,220
6,False,20.333333333333332,20.666666666666668,41,31,5176,6300,6300,50,220,220
6,False,19.666666666666668,20.333333333333332,40,31,5226,6300,6300,50,220,220
6,False,19.666666666666668,20.333333333333332,40,30,5276,6300,6300,50,220,220
6,False,18.333333333333332,19.666666666666668,38,30,5326,6300,6300,50,220,220
6,False,17.666666666666668,19.333333333333332,37,29,5376,6300,6300,50,220,220
6,False,17.0,19.0,36,29,5426,6300,6300,50,220,220
6,False,19.0,20.0,39,29,5476,6300,6300,50,220,220
6,False,16.0,18.0,34,28,5526,6300,6300,50,220,220
6,False,15.333333333333332,17.666666666666668,33,28,5576,6300,6300,50,220,220
6,False,14.666666666666668,17.333333333333332,32,27,5626,6300,6300,50,220,220
6,False,14.0,17.0,31,27,5676,6300,6300,50,220,220
6,False,12.666666666666668,16.333333333333332,29,26,5726,6300,6300,50,220,220
6,False,12.666666666666668,16.333333333333332,29,26,5776,6300,6300,50,220,220
6,False,12.0,16.0,28,26,5826,6300,6300,50,220,220
1,False,-5.666666666666667,5.666666666666667,0,0,4568,6200,6200,50,220,220
1,False,-5.666666666666667,5.666666666666667,0,0,4618,6200,6200,50,220,220
1,False,-5.666666666666667,5.666666666666667,0,0,4668,6200,6200,50,220,220
1,False,-5.666666666666667,5.666666666666667,0,0,4718,6200,6200,50,220,220
1,False,-5.666666666666667,5.666666666666667,0,0,4768,6200,6200,50,220,220
1,False,-5.666666666666667,5.666666666666667,0,0,4818,6200,6200,50,220,220
1,False,-6.0,6.0,0,0,4868,6200,6200,50,220,220
1,False,-5.666666666666667,5.666666666666667,0,0,4918,6200,6200,50,220,220
1,False,-5.666666666666667,5.666666666666667,0,0,4968,6200,6200,50,220,220
1,False,-5.666666666666667,5.666666666666667,0,1,5018,6200,6200,50,220,220
1,False,-6.0,6.0,0,1,5068,6200,6200,50,220,220
1,False,-6.0,6.0,0,2,5118,6200,6200,50,220,220
1,False,-6.0,6.0,0,2,5168,6200,6200,50,220,220
1,False,-6.0,6.0,0,2,5218,6200,6200,50,220,220
1,False,-6.0,6.0,0,3,5268,6200,6200,50,220,220
1,False,-6.0,6.0,0,3,5318,6200,6200,50,220,220
1,False,-6.0,6.0,0,4,5368,6200,6200,50,220,220
1,False,-6.0,6.0,0,5,5418,6200,6200,50,220,220
1,False,-6.0,6.0,0,5,5468,6200,6200,50,220,220
1,False,-6.0,6.0,0,6,5518,6200,6200,50,220,220
2,False,31.333333333333332,27.666666666666668,59,39,4362,6200,6200,50,220,220
2,False,31.333333333333332,27.666666666666668,59,39,4412,6200,6200,50,220,220
2,False,31.0,28.0,59,38,4462,6200,6200,50,220,220
2,False,30.333333333333332,27.666666666666668,58,38,4512,6200,6200,50,220,220
2,False,30.666666666666668,27.333333333333332,58,38,4562,6200,6200,50,220,220
2,False,30.0,27.0,57,38,4612,6200,6200,50,220,220
2,False,29.666666666666668,27.333333333333332,57,38,4662,6200,6200,50,220,220
2,False,30.0,27.0,57,37,4712,6200,6200,50,220,220
2,False,29.333333333333332,26.666666666666668,56,37,4762,6200,6200,50,220,220
2,False,29.333333333333332,26.666666666666668,56,37,4812,6200,6200,50,220,220
2,False,27.666666666666668,27.333333333333332,55,37,4862,6200,6200,50,220,220
2,False,28.333333333333332,25.666666666666668,54,37,4912,6200,6200,50,220,220
2,False,27.333333333333332,25.666666666666668,53,37,4962,6200,6200,50,220,220
2,False,27.666666666666668,25.333333333333332,53,36,5012,6200,6200,50,220,220
2,False,27.333333333333332,25.666666666666668,53,36,5062,6200,6200,50,220,220
2,False,26.666666666666668,25.333333333333332,52,35,5112,6200,6200,50,220,220
2,False,26.333333333333332,24.666666666666668,51,35,5162,6200,6200,50,220,220
2,False,26.0,25.0,51,36,5212,6200,6200,50,220,220
2,False,25.666666666666668,24.333333333333332,50,35,5262,6200,6200,50,220,220
2,False,24.666666666666668,24.333333333333332,49,35,5312,6200,6200,50,220,220
3,False,-5.666666666666667,5.666666666666667,0,3,5155,6200,6200,50,220,220
3,False,-5.666666666666667,5.666666666666667,0,3,5205,6200,6200,50,220,220
3,False,-5.666666666666667,5.666666666666667,0,3,5255,6200,6200,50,220,220
3,False,-5.666666666666667,5.666666666666667,0,4,5305,6200,6200,50,220,220
3,False,-5.666666666666667,5.666666666666667,0,4,5355,6200,6200,50,220,220
3,False,-5.666666666666667,5.666666666666667,0,5,5405,6200,6200,50,220,220
3,False,-5.666666666666667,5.666666666666667,0,5,5455,6200,6200,50,220,220
3,False,-5.666666666666667,5.666666666666667,0,6,5505,6200,6200,50,220,220
3,False,-5.666666666666667,5.666666666666667,0,6,5555,6200,6200,50,220,220
3,False,-5.666666666666667,5.666666666666667,0,7,5605,6200,6200,50,220,220
3,False,-5.666666666666667,5.666666666666667,0,7,5655,6200,6200,50,220,220
3,False,-6.0,6.0,0,8,5705,6200,6200,50,220,220
3,False,-6.0,6.0,0,8,5755,6200,6200,50,220,220
3,False,-5.666666666666667,5.666666666666667,0,9,5805,6200,6200,50,220,220
3,False,-5.666666666666667,5.666666666666667,0,9,5855,6200,6200,50,220,220
3,False,-6.0,6.0,0,9,5905,6200,6200,50,220,220
3,False,-6.0,6.0,0,10,5955,6200,6200,50,220,220
3,False,-6.0,6.0,0,10,6005,6200,6200,50,220,220
3,False,-5.666666666666667,5.666666666666667,0,11,6055,6200,6200,50,220,220
3,False,-5.666666666666667,5.666666666666667,0,11,6105,6200,6200,50,220,220
4,False,24.333333333333332,24.666666666666668,49,35,4934,6200,6200,50,220,220
4,False,24.333333333333332,24.666666666666668,49,35,4984,6200,6200,50,220,220
4,False,24.0,24.0,48,35,5034,6200,6200,50,220,220
4,False,23.333333333333332,23.666666666666668,47,34,5084,6200,6200,50,220,220
4,False,23.0,23.0,46,34,5134,6200,6200,50,220,220
4,False,22.666666666666668,23.333333333333332,46,34,5184,6200,6200,50,220,220
4,False,22.0,23.0,45,34,5234,6200,6200,50,220,220
4,False,21.333333333333332,22.666666666666668,44,33,5284,6200,6200,50,220,220
4,False,20.0,23.0,43,33,5334,6200,6200,50,220,220
4,False,21.0,22.0,43,33,5384,6200,6200,50,220,220
4,False,20.333333333333332,21.666666666666668,42,33,5434,6200,6200,50,220,220
4,False,19.0,21.0,40,32,5484,6200,6200,50,220,220
4,False,18.333333333333332,20.666666666666668,39,32,5534,6200,6200,50,220,220
4,False,18.333333333333332,20.666666666666668,39,31,5584,6200,6200,50,220,220
4,False,17.666666666666668,20.333333333333332,38,31,5634,6200,6200,50,220,220
4,False,16.666666666666668,19.333333333333332,36,31,5684,6200,6200,50,220,220
4,False,16.333333333333332,19.666666666666668,36,30,5734,6200,6200,50,220,220
4,False,15.666666666666668,19.333333333333332,35,30,5784,6200,6200,50,220,220
4,False,15.0,19.0,34,29,5834,6200,6200,50,220,220
4,False,14.666666666666668,18.333333333333332,33,29,5884,6200,6200,50,220,220
5,False,-6.333333333333333,6.333333333333333,0,2,4727,6200,6200,50,220,220
5,False,-6.333333333333333,6.333333333333333,0,2,4777,6200,6200,50,220,220
5,False,-6.333333333333333,6.333333333333333,0,2,4827,6200,6200,50,220,220
5,False,-6.333333333333333,6.333333333333333,0,2,4877,6200,6200,50,220,220
5,False,-6.333333333333333,6.333333333333333,0,2,4927,6200,6200,50,220,220
5,False,-6.333333333333333,6.333333333333333,0,3,4977,6200,6200,50,220,220
5,False,-6.333333333333333,6.333333333333333,0,3,5027,6200,6200,50,220,220
5,False,-7.333333333333333,7.333333333333333,0,4,5077,6200,6200,50,220,220
5,False,-6.666666666666667,6.666666666666667,0,4,5127,6200,6200,50,220,220
5,False,-6.666666666666667,6.666666666666667,0,4,5177,6200,6200,50,220,220
5,False,-6.333333333333333,6.333333333333333,0,5,5227,6200,6200,50,220,220
5,False,-6.666666666666667,6.666666666666667,0,5,5277,6200,6200,50,220,220
5,False,-6.666666666666667,6.666666666666667,0,5,5327,6200,6200,50,220,220
5,False,-6.666666666666667,6.666666666666667,0,5,5377,6200,6200,50,220,220
5,False,-6.666666666666667,6.666666666666667,0,6,5427,6200,6200,50,220,220
5,False,-6.666666666666667,6.666666666666667,0,6,5477,6200,6200,50,220,220
5,False,-6.666666666666667,6.666666666666667,0,6,5527,6200,6200,50,220,220
5,False,-6.666666666666667,6.666666666666667,0,6,5577,6200,6200,50,220,220
5,False,-6.666666666666667,6.666666666666667,0,7,5627,6200,6200,50,220,220
5,False,-6.666666666666667,6.666666666666667,0,7,5677,6200,6200,50,220,220
6,False,37.33333333333333,30.666666666666668,68,41,4520,6200,6200,50,220,220
6,False,37.0,30.0,67,41,4570,6200,6200,50,220,220
6,False,36.66666666666667,30.333333333333332,67,41,4620,6200,6200,50,220,220
6,False,36.66666666666667,29.333333333333332,66,40,4670,6200,6200,50,220,220
6,False,35.66666666666667,29.333333333333332,65,40,4720,6200,6200,50,220,220
6,False,35.66666666666667,29.333333333333332,65,39,4770,6200,6200,50,220,220
6,False,37.0,30.0,67,40,4820,6200,6200,50,220,220
6,False,34.66666666666667,28.333333333333332,63,39,4870,6200,6200,50,220,220
6,False,33.33333333333333,27.666666666666668,61,39,4920,6200,6200,50,220,220
6,False,34.0,28.0,62,38,4970,6200,6200,50,220,220
6,False,33.0,28.0,61,38,5020,6200,6200,50,220,220
6,False,32.66666666666667,27.333333333333332,60,38,5070,6200,6200,50,220,220
6,False,31.666666666666668,27.333333333333332,59,37,5120,6200,6200,50,220,220
6,False,31.0,27.0,58,37,5170,6200,6200,50,220,220
6,False,31.333333333333332,26.666666666666668,58,37,5220,6200,6200,50,220,220
6,False,30.0,26.0,56,37,5270,6200,6200,50,220,220
6,False,29.333333333333332,25.666666666666668,55,36,5320,6200,6200,50,220,220
6,False,29.333333333333332,25.666666666666668,55,36,5370,6200,6200,50,220,220
6,False,28.666666666666668,25.333333333333332,54,35,5420,6200,6200,50,220,220
6,False,27.333333333333332,24.666666666666668,52,35,5470,6200,6200,50,220,220
1,False,-6.0,6.0,0,2,4312,6200,6200,50,220,220
1,False,-6.0,6.0,0,2,4362,6200,6200,50,220,220
1,False,-6.0,6.0,0,3,4412,6200,6200,50,220,220
1,False,-6.0,6.0,0,3,4462,6200,6200,50,220,220
1,False,-6.0,6.0,0,3,4512,6200,6200,50,220,220
1,False,-6.333333333333333,6.333333333333333,0,4,4562,6200,6200,50,220,220
1,False,-6.0,6.0,0,4,4612,6200,6200,50,220,220
1,False,-6.0,6.0,0,5,4662,6200,6200,50,220,220
1,False,-6.0,6.0,0,5,4712,6200,6200,50,220,220
1,False,-6.0,6.0,0,5,4762,6200,6200,50,220,220
1,False,-6.0,6.0,0,6,4812,6200,6200,50,220,220
1,False,-6.0,6.0,0,6,4862,6200,6200,50,220,220
1,False,-6.0,6.0,0,7,4912,6200,6200,50,220,220
1,False,-6.0,6.0,0,7,4962,6200,6200,50,220,220
1,False,-6.0,6.0,0,7,5012,6200,6200,50,220,220
1,False,-6.0,6.0,0,8,5062,6200,6200,50,220,220
1,False,-6.333333333333333,6.333333333333333,0,8,5112,6200,6200,50,220,220
1,False,-6.0,6.0,0,9,5162,6200,6200,50,220,220
1,False,-6.0,6.0,0,9,5212,6200,6200,50,220,220
1,False,-6.0,6.0,0,10,5262,6200,6200,50,220,220
2,False,35.0,30.0,65,40,5102,6200,6200,50,220,220
2,False,34.33333333333333,29.666666666666668,64,40,5152,6200,6200,50,220,220
2,False,34.33333333333333,29.666666666666668,64,40,5202,6200,6200,50,220,220
2,False,33.66666666666667,29.333333333333332,63,39,5252,6200,6200,50,220,220
2,False,31.333333333333332,29.666666666666668,61,39,5302,6200,6200,50,220,220
2,False,32.0,28.0,60,38,5352,6200,6200,50,220,220
2,False,31.0,28.0,59,38,5402,6200,6200,50,220,220
2,False,30.333333333333332,27.666666666666668,58,38,5452,6200,6200,50,220,220
2,False,29.333333333333332,26.666666666666668,56,37,5502,6200,6200,50,220,220
2,False,29.333333333333332,26.666666666666668,56,37,5552,6200,6200,50,220,220
2,False,28.666666666666668,26.333333333333332,55,37,5602,6200,6200,50,220,220
2,False,28.0,26.0,54,36,5652,6200,6200,50,220,220
2,False,27.666666666666668,25.333333333333332,53,36,5702,6200,6200,50,220,220
2,False,26.333333333333332,24.666666666666668,51,35,5752,6200,6200,50,220,220
2,False,26.333333333333332,24.666666666666668,51,35,5802,6200,6200,50,220,220
2,False,25.0,24.0,49,35,5852,6200,6200,50,220,220
2,False,24.333333333333332,23.666666666666668,48,34,5902,6200,6200,50,220,220
2,False,23.666666666666668,23.333333333333332,47,34,5952,6200,6200,50,220,220
2,False,23.0,23.0,46,34,6002,6200,6200,50,220,220
2,False,22.333333333333332,22.666666666666668,45,33,6052,6200,6200,50,220,220
3,False,-5.666666666666667,5.666666666666667,0,5,4887,6200,6200,50,220,220
3,False,-5.666666666666667,5.666666666666667,0,6,4937,6200,6200,50,220,220
3,False,-5.666666666666667,5.666666666666667,0,6,4987,6200,6200,50,220,220
3,False,-5.666666666666667,5.666666666666667,0,6,5037,6200,6200,50,220,220
3,False,-5.666666666666667,5.666666666666667,0,6,5087,6200,6200,50,220,220
3,False,-5.666666666666667,5.666666666666667,0,6,5137,6200,6200,50,220,220
3,False,-5.666666666666667,5.666666666666667,0,7,5187,6200,6200,50,220,220
3,False,-5.666666666666667,5.666666666666667,0,7,5237,6200,6200,50,220,220
3,False,-5.666666666666667,5.666666666666667,0,8,5287,6200,6200,50,220,220
3,False,-5.666666666666667,5.666666666666667,0,8,5337,6200,6200,50,220,220
3,False,-5.666666666666667,5.666666666666667,0,8,5387,6200,6200,50,220,220
3,False,-5.666666666666667,5.666666666666667,0,8,5437,6200,6200,50,220,220
3,False,-6.0,6.0,0,9,5487,6200,6200,50,220,220
3,False,-5.666666666666667,5.666666666666667,0,9,5537,6200,6200,50,220,220
3,False,-5.666666666666667,5.666666666666667,0,10,5587,6200,6200,50,220,220
3,False,-5.666666666666667,5.666666666666667,0,10,5637,6200,6200,50,220,220
3,False,-5.666666666666667,5.666666666666667,0,10,5687,6200,6200,50,220,220
3,False,-5.666666666666667,5.666666666666667,0,11,5737,6200,6200,50,220,220
3,False,-5.666666666666667,5.666666666666667,0,11,5787,6200,6200,50,220,220
3,False,-5.666666666666667,5.666666666666667,0,11,5837,6200,6200,50,220,220
4,False,36.0,31.0,67,42,4681,6200,6200,50,220,220
4,False,34.66666666666667,30.333333333333332,65,41,4731,6200,6200,50,220,220
4,False,33.0,31.0,64,41,4781,6200,6200,50,220,220
4,False,34.33333333333333,29.666666666666668,64,41,4831,6200,6200,50,220,220
4,False,32.66666666666667,29.333333333333332,62,40,4881,6200,6200,50,220,220
4,False,32.33333333333333,28.666666666666668,61,39,4931,6200,6200,50,220,220
4,False,30.666666666666668,28.333333333333332,59,39,4981,6200,6200,50,220,220
4,False,30.333333333333332,27.666666666666668,58,39,5031,6200,6200,50,220,220
4,False,29.666666666666668,27.333333333333332,57,38,5081,6200,6200,50,220,220
4,False,29.333333333333332,26.666666666666668,56,38,5131,6200,6200,50,220,220
4,False,28.0,26.0,54,37,5181,6200,6200,50,220,220
4,False,27.0,26.0,53,37,5231,6200,6200,50,220,220
4,False,26.666666666666668,25.333333333333332,52,36,5281,6200,6200,50,220,220
4,False,25.333333333333332,24.666666666666668,50,36,5331,6200,6200,50,220,220
4,False,24.666666666666668,24.333333333333332,49,35,5381,6200,6200,50,220,220
4,False,24.0,24.0,48,34,5431,6200,6200,50,220,220
4,False,22.666666666666668,23.333333333333332,46,34,5481,6200,6200,50,220,220
4,False,22.0,23.0,45,34,5531,6200,6200,50,220,220
4,False,21.0,22.0,43,33,5581,6200,6200,50,220,220
4,False,20.0,22.0,42,32,5631,6200,6200,50,220,220
5,False,-6.333333333333333,6.333333333333333,0,2,4474,6200,6200,50,220,220
5,False,-7.333333333333333,7.333333333333333,0,2,4524,6200,6200,50,220,220
5,False,-6.333333333333333,6.333333333333333,0,2,4574,6200,6200,50,220,220
5,False,-6.333333333333333,6.333333333333333,0,2,4624,6200,6200,50,220,220
5,False,-6.333333333333333,6.333333333333333,0,2,4674,6200,6200,50,220,220
5,False,-6.333333333333333,6.333333333333333,0,2,4724,6200,6200,50,220,220
5,False,-6.333333333333333,6.333333333333333,0,2,4774,6200,6200,50,220,220
5,False,-6.333333333333333,6.333333333333333,0,2,4824,6200,6200,50,220,220
5,False,-6.333333333333333,6.333333333333333,0,2,4874,6200,6200,50,220,220
5,False,-6.333333333333333,6.333333333333333,0,3,4924,6200,6200,50,220,220
5,False,-6.333333333333333,6.333333333333333,0,3,4974,6200,6200,50,220,220
5,False,-6.333333333333333,6.333333333333333,0,3,5024,6200,6200,50,220,220
5,False,-6.666666666666667,6.666666666666667,0,3,5074,6200,6200,50,220,220
5,False,-6.333333333333333,6.333333333333333,0,3,5124,6200,6200,50,220,220
5,False,-6.333333333333333,6.333333333333333,0,4,5174,6200,6200,50,220,220
5,False,-6.666666666666667,6.666666666666667,0,4,5224,6200,6200,50,220,220
5,False,-6.333333333333333,6.333333333333333,0,4,5274,6200,6200,50,220,220
5,False,-6.333333333333333,6.333333333333333,0,4,5324,6200,6200,50,220,220
5,False,-6.666666666666667,6.666666666666667,0,5,5374,6200,6200,50,220,220
5,False,-6.333333333333333,6.333333333333333,0,4,5424,6200,6200,50,220,220
6,False,36.33333333333333,29.666666666666668,66,40,4267,6200,6200,50,220,220
6,False,35.0,29.0,64,39,4317,6200,6200,50,220,220
6,False,33.66666666666667,28.333333333333332,62,39,4367,6200,6200,50,220,220
6,False,33.33333333333333,27.666666666666668,61,38,4417,6200,6200,50,220,220
6,False,33.33333333333333,27.666666666666668,61,38,4467,6200,6200,50,220,220
6,False,32.33333333333333,27.666666666666668,60,38,4517,6200,6200,50,220,220
6,False,31.333333333333332,26.666666666666668,58,37,4567,6200,6200,50,220,220
6,False,30.666666666666668,26.333333333333332,57,37,4617,6200,6200,50,220,220
6,False,30.666666666666668,26.333333333333332,57,37,4667,6200,6200,50,220,220
6,False,30.0,26.0,56,36,4717,6200,6200,50,220,220
6,False,28.666666666666668,25.333333333333332,54,36,4767,6200,6200,50,220,220
6,False,28.666666666666668,25.333333333333332,54,36,4817,6200,6200,50,220,220
6,False,28.0,25.0,53,35,4867,6200,6200,50,220,220
6,False,27.333333333333332,24.666666666666668,52,35,4917,6200,6200,50,220,220
6,False,26.666666666666668,24.333333333333332,51,34,4967,6200,6200,50,220,220
6,False,26.0,24.0,50,34,5017,6200,6200,50,220,220
6,False,25.333333333333332,23.666666666666668,49,34,5067,6200,6200,50,220,220
6,False,24.666666666666668,23.333333333333332,48,33,5117,6200,6200,50,220,220
6,False,24.333333333333332,22.666666666666668,47,33,5167,6200,6200,50,220,220
6,False,23.333333333333332,22.666666666666668,46,32,5217,6200,6200,50,220,220
1,False,-5.666666666666667,5.666666666666667,0,1,5058,6200,6200,50,220,220
1,False,-5.666666666666667,5.666666666666667,0,1,5108,6200,6200,50,220,220
1,False,-6.0,6.0,0,1,5158,6200,6200,50,220,220
1,False,-5.666666666666667,5.666666666666667,0,2,5208,6200,6200,50,220,220
1,False,-6.0,6.0,0,2,5258,6200,6200,50,220,220
1,False,-6.0,6.0,0,3,5308,6200,6200,50,220,220
1,False,-6.0,6.0,0,3,5358,6200,6200,50,220,220
1,False,-6.0,6.0,0,4,5408,6200,6200,50,220,220
1,False,-6.0,6.0,0,3,5458,6200,6200,50,220,220
1,False,-6.0,6.0,0,4,5508,6200,6200,50,220,220
1,False,-6.0,6.0,0,5,5558,6200,6200,50,220,220
1,False,-6.0,6.0,0,5,5608,6200,6200,50,220,220
1,False,-6.0,6.0,0,5,5658,6200,6200,50,220,220
1,False,-6.0,6.0,0,6,5708,6200,6200,50,220,220
1,False,-6.0,6.0,0,6,5758,6200,6200,50,220,220
1,False,-6.0,6.0,0,6,5808,6200,6200,50,220,220
1,False,-6.0,6.0,0,7,5858,6200,6200,50,220,220
1,False,-6.0,6.0,0,7,5908,6200,6200,50,220,220
1,False,-6.0,6.0,0,8,5958,6200,6200,50,220,220
1,False,-7.0,7.0,0,8,6008,6200,6200,50,220,220
2,False,27.666666666666668,25.333333333333332,53,35,4841,6200,6200,50,220,220
2,False,26.333333333333332,24.666666666666668,51,35,4891,6200,6200,50,220,220
2,False,25.666666666666668,24.333333333333332,50,35,4941,6200,6200,50,220,220
2,False,25.0,24.0,49,35,4991,6200,6200,50,220,220
2,False,25.0,24.0,49,35,5041,6200,6200,50,220,220
2,False,24.333333333333332,23.666666666666668,48,34,5091,6200,6200,50,220,220
2,False,23.0,23.0,46,34,5141,6200,6200,50,220,220
2,False,23.0,23.0,46,33,5191,6200,6200,50,220,220
2,False,22.333333333333332,22.666666666666668,45,33,5241,6200,6200,50,220,220
2,False,21.666666666666668,22.333333333333332,44,32,5291,6200,6200,50,220,220
2,False,21.0,22.0,43,32,5341,6200,6200,50,220,220
2,False,20.333333333333332,21.666666666666668,42,32,5391,6200,6200,50,220,220
2,False,20.0,21.0,41,32,5441,6200,6200,50,220,220
2,False,19.0,21.0,40,31,5491,6200,6200,50,220,220
2,False,18.333333333333332,20.666666666666668,39,31,5541,6200,6200,50,220,220
2,False,18.0,20.0,38,30,5591,6200,6200,50,220,220
2,False,17.333333333333332,19.666666666666668,37,30,5641,6200,6200,50,220,220
2,False,17.0,19.0,36,30,5691,6200,6200,50,220,220
2,False,15.0,20.0,35,30,5741,6200,6200,50,220,220
2,False,15.333333333333332,18.666666666666668,34,29,5791,6200,6200,50,220,220
3,False,-5.333333333333333,5.333333333333333,0,0,4634,6200,6200,50,220,220
3,False,-5.333333333333333,5.333333333333333,0,0,4684,6200,6200,50,220,220
3,False,-5.333333333333333,5.333333333333333,0,0,4734,6200,6200,50,220,220
3,False,-5.333333333333333,5.333333333333333,0,1,4784,6200,6200,50,220,220
3,False,-5.333333333333333,5.333333333333333,0,0,4834,6200,6200,50,220,220
3,False,-5.666666666666667,5.666666666666667,0,1,4884,6200,6200,50,220,220
3,False,-5.333333333333333,5.333333333333333,0,2,4934,6200,6200,50,220,220
3,False,-5.666666666666667,5.666666666666667,0,2,4984,6200,6200,50,220,220
3,False,-5.333333333333333,5.333333333333333,0,2,5034,6200,6200,50,220,220
3,False,-5.666666666666667,5.666666666666667,0,2,5084,6200,6200,50,220,220
3,False,-5.666666666666667,5.666666666666667,0,3,5134,6200,6200,50,220,220
3,False,-5.666666666666667,5.666666666666667,0,4,5184,6200,6200,50,220,220
3,False,-5.666666666666667,5.666666666666667,0,4,5234,6200,6200,50,220,220
3,False,-5.666666666666667,5.666666666666667,0,4,5284,6200,6200,50,220,220
3,False,-5.666666666666667,5.666666666666667,0,5,5334,6200,6200,50,220,220
3,False,-5.666666666666667,5.666666666666667,0,5,5384,6200,6200,50,220,220
3,False,-5.666666666666667,5.666666666666667,0,5,5434,6200,6200,50,220,220
3,False,-5.666666666666667,5.666666666666667,0,6,5484,6200,6200,50,220,220
3,False,-5.666666666666667,5.666666666666667,0,6,5534,6200,6200,50,220,220
3,False,-5.666666666666667,5.666666666666667,0,7,5584,6200,6200,50,220,220
4,False,30.333333333333332,27.666666666666668,58,39,4427,6200,6200,50,220,220
4,False,29.666666666666668,27.333333333333332,57,38,4477,6200,6200,50,220,220
4,False,29.666666666666668,27.333333333333332,57,38,4527,6200,6200,50,220,220
4,False,29.0,27.0,56,38,4577,6200,6200,50,220,220
4,False,28.333333333333332,26.666666666666668,55,38,4627,6200,6200,50,220,220
4,False,28.0,27.0,55,37,4677,6200,6200,50,220,220
4,False,27.333333333333332,26.666666666666668,54,37,4727,6200,6200,50,220,220
4,False,26.666666666666668,26.333333333333332,53,36,4777,6200,6200,50,220,220
4,False,26.333333333333332,25.666666666666668,52,36,4827,6200,6200,50,220,220
4,False,26.0,25.0,51,36,4877,6200,6200,50,220,220
4,False,25.333333333333332,24.666666666666668,50,36,4927,6200,6200,50,220,220
4,False,24.666666666666668,24.333333333333332,49,35,4977,6200,6200,50,220,220
4,False,24.666666666666668,24.333333333333332,49,35,5027,6200,6200,50,220,220
4,False,24.0,24.0,48,35,5077,6200,6200,50,220,220
4,False,23.333333333333332,23.666666666666668,47,34,5127,6200,6200,50,220,220
4,False,22.666666666666668,23.333333333333332,46,34,5177,6200,6200,50,220,220
4,False,21.333333333333332,23.666666666666668,45,34,5227,6200,6200,50,220,220
4,False,21.333333333333332,22.666666666666668,44,33,5277,6200,6200,50,220,220
4,False,21.0,22.0,43,33,5327,6200,6200,50,220,220
4,False,20.333333333333332,21.666666666666668,42,33,5377,6200,6200,50,220,220
5,False,-6.333333333333333,6.333333333333333,0,1,5220,6200,6200,50,220,220
5,False,-6.333333333333333,6.333333333333333,0,1,5270,6200,6200,50,220,220
5,False,-6.666666666666667,6.666666666666667,0,1,5320,6200,6200,50,220,220
5,False,-6.333333333333333,6.333333333333333,0,2,5370,6200,6200,50,220,220
5,False,-6.666666666666667,6.666666666666667,0,2,5420,6200,6200,50,220,220
5,False,-6.666666666666667,6.666666666666667,0,3,5470,6200,6200,50,220,220
5,False,-6.666666666666667,6.666666666666667,0,3,5520,6200,6200,50,220,220
5,False,-6.666666666666667,6.666666666666667,0,3,5570,6200,6200,50,220,220
5,False,-6.666666666666667,6.666666666666667,0,4,5620,6200,6200,50,220,220
5,False,-6.666666666666667,6.666666666666667,0,4,5670,6200,6200,50,220,220
5,False,-6.333333333333333,6.333333333333333,0,4,5720,6200,6200,50,220,220
5,False,-6.666666666666667,6.666666666666667,0,5,5770,6200,6200,50,220,220
5,False,-6.666666666666667,6.666666666666667,0,5,5820,6200,6200,50,220,220
5,False,-6.666666666666667,6.666666666666667,0,6,5870,6200,6200,50,220,220
5,False,-6.666666666666667,6.666666666666667,0,6,5920,6200,6200,50,220,220
5,False,-7.666666666666667,7.666666666666667,0,7,5970,6200,6200,50,220,220
5,False,-6.666666666666667,6.666666666666667,0,7,6020,6200,6200,50,220,220
5,False,-6.666666666666667,6.666666666666667,0,8,6070,6200,6200,50,220,220
5,False,-6.666666666666667,6.666666666666667,0,8,6120,6200,6200,50,220,220
5,False,-6.666666666666667,6.666666666666667,0,8,6170,6200,6200,50,220,220
6,False,26.0,24.0,50,34,5013,6200,6200,50,220,220
6,False,25.333333333333332,23.666666666666668,49,34,5063,6200,6200,50,220,220
6,False,24.666666666666668,23.333333333333332,48,33,5113,6200,6200,50,220,220
6,False,24.333333333333332,22.666666666666668,47,33,5163,6200,6200,50,220,220
6,False,24.333333333333332,22.666666666666668,47,33,5213,6200,6200,50,220,220
6,False,22.666666666666668,22.333333333333332,45,33,5263,6200,6200,50,220,220
6,False,22.0,22.0,44,32,5313,6200,6200,50,220,220
6,False,22.333333333333332,21.666666666666668,44,32,5363,6200,6200,50,220,220
6,False,21.666666666666668,21.333333333333332,43,32,5413,6200,6200,50,220,220
6,False,21.0,21.0,42,31,5463,6200,6200,50,220,220
6,False,20.333333333333332,20.666666666666668,41,31,5513,6200,6200,50,220,220
6,False,20.333333333333332,20.666666666666668,41,30,5563,6200,6200,50,220,220
6,False,19.666666666666668,20.333333333333332,40,30,5613,6200,6200,50,220,220
6,False,18.333333333333332,19.666666666666668,38,30,5663,6200,6200,50,220,220
6,False,20.333333333333332,20.666666666666668,41,30,5713,6200,6200,50,220,220
6,False,17.666666666666668,19.333333333333332,37,29,5763,6200,6200,50,220,220
6,False,17.333333333333332,18.666666666666668,36,29,5813,6200,6200,50,220,220
6,False,15.666666666666668,18.333333333333332,34,28,5863,6200,6200,50,220,220
6,False,15.666666666666668,18.333333333333332,34,28,5913,6200,6200,50,220,220
6,False,15.666666666666668,18.333333333333332,34,28,5963,6200,6200,50,220,220
1,False,-6.0,6.0,0,3,4806,6200,6200,50,220,220
1,False,-6.0,6.0,0,3,4856,6200,6200,50,220,220
1,False,-6.0,6.0,0,3,4906,6200,6200,50,220,220
1,False,-5.666666666666667,5.666666666666667,0,4,4956,6200,6200,50,220,220
1,False,-6.0,6.0,0,5,5006,6200,6200,50,220,220
1,False,-6.0,6.0,0,4,5056,6200,6200,50,220,220
1,False,-6.0,6.0,0,4,5106,6200,6200,50,220,220
1,False,-6.0,6.0,0,5,5156,6200,6200,50,220,220
1,False,-6.0,6.0,0,5,5206,6200,6200,50,220,220
1,False,-6.0,6.0,0,6,5256,6200,6200,50,220,220
1,False,-6.0,6.0,0,6,5306,6200,6200,50,220,220
1,False,-6.0,6.0,0,6,5356,6200,6200,50,220,220
1,False,-6.0,6.0,0,7,5406,6200,6200,50,220,220
1,False,-6.666666666666667,6.666666666666667,0,8,5456,6200,6200,50,220,220
1,False,-6.0,6.0,0,8,5506,6200,6200,50,220,220
1,False,-6.0,6.0,0,9,5556,6200,6200,50,220,220
1,False,-6.333333333333333,6.333333333333333,0,9,5606,6200,6200,50,220,220
1,False,-6.0,6.0,0,9,5656,6200,6200,50,220,220
1,False,-6.0,6.0,0,9,5706,6200,6200,50,220,220
1,False,-6.333333333333333,6.333333333333333,0,10,5756,6200,6200,50,220,220
2,False,36.33333333333333,30.666666666666668,67,42,4588,6200,6200,50,220,220
2,False,36.33333333333333,30.666666666666668,67,42,4638,6200,6200,50,220,220
2,False,35.33333333333333,30.666666666666668,66,41,4688,6200,6200,50,220,220
2,False,35.66666666666667,30.333333333333332,66,41,4738,6200,6200,50,220,220
2,False,35.0,30.0,65,41,4788,6200,6200,50,220,220
2,False,35.0,30.0,65,40,4838,6200,6200,50,220,220
2,False,34.33333333333333,29.666666666666668,64,40,4888,6200,6200,50,220,220
2,False,33.66666666666667,29.333333333333332,63,40,4938,6200,6200,50,220,220
2,False,33.66666666666667,29.333333333333332,63,40,4988,6200,6200,50,220,220
2,False,33.33333333333333,28.666666666666668,62,40,5038,6200,6200,50,220,220
2,False,32.33333333333333,28.666666666666668,61,39,5088,6200,6200,50,220,220
2,False,32.66666666666667,28.333333333333332,61,39,5138,6200,6200,50,220,220
2,False,30.666666666666668,29.333333333333332,60,39,5188,6200,6200,50,220,220
2,False,31.333333333333332,27.666666666666668,59,39,5238,6200,6200,50,220,220
2,False,30.666666666666668,27.333333333333332,58,38,5288,6200,6200,50,220,220
2,False,30.666666666666668,27.333333333333332,58,38,5338,6200,6200,50,220,220
2,False,30.0,27.0,57,38,5388,6200,6200,50,220,220
2,False,29.333333333333332,26.666666666666668,56,37,5438,6200,6200,50,220,220
2,False,28.666666666666668,26.333333333333332,55,37,5488,6200,6200,50,220,220
2,False,28.666666666666668,26.333333333333332,55,37,5538,6200,6200,50,220,220
3,False,-5.333333333333333,5.333333333333333,0,2,4382,6200,6200,50,220,220
3,False,-5.333333333333333,5.333333333333333,0,2,4432,6200,6200,50,220,220
3,False,-5.666666666666667,5.666666666666667,0,2,4482,6200,6200,50,220,220
3,False,-5.666666666666667,5.666666666666667,0,3,4532,6200,6200,50,220,220
3,False,-5.666666666666667,5.666666666666667,0,4,4582,6200,6200,50,220,220
3,False,-5.666666666666667,5.666666666666667,0,4,4632,6200,6200,50,220,220
3,False,-5.666666666666667,5.666666666666667,0,4,4682,6200,6200,50,220,220
3,False,-5.666666666666667,5.666666666666667,0,5,4732,6200,6200,50,220,220
3,False,-5.666666666666667,5.666666666666667,0,5,4782,6200,6200,50,220,220
3,False,-5.666666666666667,5.666666666666667,0,5,4832,6200,6200,50,220,220
3,False,-5.666666666666667,5.666666666666667,0,6,4882,6200,6200,50,220,220
3,False,-5.666666666666667,5.666666666666667,0,6,4932,6200,6200,50,220,220
3,False,-5.666666666666667,5.666666666666667,0,6,4982,6200,6200,50,220,220
3,False,-5.666666666666667,5.666666666666667,0,6,5032,6200,6200,50,220,220
3,False,-5.666666666666667,5.666666666666667,0,7,5082,6200,6200,50,220,220
3,False,-5.666666666666667,5.666666666666667,0,7,5132,6200,6200,50,220,220
3,False,-5.666666666666667,5.666666666666667,0,8,5182,6200,6200,50,220,220
3,False,-5.666666666666667,5.666666666666667,0,8,5232,6200,6200,50,220,220
3,False,-5.666666666666667,5.666666666666667,0,9,5282,6200,6200,50,220,220
3,False,-5.666666666666667,5.666666666666667,0,9,5332,6200,6200,50,220,220
4,False,25.333333333333332,24.666666666666668,50,36,5175,6200,6200,50,220,220
4,False,25.0,24.0,49,36,5225,6200,6200,50,220,220
4,False,24.0,24.0,48,35,5275,6200,6200,50,220,220
4,False,22.666666666666668,23.333333333333332,46,34,5325,6200,6200,50,220,220
4,False,23.0,23.0,46,34,5375,6200,6200,50,220,220
4,False,22.0,23.0,45,33,5425,6200,6200,50,220,220
4,False,20.666666666666668,22.333333333333332,43,33,5475,6200,6200,50,220,220
4,False,20.333333333333332,21.666666666666668,42,32,5525,6200,6200,50,220,220
4,False,19.333333333333332,21.666666666666668,41,32,5575,6200,6200,50,220,220
4,False,18.333333333333332,20.666666666666668,39,32,5625,6200,6200,50,220,220
4,False,16.333333333333332,21.666666666666668,38,32,5675,6200,6200,50,220,220
4,False,17.0,20.0,37,31,5725,6200,6200,50,220,220
4,False,16.333333333333332,19.666666666666668,36,30,5775,6200,6200,50,220,220
4,False,15.0,19.0,34,30,5825,6200,6200,50,220,220
4,False,14.666666666666668,18.333333333333332,33,29,5875,6200,6200,50,220,220
4,False,14.0,18.0,32,29,5925,6200,6200,50,220,220
4,False,12.333333333333332,17.666666666666668,30,28,5975,6200,6200,50,220,220
4,False,12.0,17.0,29,27,6025,6200,6200,50,220,220
4,False,11.333333333333332,16.666666666666668,28,27,6075,6200,6200,50,220,220
4,False,10.333333333333332,16.666666666666668,27,26,6125,6200,6200,50,220,220
5,False,-6.333333333333333,6.333333333333333,0,1,4968,6200,6200,50,220,220
5,False,-6.333333333333333,6.333333333333333,0,2,5018,6200,6200,50,220,220
5,False,-6.333333333333333,6.333333333333333,0,2,5068,6200,6200,50,220,220
5,False,-6.333333333333333,6.333333333333333,0,3,5118,6200,6200,50,220,220
5,False,-6.333333333333333,6.333333333333333,0,3,5168,6200,6200,50,220,220
5,False,-6.333333333333333,6.333333333333333,0,3,5218,6200,6200,50,220,220
5,False,-6.333333333333333,6.333333333333333,0,3,5268,6200,6200,50,220,220
5,False,-6.666666666666667,6.666666666666667,0,4,5318,6200,6200,50,220,220
5,False,-6.333333333333333,6.333333333333333,0,4,5368,6200,6200,50,220,220
5,False,-7.333333333333333,7.333333333333333,0,5,5418,6200,6200,50,220,220
5,False,-6.666666666666667,6.666666666666667,0,4,5468,6200,6200,50,220,220
5,False,-6.333333333333333,6.333333333333333,0,5,5518,6200,6200,50,220,220
5,False,-6.666666666666667,6.666666666666667,0,5,5568,6200,6200,50,220,220
5,False,-6.666666666666667,6.666666666666667,0,5,5618,6200,6200,50,220,220
5,False,-6.333333333333333,6.333333333333333,0,6,5668,6200,6200,50,220,220
5,False,-6.666666666666667,6.666666666666667,0,6,5718,6200,6200,50,220,220
5,False,-6.666666666666667,6.666666666666667,0,6,5768,6200,6200,50,220,220
5,False,-6.666666666666667,6.666666666666667,0,7,5818,6200,6200,50,220,220
5,False,-6.666666666666667,6.666666666666667,0,7,5868,6200,6200,50,220,220
5,False,-6.666666666666667,6.666666666666667,0,7,5918,6200,6200,50,220,220
6,False,35.0,29.0,64,39,4761,6200,6200,50,220,220
6,False,35.0,29.0,64,39,4811,6200,6200,50,220,220
6,False,34.33333333333333,28.666666666666668,63,39,4861,6200,6200,50,220,220
6,False,33.66666666666667,28.333333333333332,62,39,4911,6200,6200,50,220,220
6,False,32.33333333333333,27.666666666666668,60,38,4961,6200,6200,50,220,220
6,False,31.666666666666668,27.333333333333332,59,37,5011,6200,6200,50,220,220
6,False,31.333333333333332,26.666666666666668,58,37,5061,6200,6200,50,220,220
6,False,30.666666666666668,26.333333333333332,57,37,5111,6200,6200,50,220,220
6,False,31.666666666666668,27.333333333333332,59,37,5161,6200,6200,50,220,220
6,False,28.666666666666668,25.333333333333332,54,36,5211,6200,6200,50,220,220
6,False,28.666666666666668,25.333333333333332,54,35,5261,6200,6200,50,220,220
6,False,27.333333333333332,24.666666666666668,52,35,5311,6200,6200,50,220,220
6,False,26.0,24.0,50,34,5361,6200,6200,50,220,220
6,False,25.666666666666668,23.333333333333332,49,34,5411,6200,6200,50,220,220
6,False,25.0,23.0,48,33,5461,6200,6200,50,220,220
6,False,24.333333333333332,22.666666666666668,47,33,5511,6200,6200,50,220,220
6,False,23.333333333333332,22.666666666666668,46,32,5561,6200,6200,50,220,220
6,False,23.0,22.0,45,32,5611,6200,6200,50,220,220
6,False,21.666666666666668,21.333333333333332,43,31,5661,6200,6200,50,220,220
6,False,21.0,21.0,42,31,5711,6200,6200,50,220,220
1,False,-5.666666666666667,5.666666666666667,0,2,4553,6100,6100,50,220,220
1,False,-5.666666666666667,5.666666666666667,0,2,4603,6100,6100,50,220,220
1,False,-5.666666666666667,5.666666666666667,0,3,4653,6100,6100,50,220,220
1,False,-5.666666666666667,5.666666666666667,0,3,4703,6100,6100,50,220,220
1,False,-6.0,6.0,0,3,4753,6100,6100,50,220,220
1,False,-5.666666666666667,5.666666666666667,0,3,4803,6100,6100,50,220,220
1,False,-6.0,6.0,0,3,4853,6100,6100,50,220,220
1,False,-6.333333333333333,6.333333333333333,0,4,4903,6100,6100,50,220,220
1,False,-5.666666666666667,5.666666666666667,0,4,4953,6100,6100,50,220,220
1,False,-6.0,6.0,0,4,5003,6100,6100,50,220,220
1,False,-6.0,6.0,0,4,5053,6100,6100,50,220,220
1,False,-6.0,6.0,0,4,5103,6100,6100,50,220,220
1,False,-6.0,6.0,0,5,5153,6100,6100,50,220,220
1,False,-6.0,6.0,0,4,5203,6100,6100,50,220,220
1,False,-6.0,6.0,0,5,5253,6100,6100,50,220,220
1,False,-6.0,6.0,0,6,5303,6100,6100,50,220,220
1,False,-6.0,6.0,0,6,5353,6100,6100,50,220,220
1,False,-6.0,6.0,0,6,5403,6100,6100,50,220,220
1,False,-6.0,6.0,0,6,5453,6100,6100,50,220,220
1,False,-6.0,6.0,0,7,5503,6100,6100,50,220,220
2,False,31.333333333333332,27.666666666666668,59,38,4437,6100,6100,50,220,220
2,False,31.333333333333332,27.666666666666668,59,38,4487,6100,6100,50,220,220
2,False,30.333333333333332,27.666666666666668,58,38,4537,6100,6100,50,220,220
2,False,30.0,27.0,57,38,4587,6100,6100,50,220,220
2,False,30.666666666666668,27.333333333333332,58,38,4637,6100,6100,50,220,220
2,False,29.0,27.0,56,38,4687,6100,6100,50,220,220
2,False,28.333333333333332,27.666666666666668,56,38,4737,6100,6100,50,220,220
2,False,28.0,26.0,54,37,4787,6100,6100,50,220,220
2,False,27.666666666666668,26.333333333333332,54,37,4837,6100,6100,50,220,220
2,False,28.333333333333332,25.666666666666668,54,36,4887,6100,6100,50,220,220
2,False,27.666666666666668,25.333333333333332,53,36,4937,6100,6100,50,220,220
2,False,26.666666666666668,25.333333333333332,52,36,4987,6100,6100,50,220,220
2,False,26.333333333333332,24.666666666666668,51,35,5037,6100,6100,50,220,220
2,False,25.666666666666668,24.333333333333332,50,35,5087,6100,6100,50,220,220
2,False,25.0,24.0,49,35,5137,6100,6100,50,220,220
2,False,24.333333333333332,23.666666666666668,48,34,5187,6100,6100,50,220,220
2,False,24.333333333333332,23.666666666666668,48,34,5237,6100,6100,50,220,220
2,False,23.666666666666668,23.333333333333332,47,34,5287,6100,6100,50,220,220
2,False,23.0,23.0,46,34,5337,6100,6100,50,220,220
2,False,22.333333333333332,22.666666666666668,45,33,5387,6100,6100,50,220,220
3,False,-5.333333333333333,5.333333333333333,0,0,4330,6100,6100,50,220,220
3,False,-5.333333333333333,5.333333333333333,0,0,4380,6100,6100,50,220,220
3,False,-5.333333333333333,5.333333333333333,0,0,4430,6100,6100,50,220,220
3,False,-5.333333333333333,5.333333333333333,0,0,4480,6100,6100,50,220,220
3,False,-5.333333333333333,5.333333333333333,0,0,4530,6100,6100,50,220,220
3,False,-5.333333333333333,5.333333333333333,0,0,4580,6100,6100,50,220,220
3,False,-5.333333333333333,5.333333333333333,0,0,4630,6100,6100,50,220,220
3,False,-5.333333333333333,5.333333333333333,0,0,4680,6100,6100,50,220,220
3,False,-5.333333333333333,5.333333333333333,0,0,4730,6100,6100,50,220,220
3,False,-5.333333333333333,5.333333333333333,0,0,4780,6100,6100,50,220,220
3,False,-5.333333333333333,5.333333333333333,0,0,4830,6100,6100,50,220,220
3,False,-5.333333333333333,5.333333333333333,0,0,4880,6100,6100,50,220,220
3,False,-5.333333333333333,5.333333333333333,0,0,4930,6100,6100,50,220,220
3,False,-5.333333333333333,5.333333333333333,0,1,4980,6100,6100,50,220,220
3,False,-5.333333333333333,5.333333333333333,0,1,5030,6100,6100,50,220,220
3,False,-5.333333333333333,5.333333333333333,0,1,5080,6100,6100,50,220,220
3,False,-5.333333333333333,5.333333333333333,0,2,5130,6100,6100,50,220,220
3,False,-5.666666666666667,5.666666666666667,0,2,5180,6100,6100,50,220,220
3,False,-5.666666666666667,5.666666666666667,0,3,5230,6100,6100,50,220,220
3,False,-5.333333333333333,5.333333333333333,0,3,5280,6100,6100,50,220,220
4,False,28.666666666666668,27.333333333333332,56,38,4223,6100,6100,50,220,220
4,False,29.333333333333332,26.666666666666668,56,38,4273,6100,6100,50,220,220
4,False,28.333333333333332,26.666666666666668,55,37,4323,6100,6100,50,220,220
4,False,27.333333333333332,26.666666666666668,54,37,4373,6100,6100,50,220,220
4,False,25.666666666666668,26.333333333333332,52,37,4423,6100,6100,50,220,220
4,False,26.333333333333332,25.666666666666668,52,36,4473,6100,6100,50,220,220
4,False,26.0,25.0,51,36,4523,6100,6100,50,220,220
4,False,24.666666666666668,24.333333333333332,49,35,4573,6100,6100,50,220,220
4,False,24.0,24.0,48,35,4623,6100,6100,50,220,220
4,False,24.0,24.0,48,35,4673,6100,6100,50,220,220
4,False,22.666666666666668,23.333333333333332,46,34,4723,6100,6100,50,220,220
4,False,22.333333333333332,22.666666666666668,45,34,4773,6100,6100,50,220,220
4,False,21.333333333333332,22.666666666666668,44,33,4823,6100,6100,50,220,220
4,False,20.666666666666668,22.333333333333332,43,32,4873,6100,6100,50,220,220
4,False,20.333333333333332,21.666666666666668,42,32,4923,6100,6100,50,220,220
4,False,19.0,21.0,40,32,4973,6100,6100,50,220,220
4,False,19.0,21.0,40,32,5023,6100,6100,50,220,220
4,False,18.333333333333332,20.666666666666668,39,31,5073,6100,6100,50,220,220
4,False,17.333333333333332,19.666666666666668,37,31,5123,6100,6100,50,220,220
4,False,16.333333333333332,19.666666666666668,36,30,5173,6100,6100,50,220,220
5,False,-6.333333333333333,6.333333333333333,0,0,5116,6100,6100,50,220,220
5,False,-6.333333333333333,6.333333333333333,0,0,5166,6100,6100,50,220,220
5,False,-6.333333333333333,6.333333333333333,0,0,5216,6100,6100,50,220,220
5,False,-7.333333333333333,7.333333333333333,0,1,5266,6100,6100,50,220,220
5,False,-6.333333333333333,6.333333333333333,0,1,5316,6100,6100,50,220,220
5,False,-6.333333333333333,6.333333333333333,0,1,5366,6100,6100,50,220,220
5,False,-6.333333333333333,6.333333333333333,0,1,5416,6100,6100,50,220,220
5,False,-6.666666666666667,6.666666666666667,0,2,5466,6100,6100,50,220,220
5,False,-6.666666666666667,6.666666666666667,0,2,5516,6100,6100,50,220,220
5,False,-6.666666666666667,6.666666666666667,0,3,5566,6100,6100,50,220,220
5,False,-6.666666666666667,6.666666666666667,0,3,5616,6100,6100,50,220,220
5,False,-6.333333333333333,6.333333333333333,0,3,5666,6100,6100,50,220,220
5,False,-6.666666666666667,6.666666666666667,0,4,5716,6100,6100,50,220,220
5,False,-6.666666666666667,6.666666666666667,0,4,5766,6100,6100,50,220,220
5,False,-6.666666666666667,6.666666666666667,0,5,5816,6100,6100,50,220,220
5,False,-6.333333333333333,6.333333333333333,0,5,5866,6100,6100,50,220,220
5,False,-6.666666666666667,6.666666666666667,0,6,5916,6100,6100,50,220,220
5,False,-6.666666666666667,6.666666666666667,0,6,5966,6100,6100,50,220,220
5,False,-6.666666666666667,6.666666666666667,0,7,6016,6100,6100,50,220,220
5,False,-6.666666666666667,6.666666666666667,0,7,6066,6100,6100,50,220,220
6,False,25.666666666666668,23.333333333333332,49,34,5009,6100,6100,50,220,220
6,False,24.666666666666668,23.333333333333332,48,34,5059,6100,6100,50,220,220
6,False,26.333333333333332,23.666666666666668,50,33,5109,6100,6100,50,220,220
6,False,23.333333333333332,22.666666666666668,46,33,5159,6100,6100,50,220,220
6,False,23.666666666666668,22.333333333333332,46,33,5209,6100,6100,50,220,220
6,False,23.0,22.0,45,32,5259,6100,6100,50,220,220
6,False,21.666666666666668,21.333333333333332,43,32,5309,6100,6100,50,220,220
6,False,21.666666666666668,21.333333333333332,43,31,5359,6100,6100,50,220,220
6,False,21.0,21.0,42,31,5409,6100,6100,50,220,220
6,False,21.0,21.0,42,31,5459,6100,6100,50,220,220
6,False,19.666666666666668,20.333333333333332,40,30,5509,6100,6100,50,220,220
6,False,19.0,20.0,39,30,5559,6100,6100,50,220,220
6,False,19.0,20.0,39,29,5609,6100,6100,50,220,220
6,False,18.333333333333332,19.666666666666668,38,29,5659,6100,6100,50,220,220
6,False,17.0,19.0,36,29,5709,6100,6100,50,220,220
6,False,17.333333333333332,18.666666666666668,36,29,5759,6100,6100,50,220,220
6,False,16.333333333333332,18.666666666666668,35,29,5809,6100,6100,50,220,220
6,False,15.0,18.0,33,28,5859,6100,6100,50,220,220
6,False,15.333333333333332,17.666666666666668,33,28,5909,6100,6100,50,220,220
6,False,14.666666666666668,17.333333333333332,32,27,5959,6100,6100,50,220,220
1,False,-5.666666666666667,5.666666666666667,0,0,4902,6100,6100,50,220,220
1,False,-5.666666666666667,5.666666666666667,0,1,4952,6100,6100,50,220,220
1,False,-6.0,6.0,0,1,5002,6100,6100,50,220,220
1,False,-6.0,6.0,0,2,5052,6100,6100,50,220,220
1,False,-6.0,6.0,0,1,5102,6100,6100,50,220,220
1,False,-6.0,6.0,0,2,5152,6100,6100,50,220,220
1,False,-6.0,6.0,0,3,5202,6100,6100,50,220,220
1,False,-6.0,6.0,0,3,5252,6100,6100,50,220,220
1,False,-6.0,6.0,0,4,5302,6100,6100,50,220,220
1,False,-6.0,6.0,0,4,5352,6100,6100,50,220,220
1,False,-6.0,6.0,0,5,5402,6100,6100,50,220,220
1,False,-6.0,6.0,0,5,5452,6100,6100,50,220,220
1,False,-6.0,6.0,0,6,5502,6100,6100,50,220,220
1,False,-6.0,6.0,0,6,5552,6100,6100,50,220,220
1,False,-6.0,6.0,0,7,5602,6100,6100,50,220,220
1,False,-6.0,6.0,0,7,5652,6100,6100,50,220,220
1,False,-6.0,6.0,0,7,5702,6100,6100,50,220,220
1,False,-6.0,6.0,0,8,5752,6100,6100,50,220,220
1,False,-6.0,6.0,0,8,5802,6100,6100,50,220,220
1,False,-6.0,6.0,0,9,5852,6100,6100,50,220,220
2,False,27.666666666666668,27.333333333333332,55,37,4787,6100,6100,50,220,220
2,False,29.333333333333332,26.666666666666668,56,37,4837,6100,6100,50,220,220
2,False,28.0,26.0,54,37,4887,6100,6100,50,220,220
2,False,28.0,26.0,54,36,4937,6100,6100,50,220,220
2,False,28.0,26.0,54,37,4987,6100,6100,50,220,220
2,False,28.0,26.0,54,36,5037,6100,6100,50,220,220
2,False,27.333333333333332,25.666666666666668,53,36,5087,6100,6100,50,220,220
2,False,27.0,25.0,52,35,5137,6100,6100,50,220,220
2,False,27.0,25.0,52,36,5187,6100,6100,50,220,220
2,False,26.0,25.0,51,35,5237,6100,6100,50,220,220
2,False,25.666666666666668,24.333333333333332,50,35,5287,6100,6100,50,220,220
2,False,25.666666666666668,24.333333333333332,50,35,5337,6100,6100,50,220,220
2,False,25.666666666666668,24.333333333333332,50,35,5387,6100,6100,50,220,220
2,False,25.0,24.0,49,34,5437,6100,6100,50,220,220
2,False,24.333333333333332,23.666666666666668,48,34,5487,6100,6100,50,220,220
2,False,24.0,23.0,47,34,5537,6100,6100,50,220,220
2,False,23.666666666666668,23.333333333333332,47,34,5587,6100,6100,50,220,220
2,False,23.0,23.0,46,34,5637,6100,6100,50,220,220
2,False,22.333333333333332,22.666666666666668,45,33,5687,6100,6100,50,220,220
2,False,21.666666666666668,22.333333333333332,44,33,5737,6100,6100,50,220,220
3,False,-5.666666666666667,5.666666666666667,0,4,4681,6100,6100,50,220,220
3,False,-5.666666666666667,5.666666666666667,0,4,4731,6100,6100,50,220,220
3,False,-5.666666666666667,5.666666666666667,0,4,4781,6100,6100,50,220,220
3,False,-5.666666666666667,5.666666666666667,0,5,4831,6100,6100,50,220,220
3,False,-5.666666666666667,5.666666666666667,0,5,4881,6100,6100,50,220,220
3,False,-5.666666666666667,5.666666666666667,0,5,4931,6100,6100,50,220,220
3,False,-5.666666666666667,5.666666666666667,0,5,4981,6100,6100,50,220,220
3,False,-5.666666666666667,5.666666666666667,0,6,5031,6100,6100,50,220,220
3,False,-5.666666666666667,5.666666666666667,0,6,5081,6100,6100,50,220,220
3,False,-5.666666666666667,5.666666666666667,0,7,5131,6100,6100,50,220,220
3,False,-5.666666666666667,5.666666666666667,0,7,5181,6100,6100,50,220,220
3,False,-5.666666666666667,5.666666666666667,0,8,5231,6100,6100,50,220,220
3,False,-5.666666666666667,5.666666666666667,0,8,5281,6100,6100,50,220,220
3,False,-5.666666666666667,5.666666666666667,0,8,5331,6100,6100,50,220,220
3,False,-5.666666666666667,5.666666666666667,0,9,5381,6100,6100,50,220,220
3,False,-5.666666666666667,5.666666666666667,0,9,5431,6100,6100,50,220,220
3,False,-5.666666666666667,5.666666666666667,0,9,5481,6100,6100,50,220,220
3,False,-5.666666666666667,5.666666666666667,0,10,5531,6100,6100,50,220,220
3,False,-6.0,6.0,0,10,5581,6100,6100,50,220,220
3,False,-5.666666666666667,5.666666666666667,0,11,5631,6100,6100,50,220,220
4,False,34.66666666666667,30.333333333333332,65,41,4574,6100,6100,50,220,220
4,False,34.66666666666667,30.333333333333332,65,41,4624,6100,6100,50,220,220
4,False,34.0,30.0,64,41,4674,6100,6100,50,220,220
4,False,33.33333333333333,29.666666666666668,63,40,4724,6100,6100,50,220,220
4,False,32.66666666666667,29.333333333333332,62,40,4774,6100,6100,50,220,220
4,False,32.0,29.0,61,40,4824,6100,6100,50,220,220
4,False,31.333333333333332,28.666666666666668,60,39,4874,6100,6100,50,220,220
4,False,30.666666666666668,28.333333333333332,59,39,4924,6100,6100,50,220,220
4,False,30.666666666666668,28.333333333333332,59,39,4974,6100,6100,50,220,220
4,False,30.0,28.0,58,38,5024,6100,6100,50,220,220
4,False,29.666666666666668,27.333333333333332,57,38,5074,6100,6100,50,220,220
4,False,29.333333333333332,26.666666666666668,56,38,5124,6100,6100,50,220,220
4,False,28.333333333333332,26.666666666666668,55,38,5174,6100,6100,50,220,220
4,False,28.666666666666668,26.333333333333332,55,37,5224,6100,6100,50,220,220
4,False,27.0,26.0,53,37,5274,6100,6100,50,220,220
4,False,26.666666666666668,25.333333333333332,52,36,5324,6100,6100,50,220,220
4,False,26.0,25.0,51,36,5374,6100,6100,50,220,220
4,False,25.333333333333332,24.666666666666668,50,36,5424,6100,6100,50,220,220
4,False,23.666666666666668,25.333333333333332,49,36,5474,6100,6100,50,220,220
4,False,24.0,24.0,48,35,5524,6100,6100,50,220,220
5,False,-6.333333333333333,6.333333333333333,0,2,4463,6100,6100,50,220,220
5,False,-6.333333333333333,6.333333333333333,0,2,4513,6100,6100,50,220,220
5,False,-6.666666666666667,6.666666666666667,0,2,4563,6100,6100,50,220,220
5,False,-6.333333333333333,6.333333333333333,0,3,4613,6100,6100,50,220,220
5,False,-6.666666666666667,6.666666666666667,0,3,4663,6100,6100,50,220,220
5,False,-6.333333333333333,6.333333333333333,0,3,4713,6100,6100,50,220,220
5,False,-6.333333333333333,6.333333333333333,0,3,4763,6100,6100,50,220,220
5,False,-6.666666666666667,6.666666666666667,0,4,4813,6100,6100,50,220,220
5,False,-6.666666666666667,6.666666666666667,0,4,4863,6100,6100,50,220,220
5,False,-6.666666666666667,6.666666666666667,0,4,4913,6100,6100,50,220,220
5,False,-6.666666666666667,6.666666666666667,0,5,4963,6100,6100,50,220,220
5,False,-6.666666666666667,6.666666666666667,0,6,5013,6100,6100,50,220,220
5,False,-6.333333333333333,6.333333333333333,0,5,5063,6100,6100,50,220,220
5,False,-6.666666666666667,6.666666666666667,0,6,5113,6100,6100,50,220,220
5,False,-6.666666666666667,6.666666666666667,0,6,5163,6100,6100,50,220,220
5,False,-6.666666666666667,6.666666666666667,0,6,5213,6100,6100,50,220,220
5,False,-6.666666666666667,6.666666666666667,0,7,5263,6100,6100,50,220,220
5,False,-7.333333333333333,7.333333333333333,0,8,5313,6100,6100,50,220,220
5,False,-6.666666666666667,6.666666666666667,0,8,5363,6100,6100,50,220,220
5,False,-6.666666666666667,6.666666666666667,0,8,5413,6100,6100,50,220,220
6,False,38.33333333333333,30.666666666666668,69,41,4357,6100,6100,50,220,220
6,False,38.0,31.0,69,41,4407,6100,6100,50,220,220
6,False,37.33333333333333,30.666666666666668,68,41,4457,6100,6100,50,220,220
6,False,36.66666666666667,30.333333333333332,67,41,4507,6100,6100,50,220,220
6,False,36.33333333333333,29.666666666666668,66,40,4557,6100,6100,50,220,220
6,False,35.66666666666667,29.333333333333332,65,40,4607,6100,6100,50,220,220
6,False,35.66666666666667,29.333333333333332,65,40,4657,6100,6100,50,220,220
6,False,35.0,29.0,64,39,4707,6100,6100,50,220,220
6,False,33.66666666666667,28.333333333333332,62,39,4757,6100,6100,50,220,220
6,False,34.0,28.0,62,38,4807,6100,6100,50,220,220
6,False,33.0,28.0,61,39,4857,6100,6100,50,220,220
6,False,32.33333333333333,27.666666666666668,60,37,4907,6100,6100,50,220,220
6,False,31.333333333333332,26.666666666666668,58,37,4957,6100,6100,50,220,220
6,False,30.666666666666668,26.333333333333332,57,37,5007,6100,6100,50,220,220
6,False,30.0,26.0,56,37,5057,6100,6100,50,220,220
6,False,29.333333333333332,25.666666666666668,55,36,5107,6100,6100,50,220,220
6,False,31.0,27.0,58,36,5157,6100,6100,50,220,220
6,False,28.0,25.0,53,35,5207,6100,6100,50,220,220
6,False,27.333333333333332,24.666666666666668,52,35,5257,6100,6100,50,220,220
6,False,26.0,24.0,50,34,5307,6100,6100,50,220,220
1,False,-5.666666666666667,5.666666666666667,0,0,4239,6100,6100,50,220,220
1,False,-5.666666666666667,5.666666666666667,0,0,4289,6100,6100,50,220,220
1,False,-5.666666666666667,5.666666666666667,0,1,4339,6100,6100,50,220,220
1,False,-5.666666666666667,5.666666666666667,0,0,4389,6100,6100,50,220,220
1,False,-5.666666666666667,5.666666666666667,0,1,4439,6100,6100,50,220,220
1,False,-5.666666666666667,5.666666666666667,0,1,4489,6100,6100,50,220,220
1,False,-5.666666666666667,5.666666666666667,0,1,4539,6100,6100,50,220,220
1,False,-6.0,6.0,0,2,4589,6100,6100,50,220,220
1,False,-6.0,6.0,0,2,4639,6100,6100,50,220,220
1,False,-5.666666666666667,5.666666666666667,0,2,4689,6100,6100,50,220,220
1,False,-6.0,6.0,0,3,4739,6100,6100,50,220,220
1,False,-6.0,6.0,0,3,4789,6100,6100,50,220,220
1,False,-6.0,6.0,0,3,4839,6100,6100,50,220,220
1,False,-6.0,6.0,0,4,4889,6100,6100,50,220,220
1,False,-6.0,6.0,0,3,4939,6100,6100,50,220,220
1,False,-6.0,6.0,0,4,4989,6100,6100,50,220,220
1,False,-6.0,6.0,0,4,5039,6100,6100,50,220,220
1,False,-6.0,6.0,0,5,5089,6100,6100,50,220,220
1,False,-6.0,6.0,0,5,5139,6100,6100,50,220,220
1,False,-6.0,6.0,0,6,5189,6100,6100,50,220,220
2,False,32.66666666666667,28.333333333333332,61,39,5132,6100,6100,50,220,220
2,False,32.0,28.0,60,39,5182,6100,6100,50,220,220
2,False,32.0,28.0,60,39,5232,6100,6100,50,220,220
2,False,30.666666666666668,27.333333333333332,58,38,5282,6100,6100,50,220,220
2,False,30.0,27.0,57,38,5332,6100,6100,50,220,220
2,False,29.333333333333332,26.666666666666668,56,37,5382,6100,6100,50,220,220
2,False,28.666666666666668,26.333333333333332,55,37,5432,6100,6100,50,220,220
2,False,28.333333333333332,25.666666666666668,54,36,5482,6100,6100,50,220,220
2,False,27.666666666666668,25.333333333333332,53,36,5532,6100,6100,50,220,220
2,False,27.0,25.0,52,35,5582,6100,6100,50,220,220
2,False,26.0,25.0,51,35,5632,6100,6100,50,220,220
2,False,25.666666666666668,24.333333333333332,50,34,5682,6100,6100,50,220,220
2,False,25.0,24.0,49,35,5732,6100,6100,50,220,220
2,False,23.666666666666668,23.333333333333332,47,33,5782,6100,6100,50,220,220
2,False,22.666666666666668,24.333333333333332,47,34,5832,6100,6100,50,220,220
2,False,22.333333333333332,22.666666666666668,45,33,5882,6100,6100,50,220,220
2,False,21.666666666666668,22.333333333333332,44,33,5932,6100,6100,50,220,220
2,False,21.333333333333332,21.666666666666668,43,32,5982,6100,6100,50,220,220
2,False,20.333333333333332,21.666666666666668,42,32,6032,6100,6100,50,220,220
2,False,20.0,21.0,41,31,6082,6100,6100,50,220,220
3,False,-5.333333333333333,5.333333333333333,0,6,5025,6100,6100,50,220,220
3,False,-5.666666666666667,5.666666666666667,0,6,5075,6100,6100,50,220,220
3,False,-5.666666666666667,5.666666666666667,0,6,5125,6100,6100,50,220,220
3,False,-5.666666666666667,5.666666666666667,0,7,5175,6100,6100,50,220,220
3,False,-5.666666666666667,5.666666666666667,0,7,5225,6100,6100,50,220,220
3,False,-5.666666666666667,5.666666666666667,0,7,5275,6100,6100,50,220,220
3,False,-5.666666666666667,5.666666666666667,0,8,5325,6100,6100,50,220,220
3,False,-5.666666666666667,5.666666666666667,0,8,5375,6100,6100,50,220,220
3,False,-5.666666666666667,5.666666666666667,0,8,5425,6100,6100,50,220,220
3,False,-5.666666666666667,5.666666666666667,0,9,5475,6100,6100,50,220,220
3,False,-5.666666666666667,5.666666666666667,0,9,5525,6100,6100,50,220,220
3,False,-5.666666666666667,5.666666666666667,0,10,5575,6100,6100,50,220,220
3,False,-5.666666666666667,5.666666666666667,0,9,5625,6100,6100,50,220,220
3,False,-5.666666666666667,5.666666666666667,0,10,5675,6100,6100,50,220,220
3,False,-5.666666666666667,5.666666666666667,0,10,5725,6100,6100,50,220,220
3,False,-6.0,6.0,0,11,5775,6100,6100,50,220,220
3,False,-5.666666666666667,5.666666666666667,0,11,5825,6100,6100,50,220,220
3,False,-5.666666666666667,5.666666666666667,0,11,5875,6100,6100,50,220,220
3,False,-5.666666666666667,5.666666666666667,0,12,5925,6100,6100,50,220,220
3,False,-5.666666666666667,5.666666666666667,0,12,5975,6100,6100,50,220,220
4,False,25.333333333333332,24.666666666666668,50,35,4918,6100,6100,50,220,220
4,False,24.0,24.0,48,35,4968,6100,6100,50,220,220
4,False,23.333333333333332,23.666666666666668,47,35,5018,6100,6100,50,220,220
4,False,23.333333333333332,23.666666666666668,47,34,5068,6100,6100,50,220,220
4,False,22.333333333333332,22.666666666666668,45,34,5118,6100,6100,50,220,220
4,False,21.333333333333332,22.666666666666668,44,33,5168,6100,6100,50,220,220
4,False,21.0,22.0,43,33,5218,6100,6100,50,220,220
4,False,21.0,22.0,43,33,5268,6100,6100,50,220,220
4,False,19.333333333333332,21.666666666666668,41,32,5318,6100,6100,50,220,220
4,False,19.0,21.0,40,32,5368,6100,6100,50,220,220
4,False,18.333333333333332,20.666666666666668,39,32,5418,6100,6100,50,220,220
4,False,17.666666666666668,20.333333333333332,38,31,5468,6100,6100,50,220,220
4,False,15.333333333333332,20.666666666666668,36,31,5518,6100,6100,50,220,220
4,False,16.333333333333332,19.666666666666668,36,30,5568,6100,6100,50,220,220
4,False,15.666666666666668,19.333333333333332,35,30,5618,6100,6100,50,220,220
4,False,14.333333333333332,18.666666666666668,33,29,5668,6100,6100,50,220,220
4,False,14.0,18.0,32,29,5718,6100,6100,50,220,220
4,False,13.333333333333332,17.666666666666668,31,28,5768,6100,6100,50,220,220
4,False,12.333333333333332,17.666666666666668,30,28,5818,6100,6100,50,220,220
4,False,12.0,17.0,29,27,5868,6100,6100,50,220,220
5,False,-6.333333333333333,6.333333333333333,0,0,4811,6100,6100,50,220,220
5,False,-6.0,6.0,0,0,4861,6100,6100,50,220,220
5,False,-6.333333333333333,6.333333333333333,0,0,4911,6100,6100,50,220,220
5,False,-6.333333333333333,6.333333333333333,0,0,4961,6100,6100,50,220,220
5,False,-6.0,6.0,0,0,5011,6100,6100,50,220,220
5,False,-6.333333333333333,6.333333333333333,0,0,5061,6100,6100,50,220,220
5,False,-6.333333333333333,6.333333333333333,0,0,5111,6100,6100,50,220,220
5,False,-6.333333333333333,6.333333333333333,0,0,5161,6100,6100,50,220,220
5,False,-6.333333333333333,6.333333333333333,0,1,5211,6100,6100,50,220,220
5,False,-6.333333333333333,6.333333333333333,0,1,5261,6100,6100,50,220,220
5,False,-6.333333333333333,6.333333333333333,0,1,5311,6100,6100,50,220,220
5,False,-7.333333333333333,7.333333333333333,0,2,5361,6100,6100,50,220,220
5,False,-6.333333333333333,6.333333333333333,0,1,5411,6100,6100,50,220,220
5,False,-6.666666666666667,6.666666666666667,0,2,5461,6100,6100,50,220,220
5,False,-6.333333333333333,6.333333333333333,0,2,5511,6100,6100,50,220,220
5,False,-6.666666666666667,6.666666666666667,0,3,5561,6100,6100,50,220,220
5,False,-6.666666666666667,6.666666666666667,0,3,5611,6100,6100,50,220,220
5,False,-6.333333333333333,6.333333333333333,0,3,5661,6100,6100,50,220,220
5,False,-6.333333333333333,6.333333333333333,0,4,5711,6100,6100,50,220,220
5,False,-6.666666666666667,6.666666666666667,0,4,5761,6100,6100,50,220,220
6,False,27.333333333333332,24.666666666666668,52,35,4704,6100,6100,50,220,220
6,False,26.0,24.0,50,34,4754,6100,6100,50,220,220
6,False,26.333333333333332,23.666666666666668,50,34,4804,6100,6100,50,220,220
6,False,25.333333333333332,23.666666666666668,49,34,4854,6100,6100,50,220,220
6,False,25.0,23.0,48,34,4904,6100,6100,50,220,220
6,False,23.666666666666668,22.333333333333332,46,33,4954,6100,6100,50,220,220
6,False,22.666666666666668,22.333333333333332,45,32,5004,6100,6100,50,220,220
6,False,22.333333333333332,21.666666666666668,44,32,5054,6100,6100,50,220,220
6,False,21.666666666666668,21.333333333333332,43,32,5104,6100,6100,50,220,220
6,False,20.333333333333332,20.666666666666668,41,31,5154,6100,6100,50,220,220
6,False,22.333333333333332,21.666666666666668,44,31,5204,6100,6100,50,220,220
6,False,20.333333333333332,20.666666666666668,41,31,5254,6100,6100,50,220,220
6,False,19.333333333333332,19.666666666666668,39,30,5304,6100,6100,50,220,220
6,False,17.666666666666668,19.333333333333332,37,29,5354,6100,6100,50,220,220
6,False,17.666666666666668,19.333333333333332,37,29,5404,6100,6100,50,220,220
6,False,17.333333333333332,18.666666666666668,36,29,5454,6100,6100,50,220,220
6,False,16.0,18.0,34,28,5504,6100,6100,50,220,220
6,False,15.333333333333332,17.666666666666668,33,28,5554,6100,6100,50,220,220
6,False,14.333333333333332,17.666666666666668,32,27,5604,6100,6100,50,220,220
6,False,14.666666666666668,17.333333333333332,32,27,5654,6100,6100,50,220,220
1,False,-5.666666666666667,5.666666666666667,0,0,4587,6100,6100,50,220,220
1,False,-5.666666666666667,5.666666666666667,0,0,4637,6100,6100,50,220,220
1,False,-5.666666666666667,5.666666666666667,0,0,4687,6100,6100,50,220,220
1,False,-5.666666666666667,5.666666666666667,0,0,4737,6100,6100,50,220,220
1,False,-5.666666666666667,5.666666666666667,0,0,4787,6100,6100,50,220,220
1,False,-6.0,6.0,0,1,4837,6100,6100,50,220,220
1,False,-6.0,6.0,0,1,4887,6100,6100,50,220,220
1,False,-6.0,6.0,0,1,4937,6100,6100,50,220,220
1,False,-6.0,6.0,0,2,4987,6100,6100,50,220,220
1,False,-6.333333333333333,6.333333333333333,0,3,5037,6100,6100,50,220,220
1,False,-5.666666666666667,5.666666666666667,0,3,5087,6100,6100,50,220,220
1,False,-6.0,6.0,0,4,5137,6100,6100,50,220,220
1,False,-6.0,6.0,0,4,5187,6100,6100,50,220,220
1,False,-6.0,6.0,0,4,5237,6100,6100,50,220,220
1,False,-6.0,6.0,0,5,5287,6100,6100,50,220,220
1,False,-6.0,6.0,0,5,5337,6100,6100,50,220,220
1,False,-6.0,6.0,0,6,5387,6100,6100,50,220,220
1,False,-6.0,6.0,0,6,5437,6100,6100,50,220,220
1,False,-6.0,6.0,0,6,5487,6100,6100,50,220,220
1,False,-6.0,6.0,0,7,5537,6100,6100,50,220,220
2,False,32.33333333333333,28.666666666666668,61,39,4480,6100,6100,50,220,220
2,False,32.0,28.0,60,39,4530,6100,6100,50,220,220
2,False,31.0,28.0,59,39,4580,6100,6100,50,220,220
2,False,32.0,28.0,60,38,4630,6100,6100,50,220,220
2,False,31.333333333333332,27.666666666666668,59,38,4680,6100,6100,50,220,220
2,False,30.333333333333332,27.666666666666668,58,38,4730,6100,6100,50,220,220
2,False,29.666666666666668,27.333333333333332,57,38,4780,6100,6100,50,220,220
2,False,30.0,27.0,57,37,4830,6100,6100,50,220,220
2,False,28.666666666666668,28.333333333333332,57,38,4880,6100,6100,50,220,220
2,False,28.666666666666668,26.333333333333332,55,37,4930,6100,6100,50,220,220
2,False,28.666666666666668,26.333333333333332,55,37,4980,6100,6100,50,220,220
2,False,28.333333333333332,25.666666666666668,54,37,5030,6100,6100,50,220,220
2,False,28.0,26.0,54,37,5080,6100,6100,50,220,220
2,False,27.333333333333332,25.666666666666668,53,36,5130,6100,6100,50,220,220
2,False,26.666666666666668,25.333333333333332,52,36,5180,6100,6100,50,220,220
2,False,26.666666666666668,25.333333333333332,52,36,5230,6100,6100,50,220,220
2,False,26.333333333333332,24.666666666666668,51,35,5280,6100,6100,50,220,220
2,False,25.333333333333332,24.666666666666668,50,35,5330,6100,6100,50,220,220
2,False,25.0,24.0,49,35,5380,6100,6100,50,220,220
2,False,25.0,24.0,49,34,5430,6100,6100,50,220,220
3,False,-5.333333333333333,5.333333333333333,0,0,4373,6100,6100,50,220,220
3,False,-5.333333333333333,5.333333333333333,0,0,4423,6100,6100,50,220,220
3,False,-5.333333333333333,5.333333333333333,0,0,4473,6100,6100,50,220,220
3,False,-5.333333333333333,5.333333333333333,0,0,4523,6100,6100,50,220,220
3,False,-5.333333333333333,5.333333333333333,0,0,4573,6100,6100,50,220,220
3,False,-5.333333333333333,5.333333333333333,0,0,4623,6100,6100,50,220,220
3,False,-5.333333333333333,5.333333333333333,0,0,4673,6100,6100,50,220,220
3,False,-5.333333333333333,5.333333333333333,0,0,4723,6100,6100,50,220,220
3,False,-5.666666666666667,5.666666666666667,0,0,4773,6100,6100,50,220,220
3,False,-5.666666666666667,5.666666666666667,0,0,4823,6100,6100,50,220,220
3,False,-5.666666666666667,5.666666666666667,0,1,4873,6100,6100,50,220,220
3,False,-5.666666666666667,5.666666666666667,0,1,4923,6100,6100,50,220,220
3,False,-5.666666666666667,5.666666666666667,0,1,4973,6100,6100,50,220,220
3,False,-5.666666666666667,5.666666666666667,0,2,5023,6100,6100,50,220,220
3,False,-5.666666666666667,5.666666666666667,0,2,5073,6100,6100,50,220,220
3,False,-5.666666666666667,5.666666666666667,0,3,5123,6100,6100,50,220,220
3,False,-5.666666666666667,5.666666666666667,0,3,5173,6100,6100,50,220,220
3,False,-5.666666666666667,5.666666666666667,0,4,5223,6100,6100,50,220,220
3,False,-5.666666666666667,5.666666666666667,0,4,5273,6100,6100,50,220,220
3,False,-5.666666666666667,5.666666666666667,0,5,5323,6100,6100,50,220,220
4,False,29.333333333333332,27.666666666666668,57,39,4265,6100,6100,50,220,220
4,False,29.0,27.0,56,38,4315,6100,6100,50,220,220
4,False,28.333333333333332,26.666666666666668,55,38,4365,6100,6100,50,220,220
4,False,28.333333333333332,26.666666666666668,55,38,4415,6100,6100,50,220,220
4,False,28.333333333333332,26.666666666666668,55,38,4465,6100,6100,50,220,220
4,False,27.666666666666668,26.333333333333332,54,37,4515,6100,6100,50,220,220
4,False,26.0,27.0,53,37,4565,6100,6100,50,220,220
4,False,27.0,26.0,53,37,4615,6100,6100,50,220,220
4,False,26.333333333333332,25.666666666666668,52,36,4665,6100,6100,50,220,220
4,False,26.0,25.0,51,36,4715,6100,6100,50,220,220
4,False,26.0,25.0,51,36,4765,6100,6100,50,220,220
4,False,26.0,25.0,51,36,4815,6100,6100,50,220,220
4,False,25.0,25.0,50,36,4865,6100,6100,50,220,220
4,False,24.333333333333332,24.666666666666668,49,35,4915,6100,6100,50,220,220
4,False,24.0,24.0,48,35,4965,6100,6100,50,220,220
4,False,23.333333333333332,23.666666666666668,47,34,5015,6100,6100,50,220,220
4,False,23.0,24.0,47,34,5065,6100,6100,50,220,220
4,False,22.666666666666668,23.333333333333332,46,34,5115,6100,6100,50,220,220
4,False,22.0,23.0,45,34,5165,6100,6100,50,220,220
4,False,22.0,23.0,45,34,5215,6100,6100,50,220,220
5,False,-6.333333333333333,6.333333333333333,0,5,5159,6100,6100,50,220,220
5,False,-6.333333333333333,6.333333333333333,0,5,5209,6100,6100,50,220,220
5,False,-6.666666666666667,6.666666666666667,0,5,5259,6100,6100,50,220,220
5,False,-6.333333333333333,6.333333333333333,0,5,5309,6100,6100,50,220,220
5,False,-6.666666666666667,6.666666666666667,0,5,5359,6100,6100,50,220,220
5,False,-7.666666666666667,7.666666666666667,0,6,5409,6100,6100,50,220,220
5,False,-6.666666666666667,6.666666666666667,0,6,5459,6100,6100,50,220,220
5,False,-6.666666666666667,6.666666666666667,0,6,5509,6100,6100,50,220,220
5,False,-6.666666666666667,6.666666666666667,0,7,5559,6100,6100,50,220,220
5,False,-6.666666666666667,6.666666666666667,0,6,5609,6100,6100,50,220,220
5,False,-6.666666666666667,6.666666666666667,0,7,5659,6100,6100,50,220,220
5,False,-6.666666666666667,6.666666666666667,0,8,5709,6100,6100,50,220,220
5,False,-6.666666666666667,6.666666666666667,0,8,5759,6100,6100,50,220,220
5,False,-6.666666666666667,6.666666666666667,0,9,5809,6100,6100,50,220,220
5,False,-6.666666666666667,6.666666666666667,0,8,5859,6100,6100,50,220,220
5,False,-6.666666666666667,6.666666666666667,0,9,5909,6100,6100,50,220,220
5,False,-6.666666666666667,6.666666666666667,0,10,5959,6100,6100,50,220,220
5,False,-6.666666666666667,6.666666666666667,0,10,6009,6100,6100,50,220,220
5,False,-6.666666666666667,6.666666666666667,0,10,6059,6100,6100,50,220,220
6,False,13.333333333333332,6.666666666666667,20,10,6109,6100,6100,50,220,220
6,False,32.33333333333333,27.666666666666668,60,38,5040,6100,6100,50,220,220
6,False,32.0,27.0,59,38,5090,6100,6100,50,220,220
6,False,31.333333333333332,26.666666666666668,58,37,5140,6100,6100,50,220,220
6,False,31.333333333333332,26.666666666666668,58,37,5190,6100,6100,50,220,220
6,False,32.66666666666667,27.333333333333332,60,37,5240,6100,6100,50,220,220
6,False,29.333333333333332,25.666666666666668,55,36,5290,6100,6100,50,220,220
6,False,29.333333333333332,25.666666666666668,55,36,5340,6100,6100,50,220,220
6,False,28.666666666666668,25.333333333333332,54,36,5390,6100,6100,50,220,220
6,False,28.0,25.0,53,35,5440,6100,6100,50,220,220
6,False,26.666666666666668,24.333333333333332,51,35,5490,6100,6100,50,220,220
6,False,26.666666666666668,24.333333333333332,51,34,5540,6100,6100,50,220,220
6,False,26.0,24.0,50,34,5590,6100,6100,50,220,220
6,False,25.333333333333332,23.666666666666668,49,34,5640,6100,6100,50,220,220
6,False,24.0,23.0,47,33,5690,6100,6100,50,220,220
6,False,24.333333333333332,22.666666666666668,47,33,5740,6100,6100,50,220,220
6,False,23.333333333333332,22.666666666666668,46,33,5790,6100,6100,50,220,220
6,False,23.0,22.0,45,32,5840,6100,6100,50,220,220
6,False,21.666666666666668,21.333333333333332,43,31,5890,6100,6100,50,220,220
6,False,21.0,21.0,42,31,5940,6100,6100,50,220,220
6,False,21.0,21.0,42,31,5990,6100,6100,50,220,220
1,False,-6.0,6.0,0,7,4933,6000,6000,50,220,220
1,False,-6.0,6.0,0,7,4983,6000,6000,50,220,220
1,False,-6.0,6.0,0,8,5033,6000,6000,50,220,220
1,False,-6.666666666666667,6.666666666666667,0,9,5083,6000,6000,50,220,220
1,False,-6.0,6.0,0,8,5133,6000,6000,50,220,220
1,False,-6.0,6.0,0,9,5183,6000,6000,50,220,220
1,False,-6.0,6.0,0,10,5233,6000,6000,50,220,220
1,False,-6.0,6.0,0,10,5283,6000,6000,50,220,220
1,False,-6.0,6.0,0,10,5333,6000,6000,50,220,220
1,False,-6.0,6.0,0,11,5383,6000,6000,50,220,220
1,False,-6.0,6.0,0,11,5433,6000,6000,50,220,220
1,False,-6.0,6.0,0,11,5483,6000,6000,50,220,220
1,False,-6.333333333333333,6.333333333333333,0,12,5533,6000,6000,50,220,220
1,False,-6.333333333333333,6.333333333333333,0,12,5583,6000,6000,50,220,220
1,False,-6.333333333333333,6.333333333333333,0,12,5633,6000,6000,50,220,220
1,False,-6.333333333333333,6.333333333333333,0,13,5683,6000,6000,50,220,220
1,False,-6.333333333333333,6.333333333333333,0,13,5733,6000,6000,50,220,220
1,False,-6.0,6.0,0,14,5783,6000,6000,50,220,220
1,False,-6.333333333333333,6.333333333333333,0,14,5833,6000,6000,50,220,220
1,False,-6.333333333333333,6.333333333333333,0,15,5883,6000,6000,50,220,220
2,False,34.33333333333333,29.666666666666668,64,40,4927,6000,6000,50,220,220
2,False,33.66666666666667,29.333333333333332,63,40,4977,6000,6000,50,220,220
2,False,32.0,30.0,62,40,5027,6000,6000,50,220,220
2,False,32.33333333333333,28.666666666666668,61,39,5077,6000,6000,50,220,220
2,False,32.0,28.0,60,39,5127,6000,6000,50,220,220
2,False,31.333333333333332,27.666666666666668,59,38,5177,6000,6000,50,220,220
2,False,31.333333333333332,27.666666666666668,59,38,5227,6000,6000,50,220,220
2,False,30.0,27.0,57,37,5277,6000,6000,50,220,220
2,False,29.333333333333332,26.666666666666668,56,37,5327,6000,6000,50,220,220
2,False,29.666666666666668,26.333333333333332,56,37,5377,6000,6000,50,220,220
2,False,28.666666666666668,26.333333333333332,55,36,5427,6000,6000,50,220,220
2,False,27.666666666666668,25.333333333333332,53,36,5477,6000,6000,50,220,220
2,False,27.0,25.0,52,36,5527,6000,6000,50,220,220
2,False,26.333333333333332,24.666666666666668,51,35,5577,6000,6000,50,220,220
2,False,26.333333333333332,24.666666666666668,51,35,5627,6000,6000,50,220,220
2,False,25.666666666666668,24.333333333333332,50,35,5677,6000,6000,50,220,220
2,False,24.333333333333332,23.666666666666668,48,34,5727,6000,6000,50,220,220
2,False,24.333333333333332,23.666666666666668,48,34,5777,6000,6000,50,220,220
2,False,23.0,23.0,46,34,5827,6000,6000,50,220,220
2,False,22.333333333333332,22.666666666666668,45,33,5877,6000,6000,50,220,220
3,False,-5.666666666666667,5.666666666666667,0,5,4920,6000,6000,50,220,220
3,False,-5.666666666666667,5.666666666666667,0,6,4970,6000,6000,50,220,220
3,False,-5.666666666666667,5.666666666666667,0,6,5020,6000,6000,50,220,220
3,False,-5.666666666666667,5.666666666666667,0,6,5070,6000,6000,50,220,220
3,False,-5.666666666666667,5.666666666666667,0,6,5120,6000,6000,50,220,220
3,False,-5.666666666666667,5.666666666666667,0,6,5170,6000,6000,50,220,220
3,False,-5.666666666666667,5.666666666666667,0,7,5220,6000,6000,50,220,220
3,False,-5.666666666666667,5.666666666666667,0,7,5270,6000,6000,50,220,220
3,False,-5.666666666666667,5.666666666666667,0,8,5320,6000,6000,50,220,220
3,False,-5.666666666666667,5.666666666666667,0,8,5370,6000,6000,50,220,220
3,False,-5.666666666666667,5.666666666666667,0,9,5420,6000,6000,50,220,220
3,False,-5.666666666666667,5.666666666666667,0,9,5470,6000,6000,50,220,220
3,False,-5.666666666666667,5.666666666666667,0,9,5520,6000,6000,50,220,220
3,False,-5.666666666666667,5.666666666666667,0,10,5570,6000,6000,50,220,220
3,False,-5.666666666666667,5.666666666666667,0,10,5620,6000,6000,50,220,220
3,False,-5.666666666666667,5.666666666666667,0,10,5670,6000,6000,50,220,220
3,False,-5.666666666666667,5.666666666666667,0,11,5720,6000,6000,50,220,220
3,False,-5.666666666666667,5.666666666666667,0,11,5770,6000,6000,50,220,220
3,False,-5.666666666666667,5.666666666666667,0,11,5820,6000,6000,50,220,220
3,False,-5.666666666666667,5.666666666666667,0,12,5870,6000,6000,50,220,220
4,False,30.0,29.0,59,39,4913,6000,6000,50,220,220
4,False,29.333333333333332,27.666666666666668,57,38,4963,6000,6000,50,220,220
4,False,28.666666666666668,26.333333333333332,55,37,5013,6000,6000,50,220,220
4,False,28.666666666666668,26.333333333333332,55,37,5063,6000,6000,50,220,220
4,False,27.333333333333332,25.666666666666668,53,37,5113,6000,6000,50,220,220
4,False,26.666666666666668,25.333333333333332,52,36,5163,6000,6000,50,220,220
4,False,25.0,25.0,50,36,5213,6000,6000,50,220,220
4,False,24.666666666666668,24.333333333333332,49,35,5263,6000,6000,50,220,220
4,False,23.333333333333332,23.666666666666668,47,35,5313,6000,6000,50,220,220
4,False,22.666666666666668,23.333333333333332,46,34,5363,6000,6000,50,220,220
4,False,22.0,23.0,45,34,5413,6000,6000,50,220,220
4,False,21.333333333333332,22.666666666666668,44,33,5463,6000,6000,50,220,220
4,False,20.333333333333332,21.666666666666668,42,32,5513,6000,6000,50,220,220
4,False,19.666666666666668,21.333333333333332,41,32,5563,6000,6000,50,220,220
4,False,18.333333333333332,20.666666666666668,39,31,5613,6000,6000,50,220,220
4,False,18.333333333333332,20.666666666666668,39,31,5663,6000,6000,50,220,220
4,False,17.0,20.0,37,30,5713,6000,6000,50,220,220
4,False,15.666666666666668,19.333333333333332,35,30,5763,6000,6000,50,220,220
4,False,15.666666666666668,19.333333333333332,35,30,5813,6000,6000,50,220,220
4,False,14.333333333333332,18.666666666666668,33,29,5863,6000,6000,50,220,220
5,False,-6.333333333333333,6.333333333333333,0,3,4907,6000,6000,50,220,220
5,False,-6.333333333333333,6.333333333333333,0,3,4957,6000,6000,50,220,220
5,False,-6.333333333333333,6.333333333333333,0,3,5007,6000,6000,50,220,220
5,False,-6.333333333333333,6.333333333333333,0,3,5057,6000,6000,50,220,220
5,False,-6.333333333333333,6.333333333333333,0,4,5107,6000,6000,50,220,220
5,False,-6.333333333333333,6.333333333333333,0,4,5157,6000,6000,50,220,220
5,False,-6.333333333333333,6.333333333333333,0,4,5207,6000,6000,50,220,220
5,False,-6.666666666666667,6.666666666666667,0,4,5257,6000,6000,50,220,220
5,False,-6.333333333333333,6.333333333333333,0,4,5307,6000,6000,50,220,220
5,False,-6.666666666666667,6.666666666666667,0,4,5357,6000,6000,50,220,220
5,False,-6.333333333333333,6.333333333333333,0,5,5407,6000,6000,50,220,220
5,False,-6.666666666666667,6.666666666666667,0,5,5457,6000,6000,50,220,220
5,False,-6.666666666666667,6.666666666666667,0,6,5507,6000,6000,50,220,220
5,False,-6.666666666666667,6.666666666666667,0,6,5557,6000,6000,50,220,220
5,False,-6.666666666666667,6.666666666666667,0,5,5607,6000,6000,50,220,220
5,False,-6.666666666666667,6.666666666666667,0,5,5657,6000,6000,50,220,220
5,False,-6.666666666666667,6.666666666666667,0,6,5707,6000,6000,50,220,220
5,False,-6.666666666666667,6.666666666666667,0,6,5757,6000,6000,50,220,220
5,False,-6.666666666666667,6.666666666666667,0,7,5807,6000,6000,50,220,220
5,False,-7.666666666666667,7.666666666666667,0,7,5857,6000,6000,50,220,220
6,False,27.333333333333332,24.666666666666668,52,35,4902,6000,6000,50,220,220
6,False,26.666666666666668,24.333333333333332,51,34,4952,6000,6000,50,220,220
6,False,26.0,24.0,50,34,5002,6000,6000,50,220,220
6,False,25.333333333333332,23.666666666666668,49,34,5052,6000,6000,50,220,220
6,False,25.0,23.0,48,33,5102,6000,6000,50,220,220
6,False,24.0,23.0,47,33,5152,6000,6000,50,220,220
6,False,23.0,22.0,45,32,5202,6000,6000,50,220,220
6,False,22.666666666666668,22.333333333333332,45,32,5252,6000,6000,50,220,220
6,False,22.333333333333332,21.666666666666668,44,32,5302,6000,6000,50,220,220
6,False,21.0,21.0,42,31,5352,6000,6000,50,220,220
6,False,20.0,21.0,41,31,5402,6000,6000,50,220,220
6,False,19.666666666666668,20.333333333333332,40,30,5452,6000,6000,50,220,220
6,False,19.0,20.0,39,30,5502,6000,6000,50,220,220
6,False,18.333333333333332,19.666666666666668,38,29,5552,6000,6000,50,220,220
6,False,18.0,19.0,37,29,5602,6000,6000,50,220,220
6,False,17.0,19.0,36,29,5652,6000,6000,50,220,220
6,False,16.333333333333332,18.666666666666668,35,28,5702,6000,6000,50,220,220
6,False,15.666666666666668,18.333333333333332,34,28,5752,6000,6000,50,220,220
6,False,16.666666666666668,18.333333333333332,35,28,5802,6000,6000,50,220,220
6,False,14.0,17.0,31,27,5852,6000,6000,50,220,220
1,False,-5.666666666666667,5.666666666666667,0,1,4888,6000,6000,50,220,220
1,False,-6.0,6.0,0,1,4938,6000,6000,50,220,220
1,False,-6.0,6.0,0,2,4988,6000,6000,50,220,220
1,False,-5.666666666666667,5.666666666666667,0,1,5038,6000,6000,50,220,220
1,False,-6.0,6.0,0,2,5088,6000,6000,50,220,220
1,False,-6.0,6.0,0,3,5138,6000,6000,50,220,220
1,False,-6.0,6.0,0,2,5188,6000,6000,50,220,220
1,False,-6.0,6.0,0,3,5238,6000,6000,50,220,220
1,False,-6.0,6.0,0,3,5288,6000,6000,50,220,220
1,False,-6.0,6.0,0,4,5338,6000,6000,50,220,220
1,False,-6.0,6.0,0,4,5388,6000,6000,50,220,220
1,False,-6.0,6.0,0,4,5438,6000,6000,50,220,220
1,False,-6.0,6.0,0,5,5488,6000,6000,50,220,220
1,False,-6.0,6.0,0,5,5538,6000,6000,50,220,220
1,False,-6.0,6.0,0,6,5588,6000,6000,50,220,220
1,False,-6.0,6.0,0,6,5638,6000,6000,50,220,220
1,False,-6.0,6.0,0,7,5688,6000,6000,50,220,220
1,False,-6.333333333333333,6.333333333333333,0,7,5738,6000,6000,50,220,220
1,False,-6.0,6.0,0,7,5788,6000,6000,50,220,220
1,False,-6.0,6.0,0,7,5838,6000,6000,50,220,220
2,False,26.333333333333332,24.666666666666668,51,35,4881,6000,6000,50,220,220
2,False,25.666666666666668,24.333333333333332,50,35,4931,6000,6000,50,220,220
2,False,24.666666666666668,24.333333333333332,49,35,4981,6000,6000,50,220,220
2,False,24.333333333333332,23.666666666666668,48,34,5031,6000,6000,50,220,220
2,False,23.666666666666668,23.333333333333332,47,34,5081,6000,6000,50,220,220
2,False,23.0,23.0,46,34,5131,6000,6000,50,220,220
2,False,22.333333333333332,22.666666666666668,45,33,5181,6000,6000,50,220,220
2,False,22.0,22.0,44,32,5231,6000,6000,50,220,220
2,False,21.333333333333332,21.666666666666668,43,32,5281,6000,6000,50,220,220
2,False,20.666666666666668,21.333333333333332,42,32,5331,6000,6000,50,220,220
2,False,20.0,21.0,41,32,5381,6000,6000,50,220,220
2,False,19.333333333333332,20.666666666666668,40,31,5431,6000,6000,50,220,220
2,False,19.0,21.0,40,31,5481,6000,6000,50,220,220
2,False,18.0,20.0,38,30,5531,6000,6000,50,220,220
2,False,17.333333333333332,19.666666666666668,37,31,5581,6000,6000,50,220,220
2,False,16.666666666666668,19.333333333333332,36,30,5631,6000,6000,50,220,220
2,False,15.666666666666668,20.333333333333332,36,30,5681,6000,6000,50,220,220
2,False,15.333333333333332,18.666666666666668,34,29,5731,6000,6000,50,220,220
2,False,14.666666666666668,18.333333333333332,33,28,5781,6000,6000,50,220,220
2,False,14.333333333333332,17.666666666666668,32,29,5831,6000,6000,50,220,220
3,False,-5.333333333333333,5.333333333333333,0,2,4875,6000,6000,50,220,220
3,False,-5.333333333333333,5.333333333333333,0,2,4925,6000,6000,50,220,220
3,False,-5.333333333333333,5.333333333333333,0,3,4975,6000,6000,50,220,220
3,False,-5.333333333333333,5.333333333333333,0,3,5025,6000,6000,50,220,220
3,False,-5.333333333333333,5.333333333333333,0,3,5075,6000,6000,50,220,220
3,False,-5.666666666666667,5.666666666666667,0,4,5125,6000,6000,50,220,220
3,False,-5.666666666666667,5.666666666666667,0,4,5175,6000,6000,50,220,220
3,False,-5.666666666666667,5.666666666666667,0,5,5225,6000,6000,50,220,220
3,False,-5.666666666666667,5.666666666666667,0,5,5275,6000,6000,50,220,220
3,False,-5.333333333333333,5.333333333333333,0,6,5325,6000,6000,50,220,220
3,False,-5.666666666666667,5.666666666666667,0,6,5375,6000,6000,50,220,220
3,False,-5.666666666666667,5.666666666666667,0,6,5425,6000,6000,50,220,220
3,False,-5.666666666666667,5.666666666666667,0,6,5475,6000,6000,50,220,220
3,False,-5.666666666666667,5.666666666666667,0,7,5525,6000,6000,50,220,220
3,False,-5.666666666666667,5.666666666666667,0,8,5575,6000,6000,50,220,220
3,False,-5.666666666666667,5.666666666666667,0,8,5625,6000,6000,50,220,220
3,False,-5.666666666666667,5.666666666666667,0,8,5675,6000,6000,50,220,220
3,False,-5.666666666666667,5.666666666666667,0,9,5725,6000,6000,50,220,220
3,False,-5.666666666666667,5.666666666666667,0,9,5775,6000,6000,50,220,220
3,False,-5.666666666666667,5.666666666666667,0,9,5825,6000,6000,50,220,220
4,False,25.0,25.0,50,36,4869,6000,6000,50,220,220
4,False,24.333333333333332,24.666666666666668,49,36,4919,6000,6000,50,220,220
4,False,24.0,24.0,48,35,4969,6000,6000,50,220,220
4,False,24.0,24.0,48,34,5019,6000,6000,50,220,220
4,False,23.333333333333332,23.666666666666668,47,34,5069,6000,6000,50,220,220
4,False,22.0,23.0,45,34,5119,6000,6000,50,220,220
4,False,21.666666666666668,22.333333333333332,44,33,5169,6000,6000,50,220,220
4,False,21.666666666666668,22.333333333333332,44,33,5219,6000,6000,50,220,220
4,False,21.0,22.0,43,33,5269,6000,6000,50,220,220
4,False,19.666666666666668,21.333333333333332,41,33,5319,6000,6000,50,220,220
4,False,19.0,21.0,40,32,5369,6000,6000,50,220,220
4,False,18.333333333333332,20.666666666666668,39,32,5419,6000,6000,50,220,220
4,False,17.666666666666668,20.333333333333332,38,31,5469,6000,6000,50,220,220
4,False,17.0,20.0,37,31,5519,6000,6000,50,220,220
4,False,15.333333333333332,20.666666666666668,36,31,5569,6000,6000,50,220,220
4,False,15.0,19.0,34,30,5619,6000,6000,50,220,220
4,False,15.0,19.0,34,29,5669,6000,6000,50,220,220
4,False,14.333333333333332,18.666666666666668,33,29,5719,6000,6000,50,220,220
4,False,13.666666666666668,18.333333333333332,32,29,5769,6000,6000,50,220,220
4,False,13.333333333333332,17.666666666666668,31,28,5819,6000,6000,50,220,220
5,False,-6.333333333333333,6.333333333333333,0,0,4864,6000,6000,50,220,220
5,False,-6.333333333333333,6.333333333333333,0,0,4914,6000,6000,50,220,220
5,False,-6.333333333333333,6.333333333333333,0,0,4964,6000,6000,50,220,220
5,False,-6.333333333333333,6.333333333333333,0,0,5014,6000,6000,50,220,220
5,False,-6.333333333333333,6.333333333333333,0,0,5064,6000,6000,50,220,220
5,False,-6.333333333333333,6.333333333333333,0,0,5114,6000,6000,50,220,220
5,False,-6.666666666666667,6.666666666666667,0,1,5164,6000,6000,50,220,220
5,False,-6.333333333333333,6.333333333333333,0,1,5214,6000,6000,50,220,220
5,False,-6.333333333333333,6.333333333333333,0,2,5264,6000,6000,50,220,220
5,False,-6.333333333333333,6.333333333333333,0,2,5314,6000,6000,50,220,220
5,False,-6.666666666666667,6.666666666666667,0,2,5364,6000,6000,50,220,220
5,False,-6.333333333333333,6.333333333333333,0,3,5414,6000,6000,50,220,220
5,False,-6.666666666666667,6.666666666666667,0,3,5464,6000,6000,50,220,220
5,False,-7.666666666666667,7.666666666666667,0,4,5514,6000,6000,50,220,220
5,False,-6.666666666666667,6.666666666666667,0,4,5564,6000,6000,50,220,220
5,False,-6.666666666666667,6.666666666666667,0,4,5614,6000,6000,50,220,220
5,False,-6.666666666666667,6.666666666666667,0,5,5664,6000,6000,50,220,220
5,False,-6.666666666666667,6.666666666666667,0,5,5714,6000,6000,50,220,220
5,False,-6.666666666666667,6.666666666666667,0,6,5764,6000,6000,50,220,220
5,False,-6.666666666666667,6.666666666666667,0,6,5814,6000,6000,50,220,220
6,False,27.333333333333332,24.666666666666668,52,35,4858,6000,6000,50,220,220
6,False,26.666666666666668,24.333333333333332,51,35,4908,6000,6000,50,220,220
6,False,25.333333333333332,23.666666666666668,49,34,4958,6000,6000,50,220,220
6,False,26.0,24.0,50,34,5008,6000,6000,50,220,220
6,False,24.666666666666668,23.333333333333332,48,34,5058,6000,6000,50,220,220
6,False,24.333333333333332,22.666666666666668,47,33,5108,6000,6000,50,220,220
6,False,23.333333333333332,22.666666666666668,46,33,5158,6000,6000,50,220,220
6,False,23.666666666666668,22.333333333333332,46,33,5208,6000,6000,50,220,220
6,False,23.0,22.0,45,32,5258,6000,6000,50,220,220
6,False,22.333333333333332,21.666666666666668,44,32,5308,6000,6000,50,220,220
6,False,21.666666666666668,21.333333333333332,43,32,5358,6000,6000,50,220,220
6,False,21.666666666666668,21.333333333333332,43,31,5408,6000,6000,50,220,220
6,False,23.0,22.0,45,31,5458,6000,6000,50,220,220
6,False,19.666666666666668,20.333333333333332,40,30,5508,6000,6000,50,220,220
6,False,19.666666666666668,20.333333333333332,40,30,5558,6000,6000,50,220,220
6,False,19.0,20.0,39,30,5608,6000,6000,50,220,220
6,False,18.666666666666668,19.333333333333332,38,30,5658,6000,6000,50,220,220
6,False,17.666666666666668,19.333333333333332,37,29,5708,6000,6000,50,220,220
6,False,17.333333333333332,18.666666666666668,36,29,5758,6000,6000,50,220,220
6,False,17.0,19.0,36,29,5808,6000,6000,50,220,220
1,False,-6.0,6.0,0,3,4852,6000,6000,50,220,220
1,False,-6.0,6.0,0,4,4902,6000,6000,50,220,220
1,False,-5.666666666666667,5.666666666666667,0,5,4952,6000,6000,50,220,220
1,False,-6.0,6.0,0,5,5002,6000,6000,50,220,220
1,False,-6.0,6.0,0,5,5052,6000,6000,50,220,220
1,False,-6.0,6.0,0,5,5102,6000,6000,50,220,220
1,False,-6.0,6.0,0,6,5152,6000,6000,50,220,220
1,False,-6.0,6.0,0,6,5202,6000,6000,50,220,220
1,False,-6.0,6.0,0,7,5252,6000,6000,50,220,220
1,False,-6.0,6.0,0,7,5302,6000,6000,50,220,220
1,False,-6.0,6.0,0,7,5352,6000,6000,50,220,220
1,False,-6.666666666666667,6.666666666666667,0,8,5402,6000,6000,50,220,220
1,False,-6.0,6.0,0,9,5452,6000,6000,50,220,220
1,False,-6.333333333333333,6.333333333333333,0,8,5502,6000,6000,50,220,220
1,False,-6.0,6.0,0,10,5552,6000,6000,50,220,220
1,False,-6.0,6.0,0,10,5602,6000,6000,50,220,220
1,False,-6.0,6.0,0,10,5652,6000,6000,50,220,220
1,False,-6.0,6.0,0,10,5702,6000,6000,50,220,220
1,False,-6.0,6.0,0,10,5752,6000,6000,50,220,220
1,False,-6.0,6.0,0,12,5802,6000,6000,50,220,220
2,False,34.33333333333333,29.666666666666668,64,40,4838,6000,6000,50,220,220
2,False,33.66666666666667,29.333333333333332,63,40,4888,6000,6000,50,220,220
2,False,33.0,29.0,62,39,4938,6000,6000,50,220,220
2,False,33.0,29.0,62,39,4988,6000,6000,50,220,220
2,False,32.33333333333333,28.666666666666668,61,39,5038,6000,6000,50,220,220
2,False,31.666666666666668,28.333333333333332,60,39,5088,6000,6000,50,220,220
2,False,31.333333333333332,27.666666666666668,59,39,5138,6000,6000,50,220,220
2,False,31.333333333333332,27.666666666666668,59,38,5188,6000,6000,50,220,220
2,False,30.666666666666668,27.333333333333332,58,38,5238,6000,6000,50,220,220
2,False,30.333333333333332,26.666666666666668,57,38,5288,6000,6000,50,220,220
2,False,29.0,28.0,57,38,5338,6000,6000,50,220,220
2,False,29.333333333333332,26.666666666666668,56,37,5388,6000,6000,50,220,220
2,False,29.0,26.0,55,37,5438,6000,6000,50,220,220
2,False,28.333333333333332,25.666666666666668,54,36,5488,6000,6000,50,220,220
2,False,27.666666666666668,25.333333333333332,53,36,5538,6000,6000,50,220,220
2,False,27.666666666666668,25.333333333333332,53,36,5588,6000,6000,50,220,220
2,False,27.0,25.0,52,36,5638,6000,6000,50,220,220
2,False,25.666666666666668,24.333333333333332,50,35,5688,6000,6000,50,220,220
2,False,25.666666666666668,24.333333333333332,50,35,5738,6000,6000,50,220,220
2,False,25.666666666666668,24.333333333333332,50,35,5788,6000,6000,50,220,220
3,False,-5.666666666666667,5.666666666666667,0,6,4829,6000,6000,50,220,220
3,False,-5.666666666666667,5.666666666666667,0,6,4879,6000,6000,50,220,220
3,False,-5.666666666666667,5.666666666666667,0,6,4929,6000,6000,50,220,220
3,False,-5.666666666666667,5.666666666666667,0,6,4979,6000,6000,50,220,220
3,False,-5.666666666666667,5.666666666666667,0,7,5029,6000,6000,50,220,220
3,False,-5.666666666666667,5.666666666666667,0,7,5079,6000,6000,50,220,220
3,False,-5.666666666666667,5.666666666666667,0,8,5129,6000,6000,50,220,220
3,False,-5.666666666666667,5.666666666666667,0,8,5179,6000,6000,50,220,220
3,False,-5.666666666666667,5.666666666666667,0,8,5229,6000,6000,50,220,220
3,False,-5.666666666666667,5.666666666666667,0,9,5279,6000,6000,50,220,220
3,False,-5.666666666666667,5.666666666666667,0,9,5329,6000,6000,50,220,220
3,False,-5.666666666666667,5.666666666666667,0,10,5379,6000,6000,50,220,220
3,False,-5.666666666666667,5.666666666666667,0,10,5429,6000,6000,50,220,220
3,False,-5.666666666666667,5.666666666666667,0,10,5479,6000,6000,50,220,220
3,False,-5.666666666666667,5.666666666666667,0,11,5529,6000,6000,50,220,220
3,False,-5.666666666666667,5.666666666666667,0,11,5579,6000,6000,50,220,220
3,False,-5.666666666666667,5.666666666666667,0,12,5629,6000,6000,50,220,220
3,False,-5.666666666666667,5.666666666666667,0,12,5679,6000,6000,50,220,220
3,False,-5.666666666666667,5.666666666666667,0,13,5729,6000,6000,50,220,220
3,False,-6.0,6.0,0,13,5779,6000,6000,50,220,220
4,False,28.333333333333332,26.666666666666668,55,38,4823,6000,6000,50,220,220
4,False,28.0,27.0,55,37,4873,6000,6000,50,220,220
4,False,27.0,26.0,53,37,4923,6000,6000,50,220,220
4,False,26.666666666666668,25.333333333333332,52,36,4973,6000,6000,50,220,220
4,False,26.0,25.0,51,36,5023,6000,6000,50,220,220
4,False,25.333333333333332,24.666666666666668,50,36,5073,6000,6000,50,220,220
4,False,24.0,24.0,48,35,5123,6000,6000,50,220,220
4,False,23.666666666666668,23.333333333333332,47,35,5173,6000,6000,50,220,220
4,False,21.666666666666668,24.333333333333332,46,35,5223,6000,6000,50,220,220
4,False,21.666666666666668,23.333333333333332,45,34,5273,6000,6000,50,220,220
4,False,21.333333333333332,22.666666666666668,44,33,5323,6000,6000,50,220,220
4,False,20.666666666666668,22.333333333333332,43,32,5373,6000,6000,50,220,220
4,False,20.333333333333332,21.666666666666668,42,32,5423,6000,6000,50,220,220
4,False,19.666666666666668,21.333333333333332,41,32,5473,6000,6000,50,220,220
4,False,18.333333333333332,20.666666666666668,39,32,5523,6000,6000,50,220,220
4,False,17.666666666666668,20.333333333333332,38,31,5573,6000,6000,50,220,220
4,False,17.0,20.0,37,30,5623,6000,6000,50,220,220
4,False,16.666666666666668,19.333333333333332,36,30,5673,6000,6000,50,220,220
4,False,15.333333333333332,18.666666666666668,34,30,5723,6000,6000,50,220,220
4,False,14.333333333333332,18.666666666666668,33,30,5773,6000,6000,50,220,220
5,False,-6.333333333333333,6.333333333333333,0,2,4817,6000,6000,50,220,220
5,False,-6.333333333333333,6.333333333333333,0,2,4867,6000,6000,50,220,220
5,False,-6.333333333333333,6.333333333333333,0,2,4917,6000,6000,50,220,220
5,False,-6.333333333333333,6.333333333333333,0,2,4967,6000,6000,50,220,220
5,False,-6.333333333333333,6.333333333333333,0,2,5017,6000,6000,50,220,220
5,False,-6.333333333333333,6.333333333333333,0,3,5067,6000,6000,50,220,220
5,False,-6.333333333333333,6.333333333333333,0,3,5117,6000,6000,50,220,220
5,False,-7.333333333333333,7.333333333333333,0,4,5167,6000,6000,50,220,220
5,False,-6.666666666666667,6.666666666666667,0,4,5217,6000,6000,50,220,220
5,False,-6.333333333333333,6.333333333333333,0,4,5267,6000,6000,50,220,220
5,False,-6.333333333333333,6.333333333333333,0,4,5317,6000,6000,50,220,220
5,False,-6.666666666666667,6.666666666666667,0,4,5367,6000,6000,50,220,220
5,False,-6.666666666666667,6.666666666666667,0,5,5417,6000,6000,50,220,220
5,False,-6.666666666666667,6.666666666666667,0,5,5467,6000,6000,50,220,220
5,False,-6.333333333333333,6.333333333333333,0,5,5517,6000,6000,50,220,220
5,False,-6.666666666666667,6.666666666666667,0,6,5567,6000,6000,50,220,220
5,False,-6.666666666666667,6.666666666666667,0,6,5617,6000,6000,50,220,220
5,False,-6.666666666666667,6.666666666666667,0,6,5667,6000,6000,50,220,220
5,False,-6.666666666666667,6.666666666666667,0,7,5717,6000,6000,50,220,220
5,False,-6.333333333333333,6.333333333333333,0,7,5767,6000,6000,50,220,220
6,False,34.33333333333333,28.666666666666668,63,39,4811,6000,6000,50,220,220
6,False,33.66666666666667,28.333333333333332,62,39,4861,6000,6000,50,220,220
6,False,32.66666666666667,27.333333333333332,60,38,4911,6000,6000,50,220,220
6,False,32.0,27.0,59,37,4961,6000,6000,50,220,220
6,False,31.333333333333332,26.666666666666668,58,37,5011,6000,6000,50,220,220
6,False,30.666666666666668,26.333333333333332,57,37,5061,6000,6000,50,220,220
6,False,32.0,27.0,59,37,5111,6000,6000,50,220,220
6,False,28.666666666666668,25.333333333333332,54,36,5161,6000,6000,50,220,220
6,False,28.0,25.0,53,35,5211,6000,6000,50,220,220
6,False,27.333333333333332,24.666666666666668,52,35,5261,6000,6000,50,220,220
6,False,26.666666666666668,24.333333333333332,51,34,5311,6000,6000,50,220,220
6,False,26.333333333333332,23.666666666666668,50,34,5361,6000,6000,50,220,220
6,False,24.666666666666668,23.333333333333332,48,33,5411,6000,6000,50,220,220
6,False,24.0,23.0,47,33,5461,6000,6000,50,220,220
6,False,23.333333333333332,22.666666666666668,46,32,5511,6000,6000,50,220,220
6,False,22.333333333333332,21.666666666666668,44,32,5561,6000,6000,50,220,220
6,False,21.666666666666668,21.333333333333332,43,32,5611,6000,6000,50,220,220
6,False,21.0,21.0,42,31,5661,6000,6000,50,220,220
6,False,20.333333333333332,20.666666666666668,41,30,5711,6000,6000,50,220,220
6,False,19.0,20.0,39,30,5761,6000,6000,50,220,220
1,False,-6.0,6.0,0,4,4804,6000,6000,50,220,220
1,False,-6.0,6.0,0,4,4854,6000,6000,50,220,220
1,False,-6.0,6.0,0,4,4904,6000,6000,50,220,220
1,False,-6.0,6.0,0,4,4954,6000,6000,50,220,220
1,False,-6.0,6.0,0,4,5004,6000,6000,50,220,220
1,False,-6.333333333333333,6.333333333333333,0,5,5054,6000,6000,50,220,220
1,False,-6.0,6.0,0,5,5104,6000,6000,50,220,220
1,False,-6.0,6.0,0,6,5154,6000,6000,50,220,220
1,False,-6.0,6.0,0,6,5204,6000,6000,50,220,220
1,False,-6.0,6.0,0,6,5254,6000,6000,50,220,220
1,False,-6.0,6.0,0,7,5304,6000,6000,50,220,220
1,False,-6.0,6.0,0,7,5354,6000,6000,50,220,220
1,False,-6.0,6.0,0,7,5404,6000,6000,50,220,220
1,False,-6.0,6.0,0,7,5454,6000,6000,50,220,220
1,False,-6.0,6.0,0,7,5504,6000,6000,50,220,220
1,False,-6.0,6.0,0,8,5554,6000,6000,50,220,220
1,False,-6.0,6.0,0,8,5604,6000,6000,50,220,220
1,False,-6.0,6.0,0,9,5654,6000,6000,50,220,220
1,False,-6.0,6.0,0,8,5704,6000,6000,50,220,220
1,False,-6.0,6.0,0,10,5754,6000,6000,50,220,220
2,False,29.0,26.0,55,37,4787,6000,6000,50,220,220
2,False,28.0,26.0,54,37,4837,6000,6000,50,220,220
2,False,28.333333333333332,25.666666666666668,54,37,4887,6000,6000,50,220,220
2,False,27.333333333333332,25.666666666666668,53,36,4937,6000,6000,50,220,220
2,False,25.666666666666668,26.333333333333332,52,36,4987,6000,6000,50,220,220
2,False,26.0,25.0,51,36,5037,6000,6000,50,220,220
2,False,26.333333333333332,24.666666666666668,51,36,5087,6000,6000,50,220,220
2,False,25.666666666666668,24.333333333333332,50,35,5137,6000,6000,50,220,220
2,False,24.666666666666668,24.333333333333332,49,34,5187,6000,6000,50,220,220
2,False,24.333333333333332,23.666666666666668,48,34,5237,6000,6000,50,220,220
2,False,23.666666666666668,23.333333333333332,47,34,5287,6000,6000,50,220,220
2,False,23.333333333333332,22.666666666666668,46,34,5337,6000,6000,50,220,220
2,False,22.333333333333332,22.666666666666668,45,33,5387,6000,6000,50,220,220
2,False,22.333333333333332,22.666666666666668,45,33,5437,6000,6000,50,220,220
2,False,22.0,22.0,44,33,5487,6000,6000,50,220,220
2,False,21.0,22.0,43,32,5537,6000,6000,50,220,220
2,False,19.666666666666668,21.333333333333332,41,32,5587,6000,6000,50,220,220
2,False,20.0,21.0,41,32,5637,6000,6000,50,220,220
2,False,19.0,21.0,40,31,5687,6000,6000,50,220,220
2,False,18.0,20.0,38,30,5737,6000,6000,50,220,220
3,False,-5.333333333333333,5.333333333333333,0,0,4781,6000,6000,50,220,220
3,False,-5.333333333333333,5.333333333333333,0,0,4831,6000,6000,50,220,220
3,False,-5.333333333333333,5.333333333333333,0,0,4881,6000,6000,50,220,220
3,False,-5.666666666666667,5.666666666666667,0,1,4931,6000,6000,50,220,220
3,False,-5.666666666666667,5.666666666666667,0,2,4981,6000,6000,50,220,220
3,False,-5.666666666666667,5.666666666666667,0,2,5031,6000,6000,50,220,220
3,False,-5.666666666666667,5.666666666666667,0,2,5081,6000,6000,50,220,220
3,False,-5.666666666666667,5.666666666666667,0,2,5131,6000,6000,50,220,220
3,False,-5.333333333333333,5.333333333333333,0,3,5181,6000,6000,50,220,220
3,False,-5.666666666666667,5.666666666666667,0,3,5231,6000,6000,50,220,220
3,False,-5.666666666666667,5.666666666666667,0,4,5281,6000,6000,50,220,220
3,False,-5.666666666666667,5.666666666666667,0,4,5331,6000,6000,50,220,220
3,False,-5.666666666666667,5.666666666666667,0,5,5381,6000,6000,50,220,220
3,False,-5.666666666666667,5.666666666666667,0,4,5431,6000,6000,50,220,220
3,False,-5.666666666666667,5.666666666666667,0,5,5481,6000,6000,50,220,220
3,False,-5.666666666666667,5.666666666666667,0,5,5531,6000,6000,50,220,220
3,False,-5.666666666666667,5.666666666666667,0,5,5581,6000,6000,50,220,220
3,False,-5.666666666666667,5.666666666666667,0,6,5631,6000,6000,50,220,220
3,False,-5.666666666666667,5.666666666666667,0,6,5681,6000,6000,50,220,220
3,False,-5.666666666666667,5.666666666666667,0,7,5731,6000,6000,50,220,220
4,False,21.333333333333332,22.666666666666668,44,34,4774,6000,6000,50,220,220
4,False,21.333333333333332,22.666666666666668,44,33,4824,6000,6000,50,220,220
4,False,20.0,23.0,43,33,4874,6000,6000,50,220,220
4,False,20.0,22.0,42,32,4924,6000,6000,50,220,220
4,False,19.0,21.0,40,32,4974,6000,6000,50,220,220
4,False,18.333333333333332,20.666666666666668,39,31,5024,6000,6000,50,220,220
4,False,17.666666666666668,20.333333333333332,38,31,5074,6000,6000,50,220,220
4,False,17.0,20.0,37,31,5124,6000,6000,50,220,220
4,False,15.666666666666668,19.333333333333332,35,30,5174,6000,6000,50,220,220
4,False,15.333333333333332,18.666666666666668,34,30,5224,6000,6000,50,220,220
4,False,15.333333333333332,18.666666666666668,34,30,5274,6000,6000,50,220,220
4,False,13.666666666666668,18.333333333333332,32,29,5324,6000,6000,50,220,220
4,False,13.0,18.0,31,28,5374,6000,6000,50,220,220
4,False,12.666666666666668,17.333333333333332,30,28,5424,6000,6000,50,220,220
4,False,12.0,17.0,29,27,5474,6000,6000,50,220,220
4,False,11.333333333333332,16.666666666666668,28,27,5524,6000,6000,50,220,220
4,False,10.0,16.0,26,27,5574,6000,6000,50,220,220
4,False,10.333333333333334,15.666666666666666,26,26,5624,6000,6000,50,220,220
4,False,9.0,15.0,24,26,5674,6000,6000,50,220,220
4,False,8.0,15.0,23,25,5724,6000,6000,50,220,220
5,False,-6.333333333333333,6.333333333333333,0,0,4769,6000,6000,50,220,220
5,False,-7.333333333333333,7.333333333333333,0,0,4819,6000,6000,50,220,220
5,False,-6.0,6.0,0,0,4869,6000,6000,50,220,220
5,False,-6.333333333333333,6.333333333333333,0,0,4919,6000,6000,50,220,220
5,False,-6.333333333333333,6.333333333333333,0,0,4969,6000,6000,50,220,220
5,False,-6.333333333333333,6.333333333333333,0,0,5019,6000,6000,50,220,220
5,False,-6.333333333333333,6.333333333333333,0,0,5069,6000,6000,50,220,220
5,False,-6.333333333333333,6.333333333333333,0,0,5119,6000,6000,50,220,220
5,False,-6.333333333333333,6.333333333333333,0,0,5169,6000,6000,50,220,220
5,False,-6.333333333333333,6.333333333333333,0,0,5219,6000,6000,50,220,220
5,False,-6.666666666666667,6.666666666666667,0,1,5269,6000,6000,50,220,220
5,False,-6.333333333333333,6.333333333333333,0,1,5319,6000,6000,50,220,220
5,False,-6.333333333333333,6.333333333333333,0,2,5369,6000,6000,50,220,220
5,False,-6.666666666666667,6.666666666666667,0,2,5419,6000,6000,50,220,220
5,False,-6.666666666666667,6.666666666666667,0,3,5469,6000,6000,50,220,220
5,False,-6.666666666666667,6.666666666666667,0,3,5519,6000,6000,50,220,220
5,False,-6.666666666666667,6.666666666666667,0,4,5569,6000,6000,50,220,220
5,False,-6.333333333333333,6.333333333333333,0,3,5619,6000,6000,50,220,220
5,False,-6.333333333333333,6.333333333333333,0,4,5669,6000,6000,50,220,220
5,False,-6.666666666666667,6.666666666666667,0,5,5719,6000,6000,50,220,220
6,False,29.333333333333332,25.666666666666668,55,35,4763,6000,6000,50,220,220
6,False,27.333333333333332,24.666666666666668,52,34,4813,6000,6000,50,220,220
6,False,26.666666666666668,24.333333333333332,51,34,4863,6000,6000,50,220,220
6,False,25.333333333333332,23.666666666666668,49,34,4913,6000,6000,50,220,220
6,False,25.666666666666668,23.333333333333332,49,34,4963,6000,6000,50,220,220
6,False,25.0,23.0,48,34,5013,6000,6000,50,220,220
6,False,25.0,23.0,48,33,5063,6000,6000,50,220,220
6,False,23.333333333333332,22.666666666666668,46,33,5113,6000,6000,50,220,220
6,False,23.0,22.0,45,32,5163,6000,6000,50,220,220
6,False,22.666666666666668,22.333333333333332,45,32,5213,6000,6000,50,220,220
6,False,22.0,22.0,44,32,5263,6000,6000,50,220,220
6,False,21.666666666666668,21.333333333333332,43,31,5313,6000,6000,50,220,220
6,False,21.0,21.0,42,31,5363,6000,6000,50,220,220
6,False,20.333333333333332,20.666666666666668,41,30,5413,6000,6000,50,220,220
6,False,19.666666666666668,20.333333333333332,40,30,5463,6000,6000,50,220,220
6,False,19.0,20.0,39,30,5513,6000,6000,50,220,220
6,False,18.333333333333332,19.666666666666668,38,29,5563,6000,6000,50,220,220
6,False,17.666666666666668,19.333333333333332,37,29,5613,6000,6000,50,220,220
6,False,17.333333333333332,18.666666666666668,36,29,5663,6000,6000,50,220,220
6,False,16.333333333333332,18.666666666666668,35,29,5713,6000,6000,50,220,220
1,False,-6.0,6.0,0,0,4756,6000,6000,50,220,220
1,False,-6.0,6.0,0,0,4806,6000,6000,50,220,220
1,False,-5.666666666666667,5.666666666666667,0,0,4856,6000,6000,50,220,220
1,False,-6.0,6.0,0,0,4906,6000,6000,50,220,220
1,False,-6.0,6.0,0,0,4956,6000,6000,50,220,220
1,False,-6.0,6.0,0,1,5006,6000,6000,50,220,220
1,False,-6.0,6.0,0,1,5056,6000,6000,50,220,220
1,False,-6.0,6.0,0,2,5106,6000,6000,50,220,220
1,False,-6.0,6.0,0,2,5156,6000,6000,50,220,220
1,False,-6.0,6.0,0,3,5206,6000,6000,50,220,220
1,False,-6.0,6.0,0,4,5256,6000,6000,50,220,220
1,False,-6.0,6.0,0,4,5306,6000,6000,50,220,220
1,False,-6.0,6.0,0,5,5356,6000,6000,50,220,220
1,False,-6.0,6.0,0,5,5406,6000,6000,50,220,220
1,False,-6.0,6.0,0,5,5456,6000,6000,50,220,220
1,False,-6.0,6.0,0,5,5506,6000,6000,50,220,220
1,False,-6.0,6.0,0,7,5556,6000,6000,50,220,220
1,False,-6.0,6.0,0,7,5606,6000,6000,50,220,220
1,False,-6.333333333333333,6.333333333333333,0,7,5656,6000,6000,50,220,220
1,False,-6.666666666666667,6.666666666666667,0,8,5706,6000,6000,50,220,220
2,False,28.666666666666668,26.333333333333332,55,36,4740,6000,6000,50,220,220
2,False,28.333333333333332,26.666666666666668,55,37,4790,6000,6000,50,220,220
2,False,28.666666666666668,26.333333333333332,55,36,4840,6000,6000,50,220,220
2,False,28.0,26.0,54,37,4890,6000,6000,50,220,220
2,False,27.333333333333332,25.666666666666668,53,37,4940,6000,6000,50,220,220
2,False,28.0,26.0,54,36,4990,6000,6000,50,220,220
2,False,27.333333333333332,25.666666666666668,53,36,5040,6000,6000,50,220,220
2,False,27.0,25.0,52,35,5090,6000,6000,50,220,220
2,False,26.333333333333332,24.666666666666668,51,36,5140,6000,6000,50,220,220
2,False,27.0,25.0,52,35,5190,6000,6000,50,220,220
2,False,26.333333333333332,24.666666666666668,51,35,5240,6000,6000,50,220,220
2,False,25.666666666666668,24.333333333333332,50,35,5290,6000,6000,50,220,220
2,False,25.0,24.0,49,35,5340,6000,6000,50,220,220
2,False,25.0,24.0,49,34,5390,6000,6000,50,220,220
2,False,24.333333333333332,23.666666666666668,48,34,5440,6000,6000,50,220,220
2,False,23.666666666666668,23.333333333333332,47,34,5490,6000,6000,50,220,220
2,False,23.666666666666668,23.333333333333332,47,34,5540,6000,6000,50,220,220
2,False,23.0,23.0,46,34,5590,6000,6000,50,220,220
2,False,21.333333333333332,23.666666666666668,45,34,5640,6000,6000,50,220,220
2,False,21.666666666666668,22.333333333333332,44,33,5690,6000,6000,50,220,220
3,False,-5.666666666666667,5.666666666666667,0,4,4734,6000,6000,50,220,220
3,False,-5.666666666666667,5.666666666666667,0,4,4784,6000,6000,50,220,220
3,False,-5.666666666666667,5.666666666666667,0,5,4834,6000,6000,50,220,220
3,False,-5.666666666666667,5.666666666666667,0,5,4884,6000,6000,50,220,220
3,False,-5.666666666666667,5.666666666666667,0,6,4934,6000,6000,50,220,220
3,False,-5.666666666666667,5.666666666666667,0,6,4984,6000,6000,50,220,220
3,False,-5.666666666666667,5.666666666666667,0,6,5034,6000,6000,50,220,220
3,False,-5.666666666666667,5.666666666666667,0,6,5084,6000,6000,50,220,220
3,False,-5.666666666666667,5.666666666666667,0,7,5134,6000,6000,50,220,220
3,False,-5.666666666666667,5.666666666666667,0,7,5184,6000,6000,50,220,220
3,False,-5.666666666666667,5.666666666666667,0,8,5234,6000,6000,50,220,220
3,False,-5.666666666666667,5.666666666666667,0,8,5284,6000,6000,50,220,220
3,False,-5.666666666666667,5.666666666666667,0,9,5334,6000,6000,50,220,220
3,False,-5.666666666666667,5.666666666666667,0,9,5384,6000,6000,50,220,220
3,False,-5.666666666666667,5.666666666666667,0,9,5434,6000,6000,50,220,220
3,False,-5.666666666666667,5.666666666666667,0,10,5484,6000,6000,50,220,220
3,False,-5.666666666666667,5.666666666666667,0,10,5534,6000,6000,50,220,220
3,False,-5.666666666666667,5.666666666666667,0,11,5584,6000,6000,50,220,220
3,False,-5.666666666666667,5.666666666666667,0,10,5634,6000,6000,50,220,220
3,False,-6.0,6.0,0,11,5684,6000,6000,50,220,220
4,False,32.66666666666667,29.333333333333332,62,40,4728,6000,6000,50,220,220
4,False,32.33333333333333,28.666666666666668,61,40,4778,6000,6000,50,220,220
4,False,32.0,29.0,61,40,4828,6000,6000,50,220,220
4,False,31.0,28.0,59,39,4878,6000,6000,50,220,220
4,False,30.0,28.0,58,38,4928,6000,6000,50,220,220
4,False,30.333333333333332,27.666666666666668,58,38,4978,6000,6000,50,220,220
4,False,29.333333333333332,27.666666666666668,57,38,5028,6000,6000,50,220,220
4,False,29.333333333333332,26.666666666666668,56,38,5078,6000,6000,50,220,220
4,False,28.666666666666668,26.333333333333332,55,37,5128,6000,6000,50,220,220
4,False,28.0,26.0,54,37,5178,6000,6000,50,220,220
4,False,26.666666666666668,25.333333333333332,52,37,5228,6000,6000,50,220,220
4,False,26.666666666666668,25.333333333333332,52,36,5278,6000,6000,50,220,220
4,False,26.0,25.0,51,36,5328,6000,6000,50,220,220
4,False,25.0,25.0,50,36,5378,6000,6000,50,220,220
4,False,24.666666666666668,24.333333333333332,49,35,5428,6000,6000,50,220,220
4,False,24.0,24.0,48,34,5478,6000,6000,50,220,220
4,False,21.666666666666668,24.333333333333332,46,35,5528,6000,6000,50,220,220
4,False,22.666666666666668,23.333333333333332,46,34,5578,6000,6000,50,220,220
4,False,22.0,23.0,45,34,5628,6000,6000,50,220,220
4,False,21.333333333333332,22.666666666666668,44,33,5678,6000,6000,50,220,220
5,False,-6.333333333333333,6.333333333333333,0,3,4722,6000,6000,50,220,220
5,False,-6.666666666666667,6.666666666666667,0,4,4772,6000,6000,50,220,220
5,False,-6.666666666666667,6.666666666666667,0,4,4822,6000,6000,50,220,220
5,False,-6.666666666666667,6.666666666666667,0,4,4872,6000,6000,50,220,220
5,False,-6.666666666666667,6.666666666666667,0,5,4922,6000,6000,50,220,220
5,False,-6.333333333333333,6.333333333333333,0,5,4972,6000,6000,50,220,220
5,False,-6.666666666666667,6.666666666666667,0,5,5022,6000,6000,50,220,220
5,False,-6.666666666666667,6.666666666666667,0,5,5072,6000,6000,50,220,220
5,False,-6.666666666666667,6.666666666666667,0,6,5122,6000,6000,50,220,220
5,False,-6.666666666666667,6.666666666666667,0,6,5172,6000,6000,50,220,220
5,False,-6.666666666666667,6.666666666666667,0,7,5222,6000,6000,50,220,220
5,False,-6.666666666666667,6.666666666666667,0,6,5272,6000,6000,50,220,220
5,False,-6.666666666666667,6.666666666666667,0,7,5322,6000,6000,50,220,220
5,False,-6.333333333333333,6.333333333333333,0,8,5372,6000,6000,50,220,220
5,False,-6.666666666666667,6.666666666666667,0,8,5422,6000,6000,50,220,220
5,False,-7.666666666666667,7.666666666666667,0,9,5472,6000,6000,50,220,220
5,False,-6.666666666666667,6.666666666666667,0,9,5522,6000,6000,50,220,220
5,False,-6.666666666666667,6.666666666666667,0,9,5572,6000,6000,50,220,220
5,False,-6.666666666666667,6.666666666666667,0,10,5622,6000,6000,50,220,220
5,False,-6.666666666666667,6.666666666666667,0,9,5672,6000,6000,50,220,220
6,False,33.0,28.0,61,39,4716,6000,6000,50,220,220
6,False,32.33333333333333,27.666666666666668,60,38,4766,6000,6000,50,220,220
6,False,32.0,27.0,59,37,4816,6000,6000,50,220,220
6,False,32.0,27.0,59,37,4866,6000,6000,50,220,220
6,False,30.666666666666668,26.333333333333332,57,37,4916,6000,6000,50,220,220
6,False,30.0,26.0,56,36,4966,6000,6000,50,220,220
6,False,29.666666666666668,26.333333333333332,56,36,5016,6000,6000,50,220,220
6,False,28.666666666666668,25.333333333333332,54,36,5066,6000,6000,50,220,220
6,False,28.0,25.0,53,35,5116,6000,6000,50,220,220
6,False,27.333333333333332,24.666666666666668,52,35,5166,6000,6000,50,220,220
6,False,26.666666666666668,24.333333333333332,51,35,5216,6000,6000,50,220,220
6,False,26.0,24.0,50,34,5266,6000,6000,50,220,220
6,False,25.333333333333332,23.666666666666668,49,34,5316,6000,6000,50,220,220
6,False,24.0,23.0,47,33,5366,6000,6000,50,220,220
6,False,26.333333333333332,23.666666666666668,50,33,5416,6000,6000,50,220,220
6,False,22.666666666666668,22.333333333333332,45,32,5466,6000,6000,50,220,220
6,False,22.333333333333332,21.666666666666668,44,32,5516,6000,6000,50,220,220
6,False,21.666666666666668,21.333333333333332,43,32,5566,6000,6000,50,220,220
6,False,21.0,21.0,42,31,5616,6000,6000,50,220,220
6,False,19.666666666666668,20.333333333333332,40,31,5666,6000,6000,50,220,220
1,False,-5.666666666666667,5.666666666666667,0,2,4709,6000,6000,50,220,220
1,False,-5.666666666666667,5.666666666666667,0,2,4759,6000,6000,50,220,220
1,False,-6.0,6.0,0,3,4809,6000,6000,50,220,220
1,False,-6.0,6.0,0,3,4859,6000,6000,50,220,220
1,False,-6.0,6.0,0,4,4909,6000,6000,50,220,220
1,False,-6.0,6.0,0,4,4959,6000,6000,50,220,220
1,False,-6.0,6.0,0,4,5009,6000,6000,50,220,220
1,False,-6.0,6.0,0,5,5059,6000,6000,50,220,220
1,False,-6.0,6.0,0,5,5109,6000,6000,50,220,220
1,False,-6.0,6.0,0,5,5159,6000,6000,50,220,220
1,False,-6.0,6.0,0,5,5209,6000,6000,50,220,220
1,False,-6.0,6.0,0,6,5259,6000,6000,50,220,220
1,False,-6.0,6.0,0,6,5309,6000,6000,50,220,220
1,False,-6.666666666666667,6.666666666666667,0,7,5359,6000,6000,50,220,220
1,False,-6.0,6.0,0,7,5409,6000,6000,50,220,220
1,False,-6.0,6.0,0,7,5459,6000,6000,50,220,220
1,False,-6.0,6.0,0,8,5509,6000,6000,50,220,220
1,False,-6.333333333333333,6.333333333333333,0,8,5559,6000,6000,50,220,220
1,False,-6.0,6.0,0,8,5609,6000,6000,50,220,220
1,False,-6.0,6.0,0,9,5659,6000,6000,50,220,220
2,False,37.33333333333333,31.666666666666668,69,42,4690,6000,6000,50,220,220
2,False,36.0,31.0,67,42,4740,6000,6000,50,220,220
2,False,36.33333333333333,30.666666666666668,67,42,4790,6000,6000,50,220,220
2,False,35.33333333333333,30.666666666666668,66,41,4840,6000,6000,50,220,220
2,False,35.0,30.0,65,41,4890,6000,6000,50,220,220
2,False,34.33333333333333,29.666666666666668,64,40,4940,6000,6000,50,220,220
2,False,33.66666666666667,29.333333333333332,63,40,4990,6000,6000,50,220,220
2,False,33.33333333333333,28.666666666666668,62,40,5040,6000,6000,50,220,220
2,False,32.33333333333333,28.666666666666668,61,39,5090,6000,6000,50,220,220
2,False,31.666666666666668,28.333333333333332,60,38,5140,6000,6000,50,220,220
2,False,31.333333333333332,27.666666666666668,59,38,5190,6000,6000,50,220,220
2,False,30.666666666666668,27.333333333333332,58,38,5240,6000,6000,50,220,220
2,False,29.666666666666668,28.333333333333332,58,38,5290,6000,6000,50,220,220
2,False,28.666666666666668,26.333333333333332,55,37,5340,6000,6000,50,220,220
2,False,28.666666666666668,26.333333333333332,55,37,5390,6000,6000,50,220,220
2,False,28.0,26.0,54,36,5440,6000,6000,50,220,220
2,False,27.333333333333332,25.666666666666668,53,36,5490,6000,6000,50,220,220
2,False,26.666666666666668,25.333333333333332,52,36,5540,6000,6000,50,220,220
2,False,26.333333333333332,24.666666666666668,51,35,5590,6000,6000,50,220,220
2,False,25.666666666666668,24.333333333333332,50,35,5640,6000,6000,50,220,220
3,False,-5.333333333333333,5.333333333333333,0,4,4684,6000,6000,50,220,220
3,False,-5.666666666666667,5.666666666666667,0,5,4734,6000,6000,50,220,220
3,False,-5.666666666666667,5.666666666666667,0,5,4784,6000,6000,50,220,220
3,False,-5.666666666666667,5.666666666666667,0,5,4834,6000,6000,50,220,220
3,False,-5.666666666666667,5.666666666666667,0,5,4884,6000,6000,50,220,220
3,False,-5.666666666666667,5.666666666666667,0,6,4934,6000,6000,50,220,220
3,False,-5.666666666666667,5.666666666666667,0,6,4984,6000,6000,50,220,220
3,False,-5.666666666666667,5.666666666666667,0,6,5034,6000,6000,50,220,220
3,False,-5.666666666666667,5.666666666666667,0,6,5084,6000,6000,50,220,220
3,False,-5.666666666666667,5.666666666666667,0,7,5134,6000,6000,50,220,220
3,False,-5.666666666666667,5.666666666666667,0,7,5184,6000,6000,50,220,220
3,False,-5.666666666666667,5.666666666666667,0,7,5234,6000,6000,50,220,220
3,False,-5.666666666666667,5.666666666666667,0,8,5284,6000,6000,50,220,220
3,False,-5.333333333333333,5.333333333333333,0,8,5334,6000,6000,50,220,220
3,False,-5.666666666666667,5.666666666666667,0,8,5384,6000,6000,50,220,220
3,False,-5.666666666666667,5.666666666666667,0,9,5434,6000,6000,50,220,220
3,False,-5.666666666666667,5.666666666666667,0,9,5484,6000,6000,50,220,220
3,False,-5.666666666666667,5.666666666666667,0,9,5534,6000,6000,50,220,220
3,False,-5.666666666666667,5.666666666666667,0,10,5584,6000,6000,50,220,220
3,False,-5.666666666666667,5.666666666666667,0,10,5634,6000,6000,50,220,220
4,False,28.0,26.0,54,37,4677,6000,6000,50,220,220
4,False,27.0,26.0,53,37,4727,6000,6000,50,220,220
4,False,26.666666666666668,25.333333333333332,52,36,4777,6000,6000,50,220,220
4,False,25.666666666666668,25.333333333333332,51,36,4827,6000,6000,50,220,220
4,False,25.0,25.0,50,36,4877,6000,6000,50,220,220
4,False,24.666666666666668,24.333333333333332,49,36,4927,6000,6000,50,220,220
4,False,24.0,24.0,48,35,4977,6000,6000,50,220,220
4,False,23.0,24.0,47,34,5027,6000,6000,50,220,220
4,False,22.666666666666668,23.333333333333332,46,34,5077,6000,6000,50,220,220
4,False,22.0,23.0,45,33,5127,6000,6000,50,220,220
4,False,19.666666666666668,23.333333333333332,43,33,5177,6000,6000,50,220,220
4,False,20.666666666666668,22.333333333333332,43,33,5227,6000,6000,50,220,220
4,False,20.0,22.0,42,33,5277,6000,6000,50,220,220
4,False,19.0,21.0,40,32,5327,6000,6000,50,220,220
4,False,18.333333333333332,20.666666666666668,39,32,5377,6000,6000,50,220,220
4,False,17.666666666666668,20.333333333333332,38,31,5427,6000,6000,50,220,220
4,False,17.0,20.0,37,31,5477,6000,6000,50,220,220
4,False,16.333333333333332,19.666666666666668,36,30,5527,6000,6000,50,220,220
4,False,15.0,19.0,34,30,5577,6000,6000,50,220,220
4,False,15.0,19.0,34,29,5627,6000,6000,50,220,220
5,False,-6.0,6.0,0,0,4671,6000,6000,50,220,220
5,False,-6.333333333333333,6.333333333333333,0,0,4721,6000,6000,50,220,220
5,False,-6.333333333333333,6.333333333333333,0,0,4771,6000,6000,50,220,220
5,False,-6.333333333333333,6.333333333333333,0,0,4821,6000,6000,50,220,220
5,False,-6.333333333333333,6.333333333333333,0,0,4871,6000,6000,50,220,220
5,False,-6.333333333333333,6.333333333333333,0,0,4921,6000,6000,50,220,220
5,False,-6.333333333333333,6.333333333333333,0,0,4971,6000,6000,50,220,220
5,False,-6.333333333333333,6.333333333333333,0,0,5021,6000,6000,50,220,220
5,False,-6.333333333333333,6.333333333333333,0,0,5071,6000,6000,50,220,220
5,False,-7.333333333333333,7.333333333333333,0,1,5121,6000,6000,50,220,220
5,False,-6.333333333333333,6.333333333333333,0,1,5171,6000,6000,50,220,220
5,False,-6.333333333333333,6.333333333333333,0,1,5221,6000,6000,50,220,220
5,False,-6.333333333333333,6.333333333333333,0,1,5271,6000,6000,50,220,220
5,False,-6.333333333333333,6.333333333333333,0,2,5321,6000,6000,50,220,220
5,False,-6.333333333333333,6.333333333333333,0,2,5371,6000,6000,50,220,220
5,False,-6.666666666666667,6.666666666666667,0,2,5421,6000,6000,50,220,220
5,False,-6.333333333333333,6.333333333333333,0,2,5471,6000,6000,50,220,220
5,False,-6.333333333333333,6.333333333333333,0,3,5521,6000,6000,50,220,220
5,False,-6.666666666666667,6.666666666666667,0,3,5571,6000,6000,50,220,220
5,False,-6.666666666666667,6.666666666666667,0,3,5621,6000,6000,50,220,220
6,False,27.333333333333332,24.666666666666668,52,35,4666,6000,6000,50,220,220
6,False,26.666666666666668,24.333333333333332,51,34,4716,6000,6000,50,220,220
6,False,26.0,24.0,50,34,4766,6000,6000,50,220,220
6,False,25.333333333333332,23.666666666666668,49,34,4816,6000,6000,50,220,220
6,False,24.666666666666668,23.333333333333332,48,33,4866,6000,6000,50,220,220
6,False,24.333333333333332,22.666666666666668,47,33,4916,6000,6000,50,220,220
6,False,23.666666666666668,22.333333333333332,46,32,4966,6000,6000,50,220,220
6,False,23.0,22.0,45,32,5016,6000,6000,50,220,220
6,False,24.333333333333332,22.666666666666668,47,32,5066,6000,6000,50,220,220
6,False,21.0,21.0,42,31,5116,6000,6000,50,220,220
6,False,20.333333333333332,20.666666666666668,41,31,5166,6000,6000,50,220,220
6,False,19.666666666666668,20.333333333333332,40,31,5216,6000,6000,50,220,220
6,False,19.666666666666668,20.333333333333332,40,30,5266,6000,6000,50,220,220
6,False,18.333333333333332,19.666666666666668,38,30,5316,6000,6000,50,220,220
6,False,17.666666666666668,19.333333333333332,37,29,5366,6000,6000,50,220,220
6,False,17.0,19.0,36,29,5416,6000,6000,50,220,220
6,False,16.333333333333332,18.666666666666668,35,29,5466,6000,6000,50,220,220
6,False,15.666666666666668,18.333333333333332,34,28,5516,6000,6000,50,220,220
6,False,14.333333333333332,17.666666666666668,32,27,5566,6000,6000,50,220,220
6,False,14.666666666666668,17.333333333333332,32,27,5616,6000,6000,50,220,220
1,False,-5.666666666666667,5.666666666666667,0,0,4658,6000,6000,50,220,220
1,False,-5.666666666666667,5.666666666666667,0,0,4708,6000,6000,50,220,220
1,False,-5.666666666666667,5.666666666666667,0,1,4758,6000,6000,50,220,220
1,False,-5.666666666666667,5.666666666666667,0,1,4808,6000,6000,50,220,220
1,False,-5.666666666666667,5.666666666666667,0,2,4858,6000,6000,50,220,220
1,False,-6.0,6.0,0,2,4908,6000,6000,50,220,220
1,False,-5.666666666666667,5.666666666666667,0,3,4958,6000,6000,50,220,220
1,False,-6.0,6.0,0,4,5008,6000,6000,50,220,220
1,False,-6.0,6.0,0,3,5058,6000,6000,50,220,220
1,False,-6.0,6.0,0,3,5108,6000,6000,50,220,220
1,False,-6.0,6.0,0,4,5158,6000,6000,50,220,220
1,False,-6.0,6.0,0,4,5208,6000,6000,50,220,220
1,False,-6.0,6.0,0,5,5258,6000,6000,50,220,220
1,False,-6.0,6.0,0,5,5308,6000,6000,50,220,220
1,False,-6.0,6.0,0,6,5358,6000,6000,50,220,220
1,False,-6.0,6.0,0,6,5408,6000,6000,50,220,220
1,False,-6.0,6.0,0,6,5458,6000,6000,50,220,220
1,False,-6.0,6.0,0,6,5508,6000,6000,50,220,220
1,False,-6.0,6.0,0,7,5558,6000,6000,50,220,220
1,False,-6.0,6.0,0,8,5608,6000,6000,50,220,220
2,False,31.333333333333332,27.666666666666668,59,39,4652,6000,6000,50,220,220
2,False,30.666666666666668,27.333333333333332,58,38,4702,6000,6000,50,220,220
2,False,29.666666666666668,27.333333333333332,57,38,4752,6000,6000,50,220,220
2,False,30.333333333333332,26.666666666666668,57,38,4802,6000,6000,50,220,220
2,False,30.0,27.0,57,38,4852,6000,6000,50,220,220
2,False,28.666666666666668,26.333333333333332,55,37,4902,6000,6000,50,220,220
2,False,27.666666666666668,27.333333333333332,55,38,4952,6000,6000,50,220,220
2,False,28.333333333333332,25.666666666666668,54,36,5002,6000,6000,50,220,220
2,False,28.333333333333332,25.666666666666668,54,37,5052,6000,6000,50,220,220
2,False,27.666666666666668,25.333333333333332,53,36,5102,6000,6000,50,220,220
2,False,26.666666666666668,25.333333333333332,52,36,5152,6000,6000,50,220,220
2,False,27.0,25.0,52,36,5202,6000,6000,50,220,220
2,False,27.0,25.0,52,36,5252,6000,6000,50,220,220
2,False,25.666666666666668,24.333333333333332,50,35,5302,6000,6000,50,220,220
2,False,25.666666666666668,24.333333333333332,50,35,5352,6000,6000,50,220,220
2,False,24.666666666666668,24.333333333333332,49,35,5402,6000,6000,50,220,220
2,False,24.333333333333332,23.666666666666668,48,34,5452,6000,6000,50,220,220
2,False,23.666666666666668,23.333333333333332,47,34,5502,6000,6000,50,220,220
2,False,23.666666666666668,23.333333333333332,47,34,5552,6000,6000,50,220,220
2,False,23.0,23.0,46,33,5602,6000,6000,50,220,220
3,False,-5.333333333333333,5.333333333333333,0,0,4638,6000,6000,50,220,220
3,False,-5.333333333333333,5.333333333333333,0,0,4688,6000,6000,50,220,220
3,False,-5.666666666666667,5.666666666666667,0,0,4738,6000,6000,50,220,220
3,False,-5.333333333333333,5.333333333333333,0,0,4788,6000,6000,50,220,220
3,False,-5.666666666666667,5.666666666666667,0,1,4838,6000,6000,50,220,220
3,False,-5.666666666666667,5.666666666666667,0,1,4888,6000,6000,50,220,220
3,False,-5.666666666666667,5.666666666666667,0,2,4938,6000,6000,50,220,220
3,False,-5.666666666666667,5.666666666666667,0,2,4988,6000,6000,50,220,220
3,False,-5.666666666666667,5.666666666666667,0,2,5038,6000,6000,50,220,220
3,False,-5.666666666666667,5.666666666666667,0,3,5088,6000,6000,50,220,220
3,False,-5.666666666666667,5.666666666666667,0,4,5138,6000,6000,50,220,220
3,False,-5.666666666666667,5.666666666666667,0,4,5188,6000,6000,50,220,220
3,False,-5.666666666666667,5.666666666666667,0,4,5238,6000,6000,50,220,220
3,False,-5.666666666666667,5.666666666666667,0,5,5288,6000,6000,50,220,220
3,False,-5.666666666666667,5.666666666666667,0,5,5338,6000,6000,50,220,220
3,False,-5.666666666666667,5.666666666666667,0,6,5388,6000,6000,50,220,220
3,False,-6.0,6.0,0,6,5438,6000,6000,50,220,220
3,False,-5.666666666666667,5.666666666666667,0,7,5488,6000,6000,50,220,220
3,False,-5.666666666666667,5.666666666666667,0,7,5538,6000,6000,50,220,220
3,False,-6.0,6.0,0,8,5588,6000,6000,50,220,220
4,False,26.666666666666668,25.333333333333332,52,36,4631,6000,6000,50,220,220
4,False,26.0,25.0,51,36,4681,6000,6000,50,220,220
4,False,25.333333333333332,24.666666666666668,50,36,4731,6000,6000,50,220,220
4,False,25.666666666666668,24.333333333333332,50,35,4781,6000,6000,50,220,220
4,False,24.0,26.0,50,36,4831,6000,6000,50,220,220
4,False,24.0,24.0,48,35,4881,6000,6000,50,220,220
4,False,24.0,24.0,48,34,4931,6000,6000,50,220,220
4,False,24.0,24.0,48,35,4981,6000,6000,50,220,220
4,False,23.333333333333332,23.666666666666668,47,34,5031,6000,6000,50,220,220
4,False,22.333333333333332,22.666666666666668,45,34,5081,6000,6000,50,220,220
4,False,21.0,23.0,44,33,5131,6000,6000,50,220,220
4,False,21.666666666666668,22.333333333333332,44,33,5181,6000,6000,50,220,220
4,False,21.0,22.0,43,34,5231,6000,6000,50,220,220
4,False,20.333333333333332,21.666666666666668,42,33,5281,6000,6000,50,220,220
4,False,19.333333333333332,21.666666666666668,41,32,5331,6000,6000,50,220,220
4,False,19.666666666666668,21.333333333333332,41,32,5381,6000,6000,50,220,220
4,False,19.0,21.0,40,32,5431,6000,6000,50,220,220
4,False,18.333333333333332,20.666666666666668,39,31,5481,6000,6000,50,220,220
4,False,17.666666666666668,20.333333333333332,38,31,5531,6000,6000,50,220,220
4,False,17.0,20.0,37,31,5581,6000,6000,50,220,220
5,False,-6.333333333333333,6.333333333333333,0,1,4626,6000,6000,50,220,220
5,False,-6.333333333333333,6.333333333333333,0,2,4676,6000,6000,50,220,220
5,False,-6.333333333333333,6.333333333333333,0,2,4726,6000,6000,50,220,220
5,False,-7.333333333333333,7.333333333333333,0,3,4776,6000,6000,50,220,220
5,False,-6.333333333333333,6.333333333333333,0,3,4826,6000,6000,50,220,220
5,False,-6.333333333333333,6.333333333333333,0,3,4876,6000,6000,50,220,220
5,False,-6.333333333333333,6.333333333333333,0,3,4926,6000,6000,50,220,220
5,False,-6.666666666666667,6.666666666666667,0,3,4976,6000,6000,50,220,220
5,False,-6.666666666666667,6.666666666666667,0,4,5026,6000,6000,50,220,220
5,False,-6.333333333333333,6.333333333333333,0,4,5076,6000,6000,50,220,220
5,False,-6.666666666666667,6.666666666666667,0,4,5126,6000,6000,50,220,220
5,False,-6.666666666666667,6.666666666666667,0,5,5176,6000,6000,50,220,220
5,False,-6.666666666666667,6.666666666666667,0,5,5226,6000,6000,50,220,220
5,False,-6.666666666666667,6.666666666666667,0,5,5276,6000,6000,50,220,220
5,False,-6.666666666666667,6.666666666666667,0,6,5326,6000,6000,50,220,220
5,False,-6.666666666666667,6.666666666666667,0,5,5376,6000,6000,50,220,220
5,False,-6.666666666666667,6.666666666666667,0,6,5426,6000,6000,50,220,220
5,False,-6.666666666666667,6.666666666666667,0,7,5476,6000,6000,50,220,220
5,False,-6.666666666666667,6.666666666666667,0,7,5526,6000,6000,50,220,220
5,False,-6.333333333333333,6.333333333333333,0,7,5576,6000,6000,50,220,220
6,False,37.0,30.0,67,40,4620,6000,6000,50,220,220
6,False,36.33333333333333,29.666666666666668,66,40,4670,6000,6000,50,220,220
6,False,37.0,30.0,67,40,4720,6000,6000,50,220,220
6,False,35.0,29.0,64,39,4770,6000,6000,50,220,220
6,False,35.0,29.0,64,39,4820,6000,6000,50,220,220
6,False,33.66666666666667,28.333333333333332,62,38,4870,6000,6000,50,220,220
6,False,33.0,28.0,61,38,4920,6000,6000,50,220,220
6,False,32.66666666666667,27.333333333333332,60,38,4970,6000,6000,50,220,220
6,False,32.66666666666667,27.333333333333332,60,38,5020,6000,6000,50,220,220
6,False,31.666666666666668,27.333333333333332,59,37,5070,6000,6000,50,220,220
6,False,31.333333333333332,26.666666666666668,58,37,5120,6000,6000,50,220,220
6,False,30.666666666666668,26.333333333333332,57,37,5170,6000,6000,50,220,220
6,False,30.666666666666668,26.333333333333332,57,36,5220,6000,6000,50,220,220
6,False,29.0,26.0,55,36,5270,6000,6000,50,220,220
6,False,28.666666666666668,25.333333333333332,54,35,5320,6000,6000,50,220,220
6,False,28.0,25.0,53,35,5370,6000,6000,50,220,220
6,False,28.0,25.0,53,34,5420,6000,6000,50,220,220
6,False,26.666666666666668,24.333333333333332,51,34,5470,6000,6000,50,220,220
6,False,26.0,24.0,50,34,5520,6000,6000,50,220,220
6,False,25.333333333333332,23.666666666666668,49,34,5570,6000,6000,50,220,220
1,False,-6.0,6.0,0,5,4613,6000,6000,50,220,220
1,False,-6.333333333333333,6.333333333333333,0,6,4663,6000,6000,50,220,220
1,False,-6.0,6.0,0,5,4713,6000,6000,50,220,220
1,False,-6.0,6.0,0,6,4763,6000,6000,50,220,220
1,False,-6.0,6.0,0,6,4813,6000,6000,50,220,220
1,False,-6.0,6.0,0,7,4863,6000,6000,50,220,220
1,False,-6.0,6.0,0,7,4913,6000,6000,50,220,220
1,False,-6.0,6.0,0,8,4963,6000,6000,50,220,220
1,False,-6.0,6.0,0,8,5013,6000,6000,50,220,220
1,False,-6.0,6.0,0,9,5063,6000,6000,50,220,220
1,False,-6.0,6.0,0,9,5113,6000,6000,50,220,220
1,False,-6.0,6.0,0,10,5163,6000,6000,50,220,220
1,False,-6.0,6.0,0,10,5213,6000,6000,50,220,220
1,False,-6.0,6.0,0,10,5263,6000,6000,50,220,220
1,False,-6.333333333333333,6.333333333333333,0,10,5313,6000,6000,50,220,220
1,False,-6.0,6.0,0,11,5363,6000,6000,50,220,220
1,False,-6.0,6.0,0,11,5413,6000,6000,50,220,220
1,False,-6.333333333333333,6.333333333333333,0,12,5463,6000,6000,50,220,220
1,False,-6.0,6.0,0,12,5513,6000,6000,50,220,220
1,False,-6.0,6.0,0,13,5563,6000,6000,50,220,220
2,False,37.333333333333336,32.666666666666664,70,43,4608,6000,6000,50,220,220
2,False,38.0,32.0,70,42,4658,6000,6000,50,220,220
2,False,37.66666666666667,31.333333333333332,69,42,4708,6000,6000,50,220,220
2,False,37.0,31.0,68,41,4758,6000,6000,50,220,220
2,False,36.33333333333333,30.666666666666668,67,42,4808,6000,6000,50,220,220
2,False,36.33333333333333,30.666666666666668,67,41,4858,6000,6000,50,220,220
2,False,35.66666666666667,30.333333333333332,66,41,4908,6000,6000,50,220,220
2,False,35.0,30.0,65,40,4958,6000,6000,50,220,220
2,False,34.33333333333333,29.666666666666668,64,40,5008,6000,6000,50,220,220
2,False,34.33333333333333,29.666666666666668,64,40,5058,6000,6000,50,220,220
2,False,33.0,29.0,62,39,5108,6000,6000,50,220,220
2,False,32.66666666666667,28.333333333333332,61,39,5158,6000,6000,50,220,220
2,False,32.66666666666667,28.333333333333332,61,39,5208,6000,6000,50,220,220
2,False,31.666666666666668,28.333333333333332,60,38,5258,6000,6000,50,220,220
2,False,30.333333333333332,27.666666666666668,58,38,5308,6000,6000,50,220,220
2,False,30.333333333333332,27.666666666666668,58,38,5358,6000,6000,50,220,220
2,False,30.0,27.0,57,37,5408,6000,6000,50,220,220
2,False,29.666666666666668,26.333333333333332,56,37,5458,6000,6000,50,220,220
2,False,28.333333333333332,26.666666666666668,55,37,5508,6000,6000,50,220,220
2,False,27.333333333333332,25.666666666666668,53,36,5558,6000,6000,50,220,220
3,False,-5.666666666666667,5.666666666666667,0,4,4602,6000,6000,50,220,220
3,False,-5.666666666666667,5.666666666666667,0,4,4652,6000,6000,50,220,220
3,False,-5.333333333333333,5.333333333333333,0,4,4702,6000,6000,50,220,220
3,False,-5.666666666666667,5.666666666666667,0,4,4752,6000,6000,50,220,220
3,False,-5.333333333333333,5.333333333333333,0,4,4802,6000,6000,50,220,220
3,False,-5.666666666666667,5.666666666666667,0,5,4852,6000,6000,50,220,220
3,False,-5.666666666666667,5.666666666666667,0,5,4902,6000,6000,50,220,220
3,False,-5.666666666666667,5.666666666666667,0,6,4952,6000,6000,50,220,220
3,False,-5.666666666666667,5.666666666666667,0,6,5002,6000,6000,50,220,220
3,False,-5.666666666666667,5.666666666666667,0,6,5052,6000,6000,50,220,220
3,False,-5.666666666666667,5.666666666666667,0,7,5102,6000,6000,50,220,220
3,False,-5.666666666666667,5.666666666666667,0,7,5152,6000,6000,50,220,220
3,False,-5.666666666666667,5.666666666666667,0,7,5202,6000,6000,50,220,220
3,False,-5.666666666666667,5.666666666666667,0,7,5252,6000,6000,50,220,220
3,False,-5.666666666666667,5.666666666666667,0,8,5302,6000,6000,50,220,220
3,False,-5.666666666666667,5.666666666666667,0,8,5352,6000,6000,50,220,220
3,False,-5.666666666666667,5.666666666666667,0,8,5402,6000,6000,50,220,220
3,False,-5.666666666666667,5.666666666666667,0,9,5452,6000,6000,50,220,220
3,False,-5.666666666666667,5.666666666666667,0,9,5502,6000,6000,50,220,220
3,False,-5.666666666666667,5.666666666666667,0,10,5552,6000,6000,50,220,220
4,False,35.33333333333333,30.666666666666668,66,42,4588,6000,6000,50,220,220
4,False,35.0,30.0,65,41,4638,6000,6000,50,220,220
4,False,34.0,30.0,64,41,4688,6000,6000,50,220,220
4,False,33.33333333333333,29.666666666666668,63,40,4738,6000,6000,50,220,220
4,False,32.0,29.0,61,40,4788,6000,6000,50,220,220
4,False,32.33333333333333,28.666666666666668,61,40,4838,6000,6000,50,220,220
4,False,31.0,28.0,59,39,4888,6000,6000,50,220,220
4,False,30.333333333333332,27.666666666666668,58,38,4938,6000,6000,50,220,220
4,False,29.666666666666668,27.333333333333332,57,38,4988,6000,6000,50,220,220
4,False,29.0,27.0,56,38,5038,6000,6000,50,220,220
4,False,27.666666666666668,26.333333333333332,54,37,5088,6000,6000,50,220,220
4,False,27.333333333333332,25.666666666666668,53,37,5138,6000,6000,50,220,220
4,False,26.666666666666668,25.333333333333332,52,36,5188,6000,6000,50,220,220
4,False,26.0,25.0,51,36,5238,6000,6000,50,220,220
4,False,25.333333333333332,24.666666666666668,50,35,5288,6000,6000,50,220,220
4,False,24.0,24.0,48,35,5338,6000,6000,50,220,220
4,False,22.666666666666668,23.333333333333332,46,34,5388,6000,6000,50,220,220
4,False,22.0,23.0,45,34,5438,6000,6000,50,220,220
4,False,19.666666666666668,23.333333333333332,43,34,5488,6000,6000,50,220,220
4,False,21.0,22.0,43,32,5538,6000,6000,50,220,220
5,False,-6.333333333333333,6.333333333333333,0,2,4582,6000,6000,50,220,220
5,False,-6.333333333333333,6.333333333333333,0,2,4632,6000,6000,50,220,220
5,False,-6.333333333333333,6.333333333333333,0,2,4682,6000,6000,50,220,220
5,False,-6.333333333333333,6.333333333333333,0,2,4732,6000,6000,50,220,220
5,False,-6.333333333333333,6.333333333333333,0,3,4782,6000,6000,50,220,220
5,False,-6.333333333333333,6.333333333333333,0,3,4832,6000,6000,50,220,220
5,False,-6.333333333333333,6.333333333333333,0,3,4882,6000,6000,50,220,220
5,False,-6.333333333333333,6.333333333333333,0,3,4932,6000,6000,50,220,220
5,False,-6.333333333333333,6.333333333333333,0,3,4982,6000,6000,50,220,220
5,False,-6.333333333333333,6.333333333333333,0,4,5032,6000,6000,50,220,220
5,False,-6.666666666666667,6.666666666666667,0,4,5082,6000,6000,50,220,220
5,False,-6.333333333333333,6.333333333333333,0,4,5132,6000,6000,50,220,220
5,False,-6.333333333333333,6.333333333333333,0,4,5182,6000,6000,50,220,220
5,False,-6.333333333333333,6.333333333333333,0,4,5232,6000,6000,50,220,220
5,False,-6.333333333333333,6.333333333333333,0,4,5282,6000,6000,50,220,220
5,False,-6.666666666666667,6.666666666666667,0,5,5332,6000,6000,50,220,220
5,False,-6.666666666666667,6.666666666666667,0,5,5382,6000,6000,50,220,220
5,False,-7.333333333333333,7.333333333333333,0,6,5432,6000,6000,50,220,220
5,False,-6.666666666666667,6.666666666666667,0,5,5482,6000,6000,50,220,220
5,False,-6.666666666666667,6.666666666666667,0,6,5532,6000,6000,50,220,220
6,False,30.666666666666668,26.333333333333332,57,37,4577,6000,6000,50,220,220
6,False,30.666666666666668,26.333333333333332,57,37,4627,6000,6000,50,220,220
6,False,30.0,26.0,56,37,4677,6000,6000,50,220,220
6,False,29.333333333333332,25.666666666666668,55,36,4727,6000,6000,50,220,220
6,False,28.666666666666668,25.333333333333332,54,36,4777,6000,6000,50,220,220
6,False,28.0,25.0,53,35,4827,6000,6000,50,220,220
6,False,27.333333333333332,24.666666666666668,52,35,4877,6000,6000,50,220,220
6,False,26.666666666666668,24.333333333333332,51,34,4927,6000,6000,50,220,220
6,False,26.0,24.0,50,34,4977,6000,6000,50,220,220
6,False,25.333333333333332,23.666666666666668,49,34,5027,6000,6000,50,220,220
6,False,24.666666666666668,23.333333333333332,48,33,5077,6000,6000,50,220,220
6,False,24.0,23.0,47,33,5127,6000,6000,50,220,220
6,False,22.666666666666668,22.333333333333332,45,33,5177,6000,6000,50,220,220
6,False,23.0,22.0,45,32,5227,6000,6000,50,220,220
6,False,22.0,22.0,44,32,5277,6000,6000,50,220,220
6,False,20.666666666666668,21.333333333333332,42,31,5327,6000,6000,50,220,220
6,False,22.333333333333332,21.666666666666668,44,31,5377,6000,6000,50,220,220
6,False,19.666666666666668,20.333333333333332,40,30,5427,6000,6000,50,220,220
6,False,19.0,20.0,39,30,5477,6000,6000,50,220,220
6,False,18.333333333333332,19.666666666666668,38,29,5527,6000,6000,50,220,220
1,False,-5.666666666666667,5.666666666666667,0,0,4570,6000,6000,50,220,220
1,False,-5.666666666666667,5.666666666666667,0,0,4620,6000,6000,50,220,220
1,False,-5.666666666666667,5.666666666666667,0,0,4670,6000,6000,50,220,220
1,False,-5.666666666666667,5.666666666666667,0,0,4720,6000,6000,50,220,220
1,False,-5.666666666666667,5.666666666666667,0,0,4770,6000,6000,50,220,220
1,False,-5.666666666666667,5.666666666666667,0,0,4820,6000,6000,50,220,220
1,False,-5.666666666666667,5.666666666666667,0,1,4870,6000,6000,50,220,220
1,False,-5.666666666666667,5.666666666666667,0,1,4920,6000,6000,50,220,220
1,False,-5.666666666666667,5.666666666666667,0,1,4970,6000,6000,50,220,220
1,False,-5.666666666666667,5.666666666666667,0,2,5020,6000,6000,50,220,220
1,False,-5.666666666666667,5.666666666666667,0,2,5070,6000,6000,50,220,220
1,False,-6.0,6.0,0,2,5120,6000,6000,50,220,220
1,False,-5.666666666666667,5.666666666666667,0,3,5170,6000,6000,50,220,220
1,False,-6.0,6.0,0,3,5220,6000,6000,50,220,220
1,False,-5.666666666666667,5.666666666666667,0,3,5270,6000,6000,50,220,220
1,False,-6.333333333333333,6.333333333333333,0,4,5320,6000,6000,50,220,220
1,False,-6.0,6.0,0,4,5370,6000,6000,50,220,220
1,False,-6.0,6.0,0,5,5420,6000,6000,50,220,220
1,False,-6.0,6.0,0,4,5470,6000,6000,50,220,220
1,False,-6.0,6.0,0,5,5520,6000,6000,50,220,220
2,False,29.333333333333332,26.666666666666668,56,37,4560,6000,6000,50,220,220
2,False,29.0,26.0,55,37,4610,6000,6000,50,220,220
2,False,28.666666666666668,26.333333333333332,55,37,4660,6000,6000,50,220,220
2,False,28.333333333333332,25.666666666666668,54,37,4710,6000,6000,50,220,220
2,False,27.666666666666668,25.333333333333332,53,36,4760,6000,6000,50,220,220
2,False,26.666666666666668,25.333333333333332,52,36,4810,6000,6000,50,220,220
2,False,27.0,25.0,52,36,4860,6000,6000,50,220,220
2,False,26.333333333333332,24.666666666666668,51,35,4910,6000,6000,50,220,220
2,False,25.0,24.0,49,35,4960,6000,6000,50,220,220
2,False,25.0,24.0,49,34,5010,6000,6000,50,220,220
2,False,24.333333333333332,23.666666666666668,48,34,5060,6000,6000,50,220,220
2,False,23.666666666666668,23.333333333333332,47,34,5110,6000,6000,50,220,220
2,False,23.0,23.0,46,34,5160,6000,6000,50,220,220
2,False,22.333333333333332,22.666666666666668,45,33,5210,6000,6000,50,220,220
2,False,20.666666666666668,23.333333333333332,44,34,5260,6000,6000,50,220,220
2,False,21.0,22.0,43,32,5310,6000,6000,50,220,220
2,False,20.666666666666668,21.333333333333332,42,32,5360,6000,6000,50,220,220
2,False,20.0,21.0,41,31,5410,6000,6000,50,220,220
2,False,19.666666666666668,21.333333333333332,41,32,5460,6000,6000,50,220,220
2,False,18.666666666666668,20.333333333333332,39,31,5510,6000,6000,50,220,220
3,False,-5.333333333333333,5.333333333333333,0,0,4554,6000,6000,50,220,220
3,False,-5.333333333333333,5.333333333333333,0,0,4604,6000,6000,50,220,220
3,False,-5.333333333333333,5.333333333333333,0,0,4654,6000,6000,50,220,220
3,False,-5.333333333333333,5.333333333333333,0,1,4704,6000,6000,50,220,220
3,False,-5.333333333333333,5.333333333333333,0,1,4754,6000,6000,50,220,220
3,False,-5.333333333333333,5.333333333333333,0,2,4804,6000,6000,50,220,220
3,False,-5.333333333333333,5.333333333333333,0,1,4854,6000,6000,50,220,220
3,False,-5.333333333333333,5.333333333333333,0,2,4904,6000,6000,50,220,220
3,False,-5.333333333333333,5.333333333333333,0,3,4954,6000,6000,50,220,220
3,False,-5.333333333333333,5.333333333333333,0,3,5004,6000,6000,50,220,220
3,False,-5.666666666666667,5.666666666666667,0,3,5054,6000,6000,50,220,220
3,False,-5.666666666666667,5.666666666666667,0,3,5104,6000,6000,50,220,220
3,False,-5.666666666666667,5.666666666666667,0,4,5154,6000,6000,50,220,220
3,False,-5.666666666666667,5.666666666666667,0,5,5204,6000,6000,50,220,220
3,False,-5.666666666666667,5.666666666666667,0,5,5254,6000,6000,50,220,220
3,False,-5.666666666666667,5.666666666666667,0,5,5304,6000,6000,50,220,220
3,False,-5.666666666666667,5.666666666666667,0,6,5354,6000,6000,50,220,220
3,False,-5.333333333333333,5.333333333333333,0,6,5404,6000,6000,50,220,220
3,False,-5.666666666666667,5.666666666666667,0,6,5454,6000,6000,50,220,220
3,False,-5.666666666666667,5.666666666666667,0,7,5504,6000,6000,50,220,220
4,False,29.0,27.0,56,38,4538,6000,6000,50,220,220
4,False,28.666666666666668,26.333333333333332,55,37,4588,6000,6000,50,220,220
4,False,28.333333333333332,26.666666666666668,55,38,4638,6000,6000,50,220,220
4,False,27.666666666666668,26.333333333333332,54,37,4688,6000,6000,50,220,220
4,False,27.0,26.0,53,37,4738,6000,6000,50,220,220
4,False,26.333333333333332,25.666666666666668,52,36,4788,6000,6000,50,220,220
4,False,26.666666666666668,25.333333333333332,52,36,4838,6000,6000,50,220,220
4,False,25.333333333333332,24.666666666666668,50,36,4888,6000,6000,50,220,220
4,False,24.333333333333332,24.666666666666668,49,36,4938,6000,6000,50,220,220
4,False,24.333333333333332,24.666666666666668,49,35,4988,6000,6000,50,220,220
4,False,24.0,24.0,48,35,5038,6000,6000,50,220,220
4,False,22.666666666666668,23.333333333333332,46,34,5088,6000,6000,50,220,220
4,False,21.333333333333332,23.666666666666668,45,34,5138,6000,6000,50,220,220
4,False,22.333333333333332,22.666666666666668,45,34,5188,6000,6000,50,220,220
4,False,21.333333333333332,22.666666666666668,44,33,5238,6000,6000,50,220,220
4,False,20.666666666666668,22.333333333333332,43,33,5288,6000,6000,50,220,220
4,False,19.666666666666668,21.333333333333332,41,32,5338,6000,6000,50,220,220
4,False,19.333333333333332,21.666666666666668,41,32,5388,6000,6000,50,220,220
4,False,19.0,21.0,40,32,5438,6000,6000,50,220,220
4,False,17.666666666666668,20.333333333333332,38,31,5488,6000,6000,50,220,220
5,False,-6.0,6.0,0,0,4533,6000,6000,50,220,220
5,False,-6.333333333333333,6.333333333333333,0,0,4583,6000,6000,50,220,220
5,False,-6.333333333333333,6.333333333333333,0,0,4633,6000,6000,50,220,220
5,False,-6.333333333333333,6.333333333333333,0,0,4683,6000,6000,50,220,220
5,False,-6.333333333333333,6.333333333333333,0,0,4733,6000,6000,50,220,220
5,False,-6.333333333333333,6.333333333333333,0,0,4783,6000,6000,50,220,220
5,False,-6.333333333333333,6.333333333333333,0,0,4833,6000,6000,50,220,220
5,False,-6.333333333333333,6.333333333333333,0,0,4883,6000,6000,50,220,220
5,False,-6.333333333333333,6.333333333333333,0,0,4933,6000,6000,50,220,220
5,False,-6.333333333333333,6.333333333333333,0,0,4983,6000,6000,50,220,220
5,False,-6.333333333333333,6.333333333333333,0,0,5033,6000,6000,50,220,220
5,False,-7.333333333333333,7.333333333333333,0,1,5083,6000,6000,50,220,220
5,False,-6.333333333333333,6.333333333333333,0,0,5133,6000,6000,50,220,220
5,False,-6.333333333333333,6.333333333333333,0,1,5183,6000,6000,50,220,220
5,False,-6.333333333333333,6.333333333333333,0,2,5233,6000,6000,50,220,220
5,False,-6.666666666666667,6.666666666666667,0,2,5283,6000,6000,50,220,220
5,False,-6.666666666666667,6.666666666666667,0,2,5333,6000,6000,50,220,220
5,False,-6.333333333333333,6.333333333333333,0,3,5383,6000,6000,50,220,220
5,False,-6.666666666666667,6.666666666666667,0,3,5433,6000,6000,50,220,220
5,False,-6.666666666666667,6.666666666666667,0,3,5483,6000,6000,50,220,220
6,False,29.333333333333332,25.666666666666668,55,36,4527,6000,6000,50,220,220
6,False,29.333333333333332,25.666666666666668,55,36,4577,6000,6000,50,220,220
6,False,29.333333333333332,25.666666666666668,55,36,4627,6000,6000,50,220,220
6,False,28.666666666666668,25.333333333333332,54,36,4677,6000,6000,50,220,220
6,False,27.333333333333332,24.666666666666668,52,35,4727,6000,6000,50,220,220
6,False,27.333333333333332,24.666666666666668,52,35,4777,6000,6000,50,220,220
6,False,27.666666666666668,24.333333333333332,52,35,4827,6000,6000,50,220,220
6,False,26.666666666666668,24.333333333333332,51,35,4877,6000,6000,50,220,220
6,False,26.0,24.0,50,34,4927,6000,6000,50,220,220
6,False,26.0,24.0,50,34,4977,6000,6000,50,220,220
6,False,27.333333333333332,24.666666666666668,52,34,5027,6000,6000,50,220,220
6,False,24.333333333333332,22.666666666666668,47,33,5077,6000,6000,50,220,220
6,False,23.333333333333332,22.666666666666668,46,33,5127,6000,6000,50,220,220
6,False,23.666666666666668,22.333333333333332,46,33,5177,6000,6000,50,220,220
6,False,22.666666666666668,22.333333333333332,45,32,5227,6000,6000,50,220,220
6,False,22.333333333333332,21.666666666666668,44,32,5277,6000,6000,50,220,220
6,False,21.666666666666668,21.333333333333332,43,31,5327,6000,6000,50,220,220
6,False,21.666666666666668,21.333333333333332,43,32,5377,6000,6000,50,220,220
6,False,21.0,21.0,42,31,5427,6000,6000,50,220,220
6,False,20.0,20.0,40,31,5477,6000,6000,50,220,220
1,False,-5.666666666666667,5.666666666666667,0,1,4519,6000,6000,50,220,220
1,False,-6.0,6.0,0,2,4569,6000,6000,50,220,220
1,False,-5.666666666666667,5.666666666666667,0,2,4619,6000,6000,50,220,220
1,False,-6.0,6.0,0,2,4669,6000,6000,50,220,220
1,False,-6.0,6.0,0,2,4719,6000,6000,50,220,220
1,False,-6.0,6.0,0,3,4769,6000,6000,50,220,220
1,False,-6.0,6.0,0,3,4819,6000,6000,50,220,220
1,False,-5.666666666666667,5.666666666666667,0,4,4869,6000,6000,50,220,220
1,False,-6.0,6.0,0,4,4919,6000,6000,50,220,220
1,False,-6.333333333333333,6.333333333333333,0,4,4969,6000,6000,50,220,220
1,False,-6.0,6.0,0,5,5019,6000,6000,50,220,220
1,False,-6.0,6.0,0,5,5069,6000,6000,50,220,220
1,False,-6.0,6.0,0,6,5119,6000,6000,50,220,220
1,False,-6.0,6.0,0,6,5169,6000,6000,50,220,220
1,False,-6.0,6.0,0,6,5219,6000,6000,50,220,220
1,False,-6.0,6.0,0,6,5269,6000,6000,50,220,220
1,False,-6.0,6.0,0,7,5319,6000,6000,50,220,220
1,False,-6.0,6.0,0,7,5369,6000,6000,50,220,220
1,False,-6.0,6.0,0,8,5419,6000,6000,50,220,220
1,False,-6.0,6.0,0,8,5469,6000,6000,50,220,220
2,False,36.33333333333333,30.666666666666668,67,41,4514,6000,6000,50,220,220
2,False,35.66666666666667,30.333333333333332,66,41,4564,6000,6000,50,220,220
2,False,35.66666666666667,30.333333333333332,66,41,4614,6000,6000,50,220,220
2,False,35.33333333333333,30.666666666666668,66,41,4664,6000,6000,50,220,220
2,False,34.33333333333333,29.666666666666668,64,40,4714,6000,6000,50,220,220
2,False,33.66666666666667,29.333333333333332,63,40,4764,6000,6000,50,220,220
2,False,34.66666666666667,29.333333333333332,64,40,4814,6000,6000,50,220,220
2,False,33.66666666666667,29.333333333333332,63,40,4864,6000,6000,50,220,220
2,False,32.0,30.0,62,40,4914,6000,6000,50,220,220
2,False,32.33333333333333,28.666666666666668,61,39,4964,6000,6000,50,220,220
2,False,32.66666666666667,28.333333333333332,61,39,5014,6000,6000,50,220,220
2,False,32.0,28.0,60,38,5064,6000,6000,50,220,220
2,False,31.0,28.0,59,38,5114,6000,6000,50,220,220
2,False,30.666666666666668,27.333333333333332,58,38,5164,6000,6000,50,220,220
2,False,30.666666666666668,27.333333333333332,58,38,5214,6000,6000,50,220,220
2,False,30.0,27.0,57,38,5264,6000,6000,50,220,220
2,False,29.333333333333332,26.666666666666668,56,37,5314,6000,6000,50,220,220
2,False,28.333333333333332,26.666666666666668,55,37,5364,6000,6000,50,220,220
2,False,28.666666666666668,26.333333333333332,55,37,5414,6000,6000,50,220,220
2,False,28.333333333333332,25.666666666666668,54,36,5464,6000,6000,50,220,220
3,False,-5.666666666666667,5.666666666666667,0,3,4508,6000,6000,50,220,220
3,False,-5.666666666666667,5.666666666666667,0,4,4558,6000,6000,50,220,220
3,False,-5.666666666666667,5.666666666666667,0,4,4608,6000,6000,50,220,220
3,False,-5.666666666666667,5.666666666666667,0,4,4658,6000,6000,50,220,220
3,False,-5.666666666666667,5.666666666666667,0,4,4708,6000,6000,50,220,220
3,False,-5.666666666666667,5.666666666666667,0,4,4758,6000,6000,50,220,220
3,False,-5.666666666666667,5.666666666666667,0,5,4808,6000,6000,50,220,220
3,False,-5.666666666666667,5.666666666666667,0,6,4858,6000,6000,50,220,220
3,False,-5.666666666666667,5.666666666666667,0,6,4908,6000,6000,50,220,220
3,False,-5.666666666666667,5.666666666666667,0,6,4958,6000,6000,50,220,220
3,False,-5.666666666666667,5.666666666666667,0,6,5008,6000,6000,50,220,220
3,False,-5.666666666666667,5.666666666666667,0,7,5058,6000,6000,50,220,220
3,False,-5.666666666666667,5.666666666666667,0,7,5108,6000,6000,50,220,220
3,False,-5.666666666666667,5.666666666666667,0,8,5158,6000,6000,50,220,220
3,False,-6.0,6.0,0,8,5208,6000,6000,50,220,220
3,False,-5.666666666666667,5.666666666666667,0,9,5258,6000,6000,50,220,220
3,False,-5.666666666666667,5.666666666666667,0,9,5308,6000,6000,50,220,220
3,False,-5.666666666666667,5.666666666666667,0,9,5358,6000,6000,50,220,220
3,False,-5.666666666666667,5.666666666666667,0,10,5408,6000,6000,50,220,220
3,False,-5.666666666666667,5.666666666666667,0,10,5458,6000,6000,50,220,220
4,False,34.0,30.0,64,40,4451,6000,6000,50,220,220
4,False,32.66666666666667,29.333333333333332,62,40,4501,6000,6000,50,220,220
4,False,31.333333333333332,28.666666666666668,60,40,4551,6000,6000,50,220,220
4,False,31.666666666666668,28.333333333333332,60,39,4601,6000,6000,50,220,220
4,False,31.0,28.0,59,39,4651,6000,6000,50,220,220
4,False,30.0,28.0,58,39,4701,6000,6000,50,220,220
4,False,30.0,27.0,57,38,4751,6000,6000,50,220,220
4,False,28.333333333333332,28.666666666666668,57,38,4801,6000,6000,50,220,220
4,False,28.0,27.0,55,38,4851,6000,6000,50,220,220
4,False,27.666666666666668,26.333333333333332,54,37,4901,6000,6000,50,220,220
4,False,27.333333333333332,25.666666666666668,53,37,4951,6000,6000,50,220,220
4,False,26.666666666666668,25.333333333333332,52,36,5001,6000,6000,50,220,220
4,False,26.0,25.0,51,36,5051,6000,6000,50,220,220
4,False,25.333333333333332,24.666666666666668,50,36,5101,6000,6000,50,220,220
4,False,24.666666666666668,24.333333333333332,49,36,5151,6000,6000,50,220,220
4,False,24.0,24.0,48,35,5201,6000,6000,50,220,220
4,False,23.333333333333332,23.666666666666668,47,34,5251,6000,6000,50,220,220
4,False,22.0,23.0,45,34,5301,6000,6000,50,220,220
4,False,21.333333333333332,22.666666666666668,44,33,5351,6000,6000,50,220,220
4,False,21.0,22.0,43,33,5401,6000,6000,50,220,220
5,False,-6.333333333333333,6.333333333333333,0,0,4435,6000,6000,50,220,220
5,False,-6.333333333333333,6.333333333333333,0,0,4485,6000,6000,50,220,220
5,False,-6.333333333333333,6.333333333333333,0,0,4535,6000,6000,50,220,220
5,False,-6.333333333333333,6.333333333333333,0,0,4585,6000,6000,50,220,220
5,False,-6.333333333333333,6.333333333333333,0,1,4635,6000,6000,50,220,220
5,False,-6.333333333333333,6.333333333333333,0,1,4685,6000,6000,50,220,220
5,False,-7.333333333333333,7.333333333333333,0,2,4735,6000,6000,50,220,220
5,False,-6.333333333333333,6.333333333333333,0,2,4785,6000,6000,50,220,220
5,False,-6.333333333333333,6.333333333333333,0,1,4835,6000,6000,50,220,220
5,False,-6.333333333333333,6.333333333333333,0,2,4885,6000,6000,50,220,220
5,False,-6.333333333333333,6.333333333333333,0,2,4935,6000,6000,50,220,220
5,False,-6.333333333333333,6.333333333333333,0,2,4985,6000,6000,50,220,220
5,False,-6.333333333333333,6.333333333333333,0,3,5035,6000,6000,50,220,220
5,False,-6.333333333333333,6.333333333333333,0,3,5085,6000,6000,50,220,220
5,False,-6.333333333333333,6.333333333333333,0,3,5135,6000,6000,50,220,220
5,False,-6.666666666666667,6.666666666666667,0,4,5185,6000,6000,50,220,220
5,False,-6.666666666666667,6.666666666666667,0,4,5235,6000,6000,50,220,220
5,False,-6.333333333333333,6.333333333333333,0,3,5285,6000,6000,50,220,220
5,False,-6.333333333333333,6.333333333333333,0,4,5335,6000,6000,50,220,220
5,False,-6.333333333333333,6.333333333333333,0,4,5385,6000,6000,50,220,220
6,False,39.66666666666667,31.333333333333332,71,42,4429,6000,6000,50,220,220
6,False,39.0,31.0,70,42,4479,6000,6000,50,220,220
6,False,38.33333333333333,30.666666666666668,69,41,4529,6000,6000,50,220,220
6,False,37.66666666666667,30.333333333333332,68,41,4579,6000,6000,50,220,220
6,False,37.0,30.0,67,40,4629,6000,6000,50,220,220
6,False,38.33333333333333,30.666666666666668,69,40,4679,6000,6000,50,220,220
6,False,35.66666666666667,29.333333333333332,65,39,4729,6000,6000,50,220,220
6,False,35.0,29.0,64,39,4779,6000,6000,50,220,220
6,False,34.33333333333333,28.666666666666668,63,38,4829,6000,6000,50,220,220
6,False,33.66666666666667,28.333333333333332,62,38,4879,6000,6000,50,220,220
6,False,32.33333333333333,27.666666666666668,60,38,4929,6000,6000,50,220,220
6,False,32.0,27.0,59,37,4979,6000,6000,50,220,220
6,False,31.333333333333332,26.666666666666668,58,37,5029,6000,6000,50,220,220
6,False,30.666666666666668,26.333333333333332,57,36,5079,6000,6000,50,220,220
6,False,29.333333333333332,25.666666666666668,55,36,5129,6000,6000,50,220,220
6,False,28.666666666666668,25.333333333333332,54,36,5179,6000,6000,50,220,220
6,False,28.0,25.0,53,35,5229,6000,6000,50,220,220
6,False,27.333333333333332,24.666666666666668,52,35,5279,6000,6000,50,220,220
6,False,26.0,24.0,50,34,5329,6000,6000,50,220,220
6,False,25.333333333333332,23.666666666666668,49,34,5379,6000,6000,50,220,220
1,False,3.0,12.0,15,22,6429,6000,6000,50,220,220
1,False,2.333333333333334,10.666666666666666,13,21,6479,6000,6000,50,220,220
1,False,1.333333333333334,10.666666666666666,12,21,6529,6000,6000,50,220,220
1,False,1.0,10.0,11,21,6579,6000,6000,50,220,220
1,False,0.6666666666666661,9.333333333333334,10,20,6629,6000,6000,50,220,220
1,False,-1.333333333333334,9.333333333333334,8,20,6679,6000,6000,50,220,220
1,False,-2.666666666666666,9.666666666666666,7,20,6729,6000,6000,50,220,220
1,False,-2.333333333333334,8.333333333333334,6,19,6779,6000,6000,50,220,220
1,False,-3.666666666666667,7.666666666666667,4,19,6829,6000,6000,50,220,220
1,False,-5.0,7.0,2,18,6879,6000,6000,50,220,220
1,False,-5.0,7.0,2,17,6929,6000,6000,50,220,220
1,False,-5.666666666666667,6.666666666666667,1,17,6979,6000,6000,50,220,220
1,False,-6.333333333333333,6.333333333333333,0,16,7029,6000,6000,50,220,220
1,False,-6.333333333333333,6.333333333333333,0,15,7079,6000,6000,50,220,220
1,False,-6.0,6.0,0,16,7129,6000,6000,50,220,220
1,False,-6.0,6.0,0,15,7179,6000,6000,50,220,220
1,False,-6.0,6.0,0,14,7229,6000,6000,50,220,220
1,False,-6.0,6.0,0,13,7279,6000,6000,50,220,220
1,False,-6.0,6.0,0,13,7329,6000,6000,50,220,220
1,False,-5.666666666666667,5.666666666666667,0,13,7379,6000,6000,50,220,220
1,False,-5.666666666666667,5.666666666666667,0,12,7429,6000,6000,50,220,220
1,False,-5.666666666666667,5.666666666666667,0,11,7479,6000,6000,50,220,220
1,False,-5.666666666666667,5.666666666666667,0,11,7529,6000,6000,50,220,220
1,False,-5.666666666666667,5.666666666666667,0,11,7579,6000,6000,50,220,220
1,False,-5.666666666666667,5.666666666666667,0,10,7629,6000,6000,50,220,220
1,False,-6.666666666666667,6.666666666666667,0,10,7679,6000,6000,50,220,220
1,False,-5.666666666666667,5.666666666666667,0,9,7729,6000,6000,50,220,220
1,False,-5.666666666666667,5.666666666666667,0,9,7779,6000,6000,50,220,220
1,False,-5.666666666666667,5.666666666666667,0,8,7829,6000,6000,50,220,220
1,False,-5.666666666666667,5.666666666666667,0,8,7879,6000,6000,50,220,220
1,False,-5.666666666666667,5.666666666666667,0,8,7929,6000,6000,50,220,220
1,False,-5.333333333333333,5.333333333333333,0,7,7979,6000,6000,50,220,220
1,False,-5.666666666666667,5.666666666666667,0,6,8029,6000,6000,50,220,220
1,False,-5.666666666666667,5.666666666666667,0,7,8079,6000,6000,50,220,220
1,False,-5.333333333333333,5.333333333333333,0,6,8129,6000,6000,50,220,220
1,False,-5.666666666666667,5.666666666666667,0,6,8179,6000,6000,50,220,220
1,False,-5.333333333333333,5.333333333333333,0,5,8229,6000,6000,50,220,220
1,False,-5.333333333333333,5.333333333333333,0,5,8279,6000,6000,50,220,220
1,False,-5.333333333333333,5.333333333333333,0,5,8329,6000,6000,50,220,220
1,False,-5.333333333333333,5.333333333333333,0,4,8379,6000,6000,50,220,220
1,False,-5.333333333333333,5.333333333333333,0,4,8429,6000,6000,50,220,220
1,False,-5.666666666666667,5.666666666666667,0,4,8479,6000,6000,50,220,220
1,False,-5.333333333333333,5.333333333333333,0,3,8529,6000,6000,50,220,220
1,False,-5.333333333333333,5.333333333333333,0,3,8579,6000,6000,50,220,220
1,False,-5.333333333333333,5.333333333333333,0,3,8629,6000,6000,50,220,220
1,False,-6.0,6.0,0,3,8679,6000,6000,50,220,220
1,False,-5.666666666666667,5.666666666666667,0,2,8729,6000,6000,50,220,220
1,False,-5.333333333333333,5.333333333333333,0,2,8779,6000,6000,50,220,220
1,False,-5.333333333333333,5.333333333333333,0,2,8829,6000,6000,50,220,220
1,False,-5.333333333333333,5.333333333333333,0,2,8879,6000,6000,50,220,220
1,False,-5.333333333333333,5.333333333333333,0,1,8929,6000,6000,50,220,220
1,False,-5.333333333333333,5.333333333333333,0,1,8979,6000,6000,50,220,220
1,False,-5.333333333333333,5.333333333333333,0,1,9029,6000,6000,50,220,220
1,False,-5.333333333333333,5.333333333333333,0,1,9079,6000,6000,50,220,220
1,False,-5.333333333333333,5.333333333333333,0,1,9129,6000,6000,50,220,220
1,False,-5.666666666666667,5.666666666666667,0,1,9179,6000,6000,50,220,220
1,False,-5.666666666666667,5.666666666666667,0,1,9229,6000,6000,50,220,220
1,False,-5.666666666666667,5.666666666666667,0,1,9279,6000,6000,50,220,220
1,False,-5.333333333333333,5.333333333333333,0,1,9329,6000,6000,50,220,220
1,False,-5.666666666666667,5.666666666666667,0,0,9379,6000,6000,50,220,220
1,False,-5.666666666666667,5.666666666666667,0,1,9429,6000,6000,50,220,220
1,False,-5.666666666666667,5.666666666666667,0,0,9479,6000,6000,50,220,220
1,False,-5.666666666666667,5.666666666666667,0,0,9529,6000,6000,50,220,220
1,False,-5.666666666666667,5.666666666666667,0,0,9579,6000,6000,50,220,220
1,False,-5.666666666666667,5.666666666666667,0,0,9629,6000,6000,50,220,220
1,False,-6.0,6.0,0,1,9679,6000,6000,50,220,220
1,False,-5.666666666666667,5.666666666666667,0,0,9729,6000,6000,50,220,220
1,False,-5.666666666666667,5.666666666666667,0,1,9779,6000,6000,50,220,220
1,False,-5.666666666666667,5.666666666666667,0,1,9829,6000,6000,50,220,220
1,False,-5.666666666666667,5.666666666666667,0,1,9879,6000,6000,50,220,220
1,False,-5.666666666666667,5.666666666666667,0,0,9929,6000,6000,50,220,220
1,False,-5.666666666666667,5.666666666666667,0,1,9979,6000,6000,50,220,220
1,False,-5.666666666666667,5.666666666666667,0,1,10029,6000,6000,50,220,220
1,False,-5.666666666666667,5.666666666666667,0,1,10079,6000,6000,50,220,220
1,False,-5.666666666666667,5.666666666666667,0,1,10129,6000,6000,50,220,220
1,False,-5.666666666666667,5.666666666666667,0,2,10179,6000,6000,50,220,220
1,False,-5.666666666666667,5.666666666666667,0,2,10229,6000,6000,50,220,220
1,False,-5.666666666666667,5.666666666666667,0,1,10279,6000,6000,50,220,220
1,False,-5.666666666666667,5.666666666666667,0,2,10329,6000,6000,50,220,220
1,False,-5.666666666666667,5.666666666666667,0,2,10379,6000,6000,50,220,220
1,False,-5.666666666666667,5.666666666666667,0,2,10429,6000,6000,50,220,220
1,False,-5.666666666666667,5.666666666666667,0,2,10479,6000,6000,50,220,220
1,False,-5.666666666666667,5.666666666666667,0,2,10529,6000,6000,50,220,220
1,False,-5.666666666666667,5.666666666666667,0,3,10579,6000,6000,50,220,220
1,False,-5.666666666666667,5.666666666666667,0,3,10629,6000,6000,50,220,220
1,False,-5.666666666666667,5.666666666666667,0,3,10679,6000,6000,50,220,220
1,False,-5.666666666666667,5.666666666666667,0,4,10729,6000,6000,50,220,220
1,False,-5.666666666666667,5.666666666666667,0,4,10779,6000,6000,50,220,220
1,False,-6.0,6.0,0,4,10829,6000,6000,50,220,220
1,False,-6.0,6.0,0,4,10879,6000,6000,50,220,220
1,False,-6.0,6.0,0,4,10929,6000,6000,50,220,220
1,False,-6.0,6.0,0,5,10979,6000,6000,50,220,220
1,False,-6.0,6.0,0,5,11029,6000,6000,50,220,220
1,False,-6.0,6.0,0,5,11079,6000,6000,50,220,220
1,False,-6.0,6.0,0,5,11129,6000,6000,50,220,220
1,False,-6.0,6.0,0,6,11179,6000,6000,50,220,220
1,False,-6.0,6.0,0,6,11229,6000,6000,50,220,220
1,False,-6.0,6.0,0,7,11279,6000,6000,50,220,220
1,False,-6.0,6.0,0,7,11329,6000,6000,50,220,220
1,False,-6.0,6.0,0,7,11379,6000,6000,50,220,220
1,False,-6.0,6.0,0,7,11429,6000,6000,50,220,220
1,False,-6.0,6.0,0,8,11479,6000,6000,50,220,220
1,False,-6.0,6.0,0,9,11529,6000,6000,50,220,220
1,False,-6.0,6.0,0,8,11579,6000,6000,50,220,220
1,False,-6.0,6.0,0,9,11629,6000,6000,50,220,220
1,False,-6.666666666666667,6.666666666666667,0,10,11679,6000,6000,50,220,220
1,False,-6.0,6.0,0,10,11729,6000,6000,50,220,220
1,False,-6.0,6.0,0,10,11779,6000,6000,50,220,220
1,False,-6.0,6.0,0,10,11829,6000,6000,50,220,220
1,False,-6.0,6.0,0,11,11879,6000,6000,50,220,220
1,False,-6.333333333333333,6.333333333333333,0,11,11929,6000,6000,50,220,220
1,False,-6.0,6.0,0,11,11979,6000,6000,50,220,220
2,True,-1.0,11.0,10,21,61,6000,6000,50,220,220
2,True,-4.0,8.0,4,19,111,6000,6000,50,220,220
2,True,-6.0,7.0,1,17,161,6000,6000,50,220,220
2,True,-5.666666666666667,6.666666666666667,1,17,211,6000,6000,50,220,220
2,True,-5.333333333333333,6.333333333333333,1,17,261,6000,6000,50,220,220
2,True,-5.666666666666667,6.666666666666667,1,17,311,6000,6000,50,220,220
2,True,-6.333333333333333,6.333333333333333,0,18,361,6000,6000,50,220,220
2,True,-5.333333333333333,7.333333333333333,2,18,411,6000,6000,50,220,220
2,True,-3.666666666666667,7.666666666666667,4,19,461,6000,6000,50,220,220
2,True,-3.666666666666667,7.666666666666667,4,18,511,6000,6000,50,220,220
2,True,-3.666666666666667,7.666666666666667,4,19,561,6000,6000,50,220,220
2,True,-2.0,9.0,7,19,611,6000,6000,50,220,220
2,True,-1.333333333333334,9.333333333333334,8,20,661,6000,6000,50,220,220
2,True,-1.666666666666666,10.666666666666666,9,20,711,6000,6000,50,220,220
2,True,0.0,10.0,10,21,761,6000,6000,50,220,220
2,True,1.333333333333334,10.666666666666666,12,22,811,811,811,50,220,220
2,True,2.666666666666666,11.333333333333334,14,22,861,811,811,50,220,220
2,True,2.666666666666666,11.333333333333334,14,22,911,811,811,50,220,220
2,True,3.666666666666666,12.333333333333334,16,23,961,811,811,50,220,220
2,True,5.666666666666666,13.333333333333334,19,24,1011,811,811,50,220,220
2,True,5.666666666666666,13.333333333333334,19,24,1061,811,811,50,220,220
2,True,6.333333333333334,13.666666666666666,20,24,1111,811,811,50,220,220
2,True,7.666666666666666,14.333333333333334,22,25,1161,811,811,50,220,220
2,True,8.666666666666666,15.333333333333334,24,26,1211,811,811,50,220,220
2,True,9.666666666666666,15.333333333333334,25,27,1261,811,811,50,220,220
2,True,10.333333333333334,15.666666666666666,26,26,1311,811,811,50,220,220
2,True,10.666666666666668,16.333333333333332,27,27,1361,811,811,50,220,220
2,True,12.666666666666668,17.333333333333332,30,28,1411,811,811,50,220,220
2,True,13.0,18.0,31,28,1461,811,811,50,220,220
2,True,13.333333333333332,17.666666666666668,31,29,1511,811,811,50,220,220
2,True,15.0,19.0,34,29,1561,811,811,50,220,220
2,True,15.666666666666668,19.333333333333332,35,30,1611,811,811,50,220,220
3,True,-2.0,2.0,0,0,69,811,811,50,220,220
3,True,0.6666666666666661,9.333333333333334,10,20,119,811,811,50,220,220
3,True,3.0,10.0,13,21,169,811,811,50,220,220
3,True,3.333333333333334,10.666666666666666,14,21,219,811,811,50,220,220
3,True,3.333333333333334,10.666666666666666,14,21,269,811,811,50,220,220
3,True,3.333333333333334,10.666666666666666,14,21,319,811,811,50,220,220
3,True,3.666666666666666,10.333333333333334,14,21,369,811,811,50,220,220
3,True,3.666666666666666,10.333333333333334,14,21,419,811,811,50,220,220
3,True,3.0,10.0,13,21,469,811,811,50,220,220
3,True,3.0,10.0,13,21,519,811,811,50,220,220
3,True,2.333333333333334,9.666666666666666,12,20,569,811,811,50,220,220
3,True,1.666666666666666,9.333333333333334,11,20,619,811,811,50,220,220
3,True,1.0,9.0,10,19,669,811,811,50,220,220
3,True,1.0,9.0,10,19,719,811,811,50,220,220
3,True,0.3333333333333339,8.666666666666666,9,19,769,811,811,50,220,220
3,True,0.0,8.0,8,19,819,811,811,50,220,220
3,True,-1.333333333333333,7.333333333333333,6,18,869,850,850,50,220,220
3,True,-2.0,7.0,5,18,919,850,850,50,220,220
3,True,-2.0,7.0,5,18,969,850,850,50,220,220
3,True,-1.333333333333333,7.333333333333333,6,18,1019,850,850,50,220,220
3,True,-4.0,6.0,2,16,1069,850,850,50,220,220
3,True,-4.666666666666667,5.666666666666667,1,16,1119,850,850,50,220,220
3,True,-5.333333333333333,5.333333333333333,0,16,1169,850,850,50,220,220
3,True,-5.333333333333333,5.333333333333333,0,15,1219,850,850,50,220,220
3,True,-5.0,5.0,0,15,1269,850,850,50,220,220
3,True,-5.0,5.0,0,14,1319,850,850,50,220,220
3,True,-5.0,5.0,0,14,1369,850,850,50,220,220
3,True,-5.0,5.0,0,13,1419,850,850,50,220,220
3,True,-5.0,5.0,0,13,1469,850,850,50,220,220
3,True,-5.0,5.0,0,12,1519,850,850,50,220,220
3,True,-4.666666666666667,4.666666666666667,0,11,1569,850,850,50,220,220
3,True,-5.0,5.0,0,10,1619,850,850,50,220,220
3,True,-5.0,5.0,0,10,1669,850,850,50,220,220
3,True,-4.666666666666667,4.666666666666667,0,9,1719,850,850,50,220,220
4,True,-6.0,6.0,0,12,79,850,850,50,220,220
4,True,-5.666666666666667,5.666666666666667,0,11,129,850,850,50,220,220
4,True,-6.0,6.0,0,12,179,850,850,50,220,220
4,True,-6.0,6.0,0,13,229,850,850,50,220,220
4,True,-6.333333333333333,6.333333333333333,0,13,279,850,850,50,220,220
4,True,-7.333333333333333,7.333333333333333,0,13,329,850,850,50,220,220
4,True,-6.0,6.0,0,14,379,850,850,50,220,220
4,True,-6.333333333333333,6.333333333333333,0,14,429,850,850,50,220,220
4,True,-6.333333333333333,6.333333333333333,0,14,479,850,850,50,220,220
4,True,-6.333333333333333,6.333333333333333,0,15,529,850,850,50,220,220
4,True,-6.333333333333333,6.333333333333333,0,16,579,850,850,50,220,220
4,True,-6.333333333333333,6.333333333333333,0,16,629,850,850,50,220,220
4,True,-6.333333333333333,6.333333333333333,0,16,679,850,850,50,220,220
4,True,-6.333333333333333,6.333333333333333,0,16,729,850,850,50,220,220
4,True,-6.0,7.0,1,18,779,850,850,50,220,220
4,True,-5.333333333333333,7.333333333333333,2,18,829,850,850,50,220,220
4,True,-5.0,7.0,2,18,879,850,850,50,220,220
4,True,-4.0,8.0,4,19,929,850,850,50,220,220
4,True,-2.666666666666666,8.666666666666666,6,20,979,850,850,50,220,220
4,True,-2.0,9.0,7,20,1029,850,850,50,220,220
4,True,-1.333333333333334,9.333333333333334,8,21,1079,850,850,50,220,220
4,True,-1.0,10.0,9,21,1129,850,850,50,220,220
